optimizer,method,iteration,energy,energy_global,is_stage_boundary
adam,standard,0,-4.081831523130387,-4.081831523130387,0
adam,standard,1,-4.148542678585881,-4.148542678585881,0
adam,standard,2,-4.216263508969598,-4.216263508969598,0
adam,standard,3,-4.283807067140063,-4.283807067140063,0
adam,standard,4,-4.350781766035301,-4.350781766035301,0
adam,standard,5,-4.417401372626331,-4.417401372626331,0
adam,standard,6,-4.483999128815619,-4.483999128815619,0
adam,standard,7,-4.550737369056282,-4.550737369056282,0
adam,standard,8,-4.617475400418307,-4.617475400418307,0
adam,standard,9,-4.683822809897666,-4.683822809897666,0
adam,standard,10,-4.749320023992261,-4.749320023992261,0
adam,standard,11,-4.813615602706152,-4.813615602706152,0
adam,standard,12,-4.876595562077032,-4.876595562077032,0
adam,standard,13,-4.938306027460283,-4.938306027460283,0
adam,standard,14,-4.998773693346807,-4.998773693346807,0
adam,standard,15,-5.057939347560938,-5.057939347560938,0
adam,standard,16,-5.115605369714052,-5.115605369714052,0
adam,standard,17,-5.171399599224742,-5.171399599224742,0
adam,standard,18,-5.2248679175412915,-5.2248679175412915,0
adam,standard,19,-5.275666561668106,-5.275666561668106,0
adam,standard,20,-5.323703933886275,-5.323703933886275,0
adam,standard,21,-5.369137990188494,-5.369137990188494,0
adam,standard,22,-5.412291019745207,-5.412291019745207,0
adam,standard,23,-5.453528615610109,-5.453528615610109,0
adam,standard,24,-5.493114809326107,-5.493114809326107,0
adam,standard,25,-5.531129158513365,-5.531129158513365,0
adam,standard,26,-5.5675106653227635,-5.5675106653227635,0
adam,standard,27,-5.602176223715876,-5.602176223715876,0
adam,standard,28,-5.635127436445582,-5.635127436445582,0
adam,standard,29,-5.666485542228396,-5.666485542228396,0
adam,standard,30,-5.696440610347677,-5.696440610347677,0
adam,standard,31,-5.725179599912299,-5.725179599912299,0
adam,standard,32,-5.752854246164897,-5.752854246164897,0
adam,standard,33,-5.77959569877945,-5.77959569877945,0
adam,standard,34,-5.805560043960359,-5.805560043960359,0
adam,standard,35,-5.830972267569334,-5.830972267569334,0
adam,standard,36,-5.856139399315653,-5.856139399315653,0
adam,standard,37,-5.881425233421211,-5.881425233421211,0
adam,standard,38,-5.907199423410585,-5.907199423410585,0
adam,standard,39,-5.93379165677013,-5.93379165677013,0
adam,standard,40,-5.961478095119699,-5.961478095119699,0
adam,standard,41,-5.990493274278468,-5.990493274278468,0
adam,standard,42,-6.021035198933744,-6.021035198933744,0
adam,standard,43,-6.053245352039454,-6.053245352039454,0
adam,standard,44,-6.087177882977133,-6.087177882977133,0
adam,standard,45,-6.122780544200693,-6.122780544200693,0
adam,standard,46,-6.159883438661337,-6.159883438661337,0
adam,standard,47,-6.198172243219116,-6.198172243219116,0
adam,standard,48,-6.237150445930242,-6.237150445930242,0
adam,standard,49,-6.276136763447773,-6.276136763447773,0
adam,standard,50,-6.314335851618456,-6.314335851618456,0
adam,standard,51,-6.35097354357924,-6.35097354357924,0
adam,standard,52,-6.385455929146213,-6.385455929146213,0
adam,standard,53,-6.417484961825718,-6.417484961825718,0
adam,standard,54,-6.447069577996119,-6.447069577996119,0
adam,standard,55,-6.474483639781365,-6.474483639781365,0
adam,standard,56,-6.500258287173107,-6.500258287173107,0
adam,standard,57,-6.525152634527968,-6.525152634527968,0
adam,standard,58,-6.549984704722064,-6.549984704722064,0
adam,standard,59,-6.575362693983973,-6.575362693983973,0
adam,standard,60,-6.6015129694979215,-6.6015129694979215,0
adam,standard,61,-6.628300834636824,-6.628300834636824,0
adam,standard,62,-6.65535959841533,-6.65535959841533,0
adam,standard,63,-6.682220788411121,-6.682220788411121,0
adam,standard,64,-6.708405879859222,-6.708405879859222,0
adam,standard,65,-6.733507106068591,-6.733507106068591,0
adam,standard,66,-6.757261330374853,-6.757261330374853,0
adam,standard,67,-6.779566451284865,-6.779566451284865,0
adam,standard,68,-6.800442820727337,-6.800442820727337,0
adam,standard,69,-6.819994884727889,-6.819994884727889,0
adam,standard,70,-6.838386831580343,-6.838386831580343,0
adam,standard,71,-6.855798659333946,-6.855798659333946,0
adam,standard,72,-6.8723434091308135,-6.8723434091308135,0
adam,standard,73,-6.887983984519368,-6.887983984519368,0
adam,standard,74,-6.902519865021561,-6.902519865021561,0
adam,standard,75,-6.915672476910634,-6.915672476910634,0
adam,standard,76,-6.92722080683558,-6.92722080683558,0
adam,standard,77,-6.937103331756167,-6.937103331756167,0
adam,standard,78,-6.945435305477483,-6.945435305477483,0
adam,standard,79,-6.952453258929089,-6.952453258929089,0
adam,standard,80,-6.958440798795543,-6.958440798795543,0
adam,standard,81,-6.963678277990345,-6.963678277990345,0
adam,standard,82,-6.968417795533017,-6.968417795533017,0
adam,standard,83,-6.972872639911098,-6.972872639911098,0
adam,standard,84,-6.9772219682136996,-6.9772219682136996,0
adam,standard,85,-6.981627087870027,-6.981627087870027,0
adam,standard,86,-6.986241616817525,-6.986241616817525,0
adam,standard,87,-6.9912038371293725,-6.9912038371293725,0
adam,standard,88,-6.996623126207987,-6.996623126207987,0
adam,standard,89,-7.002578186141686,-7.002578186141686,0
adam,standard,90,-7.009122436055716,-7.009122436055716,0
adam,standard,91,-7.016279534823995,-7.016279534823995,0
adam,standard,92,-7.024031968927834,-7.024031968927834,0
adam,standard,93,-7.032323670143864,-7.032323670143864,0
adam,standard,94,-7.041081101783964,-7.041081101783964,0
adam,standard,95,-7.050231759644045,-7.050231759644045,0
adam,standard,96,-7.059705066670252,-7.059705066670252,0
adam,standard,97,-7.069427577134074,-7.069427577134074,0
adam,standard,98,-7.079330145938177,-7.079330145938177,0
adam,standard,99,-7.089363643097215,-7.089363643097215,0
adam,standard,100,-7.099507522466279,-7.099507522466279,0
adam,standard,101,-7.109767565152071,-7.109767565152071,0
adam,standard,102,-7.120170983278197,-7.120170983278197,0
adam,standard,103,-7.130761446801227,-7.130761446801227,0
adam,standard,104,-7.1415880802595275,-7.1415880802595275,0
adam,standard,105,-7.152685730356983,-7.152685730356983,0
adam,standard,106,-7.164051376609348,-7.164051376609348,0
adam,standard,107,-7.1756234566054315,-7.1756234566054315,0
adam,standard,108,-7.1872709794350635,-7.1872709794350635,0
adam,standard,109,-7.1988030739915585,-7.1988030739915585,0
adam,standard,110,-7.210011212277313,-7.210011212277313,0
adam,standard,111,-7.2207434796385535,-7.2207434796385535,0
adam,standard,112,-7.230979099836421,-7.230979099836421,0
adam,standard,113,-7.240846203562107,-7.240846203562107,0
adam,standard,114,-7.250551169562947,-7.250551169562947,0
adam,standard,115,-7.260258442237302,-7.260258442237302,0
adam,standard,116,-7.2700007119321155,-7.2700007119321155,0
adam,standard,117,-7.279673001286962,-7.279673001286962,0
adam,standard,118,-7.289104583673403,-7.289104583673403,0
adam,standard,119,-7.298152055822685,-7.298152055822685,0
adam,standard,120,-7.306743939792877,-7.306743939792877,0
adam,standard,121,-7.314849333867756,-7.314849333867756,0
adam,standard,122,-7.322417240812736,-7.322417240812736,0
adam,standard,123,-7.329359237359791,-7.329359237359791,0
adam,standard,124,-7.33559172901832,-7.33559172901832,0
adam,standard,125,-7.341093370835226,-7.341093370835226,0
adam,standard,126,-7.345926956539407,-7.345926956539407,0
adam,standard,127,-7.350206894337952,-7.350206894337952,0
adam,standard,128,-7.354037711044719,-7.354037711044719,0
adam,standard,129,-7.357473598364832,-7.357473598364832,0
adam,standard,130,-7.360524319918627,-7.360524319918627,0
adam,standard,131,-7.363186213114483,-7.363186213114483,0
adam,standard,132,-7.365464563836728,-7.365464563836728,0
adam,standard,133,-7.367377459143706,-7.367377459143706,0
adam,standard,134,-7.368951388378,-7.368951388378,0
adam,standard,135,-7.370218523609214,-7.370218523609214,0
adam,standard,136,-7.371217276423407,-7.371217276423407,0
adam,standard,137,-7.371992564296513,-7.371992564296513,0
adam,standard,138,-7.372593526987123,-7.372593526987123,0
adam,standard,139,-7.373070392376836,-7.373070392376836,0
adam,standard,140,-7.373471480775675,-7.373471480775675,0
adam,standard,141,-7.373838290000321,-7.373838290000321,0
adam,standard,142,-7.374198084465949,-7.374198084465949,0
adam,standard,143,-7.374558227786293,-7.374558227786293,0
adam,standard,144,-7.374908311816313,-7.374908311816313,0
adam,standard,145,-7.375231288001598,-7.375231288001598,0
adam,standard,146,-7.375516769055652,-7.375516769055652,0
adam,standard,147,-7.37576705225238,-7.37576705225238,0
adam,standard,148,-7.375993046729158,-7.375993046729158,0
adam,standard,149,-7.37620619297701,-7.37620619297701,0
adam,standard,150,-7.3764141170151545,-7.3764141170151545,0
adam,standard,151,-7.376621882174996,-7.376621882174996,0
adam,standard,152,-7.376834770004672,-7.376834770004672,0
adam,standard,153,-7.377058022285017,-7.377058022285017,0
adam,standard,154,-7.377293251228457,-7.377293251228457,0
adam,standard,155,-7.377535450338184,-7.377535450338184,0
adam,standard,156,-7.377774174332151,-7.377774174332151,0
adam,standard,157,-7.377998211409247,-7.377998211409247,0
adam,standard,158,-7.378200054353007,-7.378200054353007,0
adam,standard,159,-7.378377467039667,-7.378377467039667,0
adam,standard,160,-7.378532296209495,-7.378532296209495,0
adam,standard,161,-7.378668287452318,-7.378668287452318,0
adam,standard,162,-7.378789340913528,-7.378789340913528,0
adam,standard,163,-7.3788985699623595,-7.3788985699623595,0
adam,standard,164,-7.378997912418952,-7.378997912418952,0
adam,standard,165,-7.379088126029617,-7.379088126029617,0
adam,standard,166,-7.379169164951245,-7.379169164951245,0
adam,standard,167,-7.379240752525542,-7.379240752525542,0
adam,standard,168,-7.379302778441563,-7.379302778441563,0
adam,standard,169,-7.379355408379841,-7.379355408379841,0
adam,standard,170,-7.379399212091527,-7.379399212091527,0
adam,standard,171,-7.379435517240844,-7.379435517240844,0
adam,standard,172,-7.379466659854695,-7.379466659854695,0
adam,standard,173,-7.3794956404403695,-7.3794956404403695,0
adam,standard,174,-7.3795252139853815,-7.3795252139853815,0
adam,standard,175,-7.379557026866451,-7.379557026866451,0
adam,standard,176,-7.379591421488533,-7.379591421488533,0
adam,standard,177,-7.379627954101291,-7.379627954101291,0
adam,standard,178,-7.379666068619703,-7.379666068619703,0
adam,standard,179,-7.379705363017395,-7.379705363017395,0
adam,standard,180,-7.379745453005729,-7.379745453005729,0
adam,standard,181,-7.3797858663094855,-7.3797858663094855,0
adam,standard,182,-7.379826224216235,-7.379826224216235,0
adam,standard,183,-7.379866525366926,-7.379866525366926,0
adam,standard,184,-7.37990719565262,-7.37990719565262,0
adam,standard,185,-7.379948814627547,-7.379948814627547,0
adam,standard,186,-7.3799917537840365,-7.3799917537840365,0
adam,standard,187,-7.380036020281101,-7.380036020281101,0
adam,standard,188,-7.380081367454464,-7.380081367454464,0
adam,standard,189,-7.38012750078949,-7.38012750078949,0
adam,standard,190,-7.38017420756546,-7.38017420756546,0
adam,standard,191,-7.380221389153679,-7.380221389153679,0
adam,standard,192,-7.380269062775819,-7.380269062775819,0
adam,standard,193,-7.380317365397233,-7.380317365397233,0
adam,standard,194,-7.380366540447144,-7.380366540447144,0
adam,standard,195,-7.3804168931466725,-7.3804168931466725,0
adam,standard,196,-7.380468733083865,-7.380468733083865,0
adam,standard,197,-7.380522331592643,-7.380522331592643,0
adam,standard,198,-7.380577900479986,-7.380577900479986,0
adam,standard,199,-7.380635581799293,-7.380635581799293,0
adam,standard,200,-7.380695451570364,-7.380695451570364,0
adam,standard,201,-7.380757554997841,-7.380757554997841,0
adam,standard,202,-7.3808219663963754,-7.3808219663963754,0
adam,standard,203,-7.38088883176548,-7.38088883176548,0
adam,standard,204,-7.380958361479319,-7.380958361479319,0
adam,standard,205,-7.38103078674789,-7.38103078674789,0
adam,standard,206,-7.381106322218213,-7.381106322218213,0
adam,standard,207,-7.381185161350432,-7.381185161350432,0
adam,standard,208,-7.381267492850041,-7.381267492850041,0
adam,standard,209,-7.38135350979318,-7.38135350979318,0
adam,standard,210,-7.381443404160391,-7.381443404160391,0
adam,standard,211,-7.381537364899445,-7.381537364899445,0
adam,standard,212,-7.381635593380025,-7.381635593380025,0
adam,standard,213,-7.381738327197266,-7.381738327197266,0
adam,standard,214,-7.381845853107134,-7.381845853107134,0
adam,standard,215,-7.3819585014491516,-7.3819585014491516,0
adam,standard,216,-7.382076631379993,-7.382076631379993,0
adam,standard,217,-7.382200620839286,-7.382200620839286,0
adam,standard,218,-7.382330866244534,-7.382330866244534,0
adam,standard,219,-7.382467787297285,-7.382467787297285,0
adam,standard,220,-7.382611831723864,-7.382611831723864,0
adam,standard,221,-7.382763479271477,-7.382763479271477,0
adam,standard,222,-7.382923245567863,-7.382923245567863,0
adam,standard,223,-7.383091685006296,-7.383091685006296,0
adam,standard,224,-7.383269392132213,-7.383269392132213,0
adam,standard,225,-7.383457002050293,-7.383457002050293,0
adam,standard,226,-7.383655189772328,-7.383655189772328,0
adam,standard,227,-7.383864667598751,-7.383864667598751,0
adam,standard,228,-7.384086180400325,-7.384086180400325,0
adam,standard,229,-7.384320500594376,-7.384320500594376,0
adam,standard,230,-7.384568425244786,-7.384568425244786,0
adam,standard,231,-7.384830775014943,-7.384830775014943,0
adam,standard,232,-7.385108391259229,-7.385108391259229,0
adam,standard,233,-7.385402127891537,-7.385402127891537,0
adam,standard,234,-7.385712838151916,-7.385712838151916,0
adam,standard,235,-7.3860413583867714,-7.3860413583867714,0
adam,standard,236,-7.386388489609772,-7.386388489609772,0
adam,standard,237,-7.386754975243147,-7.386754975243147,0
adam,standard,238,-7.387141473110938,-7.387141473110938,0
adam,standard,239,-7.387548521687965,-7.387548521687965,0
adam,standard,240,-7.387976502135368,-7.387976502135368,0
adam,standard,241,-7.388425597006065,-7.388425597006065,0
adam,standard,242,-7.388895745180116,-7.388895745180116,0
adam,standard,243,-7.38938659281098,-7.38938659281098,0
adam,standard,244,-7.389897441734492,-7.389897441734492,0
adam,standard,245,-7.3904271983047565,-7.3904271983047565,0
adam,standard,246,-7.390974326259103,-7.390974326259103,0
adam,standard,247,-7.3915368075392465,-7.3915368075392465,0
adam,standard,248,-7.3921121156158245,-7.3921121156158245,0
adam,standard,249,-7.392697206602882,-7.392697206602882,0
adam,standard,250,-7.393288533662867,-7.393288533662867,0
adam,standard,251,-7.3938820897269935,-7.3938820897269935,0
adam,standard,252,-7.394473482703547,-7.394473482703547,0
adam,standard,253,-7.3950580459224655,-7.3950580459224655,0
adam,standard,254,-7.395630984001271,-7.395630984001271,0
adam,standard,255,-7.396187550643714,-7.396187550643714,0
adam,standard,256,-7.3967232506947305,-7.3967232506947305,0
adam,standard,257,-7.397234054642652,-7.397234054642652,0
adam,standard,258,-7.397716610016074,-7.397716610016074,0
adam,standard,259,-7.398168431118503,-7.398168431118503,0
adam,standard,260,-7.398588047063813,-7.398588047063813,0
adam,standard,261,-7.398975089136545,-7.398975089136545,0
adam,standard,262,-7.399330302521659,-7.399330302521659,0
adam,standard,263,-7.399655474035207,-7.399655474035207,0
adam,standard,264,-7.399953275962746,-7.399953275962746,0
adam,standard,265,-7.400227035726775,-7.400227035726775,0
adam,standard,266,-7.400480450756509,-7.400480450756509,0
adam,standard,267,-7.400717276047237,-7.400717276047237,0
adam,standard,268,-7.400941016767428,-7.400941016767428,0
adam,standard,269,-7.4011546587208725,-7.4011546587208725,0
adam,standard,270,-7.4013604652755145,-7.4013604652755145,0
adam,standard,271,-7.401559861138483,-7.401559861138483,0
adam,standard,272,-7.401753412300597,-7.401753412300597,0
adam,standard,273,-7.401940899251761,-7.401940899251761,0
adam,standard,274,-7.402121469083159,-7.402121469083159,0
adam,standard,275,-7.402293843077108,-7.402293843077108,0
adam,standard,276,-7.402456551051469,-7.402456551051469,0
adam,standard,277,-7.40260816260928,-7.40260816260928,0
adam,standard,278,-7.402747488403465,-7.402747488403465,0
adam,standard,279,-7.402873730835927,-7.402873730835927,0
adam,standard,280,-7.402986572076075,-7.402986572076075,0
adam,standard,281,-7.403086196471574,-7.403086196471574,0
adam,standard,282,-7.403173252956355,-7.403173252956355,0
adam,standard,283,-7.403248769855141,-7.403248769855141,0
adam,standard,284,-7.403314038800152,-7.403314038800152,0
adam,standard,285,-7.403370486001345,-7.403370486001345,0
adam,standard,286,-7.403419547983497,-7.403419547983497,0
adam,standard,287,-7.403462565664169,-7.403462565664169,0
adam,standard,288,-7.403500706091989,-7.403500706091989,0
adam,standard,289,-7.403534916151969,-7.403534916151969,0
adam,standard,290,-7.403565907826173,-7.403565907826173,0
adam,standard,291,-7.403594170773066,-7.403594170773066,0
adam,standard,292,-7.40362000543421,-7.40362000543421,0
adam,standard,293,-7.403643568699445,-7.403643568699445,0
adam,standard,294,-7.403664924236068,-7.403664924236068,0
adam,standard,295,-7.403684090620917,-7.403684090620917,0
adam,standard,296,-7.403701082062537,-7.403701082062537,0
adam,standard,297,-7.403715938425691,-7.403715938425691,0
adam,standard,298,-7.4037287431869645,-7.4037287431869645,0
adam,standard,299,-7.403739629640443,-7.403739629640443,0
adam,standard,300,-7.403748777008488,-7.403748777008488,0
adam,standard,301,-7.403756399024633,-7.403756399024633,0
adam,standard,302,-7.403762728025553,-7.403762728025553,0
adam,standard,303,-7.4037679976261845,-7.4037679976261845,0
adam,standard,304,-7.40377242671334,-7.40377242671334,0
adam,standard,305,-7.4037762068622754,-7.4037762068622754,0
adam,standard,306,-7.403779494467837,-7.403779494467837,0
adam,standard,307,-7.403782408004452,-7.403782408004452,0
adam,standard,308,-7.403785030010722,-7.403785030010722,0
adam,standard,309,-7.40378741274744,-7.40378741274744,0
adam,standard,310,-7.403789586086335,-7.403789586086335,0
adam,standard,311,-7.403791566077543,-7.403791566077543,0
adam,standard,312,-7.403793362800785,-7.403793362800785,0
adam,standard,313,-7.403794986464538,-7.403794986464538,0
adam,standard,314,-7.403796451194084,-7.403796451194084,0
adam,standard,315,-7.403797776443504,-7.403797776443504,0
adam,standard,316,-7.403798986385119,-7.403798986385119,0
adam,standard,317,-7.403800107907637,-7.403800107907637,0
adam,standard,318,-7.403801167966163,-7.403801167966163,0
adam,standard,319,-7.4038021909808425,-7.4038021909808425,0
adam,standard,320,-7.403803196816152,-7.403803196816152,0
adam,standard,321,-7.403804199643104,-7.403804199643104,0
adam,standard,322,-7.403805207750466,-7.403805207750466,0
adam,standard,323,-7.403806224175831,-7.403806224175831,0
adam,standard,324,-7.4038072479010175,-7.4038072479010175,0
adam,standard,325,-7.40380827530887,-7.40380827530887,0
adam,standard,326,-7.403809301619927,-7.403809301619927,0
adam,standard,327,-7.4038103220954605,-7.4038103220954605,0
adam,standard,328,-7.4038113328855815,-7.4038113328855815,0
adam,standard,329,-7.403812331488268,-7.403812331488268,0
adam,standard,330,-7.403813316856737,-7.403813316856737,0
adam,standard,331,-7.403814289236105,-7.403814289236105,0
adam,standard,332,-7.403815249829318,-7.403815249829318,0
adam,standard,333,-7.4038162003883095,-7.4038162003883095,0
adam,standard,334,-7.403817142811079,-7.403817142811079,0
adam,standard,335,-7.403818078800891,-7.403818078800891,0
adam,standard,336,-7.403819009621844,-7.403819009621844,0
adam,standard,337,-7.403819935964549,-7.403819935964549,0
adam,standard,338,-7.4038208579178715,-7.4038208579178715,0
adam,standard,339,-7.403821775032661,-7.403821775032661,0
adam,standard,340,-7.4038226864516306,-7.4038226864516306,0
adam,standard,341,-7.403823591077937,-7.403823591077937,0
adam,standard,342,-7.403824487751683,-7.403824487751683,0
adam,standard,343,-7.40382537540762,-7.40382537540762,0
adam,standard,344,-7.403826253192864,-7.403826253192864,0
adam,standard,345,-7.403827120533486,-7.403827120533486,0
adam,standard,346,-7.403827977147773,-7.403827977147773,0
adam,standard,347,-7.403828823013724,-7.403828823013724,0
adam,standard,348,-7.403829658305937,-7.403829658305937,0
adam,standard,349,-7.4038304833192,-7.4038304833192,0
adam,standard,350,-7.403831298396133,-7.403831298396133,0
adam,standard,351,-7.4038321038721,-7.4038321038721,0
adam,standard,352,-7.403832900043741,-7.403832900043741,0
adam,standard,353,-7.4038336871617645,-7.4038336871617645,0
adam,standard,354,-7.40383446544295,-7.40383446544295,0
adam,standard,355,-7.403835235092035,-7.403835235092035,0
adam,standard,356,-7.4038359963257525,-7.4038359963257525,0
adam,standard,357,-7.403836749389789,-7.403836749389789,0
adam,standard,358,-7.4038374945659555,-7.4038374945659555,0
adam,standard,359,-7.403838232167289,-7.403838232167289,0
adam,standard,360,-7.403838962524501,-7.403838962524501,0
adam,standard,361,-7.403839685967078,-7.403839685967078,0
adam,standard,362,-7.4038404028043745,-7.4038404028043745,0
adam,standard,363,-7.4038411133101985,-7.4038411133101985,0
adam,standard,364,-7.403841817714194,-7.403841817714194,0
adam,standard,365,-7.403842516200276,-7.403842516200276,0
adam,standard,366,-7.403843208911838,-7.403843208911838,0
adam,standard,367,-7.4038438959616615,-7.4038438959616615,0
adam,standard,368,-7.403844577444645,-7.403844577444645,0
adam,standard,369,-7.403845253450547,-7.403845253450547,0
adam,standard,370,-7.4038459240754495,-7.4038459240754495,0
adam,standard,371,-7.403846589430078,-7.403846589430078,0
adam,standard,372,-7.403847249644636,-7.403847249644636,0
adam,standard,373,-7.4038479048700205,-7.4038479048700205,0
adam,standard,374,-7.4038485552750455,-7.4038485552750455,0
adam,standard,375,-7.4038492010412895,-7.4038492010412895,0
adam,standard,376,-7.403849842355713,-7.403849842355713,0
adam,standard,377,-7.403850479402296,-7.403850479402296,0
adam,standard,378,-7.40385111235411,-7.40385111235411,0
adam,standard,379,-7.403851741366373,-7.403851741366373,0
adam,standard,380,-7.40385236657201,-7.40385236657201,0
adam,standard,381,-7.403852988079582,-7.403852988079582,0
adam,standard,382,-7.403853605974258,-7.403853605974258,0
adam,standard,383,-7.403854220321176,-7.403854220321176,0
adam,standard,384,-7.4038548311705155,-7.4038548311705155,0
adam,standard,385,-7.403855438563756,-7.403855438563756,0
adam,standard,386,-7.40385604253946,-7.40385604253946,0
adam,standard,387,-7.40385664313858,-7.40385664313858,0
adam,standard,388,-7.4038572404077945,-7.4038572404077945,0
adam,standard,389,-7.403857834401231,-7.403857834401231,0
adam,standard,390,-7.40385842518035,-7.40385842518035,0
adam,standard,391,-7.403859012812475,-7.403859012812475,0
adam,standard,392,-7.403859597368163,-7.403859597368163,0
adam,standard,393,-7.403860178918162,-7.403860178918162,0
adam,standard,394,-7.403860757530785,-7.403860757530785,0
adam,standard,395,-7.40386133326939,-7.40386133326939,0
adam,standard,396,-7.403861906190812,-7.403861906190812,0
adam,standard,397,-7.403862476344792,-7.403862476344792,0
adam,standard,398,-7.403863043773942,-7.403863043773942,0
adam,standard,399,-7.40386360851463,-7.40386360851463,0
adam,standard,400,-7.403864170598131,-7.403864170598131,0
adam,standard,401,-7.403864730052172,-7.403864730052172,0
adam,standard,402,-7.403865286902296,-7.403865286902296,0
adam,standard,403,-7.403865841173282,-7.403865841173282,0
adam,standard,404,-7.403866392890016,-7.403866392890016,0
adam,standard,405,-7.40386694207808,-7.40386694207808,0
adam,standard,406,-7.403867488763916,-7.403867488763916,0
adam,standard,407,-7.403868032974618,-7.403868032974618,0
adam,standard,408,-7.403868574737515,-7.403868574737515,0
adam,standard,409,-7.403869114079417,-7.403869114079417,0
adam,standard,410,-7.403869651026021,-7.403869651026021,0
adam,standard,411,-7.403870185601338,-7.403870185601338,0
adam,standard,412,-7.403870717827174,-7.403870717827174,0
adam,standard,413,-7.403871247723061,-7.403871247723061,0
adam,standard,414,-7.403871775306122,-7.403871775306122,0
adam,standard,415,-7.403872300591268,-7.403872300591268,0
adam,standard,416,-7.4038728235915165,-7.4038728235915165,0
adam,standard,417,-7.403873344318313,-7.403873344318313,0
adam,standard,418,-7.403873862781808,-7.403873862781808,0
adam,standard,419,-7.403874378991199,-7.403874378991199,0
adam,standard,420,-7.403874892954812,-7.403874892954812,0
adam,standard,421,-7.403875404680254,-7.403875404680254,0
adam,standard,422,-7.4038759141743276,-7.4038759141743276,0
adam,standard,423,-7.403876421443065,-7.403876421443065,0
adam,standard,424,-7.403876926491552,-7.403876926491552,0
adam,standard,425,-7.403877429323829,-7.403877429323829,0
adam,standard,426,-7.403877929942796,-7.403877929942796,0
adam,standard,427,-7.403878428350145,-7.403878428350145,0
adam,standard,428,-7.4038789245463965,-7.4038789245463965,0
adam,standard,429,-7.40387941853086,-7.40387941853086,0
adam,standard,430,-7.403879910301665,-7.403879910301665,0
adam,standard,431,-7.403880399855896,-7.403880399855896,0
adam,standard,432,-7.403880887189529,-7.403880887189529,0
adam,standard,433,-7.403881372297711,-7.403881372297711,0
adam,standard,434,-7.403881855174689,-7.403881855174689,0
adam,standard,435,-7.403882335813973,-7.403882335813973,0
adam,standard,436,-7.403882814208154,-7.403882814208154,0
adam,standard,437,-7.403883290349277,-7.403883290349277,0
adam,standard,438,-7.403883764228582,-7.403883764228582,0
adam,standard,439,-7.4038842358366255,-7.4038842358366255,0
adam,standard,440,-7.403884705163222,-7.403884705163222,0
adam,standard,441,-7.403885172197625,-7.403885172197625,0
adam,standard,442,-7.40388563692836,-7.40388563692836,0
adam,standard,443,-7.403886099343301,-7.403886099343301,0
adam,standard,444,-7.403886559429796,-7.403886559429796,0
adam,standard,445,-7.403887017174565,-7.403887017174565,0
adam,standard,446,-7.403887472563982,-7.403887472563982,0
adam,standard,447,-7.403887925583879,-7.403887925583879,0
adam,standard,448,-7.403888376219752,-7.403888376219752,0
adam,standard,449,-7.403888824456691,-7.403888824456691,0
adam,standard,450,-7.403889270279594,-7.403889270279594,0
adam,standard,451,-7.403889713673076,-7.403889713673076,0
adam,standard,452,-7.40389015462152,-7.40389015462152,0
adam,standard,453,-7.40389059310916,-7.40389059310916,0
adam,standard,454,-7.403891029120073,-7.403891029120073,0
adam,standard,455,-7.403891462638283,-7.403891462638283,0
adam,standard,456,-7.40389189364772,-7.40389189364772,0
adam,standard,457,-7.403892322132253,-7.403892322132253,0
adam,standard,458,-7.403892748075836,-7.403892748075836,0
adam,standard,459,-7.403893171462414,-7.403893171462414,0
adam,standard,460,-7.403893592276116,-7.403893592276116,0
adam,standard,461,-7.403894010501121,-7.403894010501121,0
adam,standard,462,-7.4038944261218145,-7.4038944261218145,0
adam,standard,463,-7.403894839122836,-7.403894839122836,0
adam,standard,464,-7.40389524948906,-7.40389524948906,0
adam,standard,465,-7.403895657205654,-7.403895657205654,0
adam,standard,466,-7.4038960622581085,-7.4038960622581085,0
adam,standard,467,-7.403896464632312,-7.403896464632312,0
adam,standard,468,-7.4038968643145475,-7.4038968643145475,0
adam,standard,469,-7.403897261291479,-7.403897261291479,0
adam,standard,470,-7.403897655550332,-7.403897655550332,0
adam,standard,471,-7.403898047078786,-7.403898047078786,0
adam,standard,472,-7.4038984358650035,-7.4038984358650035,0
adam,standard,473,-7.403898821897767,-7.403898821897767,0
adam,standard,474,-7.40389920516635,-7.40389920516635,0
adam,standard,475,-7.403899585660768,-7.403899585660768,0
adam,standard,476,-7.40389996337154,-7.40389996337154,0
adam,standard,477,-7.403900338289934,-7.403900338289934,0
adam,standard,478,-7.403900710407862,-7.403900710407862,0
adam,standard,479,-7.403901079717952,-7.403901079717952,0
adam,standard,480,-7.403901446213508,-7.403901446213508,0
adam,standard,481,-7.403901809888623,-7.403901809888623,0
adam,standard,482,-7.40390217073815,-7.40390217073815,0
adam,standard,483,-7.403902528757692,-7.403902528757692,0
adam,standard,484,-7.403902883943647,-7.403902883943647,0
adam,standard,485,-7.403903236293206,-7.403903236293206,0
adam,standard,486,-7.403903585804422,-7.403903585804422,0
adam,standard,487,-7.403903932476091,-7.403903932476091,0
adam,standard,488,-7.403904276307899,-7.403904276307899,0
adam,standard,489,-7.403904617300358,-7.403904617300358,0
adam,standard,490,-7.403904955454806,-7.403904955454806,0
adam,standard,491,-7.403905290773455,-7.403905290773455,0
adam,standard,492,-7.403905623259321,-7.403905623259321,0
adam,standard,493,-7.403905952916322,-7.403905952916322,0
adam,standard,494,-7.403906279749239,-7.403906279749239,0
adam,standard,495,-7.403906603763635,-7.403906603763635,0
adam,standard,496,-7.403906924965984,-7.403906924965984,0
adam,standard,497,-7.403907243363591,-7.403907243363591,0
adam,standard,498,-7.4039075589646,-7.4039075589646,0
adam,standard,499,-7.403907871778015,-7.403907871778015,0
adam,standard,500,-7.403908181813579,-7.403908181813579,0
adam,standard,501,-7.403908489081989,-7.403908489081989,0
adam,standard,502,-7.4039087935946375,-7.4039087935946375,0
adam,standard,503,-7.403909095363807,-7.403909095363807,0
adam,standard,504,-7.4039093944025005,-7.4039093944025005,0
adam,standard,505,-7.403909690724519,-7.403909690724519,0
adam,standard,506,-7.403909984344508,-7.403909984344508,0
adam,standard,507,-7.40391027527768,-7.40391027527768,0
adam,standard,508,-7.4039105635401965,-7.4039105635401965,0
adam,standard,509,-7.4039108491487715,-7.4039108491487715,0
adam,standard,510,-7.4039111321209425,-7.4039111321209425,0
adam,standard,511,-7.4039114124748835,-7.4039114124748835,0
adam,standard,512,-7.403911690229397,-7.403911690229397,0
adam,standard,513,-7.40391196540403,-7.40391196540403,0
adam,standard,514,-7.403912238018857,-7.403912238018857,0
adam,standard,515,-7.403912508094708,-7.403912508094708,0
adam,standard,516,-7.403912775652858,-7.403912775652858,0
adam,standard,517,-7.403913040715284,-7.403913040715284,0
adam,standard,518,-7.40391330330441,-7.40391330330441,0
adam,standard,519,-7.403913563443283,-7.403913563443283,0
adam,standard,520,-7.403913821155423,-7.403913821155423,0
adam,standard,521,-7.403914076464831,-7.403914076464831,0
adam,standard,522,-7.403914329396052,-7.403914329396052,0
adam,standard,523,-7.403914579974034,-7.403914579974034,0
adam,standard,524,-7.4039148282241065,-7.4039148282241065,0
adam,standard,525,-7.403915074172121,-7.403915074172121,0
adam,standard,526,-7.4039153178442305,-7.4039153178442305,0
adam,standard,527,-7.4039155592670065,-7.4039155592670065,0
adam,standard,528,-7.40391579846734,-7.40391579846734,0
adam,standard,529,-7.403916035472417,-7.403916035472417,0
adam,standard,530,-7.403916270309857,-7.403916270309857,0
adam,standard,531,-7.403916503007432,-7.403916503007432,0
adam,standard,532,-7.403916733593222,-7.403916733593222,0
adam,standard,533,-7.40391696209558,-7.40391696209558,0
adam,standard,534,-7.403917188543054,-7.403917188543054,0
adam,standard,535,-7.403917412964402,-7.403917412964402,0
adam,standard,536,-7.403917635388628,-7.403917635388628,0
adam,standard,537,-7.403917855844773,-7.403917855844773,0
adam,standard,538,-7.403918074362126,-7.403918074362126,0
adam,standard,539,-7.403918290970136,-7.403918290970136,0
adam,standard,540,-7.403918505698265,-7.403918505698265,0
adam,standard,541,-7.403918718576177,-7.403918718576177,0
adam,standard,542,-7.403918929633521,-7.403918929633521,0
adam,standard,543,-7.403919138900064,-7.403919138900064,0
adam,standard,544,-7.403919346405605,-7.403919346405605,0
adam,standard,545,-7.403919552179985,-7.403919552179985,0
adam,standard,546,-7.403919756253039,-7.403919756253039,0
adam,standard,547,-7.40391995865462,-7.40391995865462,0
adam,standard,548,-7.403920159414564,-7.403920159414564,0
adam,standard,549,-7.403920358562652,-7.403920358562652,0
adam,standard,550,-7.403920556128711,-7.403920556128711,0
adam,standard,551,-7.403920752142378,-7.403920752142378,0
adam,standard,552,-7.403920946633356,-7.403920946633356,0
adam,standard,553,-7.40392113963117,-7.40392113963117,0
adam,standard,554,-7.403921331165351,-7.403921331165351,0
adam,standard,555,-7.403921521265218,-7.403921521265218,0
adam,standard,556,-7.403921709960068,-7.403921709960068,0
adam,standard,557,-7.403921897279007,-7.403921897279007,0
adam,standard,558,-7.403922083251072,-7.403922083251072,0
adam,standard,559,-7.403922267905153,-7.403922267905153,0
adam,standard,560,-7.403922451269929,-7.403922451269929,0
adam,standard,561,-7.403922633373982,-7.403922633373982,0
adam,standard,562,-7.403922814245687,-7.403922814245687,0
adam,standard,563,-7.403922993913285,-7.403922993913285,0
adam,standard,564,-7.4039231724048085,-7.4039231724048085,0
adam,standard,565,-7.403923349748069,-7.403923349748069,0
adam,standard,566,-7.403923525970767,-7.403923525970767,0
adam,standard,567,-7.403923701100354,-7.403923701100354,0
adam,standard,568,-7.40392387516406,-7.40392387516406,0
adam,standard,569,-7.403924048188962,-7.403924048188962,0
adam,standard,570,-7.4039242202018345,-7.4039242202018345,0
adam,standard,571,-7.4039243912293164,-7.4039243912293164,0
adam,standard,572,-7.403924561297763,-7.403924561297763,0
adam,standard,573,-7.403924730433325,-7.403924730433325,0
adam,standard,574,-7.403924898661934,-7.403924898661934,0
adam,standard,575,-7.4039250660092835,-7.4039250660092835,0
adam,standard,576,-7.403925232500789,-7.403925232500789,0
adam,standard,577,-7.4039253981616655,-7.4039253981616655,0
adam,standard,578,-7.403925563016907,-7.403925563016907,0
adam,standard,579,-7.403925727091194,-7.403925727091194,0
adam,standard,580,-7.403925890409001,-7.403925890409001,0
adam,standard,581,-7.403926052994587,-7.403926052994587,0
adam,standard,582,-7.403926214871902,-7.403926214871902,0
adam,standard,583,-7.403926376064657,-7.403926376064657,0
adam,standard,584,-7.403926536596355,-7.403926536596355,0
adam,standard,585,-7.403926696490218,-7.403926696490218,0
adam,standard,586,-7.403926855769181,-7.403926855769181,0
adam,standard,587,-7.403927014456007,-7.403927014456007,0
adam,standard,588,-7.403927172573154,-7.403927172573154,0
adam,standard,589,-7.403927330142821,-7.403927330142821,0
adam,standard,590,-7.403927487186985,-7.403927487186985,0
adam,standard,591,-7.4039276437273385,-7.4039276437273385,0
adam,standard,592,-7.403927799785385,-7.403927799785385,0
adam,standard,593,-7.403927955382315,-7.403927955382315,0
adam,standard,594,-7.4039281105390895,-7.4039281105390895,0
adam,standard,595,-7.403928265276415,-7.403928265276415,0
adam,standard,596,-7.403928419614797,-7.403928419614797,0
adam,standard,597,-7.403928573574436,-7.403928573574436,0
adam,standard,598,-7.403928727175313,-7.403928727175313,0
adam,standard,599,-7.403928880437189,-7.403928880437189,0
adam,standard,600,-7.403929033379555,-7.403929033379555,0
adam,standard,601,-7.403929186021668,-7.403929186021668,0
adam,standard,602,-7.403929338382563,-7.403929338382563,0
adam,standard,603,-7.403929490481005,-7.403929490481005,0
adam,standard,604,-7.403929642335576,-7.403929642335576,0
adam,standard,605,-7.403929793964581,-7.403929793964581,0
adam,standard,606,-7.403929945386116,-7.403929945386116,0
adam,standard,607,-7.403930096618067,-7.403930096618067,0
adam,standard,608,-7.403930247678059,-7.403930247678059,0
adam,standard,609,-7.403930398583506,-7.403930398583506,0
adam,standard,610,-7.403930549351615,-7.403930549351615,0
adam,standard,611,-7.403930699999358,-7.403930699999358,0
adam,standard,612,-7.403930850543495,-7.403930850543495,0
adam,standard,613,-7.403931001000571,-7.403931001000571,0
adam,standard,614,-7.403931151386924,-7.403931151386924,0
adam,standard,615,-7.403931301718655,-7.403931301718655,0
adam,standard,616,-7.403931452011725,-7.403931452011725,0
adam,standard,617,-7.4039316022818005,-7.4039316022818005,0
adam,standard,618,-7.403931752544402,-7.403931752544402,0
adam,standard,619,-7.403931902814832,-7.403931902814832,0
adam,standard,620,-7.403932053108209,-7.403932053108209,0
adam,standard,621,-7.403932203439434,-7.403932203439434,0
adam,standard,622,-7.403932353823178,-7.403932353823178,0
adam,standard,623,-7.403932504274028,-7.403932504274028,0
adam,standard,624,-7.403932654806273,-7.403932654806273,0
adam,standard,625,-7.4039328054340885,-7.4039328054340885,0
adam,standard,626,-7.403932956171395,-7.403932956171395,0
adam,standard,627,-7.403933107031971,-7.403933107031971,0
adam,standard,628,-7.403933258029431,-7.403933258029431,0
adam,standard,629,-7.403933409177161,-7.403933409177161,0
adam,standard,630,-7.403933560488384,-7.403933560488384,0
adam,standard,631,-7.403933711976204,-7.403933711976204,0
adam,standard,632,-7.403933863653452,-7.403933863653452,0
adam,standard,633,-7.40393401553287,-7.40393401553287,0
adam,standard,634,-7.403934167626981,-7.403934167626981,0
adam,standard,635,-7.403934319948175,-7.403934319948175,0
adam,standard,636,-7.403934472508675,-7.403934472508675,0
adam,standard,637,-7.403934625320466,-7.403934625320466,0
adam,standard,638,-7.403934778395466,-7.403934778395466,0
adam,standard,639,-7.403934931745381,-7.403934931745381,0
adam,standard,640,-7.40393508538177,-7.40393508538177,0
adam,standard,641,-7.403935239316026,-7.403935239316026,0
adam,standard,642,-7.403935393559409,-7.403935393559409,0
adam,standard,643,-7.40393554812298,-7.40393554812298,0
adam,standard,644,-7.403935703017721,-7.403935703017721,0
adam,standard,645,-7.40393585825435,-7.40393585825435,0
adam,standard,646,-7.403936013843571,-7.403936013843571,0
adam,standard,647,-7.403936169795801,-7.403936169795801,0
adam,standard,648,-7.403936326121419,-7.403936326121419,0
adam,standard,649,-7.403936482830562,-7.403936482830562,0
adam,standard,650,-7.403936639933327,-7.403936639933327,0
adam,standard,651,-7.4039367974395995,-7.4039367974395995,0
adam,standard,652,-7.403936955359117,-7.403936955359117,0
adam,standard,653,-7.403937113701499,-7.403937113701499,0
adam,standard,654,-7.403937272476225,-7.403937272476225,0
adam,standard,655,-7.403937431692632,-7.403937431692632,0
adam,standard,656,-7.40393759135986,-7.40393759135986,0
adam,standard,657,-7.403937751487046,-7.403937751487046,0
adam,standard,658,-7.403937912083039,-7.403937912083039,0
adam,standard,659,-7.403938073156626,-7.403938073156626,0
adam,standard,660,-7.403938234716482,-7.403938234716482,0
adam,standard,661,-7.403938396771085,-7.403938396771085,0
adam,standard,662,-7.403938559328801,-7.403938559328801,0
adam,standard,663,-7.403938722397886,-7.403938722397886,0
adam,standard,664,-7.403938885986449,-7.403938885986449,0
adam,standard,665,-7.403939050102431,-7.403939050102431,0
adam,standard,666,-7.403939214753688,-7.403939214753688,0
adam,standard,667,-7.40393937994795,-7.40393937994795,0
adam,standard,668,-7.403939545692764,-7.403939545692764,0
adam,standard,669,-7.403939711995551,-7.403939711995551,0
adam,standard,670,-7.403939878863668,-7.403939878863668,0
adam,standard,671,-7.403940046304282,-7.403940046304282,0
adam,standard,672,-7.403940214324406,-7.403940214324406,0
adam,standard,673,-7.4039403829310135,-7.4039403829310135,0
adam,standard,674,-7.403940552130864,-7.403940552130864,0
adam,standard,675,-7.403940721930588,-7.403940721930588,0
adam,standard,676,-7.403940892336771,-7.403940892336771,0
adam,standard,677,-7.403941063355778,-7.403941063355778,0
adam,standard,678,-7.40394123499385,-7.40394123499385,0
adam,standard,679,-7.403941407257177,-7.403941407257177,0
adam,standard,680,-7.40394158015171,-7.40394158015171,0
adam,standard,681,-7.4039417536833785,-7.4039417536833785,0
adam,standard,682,-7.403941927857904,-7.403941927857904,0
adam,standard,683,-7.403942102680873,-7.403942102680873,0
adam,standard,684,-7.403942278157794,-7.403942278157794,0
adam,standard,685,-7.403942454294014,-7.403942454294014,0
adam,standard,686,-7.403942631094762,-7.403942631094762,0
adam,standard,687,-7.40394280856509,-7.40394280856509,0
adam,standard,688,-7.403942986709978,-7.403942986709978,0
adam,standard,689,-7.403943165534216,-7.403943165534216,0
adam,standard,690,-7.403943345042543,-7.403943345042543,0
adam,standard,691,-7.403943525239481,-7.403943525239481,0
adam,standard,692,-7.403943706129439,-7.403943706129439,0
adam,standard,693,-7.403943887716707,-7.403943887716707,0
adam,standard,694,-7.403944070005449,-7.403944070005449,0
adam,standard,695,-7.403944252999669,-7.403944252999669,0
adam,standard,696,-7.403944436703234,-7.403944436703234,0
adam,standard,697,-7.4039446211198845,-7.4039446211198845,0
adam,standard,698,-7.403944806253227,-7.403944806253227,0
adam,standard,699,-7.403944992106708,-7.403944992106708,0
adam,standard,700,-7.40394517868368,-7.40394517868368,0
adam,standard,701,-7.403945365987315,-7.403945365987315,0
adam,standard,702,-7.403945554020646,-7.403945554020646,0
adam,standard,703,-7.4039457427865765,-7.4039457427865765,0
adam,standard,704,-7.403945932287892,-7.403945932287892,0
adam,standard,705,-7.403946122527134,-7.403946122527134,0
adam,standard,706,-7.403946313506875,-7.403946313506875,0
adam,standard,707,-7.403946505229374,-7.403946505229374,0
adam,standard,708,-7.4039466976968376,-7.4039466976968376,0
adam,standard,709,-7.403946890911321,-7.403946890911321,0
adam,standard,710,-7.4039470848746785,-7.4039470848746785,0
adam,standard,711,-7.403947279588686,-7.403947279588686,0
adam,standard,712,-7.4039474750549195,-7.4039474750549195,0
adam,standard,713,-7.403947671274826,-7.403947671274826,0
adam,standard,714,-7.40394786824971,-7.40394786824971,0
adam,standard,715,-7.403948065980697,-7.403948065980697,0
adam,standard,716,-7.403948264468798,-7.403948264468798,0
adam,standard,717,-7.403948463714837,-7.403948463714837,0
adam,standard,718,-7.403948663719518,-7.403948663719518,0
adam,standard,719,-7.403948864483363,-7.403948864483363,0
adam,standard,720,-7.40394906600675,-7.40394906600675,0
adam,standard,721,-7.4039492682898675,-7.4039492682898675,0
adam,standard,722,-7.403949471332811,-7.403949471332811,0
adam,standard,723,-7.403949675135485,-7.403949675135485,0
adam,standard,724,-7.403949879697628,-7.403949879697628,0
adam,standard,725,-7.40395008501881,-7.40395008501881,0
adam,standard,726,-7.403950291098476,-7.403950291098476,0
adam,standard,727,-7.403950497935853,-7.403950497935853,0
adam,standard,728,-7.40395070553007,-7.40395070553007,0
adam,standard,729,-7.403950913880054,-7.403950913880054,0
adam,standard,730,-7.403951122984591,-7.403951122984591,0
adam,standard,731,-7.403951332842273,-7.403951332842273,0
adam,standard,732,-7.403951543451536,-7.403951543451536,0
adam,standard,733,-7.403951754810664,-7.403951754810664,0
adam,standard,734,-7.40395196691775,-7.40395196691775,0
adam,standard,735,-7.40395217977075,-7.40395217977075,0
adam,standard,736,-7.403952393367434,-7.403952393367434,0
adam,standard,737,-7.403952607705393,-7.403952607705393,0
adam,standard,738,-7.403952822782064,-7.403952822782064,0
adam,standard,739,-7.403953038594695,-7.403953038594695,0
adam,standard,740,-7.403953255140382,-7.403953255140382,0
adam,standard,741,-7.40395347241604,-7.40395347241604,0
adam,standard,742,-7.4039536904183905,-7.4039536904183905,0
adam,standard,743,-7.403953909144055,-7.403953909144055,0
adam,standard,744,-7.403954128589387,-7.403954128589387,0
adam,standard,745,-7.4039543487506,-7.4039543487506,0
adam,standard,746,-7.40395456962376,-7.40395456962376,0
adam,standard,747,-7.403954791204732,-7.403954791204732,0
adam,standard,748,-7.403955013489221,-7.403955013489221,0
adam,standard,749,-7.403955236472733,-7.403955236472733,0
adam,standard,750,-7.403955460150606,-7.403955460150606,0
adam,standard,751,-7.403955684518002,-7.403955684518002,0
adam,standard,752,-7.403955909569929,-7.403955909569929,0
adam,standard,753,-7.403956135301181,-7.403956135301181,0
adam,standard,754,-7.403956361706365,-7.403956361706365,0
adam,standard,755,-7.403956588779991,-7.403956588779991,0
adam,standard,756,-7.403956816516286,-7.403956816516286,0
adam,standard,757,-7.403957044909363,-7.403957044909363,0
adam,standard,758,-7.403957273953173,-7.403957273953173,0
adam,standard,759,-7.403957503641426,-7.403957503641426,0
adam,standard,760,-7.403957733967678,-7.403957733967678,0
adam,standard,761,-7.40395796492533,-7.40395796492533,0
adam,standard,762,-7.403958196507606,-7.403958196507606,0
adam,standard,763,-7.403958428707496,-7.403958428707496,0
adam,standard,764,-7.403958661517886,-7.403958661517886,0
adam,standard,765,-7.403958894931461,-7.403958894931461,0
adam,standard,766,-7.40395912894071,-7.40395912894071,0
adam,standard,767,-7.403959363537924,-7.403959363537924,0
adam,standard,768,-7.4039595987153,-7.4039595987153,0
adam,standard,769,-7.403959834464805,-7.403959834464805,0
adam,standard,770,-7.403960070778191,-7.403960070778191,0
adam,standard,771,-7.403960307647125,-7.403960307647125,0
adam,standard,772,-7.403960545063062,-7.403960545063062,0
adam,standard,773,-7.403960783017268,-7.403960783017268,0
adam,standard,774,-7.403961021500836,-7.403961021500836,0
adam,standard,775,-7.4039612605047305,-7.4039612605047305,0
adam,standard,776,-7.403961500019707,-7.403961500019707,0
adam,standard,777,-7.4039617400363475,-7.4039617400363475,0
adam,standard,778,-7.403961980545119,-7.403961980545119,0
adam,standard,779,-7.403962221536256,-7.403962221536256,0
adam,standard,780,-7.403962462999852,-7.403962462999852,0
adam,standard,781,-7.403962704925867,-7.403962704925867,0
adam,standard,782,-7.403962947304052,-7.403962947304052,0
adam,standard,783,-7.403963190124042,-7.403963190124042,0
adam,standard,784,-7.403963433375282,-7.403963433375282,0
adam,standard,785,-7.40396367704701,-7.40396367704701,0
adam,standard,786,-7.403963921128436,-7.403963921128436,0
adam,standard,787,-7.403964165608472,-7.403964165608472,0
adam,standard,788,-7.403964410475993,-7.403964410475993,0
adam,standard,789,-7.403964655719655,-7.403964655719655,0
adam,standard,790,-7.403964901327985,-7.403964901327985,0
adam,standard,791,-7.403965147289374,-7.403965147289374,0
adam,standard,792,-7.403965393592028,-7.403965393592028,0
adam,standard,793,-7.403965640224017,-7.403965640224017,0
adam,standard,794,-7.403965887173337,-7.403965887173337,0
adam,standard,795,-7.403966134427743,-7.403966134427743,0
adam,standard,796,-7.403966381974907,-7.403966381974907,0
adam,standard,797,-7.4039666298023175,-7.4039666298023175,0
adam,standard,798,-7.403966877897267,-7.403966877897267,0
adam,standard,799,-7.403967126246778,-7.403967126246778,0
adam,standard,800,-7.403967374837332,-7.403967374837332,0
adam,standard,801,-7.403967623654295,-7.403967623654295,0
adam,standard,802,-7.40396787268012,-7.40396787268012,0
adam,standard,803,-7.403968121890184,-7.403968121890184,0
adam,standard,804,-7.403968371241057,-7.403968371241057,0
adam,standard,805,-7.403968620639597,-7.403968620639597,0
adam,standard,806,-7.403968869859732,-7.403968869859732,0
adam,standard,807,-7.403969118317547,-7.403969118317547,0
adam,standard,808,-7.403969364458723,-7.403969364458723,0
adam,standard,809,-7.403969604080777,-7.403969604080777,0
adam,standard,810,-7.403969825711535,-7.403969825711535,0
adam,standard,811,-7.4039699978188604,-7.4039699978188604,0
adam,standard,812,-7.403970033368818,-7.403970033368818,0
adam,standard,813,-7.403969692289348,-7.403969692289348,0
adam,standard,814,-7.403968321408102,-7.403968321408102,0
adam,standard,815,-7.403964230055749,-7.403964230055749,0
adam,standard,816,-7.403953691130696,-7.403953691130696,0
adam,standard,817,-7.403932242194054,-7.403932242194054,0
adam,standard,818,-7.403908708210665,-7.403908708210665,0
adam,standard,819,-7.403919352103245,-7.403919352103245,0
adam,standard,820,-7.403962285834079,-7.403962285834079,0
adam,standard,821,-7.403967130335966,-7.403967130335966,0
adam,standard,822,-7.4039385593706815,-7.4039385593706815,0
adam,standard,823,-7.40394752266571,-7.40394752266571,0
adam,standard,824,-7.403972997525462,-7.403972997525462,0
adam,standard,825,-7.403958718573355,-7.403958718573355,0
adam,standard,826,-7.403950759218229,-7.403950759218229,0
adam,standard,827,-7.4039713388571196,-7.4039713388571196,0
adam,standard,828,-7.403967702477224,-7.403967702477224,0
adam,standard,829,-7.403957309891325,-7.403957309891325,0
adam,standard,830,-7.4039713463636225,-7.4039713463636225,0
adam,standard,831,-7.403971599544199,-7.403971599544199,0
adam,standard,832,-7.403962847085049,-7.403962847085049,0
adam,standard,833,-7.403972560251668,-7.403972560251668,0
adam,standard,834,-7.40397361586437,-7.40397361586437,0
adam,standard,835,-7.403967049408244,-7.403967049408244,0
adam,standard,836,-7.403974112077129,-7.403974112077129,0
adam,standard,837,-7.403974935969405,-7.403974935969405,0
adam,standard,838,-7.403970263124148,-7.403970263124148,0
adam,standard,839,-7.403975600051747,-7.403975600051747,0
adam,standard,840,-7.403975988821517,-7.403975988821517,0
adam,standard,841,-7.403972795623738,-7.403972795623738,0
adam,standard,842,-7.403976904070638,-7.403976904070638,0
adam,standard,843,-7.403976937783623,-7.403976937783623,0
adam,standard,844,-7.403974847898926,-7.403974847898926,0
adam,standard,845,-7.403978023664751,-7.403978023664751,0
adam,standard,846,-7.403977845794858,-7.403977845794858,0
adam,standard,847,-7.403976548770416,-7.403976548770416,0
adam,standard,848,-7.403978997416816,-7.403978997416816,0
adam,standard,849,-7.403978734053986,-7.403978734053986,0
adam,standard,850,-7.403977986260723,-7.403977986260723,0
adam,standard,851,-7.403979868574573,-7.403979868574573,0
adam,standard,852,-7.403979606252414,-7.403979606252414,0
adam,standard,853,-7.403979224952894,-7.403979224952894,0
adam,standard,854,-7.403980672557976,-7.403980672557976,0
adam,standard,855,-7.403980460056781,-7.403980460056781,0
adam,standard,856,-7.4039803141919585,-7.4039803141919585,0
adam,standard,857,-7.403981434281567,-7.403981434281567,0
adam,standard,858,-7.403981292418326,-7.403981292418326,0
adam,standard,859,-7.4039812920537935,-7.4039812920537935,0
adam,standard,860,-7.403982169567725,-7.403982169567725,0
adam,standard,861,-7.403982101503359,-7.403982101503359,0
adam,standard,862,-7.40398218757749,-7.40398218757749,0
adam,standard,863,-7.403982887687871,-7.403982887687871,0
adam,standard,864,-7.403982887048361,-7.403982887048361,0
adam,standard,865,-7.403983022390832,-7.403983022390832,0
adam,standard,866,-7.403983593670781,-7.403983593670781,0
adam,standard,867,-7.403983650035127,-7.403983650035127,0
adam,standard,868,-7.403983812222864,-7.403983812222864,0
adam,standard,869,-7.403984290010485,-7.403984290010485,0
adam,standard,870,-7.403984392157857,-7.403984392157857,0
adam,standard,871,-7.403984568267287,-7.403984568267287,0
adam,standard,872,-7.403984977803715,-7.403984977803715,0
adam,standard,873,-7.403985115358028,-7.403985115358028,0
adam,standard,874,-7.403985298336329,-7.403985298336329,0
adam,standard,875,-7.403985657444723,-7.403985657444723,0
adam,standard,876,-7.40398582151573,-7.40398582151573,0
adam,standard,877,-7.403986007780259,-7.403986007780259,0
adam,standard,878,-7.403986328999122,-7.403986328999122,0
adam,standard,879,-7.4039865122903326,-7.4039865122903326,0
adam,standard,880,-7.403986700201486,-7.403986700201486,0
adam,standard,881,-7.403986992386228,-7.403986992386228,0
adam,standard,882,-7.4039871890544315,-7.4039871890544315,0
adam,standard,883,-7.403987377987007,-7.403987377987007,0
adam,standard,884,-7.403987647466359,-7.403987647466359,0
adam,standard,885,-7.403987852888357,-7.403987852888357,0
adam,standard,886,-7.4039880426866524,-7.4039880426866524,0
adam,standard,887,-7.4039882940785375,-7.4039882940785375,0
adam,standard,888,-7.403988504613377,-7.403988504613377,0
adam,standard,889,-7.403988695277677,-7.403988695277677,0
adam,standard,890,-7.403988932049892,-7.403988932049892,0
adam,standard,891,-7.403989144839121,-7.403989144839121,0
adam,standard,892,-7.403989336352025,-7.403989336352025,0
adam,standard,893,-7.403989561194512,-7.403989561194512,0
adam,standard,894,-7.403989774008915,-7.403989774008915,0
adam,standard,895,-7.403989966247878,-7.403989966247878,0
adam,standard,896,-7.4039901813113005,-7.4039901813113005,0
adam,standard,897,-7.403990392438135,-7.403990392438135,0
adam,standard,898,-7.403990585140709,-7.403990585140709,0
adam,standard,899,-7.403990792183499,-7.403990792183499,0
adam,standard,900,-7.403991000345416,-7.403991000345416,0
adam,standard,901,-7.403991193106862,-7.403991193106862,0
adam,standard,902,-7.403991393579543,-7.403991393579543,0
adam,standard,903,-7.403991597875726,-7.403991597875726,0
adam,standard,904,-7.403991790168976,-7.403991790168976,0
adam,standard,905,-7.403991985256478,-7.403991985256478,0
adam,standard,906,-7.403992185115087,-7.403992185115087,0
adam,standard,907,-7.403992376327619,-7.403992376327619,0
adam,standard,908,-7.403992566966951,-7.403992566966951,0
adam,standard,909,-7.403992762099315,-7.403992762099315,0
adam,standard,910,-7.403992951581167,-7.403992951581167,0
adam,standard,911,-7.403993138469138,-7.403993138469138,0
adam,standard,912,-7.403993328819632,-7.403993328819632,0
adam,standard,913,-7.403993515936367,-7.403993515936367,0
adam,standard,914,-7.403993699537963,-7.403993699537963,0
adam,standard,915,-7.403993885227331,-7.403993885227331,0
adam,standard,916,-7.403994069411227,-7.403994069411227,0
adam,standard,917,-7.403994249976635,-7.403994249976635,0
adam,standard,918,-7.403994431239498,-7.403994431239498,0
adam,standard,919,-7.403994612031851,-7.403994612031851,0
adam,standard,920,-7.403994789626558,-7.403994789626558,0
adam,standard,921,-7.403994966747406,-7.403994966747406,0
adam,standard,922,-7.403995143825338,-7.403995143825338,0
adam,standard,923,-7.403995318373921,-7.403995318373921,0
adam,standard,924,-7.403995491627951,-7.403995491627951,0
adam,standard,925,-7.403995664810967,-7.403995664810967,0
adam,standard,926,-7.403995836150844,-7.403995836150844,0
adam,standard,927,-7.403996005757968,-7.403996005757968,0
adam,standard,928,-7.403996174993427,-7.403996174993427,0
adam,standard,929,-7.403996342930822,-7.403996342930822,0
adam,standard,930,-7.403996509028824,-7.403996509028824,0
adam,standard,931,-7.403996674359652,-7.403996674359652,0
adam,standard,932,-7.403996838719164,-7.403996838719164,0
adam,standard,933,-7.403997001359118,-7.403997001359118,0
adam,standard,934,-7.403997162881317,-7.403997162881317,0
adam,standard,935,-7.403997323540404,-7.403997323540404,0
adam,standard,936,-7.403997482702722,-7.403997482702722,0
adam,standard,937,-7.403997640522896,-7.403997640522896,0
adam,standard,938,-7.403997797426088,-7.403997797426088,0
adam,standard,939,-7.403997953050258,-7.403997953050258,0
adam,standard,940,-7.4039981072528285,-7.4039981072528285,0
adam,standard,941,-7.403998260405802,-7.403998260405802,0
adam,standard,942,-7.403998412424378,-7.403998412424378,0
adam,standard,943,-7.403998563055344,-7.403998563055344,0
adam,standard,944,-7.403998712504185,-7.403998712504185,0
adam,standard,945,-7.403998860870259,-7.403998860870259,0
adam,standard,946,-7.403999007938931,-7.403999007938931,0
adam,standard,947,-7.4039991537438645,-7.4039991537438645,0
adam,standard,948,-7.40399929844518,-7.40399929844518,0
adam,standard,949,-7.403999441939266,-7.403999441939266,0
adam,standard,950,-7.4039995841528325,-7.4039995841528325,0
adam,standard,951,-7.403999725210537,-7.403999725210537,0
adam,standard,952,-7.403999865116146,-7.403999865116146,0
adam,standard,953,-7.404000003772644,-7.404000003772644,0
adam,standard,954,-7.404000141228925,-7.404000141228925,0
adam,standard,955,-7.4040002775465865,-7.4040002775465865,0
adam,standard,956,-7.404000412663943,-7.404000412663943,0
adam,standard,957,-7.404000546566322,-7.404000546566322,0
adam,standard,958,-7.404000679317201,-7.404000679317201,0
adam,standard,959,-7.4040008109074,-7.4040008109074,0
adam,standard,960,-7.404000941297292,-7.404000941297292,0
adam,standard,961,-7.404001070519434,-7.404001070519434,0
adam,standard,962,-7.404001198599992,-7.404001198599992,0
adam,standard,963,-7.404001325509961,-7.404001325509961,0
adam,standard,964,-7.404001451248981,-7.404001451248981,0
adam,standard,965,-7.404001575849541,-7.404001575849541,0
adam,standard,966,-7.404001699307837,-7.404001699307837,0
adam,standard,967,-7.404001821608524,-7.404001821608524,0
adam,standard,968,-7.40400194277031,-7.40400194277031,0
adam,standard,969,-7.404002062808103,-7.404002062808103,0
adam,standard,970,-7.404002181711092,-7.404002181711092,0
adam,standard,971,-7.404002299481524,-7.404002299481524,0
adam,standard,972,-7.404002416137731,-7.404002416137731,0
adam,standard,973,-7.404002531681762,-7.404002531681762,0
adam,standard,974,-7.404002646108858,-7.404002646108858,0
adam,standard,975,-7.404002759429989,-7.404002759429989,0
adam,standard,976,-7.404002871656313,-7.404002871656313,0
adam,standard,977,-7.404002982786431,-7.404002982786431,0
adam,standard,978,-7.404003092823261,-7.404003092823261,0
adam,standard,979,-7.404003201778538,-7.404003201778538,0
adam,standard,980,-7.404003309657848,-7.404003309657848,0
adam,standard,981,-7.404003416461793,-7.404003416461793,0
adam,standard,982,-7.404003522197695,-7.404003522197695,0
adam,standard,983,-7.404003626874922,-7.404003626874922,0
adam,standard,984,-7.404003730497013,-7.404003730497013,0
adam,standard,985,-7.404003833067687,-7.404003833067687,0
adam,standard,986,-7.404003934595524,-7.404003934595524,0
adam,standard,987,-7.404004035087607,-7.404004035087607,0
adam,standard,988,-7.404004134547747,-7.404004134547747,0
adam,standard,989,-7.404004232981913,-7.404004232981913,0
adam,standard,990,-7.404004330398279,-7.404004330398279,0
adam,standard,991,-7.404004426802823,-7.404004426802823,0
adam,standard,992,-7.404004522200417,-7.404004522200417,0
adam,standard,993,-7.404004616598097,-7.404004616598097,0
adam,standard,994,-7.404004710003313,-7.404004710003313,0
adam,standard,995,-7.404004802421838,-7.404004802421838,0
adam,standard,996,-7.404004893859547,-7.404004893859547,0
adam,standard,997,-7.404004984323707,-7.404004984323707,0
adam,standard,998,-7.404005073821351,-7.404005073821351,0
adam,standard,999,-7.404005162358458,-7.404005162358458,0
adam,local_global,0,0.4874285296933075,-4.13531585818547,0
adam,local_global,1,0.48094047381197247,-4.19024179715936,0
adam,local_global,2,0.4743780169451572,-4.245750859300964,0
adam,local_global,3,0.4677677149714842,-4.300941722652606,0
adam,local_global,4,0.46115241883481545,-4.355272822438227,0
adam,local_global,5,0.45455934339860926,-4.408020381791023,0
adam,local_global,6,0.44800054765609315,-4.458542127738444,0
adam,local_global,7,0.44146893319274133,-4.506551622039455,0
adam,local_global,8,0.4349467963937713,-4.551951622154596,0
adam,local_global,9,0.4284239920644283,-4.5947136842011185,0
adam,local_global,10,0.4219002243748621,-4.634863807016687,0
adam,local_global,11,0.4153760492204837,-4.672447648248442,0
adam,local_global,12,0.4088426444858921,-4.707585732786783,0
adam,local_global,13,0.4022812563150047,-4.740596104454859,0
adam,local_global,14,0.3956763072930502,-4.771947860875287,0
adam,local_global,15,0.3890221350740461,-4.8021702659417995,0
adam,local_global,16,0.3823190202522858,-4.83168376001251,0
adam,local_global,17,0.37556984617263345,-4.860821851552406,0
adam,local_global,18,0.3687747369038328,-4.890038436701447,0
adam,local_global,19,0.3619225071310428,-4.919937482174313,0
adam,local_global,20,0.35498994987504123,-4.951109908397655,0
adam,local_global,21,0.34794727856015184,-4.983986687692669,0
adam,local_global,22,0.3407629006504315,-5.018826883813875,0
adam,local_global,23,0.333405446712958,-5.055791400976944,0
adam,local_global,24,0.3258450700549581,-5.095010302511615,0
adam,local_global,25,0.3180566939294989,-5.136600524980254,0
adam,local_global,26,0.3100245808813811,-5.180636168226375,0
adam,local_global,27,0.3017456876537915,-5.227081125611536,0
adam,local_global,28,0.293231900845813,-5.275707814918799,0
adam,local_global,29,0.2845117291484636,-5.326062629418895,0
adam,local_global,30,0.27562882033141095,-5.377522081260805,0
adam,local_global,31,0.26663606767484843,-5.429411094540811,0
adam,local_global,32,0.25758959910501145,-5.481126149497771,0
adam,local_global,33,0.24854575664969109,-5.532233661592616,0
adam,local_global,34,0.23955890003000538,-5.58253618498636,0
adam,local_global,35,0.23067868642103964,-5.63208975605999,0
adam,local_global,36,0.22194842427301983,-5.681143247840241,0
adam,local_global,37,0.21340707269804712,-5.729996356885742,0
adam,local_global,38,0.20509574781259926,-5.778826267910265,0
adam,local_global,39,0.19706438169173063,-5.827575999015507,0
adam,local_global,40,0.1893700120502111,-5.875987251607875,0
adam,local_global,41,0.182060036672826,-5.92376600977267,0
adam,local_global,42,0.17514702533891255,-5.9707733357247,0
adam,local_global,43,0.16859692049137417,-6.017152037147864,0
adam,local_global,44,0.1623435473599501,-6.06337154094512,0
adam,local_global,45,0.15631442227167638,-6.110179702257908,0
adam,local_global,46,0.15044791462596777,-6.1584297995922945,0
adam,local_global,47,0.1446996926110813,-6.208800659581193,0
adam,local_global,48,0.13904411646343628,-6.261611654892406,0
adam,local_global,49,0.13347027233469738,-6.316867122139815,0
adam,local_global,50,0.12796986402360153,-6.374380024014219,0
adam,local_global,51,0.12252381637387288,-6.433832542478034,0
adam,local_global,52,0.11709996332229666,-6.494735247003363,0
adam,local_global,53,0.11167001560911585,-6.556326945004189,0
adam,local_global,54,0.10623710035200254,-6.61753113238479,0
adam,local_global,55,0.10084908397362437,-6.67706749856979,0
adam,local_global,56,0.09558579080457807,-6.733731459704628,0
adam,local_global,57,0.09052780879919904,-6.786755149695693,0
adam,local_global,58,0.08572040861734995,-6.836018044544153,0
adam,local_global,59,0.08115403038085305,-6.8819269773936185,0
adam,local_global,60,0.0767757518930407,-6.925111056808208,0
adam,local_global,61,0.07251677430936893,-6.966190136342953,0
adam,local_global,62,0.06831320762174338,-7.0056998412926,0
adam,local_global,63,0.0641143135660796,-7.0441543552124095,0
adam,local_global,64,0.05988025835504122,-7.082195872492804,0
adam,local_global,65,0.05557485505694564,-7.120686917837552,0
adam,local_global,66,0.05116661755500459,-7.160634369515634,0
adam,local_global,67,0.04664150390985373,-7.202993514799334,0
adam,local_global,68,0.04201408069502504,-7.248425049155367,0
adam,local_global,69,0.03733074182828469,-7.297050786597219,0
adam,local_global,70,0.03266743107151737,-7.348292656223656,0
adam,local_global,71,0.028120295470118958,-7.400845833711314,0
adam,local_global,72,0.023792110918986094,-7.452777208380936,0
adam,local_global,73,0.019783456636962005,-7.501766296485167,0
adam,local_global,74,0.01619042014235378,-7.545528918618428,0
adam,local_global,75,0.013100069492197141,-7.58237313618861,0
adam,local_global,76,0.010573099945860044,-7.611646072459732,0
adam,local_global,77,0.00861828573589786,-7.6337806306068625,0
adam,local_global,78,0.007180380104652357,-7.649909837530749,0
adam,local_global,79,0.006155951345773118,-7.661324874070449,0
adam,local_global,80,0.005428240683388074,-7.669100473641398,0
adam,local_global,81,0.00489904365050922,-7.674033246705071,0
adam,local_global,82,0.004501442070754569,-7.676818182408573,0
adam,local_global,83,0.0041922682416767835,-7.678238412266693,0
adam,local_global,84,0.003937209832974982,-7.679158922565222,0
adam,local_global,85,0.003704228458507448,-7.68032614961876,0
adam,local_global,86,0.0034681122452176714,-7.68215906494481,0
adam,local_global,87,0.0032173657317687253,-7.684692648937086,0
adam,local_global,88,0.0029551151308820573,-7.687696816183264,0
adam,local_global,89,0.0026921726259970438,-7.690868785719783,0
adam,local_global,90,0.0024387042163906986,-7.693979096478055,0
adam,local_global,91,0.0022012529713164673,-7.696924605815837,0
adam,local_global,92,0.001984012519928423,-7.699701112368293,0
adam,local_global,93,0.0017900701686141825,-7.702343770603005,0
adam,local_global,94,0.0016202786077268857,-7.704878323415273,0
adam,local_global,95,0.0014716076909977605,-7.707292640164931,0
adam,local_global,96,0.001338575738929598,-7.709535256804455,0
adam,local_global,97,0.0012167710518852367,-7.711543794573709,0
adam,local_global,98,0.0011047715545045244,-7.71328648216897,0
adam,local_global,99,0.0010028712631185092,-7.71478588213157,0
adam,local_global,100,0.0009104460335908398,-7.716099930736271,0
adam,local_global,101,0.0008254789001241034,-7.717278030422264,0
adam,local_global,102,0.0007463802491245648,-7.718336105355627,0
adam,local_global,103,0.0006730759441585573,-7.719267832475824,0
adam,local_global,104,0.0006060335606162912,-7.7200723615379045,0
adam,local_global,105,0.0005447090706564895,-7.720767517244612,0
adam,local_global,106,0.0004875593422873058,-7.721378845671359,0
adam,local_global,107,0.00043363073218228177,-7.721922634682908,0
adam,local_global,108,0.0003835439711217876,-7.722401342504535,0
adam,local_global,109,0.00033866898089843304,-7.722811361302729,0
adam,local_global,110,0.0002996265680039981,-7.723151592629673,0
adam,local_global,111,0.0002658533936315077,-7.723426299411217,0
adam,local_global,112,0.0002364469041242291,-7.72364627614879,0
adam,local_global,113,0.00021089371374311854,-7.723830307926922,0
adam,local_global,114,0.00018887307905942743,-7.724002147043164,0
adam,local_global,115,0.00016981619274165054,-7.724181788441936,0
adam,local_global,116,0.0001529867033329767,-7.724377131131803,0
adam,local_global,117,0.00013796445450515413,-7.724584435820611,0
adam,local_global,118,0.00012472411726575537,-7.72479701780849,0
adam,local_global,119,0.00011312421966704325,-7.72501187292996,0
adam,local_global,120,0.00010260308349740796,-7.7252282130765755,0
adam,local_global,121,9.251277388307562e-05,-7.72544159374651,0
adam,local_global,122,8.267035421751839e-05,-7.725641617348025,0
adam,local_global,123,7.343866332547759e-05,-7.725815775213283,0
adam,local_global,124,6.530053149282298e-05,-7.725954857922917,0
adam,local_global,125,5.851368110903993e-05,-7.726055824304123,0
adam,local_global,126,5.312746776088784e-05,-7.726121643304561,0
adam,local_global,127,4.913851748594332e-05,-7.726159825997695,0
adam,local_global,128,4.6462650907627456e-05,-7.726179999522055,0
adam,local_global,129,4.482099334318644e-05,-7.726190508708685,0
adam,local_global,130,4.381731787690358e-05,-7.726196289305063,0
adam,local_global,131,4.312669508648687e-05,-7.7261998763992175,0
adam,local_global,132,4.2544880605119116e-05,-7.726204476162663,0
adam,local_global,133,4.1841223996277474e-05,-7.726215440931577,0
adam,local_global,134,4.066731640864418e-05,-7.726238126062749,0
adam,local_global,135,3.870789397167466e-05,-7.72627433893704,0
adam,local_global,136,3.590772740250975e-05,-7.726320908054241,0
adam,local_global,137,3.251637493694953e-05,-7.726371484617776,0
adam,local_global,138,2.892197726862869e-05,-7.726419690787959,0
adam,local_global,139,2.5469803305683555e-05,-7.726461461112172,0
adam,local_global,140,2.2389213174320537e-05,-7.726495834152447,0
adam,local_global,141,1.9784320643104647e-05,-7.726524343905885,0
adam,local_global,142,1.7634080111653142e-05,-7.726549477323343,0
adam,local_global,143,1.582194949171102e-05,-7.726572942511029,0
adam,local_global,144,1.4221812844627402e-05,-7.7265948904343436,0
adam,local_global,145,1.2772694863774248e-05,-7.726614614718677,0
adam,local_global,146,1.146551060728782e-05,-7.726631817614141,0
adam,local_global,147,1.0280082248300113e-05,-7.726647115763927,0
adam,local_global,148,9.16351475451143e-06,-7.726661427809888,0
adam,local_global,149,8.074516425913405e-06,-7.726675103035057,0
adam,local_global,150,-7.726675103035057,-7.726650130975691,1
adam,local_global,151,-7.726650130975691,-7.725235273341887,0
adam,local_global,152,-7.725235273341887,-7.724052947958088,0
adam,local_global,153,-7.724052947958088,-7.723200187307619,0
adam,local_global,154,-7.723200187307619,-7.724831670845056,0
adam,local_global,155,-7.724831670845056,-7.724114659321113,0
adam,local_global,156,-7.724114659321113,-7.725918480164598,0
adam,local_global,157,-7.725918480164598,-7.724336808122925,0
adam,local_global,158,-7.724336808122925,-7.725867443143846,0
adam,local_global,159,-7.725867443143846,-7.725624691565814,0
adam,local_global,160,-7.725624691565814,-7.725127562636564,0
adam,local_global,161,-7.725127562636564,-7.726339691980686,0
adam,local_global,162,-7.726339691980686,-7.725699111676368,0
adam,local_global,163,-7.725699111676368,-7.72576113165517,0
adam,local_global,164,-7.72576113165517,-7.726425509230895,0
adam,local_global,165,-7.726425509230895,-7.72598934689498,0
adam,local_global,166,-7.72598934689498,-7.726117761766232,0
adam,local_global,167,-7.726117761766232,-7.7264288940642585,0
adam,local_global,168,-7.7264288940642585,-7.726266028288311,0
adam,local_global,169,-7.726266028288311,-7.726311444627943,0
adam,local_global,170,-7.726311444627943,-7.72648104425102,0
adam,local_global,171,-7.72648104425102,-7.726454027025761,0
adam,local_global,172,-7.726454027025761,-7.726456666471945,0
adam,local_global,173,-7.726456666471945,-7.72652593494526,0
adam,local_global,174,-7.72652593494526,-7.726555181379452,0
adam,local_global,175,-7.726555181379452,-7.726563540441654,0
adam,local_global,176,-7.726563540441654,-7.726584120507614,0
adam,local_global,177,-7.726584120507614,-7.726609276950139,0
adam,local_global,178,-7.726609276950139,-7.726645974728379,0
adam,local_global,179,-7.726645974728379,-7.726636178295236,0
adam,local_global,180,-7.726636178295236,-7.726635481548282,0
adam,local_global,181,-7.726635481548282,-7.726703902436207,0
adam,local_global,182,-7.726703902436207,-7.726679962367023,0
adam,local_global,183,-7.726679962367023,-7.726663585057013,0
adam,local_global,184,-7.726663585057013,-7.726736418394251,0
adam,local_global,185,-7.726736418394251,-7.726714249338274,0
adam,local_global,186,-7.726714249338274,-7.726685904630368,0
adam,local_global,187,-7.726685904630368,-7.72675409506604,0
adam,local_global,188,-7.72675409506604,-7.726736920149678,0
adam,local_global,189,-7.726736920149678,-7.726711831469231,0
adam,local_global,190,-7.726711831469231,-7.72676306270826,0
adam,local_global,191,-7.72676306270826,-7.72675171352549,0
adam,local_global,192,-7.72675171352549,-7.726735138792977,0
adam,local_global,193,-7.726735138792977,-7.726766681073526,0
adam,local_global,194,-7.726766681073526,-7.726762057880769,0
adam,local_global,195,-7.726762057880769,-7.726754887918461,0
adam,local_global,196,-7.726754887918461,-7.726769958622926,0
adam,local_global,197,-7.726769958622926,-7.726769160362045,0
adam,local_global,198,-7.726769160362045,-7.726768548265842,0
adam,local_global,199,-7.726768548265842,-7.726771948584017,0
adam,local_global,200,-7.726771948584017,-7.726774513997747,0
adam,local_global,201,-7.726774513997747,-7.7267774765466175,0
adam,local_global,202,-7.7267774765466175,-7.72677523602076,0
adam,local_global,203,-7.72677523602076,-7.7267794018379075,0
adam,local_global,204,-7.7267794018379075,-7.7267818834914905,0
adam,local_global,205,-7.7267818834914905,-7.726778393823263,0
adam,local_global,206,-7.726778393823263,-7.726781982096338,0
adam,local_global,207,-7.726781982096338,-7.726783700310997,0
adam,local_global,208,-7.726783700310997,-7.726781875237753,0
adam,local_global,209,-7.726781875237753,-7.726783977320766,0
adam,local_global,210,-7.726783977320766,-7.726785291935839,0
adam,local_global,211,-7.726785291935839,-7.726784930120497,0
adam,local_global,212,-7.726784930120497,-7.726784982928568,0
adam,local_global,213,-7.726784982928568,-7.726785860430045,0
adam,local_global,214,-7.726785860430045,-7.726786409434471,0
adam,local_global,215,-7.726786409434471,-7.726784630160681,0
adam,local_global,216,-7.726784630160681,-7.726785655650978,0
adam,local_global,217,-7.726785655650978,-7.7267857591124995,0
adam,local_global,218,-7.7267857591124995,-7.726782655891454,0
adam,local_global,219,-7.726782655891454,-7.726782897365769,0
adam,local_global,220,-7.726782897365769,-7.726781128533204,0
adam,local_global,221,-7.726781128533204,-7.726777224675019,0
adam,local_global,222,-7.726777224675019,-7.726777129963452,0
adam,local_global,223,-7.726777129963452,-7.7267767448773625,0
adam,local_global,224,-7.7267767448773625,-7.726778025441838,0
adam,local_global,225,-7.726778025441838,-7.726783259926559,0
adam,local_global,226,-7.726783259926559,-7.726787298708808,0
adam,local_global,227,-7.726787298708808,-7.726789455628329,0
adam,local_global,228,-7.726789455628329,-7.726789853269285,0
adam,local_global,229,-7.726789853269285,-7.726787793576245,0
adam,local_global,230,-7.726787793576245,-7.726785534306786,0
adam,local_global,231,-7.726785534306786,-7.726784526702319,0
adam,local_global,232,-7.726784526702319,-7.726785218947205,0
adam,local_global,233,-7.726785218947205,-7.726787107062584,0
adam,local_global,234,-7.726787107062584,-7.726789136282256,0
adam,local_global,235,-7.726789136282256,-7.726790469673305,0
adam,local_global,236,-7.726790469673305,-7.726790252299414,0
adam,local_global,237,-7.726790252299414,-7.726789188516628,0
adam,local_global,238,-7.726789188516628,-7.726788223824377,0
adam,local_global,239,-7.726788223824377,-7.726787529643796,0
adam,local_global,240,-7.726787529643796,-7.726787665853925,0
adam,local_global,241,-7.726787665853925,-7.726788488762264,0
adam,local_global,242,-7.726788488762264,-7.726789302584592,0
adam,local_global,243,-7.726789302584592,-7.726789808111679,0
adam,local_global,244,-7.726789808111679,-7.726789915682626,0
adam,local_global,245,-7.726789915682626,-7.7267895670471,0
adam,local_global,246,-7.7267895670471,-7.726789031526902,0
adam,local_global,247,-7.726789031526902,-7.726788789764893,0
adam,local_global,248,-7.726788789764893,-7.726788799244707,0
adam,local_global,249,-7.726788799244707,-7.726789062813086,0
adam,local_global,250,-7.726789062813086,-7.72678966253031,0
adam,local_global,251,-7.72678966253031,-7.726790159326181,0
adam,local_global,252,-7.726790159326181,-7.726790517705913,0
adam,local_global,253,-7.726790517705913,-7.726790794654206,0
adam,local_global,254,-7.726790794654206,-7.7267907796132125,0
adam,local_global,255,-7.7267907796132125,-7.726790673072642,0
adam,local_global,256,-7.726790673072642,-7.726790557428756,0
adam,local_global,257,-7.726790557428756,-7.726790371200948,0
adam,local_global,258,-7.726790371200948,-7.726790264203423,0
adam,local_global,259,-7.726790264203423,-7.726790212252991,0
adam,local_global,260,-7.726790212252991,-7.7267901521121,0
adam,local_global,261,-7.7267901521121,-7.726790114745428,0
adam,local_global,262,-7.726790114745428,-7.726790044909868,0
adam,local_global,263,-7.726790044909868,-7.726789917900009,0
adam,local_global,264,-7.726789917900009,-7.726789743597586,0
adam,local_global,265,-7.726789743597586,-7.726789507787783,0
adam,local_global,266,-7.726789507787783,-7.726789208449653,0
adam,local_global,267,-7.726789208449653,-7.726788831421638,0
adam,local_global,268,-7.726788831421638,-7.726788365939687,0
adam,local_global,269,-7.726788365939687,-7.726787791712429,0
adam,local_global,270,-7.726787791712429,-7.726787072606343,0
adam,local_global,271,-7.726787072606343,-7.726786216781859,0
adam,local_global,272,-7.726786216781859,-7.7267852239006105,0
adam,local_global,273,-7.7267852239006105,-7.726784150186298,0
adam,local_global,274,-7.726784150186298,-7.726783159843759,0
adam,local_global,275,-7.726783159843759,-7.7267824511428405,0
adam,local_global,276,-7.7267824511428405,-7.726782315104127,0
adam,local_global,277,-7.726782315104127,-7.726782980791157,0
adam,local_global,278,-7.726782980791157,-7.726784444184269,0
adam,local_global,279,-7.726784444184269,-7.726786449842653,0
adam,local_global,280,-7.726786449842653,-7.726788486188226,0
adam,local_global,281,-7.726788486188226,-7.726790039071527,0
adam,local_global,282,-7.726790039071527,-7.726790825380745,0
adam,local_global,283,-7.726790825380745,-7.726790825606173,0
adam,local_global,284,-7.726790825606173,-7.726790251432402,0
adam,local_global,285,-7.726790251432402,-7.726789389669859,0
adam,local_global,286,-7.726789389669859,-7.726788508215396,0
adam,local_global,287,-7.726788508215396,-7.726787815199086,0
adam,local_global,288,-7.726787815199086,-7.726787432784843,0
adam,local_global,289,-7.726787432784843,-7.726787405779119,0
adam,local_global,290,-7.726787405779119,-7.726787692333305,0
adam,local_global,291,-7.726787692333305,-7.72678818899275,0
adam,local_global,292,-7.72678818899275,-7.726788755400044,0
adam,local_global,293,-7.726788755400044,-7.726789254446119,0
adam,local_global,294,-7.726789254446119,-7.726789600421034,0
adam,local_global,295,-7.726789600421034,-7.726789768318217,0
adam,local_global,296,-7.726789768318217,-7.726789801075267,0
adam,local_global,297,-7.726789801075267,-7.726789781503998,0
adam,local_global,298,-7.726789781503998,-7.726789787223166,0
adam,local_global,299,-7.726789787223166,-7.726789852764941,0
adam,local_global,300,-7.726789852764941,-7.726789943049616,0
adam,local_global,301,-7.726789943049616,-7.726789976963128,0
adam,local_global,302,-7.726789976963128,-7.726789874628739,0
adam,local_global,303,-7.726789874628739,-7.726789597433828,0
adam,local_global,304,-7.726789597433828,-7.726789152186634,0
adam,local_global,305,-7.726789152186634,-7.726788570908303,0
adam,local_global,306,-7.726788570908303,-7.7267878874023035,0
adam,local_global,307,-7.7267878874023035,-7.726787119226861,0
adam,local_global,308,-7.726787119226861,-7.726786263217371,0
adam,local_global,309,-7.726786263217371,-7.726785286382168,0
adam,local_global,310,-7.726785286382168,-7.726784115382313,0
adam,local_global,311,-7.726784115382313,-7.726782593446733,0
adam,local_global,312,-7.726782593446733,-7.7267803654635205,0
adam,local_global,313,-7.7267803654635205,-7.7267765684924266,0
adam,local_global,314,-7.7267765684924266,-7.726769346081189,0
adam,local_global,315,-7.726769346081189,-7.726755764389763,0
adam,local_global,316,-7.726755764389763,-7.726735677606554,0
adam,local_global,317,-7.726735677606554,-7.726722851995294,0
adam,local_global,318,-7.726722851995294,-7.726740019952771,0
adam,local_global,319,-7.726740019952771,-7.72676877656158,0
adam,local_global,320,-7.72676877656158,-7.726760665582358,0
adam,local_global,321,-7.726760665582358,-7.726726272693478,0
adam,local_global,322,-7.726726272693478,-7.726719531593475,0
adam,local_global,323,-7.726719531593475,-7.72674455865262,0
adam,local_global,324,-7.72674455865262,-7.726758543621764,0
adam,local_global,325,-7.726758543621764,-7.726761854087535,0
adam,local_global,326,-7.726761854087535,-7.726776890170292,0
adam,local_global,327,-7.726776890170292,-7.726781606490897,0
adam,local_global,328,-7.726781606490897,-7.726761371469593,0
adam,local_global,329,-7.726761371469593,-7.726754721250597,0
adam,local_global,330,-7.726754721250597,-7.726775027175943,0
adam,local_global,331,-7.726775027175943,-7.72678559219493,0
adam,local_global,332,-7.72678559219493,-7.726778785455214,0
adam,local_global,333,-7.726778785455214,-7.72677682356696,0
adam,local_global,334,-7.72677682356696,-7.726777544477712,0
adam,local_global,335,-7.726777544477712,-7.726775650764918,0
adam,local_global,336,-7.726775650764918,-7.726781923962787,0
adam,local_global,337,-7.726781923962787,-7.726789715879045,0
adam,local_global,338,-7.726789715879045,-7.726784855765012,0
adam,local_global,339,-7.726784855765012,-7.7267785578663535,0
adam,local_global,340,-7.7267785578663535,-7.726782652969186,0
adam,local_global,341,-7.726782652969186,-7.72678733818744,0
adam,local_global,342,-7.72678733818744,-7.72678676123552,0
adam,local_global,343,-7.72678676123552,-7.726786473877555,0
adam,local_global,344,-7.726786473877555,-7.7267857050535715,0
adam,local_global,345,-7.7267857050535715,-7.726782966076866,0
adam,local_global,346,-7.726782966076866,-7.726783333583766,0
adam,local_global,347,-7.726783333583766,-7.72678545408148,0
adam,local_global,348,-7.72678545408148,-7.726782522076451,0
adam,local_global,349,-7.726782522076451,-7.726776193874961,0
adam,local_global,350,-7.726776193874961,-7.7267723518779645,0
adam,local_global,351,-7.7267723518779645,-7.726772060527365,0
adam,local_global,352,-7.726772060527365,-7.72677337105568,0
adam,local_global,353,-7.72677337105568,-7.726772493846408,0
adam,local_global,354,-7.726772493846408,-7.726767751276831,0
adam,local_global,355,-7.726767751276831,-7.726764093503488,0
adam,local_global,356,-7.726764093503488,-7.726767184405769,0
adam,local_global,357,-7.726767184405769,-7.726774352909619,0
adam,local_global,358,-7.726774352909619,-7.726780881873029,0
adam,local_global,359,-7.726780881873029,-7.72678647806922,0
adam,local_global,360,-7.72678647806922,-7.726789206986763,0
adam,local_global,361,-7.726789206986763,-7.726786003699317,0
adam,local_global,362,-7.726786003699317,-7.726780430698059,0
adam,local_global,363,-7.726780430698059,-7.726777718538119,0
adam,local_global,364,-7.726777718538119,-7.726777675939273,0
adam,local_global,365,-7.726777675939273,-7.726779878089994,0
adam,local_global,366,-7.726779878089994,-7.726785141649259,0
adam,local_global,367,-7.726785141649259,-7.726789676186236,0
adam,local_global,368,-7.726789676186236,-7.72678930106794,0
adam,local_global,369,-7.72678930106794,-7.726786229208119,0
adam,local_global,370,-7.726786229208119,-7.726784480698493,0
adam,local_global,371,-7.726784480698493,-7.726785036254891,0
adam,local_global,372,-7.726785036254891,-7.726786774399837,0
adam,local_global,373,-7.726786774399837,-7.726788131790691,0
adam,local_global,374,-7.726788131790691,-7.726788659078945,0
adam,local_global,375,-7.726788659078945,-7.726789377623824,0
adam,local_global,376,-7.726789377623824,-7.726790085530755,0
adam,local_global,377,-7.726790085530755,-7.726789285761585,0
adam,local_global,378,-7.726789285761585,-7.726787870894415,0
adam,local_global,379,-7.726787870894415,-7.726788017946539,0
adam,local_global,380,-7.726788017946539,-7.726789180490473,0
adam,local_global,381,-7.726789180490473,-7.726789637932428,0
adam,local_global,382,-7.726789637932428,-7.7267897594781925,0
adam,local_global,383,-7.7267897594781925,-7.726790339284973,0
adam,local_global,384,-7.726790339284973,-7.726790693179246,0
adam,local_global,385,-7.726790693179246,-7.726790310069654,0
adam,local_global,386,-7.726790310069654,-7.726789845242239,0
adam,local_global,387,-7.726789845242239,-7.726789796097625,0
adam,local_global,388,-7.726789796097625,-7.7267899447232455,0
adam,local_global,389,-7.7267899447232455,-7.726790045908865,0
adam,local_global,390,-7.726790045908865,-7.726790141472826,0
adam,local_global,391,-7.726790141472826,-7.726790342692425,0
adam,local_global,392,-7.726790342692425,-7.726790579947628,0
adam,local_global,393,-7.726790579947628,-7.726790596505229,0
adam,local_global,394,-7.726790596505229,-7.726790310262511,0
adam,local_global,395,-7.726790310262511,-7.726789915633809,0
adam,local_global,396,-7.726789915633809,-7.726789417373739,0
adam,local_global,397,-7.726789417373739,-7.726788533813482,0
adam,local_global,398,-7.726788533813482,-7.726787290935878,0
adam,local_global,399,-7.726787290935878,-7.726786316500374,0
adam,local_global,400,-7.726786316500374,-7.726786442965844,0
adam,local_global,401,-7.726786442965844,-7.726787944735404,0
adam,local_global,402,-7.726787944735404,-7.72678985899215,0
adam,local_global,403,-7.72678985899215,-7.726790658711131,0
adam,local_global,404,-7.726790658711131,-7.726789952593996,0
adam,local_global,405,-7.726789952593996,-7.7267888643253775,0
adam,local_global,406,-7.7267888643253775,-7.726788788236704,0
adam,local_global,407,-7.726788788236704,-7.726789836114282,0
adam,local_global,408,-7.726789836114282,-7.72679069660036,0
adam,local_global,409,-7.72679069660036,-7.726790433166869,0
adam,local_global,410,-7.726790433166869,-7.7267896374541865,0
adam,local_global,411,-7.7267896374541865,-7.72678942711112,0
adam,local_global,412,-7.72678942711112,-7.726789950822468,0
adam,local_global,413,-7.726789950822468,-7.726790316833749,0
adam,local_global,414,-7.726790316833749,-7.7267899052981015,0
adam,local_global,415,-7.7267899052981015,-7.726789106178015,0
adam,local_global,416,-7.726789106178015,-7.72678856382417,0
adam,local_global,417,-7.72678856382417,-7.726788178571332,0
adam,local_global,418,-7.726788178571332,-7.726787182759889,0
adam,local_global,419,-7.726787182759889,-7.726785010499137,0
adam,local_global,420,-7.726785010499137,-7.726781581065958,0
adam,local_global,421,-7.726781581065958,-7.726776710455726,0
adam,local_global,422,-7.726776710455726,-7.726769738425588,0
adam,local_global,423,-7.726769738425588,-7.726760418880939,0
adam,local_global,424,-7.726760418880939,-7.726750304274176,0
adam,local_global,425,-7.726750304274176,-7.72674223635443,0
adam,local_global,426,-7.72674223635443,-7.726736705311697,0
adam,local_global,427,-7.726736705311697,-7.726731380430197,0
adam,local_global,428,-7.726731380430197,-7.726725668354412,0
adam,local_global,429,-7.726725668354412,-7.7267231500557205,0
adam,local_global,430,-7.7267231500557205,-7.726729383477715,0
adam,local_global,431,-7.726729383477715,-7.726746528097819,0
adam,local_global,432,-7.726746528097819,-7.7267673233301934,0
adam,local_global,433,-7.7267673233301934,-7.7267777610802435,0
adam,local_global,434,-7.7267777610802435,-7.726771915120731,0
adam,local_global,435,-7.726771915120731,-7.7267603402781155,0
adam,local_global,436,-7.7267603402781155,-7.72675784618047,0
adam,local_global,437,-7.72675784618047,-7.726767628933105,0
adam,local_global,438,-7.726767628933105,-7.726779819751581,0
adam,local_global,439,-7.726779819751581,-7.726784882869661,0
adam,local_global,440,-7.726784882869661,-7.726782275169289,0
adam,local_global,441,-7.726782275169289,-7.726776336306332,0
adam,local_global,442,-7.726776336306332,-7.726772375665802,0
adam,local_global,443,-7.726772375665802,-7.7267754658299515,0
adam,local_global,444,-7.7267754658299515,-7.726784161457714,0
adam,local_global,445,-7.726784161457714,-7.726789557470472,0
adam,local_global,446,-7.726789557470472,-7.726786897682708,0
adam,local_global,447,-7.726786897682708,-7.726782002691708,0
adam,local_global,448,-7.726782002691708,-7.726781689712847,0
adam,local_global,449,-7.726781689712847,-7.7267848845884295,0
adam,local_global,450,-7.7267848845884295,-7.7267870870175726,0
adam,local_global,451,-7.7267870870175726,-7.726787225126722,0
adam,local_global,452,-7.726787225126722,-7.726786730380647,0
adam,local_global,453,-7.726786730380647,-7.726786703694809,0
adam,local_global,454,-7.726786703694809,-7.7267877043639945,0
adam,local_global,455,-7.7267877043639945,-7.7267892070017545,0
adam,local_global,456,-7.7267892070017545,-7.726789539432131,0
adam,local_global,457,-7.726789539432131,-7.726788269706812,0
adam,local_global,458,-7.726788269706812,-7.726787159630442,0
adam,local_global,459,-7.726787159630442,-7.726787609678815,0
adam,local_global,460,-7.726787609678815,-7.726789028057199,0
adam,local_global,461,-7.726789028057199,-7.7267902391849095,0
adam,local_global,462,-7.7267902391849095,-7.726790717208276,0
adam,local_global,463,-7.726790717208276,-7.726790340009171,0
adam,local_global,464,-7.726790340009171,-7.726789425956273,0
adam,local_global,465,-7.726789425956273,-7.726788850269844,0
adam,local_global,466,-7.726788850269844,-7.726789061502951,0
adam,local_global,467,-7.726789061502951,-7.726789345314113,0
adam,local_global,468,-7.726789345314113,-7.726788654106607,0
adam,local_global,469,-7.726788654106607,-7.726786517405985,0
adam,local_global,470,-7.726786517405985,-7.7267827838752385,0
adam,local_global,471,-7.7267827838752385,-7.726777819741341,0
adam,local_global,472,-7.726777819741341,-7.726774719337924,0
adam,local_global,473,-7.726774719337924,-7.726778715214233,0
adam,local_global,474,-7.726778715214233,-7.726787680205456,0
adam,local_global,475,-7.726787680205456,-7.726790735051106,0
adam,local_global,476,-7.726790735051106,-7.726785557456832,0
adam,local_global,477,-7.726785557456832,-7.726782158480245,0
adam,local_global,478,-7.726782158480245,-7.726786425258811,0
adam,local_global,479,-7.726786425258811,-7.726790521777508,0
adam,local_global,480,-7.726790521777508,-7.72678801848047,0
adam,local_global,481,-7.72678801848047,-7.726785446531286,0
adam,local_global,482,-7.726785446531286,-7.72678827633002,0
adam,local_global,483,-7.72678827633002,-7.726790682387528,0
adam,local_global,484,-7.726790682387528,-7.726788518840874,0
adam,local_global,485,-7.726788518840874,-7.726787264529354,0
adam,local_global,486,-7.726787264529354,-7.72678966467303,0
adam,local_global,487,-7.72678966467303,-7.726790697967553,0
adam,local_global,488,-7.726790697967553,-7.726788984574012,0
adam,local_global,489,-7.726788984574012,-7.726788881889072,0
adam,local_global,490,-7.726788881889072,-7.726790564666069,0
adam,local_global,491,-7.726790564666069,-7.726790422992043,0
adam,local_global,492,-7.726790422992043,-7.726789206000072,0
adam,local_global,493,-7.726789206000072,-7.726789717343968,0
adam,local_global,494,-7.726789717343968,-7.726790670060445,0
adam,local_global,495,-7.726790670060445,-7.7267900740301005,0
adam,local_global,496,-7.7267900740301005,-7.726789433917838,0
adam,local_global,497,-7.726789433917838,-7.726789938422825,0
adam,local_global,498,-7.726789938422825,-7.726790005749774,0
adam,local_global,499,-7.726790005749774,-7.726788983819805,0
adam,local_global,500,-7.726788983819805,-7.726788190384331,0
adam,local_global,501,-7.726788190384331,-7.726787642838897,0
adam,local_global,502,-7.726787642838897,-7.72678597154629,0
adam,local_global,503,-7.72678597154629,-7.7267830371439,0
adam,local_global,504,-7.7267830371439,-7.726779327556166,0
adam,local_global,505,-7.726779327556166,-7.726774062239203,0
adam,local_global,506,-7.726774062239203,-7.7267663036594,0
adam,local_global,507,-7.7267663036594,-7.726756985029935,0
adam,local_global,508,-7.726756985029935,-7.726748581944273,0
adam,local_global,509,-7.726748581944273,-7.726744817778767,0
adam,local_global,510,-7.726744817778767,-7.726749592415156,0
adam,local_global,511,-7.726749592415156,-7.726763540074428,0
adam,local_global,512,-7.726763540074428,-7.726780108271708,0
adam,local_global,513,-7.726780108271708,-7.7267898487325475,0
adam,local_global,514,-7.7267898487325475,-7.72678866592884,0
adam,local_global,515,-7.72678866592884,-7.726780492376733,0
adam,local_global,516,-7.726780492376733,-7.726772932916891,0
adam,local_global,517,-7.726772932916891,-7.726771824399093,0
adam,local_global,518,-7.726771824399093,-7.726777842398889,0
adam,local_global,519,-7.726777842398889,-7.7267861229694175,0
adam,local_global,520,-7.7267861229694175,-7.726790455839501,0
adam,local_global,521,-7.726790455839501,-7.72678858774958,0
adam,local_global,522,-7.72678858774958,-7.7267834720613715,0
adam,local_global,523,-7.7267834720613715,-7.726779884896514,0
adam,local_global,524,-7.726779884896514,-7.726780319730184,0
adam,local_global,525,-7.726780319730184,-7.726783472884004,0
adam,local_global,526,-7.726783472884004,-7.726786025531546,0
adam,local_global,527,-7.726786025531546,-7.726785779931716,0
adam,local_global,528,-7.726785779931716,-7.726783439991245,0
adam,local_global,529,-7.726783439991245,-7.726781656887451,0
adam,local_global,530,-7.726781656887451,-7.726782427942469,0
adam,local_global,531,-7.726782427942469,-7.726785305286529,0
adam,local_global,532,-7.726785305286529,-7.72678778993238,0
adam,local_global,533,-7.72678778993238,-7.7267875133859425,0
adam,local_global,534,-7.7267875133859425,-7.726783780701007,0
adam,local_global,535,-7.726783780701007,-7.726777359628552,0
adam,local_global,536,-7.726777359628552,-7.726769223953268,0
adam,local_global,537,-7.726769223953268,-7.726759847856019,0
adam,local_global,538,-7.726759847856019,-7.726750473371438,0
adam,local_global,539,-7.726750473371438,-7.726745915751292,0
adam,local_global,540,-7.726745915751292,-7.726753405187852,0
adam,local_global,541,-7.726753405187852,-7.726772038082688,0
adam,local_global,542,-7.726772038082688,-7.726786565617611,0
adam,local_global,543,-7.726786565617611,-7.7267844110018915,0
adam,local_global,544,-7.7267844110018915,-7.726772198244095,0
adam,local_global,545,-7.726772198244095,-7.7267667844064665,0
adam,local_global,546,-7.7267667844064665,-7.726774889800647,0
adam,local_global,547,-7.726774889800647,-7.726784542267437,0
adam,local_global,548,-7.726784542267437,-7.726782176480071,0
adam,local_global,549,-7.726782176480071,-7.726772356162279,0
adam,local_global,550,-7.726772356162279,-7.726769308936385,0
adam,local_global,551,-7.726769308936385,-7.726774338734123,0
adam,local_global,552,-7.726774338734123,-7.726773101271404,0
adam,local_global,553,-7.726773101271404,-7.726756168544882,0
adam,local_global,554,-7.726756168544882,-7.726729863876363,0
adam,local_global,555,-7.726729863876363,-7.726705744458534,0
adam,local_global,556,-7.726705744458534,-7.726693040847684,0
adam,local_global,557,-7.726693040847684,-7.726703418754649,0
adam,local_global,558,-7.726703418754649,-7.726740329099371,0
adam,local_global,559,-7.726740329099371,-7.726777178664119,0
adam,local_global,560,-7.726777178664119,-7.7267816332424735,0
adam,local_global,561,-7.7267816332424735,-7.726757737174905,0
adam,local_global,562,-7.726757737174905,-7.726740913697829,0
adam,local_global,563,-7.726740913697829,-7.726755218723259,0
adam,local_global,564,-7.726755218723259,-7.726781869859459,0
adam,local_global,565,-7.726781869859459,-7.72678690121131,0
adam,local_global,566,-7.72678690121131,-7.726770681943825,0
adam,local_global,567,-7.726770681943825,-7.726762386015405,0
adam,local_global,568,-7.726762386015405,-7.726774954684486,0
adam,local_global,569,-7.726774954684486,-7.72678874872004,0
adam,local_global,570,-7.72678874872004,-7.726785254196851,0
adam,local_global,571,-7.726785254196851,-7.726774368988994,0
adam,local_global,572,-7.726774368988994,-7.7267749267048815,0
adam,local_global,573,-7.7267749267048815,-7.72678541392607,0
adam,local_global,574,-7.72678541392607,-7.726789713658189,0
adam,local_global,575,-7.726789713658189,-7.726783982094092,0
adam,local_global,576,-7.726783982094092,-7.7267800290770445,0
adam,local_global,577,-7.7267800290770445,-7.726784514226683,0
adam,local_global,578,-7.726784514226683,-7.726789980260041,0
adam,local_global,579,-7.726789980260041,-7.726788868900492,0
adam,local_global,580,-7.726788868900492,-7.7267848259553125,0
adam,local_global,581,-7.7267848259553125,-7.726784944264542,0
adam,local_global,582,-7.726784944264542,-7.726788644255729,0
adam,local_global,583,-7.726788644255729,-7.726790193864346,0
adam,local_global,584,-7.726790193864346,-7.726788196779917,0
adam,local_global,585,-7.726788196779917,-7.72678666370617,0
adam,local_global,586,-7.72678666370617,-7.726788059872581,0
adam,local_global,587,-7.726788059872581,-7.726790020057152,0
adam,local_global,588,-7.726790020057152,-7.726789670411101,0
adam,local_global,589,-7.726789670411101,-7.726787859725459,0
adam,local_global,590,-7.726787859725459,-7.726787187032621,0
adam,local_global,591,-7.726787187032621,-7.726787924366799,0
adam,local_global,592,-7.726787924366799,-7.726788230869661,0
adam,local_global,593,-7.726788230869661,-7.726787583813917,0
adam,local_global,594,-7.726787583813917,-7.726787575520011,0
adam,local_global,595,-7.726787575520011,-7.726789062817057,0
adam,local_global,596,-7.726789062817057,-7.726790592620174,0
adam,local_global,597,-7.726790592620174,-7.726790522194396,0
adam,local_global,598,-7.726790522194396,-7.726789278320146,0
adam,local_global,599,-7.726789278320146,-7.726788602015798,0
adam,local_global,600,-7.726788602015798,-7.72678925819059,0
adam,local_global,601,-7.72678925819059,-7.726790265441196,0
adam,local_global,602,-7.726790265441196,-7.726790355946584,0
adam,local_global,603,-7.726790355946584,-7.726789518967942,0
adam,local_global,604,-7.726789518967942,-7.726788674270985,0
adam,local_global,605,-7.726788674270985,-7.726788291101386,0
adam,local_global,606,-7.726788291101386,-7.726787814188363,0
adam,local_global,607,-7.726787814188363,-7.726786300505352,0
adam,local_global,608,-7.726786300505352,-7.726783227430434,0
adam,local_global,609,-7.726783227430434,-7.726778402076933,0
adam,local_global,610,-7.726778402076933,-7.72677128973304,0
adam,local_global,611,-7.72677128973304,-7.726760800071507,0
adam,local_global,612,-7.726760800071507,-7.726746448495299,0
adam,local_global,613,-7.726746448495299,-7.7267303364086946,0
adam,local_global,614,-7.7267303364086946,-7.726719465154531,0
adam,local_global,615,-7.726719465154531,-7.726723319704911,0
adam,local_global,616,-7.726723319704911,-7.726745407484239,0
adam,local_global,617,-7.726745407484239,-7.726773792991152,0
adam,local_global,618,-7.726773792991152,-7.726789330274566,0
adam,local_global,619,-7.726789330274566,-7.726784119858016,0
adam,local_global,620,-7.726784119858016,-7.726767839096138,0
adam,local_global,621,-7.726767839096138,-7.726757370558888,0
adam,local_global,622,-7.726757370558888,-7.72676232489623,0
adam,local_global,623,-7.72676232489623,-7.726777167448245,0
adam,local_global,624,-7.726777167448245,-7.726787308001167,0
adam,local_global,625,-7.726787308001167,-7.726784978201311,0
adam,local_global,626,-7.726784978201311,-7.726775931909603,0
adam,local_global,627,-7.726775931909603,-7.726771281219147,0
adam,local_global,628,-7.726771281219147,-7.726775610847523,0
adam,local_global,629,-7.726775610847523,-7.726783143705443,0
adam,local_global,630,-7.726783143705443,-7.726785118448034,0
adam,local_global,631,-7.726785118448034,-7.726779670868455,0
adam,local_global,632,-7.726779670868455,-7.726773105981322,0
adam,local_global,633,-7.726773105981322,-7.726772624379067,0
adam,local_global,634,-7.726772624379067,-7.726779223594659,0
adam,local_global,635,-7.726779223594659,-7.726786980824794,0
adam,local_global,636,-7.726786980824794,-7.726789766403536,0
adam,local_global,637,-7.726789766403536,-7.72678710722986,0
adam,local_global,638,-7.72678710722986,-7.726783433952853,0
adam,local_global,639,-7.726783433952853,-7.72678285812133,0
adam,local_global,640,-7.72678285812133,-7.726785579179915,0
adam,local_global,641,-7.726785579179915,-7.726788720139368,0
adam,local_global,642,-7.726788720139368,-7.726789626806865,0
adam,local_global,643,-7.726789626806865,-7.726788309877525,0
adam,local_global,644,-7.726788309877525,-7.726786819340746,0
adam,local_global,645,-7.726786819340746,-7.726786851537334,0
adam,local_global,646,-7.726786851537334,-7.726788284897438,0
adam,local_global,647,-7.726788284897438,-7.72678972938173,0
adam,local_global,648,-7.72678972938173,-7.726790096738827,0
adam,local_global,649,-7.726790096738827,-7.726789513536971,0
adam,local_global,650,-7.726789513536971,-7.7267889231226174,0
adam,local_global,651,-7.7267889231226174,-7.726789029279017,0
adam,local_global,652,-7.726789029279017,-7.7267897073336105,0
adam,local_global,653,-7.7267897073336105,-7.726790317307606,0
adam,local_global,654,-7.726790317307606,-7.726790398150744,0
adam,local_global,655,-7.726790398150744,-7.726790057516831,0
adam,local_global,656,-7.726790057516831,-7.726789766597301,0
adam,local_global,657,-7.726789766597301,-7.726789865569677,0
adam,local_global,658,-7.726789865569677,-7.726790288677753,0
adam,local_global,659,-7.726790288677753,-7.726790693271802,0
adam,local_global,660,-7.726790693271802,-7.726790804013847,0
adam,local_global,661,-7.726790804013847,-7.7267906272561895,0
adam,local_global,662,-7.7267906272561895,-7.726790388999222,0
adam,local_global,663,-7.726790388999222,-7.726790298425669,0
adam,local_global,664,-7.726790298425669,-7.726790363597435,0
adam,local_global,665,-7.726790363597435,-7.726790391773886,0
adam,local_global,666,-7.726790391773886,-7.726790116251588,0
adam,local_global,667,-7.726790116251588,-7.726789312322226,0
adam,local_global,668,-7.726789312322226,-7.726787823027133,0
adam,local_global,669,-7.726787823027133,-7.726785629490343,0
adam,local_global,670,-7.726785629490343,-7.726783269609839,0
adam,local_global,671,-7.726783269609839,-7.726782429453011,0
adam,local_global,672,-7.726782429453011,-7.7267848488392525,0
adam,local_global,673,-7.7267848488392525,-7.726789090050747,0
adam,local_global,674,-7.726789090050747,-7.726790980856299,0
adam,local_global,675,-7.726790980856299,-7.726789180626524,0
adam,local_global,676,-7.726789180626524,-7.726786847395532,0
adam,local_global,677,-7.726786847395532,-7.726787357735446,0
adam,local_global,678,-7.726787357735446,-7.726789922405385,0
adam,local_global,679,-7.726789922405385,-7.726790918327788,0
adam,local_global,680,-7.726790918327788,-7.7267894941511495,0
adam,local_global,681,-7.7267894941511495,-7.7267883826481425,0
adam,local_global,682,-7.7267883826481425,-7.7267892864196615,0
adam,local_global,683,-7.7267892864196615,-7.726790420571904,0
adam,local_global,684,-7.726790420571904,-7.726789749064756,0
adam,local_global,685,-7.726789749064756,-7.726788143397772,0
adam,local_global,686,-7.726788143397772,-7.726787389552272,0
adam,local_global,687,-7.726787389552272,-7.72678712772769,0
adam,local_global,688,-7.72678712772769,-7.726785931006615,0
adam,local_global,689,-7.726785931006615,-7.726784445932524,0
adam,local_global,690,-7.726784445932524,-7.726784989547164,0
adam,local_global,691,-7.726784989547164,-7.726787901445303,0
adam,local_global,692,-7.726787901445303,-7.726790433389802,0
adam,local_global,693,-7.726790433389802,-7.726790349608664,0
adam,local_global,694,-7.726790349608664,-7.726788602002875,0
adam,local_global,695,-7.726788602002875,-7.726787486838615,0
adam,local_global,696,-7.726787486838615,-7.726787883013628,0
adam,local_global,697,-7.726787883013628,-7.726788749365884,0
adam,local_global,698,-7.726788749365884,-7.7267885789271284,0
adam,local_global,699,-7.7267885789271284,-7.726786957747516,0
adam,local_global,700,-7.726786957747516,-7.726784549516027,0
adam,local_global,701,-7.726784549516027,-7.726782079110273,0
adam,local_global,702,-7.726782079110273,-7.726779723991991,0
adam,local_global,703,-7.726779723991991,-7.726777499246941,0
adam,local_global,704,-7.726777499246941,-7.726776326971111,0
adam,local_global,705,-7.726776326971111,-7.726777891302117,0
adam,local_global,706,-7.726777891302117,-7.726782549762209,0
adam,local_global,707,-7.726782549762209,-7.7267877944101615,0
adam,local_global,708,-7.7267877944101615,-7.7267901821785046,0
adam,local_global,709,-7.7267901821785046,-7.726788689153631,0
adam,local_global,710,-7.726788689153631,-7.726785505152331,0
adam,local_global,711,-7.726785505152331,-7.726783784564025,0
adam,local_global,712,-7.726783784564025,-7.7267848642010115,0
adam,local_global,713,-7.7267848642010115,-7.726787320999991,0
adam,local_global,714,-7.726787320999991,-7.726788751688878,0
adam,local_global,715,-7.726788751688878,-7.726788178827865,0
adam,local_global,716,-7.726788178827865,-7.726786525695408,0
adam,local_global,717,-7.726786525695408,-7.726785187950169,0
adam,local_global,718,-7.726785187950169,-7.72678462431924,0
adam,local_global,719,-7.72678462431924,-7.726784118715308,0
adam,local_global,720,-7.726784118715308,-7.726782534358009,0
adam,local_global,721,-7.726782534358009,-7.72677901615341,0
adam,local_global,722,-7.72677901615341,-7.726773000983736,0
adam,local_global,723,-7.726773000983736,-7.726763898052254,0
adam,local_global,724,-7.726763898052254,-7.726751200211169,0
adam,local_global,725,-7.726751200211169,-7.726736263767183,0
adam,local_global,726,-7.726736263767183,-7.726725297376967,0
adam,local_global,727,-7.726725297376967,-7.726728543958125,0
adam,local_global,728,-7.726728543958125,-7.72674791963802,0
adam,local_global,729,-7.72674791963802,-7.726767848590712,0
adam,local_global,730,-7.726767848590712,-7.726771765182665,0
adam,local_global,731,-7.726771765182665,-7.726762970922556,0
adam,local_global,732,-7.726762970922556,-7.726758748587825,0
adam,local_global,733,-7.726758748587825,-7.726769088660181,0
adam,local_global,734,-7.726769088660181,-7.726784108566182,0
adam,local_global,735,-7.726784108566182,-7.7267873529150215,0
adam,local_global,736,-7.7267873529150215,-7.726778628642068,0
adam,local_global,737,-7.726778628642068,-7.726772002008609,0
adam,local_global,738,-7.726772002008609,-7.726775312065062,0
adam,local_global,739,-7.726775312065062,-7.726781058887728,0
adam,local_global,740,-7.726781058887728,-7.7267800240082565,0
adam,local_global,741,-7.7267800240082565,-7.726775121977688,0
adam,local_global,742,-7.726775121977688,-7.726774927869175,0
adam,local_global,743,-7.726774927869175,-7.726780003746459,0
adam,local_global,744,-7.726780003746459,-7.7267833053204615,0
adam,local_global,745,-7.7267833053204615,-7.726781956309371,0
adam,local_global,746,-7.726781956309371,-7.726780895176793,0
adam,local_global,747,-7.726780895176793,-7.726784018235808,0
adam,local_global,748,-7.726784018235808,-7.726788210607714,0
adam,local_global,749,-7.726788210607714,-7.726788654890818,0
adam,local_global,750,-7.726788654890818,-7.726785859435791,0
adam,local_global,751,-7.726785859435791,-7.726783723465155,0
adam,local_global,752,-7.726783723465155,-7.726783237882122,0
adam,local_global,753,-7.726783237882122,-7.726781641189499,0
adam,local_global,754,-7.726781641189499,-7.726776874495813,0
adam,local_global,755,-7.726776874495813,-7.72676929953363,0
adam,local_global,756,-7.72676929953363,-7.7267584943736844,0
adam,local_global,757,-7.7267584943736844,-7.726741097549209,0
adam,local_global,758,-7.726741097549209,-7.7267143380409635,0
adam,local_global,759,-7.7267143380409635,-7.726683942159807,0
adam,local_global,760,-7.726683942159807,-7.726668217321561,0
adam,local_global,761,-7.726668217321561,-7.726688902775995,0
adam,local_global,762,-7.726688902775995,-7.726740608379916,0
adam,local_global,763,-7.726740608379916,-7.726782973523727,0
adam,local_global,764,-7.726782973523727,-7.726783192039346,0
adam,local_global,765,-7.726783192039346,-7.7267537549600425,0
adam,local_global,766,-7.7267537549600425,-7.726734400288096,0
adam,local_global,767,-7.726734400288096,-7.726748522549155,0
adam,local_global,768,-7.726748522549155,-7.72677816732081,0
adam,local_global,769,-7.72677816732081,-7.72678817192375,0
adam,local_global,770,-7.72678817192375,-7.7267728586119295,0
adam,local_global,771,-7.7267728586119295,-7.726758568474007,0
adam,local_global,772,-7.726758568474007,-7.726765619311986,0
adam,local_global,773,-7.726765619311986,-7.726783312579921,0
adam,local_global,774,-7.726783312579921,-7.726788263958878,0
adam,local_global,775,-7.726788263958878,-7.726777912844109,0
adam,local_global,776,-7.726777912844109,-7.726770343464405,0
adam,local_global,777,-7.726770343464405,-7.726776553023507,0
adam,local_global,778,-7.726776553023507,-7.7267868562731055,0
adam,local_global,779,-7.7267868562731055,-7.726787462283778,0
adam,local_global,780,-7.726787462283778,-7.7267800586974715,0
adam,local_global,781,-7.7267800586974715,-7.726776571658224,0
adam,local_global,782,-7.726776571658224,-7.726781047808578,0
adam,local_global,783,-7.726781047808578,-7.726785594684732,0
adam,local_global,784,-7.726785594684732,-7.726783361128051,0
adam,local_global,785,-7.726783361128051,-7.72677768249136,0
adam,local_global,786,-7.72677768249136,-7.726775485914536,0
adam,local_global,787,-7.726775485914536,-7.726777130610323,0
adam,local_global,788,-7.726777130610323,-7.726777169859428,0
adam,local_global,789,-7.726777169859428,-7.726772986386649,0
adam,local_global,790,-7.726772986386649,-7.726768105525944,0
adam,local_global,791,-7.726768105525944,-7.726766729447764,0
adam,local_global,792,-7.726766729447764,-7.7267685670773005,0
adam,local_global,793,-7.7267685670773005,-7.726770632290106,0
adam,local_global,794,-7.726770632290106,-7.72677204150622,0
adam,local_global,795,-7.72677204150622,-7.726774680730098,0
adam,local_global,796,-7.726774680730098,-7.726779568875311,0
adam,local_global,797,-7.726779568875311,-7.726784816183674,0
adam,local_global,798,-7.726784816183674,-7.7267877039643995,0
adam,local_global,799,-7.7267877039643995,-7.726787735642742,0
adam,local_global,800,-7.726787735642742,-7.7267866365102185,0
adam,local_global,801,-7.7267866365102185,-7.726785937612324,0
adam,local_global,802,-7.726785937612324,-7.726785539710824,0
adam,local_global,803,-7.726785539710824,-7.726784673531182,0
adam,local_global,804,-7.726784673531182,-7.726783406226977,0
adam,local_global,805,-7.726783406226977,-7.726782669256562,0
adam,local_global,806,-7.726782669256562,-7.726783021589304,0
adam,local_global,807,-7.726783021589304,-7.726784067417468,0
adam,local_global,808,-7.726784067417468,-7.726785020427799,0
adam,local_global,809,-7.726785020427799,-7.726785652066804,0
adam,local_global,810,-7.726785652066804,-7.726786324479819,0
adam,local_global,811,-7.726786324479819,-7.7267873198313275,0
adam,local_global,812,-7.7267873198313275,-7.7267884178988355,0
adam,local_global,813,-7.7267884178988355,-7.726789133616808,0
adam,local_global,814,-7.726789133616808,-7.726789271634004,0
adam,local_global,815,-7.726789271634004,-7.726789072290051,0
adam,local_global,816,-7.726789072290051,-7.726788892968755,0
adam,local_global,817,-7.726788892968755,-7.726788871456988,0
adam,local_global,818,-7.726788871456988,-7.726788911505011,0
adam,local_global,819,-7.726788911505011,-7.726788915051533,0
adam,local_global,820,-7.726788915051533,-7.726788927895978,0
adam,local_global,821,-7.726788927895978,-7.726789060438724,0
adam,local_global,822,-7.726789060438724,-7.726789333930417,0
adam,local_global,823,-7.726789333930417,-7.726789643628553,0
adam,local_global,824,-7.726789643628553,-7.726789876030829,0
adam,local_global,825,-7.726789876030829,-7.726790016400592,0
adam,local_global,826,-7.726790016400592,-7.726790140479334,0
adam,local_global,827,-7.726790140479334,-7.726790312775776,0
adam,local_global,828,-7.726790312775776,-7.726790513401679,0
adam,local_global,829,-7.726790513401679,-7.7267906649829685,0
adam,local_global,830,-7.7267906649829685,-7.726790712295682,0
adam,local_global,831,-7.726790712295682,-7.7267906700797875,0
adam,local_global,832,-7.7267906700797875,-7.726790599008496,0
adam,local_global,833,-7.726790599008496,-7.726790548098118,0
adam,local_global,834,-7.726790548098118,-7.72679052326709,0
adam,local_global,835,-7.72679052326709,-7.726790499878428,0
adam,local_global,836,-7.726790499878428,-7.72679045455506,0
adam,local_global,837,-7.72679045455506,-7.7267903803192395,0
adam,local_global,838,-7.7267903803192395,-7.7267902772857955,0
adam,local_global,839,-7.7267902772857955,-7.726790135240875,0
adam,local_global,840,-7.726790135240875,-7.726789927769074,0
adam,local_global,841,-7.726789927769074,-7.726789619595372,0
adam,local_global,842,-7.726789619595372,-7.7267891743358055,0
adam,local_global,843,-7.7267891743358055,-7.726788548166986,0
adam,local_global,844,-7.726788548166986,-7.72678767175095,0
adam,local_global,845,-7.72678767175095,-7.72678642140315,0
adam,local_global,846,-7.72678642140315,-7.726784613733578,0
adam,local_global,847,-7.726784613733578,-7.72678200027318,0
adam,local_global,848,-7.72678200027318,-7.726778386609319,0
adam,local_global,849,-7.726778386609319,-7.7267737705737805,0
adam,local_global,850,-7.7267737705737805,-7.726768815676882,0
adam,local_global,851,-7.726768815676882,-7.726764720497879,0
adam,local_global,852,-7.726764720497879,-7.726762724407626,0
adam,local_global,853,-7.726762724407626,-7.726762133991094,0
adam,local_global,854,-7.726762133991094,-7.7267609467600815,0
adam,local_global,855,-7.7267609467600815,-7.726758000125696,0
adam,local_global,856,-7.726758000125696,-7.726754856726305,0
adam,local_global,857,-7.726754856726305,-7.726754678601825,0
adam,local_global,858,-7.726754678601825,-7.726759487016846,0
adam,local_global,859,-7.726759487016846,-7.726767937319143,0
adam,local_global,860,-7.726767937319143,-7.726776118098141,0
adam,local_global,861,-7.726776118098141,-7.726780602128821,0
adam,local_global,862,-7.726780602128821,-7.726781014485165,0
adam,local_global,863,-7.726781014485165,-7.726779436095915,0
adam,local_global,864,-7.726779436095915,-7.726778051613927,0
adam,local_global,865,-7.726778051613927,-7.726777501052038,0
adam,local_global,866,-7.726777501052038,-7.726777063606201,0
adam,local_global,867,-7.726777063606201,-7.7267763857372245,0
adam,local_global,868,-7.7267763857372245,-7.726776490788682,0
adam,local_global,869,-7.726776490788682,-7.726778817986123,0
adam,local_global,870,-7.726778817986123,-7.726783152866248,0
adam,local_global,871,-7.726783152866248,-7.726787231952906,0
adam,local_global,872,-7.726787231952906,-7.7267886402522965,0
adam,local_global,873,-7.7267886402522965,-7.72678706037766,0
adam,local_global,874,-7.72678706037766,-7.726784326521566,0
adam,local_global,875,-7.726784326521566,-7.726782702266814,0
adam,local_global,876,-7.726782702266814,-7.72678308877033,0
adam,local_global,877,-7.72678308877033,-7.726784558216226,0
adam,local_global,878,-7.726784558216226,-7.726785719517094,0
adam,local_global,879,-7.726785719517094,-7.726786102850113,0
adam,local_global,880,-7.726786102850113,-7.726786230671948,0
adam,local_global,881,-7.726786230671948,-7.726786619720622,0
adam,local_global,882,-7.726786619720622,-7.726787027484894,0
adam,local_global,883,-7.726787027484894,-7.7267867237513075,0
adam,local_global,884,-7.7267867237513075,-7.72678545426006,0
adam,local_global,885,-7.72678545426006,-7.7267839521675725,0
adam,local_global,886,-7.7267839521675725,-7.726783437981903,0
adam,local_global,887,-7.726783437981903,-7.7267845861889874,0
adam,local_global,888,-7.7267845861889874,-7.726786840339264,0
adam,local_global,889,-7.726786840339264,-7.726788845615981,0
adam,local_global,890,-7.726788845615981,-7.726789610108259,0
adam,local_global,891,-7.726789610108259,-7.726789213877759,0
adam,local_global,892,-7.726789213877759,-7.726788478321027,0
adam,local_global,893,-7.726788478321027,-7.726788205956093,0
adam,local_global,894,-7.726788205956093,-7.726788671488277,0
adam,local_global,895,-7.726788671488277,-7.726789555217019,0
adam,local_global,896,-7.726789555217019,-7.726790265128397,0
adam,local_global,897,-7.726790265128397,-7.726790419087444,0
adam,local_global,898,-7.726790419087444,-7.72679009166722,0
adam,local_global,899,-7.72679009166722,-7.726789662725492,0
adam,local_global,900,-7.726789662725492,-7.7267894943524285,0
adam,local_global,901,-7.7267894943524285,-7.726789690179852,0
adam,local_global,902,-7.726789690179852,-7.726790065210093,0
adam,local_global,903,-7.726790065210093,-7.72679032752571,0
adam,local_global,904,-7.72679032752571,-7.726790325687817,0
adam,local_global,905,-7.726790325687817,-7.7267901440578255,0
adam,local_global,906,-7.7267901440578255,-7.726789997702537,0
adam,local_global,907,-7.726789997702537,-7.726790044265943,0
adam,local_global,908,-7.726790044265943,-7.726790267141842,0
adam,local_global,909,-7.726790267141842,-7.726790508093942,0
adam,local_global,910,-7.726790508093942,-7.726790609661757,0
adam,local_global,911,-7.726790609661757,-7.726790537791242,0
adam,local_global,912,-7.726790537791242,-7.726790387727497,0
adam,local_global,913,-7.726790387727497,-7.726790289600322,0
adam,local_global,914,-7.726790289600322,-7.726790302851461,0
adam,local_global,915,-7.726790302851461,-7.726790379284892,0
adam,local_global,916,-7.726790379284892,-7.726790409926997,0
adam,local_global,917,-7.726790409926997,-7.726790306648892,0
adam,local_global,918,-7.726790306648892,-7.726790046247284,0
adam,local_global,919,-7.726790046247284,-7.726789650605918,0
adam,local_global,920,-7.726789650605918,-7.726789123517503,0
adam,local_global,921,-7.726789123517503,-7.72678839349745,0
adam,local_global,922,-7.72678839349745,-7.72678728603357,0
adam,local_global,923,-7.72678728603357,-7.72678553061378,0
adam,local_global,924,-7.72678553061378,-7.726782768999059,0
adam,local_global,925,-7.726782768999059,-7.72677858492027,0
adam,local_global,926,-7.72677858492027,-7.72677258920876,0
adam,local_global,927,-7.72677258920876,-7.72676475721304,0
adam,local_global,928,-7.72676475721304,-7.7267560540783,0
adam,local_global,929,-7.7267560540783,-7.726749129779623,0
adam,local_global,930,-7.726749129779623,-7.726747512724427,0
adam,local_global,931,-7.726747512724427,-7.7267524181959,0
adam,local_global,932,-7.7267524181959,-7.726759411374882,0
adam,local_global,933,-7.726759411374882,-7.726761152263812,0
adam,local_global,934,-7.726761152263812,-7.726754196080844,0
adam,local_global,935,-7.726754196080844,-7.726742453357799,0
adam,local_global,936,-7.726742453357799,-7.726733845887582,0
adam,local_global,937,-7.726733845887582,-7.72673463525789,0
adam,local_global,938,-7.72673463525789,-7.726744691261459,0
adam,local_global,939,-7.726744691261459,-7.726757680105878,0
adam,local_global,940,-7.726757680105878,-7.726766509485979,0
adam,local_global,941,-7.726766509485979,-7.726769381610279,0
adam,local_global,942,-7.726769381610279,-7.726769193579924,0
adam,local_global,943,-7.726769193579924,-7.72676902021714,0
adam,local_global,944,-7.72676902021714,-7.726768106487199,0
adam,local_global,945,-7.726768106487199,-7.726763269259639,0
adam,local_global,946,-7.726763269259639,-7.7267526354746305,0
adam,local_global,947,-7.7267526354746305,-7.726737834538842,0
adam,local_global,948,-7.726737834538842,-7.726722563774157,0
adam,local_global,949,-7.726722563774157,-7.726710242674531,0
adam,local_global,950,-7.726710242674531,-7.726704440773409,0
adam,local_global,951,-7.726704440773409,-7.726709519110972,0
adam,local_global,952,-7.726709519110972,-7.726728514099274,0
adam,local_global,953,-7.726728514099274,-7.72675534753395,0
adam,local_global,954,-7.72675534753395,-7.72677632001599,0
adam,local_global,955,-7.72677632001599,-7.726780960365921,0
adam,local_global,956,-7.726780960365921,-7.726771233915414,0
adam,local_global,957,-7.726771233915414,-7.7267586992090385,0
adam,local_global,958,-7.7267586992090385,-7.7267551492054585,0
adam,local_global,959,-7.7267551492054585,-7.726764287971981,0
adam,local_global,960,-7.726764287971981,-7.7267787370935075,0
adam,local_global,961,-7.7267787370935075,-7.726787108671353,0
adam,local_global,962,-7.726787108671353,-7.726784620412228,0
adam,local_global,963,-7.726784620412228,-7.726776430437911,0
adam,local_global,964,-7.726776430437911,-7.726771594442981,0
adam,local_global,965,-7.726771594442981,-7.726774673513639,0
adam,local_global,966,-7.726774673513639,-7.726782470072661,0
adam,local_global,967,-7.726782470072661,-7.726788039681179,0
adam,local_global,968,-7.726788039681179,-7.726787758069785,0
adam,local_global,969,-7.726787758069785,-7.726783981469662,0
adam,local_global,970,-7.726783981469662,-7.726781651159717,0
adam,local_global,971,-7.726781651159717,-7.726783250877527,0
adam,local_global,972,-7.726783250877527,-7.7267869424274425,0
adam,local_global,973,-7.7267869424274425,-7.726789169868541,0
adam,local_global,974,-7.726789169868541,-7.7267883842720195,0
adam,local_global,975,-7.7267883842720195,-7.726786143592528,0
adam,local_global,976,-7.726786143592528,-7.7267850644927645,0
adam,local_global,977,-7.7267850644927645,-7.726786152332966,0
adam,local_global,978,-7.726786152332966,-7.726788148038851,0
adam,local_global,979,-7.726788148038851,-7.7267890718977945,0
adam,local_global,980,-7.7267890718977945,-7.726788181692103,0
adam,local_global,981,-7.726788181692103,-7.726786433639544,0
adam,local_global,982,-7.726786433639544,-7.726785388635499,0
adam,local_global,983,-7.726785388635499,-7.72678587790256,0
adam,local_global,984,-7.72678587790256,-7.726787514850135,0
adam,local_global,985,-7.726787514850135,-7.726789191347188,0
adam,local_global,986,-7.726789191347188,-7.7267899609226305,0
adam,local_global,987,-7.7267899609226305,-7.726789700749855,0
adam,local_global,988,-7.726789700749855,-7.726789044685612,0
adam,local_global,989,-7.726789044685612,-7.726788713823325,0
adam,local_global,990,-7.726788713823325,-7.7267889681317,0
adam,local_global,991,-7.7267889681317,-7.726789570637377,0
adam,local_global,992,-7.726789570637377,-7.726790084580395,0
adam,local_global,993,-7.726790084580395,-7.726790216770845,0
adam,local_global,994,-7.726790216770845,-7.726790028847927,0
adam,local_global,995,-7.726790028847927,-7.726789839647503,0
adam,local_global,996,-7.726789839647503,-7.726789910795181,0
adam,local_global,997,-7.726789910795181,-7.726790235424657,0
adam,local_global,998,-7.726790235424657,-7.726790574270771,0
adam,local_global,999,-7.726790574270771,-7.726790675931835,0
adam,local_global,1000,-7.726790675931835,-7.726790494882888,0
adam,local_global,1001,-7.726790494882888,-7.726790209733468,0
adam,local_global,1002,-7.726790209733468,-7.726790029460271,0
adam,local_global,1003,-7.726790029460271,-7.726789987007035,0
adam,local_global,1004,-7.726789987007035,-7.726789900956585,0
adam,local_global,1005,-7.726789900956585,-7.72678951626336,0
adam,local_global,1006,-7.72678951626336,-7.7267887007251765,0
adam,local_global,1007,-7.7267887007251765,-7.7267875466002645,0
adam,local_global,1008,-7.7267875466002645,-7.726786353007938,0
adam,local_global,1009,-7.726786353007938,-7.726785532606747,0
adam,local_global,1010,-7.726785532606747,-7.726785424058254,0
adam,local_global,1011,-7.726785424058254,-7.7267859479216545,0
adam,local_global,1012,-7.7267859479216545,-7.726786488108127,0
adam,local_global,1013,-7.726786488108127,-7.726786395776212,0
adam,local_global,1014,-7.726786395776212,-7.726785575704317,0
adam,local_global,1015,-7.726785575704317,-7.726784271072825,0
adam,local_global,1016,-7.726784271072825,-7.726782359406417,0
adam,local_global,1017,-7.726782359406417,-7.726779275477751,0
adam,local_global,1018,-7.726779275477751,-7.726774320181495,0
adam,local_global,1019,-7.726774320181495,-7.726767496621319,0
adam,local_global,1020,-7.726767496621319,-7.726760086046897,0
adam,local_global,1021,-7.726760086046897,-7.726755111589779,0
adam,local_global,1022,-7.726755111589779,-7.72675394596399,0
adam,local_global,1023,-7.72675394596399,-7.726754353590653,0
adam,local_global,1024,-7.726754353590653,-7.726750931463255,0
adam,local_global,1025,-7.726750931463255,-7.726741879950068,0
adam,local_global,1026,-7.726741879950068,-7.7267310807283796,0
adam,local_global,1027,-7.7267310807283796,-7.7267257131294,0
adam,local_global,1028,-7.7267257131294,-7.726730311572027,0
adam,local_global,1029,-7.726730311572027,-7.726744042193145,0
adam,local_global,1030,-7.726744042193145,-7.726759841177583,0
adam,local_global,1031,-7.726759841177583,-7.72677124398035,0
adam,local_global,1032,-7.72677124398035,-7.726776363514991,0
adam,local_global,1033,-7.726776363514991,-7.726777122386091,0
adam,local_global,1034,-7.726777122386091,-7.726775497179096,0
adam,local_global,1035,-7.726775497179096,-7.726772401439845,0
adam,local_global,1036,-7.726772401439845,-7.726769380522832,0
adam,local_global,1037,-7.726769380522832,-7.726768975184531,0
adam,local_global,1038,-7.726768975184531,-7.72677250115897,0
adam,local_global,1039,-7.72677250115897,-7.726778182960207,0
adam,local_global,1040,-7.726778182960207,-7.726782272867332,0
adam,local_global,1041,-7.726782272867332,-7.7267823613876425,0
adam,local_global,1042,-7.7267823613876425,-7.7267796515698235,0
adam,local_global,1043,-7.7267796515698235,-7.726777590640121,0
adam,local_global,1044,-7.726777590640121,-7.726778457450441,0
adam,local_global,1045,-7.726778457450441,-7.726781748963807,0
adam,local_global,1046,-7.726781748963807,-7.726785201442351,0
adam,local_global,1047,-7.726785201442351,-7.7267872153017025,0
adam,local_global,1048,-7.7267872153017025,-7.7267877616185725,0
adam,local_global,1049,-7.7267877616185725,-7.726787643666629,0
adam,local_global,1050,-7.726787643666629,-7.726787415842001,0
adam,local_global,1051,-7.726787415842001,-7.7267871354141,0
adam,local_global,1052,-7.7267871354141,-7.726786869287602,0
adam,local_global,1053,-7.726786869287602,-7.7267869425466955,0
adam,local_global,1054,-7.7267869425466955,-7.726787596761937,0
adam,local_global,1055,-7.726787596761937,-7.726788533184212,0
adam,local_global,1056,-7.726788533184212,-7.726789092315851,0
adam,local_global,1057,-7.726789092315851,-7.726788876135007,0
adam,local_global,1058,-7.726788876135007,-7.726788134820876,0
adam,local_global,1059,-7.726788134820876,-7.7267875024227965,0
adam,local_global,1060,-7.7267875024227965,-7.726787414065688,0
adam,local_global,1061,-7.726787414065688,-7.72678772320297,0
adam,local_global,1062,-7.72678772320297,-7.726787808133093,0
adam,local_global,1063,-7.726787808133093,-7.72678698311588,0
adam,local_global,1064,-7.72678698311588,-7.726784788656394,0
adam,local_global,1065,-7.726784788656394,-7.726780937234604,0
adam,local_global,1066,-7.726780937234604,-7.726774994023114,0
adam,local_global,1067,-7.726774994023114,-7.726766289531991,0
adam,local_global,1068,-7.726766289531991,-7.726754035501599,0
adam,local_global,1069,-7.726754035501599,-7.726738566298216,0
adam,local_global,1070,-7.726738566298216,-7.7267225790692,0
adam,local_global,1071,-7.7267225790692,-7.726713331395532,0
adam,local_global,1072,-7.726713331395532,-7.726719062651478,0
adam,local_global,1073,-7.726719062651478,-7.7267422142268884,0
adam,local_global,1074,-7.7267422142268884,-7.726771325936697,0
adam,local_global,1075,-7.726771325936697,-7.726788996157559,0
adam,local_global,1076,-7.726788996157559,-7.726786856451201,0
adam,local_global,1077,-7.726786856451201,-7.726771986149958,0
adam,local_global,1078,-7.726771986149958,-7.726759446885866,0
adam,local_global,1079,-7.726759446885866,-7.726760298537495,0
adam,local_global,1080,-7.726760298537495,-7.726773459345685,0
adam,local_global,1081,-7.726773459345685,-7.726787074216325,0
adam,local_global,1082,-7.726787074216325,-7.726790442661553,0
adam,local_global,1083,-7.726790442661553,-7.726783583602226,0
adam,local_global,1084,-7.726783583602226,-7.7267754048328605,0
adam,local_global,1085,-7.7267754048328605,-7.726774289691814,0
adam,local_global,1086,-7.726774289691814,-7.726780683132924,0
adam,local_global,1087,-7.726780683132924,-7.726787854283331,0
adam,local_global,1088,-7.726787854283331,-7.726789224041656,0
adam,local_global,1089,-7.726789224041656,-7.726784480727671,0
adam,local_global,1090,-7.726784480727671,-7.726778485376701,0
adam,local_global,1091,-7.726778485376701,-7.726775451748442,0
adam,local_global,1092,-7.726775451748442,-7.726774695533869,0
adam,local_global,1093,-7.726774695533869,-7.726771538504095,0
adam,local_global,1094,-7.726771538504095,-7.726762189419539,0
adam,local_global,1095,-7.726762189419539,-7.726748108424508,0
adam,local_global,1096,-7.726748108424508,-7.726736844732115,0
adam,local_global,1097,-7.726736844732115,-7.726738062028176,0
adam,local_global,1098,-7.726738062028176,-7.726754282768244,0
adam,local_global,1099,-7.726754282768244,-7.72677402969917,0
adam,local_global,1100,-7.72677402969917,-7.726781203605147,0
adam,local_global,1101,-7.726781203605147,-7.72677225346639,0
adam,local_global,1102,-7.72677225346639,-7.726758831468965,0
adam,local_global,1103,-7.726758831468965,-7.7267555392955245,0
adam,local_global,1104,-7.7267555392955245,-7.72676615132158,0
adam,local_global,1105,-7.72676615132158,-7.726780591568374,0
adam,local_global,1106,-7.726780591568374,-7.726786619822204,0
adam,local_global,1107,-7.726786619822204,-7.726783084824113,0
adam,local_global,1108,-7.726783084824113,-7.726778472563252,0
adam,local_global,1109,-7.726778472563252,-7.72677961118932,0
adam,local_global,1110,-7.72677961118932,-7.72678448085709,0
adam,local_global,1111,-7.72678448085709,-7.726786558426498,0
adam,local_global,1112,-7.726786558426498,-7.726783960755608,0
adam,local_global,1113,-7.726783960755608,-7.726781144157085,0
adam,local_global,1114,-7.726781144157085,-7.726782531929242,0
adam,local_global,1115,-7.726782531929242,-7.726787085281162,0
adam,local_global,1116,-7.726787085281162,-7.72679012306666,0
adam,local_global,1117,-7.72679012306666,-7.72678928032756,0
adam,local_global,1118,-7.72678928032756,-7.7267867673820465,0
adam,local_global,1119,-7.7267867673820465,-7.7267859706039985,0
adam,local_global,1120,-7.7267859706039985,-7.72678742557684,0
adam,local_global,1121,-7.72678742557684,-7.726788948312021,0
adam,local_global,1122,-7.726788948312021,-7.726788967473851,0
adam,local_global,1123,-7.726788967473851,-7.726788320916966,0
adam,local_global,1124,-7.726788320916966,-7.72678860877155,0
adam,local_global,1125,-7.72678860877155,-7.72678983693185,0
adam,local_global,1126,-7.72678983693185,-7.726790532803657,0
adam,local_global,1127,-7.726790532803657,-7.726789844883512,0
adam,local_global,1128,-7.726789844883512,-7.726788622993139,0
adam,local_global,1129,-7.726788622993139,-7.72678820300989,0
adam,local_global,1130,-7.72678820300989,-7.7267887356725895,0
adam,local_global,1131,-7.7267887356725895,-7.726789167102125,0
adam,local_global,1132,-7.726789167102125,-7.726788608699283,0
adam,local_global,1133,-7.726788608699283,-7.726787237945241,0
adam,local_global,1134,-7.726787237945241,-7.726785869139691,0
adam,local_global,1135,-7.726785869139691,-7.726785107906617,0
adam,local_global,1136,-7.726785107906617,-7.726785117917291,0
adam,local_global,1137,-7.726785117917291,-7.726785811439361,0
adam,local_global,1138,-7.726785811439361,-7.726786785900831,0
adam,local_global,1139,-7.726786785900831,-7.726787214001941,0
adam,local_global,1140,-7.726787214001941,-7.726786269239496,0
adam,local_global,1141,-7.726786269239496,-7.726783581135717,0
adam,local_global,1142,-7.726783581135717,-7.726779248979494,0
adam,local_global,1143,-7.726779248979494,-7.726773445985938,0
adam,local_global,1144,-7.726773445985938,-7.726765870434224,0
adam,local_global,1145,-7.726765870434224,-7.7267555234220975,0
adam,local_global,1146,-7.7267555234220975,-7.726741036995117,0
adam,local_global,1147,-7.726741036995117,-7.726722016188128,0
adam,local_global,1148,-7.726722016188128,-7.726701373809755,0
adam,local_global,1149,-7.726701373809755,-7.726687638273549,0
adam,adiabatic,0,-0.3017152873606204,-4.135324428389098,0
adam,adiabatic,1,-0.4574410443977545,-4.1902562551089275,0
adam,adiabatic,2,-0.6149466496385864,-4.2457692463362084,0
adam,adiabatic,3,-0.7735976701321607,-4.300961721316207,0
adam,adiabatic,4,-0.93236589007043,-4.355295105884077,0
adam,adiabatic,5,-1.0905985643287308,-4.408045858776786,0
adam,adiabatic,6,-1.2480067913498398,-4.458568409946357,0
adam,adiabatic,7,-1.4047625707689657,-4.506577179893485,0
adam,adiabatic,8,-1.5612930265165679,-4.551976384810834,0
adam,adiabatic,9,-1.7178436359642848,-4.5947383450602,0
adam,adiabatic,10,-1.8744226500190853,-4.634889371688006,0
adam,adiabatic,11,-2.031017442958838,-4.672475067933196,0
adam,adiabatic,12,-2.1878405986394927,-4.707616113203941,0
adam,adiabatic,13,-2.3453421713676748,-4.740631778204963,0
adam,adiabatic,14,-2.5038945973550297,-4.771991934115714,0
adam,adiabatic,15,-2.6636327365898524,-4.802225592460807,0
adam,adiabatic,16,-2.824549924037711,-4.831751640906448,0
adam,adiabatic,17,-2.986577370980773,-4.860904050875287,0
adam,adiabatic,18,-3.1497139806633747,-4.890139015531478,0
adam,adiabatic,19,-3.3142309128313596,-4.920062544354509,0
adam,adiabatic,20,-3.4806871716997234,-4.951266228087308,0
adam,adiabatic,21,-3.649798957106555,-4.984180585228844,0
adam,adiabatic,22,-3.822325487166705,-5.019064124364362,0
adam,adiabatic,23,-3.999020595061862,-5.056077810014754,0
adam,adiabatic,24,-4.180601433343722,-5.0953523909386265,0
adam,adiabatic,25,-4.367669836812059,-5.137005797215047,0
adam,adiabatic,26,-4.560601724027532,-5.18111274538384,0
adam,adiabatic,27,-4.75946572128705,-5.2276361491331285,0
adam,adiabatic,28,-4.963968984442705,-5.276344862713547,0
adam,adiabatic,29,-5.173416908575823,-5.326779791517906,0
adam,adiabatic,30,-5.3867504253000655,-5.378312016926507,0
adam,adiabatic,31,-5.6026900210564134,-5.430262535807486,0
adam,adiabatic,32,-5.819882036814605,-5.482025785803956,0
adam,adiabatic,33,-6.036972472588692,-5.533168119859252,0
adam,adiabatic,34,-6.252660427284207,-5.58349375017586,0
adam,adiabatic,35,-6.4657619594728715,-5.633060841360786,0
adam,adiabatic,36,-6.675245846154871,-5.682119551508395,0
adam,adiabatic,37,-6.8801822002409585,-5.730969697518508,0
adam,adiabatic,38,-7.079585122584124,-5.779787631389978,0
adam,adiabatic,39,-7.27225374849073,-5.828514871392545,0
adam,adiabatic,40,-7.456815338618598,-5.8768916284638335,0
adam,adiabatic,41,-7.632129819798027,-5.924623478905387,0
adam,adiabatic,42,-7.797895100277351,-5.9715730594849,0
adam,adiabatic,43,-7.954928032366495,-6.01788621159812,0
adam,adiabatic,44,-8.104814234301971,-6.064033324016302,0
adam,adiabatic,45,-8.249287957312726,-6.110756637256233,0
adam,adiabatic,46,-8.38981917591022,-6.15889679200576,0
adam,adiabatic,47,-8.52746055112213,-6.209116591314134,0
adam,adiabatic,48,-8.662819464614083,-6.261719955811165,0
adam,adiabatic,49,-8.796156123029672,-6.316700124341225,0
adam,adiabatic,50,-8.927670022845865,-6.373865584773472,0
adam,adiabatic,51,-9.057813291185651,-6.432899863702488,0
adam,adiabatic,52,-9.187342889788477,-6.493318959024534,0
adam,adiabatic,53,-9.316922211201215,-6.554371403321041,0
adam,adiabatic,54,-9.446472930310124,-6.614995444756211,0
adam,adiabatic,55,-9.574856758467476,-6.673928688063946,0
adam,adiabatic,56,-9.700173833181397,-6.729983787253455,0
adam,adiabatic,57,-9.820504887660446,-6.782405935319244,0
adam,adiabatic,58,-9.934776153531772,-6.831080767560838,0
adam,adiabatic,59,-10.043225936862603,-6.87641376189299,0
adam,adiabatic,60,-10.147126727729185,-6.91902724358811,0
adam,adiabatic,61,-10.248125412468239,-6.959531119386838,0
adam,adiabatic,62,-10.347744091781037,-6.998450725406565,0
adam,adiabatic,63,-10.447187282804116,-7.036295617475312,0
adam,adiabatic,64,-10.547416139266097,-7.073716066636429,0
adam,adiabatic,65,-10.649345480941937,-7.111597924351139,0
adam,adiabatic,66,-10.753818007154441,-7.150984291765962,0
adam,adiabatic,67,-10.861276959979458,-7.192877168545241,0
adam,adiabatic,68,-10.971480518704764,-7.237994114881173,0
adam,adiabatic,69,-11.083420312966656,-7.286521845859231,0
adam,adiabatic,70,-11.195375435266474,-7.33794473319208,0
adam,adiabatic,71,-11.305122301477786,-7.390998266209689,0
adam,adiabatic,72,-11.410227444146294,-7.443747607558749,0
adam,adiabatic,73,-11.508229821456304,-7.493816989376232,0
adam,adiabatic,74,-11.596692330505718,-7.5388133739022045,0
adam,adiabatic,75,-11.673325377132855,-7.576902364650672,0
adam,adiabatic,76,-11.736427301348728,-7.607301678468508,0
adam,adiabatic,77,-11.785548456213208,-7.630377667068417,0
adam,adiabatic,78,-11.821856191259965,-7.647271708073354,0
adam,adiabatic,79,-11.847801328254683,-7.659323687223955,0
adam,adiabatic,80,-11.866260471390605,-7.667647191666825,0
adam,adiabatic,81,-11.879702203800253,-7.673038671767896,0
adam,adiabatic,82,-11.889818672286145,-7.676161794851039,0
adam,adiabatic,83,-11.897684857084768,-7.677771328261317,0
adam,adiabatic,84,-11.904132052533226,-7.678739585531698,0
adam,adiabatic,85,-11.909935273581459,-7.679861050567222,0
adam,adiabatic,86,-11.915723669643208,-7.681618460886703,0
adam,adiabatic,87,-11.921812726717565,-7.684095042306045,0
adam,adiabatic,88,-11.928165126329151,-7.687077136611548,0
adam,adiabatic,89,-11.934540124313518,-7.6902494021270895,0
adam,adiabatic,90,-11.940687910737463,-7.693358453509963,0
adam,adiabatic,91,-11.946433330581785,-7.696287620949584,0
adam,adiabatic,92,-11.951666803404372,-7.699040960698763,0
adam,adiabatic,93,-11.956326370857427,-7.70167728225007,0
adam,adiabatic,94,-11.960418193328803,-7.704243619364459,0
adam,adiabatic,95,-11.964037288263961,-7.706732606905346,0
adam,adiabatic,96,-11.967319000150288,-7.709079601375775,0
adam,adiabatic,97,-11.970355526540208,-7.711199516321053,0
adam,adiabatic,98,-11.9731598718545,-7.713038992954035,0
adam,adiabatic,99,-11.975705189018019,-7.714606928479909,0
adam,adiabatic,100,-11.504281582724026,-7.7159462932774545,0
adam,adiabatic,101,-11.506227378571996,-7.717115151057076,0
adam,adiabatic,102,-11.507966540970955,-7.718138737356931,0
adam,adiabatic,103,-11.509524515969618,-7.719019537692841,0
adam,adiabatic,104,-11.510917097599783,-7.719766860903345,0
adam,adiabatic,105,-11.512181442937877,-7.7204118525020755,0
adam,adiabatic,106,-11.513374704030355,-7.7209943093912035,0
adam,adiabatic,107,-11.514537522472526,-7.721538800562167,0
adam,adiabatic,108,-11.515665825187405,-7.722044083044018,0
adam,adiabatic,109,-11.516721964973325,-7.7224923623624235,0
adam,adiabatic,110,-11.517669673518549,-7.722867267118998,0
adam,adiabatic,111,-11.518497103312491,-7.72316633133169,0
adam,adiabatic,112,-11.519212398874895,-7.723403636034943,0
adam,adiabatic,113,-11.519829422857473,-7.7236051890122726,0
adam,adiabatic,114,-11.520363903602364,-7.723798926632625,0
adam,adiabatic,115,-11.520835279067168,-7.724003444441768,0
adam,adiabatic,116,-11.521262543927802,-7.7242223551887,0
adam,adiabatic,117,-11.521655522408752,-7.724448507101035,0
adam,adiabatic,118,-11.522013052333149,-7.7246750184706645,0
adam,adiabatic,119,-11.522333934702338,-7.724902521028847,0
adam,adiabatic,120,-11.522627409589665,-7.725135489125855,0
adam,adiabatic,121,-11.52290882396667,-7.725372435372774,0
adam,adiabatic,122,-11.523185568335546,-7.72560055164779,0
adam,adiabatic,123,-11.523449184586907,-7.725800609339422,0
adam,adiabatic,124,-11.523682353052555,-7.725957452545556,0
adam,adiabatic,125,-11.523872119907068,-7.726067024191335,0
adam,adiabatic,126,-11.524015948758807,-7.726135881847914,0
adam,adiabatic,127,-11.52411865091816,-7.726175565366926,0
adam,adiabatic,128,-11.524186977094553,-7.726196899032092,0
adam,adiabatic,129,-11.524227929701674,-7.726207101505272,0
adam,adiabatic,130,-11.524249251772748,-7.726209859314601,0
adam,adiabatic,131,-11.524258436435415,-7.726207695135829,0
adam,adiabatic,132,-11.524261749227854,-7.726204737443215,0
adam,adiabatic,133,-11.52426530841578,-7.726207519246723,0
adam,adiabatic,134,-11.524276845379609,-7.726222671652801,0
adam,adiabatic,135,-11.52430459273829,-7.726253075931108,0
adam,adiabatic,136,-11.524352824048199,-7.726295940794427,0
adam,adiabatic,137,-11.524418666925442,-7.726344585131845,0
adam,adiabatic,138,-11.524493793795166,-7.726392332945386,0
adam,adiabatic,139,-11.524569359773285,-7.726435339590271,0
adam,adiabatic,140,-11.524639574632044,-7.726472756374994,0
adam,adiabatic,141,-11.52470180752489,-7.726505259062467,0
adam,adiabatic,142,-11.524755210887962,-7.726533673365588,0
adam,adiabatic,143,-11.524800000639857,-7.726558491218962,0
adam,adiabatic,144,-11.52483740646184,-7.726580018445902,0
adam,adiabatic,145,-11.524869299986353,-7.726598648160898,0
adam,adiabatic,146,-11.52489744218342,-7.726615054315057,0
adam,adiabatic,147,-11.524923260648183,-7.726630129369218,0
adam,adiabatic,148,-11.52494811341803,-7.726644587500667,0
adam,adiabatic,149,-11.524973145287762,-7.7266585340743354,0
adam,adiabatic,150,-11.524998603881782,-7.72667144342736,0
adam,adiabatic,151,-11.525023474117866,-7.726682631585463,0
adam,adiabatic,152,-11.525046088341373,-7.726691754917043,0
adam,adiabatic,153,-11.525065107569935,-7.726698889207037,0
adam,adiabatic,154,-11.525079936677498,-7.726704276667966,0
adam,adiabatic,155,-11.525090520579866,-7.726708158623338,0
adam,adiabatic,156,-11.52509716816627,-7.726710884897535,0
adam,adiabatic,157,-11.525100711196114,-7.726713039533734,0
adam,adiabatic,158,-11.525102517222539,-7.726715327709226,0
adam,adiabatic,159,-11.525104054518696,-7.7267182831529215,0
adam,adiabatic,160,-11.525106330406244,-7.726722052770149,0
adam,adiabatic,161,-11.525109686075819,-7.726726410974083,0
adam,adiabatic,162,-11.525113998408298,-7.7267309328808755,0
adam,adiabatic,163,-11.525118930264345,-7.726735207113308,0
adam,adiabatic,164,-11.525124069784024,-7.726738994425287,0
adam,adiabatic,165,-11.525129040130782,-7.726742267205128,0
adam,adiabatic,166,-11.525133616994012,-7.726745108411374,0
adam,adiabatic,167,-11.525137727275892,-7.726747557702777,0
adam,adiabatic,168,-11.52514130862596,-7.7267495552927175,0
adam,adiabatic,169,-11.525144225624707,-7.726751030005375,0
adam,adiabatic,170,-11.52514636574497,-7.726752026601084,0
adam,adiabatic,171,-11.52514780053647,-7.726752729120421,0
adam,adiabatic,172,-11.525148797405155,-7.726753366500542,0
adam,adiabatic,173,-11.525149674664435,-7.726754103749326,0
adam,adiabatic,174,-11.52515066719979,-7.726755001766779,0
adam,adiabatic,175,-11.525151895062317,-7.726756043214029,0
adam,adiabatic,176,-11.525153387265616,-7.726757176593818,0
adam,adiabatic,177,-11.525155096431051,-7.726758350163811,0
adam,adiabatic,178,-11.525156921599642,-7.726759528335783,0
adam,adiabatic,179,-11.525158759147015,-7.726760688770054,0
adam,adiabatic,180,-11.525160542854344,-7.726761807704404,0
adam,adiabatic,181,-11.525162234138595,-7.726762853872471,0
adam,adiabatic,182,-11.525163792113363,-7.726763802049,0
adam,adiabatic,183,-11.5251651765586,-7.726764647956248,0
adam,adiabatic,184,-11.525166373472151,-7.726765404248401,0
adam,adiabatic,185,-11.525167401079864,-7.726766082623101,0
adam,adiabatic,186,-11.525168287906043,-7.726766685555979,0
adam,adiabatic,187,-11.525169057261888,-7.726767215424871,0
adam,adiabatic,188,-11.525169733761595,-7.726767684368718,0
adam,adiabatic,189,-11.525170347636978,-7.726768111074836,0
adam,adiabatic,190,-11.525170922716853,-7.726768509792591,0
adam,adiabatic,191,-11.525171464894445,-7.72676888534095,0
adam,adiabatic,192,-11.52517196939243,-7.726769237068434,0
adam,adiabatic,193,-11.525172435246795,-7.726769565800332,0
adam,adiabatic,194,-11.525172869743995,-7.726769877753083,0
adam,adiabatic,195,-11.525173283202019,-7.726770183862012,0
adam,adiabatic,196,-11.525173686079544,-7.726770494600974,0
adam,adiabatic,197,-11.52517408857909,-7.726770813302348,0
adam,adiabatic,198,-11.525174496331593,-7.726771134403734,0
adam,adiabatic,199,-11.525174906320427,-7.726771449082527,0
adam,adiabatic,200,-11.050374827836427,-7.726771751696726,0
adam,adiabatic,201,-11.05037520774983,-7.726772043830145,0
adam,adiabatic,202,-11.050375575922445,-7.72677232762586,0
adam,adiabatic,203,-11.050375933459133,-7.726772601497826,0
adam,adiabatic,204,-11.050376277045858,-7.726772861692169,0
adam,adiabatic,205,-11.050376601934321,-7.726773106829369,0
adam,adiabatic,206,-11.05037690728481,-7.726773339722886,0
adam,adiabatic,207,-11.05037719699189,-7.7267735649869405,0
adam,adiabatic,208,-11.050377476155477,-7.726773785545798,0
adam,adiabatic,209,-11.050377747845781,-7.72677400145923,0
adam,adiabatic,210,-11.050378012788137,-7.726774211354364,0
adam,adiabatic,211,-11.050378270514079,-7.726774414586367,0
adam,adiabatic,212,-11.050378520496974,-7.726774612300699,0
adam,adiabatic,213,-11.050378763180177,-7.726774806771354,0
adam,adiabatic,214,-11.05037900039469,-7.726774999811012,0
adam,adiabatic,215,-11.050379234436862,-7.726775191725692,0
adam,adiabatic,216,-11.05037946644396,-7.726775381709418,0
adam,adiabatic,217,-11.050379695950626,-7.726775569009093,0
adam,adiabatic,218,-11.050379921995608,-7.726775753512639,0
adam,adiabatic,219,-11.05038014422047,-7.726775935315664,0
adam,adiabatic,220,-11.050380362679531,-7.726776114154114,0
adam,adiabatic,221,-11.050380577131541,-7.726776289542178,0
adam,adiabatic,222,-11.050380787059618,-7.7267764613098056,0
adam,adiabatic,223,-11.050380992204618,-7.726776629767788,0
adam,adiabatic,224,-11.050381192725627,-7.726776795346185,0
adam,adiabatic,225,-11.05038138886134,-7.7267769582773935,0
adam,adiabatic,226,-11.050381580811932,-7.726777118678327,0
adam,adiabatic,227,-11.050381769003423,-7.7267772767971765,0
adam,adiabatic,228,-11.050381954216444,-7.726777433045415,0
adam,adiabatic,229,-11.050382137288388,-7.726777587799465,0
adam,adiabatic,230,-11.050382318766157,-7.726777741205461,0
adam,adiabatic,231,-11.050382498842957,-7.72677789316333,0
adam,adiabatic,232,-11.050382677473811,-7.726778043491776,0
adam,adiabatic,233,-11.050382854488829,-7.726778192135058,0
adam,adiabatic,234,-11.0503830297072,-7.726778339241034,0
adam,adiabatic,235,-11.05038320307214,-7.726778485020276,0
adam,adiabatic,236,-11.050383374637764,-7.726778629521048,0
adam,adiabatic,237,-11.050383544389218,-7.726778772561343,0
adam,adiabatic,238,-11.050383712137783,-7.726778913890336,0
adam,adiabatic,239,-11.050383877662384,-7.726779053392591,0
adam,adiabatic,240,-11.05038404091958,-7.726779191132197,0
adam,adiabatic,241,-11.050384202065258,-7.726779327247536,0
adam,adiabatic,242,-11.050384361306685,-7.7267794618514305,0
adam,adiabatic,243,-11.050384518789015,-7.726779595018152,0
adam,adiabatic,244,-11.050384674593802,-7.726779726805671,0
adam,adiabatic,245,-11.050384828754218,-7.726779857255967,0
adam,adiabatic,246,-11.050384981248888,-7.726779986380595,0
adam,adiabatic,247,-11.050385132018308,-7.726780114161869,0
adam,adiabatic,248,-11.050385281018281,-7.7267802405714425,0
adam,adiabatic,249,-11.05038542825123,-7.726780365590528,0
adam,adiabatic,250,-11.050385573751818,-7.726780489222469,0
adam,adiabatic,251,-11.050385717567483,-7.726780611492408,0
adam,adiabatic,252,-11.050385859757283,-7.7267807324348246,0
adam,adiabatic,253,-11.050386000385126,-7.726780852083838,0
adam,adiabatic,254,-11.050386139501855,-7.726780970479177,0
adam,adiabatic,255,-11.050386277145543,-7.72678108767419,0
adam,adiabatic,256,-11.050386413358734,-7.726781203724312,0
adam,adiabatic,257,-11.050386548189888,-7.726781318658584,0
adam,adiabatic,258,-11.050386681666609,-7.726781432466284,0
adam,adiabatic,259,-11.050386813781389,-7.726781545114059,0
adam,adiabatic,260,-11.050386944510764,-7.726781656574248,0
adam,adiabatic,261,-11.050387073844592,-7.726781766838199,0
adam,adiabatic,262,-11.050387201792073,-7.726781875912202,0
adam,adiabatic,263,-11.05038732837138,-7.7267819838099285,0
adam,adiabatic,264,-11.050387453601584,-7.72678209054931,0
adam,adiabatic,265,-11.050387577501873,-7.726782196152094,0
adam,adiabatic,266,-11.050387700089734,-7.726782300642266,0
adam,adiabatic,267,-11.050387821380154,-7.726782404043082,0
adam,adiabatic,268,-11.050387941388603,-7.726782506372987,0
adam,adiabatic,269,-11.050388060131395,-7.726782607643104,0
adam,adiabatic,270,-11.050388177621915,-7.726782707858925,0
adam,adiabatic,271,-11.050388293868519,-7.72678280702484,0
adam,adiabatic,272,-11.050388408878645,-7.726782905146488,0
adam,adiabatic,273,-11.050388522662718,-7.726783002230166,0
adam,adiabatic,274,-11.05038863523272,-7.726783098282032,0
adam,adiabatic,275,-11.050388746599292,-7.7267831933101805,0
adam,adiabatic,276,-11.050388856773392,-7.726783287326156,0
adam,adiabatic,277,-11.05038896576872,-7.726783380343385,0
adam,adiabatic,278,-11.050389073600455,-7.726783472373457,0
adam,adiabatic,279,-11.050389180281519,-7.72678356342535,0
adam,adiabatic,280,-11.05038928582253,-7.726783653506755,0
adam,adiabatic,281,-11.050389390233653,-7.726783742625603,0
adam,adiabatic,282,-11.050389493525346,-7.7267838307900245,0
adam,adiabatic,283,-11.050389595707463,-7.726783918007593,0
adam,adiabatic,284,-11.050389696788914,-7.726784004285475,0
adam,adiabatic,285,-11.050389796778932,-7.726784089631075,0
adam,adiabatic,286,-11.050389895687353,-7.726784174053262,0
adam,adiabatic,287,-11.050389993525357,-7.726784257562237,0
adam,adiabatic,288,-11.050390090305632,-7.726784340168607,0
adam,adiabatic,289,-11.050390186040925,-7.726784421882183,0
adam,adiabatic,290,-11.050390280742858,-7.7267845027116175,0
adam,adiabatic,291,-11.050390374421339,-7.726784582665381,0
adam,adiabatic,292,-11.050390467085602,-7.726784661752395,0
adam,adiabatic,293,-11.050390558745221,-7.726784739981545,0
adam,adiabatic,294,-11.050390649409895,-7.726784817361075,0
adam,adiabatic,295,-11.050390739088535,-7.726784893898387,0
adam,adiabatic,296,-11.05039082778953,-7.72678496960075,0
adam,adiabatic,297,-11.05039091552155,-7.726785044475672,0
adam,adiabatic,298,-11.05039100229367,-7.726785118530878,0
adam,adiabatic,299,-11.050391088115445,-7.72678519177401,0
adam,adiabatic,300,-10.575590318536038,-7.726785264214547,0
adam,adiabatic,301,-10.57559040070655,-7.726785335802534,0
adam,adiabatic,302,-10.57559048183683,-7.726785406483384,0
adam,adiabatic,303,-10.575590561941343,-7.726785476233703,0
adam,adiabatic,304,-10.575590641052475,-7.72678554506031,0
adam,adiabatic,305,-10.575590719205438,-7.726785612986217,0
adam,adiabatic,306,-10.575590796421206,-7.726785680047792,0
adam,adiabatic,307,-10.575590872708947,-7.726785746298305,0
adam,adiabatic,308,-10.575590948080803,-7.726785811798136,0
adam,adiabatic,309,-10.57559102255841,-7.726785876591236,0
adam,adiabatic,310,-10.575591096165041,-7.726785940688458,0
adam,adiabatic,311,-10.57559116891596,-7.726786004072792,0
adam,adiabatic,312,-10.575591240819724,-7.726786066719957,0
adam,adiabatic,313,-10.575591311886578,-7.726786128615672,0
adam,adiabatic,314,-10.575591382131869,-7.726786189760384,0
adam,adiabatic,315,-10.575591451571675,-7.726786250167083,0
adam,adiabatic,316,-10.575591520218033,-7.7267863098589915,0
adam,adiabatic,317,-10.57559158807943,-7.726786368866544,0
adam,adiabatic,318,-10.5755916551649,-7.72678642722057,0
adam,adiabatic,319,-10.575591721485887,-7.7267864849426235,0
adam,adiabatic,320,-10.575591787054275,-7.726786542039611,0
adam,adiabatic,321,-10.575591851880075,-7.726786598505936,0
adam,adiabatic,322,-10.575591915971556,-7.72678665433159,0
adam,adiabatic,323,-10.57559197933685,-7.726786709509658,0
adam,adiabatic,324,-10.575592041985107,-7.726786764040595,0
adam,adiabatic,325,-10.575592103925425,-7.726786817933159,0
adam,adiabatic,326,-10.575592165166196,-7.726786871202784,0
adam,adiabatic,327,-10.575592225715223,-7.726786923867996,0
adam,adiabatic,328,-10.575592285580077,-7.726786975946155,0
adam,adiabatic,329,-10.57559234476865,-7.726787027449383,0
adam,adiabatic,330,-10.575592403288638,-7.72678707838329,0
adam,adiabatic,331,-10.57559246114746,-7.726787128748152,0
adam,adiabatic,332,-10.575592518352295,-7.726787178541898,0
adam,adiabatic,333,-10.575592574910148,-7.726787227763484,0
adam,adiabatic,334,-10.575592630827868,-7.726787276415443,0
adam,adiabatic,335,-10.575592686112326,-7.726787324504683,0
adam,adiabatic,336,-10.575592740770391,-7.726787372041387,0
adam,adiabatic,337,-10.575592794808758,-7.726787419036911,0
adam,adiabatic,338,-10.575592848233882,-7.726787465501574,0
adam,adiabatic,339,-10.575592901052142,-7.726787511443329,0
adam,adiabatic,340,-10.575592953269728,-7.726787556867404,0
adam,adiabatic,341,-10.575593004893065,-7.726787601776741,0
adam,adiabatic,342,-10.575593055928442,-7.726787646173183,0
adam,adiabatic,343,-10.57559310638183,-7.726787690058826,0
adam,adiabatic,344,-10.575593156259163,-7.726787733437333,0
adam,adiabatic,345,-10.575593205566307,-7.7267877763142465,0
adam,adiabatic,346,-10.57559325430916,-7.726787818696343,0
adam,adiabatic,347,-10.57559330249362,-7.7267878605907825,0
adam,adiabatic,348,-10.575593350125478,-7.726787902004183,0
adam,adiabatic,349,-10.57559339721021,-7.726787942942368,0
adam,adiabatic,350,-10.575593443753428,-7.726787983410199,0
adam,adiabatic,351,-10.575593489760719,-7.726788023411709,0
adam,adiabatic,352,-10.575593535237676,-7.726788062950592,0
adam,adiabatic,353,-10.575593580189608,-7.726788102030608,0
adam,adiabatic,354,-10.57559362462191,-7.726788140655967,0
adam,adiabatic,355,-10.575593668539865,-7.726788178831636,0
adam,adiabatic,356,-10.575593711948716,-7.726788216562801,0
adam,adiabatic,357,-10.575593754853765,-7.726788253854715,0
adam,adiabatic,358,-10.575593797260245,-7.726788290712399,0
adam,adiabatic,359,-10.575593839173054,-7.726788327140643,0
adam,adiabatic,360,-10.575593880597392,-7.726788363143949,0
adam,adiabatic,361,-10.575593921538196,-7.726788398726478,0
adam,adiabatic,362,-10.575593962000537,-7.726788433892147,0
adam,adiabatic,363,-10.575594001989257,-7.726788468644822,0
adam,adiabatic,364,-10.575594041509252,-7.726788502988516,0
adam,adiabatic,365,-10.575594080565374,-7.726788536927292,0
adam,adiabatic,366,-10.575594119162348,-7.726788570465456,0
adam,adiabatic,367,-10.575594157305018,-7.726788603607325,0
adam,adiabatic,368,-10.57559419499803,-7.726788636357305,0
adam,adiabatic,369,-10.575594232246024,-7.7267886687198635,0
adam,adiabatic,370,-10.575594269053692,-7.726788700699251,0
adam,adiabatic,371,-10.575594305425499,-7.726788732299619,0
adam,adiabatic,372,-10.57559434136607,-7.7267887635248425,0
adam,adiabatic,373,-10.575594376879838,-7.726788794378621,0
adam,adiabatic,374,-10.575594411971263,-7.726788824864553,0
adam,adiabatic,375,-10.575594446644773,-7.726788854986225,0
adam,adiabatic,376,-10.575594480904726,-7.726788884747344,0
adam,adiabatic,377,-10.57559451475549,-7.726788914151777,0
adam,adiabatic,378,-10.575594548201334,-7.726788943203472,0
adam,adiabatic,379,-10.575594581246483,-7.726788971906441,0
adam,adiabatic,380,-10.575594613895175,-7.726789000264708,0
adam,adiabatic,381,-10.575594646151611,-7.726789028282049,0
adam,adiabatic,382,-10.575594678019892,-7.726789055961984,0
adam,adiabatic,383,-10.575594709504188,-7.726789083307883,0
adam,adiabatic,384,-10.575594740608516,-7.726789110323073,0
adam,adiabatic,385,-10.575594771336904,-7.726789137010731,0
adam,adiabatic,386,-10.575594801693311,-7.726789163374292,0
adam,adiabatic,387,-10.575594831681801,-7.7267891894172624,0
adam,adiabatic,388,-10.57559486130624,-7.7267892151432775,0
adam,adiabatic,389,-10.575594890570502,-7.726789240555982,0
adam,adiabatic,390,-10.575594919478405,-7.726789265658965,0
adam,adiabatic,391,-10.575594948033862,-7.726789290455647,0
adam,adiabatic,392,-10.575594976240566,-7.7267893149492295,0
adam,adiabatic,393,-10.575595004102313,-7.7267893391428295,0
adam,adiabatic,394,-10.575595031622813,-7.726789363039428,0
adam,adiabatic,395,-10.575595058805744,-7.726789386642127,0
adam,adiabatic,396,-10.575595085654738,-7.726789409954088,0
adam,adiabatic,397,-10.575595112173428,-7.726789432978554,0
adam,adiabatic,398,-10.575595138365355,-7.72678945571885,0
adam,adiabatic,399,-10.575595164234135,-7.7267894781782065,0
adam,adiabatic,400,-10.100794237849064,-7.726789500357635,0
adam,adiabatic,401,-10.100794262532403,-7.726789522239573,0
adam,adiabatic,402,-10.100794286866478,-7.7267895438076915,0
adam,adiabatic,403,-10.100794310857143,-7.726789565058975,0
adam,adiabatic,404,-10.10079433451735,-7.726789585999341,0
adam,adiabatic,405,-10.100794357858284,-7.726789606638612,0
adam,adiabatic,406,-10.100794380884322,-7.726789626992381,0
adam,adiabatic,407,-10.100794403598325,-7.726789647081663,0
adam,adiabatic,408,-10.100794426007365,-7.7267896669239216,0
adam,adiabatic,409,-10.100794448120427,-7.7267896865240235,0
adam,adiabatic,410,-10.100794469943567,-7.726789705875728,0
adam,adiabatic,411,-10.100794491479613,-7.726789724971129,0
adam,adiabatic,412,-10.100794512732385,-7.726789743807217,0
adam,adiabatic,413,-10.100794533708054,-7.7267897623865025,0
adam,adiabatic,414,-10.100794554412559,-7.7267897807153965,0
adam,adiabatic,415,-10.100794574849541,-7.726789798803818,0
adam,adiabatic,416,-10.100794595021998,-7.726789816663405,0
adam,adiabatic,417,-10.100794614933905,-7.726789834303373,0
adam,adiabatic,418,-10.100794634590072,-7.726789851727175,0
adam,adiabatic,419,-10.100794653994553,-7.72678986893294,0
adam,adiabatic,420,-10.100794673150387,-7.726789885917233,0
adam,adiabatic,421,-10.100794692060605,-7.726789902678366,0
adam,adiabatic,422,-10.100794710728902,-7.7267899192177145,0
adam,adiabatic,423,-10.100794729158782,-7.726789935539716,0
adam,adiabatic,424,-10.100794747353383,-7.7267899516509075,0
adam,adiabatic,425,-10.100794765315575,-7.726789967558234,0
adam,adiabatic,426,-10.100794783048329,-7.726789983267187,0
adam,adiabatic,427,-10.10079480055479,-7.7267899987804824,0
adam,adiabatic,428,-10.100794817837883,-7.726790014098411,0
adam,adiabatic,429,-10.10079483490038,-7.726790029220222,0
adam,adiabatic,430,-10.100794851744947,-7.726790044145671,0
adam,adiabatic,431,-10.100794868374214,-7.7267900588761504,0
adam,adiabatic,432,-10.100794884790927,-7.726790073414802,0
adam,adiabatic,433,-10.10079490099766,-7.726790087765859,0
adam,adiabatic,434,-10.100794916997126,-7.726790101933656,0
adam,adiabatic,435,-10.100794932791661,-7.726790115921661,0
adam,adiabatic,436,-10.100794948383678,-7.72679012973234,0
adam,adiabatic,437,-10.100794963775632,-7.726790143367027,0
adam,adiabatic,438,-10.100794978970084,-7.7267901568264525,0
adam,adiabatic,439,-10.10079499396928,-7.726790170111398,0
adam,adiabatic,440,-10.100795008775492,-7.726790183223434,0
adam,adiabatic,441,-10.100795023390996,-7.726790196164934,0
adam,adiabatic,442,-10.1007950378181,-7.7267902089386,0
adam,adiabatic,443,-10.100795052059059,-7.726790221547287,0
adam,adiabatic,444,-10.100795066116033,-7.726790233993361,0
adam,adiabatic,445,-10.100795079991093,-7.726790246278927,0
adam,adiabatic,446,-10.100795093686479,-7.7267902584055514,0
adam,adiabatic,447,-10.10079510720428,-7.7267902703745905,0
adam,adiabatic,448,-10.100795120546646,-7.726790282187386,0
adam,adiabatic,449,-10.100795133715545,-7.726790293845524,0
adam,adiabatic,450,-10.100795146712981,-7.726790305351018,0
adam,adiabatic,451,-10.100795159541073,-7.7267903167058964,0
adam,adiabatic,452,-10.100795172201753,-7.726790327912266,0
adam,adiabatic,453,-10.100795184697018,-7.726790338972143,0
adam,adiabatic,454,-10.100795197028788,-7.726790349887382,0
adam,adiabatic,455,-10.100795209198976,-7.726790360659616,0
adam,adiabatic,456,-10.100795221209479,-7.726790371290399,0
adam,adiabatic,457,-10.100795233062215,-7.726790381781169,0
adam,adiabatic,458,-10.100795244759011,-7.726790392133403,0
adam,adiabatic,459,-10.100795256301678,-7.726790402348705,0
adam,adiabatic,460,-10.100795267692128,-7.7267904124286675,0
adam,adiabatic,461,-10.100795278932031,-7.726790422375052,0
adam,adiabatic,462,-10.100795290023292,-7.726790432189525,0
adam,adiabatic,463,-10.100795300967599,-7.726790441873875,0
adam,adiabatic,464,-10.100795311766706,-7.726790451429716,0
adam,adiabatic,465,-10.10079532242236,-7.7267904608585605,0
adam,adiabatic,466,-10.10079533293623,-7.726790470161818,0
adam,adiabatic,467,-10.100795343310034,-7.7267904793408455,0
adam,adiabatic,468,-10.10079535354539,-7.726790488397043,0
adam,adiabatic,469,-10.100795363644092,-7.72679049733176,0
adam,adiabatic,470,-10.100795373607587,-7.726790506146504,0
adam,adiabatic,471,-10.100795383437651,-7.726790514842813,0
adam,adiabatic,472,-10.10079539313575,-7.726790523422283,0
adam,adiabatic,473,-10.100795402703541,-7.726790531886427,0
adam,adiabatic,474,-10.100795412142581,-7.726790540236682,0
adam,adiabatic,475,-10.100795421454409,-7.726790548474356,0
adam,adiabatic,476,-10.1007954306406,-7.726790556600716,0
adam,adiabatic,477,-10.100795439702626,-7.726790564616959,0
adam,adiabatic,478,-10.100795448642002,-7.726790572524372,0
adam,adiabatic,479,-10.100795457460208,-7.726790580324308,0
adam,adiabatic,480,-10.100795466158713,-7.726790588018125,0
adam,adiabatic,481,-10.100795474739021,-7.726790595607235,0
adam,adiabatic,482,-10.100795483202512,-7.7267906030929945,0
adam,adiabatic,483,-10.10079549155064,-7.726790610476695,0
adam,adiabatic,484,-10.100795499784812,-7.726790617759496,0
adam,adiabatic,485,-10.100795507906374,-7.726790624942587,0
adam,adiabatic,486,-10.100795515916802,-7.726790632027079,0
adam,adiabatic,487,-10.10079552381741,-7.726790639014154,0
adam,adiabatic,488,-10.10079553160948,-7.72679064590506,0
adam,adiabatic,489,-10.10079553929444,-7.726790652701066,0
adam,adiabatic,490,-10.100795546873632,-7.726790659403412,0
adam,adiabatic,491,-10.100795554348274,-7.726790666013331,0
adam,adiabatic,492,-10.100795561719737,-7.726790672531939,0
adam,adiabatic,493,-10.100795568989216,-7.726790678960349,0
adam,adiabatic,494,-10.100795576158083,-7.7267906852995605,0
adam,adiabatic,495,-10.100795583227487,-7.726790691550641,0
adam,adiabatic,496,-10.100795590198722,-7.726790697714706,0
adam,adiabatic,497,-10.100795597073043,-7.7267907037928625,0
adam,adiabatic,498,-10.100795603851566,-7.726790709786267,0
adam,adiabatic,499,-10.100795610535586,-7.726790715695975,0
adam,adiabatic,500,-9.625994636840188,-7.726790721520859,0
adam,adiabatic,501,-9.6259946431937,-7.726790727256551,0
adam,adiabatic,502,-9.625994649446568,-7.72679073290002,0
adam,adiabatic,503,-9.625994655601069,-7.72679073845209,0
adam,adiabatic,504,-9.625994661661224,-7.726790743915003,0
adam,adiabatic,505,-9.625994667629675,-7.726790749291856,0
adam,adiabatic,506,-9.625994673507233,-7.726790754587777,0
adam,adiabatic,507,-9.625994679295529,-7.726790759808184,0
adam,adiabatic,508,-9.625994684997275,-7.726790764955533,0
adam,adiabatic,509,-9.625994690614679,-7.726790770028882,0
adam,adiabatic,510,-9.62599469614867,-7.726790775026653,0
adam,adiabatic,511,-9.625994701600654,-7.72679077994857,0
adam,adiabatic,512,-9.62599470697243,-7.726790784795745,0
adam,adiabatic,513,-9.625994712265802,-7.726790789570197,0
adam,adiabatic,514,-9.625994717481873,-7.726790794274812,0
adam,adiabatic,515,-9.62599472262174,-7.7267907989127265,0
adam,adiabatic,516,-9.62599472768689,-7.726790803485749,0
adam,adiabatic,517,-9.625994732678706,-7.72679080799419,0
adam,adiabatic,518,-9.625994737598269,-7.726790812437543,0
adam,adiabatic,519,-9.625994742446677,-7.726790816815709,0
adam,adiabatic,520,-9.625994747225086,-7.726790821129173,0
adam,adiabatic,521,-9.625994751934629,-7.7267908253792035,0
adam,adiabatic,522,-9.625994756576306,-7.726790829567617,0
adam,adiabatic,523,-9.625994761151121,-7.726790833696322,0
adam,adiabatic,524,-9.625994765660115,-7.726790837766614,0
adam,adiabatic,525,-9.625994770104235,-7.726790841779158,0
adam,adiabatic,526,-9.62599477448443,-7.726790845734248,0
adam,adiabatic,527,-9.625994778801655,-7.726790849632028,0
adam,adiabatic,528,-9.62599478305676,-7.7267908534730045,0
adam,adiabatic,529,-9.62599478725065,-7.726790857257995,0
adam,adiabatic,530,-9.625994791384196,-7.726790860988201,0
adam,adiabatic,531,-9.62599479545824,-7.726790864664751,0
adam,adiabatic,532,-9.625994799473634,-7.726790868288566,0
adam,adiabatic,533,-9.625994803431174,-7.726790871860343,0
adam,adiabatic,534,-9.625994807331626,-7.726790875380692,0
adam,adiabatic,535,-9.62599481117585,-7.726790878850092,0
adam,adiabatic,536,-9.625994814964544,-7.726790882269111,0
adam,adiabatic,537,-9.62599481869851,-7.726790885638473,0
adam,adiabatic,538,-9.62599482237843,-7.726790888959008,0
adam,adiabatic,539,-9.625994826005147,-7.72679089223146,0
adam,adiabatic,540,-9.625994829579342,-7.726790895456468,0
adam,adiabatic,541,-9.625994833101677,-7.726790898634671,0
adam,adiabatic,542,-9.625994836572886,-7.726790901766598,0
adam,adiabatic,543,-9.62599483999363,-7.72679090485287,0
adam,adiabatic,544,-9.625994843364698,-7.726790907894123,0
adam,adiabatic,545,-9.625994846686645,-7.72679091089098,0
adam,adiabatic,546,-9.625994849960126,-7.7267909138440425,0
adam,adiabatic,547,-9.625994853185896,-7.7267909167539965,0
adam,adiabatic,548,-9.625994856364509,-7.7267909196213305,0
adam,adiabatic,549,-9.625994859496645,-7.726790922446616,0
adam,adiabatic,550,-9.625994862582901,-7.726790925230407,0
adam,adiabatic,551,-9.625994865623916,-7.726790927973266,0
adam,adiabatic,552,-9.625994868620289,-7.726790930675803,0
adam,adiabatic,553,-9.62599487157263,-7.726790933338573,0
adam,adiabatic,554,-9.625994874481483,-7.7267909359621525,0
adam,adiabatic,555,-9.6259948773475,-7.726790938547012,0
adam,adiabatic,556,-9.625994880171277,-7.726790941093636,0
adam,adiabatic,557,-9.62599488295329,-7.726790943602501,0
adam,adiabatic,558,-9.625994885694203,-7.7267909460741535,0
adam,adiabatic,559,-9.625994888394501,-7.7267909485091355,0
adam,adiabatic,560,-9.625994891054766,-7.726790950907971,0
adam,adiabatic,561,-9.625994893675557,-7.726790953271177,0
adam,adiabatic,562,-9.625994896257343,-7.726790955599259,0
adam,adiabatic,563,-9.625994898800686,-7.726790957892653,0
adam,adiabatic,564,-9.62599490130619,-7.726790960151772,0
adam,adiabatic,565,-9.625994903774242,-7.726790962377067,0
adam,adiabatic,566,-9.625994906205452,-7.726790964569001,0
adam,adiabatic,567,-9.625994908600228,-7.726790966728079,0
adam,adiabatic,568,-9.625994910959223,-7.726790968854768,0
adam,adiabatic,569,-9.625994913282732,-7.726790970949533,0
adam,adiabatic,570,-9.625994915571376,-7.726790973012805,0
adam,adiabatic,571,-9.62599491782561,-7.726790975045012,0
adam,adiabatic,572,-9.625994920045862,-7.726790977046569,0
adam,adiabatic,573,-9.625994922232673,-7.72679097901784,0
adam,adiabatic,574,-9.625994924386386,-7.726790980959297,0
adam,adiabatic,575,-9.625994926507596,-7.726790982871349,0
adam,adiabatic,576,-9.625994928596654,-7.726790984754469,0
adam,adiabatic,577,-9.62599493065408,-7.726790986608967,0
adam,adiabatic,578,-9.625994932680227,-7.72679098843532,0
adam,adiabatic,579,-9.625994934675601,-7.726790990233851,0
adam,adiabatic,580,-9.625994936640582,-7.726790992004949,0
adam,adiabatic,581,-9.625994938575609,-7.726790993749006,0
adam,adiabatic,582,-9.625994940481128,-7.726790995466403,0
adam,adiabatic,583,-9.625994942357526,-7.726790997157526,0
adam,adiabatic,584,-9.625994944205214,-7.726790998822741,0
adam,adiabatic,585,-9.625994946024571,-7.726791000462434,0
adam,adiabatic,586,-9.625994947816043,-7.72679100207694,0
adam,adiabatic,587,-9.625994949579992,-7.7267910036666105,0
adam,adiabatic,588,-9.625994951316793,-7.72679100523177,0
adam,adiabatic,589,-9.625994953026844,-7.726791006772817,0
adam,adiabatic,590,-9.625994954710537,-7.72679100829004,0
adam,adiabatic,591,-9.625994956368213,-7.7267910097838035,0
adam,adiabatic,592,-9.625994958000271,-7.726791011254468,0
adam,adiabatic,593,-9.625994959607027,-7.726791012702352,0
adam,adiabatic,594,-9.625994961188931,-7.7267910141277065,0
adam,adiabatic,595,-9.625994962746184,-7.726791015530943,0
adam,adiabatic,596,-9.625994964279313,-7.726791016912317,0
adam,adiabatic,597,-9.625994965788562,-7.726791018272171,0
adam,adiabatic,598,-9.625994967274277,-7.726791019610789,0
adam,adiabatic,599,-9.625994968736796,-7.726791020928504,0
adam,adiabatic,600,-9.151193982864479,-7.726791022224649,0
adam,adiabatic,601,-9.151193984249238,-7.726791023498457,0
adam,adiabatic,602,-9.151193985609682,-7.726791024749728,0
adam,adiabatic,603,-9.151193986946543,-7.7267910259788595,0
adam,adiabatic,604,-9.151193988260662,-7.726791027186536,0
adam,adiabatic,605,-9.151193989552649,-7.726791028373446,0
adam,adiabatic,606,-9.151193990822707,-7.726791029540866,0
adam,adiabatic,607,-9.151193992071466,-7.7267910306896574,0
adam,adiabatic,608,-9.151193993299515,-7.726791031819956,0
adam,adiabatic,609,-9.151193994507285,-7.726791032931577,0
adam,adiabatic,610,-9.151193995695035,-7.726791034024591,0
adam,adiabatic,611,-9.151193996863281,-7.7267910350993105,0
adam,adiabatic,612,-9.15119399801246,-7.72679103615619,0
adam,adiabatic,613,-9.151193999142876,-7.726791037195908,0
adam,adiabatic,614,-9.15119400025489,-7.726791038219041,0
adam,adiabatic,615,-9.151194001348877,-7.7267910392259616,0
adam,adiabatic,616,-9.151194002425159,-7.726791040216733,0
adam,adiabatic,617,-9.151194003484067,-7.72679104119147,0
adam,adiabatic,618,-9.151194004525896,-7.726791042150299,0
adam,adiabatic,619,-9.151194005550924,-7.726791043093531,0
adam,adiabatic,620,-9.151194006559493,-7.726791044021513,0
adam,adiabatic,621,-9.151194007551851,-7.726791044934702,0
adam,adiabatic,622,-9.151194008528284,-7.7267910458333455,0
adam,adiabatic,623,-9.151194009489048,-7.726791046717663,0
adam,adiabatic,624,-9.151194010434402,-7.726791047587799,0
adam,adiabatic,625,-9.151194011364597,-7.726791048443925,0
adam,adiabatic,626,-9.151194012279904,-7.726791049286237,0
adam,adiabatic,627,-9.151194013180529,-7.726791050115011,0
adam,adiabatic,628,-9.15119401406675,-7.726791050930503,0
adam,adiabatic,629,-9.151194014938765,-7.726791051732953,0
adam,adiabatic,630,-9.151194015796758,-7.726791052522575,0
adam,adiabatic,631,-9.151194016641089,-7.7267910532994755,0
adam,adiabatic,632,-9.1511940174718,-7.726791054063861,0
adam,adiabatic,633,-9.151194018289228,-7.726791054815935,0
adam,adiabatic,634,-9.151194019093518,-7.726791055555924,0
adam,adiabatic,635,-9.15119401988491,-7.726791056284047,0
adam,adiabatic,636,-9.151194020663581,-7.726791057000495,0
adam,adiabatic,637,-9.151194021429735,-7.72679105770543,0
adam,adiabatic,638,-9.151194022183537,-7.726791058398967,0
adam,adiabatic,639,-9.151194022925205,-7.726791059081308,0
adam,adiabatic,640,-9.151194023654925,-7.726791059752602,0
adam,adiabatic,641,-9.15119402437287,-7.726791060413035,0
adam,adiabatic,642,-9.151194025079244,-7.726791061062794,0
adam,adiabatic,643,-9.15119402577418,-7.726791061702046,0
adam,adiabatic,644,-9.151194026457853,-7.726791062330968,0
adam,adiabatic,645,-9.151194027130522,-7.726791062949687,0
adam,adiabatic,646,-9.151194027792263,-7.726791063558349,0
adam,adiabatic,647,-9.15119402844326,-7.726791064157087,0
adam,adiabatic,648,-9.15119402908368,-7.726791064746103,0
adam,adiabatic,649,-9.151194029713693,-7.7267910653255285,0
adam,adiabatic,650,-9.151194030333436,-7.726791065895524,0
adam,adiabatic,651,-9.151194030943106,-7.726791066456234,0
adam,adiabatic,652,-9.15119403154283,-7.726791067007779,0
adam,adiabatic,653,-9.151194032132775,-7.726791067550255,0
adam,adiabatic,654,-9.151194032713049,-7.72679106808387,0
adam,adiabatic,655,-9.15119403328385,-7.726791068608732,0
adam,adiabatic,656,-9.151194033845279,-7.726791069125001,0
adam,adiabatic,657,-9.15119403439752,-7.726791069632812,0
adam,adiabatic,658,-9.151194034940708,-7.726791070132246,0
adam,adiabatic,659,-9.15119403547493,-7.726791070623477,0
adam,adiabatic,660,-9.151194036000378,-7.7267910711066055,0
adam,adiabatic,661,-9.151194036517163,-7.726791071581744,0
adam,adiabatic,662,-9.151194037025421,-7.726791072049016,0
adam,adiabatic,663,-9.151194037525284,-7.726791072508589,0
adam,adiabatic,664,-9.15119403801689,-7.7267910729605696,0
adam,adiabatic,665,-9.151194038500385,-7.726791073405072,0
adam,adiabatic,666,-9.151194038975841,-7.726791073842156,0
adam,adiabatic,667,-9.15119403944339,-7.726791074272002,0
adam,adiabatic,668,-9.15119403990321,-7.726791074694668,0
adam,adiabatic,669,-9.151194040355346,-7.726791075110299,0
adam,adiabatic,670,-9.151194040799957,-7.726791075519007,0
adam,adiabatic,671,-9.151194041237165,-7.726791075920893,0
adam,adiabatic,672,-9.151194041667077,-7.726791076316075,0
adam,adiabatic,673,-9.151194042089806,-7.726791076704647,0
adam,adiabatic,674,-9.151194042505441,-7.726791077086711,0
adam,adiabatic,675,-9.151194042914138,-7.726791077462364,0
adam,adiabatic,676,-9.15119404331599,-7.726791077831692,0
adam,adiabatic,677,-9.151194043711062,-7.7267910781948,0
adam,adiabatic,678,-9.1511940440995,-7.726791078551822,0
adam,adiabatic,679,-9.151194044481429,-7.7267910789028384,0
adam,adiabatic,680,-9.151194044856899,-7.726791079247905,0
adam,adiabatic,681,-9.151194045226037,-7.726791079587154,0
adam,adiabatic,682,-9.151194045588928,-7.726791079920681,0
adam,adiabatic,683,-9.151194045945712,-7.726791080248553,0
adam,adiabatic,684,-9.151194046296443,-7.726791080570846,0
adam,adiabatic,685,-9.151194046641185,-7.726791080887693,0
adam,adiabatic,686,-9.151194046980118,-7.7267910811991465,0
adam,adiabatic,687,-9.151194047313309,-7.726791081505293,0
adam,adiabatic,688,-9.151194047640786,-7.72679108180624,0
adam,adiabatic,689,-9.151194047962704,-7.72679108210206,0
adam,adiabatic,690,-9.151194048279152,-7.726791082392803,0
adam,adiabatic,691,-9.151194048590163,-7.726791082678599,0
adam,adiabatic,692,-9.151194048895887,-7.726791082959492,0
adam,adiabatic,693,-9.151194049196372,-7.726791083235562,0
adam,adiabatic,694,-9.151194049491666,-7.72679108350693,0
adam,adiabatic,695,-9.151194049781948,-7.726791083773613,0
adam,adiabatic,696,-9.151194050067225,-7.726791084035723,0
adam,adiabatic,697,-9.151194050347605,-7.726791084293306,0
adam,adiabatic,698,-9.151194050623147,-7.726791084546466,0
adam,adiabatic,699,-9.151194050893947,-7.726791084795256,0
adam,adiabatic,700,-8.676393062371789,-7.726791085039453,0
adam,adiabatic,701,-8.676393062627202,-7.726791085279016,0
adam,adiabatic,702,-8.676393062877663,-7.72679108551395,0
adam,adiabatic,703,-8.676393063123392,-7.726791085744432,0
adam,adiabatic,704,-8.676393063364545,-7.7267910859705715,0
adam,adiabatic,705,-8.67639306360125,-7.726791086192472,0
adam,adiabatic,706,-8.676393063833519,-7.726791086410366,0
adam,adiabatic,707,-8.676393064061516,-7.726791086624366,0
adam,adiabatic,708,-8.676393064285355,-7.726791086834474,0
adam,adiabatic,709,-8.676393064505113,-7.726791087040784,0
adam,adiabatic,710,-8.676393064720921,-7.726791087243295,0
adam,adiabatic,711,-8.676393064932816,-7.726791087442116,0
adam,adiabatic,712,-8.676393065140894,-7.726791087637392,0
adam,adiabatic,713,-8.676393065345229,-7.72679108782922,0
adam,adiabatic,714,-8.676393065545945,-7.726791088017628,0
adam,adiabatic,715,-8.676393065743053,-7.726791088202683,0
adam,adiabatic,716,-8.67639306593663,-7.726791088384443,0
adam,adiabatic,717,-8.6763930661268,-7.726791088562955,0
adam,adiabatic,718,-8.67639306631358,-7.726791088738311,0
adam,adiabatic,719,-8.676393066497075,-7.726791088910558,0
adam,adiabatic,720,-8.676393066677292,-7.726791089079782,0
adam,adiabatic,721,-8.676393066854333,-7.726791089246028,0
adam,adiabatic,722,-8.676393067028261,-7.7267910894093195,0
adam,adiabatic,723,-8.676393067199093,-7.726791089569725,0
adam,adiabatic,724,-8.676393067366917,-7.726791089727307,0
adam,adiabatic,725,-8.676393067531821,-7.7267910898821,0
adam,adiabatic,726,-8.676393067693793,-7.726791090034151,0
adam,adiabatic,727,-8.676393067852898,-7.726791090183547,0
adam,adiabatic,728,-8.676393068009203,-7.726791090330307,0
adam,adiabatic,729,-8.676393068162772,-7.726791090474473,0
adam,adiabatic,730,-8.676393068313624,-7.726791090616105,0
adam,adiabatic,731,-8.676393068461811,-7.7267910907552055,0
adam,adiabatic,732,-8.67639306860739,-7.726791090891846,0
adam,adiabatic,733,-8.676393068750384,-7.726791091026109,0
adam,adiabatic,734,-8.676393068890881,-7.726791091158009,0
adam,adiabatic,735,-8.676393069028888,-7.726791091287557,0
adam,adiabatic,736,-8.676393069164451,-7.726791091414821,0
adam,adiabatic,737,-8.67639306929764,-7.726791091539819,0
adam,adiabatic,738,-8.676393069428462,-7.726791091662608,0
adam,adiabatic,739,-8.676393069556962,-7.7267910917832285,0
adam,adiabatic,740,-8.676393069683199,-7.726791091901723,0
adam,adiabatic,741,-8.676393069807174,-7.7267910920181,0
adam,adiabatic,742,-8.676393069928961,-7.726791092132418,0
adam,adiabatic,743,-8.676393070048613,-7.726791092244675,0
adam,adiabatic,744,-8.676393070166112,-7.726791092354961,0
adam,adiabatic,745,-8.676393070281541,-7.7267910924632695,0
adam,adiabatic,746,-8.676393070394898,-7.726791092569673,0
adam,adiabatic,747,-8.676393070506242,-7.7267910926741665,0
adam,adiabatic,748,-8.676393070615616,-7.726791092776787,0
adam,adiabatic,749,-8.67639307072301,-7.726791092877598,0
adam,adiabatic,750,-8.67639307082852,-7.726791092976576,0
adam,adiabatic,751,-8.67639307093213,-7.726791093073776,0
adam,adiabatic,752,-8.676393071033853,-7.726791093169262,0
adam,adiabatic,753,-8.676393071133809,-7.7267910932630395,0
adam,adiabatic,754,-8.676393071231937,-7.726791093355119,0
adam,adiabatic,755,-8.67639307132832,-7.726791093445526,0
adam,adiabatic,756,-8.67639307142294,-7.7267910935343425,0
adam,adiabatic,757,-8.676393071515912,-7.72679109362154,0
adam,adiabatic,758,-8.676393071607169,-7.7267910937071695,0
adam,adiabatic,759,-8.676393071696786,-7.726791093791227,0
adam,adiabatic,760,-8.676393071784785,-7.726791093873803,0
adam,adiabatic,761,-8.676393071871217,-7.726791093954862,0
adam,adiabatic,762,-8.676393071956042,-7.726791094034489,0
adam,adiabatic,763,-8.676393072039378,-7.726791094112642,0
adam,adiabatic,764,-8.676393072121192,-7.726791094189401,0
adam,adiabatic,765,-8.676393072201542,-7.726791094264755,0
adam,adiabatic,766,-8.676393072280389,-7.726791094338728,0
adam,adiabatic,767,-8.67639307235783,-7.726791094411357,0
adam,adiabatic,768,-8.67639307243384,-7.726791094482663,0
adam,adiabatic,769,-8.676393072508494,-7.726791094552677,0
adam,adiabatic,770,-8.67639307258175,-7.726791094621415,0
adam,adiabatic,771,-8.676393072653708,-7.726791094688902,0
adam,adiabatic,772,-8.676393072724343,-7.726791094755136,0
adam,adiabatic,773,-8.67639307279367,-7.7267910948201655,0
adam,adiabatic,774,-8.67639307286174,-7.72679109488401,0
adam,adiabatic,775,-8.676393072928567,-7.726791094946675,0
adam,adiabatic,776,-8.676393072994133,-7.726791095008193,0
adam,adiabatic,777,-8.676393073058547,-7.726791095068558,0
adam,adiabatic,778,-8.67639307312173,-7.726791095127824,0
adam,adiabatic,779,-8.67639307318376,-7.726791095186005,0
adam,adiabatic,780,-8.676393073244657,-7.726791095243122,0
adam,adiabatic,781,-8.676393073304448,-7.726791095299168,0
adam,adiabatic,782,-8.676393073363098,-7.7267910953541925,0
adam,adiabatic,783,-8.676393073420678,-7.72679109540818,0
adam,adiabatic,784,-8.676393073477202,-7.72679109546118,0
adam,adiabatic,785,-8.676393073532662,-7.726791095513184,0
adam,adiabatic,786,-8.676393073587105,-7.7267910955642245,0
adam,adiabatic,787,-8.676393073640526,-7.726791095614318,0
adam,adiabatic,788,-8.67639307369297,-7.726791095663473,0
adam,adiabatic,789,-8.676393073744421,-7.726791095711726,0
adam,adiabatic,790,-8.67639307379492,-7.72679109575909,0
adam,adiabatic,791,-8.676393073844492,-7.72679109580554,0
adam,adiabatic,792,-8.676393073893117,-7.726791095851123,0
adam,adiabatic,793,-8.676393073940835,-7.726791095895869,0
adam,adiabatic,794,-8.676393073987668,-7.726791095939781,0
adam,adiabatic,795,-8.676393074033617,-7.726791095982856,0
adam,adiabatic,796,-8.676393074078707,-7.726791096025124,0
adam,adiabatic,797,-8.676393074122933,-7.7267910960665915,0
adam,adiabatic,798,-8.67639307416635,-7.7267910961073,0
adam,adiabatic,799,-8.676393074208953,-7.726791096147233,0
adam,adiabatic,800,-8.201592085198957,-7.72679109618635,0
adam,adiabatic,801,-8.201592085238975,-7.726791096224637,0
adam,adiabatic,802,-8.20159208527817,-7.726791096262163,0
adam,adiabatic,803,-8.201592085316559,-7.726791096298903,0
adam,adiabatic,804,-8.201592085354145,-7.726791096334899,0
adam,adiabatic,805,-8.201592085391,-7.7267910963701665,0
adam,adiabatic,806,-8.201592085427095,-7.726791096404753,0
adam,adiabatic,807,-8.201592085462467,-7.726791096438642,0
adam,adiabatic,808,-8.20159208549714,-7.726791096471855,0
adam,adiabatic,809,-8.201592085531123,-7.726791096504412,0
adam,adiabatic,810,-8.201592085564426,-7.7267910965363376,0
adam,adiabatic,811,-8.20159208559711,-7.726791096567645,0
adam,adiabatic,812,-8.201592085629123,-7.726791096598325,0
adam,adiabatic,813,-8.201592085660538,-7.7267910966284195,0
adam,adiabatic,814,-8.201592085691336,-7.726791096657931,0
adam,adiabatic,815,-8.201592085721517,-7.7267910966868545,0
adam,adiabatic,816,-8.201592085751122,-7.7267910967152424,0
adam,adiabatic,817,-8.201592085780161,-7.726791096743068,0
adam,adiabatic,818,-8.201592085808636,-7.726791096770354,0
adam,adiabatic,819,-8.20159208583656,-7.726791096797125,0
adam,adiabatic,820,-8.201592085863942,-7.726791096823367,0
adam,adiabatic,821,-8.201592085890793,-7.726791096849106,0
adam,adiabatic,822,-8.201592085917138,-7.726791096874368,0
adam,adiabatic,823,-8.201592085942982,-7.726791096899124,0
adam,adiabatic,824,-8.201592085968322,-7.72679109692342,0
adam,adiabatic,825,-8.201592085993173,-7.7267910969472515,0
adam,adiabatic,826,-8.201592086017554,-7.726791096970629,0
adam,adiabatic,827,-8.201592086041495,-7.7267910969935265,0
adam,adiabatic,828,-8.201592086064915,-7.72679109701602,0
adam,adiabatic,829,-8.20159208608793,-7.726791097038061,0
adam,adiabatic,830,-8.201592086110486,-7.726791097059699,0
adam,adiabatic,831,-8.20159208613263,-7.726791097080901,0
adam,adiabatic,832,-8.201592086154324,-7.726791097101699,0
adam,adiabatic,833,-8.201592086175603,-7.726791097122109,0
adam,adiabatic,834,-8.20159208619651,-7.726791097142122,0
adam,adiabatic,835,-8.201592086216978,-7.726791097161753,0
adam,adiabatic,836,-8.20159208623706,-7.726791097181011,0
adam,adiabatic,837,-8.201592086256767,-7.726791097199892,0
adam,adiabatic,838,-8.201592086276104,-7.726791097218401,0
adam,adiabatic,839,-8.20159208629505,-7.726791097236586,0
adam,adiabatic,840,-8.20159208631365,-7.726791097254376,0
adam,adiabatic,841,-8.201592086331848,-7.726791097271835,0
adam,adiabatic,842,-8.201592086349736,-7.72679109728899,0
adam,adiabatic,843,-8.201592086367253,-7.726791097305785,0
adam,adiabatic,844,-8.201592086384444,-7.72679109732226,0
adam,adiabatic,845,-8.201592086401334,-7.726791097338419,0
adam,adiabatic,846,-8.201592086417842,-7.7267910973542735,0
adam,adiabatic,847,-8.201592086434069,-7.726791097369812,0
adam,adiabatic,848,-8.201592086449967,-7.726791097385032,0
adam,adiabatic,849,-8.20159208646557,-7.726791097399971,0
adam,adiabatic,850,-8.201592086480845,-7.726791097414635,0
adam,adiabatic,851,-8.20159208649586,-7.7267910974289915,0
adam,adiabatic,852,-8.201592086510546,-7.726791097443084,0
adam,adiabatic,853,-8.20159208652499,-7.726791097456887,0
adam,adiabatic,854,-8.201592086539117,-7.726791097470431,0
adam,adiabatic,855,-8.201592086552989,-7.7267910974837255,0
adam,adiabatic,856,-8.201592086566583,-7.726791097496725,0
adam,adiabatic,857,-8.201592086579884,-7.726791097509487,0
adam,adiabatic,858,-8.201592086592948,-7.726791097522036,0
adam,adiabatic,859,-8.20159208660579,-7.726791097534298,0
adam,adiabatic,860,-8.201592086618339,-7.726791097546325,0
adam,adiabatic,861,-8.20159208663065,-7.726791097558131,0
adam,adiabatic,862,-8.201592086642737,-7.726791097569676,0
adam,adiabatic,863,-8.201592086654554,-7.726791097581036,0
adam,adiabatic,864,-8.201592086666185,-7.726791097592135,0
adam,adiabatic,865,-8.201592086677536,-7.726791097603011,0
adam,adiabatic,866,-8.201592086688672,-7.726791097613716,0
adam,adiabatic,867,-8.20159208669961,-7.726791097624191,0
adam,adiabatic,868,-8.201592086710349,-7.726791097634443,0
adam,adiabatic,869,-8.201592086720826,-7.726791097644507,0
adam,adiabatic,870,-8.201592086731134,-7.726791097654373,0
adam,adiabatic,871,-8.201592086741226,-7.726791097664035,0
adam,adiabatic,872,-8.201592086751095,-7.726791097673504,0
adam,adiabatic,873,-8.201592086760803,-7.726791097682792,0
adam,adiabatic,874,-8.20159208677031,-7.726791097691894,0
adam,adiabatic,875,-8.20159208677964,-7.726791097700809,0
adam,adiabatic,876,-8.201592086788747,-7.726791097709556,0
adam,adiabatic,877,-8.201592086797707,-7.726791097718119,0
adam,adiabatic,878,-8.201592086806468,-7.726791097726527,0
adam,adiabatic,879,-8.20159208681509,-7.726791097734757,0
adam,adiabatic,880,-8.201592086823497,-7.726791097742815,0
adam,adiabatic,881,-8.201592086831754,-7.726791097750706,0
adam,adiabatic,882,-8.20159208683983,-7.7267910977584595,0
adam,adiabatic,883,-8.201592086847763,-7.7267910977660526,0
adam,adiabatic,884,-8.20159208685553,-7.7267910977735,0
adam,adiabatic,885,-8.201592086863153,-7.726791097780768,0
adam,adiabatic,886,-8.201592086870594,-7.726791097787922,0
adam,adiabatic,887,-8.201592086877902,-7.726791097794911,0
adam,adiabatic,888,-8.201592086885066,-7.726791097801771,0
adam,adiabatic,889,-8.201592086892099,-7.726791097808496,0
adam,adiabatic,890,-8.201592086898957,-7.726791097815086,0
adam,adiabatic,891,-8.201592086905709,-7.726791097821525,0
adam,adiabatic,892,-8.201592086912317,-7.726791097827849,0
adam,adiabatic,893,-8.201592086918772,-7.7267910978340435,0
adam,adiabatic,894,-8.2015920869251,-7.726791097840104,0
adam,adiabatic,895,-8.20159208693131,-7.726791097846054,0
adam,adiabatic,896,-8.2015920869374,-7.726791097851882,0
adam,adiabatic,897,-8.201592086943366,-7.726791097857601,0
adam,adiabatic,898,-8.201592086949212,-7.726791097863182,0
adam,adiabatic,899,-8.20159208695493,-7.726791097868649,0
adam,adiabatic,900,-7.7267910978686505,-7.7267910978739875,0
adam,adiabatic,901,-7.7267910978739875,-7.7267910978792536,0
adam,adiabatic,902,-7.7267910978792536,-7.726791097884359,0
adam,adiabatic,903,-7.726791097884357,-7.726791097889375,0
adam,adiabatic,904,-7.7267910978893735,-7.726791097894248,0
adam,adiabatic,905,-7.726791097894255,-7.726791097899059,0
adam,adiabatic,906,-7.7267910978990555,-7.726791097903728,0
adam,adiabatic,907,-7.726791097903728,-7.7267910979083245,0
adam,adiabatic,908,-7.726791097908323,-7.72679109791283,0
adam,adiabatic,909,-7.726791097912832,-7.7267910979172125,0
adam,adiabatic,910,-7.726791097917216,-7.726791097921516,0
adam,adiabatic,911,-7.7267910979215175,-7.726791097925715,0
adam,adiabatic,912,-7.726791097925717,-7.726791097929836,0
adam,adiabatic,913,-7.726791097929836,-7.726791097933877,0
adam,adiabatic,914,-7.7267910979338765,-7.72679109793784,0
adam,adiabatic,915,-7.726791097937841,-7.726791097941695,0
adam,adiabatic,916,-7.726791097941699,-7.726791097945473,0
adam,adiabatic,917,-7.726791097945474,-7.726791097949191,0
adam,adiabatic,918,-7.726791097949195,-7.726791097952823,0
adam,adiabatic,919,-7.726791097952825,-7.72679109795638,0
adam,adiabatic,920,-7.72679109795638,-7.726791097959881,0
adam,adiabatic,921,-7.726791097959882,-7.7267910979632735,0
adam,adiabatic,922,-7.726791097963277,-7.726791097966613,0
adam,adiabatic,923,-7.726791097966615,-7.726791097969881,0
adam,adiabatic,924,-7.726791097969877,-7.7267910979730905,0
adam,adiabatic,925,-7.726791097973089,-7.726791097976223,0
adam,adiabatic,926,-7.726791097976225,-7.726791097979288,0
adam,adiabatic,927,-7.726791097979288,-7.726791097982303,0
adam,adiabatic,928,-7.7267910979823045,-7.726791097985257,0
adam,adiabatic,929,-7.7267910979852585,-7.726791097988135,0
adam,adiabatic,930,-7.726791097988139,-7.726791097990972,0
adam,adiabatic,931,-7.72679109799097,-7.72679109799372,0
adam,adiabatic,932,-7.726791097993722,-7.726791097996441,0
adam,adiabatic,933,-7.726791097996441,-7.726791097999091,0
adam,adiabatic,934,-7.726791097999095,-7.726791098001689,0
adam,adiabatic,935,-7.726791098001689,-7.726791098004238,0
adam,adiabatic,936,-7.72679109800424,-7.726791098006724,0
adam,adiabatic,937,-7.726791098006724,-7.726791098009173,0
adam,adiabatic,938,-7.726791098009169,-7.726791098011568,0
adam,adiabatic,939,-7.726791098011568,-7.726791098013902,0
adam,adiabatic,940,-7.726791098013904,-7.7267910980162045,0
adam,adiabatic,941,-7.726791098016206,-7.726791098018448,0
adam,adiabatic,942,-7.7267910980184435,-7.726791098020624,0
adam,adiabatic,943,-7.726791098020624,-7.726791098022784,0
adam,adiabatic,944,-7.726791098022779,-7.726791098024901,0
adam,adiabatic,945,-7.726791098024897,-7.726791098026954,0
adam,adiabatic,946,-7.7267910980269505,-7.726791098028978,0
adam,adiabatic,947,-7.726791098028982,-7.726791098030956,0
adam,adiabatic,948,-7.726791098030958,-7.726791098032913,0
adam,adiabatic,949,-7.726791098032918,-7.7267910980347905,0
adam,adiabatic,950,-7.726791098034796,-7.7267910980366645,0
adam,adiabatic,951,-7.726791098036663,-7.726791098038465,0
adam,adiabatic,952,-7.726791098038465,-7.7267910980402545,0
adam,adiabatic,953,-7.726791098040256,-7.726791098041991,0
adam,adiabatic,954,-7.726791098041986,-7.726791098043703,0
adam,adiabatic,955,-7.726791098043703,-7.726791098045383,0
adam,adiabatic,956,-7.726791098045384,-7.726791098046995,0
adam,adiabatic,957,-7.726791098046995,-7.726791098048601,0
adam,adiabatic,958,-7.726791098048604,-7.726791098050175,0
adam,adiabatic,959,-7.726791098050175,-7.72679109805171,0
adam,adiabatic,960,-7.7267910980517085,-7.726791098053217,0
adam,adiabatic,961,-7.726791098053213,-7.726791098054681,0
adam,adiabatic,962,-7.726791098054687,-7.726791098056117,0
adam,adiabatic,963,-7.726791098056119,-7.72679109805754,0
adam,adiabatic,964,-7.7267910980575385,-7.726791098058913,0
adam,adiabatic,965,-7.726791098058913,-7.726791098060267,0
adam,adiabatic,966,-7.726791098060272,-7.726791098061585,0
adam,adiabatic,967,-7.726791098061585,-7.726791098062879,0
adam,adiabatic,968,-7.726791098062881,-7.72679109806415,0
adam,adiabatic,969,-7.72679109806415,-7.726791098065379,0
adam,adiabatic,970,-7.726791098065379,-7.726791098066597,0
adam,adiabatic,971,-7.726791098066597,-7.726791098067786,0
adam,adiabatic,972,-7.726791098067788,-7.726791098068947,0
adam,adiabatic,973,-7.726791098068949,-7.726791098070091,0
adam,adiabatic,974,-7.726791098070088,-7.726791098071192,0
adam,adiabatic,975,-7.726791098071188,-7.726791098072281,0
adam,adiabatic,976,-7.726791098072279,-7.726791098073366,0
adam,adiabatic,977,-7.726791098073362,-7.726791098074392,0
adam,adiabatic,978,-7.7267910980743935,-7.726791098075404,0
adam,adiabatic,979,-7.726791098075402,-7.726791098076419,0
adam,adiabatic,980,-7.726791098076419,-7.72679109807739,0
adam,adiabatic,981,-7.72679109807739,-7.7267910980783485,0
adam,adiabatic,982,-7.7267910980783485,-7.7267910980792776,0
adam,adiabatic,983,-7.726791098079281,-7.7267910980802,0
adam,adiabatic,984,-7.726791098080195,-7.72679109808109,0
adam,adiabatic,985,-7.726791098081094,-7.726791098081956,0
adam,adiabatic,986,-7.72679109808196,-7.726791098082834,0
adam,adiabatic,987,-7.726791098082836,-7.7267910980836705,0
adam,adiabatic,988,-7.726791098083671,-7.726791098084479,0
adam,adiabatic,989,-7.7267910980844805,-7.726791098085301,0
adam,adiabatic,990,-7.726791098085301,-7.726791098086062,0
adam,adiabatic,991,-7.726791098086064,-7.726791098086855,0
adam,adiabatic,992,-7.726791098086858,-7.726791098087597,0
adam,adiabatic,993,-7.726791098087597,-7.7267910980883405,0
adam,adiabatic,994,-7.726791098088339,-7.726791098089052,0
adam,adiabatic,995,-7.7267910980890555,-7.726791098089754,0
adam,adiabatic,996,-7.726791098089755,-7.726791098090452,0
adam,adiabatic,997,-7.7267910980904535,-7.726791098091115,0
adam,adiabatic,998,-7.726791098091115,-7.726791098091768,0
adam,adiabatic,999,-7.72679109809177,-7.726791098092425,0
adam,sea,0,-3.984761347028719,-3.984761347028719,0
adam,sea,1,-4.201187721036382,-4.201187721036382,0
adam,sea,2,-4.401752097781854,-4.401752097781854,0
adam,sea,3,-4.587412117961513,-4.587412117961513,0
adam,sea,4,-4.7617968822274515,-4.7617968822274515,0
adam,sea,5,-4.929548659464918,-4.929548659464918,0
adam,sea,6,-5.094424433206755,-5.094424433206755,0
adam,sea,7,-5.257917107198086,-5.257917107198086,0
adam,sea,8,-5.4190202027740755,-5.4190202027740755,0
adam,sea,9,-5.575479973671604,-5.575479973671604,0
adam,sea,10,-5.725459731147728,-5.725459731147728,0
adam,sea,11,-5.868575201982426,-5.868575201982426,0
adam,sea,12,-6.005579573449483,-6.005579573449483,0
adam,sea,13,-6.137050896533382,-6.137050896533382,0
adam,sea,14,-6.26267653934513,-6.26267653934513,0
adam,sea,15,-6.381590785350973,-6.381590785350973,0
adam,sea,16,-6.492860383319306,-6.492860383319306,0
adam,sea,17,-6.595615448676122,-6.595615448676122,0
adam,sea,18,-6.6892465974867275,-6.6892465974867275,0
adam,sea,19,-6.773805148769469,-6.773805148769469,0
adam,sea,20,-6.850126023994401,-6.850126023994401,0
adam,sea,21,-6.919619818598073,-6.919619818598073,0
adam,sea,22,-6.983980999026072,-6.983980999026072,0
adam,sea,23,-7.044717885231004,-7.044717885231004,0
adam,sea,24,-7.10258285391243,-7.10258285391243,0
adam,sea,25,-7.157303880030715,-7.157303880030715,0
adam,sea,26,-7.207790488762953,-7.207790488762953,0
adam,sea,27,-7.252654864220471,-7.252654864220471,0
adam,sea,28,-7.29079812800112,-7.29079812800112,0
adam,sea,29,-7.321849640708208,-7.321849640708208,0
adam,sea,30,-7.34633627923147,-7.34633627923147,0
adam,sea,31,-7.365540811983171,-7.365540811983171,0
adam,sea,32,-7.381090141873642,-7.381090141873642,0
adam,sea,33,-7.394482180187803,-7.394482180187803,0
adam,sea,34,-7.4068201069888016,-7.4068201069888016,0
adam,sea,35,-7.418788957342538,-7.418788957342538,0
adam,sea,36,-7.43073553268178,-7.43073553268178,0
adam,sea,37,-7.442766711612411,-7.442766711612411,0
adam,sea,38,-7.454845018515381,-7.454845018515381,0
adam,sea,39,-7.466859400019871,-7.466859400019871,0
adam,sea,40,-7.478655244568378,-7.478655244568378,0
adam,sea,41,-7.490038016122504,-7.490038016122504,0
adam,sea,42,-7.500790786901214,-7.500790786901214,0
adam,sea,43,-7.510752079277144,-7.510752079277144,0
adam,sea,44,-7.519953234418624,-7.519953234418624,0
adam,sea,45,-7.528713847694935,-7.528713847694935,0
adam,sea,46,-7.537560457289465,-7.537560457289465,0
adam,sea,47,-7.5469674998021565,-7.5469674998021565,0
adam,sea,48,-7.557103440076016,-7.557103440076016,0
adam,sea,49,-7.567780473699951,-7.567780473699951,0
adam,sea,50,-7.578631412588506,-7.578631412588506,0
adam,sea,51,-7.589357394654155,-7.589357394654155,0
adam,sea,52,-7.599858550930982,-7.599858550930982,0
adam,sea,53,-7.61018223878461,-7.61018223878461,0
adam,sea,54,-7.620378492894991,-7.620378492894991,0
adam,sea,55,-7.630397930721,-7.630397930721,0
adam,sea,56,-7.640090062556097,-7.640090062556097,0
adam,sea,57,-7.649266925738808,-7.649266925738808,0
adam,sea,58,-7.657768168879995,-7.657768168879995,0
adam,sea,59,-7.665490284304669,-7.665490284304669,0
adam,sea,60,-7.672382620418499,-7.672382620418499,0
adam,sea,61,-7.678436053829993,-7.678436053829993,0
adam,sea,62,-7.683684019677025,-7.683684019677025,0
adam,sea,63,-7.6882099338538445,-7.6882099338538445,0
adam,sea,64,-7.692138496034454,-7.692138496034454,0
adam,sea,65,-7.695600719791942,-7.695600719791942,0
adam,sea,66,-7.698691003543815,-7.698691003543815,0
adam,sea,67,-7.70144781489595,-7.70144781489595,0
adam,sea,68,-7.703871648032032,-7.703871648032032,0
adam,sea,69,-7.7059625369024065,-7.7059625369024065,0
adam,sea,70,-7.707747161074677,-7.707747161074677,0
adam,sea,71,-7.7092812215181095,-7.7092812215181095,0
adam,sea,72,-7.710634361423346,-7.710634361423346,0
adam,sea,73,-7.711870988868306,-7.711870988868306,0
adam,sea,74,-7.713033967341837,-7.713033967341837,0
adam,sea,75,-7.714134662432883,-7.714134662432883,0
adam,sea,76,-7.715154931872618,-7.715154931872618,0
adam,sea,77,-7.716063747698953,-7.716063747698953,0
adam,sea,78,-7.716840067733232,-7.716840067733232,0
adam,sea,79,-7.717486366360065,-7.717486366360065,0
adam,sea,80,-7.718024605523249,-7.718024605523249,0
adam,sea,81,-7.718481895706994,-7.718481895706994,0
adam,sea,82,-7.718880238878341,-7.718880238878341,0
adam,sea,83,-7.719237219247895,-7.719237219247895,0
adam,sea,84,-7.719572202609467,-7.719572202609467,0
adam,sea,85,-7.719908297710148,-7.719908297710148,0
adam,sea,86,-7.720266326230241,-7.720266326230241,0
adam,sea,87,-7.720655706444689,-7.720655706444689,0
adam,sea,88,-7.721070119972993,-7.721070119972993,0
adam,sea,89,-7.721491328277417,-7.721491328277417,0
adam,sea,90,-7.721897656390878,-7.721897656390878,0
adam,sea,91,-7.722271040607083,-7.722271040607083,0
adam,sea,92,-7.722599879109041,-7.722599879109041,0
adam,sea,93,-7.722879530099477,-7.722879530099477,0
adam,sea,94,-7.72311273089764,-7.72311273089764,0
adam,sea,95,-7.723309155872729,-7.723309155872729,0
adam,sea,96,-7.723482136479635,-7.723482136479635,0
adam,sea,97,-7.723643274822323,-7.723643274822323,0
adam,sea,98,-7.7237984022102,-7.7237984022102,0
adam,sea,99,-7.723947346054912,-7.723947346054912,0
adam,sea,100,-7.724086767379001,-7.724086767379001,0
adam,sea,101,-7.724213657496386,-7.724213657496386,0
adam,sea,102,-7.724327711234038,-7.724327711234038,0
adam,sea,103,-7.724431855772092,-7.724431855772092,0
adam,sea,104,-7.72453086478237,-7.72453086478237,0
adam,sea,105,-7.724628866165581,-7.724628866165581,0
adam,sea,106,-7.724727419172781,-7.724727419172781,0
adam,sea,107,-7.7248254506359775,-7.7248254506359775,0
adam,sea,108,-7.724920718150991,-7.724920718150991,0
adam,sea,109,-7.725011310762867,-7.725011310762867,0
adam,sea,110,-7.725096145781437,-7.725096145781437,0
adam,sea,111,-7.725174674799502,-7.725174674799502,0
adam,sea,112,-7.725246611758557,-7.725246611758557,0
adam,sea,113,-7.725312065664101,-7.725312065664101,0
adam,sea,114,-7.725371763158032,-7.725371763158032,0
adam,sea,115,-7.725426885879869,-7.725426885879869,0
adam,sea,116,-7.725478506786449,-7.725478506786449,0
adam,sea,117,-7.725527111277988,-7.725527111277988,0
adam,sea,118,-7.7255726332817884,-7.7255726332817884,0
adam,sea,119,-7.72561488230392,-7.72561488230392,0
adam,sea,120,-7.725653868477666,-7.725653868477666,0
adam,sea,121,-7.725689783113402,-7.725689783113402,0
adam,sea,122,-7.725722860551426,-7.725722860551426,0
adam,sea,123,-7.725753397402215,-7.725753397402215,0
adam,sea,124,-7.725781871927232,-7.725781871927232,0
adam,sea,125,-7.725808934744375,-7.725808934744375,0
adam,sea,126,-7.725835226031848,-7.725835226031848,0
adam,sea,127,-7.725861179497544,-7.725861179497544,0
adam,sea,128,-7.725886948392817,-7.725886948392817,0
adam,sea,129,-7.725912461274588,-7.725912461274588,0
adam,sea,130,-7.725937552742704,-7.725937552742704,0
adam,sea,131,-7.72596209595812,-7.72596209595812,0
adam,sea,132,-7.725986056284823,-7.725986056284823,0
adam,sea,133,-7.72600944046289,-7.72600944046289,0
adam,sea,134,-7.726032213827186,-7.726032213827186,0
adam,sea,135,-7.7260542798595155,-7.7260542798595155,0
adam,sea,136,-7.726075531107697,-7.726075531107697,0
adam,sea,137,-7.726095902506567,-7.726095902506567,0
adam,sea,138,-7.726115375396999,-7.726115375396999,0
adam,sea,139,-7.726133948613011,-7.726133948613011,0
adam,sea,140,-7.726151624215953,-7.726151624215953,0
adam,sea,141,-7.726168426188079,-7.726168426188079,0
adam,sea,142,-7.726184423921025,-7.726184423921025,0
adam,sea,143,-7.726199724079666,-7.726199724079666,0
adam,sea,144,-7.726214434659324,-7.726214434659324,0
adam,sea,145,-7.726228641025964,-7.726228641025964,0
adam,sea,146,-7.726242414292052,-7.726242414292052,0
adam,sea,147,-7.726255825663562,-7.726255825663562,0
adam,sea,148,-7.726268936066101,-7.726268936066101,0
adam,sea,149,-7.726281772011935,-7.726281772011935,0
adam,sea,150,-7.726294321330382,-7.726294321330382,0
adam,sea,151,-7.726306556710336,-7.726306556710336,0
adam,sea,152,-7.726318463579757,-7.726318463579757,0
adam,sea,153,-7.7263300504821055,-7.7263300504821055,0
adam,sea,154,-7.726341340990634,-7.726341340990634,0
adam,sea,155,-7.726352358784538,-7.726352358784538,0
adam,sea,156,-7.726363117708144,-7.726363117708144,0
adam,sea,157,-7.726373622430558,-7.726373622430558,0
adam,sea,158,-7.72638387570728,-7.72638387570728,0
adam,sea,159,-7.7263938828195515,-7.7263938828195515,0
adam,sea,160,-7.726403649468255,-7.726403649468255,0
adam,sea,161,-7.7264131785773955,-7.7264131785773955,0
adam,sea,162,-7.726422471612926,-7.726422471612926,0
adam,sea,163,-7.726431532847162,-7.726431532847162,0
adam,sea,164,-7.726440371526188,-7.726440371526188,0
adam,sea,165,-7.72644900025123,-7.72644900025123,0
adam,sea,166,-7.726457432095879,-7.726457432095879,0
adam,sea,167,-7.726465679253854,-7.726465679253854,0
adam,sea,168,-7.726473753079531,-7.726473753079531,0
adam,sea,169,-7.726481663345332,-7.726481663345332,0
adam,sea,170,-7.726489416351745,-7.726489416351745,0
adam,sea,171,-7.726497014554229,-7.726497014554229,0
adam,sea,172,-7.726504459304118,-7.726504459304118,0
adam,sea,173,-7.72651175398825,-7.72651175398825,0
adam,sea,174,-7.726518904008203,-7.726518904008203,0
adam,sea,175,-7.7265259142175795,-7.7265259142175795,0
adam,sea,176,-7.726532787372257,-7.726532787372257,0
adam,sea,177,-7.7265395251138544,-7.7265395251138544,0
adam,sea,178,-7.72654612983067,-7.72654612983067,0
adam,sea,179,-7.726552605476838,-7.726552605476838,0
adam,sea,180,-7.7265589570986,-7.7265589570986,0
adam,sea,181,-7.7265651899343535,-7.7265651899343535,0
adam,sea,182,-7.726571308955927,-7.726571308955927,0
adam,sea,183,-7.726577319029775,-7.726577319029775,0
adam,sea,184,-7.726583225117678,-7.726583225117678,0
adam,sea,185,-7.726589031980826,-7.726589031980826,0
adam,sea,186,-7.72659474362753,-7.72659474362753,0
adam,sea,187,-7.7266003630880205,-7.7266003630880205,0
adam,sea,188,-7.7266058926049555,-7.7266058926049555,0
adam,sea,189,-7.726611333900897,-7.726611333900897,0
adam,sea,190,-7.726616688355035,-7.726616688355035,0
adam,sea,191,-7.726621957216247,-7.726621957216247,0
adam,sea,192,-7.726627141946977,-7.726627141946977,0
adam,sea,193,-7.726632244533631,-7.726632244533631,0
adam,sea,194,-7.726637267465558,-7.726637267465558,0
adam,sea,195,-7.7266422133375405,-7.7266422133375405,0
adam,sea,196,-7.726647084462224,-7.726647084462224,0
adam,sea,197,-7.726651882883683,-7.726651882883683,0
adam,sea,198,-7.72665661066922,-7.72665661066922,0
adam,sea,199,-7.726661270046528,-7.726661270046528,0
adam,sea,200,-7.72666586325646,-7.72666586325646,0
adam,sea,201,-7.726670392367112,-7.726670392367112,0
adam,sea,202,-7.726674859237424,-7.726674859237424,0
adam,sea,203,-7.726679265570976,-7.726679265570976,0
adam,sea,204,-7.726683612952699,-7.726683612952699,0
adam,sea,205,-7.7266879028607915,-7.7266879028607915,0
adam,sea,206,-7.726692136693217,-7.726692136693217,0
adam,sea,207,-7.7266963158168,-7.7266963158168,0
adam,sea,208,-7.726700441601457,-7.726700441601457,0
adam,sea,209,-7.726704515409059,-7.726704515409059,0
adam,sea,210,-7.72670853856266,-7.72670853856266,0
adam,sea,211,-7.726712512345467,-7.726712512345467,0
adam,sea,212,-7.7267164380189675,-7.7267164380189675,0
adam,sea,213,-7.726720316814941,-7.726720316814941,0
adam,sea,214,-7.726724149898001,-7.726724149898001,0
adam,sea,215,-7.726727938348547,-7.726727938348547,0
adam,sea,216,-7.72673168319522,-7.72673168319522,0
adam,sea,217,-7.726735385472697,-7.726735385472697,0
adam,sea,218,-7.726739046251826,-7.726739046251826,0
adam,sea,219,-7.726742666614331,-7.726742666614331,0
adam,sea,220,-7.726746247597428,-7.726746247597428,0
adam,sea,221,-7.726749790165039,-7.726749790165039,0
adam,sea,222,-7.726753295223647,-7.726753295223647,0
adam,sea,223,-7.726756763649245,-7.726756763649245,0
adam,sea,224,-7.726760196296416,-7.726760196296416,0
adam,sea,225,-7.726763593998076,-7.726763593998076,0
adam,sea,226,-7.726766957568703,-7.726766957568703,0
adam,sea,227,-7.726770287805824,-7.726770287805824,0
adam,sea,228,-7.726773585482382,-7.726773585482382,0
adam,sea,229,-7.726776851338912,-7.726776851338912,0
adam,sea,230,-7.72678008608696,-7.72678008608696,0
adam,sea,231,-7.726783290420293,-7.726783290420293,0
adam,sea,232,-7.726786465022189,-7.726786465022189,0
adam,sea,233,-7.72678961056423,-7.72678961056423,0
adam,sea,234,-7.7267927277032395,-7.7267927277032395,0
adam,sea,235,-7.726795817083515,-7.726795817083515,0
adam,sea,236,-7.72679887933826,-7.72679887933826,0
adam,sea,237,-7.726801915085999,-7.726801915085999,0
adam,sea,238,-7.726804924924169,-7.726804924924169,0
adam,sea,239,-7.726807909427416,-7.726807909427416,0
adam,sea,240,-7.726810869150678,-7.726810869150678,0
adam,sea,241,-7.726813804635318,-7.726813804635318,0
adam,sea,242,-7.726816716413348,-7.726816716413348,0
adam,sea,243,-7.7268196050079965,-7.7268196050079965,0
adam,sea,244,-7.726822470932268,-7.726822470932268,0
adam,sea,245,-7.726825314687048,-7.726825314687048,0
adam,sea,246,-7.726828136760938,-7.726828136760938,0
adam,sea,247,-7.7268309376298285,-7.7268309376298285,0
adam,sea,248,-7.726833717757556,-7.726833717757556,0
adam,sea,249,-7.72683647759758,-7.72683647759758,0
adam,sea,250,-7.72683921759542,-7.72683921759542,0
adam,sea,251,-7.726841938188229,-7.726841938188229,0
adam,sea,252,-7.726844639803632,-7.726844639803632,0
adam,sea,253,-7.726847322859303,-7.726847322859303,0
adam,sea,254,-7.726849987764639,-7.726849987764639,0
adam,sea,255,-7.726852634921637,-7.726852634921637,0
adam,sea,256,-7.726855264724393,-7.726855264724393,0
adam,sea,257,-7.726857877558809,-7.726857877558809,0
adam,sea,258,-7.726860473803165,-7.726860473803165,0
adam,sea,259,-7.726863053828844,-7.726863053828844,0
adam,sea,260,-7.726865618000737,-7.726865618000737,0
adam,sea,261,-7.726868166676784,-7.726868166676784,0
adam,sea,262,-7.7268707002080905,-7.7268707002080905,0
adam,sea,263,-7.726873218938866,-7.726873218938866,0
adam,sea,264,-7.726875723206585,-7.726875723206585,0
adam,sea,265,-7.726878213342576,-7.726878213342576,0
adam,sea,266,-7.7268806896724875,-7.7268806896724875,0
adam,sea,267,-7.726883152516708,-7.726883152516708,0
adam,sea,268,-7.726885602190737,-7.726885602190737,0
adam,sea,269,-7.726888039004912,-7.726888039004912,0
adam,sea,270,-7.726890463264915,-7.726890463264915,0
adam,sea,271,-7.726892875271172,-7.726892875271172,0
adam,sea,272,-7.726895275319558,-7.726895275319558,0
adam,sea,273,-7.72689766370141,-7.72689766370141,0
adam,sea,274,-7.726900040703746,-7.726900040703746,0
adam,sea,275,-7.726902406609163,-7.726902406609163,0
adam,sea,276,-7.726904761696119,-7.726904761696119,0
adam,sea,277,-7.726907106239027,-7.726907106239027,0
adam,sea,278,-7.72690944050842,-7.72690944050842,0
adam,sea,279,-7.726911764770879,-7.726911764770879,0
adam,sea,280,-7.726914079289458,-7.726914079289458,0
adam,sea,281,-7.726916384323581,-7.726916384323581,0
adam,sea,282,-7.726918680129373,-7.726918680129373,0
adam,sea,283,-7.726920966959827,-7.726920966959827,0
adam,sea,284,-7.72692324506462,-7.72692324506462,0
adam,sea,285,-7.726925514690549,-7.726925514690549,0
adam,sea,286,-7.726927776081327,-7.726927776081327,0
adam,sea,287,-7.726930029477803,-7.726930029477803,0
adam,sea,288,-7.7269322751179645,-7.7269322751179645,0
adam,sea,289,-7.726934513237119,-7.726934513237119,0
adam,sea,290,-7.726936744068082,-7.726936744068082,0
adam,sea,291,-7.726938967841143,-7.726938967841143,0
adam,sea,292,-7.726941184784201,-7.726941184784201,0
adam,sea,293,-7.726943395122829,-7.726943395122829,0
adam,sea,294,-7.726945599080315,-7.726945599080315,0
adam,sea,295,-7.726947796877715,-7.726947796877715,0
adam,sea,296,-7.726949988734041,-7.726949988734041,0
adam,sea,297,-7.7269521748662955,-7.7269521748662955,0
adam,sea,298,-7.7269543554895925,-7.7269543554895925,0
adam,sea,299,-7.726956530817034,-7.726956530817034,0
adam,sea,300,-7.7269587010600995,-7.7269587010600995,0
adam,sea,301,-7.726960866428513,-7.726960866428513,0
adam,sea,302,-7.726963027130334,-7.726963027130334,0
adam,sea,303,-7.726965183371998,-7.726965183371998,0
adam,sea,304,-7.726967335358554,-7.726967335358554,0
adam,sea,305,-7.726969483293478,-7.726969483293478,0
adam,sea,306,-7.726971627378936,-7.726971627378936,0
adam,sea,307,-7.726973767815737,-7.726973767815737,0
adam,sea,308,-7.726975904803461,-7.726975904803461,0
adam,sea,309,-7.726978038540465,-7.726978038540465,0
adam,sea,310,-7.726980169223969,-7.726980169223969,0
adam,sea,311,-7.726982297050111,-7.726982297050111,0
adam,sea,312,-7.726984422213997,-7.726984422213997,0
adam,sea,313,-7.726986544909902,-7.726986544909902,0
adam,sea,314,-7.726988665330989,-7.726988665330989,0
adam,sea,315,-7.7269907836697485,-7.7269907836697485,0
adam,sea,316,-7.726992900117766,-7.726992900117766,0
adam,sea,317,-7.726995014866017,-7.726995014866017,0
adam,sea,318,-7.726997128104643,-7.726997128104643,0
adam,sea,319,-7.726999240023296,-7.726999240023296,0
adam,sea,320,-7.7270013508109505,-7.7270013508109505,0
adam,sea,321,-7.7270034606560785,-7.7270034606560785,0
adam,sea,322,-7.727005569746727,-7.727005569746727,0
adam,sea,323,-7.727007678270444,-7.727007678270444,0
adam,sea,324,-7.727009786414509,-7.727009786414509,0
adam,sea,325,-7.727011894365728,-7.727011894365728,0
adam,sea,326,-7.727014002310821,-7.727014002310821,0
adam,sea,327,-7.72701611043617,-7.72701611043617,0
adam,sea,328,-7.727018218927993,-7.727018218927993,0
adam,sea,329,-7.72702032797244,-7.72702032797244,0
adam,sea,330,-7.7270224377555845,-7.7270224377555845,0
adam,sea,331,-7.727024548463395,-7.727024548463395,0
adam,sea,332,-7.727026660281936,-7.727026660281936,0
adam,sea,333,-7.72702877339733,-7.72702877339733,0
adam,sea,334,-7.72703088799583,-7.72703088799583,0
adam,sea,335,-7.727033004263809,-7.727033004263809,0
adam,sea,336,-7.727035122387974,-7.727035122387974,0
adam,sea,337,-7.727037242555129,-7.727037242555129,0
adam,sea,338,-7.7270393649526055,-7.7270393649526055,0
adam,sea,339,-7.727041489767863,-7.727041489767863,0
adam,sea,340,-7.727043617188978,-7.727043617188978,0
adam,sea,341,-7.727045747404415,-7.727045747404415,0
adam,sea,342,-7.727047880603107,-7.727047880603107,0
adam,sea,343,-7.727050016974518,-7.727050016974518,0
adam,sea,344,-7.727052156708815,-7.727052156708815,0
adam,sea,345,-7.727054299996803,-7.727054299996803,0
adam,sea,346,-7.727056447029974,-7.727056447029974,0
adam,sea,347,-7.727058598000482,-7.727058598000482,0
adam,sea,348,-7.727060753101419,-7.727060753101419,0
adam,sea,349,-7.727062912526657,-7.727062912526657,0
adam,sea,350,-7.727065076470953,-7.727065076470953,0
adam,sea,351,-7.727067245130067,-7.727067245130067,0
adam,sea,352,-7.727069418700749,-7.727069418700749,0
adam,sea,353,-7.727071597380745,-7.727071597380745,0
adam,sea,354,-7.727073781368967,-7.727073781368967,0
adam,sea,355,-7.72707597086548,-7.72707597086548,0
adam,sea,356,-7.72707816607155,-7.72707816607155,0
adam,sea,357,-7.727080367189641,-7.727080367189641,0
adam,sea,358,-7.727082574423633,-7.727082574423633,0
adam,sea,359,-7.727084787978708,-7.727084787978708,0
adam,sea,360,-7.727087008061441,-7.727087008061441,0
adam,sea,361,-7.7270892348799745,-7.7270892348799745,0
adam,sea,362,-7.727091468643918,-7.727091468643918,0
adam,sea,363,-7.727093709564484,-7.727093709564484,0
adam,sea,364,-7.727095957854538,-7.727095957854538,0
adam,sea,365,-7.727098213728634,-7.727098213728634,0
adam,sea,366,-7.727100477403068,-7.727100477403068,0
adam,sea,367,-7.727102749095984,-7.727102749095984,0
adam,sea,368,-7.727105029027412,-7.727105029027412,0
adam,sea,369,-7.727107317419252,-7.727107317419252,0
adam,sea,370,-7.72710961449548,-7.72710961449548,0
adam,sea,371,-7.7271119204821375,-7.7271119204821375,0
adam,sea,372,-7.727114235607314,-7.727114235607314,0
adam,sea,373,-7.727116560101362,-7.727116560101362,0
adam,sea,374,-7.7271188941968525,-7.7271188941968525,0
adam,sea,375,-7.727121238128644,-7.727121238128644,0
adam,sea,376,-7.727123592134042,-7.727123592134042,0
adam,sea,377,-7.727125956452801,-7.727125956452801,0
adam,sea,378,-7.727128331327154,-7.727128331327154,0
adam,sea,379,-7.727130717001908,-7.727130717001908,0
adam,sea,380,-7.7271331137246495,-7.7271331137246495,0
adam,sea,381,-7.727135521745593,-7.727135521745593,0
adam,sea,382,-7.72713794131782,-7.72713794131782,0
adam,sea,383,-7.727140372697277,-7.727140372697277,0
adam,sea,384,-7.727142816142842,-7.727142816142842,0
adam,sea,385,-7.727145271916502,-7.727145271916502,0
adam,sea,386,-7.727147740283282,-7.727147740283282,0
adam,sea,387,-7.727150221511518,-7.727150221511518,0
adam,sea,388,-7.727152715872756,-7.727152715872756,0
adam,sea,389,-7.727155223641879,-7.727155223641879,0
adam,sea,390,-7.7271577450973075,-7.7271577450973075,0
adam,sea,391,-7.727160280520942,-7.727160280520942,0
adam,sea,392,-7.7271628301982895,-7.7271628301982895,0
adam,sea,393,-7.727165394418666,-7.727165394418666,0
adam,sea,394,-7.7271679734751295,-7.7271679734751295,0
adam,sea,395,-7.727170567664648,-7.727170567664648,0
adam,sea,396,-7.727173177288262,-7.727173177288262,0
adam,sea,397,-7.727175802650975,-7.727175802650975,0
adam,sea,398,-7.727178444062086,-7.727178444062086,0
adam,sea,399,-7.727181101835254,-7.727181101835254,0
adam,sea,400,-7.727183776288365,-7.727183776288365,0
adam,sea,401,-7.72718646774399,-7.72718646774399,0
adam,sea,402,-7.727189176529275,-7.727189176529275,0
adam,sea,403,-7.727191902975987,-7.727191902975987,0
adam,sea,404,-7.727194647420914,-7.727194647420914,0
adam,sea,405,-7.727197410205726,-7.727197410205726,0
adam,sea,406,-7.727200191677084,-7.727200191677084,0
adam,sea,407,-7.727202992187033,-7.727202992187033,0
adam,sea,408,-7.727205812092823,-7.727205812092823,0
adam,sea,409,-7.727208651757167,-7.727208651757167,0
adam,sea,410,-7.727211511548331,-7.727211511548331,0
adam,sea,411,-7.727214391840423,-7.727214391840423,0
adam,sea,412,-7.727217293013245,-7.727217293013245,0
adam,sea,413,-7.727220215452681,-7.727220215452681,0
adam,sea,414,-7.727223159550712,-7.727223159550712,0
adam,sea,415,-7.727226125705561,-7.727226125705561,0
adam,sea,416,-7.727229114321964,-7.727229114321964,0
adam,sea,417,-7.727232125811113,-7.727232125811113,0
adam,sea,418,-7.727235160590992,-7.727235160590992,0
adam,sea,419,-7.727238219086472,-7.727238219086472,0
adam,sea,420,-7.727241301729441,-7.727241301729441,0
adam,sea,421,-7.727244408959003,-7.727244408959003,0
adam,sea,422,-7.727247541221721,-7.727247541221721,0
adam,sea,423,-7.727250698971564,-7.727250698971564,0
adam,sea,424,-7.727253882670356,-7.727253882670356,0
adam,sea,425,-7.727257092787773,-7.727257092787773,0
adam,sea,426,-7.727260329801682,-7.727260329801682,0
adam,sea,427,-7.727263594198154,-7.727263594198154,0
adam,sea,428,-7.727266886471802,-7.727266886471802,0
adam,sea,429,-7.727270207125812,-7.727270207125812,0
adam,sea,430,-7.7272735566724755,-7.7272735566724755,0
adam,sea,431,-7.727276935633035,-7.727276935633035,0
adam,sea,432,-7.727280344538065,-7.727280344538065,0
adam,sea,433,-7.727283783927772,-7.727283783927772,0
adam,sea,434,-7.727287254352015,-7.727287254352015,0
adam,sea,435,-7.727290756370783,-7.727290756370783,0
adam,sea,436,-7.727294290554159,-7.727294290554159,0
adam,sea,437,-7.72729785748284,-7.72729785748284,0
adam,sea,438,-7.727301457748133,-7.727301457748133,0
adam,sea,439,-7.727305091952448,-7.727305091952448,0
adam,sea,440,-7.72730876070939,-7.72730876070939,0
adam,sea,441,-7.727312464644078,-7.727312464644078,0
adam,sea,442,-7.727316204393442,-7.727316204393442,0
adam,sea,443,-7.727319980606473,-7.727319980606473,0
adam,sea,444,-7.727323793944559,-7.727323793944559,0
adam,sea,445,-7.727327645081716,-7.727327645081716,0
adam,sea,446,-7.727331534704954,-7.727331534704954,0
adam,sea,447,-7.727335463514576,-7.727335463514576,0
adam,sea,448,-7.727339432224453,-7.727339432224453,0
adam,sea,449,-7.727343441562474,-7.727343441562474,0
adam,sea,450,-7.727347492270714,-7.727347492270714,0
adam,sea,451,-7.72735158510583,-7.72735158510583,0
adam,sea,452,-7.727355720839579,-7.727355720839579,0
adam,sea,453,-7.727359900258953,-7.727359900258953,0
adam,sea,454,-7.727364124166683,-7.727364124166683,0
adam,sea,455,-7.727368393381659,-7.727368393381659,0
adam,sea,456,-7.7273727087391695,-7.7273727087391695,0
adam,sea,457,-7.727377071091456,-7.727377071091456,0
adam,sea,458,-7.727381481307972,-7.727381481307972,0
adam,sea,459,-7.727385940276058,-7.727385940276058,0
adam,sea,460,-7.727390448901145,-7.727390448901145,0
adam,sea,461,-7.727395008107227,-7.727395008107227,0
adam,sea,462,-7.7273996188375,-7.7273996188375,0
adam,sea,463,-7.7274042820545965,-7.7274042820545965,0
adam,sea,464,-7.727408998741283,-7.727408998741283,0
adam,sea,465,-7.727413769900752,-7.727413769900752,0
adam,sea,466,-7.727418596557364,-7.727418596557364,0
adam,sea,467,-7.727423479756966,-7.727423479756966,0
adam,sea,468,-7.727428420567607,-7.727428420567607,0
adam,sea,469,-7.727433420079837,-7.727433420079837,0
adam,sea,470,-7.727438479407562,-7.727438479407562,0
adam,sea,471,-7.72744359968855,-7.72744359968855,0
adam,sea,472,-7.727448782084796,-7.727448782084796,0
adam,sea,473,-7.727454027783548,-7.727454027783548,0
adam,sea,474,-7.7274593379975,-7.7274593379975,0
adam,sea,475,-7.727464713965843,-7.727464713965843,0
adam,sea,476,-7.727470156954553,-7.727470156954553,0
adam,sea,477,-7.727475668257433,-7.727475668257433,0
adam,sea,478,-7.72748124919654,-7.72748124919654,0
adam,sea,479,-7.727486901123039,-7.727486901123039,0
adam,sea,480,-7.727492625417917,-7.727492625417917,0
adam,sea,481,-7.727498423492748,-7.727498423492748,0
adam,sea,482,-7.72750429679047,-7.72750429679047,0
adam,sea,483,-7.7275102467861325,-7.7275102467861325,0
adam,sea,484,-7.727516274987789,-7.727516274987789,0
adam,sea,485,-7.727522382937413,-7.727522382937413,0
adam,sea,486,-7.727528572211493,-7.727528572211493,0
adam,sea,487,-7.727534844422286,-7.727534844422286,0
adam,sea,488,-7.727541201218488,-7.727541201218488,0
adam,sea,489,-7.727547644286129,-7.727547644286129,0
adam,sea,490,-7.727554175349836,-7.727554175349836,0
adam,sea,491,-7.72756079617351,-7.72756079617351,0
adam,sea,492,-7.7275675085615285,-7.7275675085615285,0
adam,sea,493,-7.727574314359665,-7.727574314359665,0
adam,sea,494,-7.727581215456263,-7.727581215456263,0
adam,sea,495,-7.727588213783304,-7.727588213783304,0
adam,sea,496,-7.727595311317578,-7.727595311317578,0
adam,sea,497,-7.727602510081671,-7.727602510081671,0
adam,sea,498,-7.727609812145377,-7.727609812145377,0
adam,sea,499,-7.7276172196268424,-7.7276172196268424,0
adam,sea,500,-7.72762473469375,-7.72762473469375,0
adam,sea,501,-7.7276323595646845,-7.7276323595646845,0
adam,sea,502,-7.727640096510439,-7.727640096510439,0
adam,sea,503,-7.727647947855306,-7.727647947855306,0
adam,sea,504,-7.727655915978645,-7.727655915978645,0
adam,sea,505,-7.727664003315988,-7.727664003315988,0
adam,sea,506,-7.727672212360955,-7.727672212360955,0
adam,sea,507,-7.727680545666284,-7.727680545666284,0
adam,sea,508,-7.727689005845726,-7.727689005845726,0
adam,sea,509,-7.727697595575432,-7.727697595575432,0
adam,sea,510,-7.727706317595575,-7.727706317595575,0
adam,sea,511,-7.727715174712201,-7.727715174712201,0
adam,sea,512,-7.727724169798625,-7.727724169798625,0
adam,sea,513,-7.727733305797453,-7.727733305797453,0
adam,sea,514,-7.727742585722233,-7.727742585722233,0
adam,sea,515,-7.72775201265921,-7.72775201265921,0
adam,sea,516,-7.727761589769431,-7.727761589769431,0
adam,sea,517,-7.727771320290443,-7.727771320290443,0
adam,sea,518,-7.727781207538291,-7.727781207538291,0
adam,sea,519,-7.7277912549096515,-7.7277912549096515,0
adam,sea,520,-7.7278014658837755,-7.7278014658837755,0
adam,sea,521,-7.727811844024692,-7.727811844024692,0
adam,sea,522,-7.727822392983178,-7.727822392983178,0
adam,sea,523,-7.7278331164991965,-7.7278331164991965,0
adam,sea,524,-7.727844018403893,-7.727844018403893,0
adam,sea,525,-7.7278551026221365,-7.7278551026221365,0
adam,sea,526,-7.7278663731746615,-7.7278663731746615,0
adam,sea,527,-7.727877834180656,-7.727877834180656,0
adam,sea,528,-7.727889489860047,-7.727889489860047,0
adam,sea,529,-7.727901344535952,-7.727901344535952,0
adam,sea,530,-7.727913402637509,-7.727913402637509,0
adam,sea,531,-7.727925668702131,-7.727925668702131,0
adam,sea,532,-7.727938147378391,-7.727938147378391,0
adam,sea,533,-7.727950843428528,-7.727950843428528,0
adam,sea,534,-7.7279637617313215,-7.7279637617313215,0
adam,sea,535,-7.727976907284802,-7.727976907284802,0
adam,sea,536,-7.727990285209127,-7.727990285209127,0
adam,sea,537,-7.728003900749337,-7.728003900749337,0
adam,sea,538,-7.728017759278421,-7.728017759278421,0
adam,sea,539,-7.72803186630016,-7.72803186630016,0
adam,sea,540,-7.728046227452269,-7.728046227452269,0
adam,sea,541,-7.728060848509109,-7.728060848509109,0
adam,sea,542,-7.728075735385198,-7.728075735385198,0
adam,sea,543,-7.7280908941379485,-7.7280908941379485,0
adam,sea,544,-7.728106330970815,-7.728106330970815,0
adam,sea,545,-7.72812205223683,-7.72812205223683,0
adam,sea,546,-7.728138064441246,-7.728138064441246,0
adam,sea,547,-7.728154374245061,-7.728154374245061,0
adam,sea,548,-7.728170988468201,-7.728170988468201,0
adam,sea,549,-7.728187914092504,-7.728187914092504,0
adam,sea,550,-7.728205158265246,-7.728205158265246,0
adam,sea,551,-7.728222728302079,-7.728222728302079,0
adam,sea,552,-7.728240631690412,-7.728240631690412,0
adam,sea,553,-7.728258876092494,-7.728258876092494,0
adam,sea,554,-7.728277469348512,-7.728277469348512,0
adam,sea,555,-7.72829641947991,-7.72829641947991,0
adam,sea,556,-7.728315734692271,-7.728315734692271,0
adam,sea,557,-7.728335423378332,-7.728335423378332,0
adam,sea,558,-7.728355494121171,-7.728355494121171,0
adam,sea,559,-7.728375955696761,-7.728375955696761,0
adam,sea,560,-7.728396817077027,-7.728396817077027,0
adam,sea,561,-7.728418087432318,-7.728418087432318,0
adam,sea,562,-7.728439776134166,-7.728439776134166,0
adam,sea,563,-7.728461892757613,-7.728461892757613,0
adam,sea,564,-7.728484447083545,-7.728484447083545,0
adam,sea,565,-7.72850744910072,-7.72850744910072,0
adam,sea,566,-7.7285309090078504,-7.7285309090078504,0
adam,sea,567,-7.728554837215299,-7.728554837215299,0
adam,sea,568,-7.728579244346451,-7.728579244346451,0
adam,sea,569,-7.728604141239153,-7.728604141239153,0
adam,sea,570,-7.728629538946533,-7.728629538946533,0
adam,sea,571,-7.728655448737946,-7.728655448737946,0
adam,sea,572,-7.728681882098984,-7.728681882098984,0
adam,sea,573,-7.728708850731734,-7.728708850731734,0
adam,sea,574,-7.7287363665543936,-7.7287363665543936,0
adam,sea,575,-7.728764441700395,-7.728764441700395,0
adam,sea,576,-7.728793088517168,-7.728793088517168,0
adam,sea,577,-7.728822319564587,-7.728822319564587,0
adam,sea,578,-7.728852147612559,-7.728852147612559,0
adam,sea,579,-7.728882585638278,-7.728882585638278,0
adam,sea,580,-7.728913646822956,-7.728913646822956,0
adam,sea,581,-7.7289453445477765,-7.7289453445477765,0
adam,sea,582,-7.728977692389041,-7.728977692389041,0
adam,sea,583,-7.729010704113003,-7.729010704113003,0
adam,sea,584,-7.729044393669551,-7.729044393669551,0
adam,sea,585,-7.729078775185237,-7.729078775185237,0
adam,sea,586,-7.7291138629555185,-7.7291138629555185,0
adam,sea,587,-7.72914967143577,-7.72914967143577,0
adam,sea,588,-7.729186215231857,-7.729186215231857,0
adam,sea,589,-7.72922350908912,-7.72922350908912,0
adam,sea,590,-7.729261567880818,-7.729261567880818,0
adam,sea,591,-7.729300406594891,-7.729300406594891,0
adam,sea,592,-7.729340040320145,-7.729340040320145,0
adam,sea,593,-7.729380484230738,-7.729380484230738,0
adam,sea,594,-7.729421753569541,-7.729421753569541,0
adam,sea,595,-7.729463863630256,-7.729463863630256,0
adam,sea,596,-7.729506829738017,-7.729506829738017,0
adam,sea,597,-7.729550667228365,-7.729550667228365,0
adam,sea,598,-7.729595391425206,-7.729595391425206,0
adam,sea,599,-7.729641017616715,-7.729641017616715,0
adam,sea,600,-7.729687561029978,-7.729687561029978,0
adam,sea,601,-7.729735036803556,-7.729735036803556,0
adam,sea,602,-7.729783459958833,-7.729783459958833,0
adam,sea,603,-7.7298328453694545,-7.7298328453694545,0
adam,sea,604,-7.729883207728701,-7.729883207728701,0
adam,sea,605,-7.729934561515312,-7.729934561515312,0
adam,sea,606,-7.7299869209575105,-7.7299869209575105,0
adam,sea,607,-7.730040299995026,-7.730040299995026,0
adam,sea,608,-7.730094712239047,-7.730094712239047,0
adam,sea,609,-7.730150170930701,-7.730150170930701,0
adam,sea,610,-7.730206688897198,-7.730206688897198,0
adam,sea,611,-7.730264278506285,-7.730264278506285,0
adam,sea,612,-7.730322951618786,-7.730322951618786,0
adam,sea,613,-7.730382719539104,-7.730382719539104,0
adam,sea,614,-7.730443592964071,-7.730443592964071,0
adam,sea,615,-7.730505581929841,-7.730505581929841,0
adam,sea,616,-7.73056869575719,-7.73056869575719,0
adam,sea,617,-7.730632942994816,-7.730632942994816,0
adam,sea,618,-7.730698331361406,-7.730698331361406,0
adam,sea,619,-7.7307648676857585,-7.7307648676857585,0
adam,sea,620,-7.730832557846003,-7.730832557846003,0
adam,sea,621,-7.730901406706905,-7.730901406706905,0
adam,sea,622,-7.7309714180565425,-7.7309714180565425,0
adam,sea,623,-7.731042594541674,-7.731042594541674,0
adam,sea,624,-7.731114937602186,-7.731114937602186,0
adam,sea,625,-7.731188447405334,-7.731188447405334,0
adam,sea,626,-7.731263122778825,-7.731263122778825,0
adam,sea,627,-7.731338961144447,-7.731338961144447,0
adam,sea,628,-7.731415958451114,-7.731415958451114,0
adam,sea,629,-7.731494109108497,-7.731494109108497,0
adam,sea,630,-7.7315734059210035,-7.7315734059210035,0
adam,sea,631,-7.731653840022921,-7.731653840022921,0
adam,sea,632,-7.731735400814375,-7.731735400814375,0
adam,sea,633,-7.7318180758992305,-7.7318180758992305,0
adam,sea,634,-7.731901851024481,-7.731901851024481,0
adam,sea,635,-7.731986710022243,-7.731986710022243,0
adam,sea,636,-7.732072634754254,-7.732072634754254,0
adam,sea,637,-7.732159605059603,-7.732159605059603,0
adam,sea,638,-7.73224759870592,-7.73224759870592,0
adam,sea,639,-7.7323365913445965,-7.7323365913445965,0
adam,sea,640,-7.7324265564707195,-7.7324265564707195,0
adam,sea,641,-7.732517465387542,-7.732517465387542,0
adam,sea,642,-7.732609287176921,-7.732609287176921,0
adam,sea,643,-7.73270198867559,-7.73270198867559,0
adam,sea,644,-7.732795534457748,-7.732795534457748,0
adam,sea,645,-7.732889886825055,-7.732889886825055,0
adam,sea,646,-7.732985005803948,-7.732985005803948,0
adam,sea,647,-7.73308084915091,-7.73308084915091,0
adam,sea,648,-7.733177372366935,-7.733177372366935,0
adam,sea,649,-7.733274528720197,-7.733274528720197,0
adam,sea,650,-7.733372269278977,-7.733372269278977,0
adam,sea,651,-7.73347054295395,-7.73347054295395,0
adam,sea,652,-7.733569296551168,-7.733569296551168,0
adam,sea,653,-7.733668474835786,-7.733668474835786,0
adam,sea,654,-7.733768020606324,-7.733768020606324,0
adam,sea,655,-7.733867874780513,-7.733867874780513,0
adam,sea,656,-7.733967976492184,-7.733967976492184,0
adam,sea,657,-7.734068263199921,-7.734068263199921,0
adam,sea,658,-7.7341686708067146,-7.7341686708067146,0
adam,sea,659,-7.734269133791018,-7.734269133791018,0
adam,sea,660,-7.734369585349241,-7.734369585349241,0
adam,sea,661,-7.734469957548421,-7.734469957548421,0
adam,sea,662,-7.734570181489716,-7.734570181489716,0
adam,sea,663,-7.73467018748153,-7.73467018748153,0
adam,sea,664,-7.734769905221875,-7.734769905221875,0
adam,sea,665,-7.734869263989031,-7.734869263989031,0
adam,sea,666,-7.734968192840025,-7.734968192840025,0
adam,sea,667,-7.735066620815336,-7.735066620815336,0
adam,sea,668,-7.735164477149469,-7.735164477149469,0
adam,sea,669,-7.735261691485525,-7.735261691485525,0
adam,sea,670,-7.735358194093094,-7.735358194093094,0
adam,sea,671,-7.735453916087826,-7.735453916087826,0
adam,sea,672,-7.735548789651195,-7.735548789651195,0
adam,sea,673,-7.735642748249373,-7.735642748249373,0
adam,sea,674,-7.735735726849752,-7.735735726849752,0
adam,sea,675,-7.7358276621326745,-7.7358276621326745,0
adam,sea,676,-7.735918492698792,-7.735918492698792,0
adam,sea,677,-7.736008159268227,-7.736008159268227,0
adam,sea,678,-7.736096604872496,-7.736096604872496,0
adam,sea,679,-7.736183775035752,-7.736183775035752,0
adam,sea,680,-7.73626961794537,-7.73626961794537,0
adam,sea,681,-7.736354084610409,-7.736354084610409,0
adam,sea,682,-7.736437129006267,-7.736437129006267,0
adam,sea,683,-7.736518708205242,-7.736518708205242,0
adam,sea,684,-7.736598782491639,-7.736598782491639,0
adam,sea,685,-7.7366773154609465,-7.7366773154609465,0
adam,sea,686,-7.7367542741023305,-7.7367542741023305,0
adam,sea,687,-7.736829628864244,-7.736829628864244,0
adam,sea,688,-7.73690335370208,-7.73690335370208,0
adam,sea,689,-7.736975426109142,-7.736975426109142,0
adam,sea,690,-7.737045827129399,-7.737045827129399,0
adam,sea,691,-7.737114541353104,-7.737114541353104,0
adam,sea,692,-7.737181556895595,-7.737181556895595,0
adam,sea,693,-7.737246865358903,-7.737246865358903,0
adam,sea,694,-7.73731046177788,-7.73731046177788,0
adam,sea,695,-7.737372344550998,-7.737372344550998,0
adam,sea,696,-7.737432515356034,-7.737432515356034,0
adam,sea,697,-7.737490979053035,-7.737490979053035,0
adam,sea,698,-7.737547743573951,-7.737547743573951,0
adam,sea,699,-7.737602819801345,-7.737602819801345,0
adam,sea,700,-7.737656221436479,-7.737656221436479,0
adam,sea,701,-7.737707964858515,-7.737707964858515,0
adam,sea,702,-7.7377580689757055,-7.7377580689757055,0
adam,sea,703,-7.737806555069962,-7.737806555069962,0
adam,sea,704,-7.737853446636321,-7.737853446636321,0
adam,sea,705,-7.737898769218052,-7.737898769218052,0
adam,sea,706,-7.737942550239174,-7.737942550239174,0
adam,sea,707,-7.7379848188351765,-7.7379848188351765,0
adam,sea,708,-7.738025605683453,-7.738025605683453,0
adam,sea,709,-7.738064942834454,-7.738064942834454,0
adam,sea,710,-7.738102863544255,-7.738102863544255,0
adam,sea,711,-7.738139402110227,-7.738139402110227,0
adam,sea,712,-7.738174593710026,-7.738174593710026,0
adam,sea,713,-7.738208474245265,-7.738208474245265,0
adam,sea,714,-7.738241080190341,-7.738241080190341,0
adam,sea,715,-7.738272448446825,-7.738272448446825,0
adam,sea,716,-7.738302616204674,-7.738302616204674,0
adam,sea,717,-7.738331620810061,-7.738331620810061,0
adam,sea,718,-7.7383594996407,-7.7383594996407,0
adam,sea,719,-7.738386289988485,-7.738386289988485,0
adam,sea,720,-7.73841202895024,-7.73841202895024,0
adam,sea,721,-7.738436753326169,-7.738436753326169,0
adam,sea,722,-7.7384604995264965,-7.7384604995264965,0
adam,sea,723,-7.738483303486048,-7.738483303486048,0
adam,sea,724,-7.738505200586922,-7.738505200586922,0
adam,sea,725,-7.738526225588772,-7.738526225588772,0
adam,sea,726,-7.73854641256703,-7.73854641256703,0
adam,sea,727,-7.738565794858339,-7.738565794858339,0
adam,sea,728,-7.738584405013514,-7.738584405013514,0
adam,sea,729,-7.7386022747569,-7.7386022747569,0
adam,sea,730,-7.738619434952984,-7.738619434952984,0
adam,sea,731,-7.738635915578757,-7.738635915578757,0
adam,sea,732,-7.738651745701994,-7.738651745701994,0
adam,sea,733,-7.73866695346552,-7.73866695346552,0
adam,sea,734,-7.73868156607615,-7.73868156607615,0
adam,sea,735,-7.7386956097985715,-7.7386956097985715,0
adam,sea,736,-7.738709109953719,-7.738709109953719,0
adam,sea,737,-7.738722090921158,-7.738722090921158,0
adam,sea,738,-7.738734576144879,-7.738734576144879,0
adam,sea,739,-7.738746588142771,-7.738746588142771,0
adam,sea,740,-7.738758148518844,-7.738758148518844,0
adam,sea,741,-7.738769277978007,-7.738769277978007,0
adam,sea,742,-7.738779996343363,-7.738779996343363,0
adam,sea,743,-7.7387903225752295,-7.7387903225752295,0
adam,sea,744,-7.738800274792079,-7.738800274792079,0
adam,sea,745,-7.738809870292896,-7.738809870292896,0
adam,sea,746,-7.738819125580585,-7.738819125580585,0
adam,sea,747,-7.738828056386517,-7.738828056386517,0
adam,sea,748,-7.738836677695601,-7.738836677695601,0
adam,sea,749,-7.738845003772092,-7.738845003772092,0
adam,sea,750,-7.73885304818556,-7.73885304818556,0
adam,sea,751,-7.738860823837241,-7.738860823837241,0
adam,sea,752,-7.738868342986364,-7.738868342986364,0
adam,sea,753,-7.738875617276163,-7.738875617276163,0
adam,sea,754,-7.7388826577599765,-7.7388826577599765,0
adam,sea,755,-7.73888947492694,-7.73888947492694,0
adam,sea,756,-7.738896078727134,-7.738896078727134,0
adam,sea,757,-7.738902478596348,-7.738902478596348,0
adam,sea,758,-7.738908683480315,-7.738908683480315,0
adam,sea,759,-7.738914701858196,-7.738914701858196,0
adam,sea,760,-7.738920541765494,-7.738920541765494,0
adam,sea,761,-7.738926210816351,-7.738926210816351,0
adam,sea,762,-7.7389317162247355,-7.7389317162247355,0
adam,sea,763,-7.738937064825456,-7.738937064825456,0
adam,sea,764,-7.738942263093798,-7.738942263093798,0
adam,sea,765,-7.738947317164936,-7.738947317164936,0
adam,sea,766,-7.73895223285202,-7.73895223285202,0
adam,sea,767,-7.738957015663887,-7.738957015663887,0
adam,sea,768,-7.738961670821895,-7.738961670821895,0
adam,sea,769,-7.73896620327578,-7.73896620327578,0
adam,sea,770,-7.738970617719021,-7.738970617719021,0
adam,sea,771,-7.738974918603397,-7.738974918603397,0
adam,sea,772,-7.738979110152728,-7.738979110152728,0
adam,sea,773,-7.738983196375879,-7.738983196375879,0
adam,sea,774,-7.738987181079315,-7.738987181079315,0
adam,sea,775,-7.738991067878785,-7.738991067878785,0
adam,sea,776,-7.738994860210312,-7.738994860210312,0
adam,sea,777,-7.73899856134096,-7.73899856134096,0
adam,sea,778,-7.739002174378514,-7.739002174378514,0
adam,sea,779,-7.739005702280743,-7.739005702280743,0
adam,sea,780,-7.73900914786448,-7.73900914786448,0
adam,sea,781,-7.739012513813701,-7.739012513813701,0
adam,sea,782,-7.739015802687352,-7.739015802687352,0
adam,sea,783,-7.739019016926615,-7.739019016926615,0
adam,sea,784,-7.739022158861951,-7.739022158861951,0
adam,sea,785,-7.739025230719442,-7.739025230719442,0
adam,sea,786,-7.739028234626807,-7.739028234626807,0
adam,sea,787,-7.739031172619153,-7.739031172619153,0
adam,sea,788,-7.739034046644334,-7.739034046644334,0
adam,sea,789,-7.739036858567972,-7.739036858567972,0
adam,sea,790,-7.739039610177874,-7.739039610177874,0
adam,sea,791,-7.73904230318878,-7.73904230318878,0
adam,sea,792,-7.7390449392462015,-7.7390449392462015,0
adam,sea,793,-7.739047519930331,-7.739047519930331,0
adam,sea,794,-7.739050046759705,-7.739050046759705,0
adam,sea,795,-7.73905252119448,-7.73905252119448,0
adam,sea,796,-7.739054944639566,-7.739054944639566,0
adam,sea,797,-7.739057318447637,-7.739057318447637,0
adam,sea,798,-7.73905964392188,-7.73905964392188,0
adam,sea,799,-7.73906192231849,-7.73906192231849,0
adam,sea,800,-7.739064154849131,-7.739064154849131,0
adam,sea,801,-7.7390663426832305,-7.7390663426832305,0
adam,sea,802,-7.739068486950073,-7.739068486950073,0
adam,sea,803,-7.739070588740684,-7.739070588740684,0
adam,sea,804,-7.739072649109815,-7.739072649109815,0
adam,sea,805,-7.739074669077636,-7.739074669077636,0
adam,sea,806,-7.739076649631304,-7.739076649631304,0
adam,sea,807,-7.739078591726578,-7.739078591726578,0
adam,sea,808,-7.7390804962892785,-7.7390804962892785,0
adam,sea,809,-7.739082364216388,-7.739082364216388,0
adam,sea,810,-7.739084196377659,-7.739084196377659,0
adam,sea,811,-7.73908599361664,-7.73908599361664,0
adam,sea,812,-7.739087756751717,-7.739087756751717,0
adam,sea,813,-7.73908948657719,-7.73908948657719,0
adam,sea,814,-7.739091183864515,-7.739091183864515,0
adam,sea,815,-7.739092849362866,-7.739092849362866,0
adam,sea,816,-7.739094483800224,-7.739094483800224,0
adam,sea,817,-7.7390960878842545,-7.7390960878842545,0
adam,sea,818,-7.739097662302897,-7.739097662302897,0
adam,sea,819,-7.73909920772528,-7.73909920772528,0
adam,sea,820,-7.739100724802416,-7.739100724802416,0
adam,sea,821,-7.739102214167761,-7.739102214167761,0
adam,sea,822,-7.739103676437857,-7.739103676437857,0
adam,sea,823,-7.739105112213071,-7.739105112213071,0
adam,sea,824,-7.739106522078051,-7.739106522078051,0
adam,sea,825,-7.739107906602292,-7.739107906602292,0
adam,sea,826,-7.7391092663405905,-7.7391092663405905,0
adam,sea,827,-7.739110601833625,-7.739110601833625,0
adam,sea,828,-7.739111913608394,-7.739111913608394,0
adam,sea,829,-7.739113202178668,-7.739113202178668,0
adam,sea,830,-7.739114468045355,-7.739114468045355,0
adam,sea,831,-7.73911571169697,-7.73911571169697,0
adam,sea,832,-7.739116933610024,-7.739116933610024,0
adam,sea,833,-7.7391181342493205,-7.7391181342493205,0
adam,sea,834,-7.73911931406845,-7.73911931406845,0
adam,sea,835,-7.739120473509958,-7.739120473509958,0
adam,sea,836,-7.739121613005815,-7.739121613005815,0
adam,sea,837,-7.73912273297766,-7.73912273297766,0
adam,sea,838,-7.73912383383712,-7.73912383383712,0
adam,sea,839,-7.739124915986058,-7.739124915986058,0
adam,sea,840,-7.739125979816926,-7.739125979816926,0
adam,sea,841,-7.73912702571299,-7.73912702571299,0
adam,sea,842,-7.739128054048534,-7.739128054048534,0
adam,sea,843,-7.739129065189253,-7.739129065189253,0
adam,sea,844,-7.739130059492345,-7.739130059492345,0
adam,sea,845,-7.739131037306811,-7.739131037306811,0
adam,sea,846,-7.739131998973698,-7.739131998973698,0
adam,sea,847,-7.7391329448262205,-7.7391329448262205,0
adam,sea,848,-7.739133875190081,-7.739133875190081,0
adam,sea,849,-7.739134790383544,-7.739134790383544,0
adam,sea,850,-7.739135690717812,-7.739135690717812,0
adam,sea,851,-7.739136576497088,-7.739136576497088,0
adam,sea,852,-7.739137448018676,-7.739137448018676,0
adam,sea,853,-7.7391383055732925,-7.7391383055732925,0
adam,sea,854,-7.7391391494452355,-7.7391391494452355,0
adam,sea,855,-7.739139979912546,-7.739139979912546,0
adam,sea,856,-7.739140797247039,-7.739140797247039,0
adam,sea,857,-7.739141601714573,-7.739141601714573,0
adam,sea,858,-7.739142393575174,-7.739142393575174,0
adam,sea,859,-7.7391431730832645,-7.7391431730832645,0
adam,sea,860,-7.739143940487575,-7.739143940487575,0
adam,sea,861,-7.739144696031583,-7.739144696031583,0
adam,sea,862,-7.7391454399533925,-7.7391454399533925,0
adam,sea,863,-7.739146172486,-7.739146172486,0
adam,sea,864,-7.739146893857353,-7.739146893857353,0
adam,sea,865,-7.739147604290498,-7.739147604290498,0
adam,sea,866,-7.73914830400375,-7.73914830400375,0
adam,sea,867,-7.739148993210712,-7.739148993210712,0
adam,sea,868,-7.73914967212042,-7.73914967212042,0
adam,sea,869,-7.739150340937483,-7.739150340937483,0
adam,sea,870,-7.739150999862163,-7.739150999862163,0
adam,sea,871,-7.739151649090509,-7.739151649090509,0
adam,sea,872,-7.739152288814321,-7.739152288814321,0
adam,sea,873,-7.739152919221529,-7.739152919221529,0
adam,sea,874,-7.739153540495938,-7.739153540495938,0
adam,sea,875,-7.739154152817589,-7.739154152817589,0
adam,sea,876,-7.739154756362808,-7.739154756362808,0
adam,sea,877,-7.739155351304019,-7.739155351304019,0
adam,sea,878,-7.739155937810269,-7.739155937810269,0
adam,sea,879,-7.7391565160470215,-7.7391565160470215,0
adam,sea,880,-7.7391570861762276,-7.7391570861762276,0
adam,sea,881,-7.7391576483565965,-7.7391576483565965,0
adam,sea,882,-7.739158202743432,-7.739158202743432,0
adam,sea,883,-7.739158749489004,-7.739158749489004,0
adam,sea,884,-7.739159288742205,-7.739159288742205,0
adam,sea,885,-7.739159820649068,-7.739159820649068,0
adam,sea,886,-7.7391603453525075,-7.7391603453525075,0
adam,sea,887,-7.7391608629926,-7.7391608629926,0
adam,sea,888,-7.7391613737064375,-7.7391613737064375,0
adam,sea,889,-7.739161877628416,-7.739161877628416,0
adam,sea,890,-7.739162374890168,-7.739162374890168,0
adam,sea,891,-7.739162865620579,-7.739162865620579,0
adam,sea,892,-7.739163349945948,-7.739163349945948,0
adam,sea,893,-7.739163827990078,-7.739163827990078,0
adam,sea,894,-7.739164299874185,-7.739164299874185,0
adam,sea,895,-7.739164765717022,-7.739164765717022,0
adam,sea,896,-7.739165225634975,-7.739165225634975,0
adam,sea,897,-7.739165679742126,-7.739165679742126,0
adam,sea,898,-7.739166128150124,-7.739166128150124,0
adam,sea,899,-7.739166570968555,-7.739166570968555,0
adam,sea,900,-7.739167008304613,-7.739167008304613,0
adam,sea,901,-7.73916744026348,-7.73916744026348,0
adam,sea,902,-7.739167866948179,-7.739167866948179,0
adam,sea,903,-7.739168288459635,-7.739168288459635,0
adam,sea,904,-7.7391687048968585,-7.7391687048968585,0
adam,sea,905,-7.739169116356742,-7.739169116356742,0
adam,sea,906,-7.739169522934382,-7.739169522934382,0
adam,sea,907,-7.739169924722873,-7.739169924722873,0
adam,sea,908,-7.73917032181357,-7.73917032181357,0
adam,sea,909,-7.7391707142958985,-7.7391707142958985,0
adam,sea,910,-7.739171102257592,-7.739171102257592,0
adam,sea,911,-7.7391714857846035,-7.7391714857846035,0
adam,sea,912,-7.739171864961183,-7.739171864961183,0
adam,sea,913,-7.739172239869944,-7.739172239869944,0
adam,sea,914,-7.739172610591867,-7.739172610591867,0
adam,sea,915,-7.739172977206299,-7.739172977206299,0
adam,sea,916,-7.739173339791056,-7.739173339791056,0
adam,sea,917,-7.739173698422425,-7.739173698422425,0
adam,sea,918,-7.739174053175167,-7.739174053175167,0
adam,sea,919,-7.739174404122558,-7.739174404122558,0
adam,sea,920,-7.739174751336539,-7.739174751336539,0
adam,sea,921,-7.739175094887533,-7.739175094887533,0
adam,sea,922,-7.73917543484461,-7.73917543484461,0
adam,sea,923,-7.739175771275492,-7.739175771275492,0
adam,sea,924,-7.739176104246633,-7.739176104246633,0
adam,sea,925,-7.7391764338230535,-7.7391764338230535,0
adam,sea,926,-7.739176760068699,-7.739176760068699,0
adam,sea,927,-7.739177083046124,-7.739177083046124,0
adam,sea,928,-7.739177402816674,-7.739177402816674,0
adam,sea,929,-7.739177719440608,-7.739177719440608,0
adam,sea,930,-7.739178032976859,-7.739178032976859,0
adam,sea,931,-7.739178343483352,-7.739178343483352,0
adam,sea,932,-7.739178651016807,-7.739178651016807,0
adam,sea,933,-7.73917895563291,-7.73917895563291,0
adam,sea,934,-7.7391792573861755,-7.7391792573861755,0
adam,sea,935,-7.739179556330189,-7.739179556330189,0
adam,sea,936,-7.739179852517383,-7.739179852517383,0
adam,sea,937,-7.739180145999302,-7.739180145999302,0
adam,sea,938,-7.739180436826273,-7.739180436826273,0
adam,sea,939,-7.7391807250479845,-7.7391807250479845,0
adam,sea,940,-7.739181010712817,-7.739181010712817,0
adam,sea,941,-7.739181293868496,-7.739181293868496,0
adam,sea,942,-7.739181574561723,-7.739181574561723,0
adam,sea,943,-7.739181852838257,-7.739181852838257,0
adam,sea,944,-7.739182128743054,-7.739182128743054,0
adam,sea,945,-7.739182402320223,-7.739182402320223,0
adam,sea,946,-7.739182673612883,-7.739182673612883,0
adam,sea,947,-7.7391829426635175,-7.7391829426635175,0
adam,sea,948,-7.7391832095136985,-7.7391832095136985,0
adam,sea,949,-7.73918347420418,-7.73918347420418,0
adam,sea,950,-7.739183736775012,-7.739183736775012,0
adam,sea,951,-7.739183997265461,-7.739183997265461,0
adam,sea,952,-7.739184255714,-7.739184255714,0
adam,sea,953,-7.739184512158361,-7.739184512158361,0
adam,sea,954,-7.7391847666357,-7.7391847666357,0
adam,sea,955,-7.73918501918225,-7.73918501918225,0
adam,sea,956,-7.7391852698337225,-7.7391852698337225,0
adam,sea,957,-7.739185518625131,-7.739185518625131,0
adam,sea,958,-7.739185765590773,-7.739185765590773,0
adam,sea,959,-7.7391860107642945,-7.7391860107642945,0
adam,sea,960,-7.739186254178745,-7.739186254178745,0
adam,sea,961,-7.739186495866555,-7.739186495866555,0
adam,sea,962,-7.739186735859477,-7.739186735859477,0
adam,sea,963,-7.739186974188749,-7.739186974188749,0
adam,sea,964,-7.739187210884958,-7.739187210884958,0
adam,sea,965,-7.739187445978154,-7.739187445978154,0
adam,sea,966,-7.73918767949779,-7.73918767949779,0
adam,sea,967,-7.739187911472781,-7.739187911472781,0
adam,sea,968,-7.739188141931506,-7.739188141931506,0
adam,sea,969,-7.739188370901838,-7.739188370901838,0
adam,sea,970,-7.73918859841104,-7.73918859841104,0
adam,sea,971,-7.739188824485962,-7.739188824485962,0
adam,sea,972,-7.739189049152868,-7.739189049152868,0
adam,sea,973,-7.739189272437635,-7.739189272437635,0
adam,sea,974,-7.739189494365523,-7.739189494365523,0
adam,sea,975,-7.739189714961416,-7.739189714961416,0
adam,sea,976,-7.739189934249773,-7.739189934249773,0
adam,sea,977,-7.739190152254489,-7.739190152254489,0
adam,sea,978,-7.739190368999056,-7.739190368999056,0
adam,sea,979,-7.739190584506526,-7.739190584506526,0
adam,sea,980,-7.7391907987995925,-7.7391907987995925,0
adam,sea,981,-7.739191011900406,-7.739191011900406,0
adam,sea,982,-7.739191223830837,-7.739191223830837,0
adam,sea,983,-7.739191434612247,-7.739191434612247,0
adam,sea,984,-7.739191644265602,-7.739191644265602,0
adam,sea,985,-7.739191852811622,-7.739191852811622,0
adam,sea,986,-7.739192060270526,-7.739192060270526,0
adam,sea,987,-7.739192266662129,-7.739192266662129,0
adam,sea,988,-7.7391924720059135,-7.7391924720059135,0
adam,sea,989,-7.739192676321139,-7.739192676321139,0
adam,sea,990,-7.739192879626471,-7.739192879626471,0
adam,sea,991,-7.739193081940481,-7.739193081940481,0
adam,sea,992,-7.739193283281192,-7.739193283281192,0
adam,sea,993,-7.739193483666466,-7.739193483666466,0
adam,sea,994,-7.739193683113692,-7.739193683113692,0
adam,sea,995,-7.739193881640047,-7.739193881640047,0
adam,sea,996,-7.739194079262371,-7.739194079262371,0
adam,sea,997,-7.739194275997126,-7.739194275997126,0
adam,sea,998,-7.739194471860595,-7.739194471860595,0
adam,sea,999,-7.739194666868705,-7.739194666868705,0
adam,pretrained,0,-4.478181178520351,,0
adam,pretrained,1,-5.109746348715575,,0
adam,pretrained,2,-5.590012068353163,,0
adam,pretrained,3,-5.975791382861656,,0
adam,pretrained,4,-6.208906937703019,,0
adam,pretrained,5,-6.340498688945398,,0
adam,pretrained,6,-6.459917796998564,,0
adam,pretrained,7,-6.601407580150513,,0
adam,pretrained,8,-6.756163335571998,,0
adam,pretrained,9,-6.898998881551585,,0
adam,pretrained,10,-7.01292305049706,,0
adam,pretrained,11,-7.096573532048598,,0
adam,pretrained,12,-7.155405397497459,,0
adam,pretrained,13,-7.195707224567715,,0
adam,pretrained,14,-7.224052414348078,,0
adam,pretrained,15,-7.249462279158874,,0
adam,pretrained,16,-7.280984307522261,,0
adam,pretrained,17,-7.319474319044763,,0
adam,pretrained,18,-7.3555184235322635,,0
adam,pretrained,19,-7.380369435516898,,0
adam,pretrained,20,-7.395205892042678,,0
adam,pretrained,21,-7.406893548074771,,0
adam,pretrained,22,-7.420020195778235,,0
adam,pretrained,23,-7.4352504708097,,0
adam,pretrained,24,-7.451119568108297,,0
adam,pretrained,25,-7.464701755783994,,0
adam,pretrained,26,-7.473614675213925,,0
adam,pretrained,27,-7.47883201513383,,0
adam,pretrained,28,-7.483776937958004,,0
adam,pretrained,29,-7.490374821506573,,0
adam,pretrained,30,-7.497917343216935,,0
adam,pretrained,31,-7.505460667015123,,0
adam,pretrained,32,-7.512581003519161,,0
adam,pretrained,33,-7.518285701753824,,0
adam,pretrained,34,-7.521642505335372,,0
adam,pretrained,35,-7.523506297766294,,0
adam,pretrained,36,-7.5259371189293605,,0
adam,pretrained,37,-7.529982087587926,,0
adam,pretrained,38,-7.534855712142099,,0
adam,pretrained,39,-7.539130993323302,,0
adam,pretrained,40,-7.542390037945911,,0
adam,pretrained,41,-7.545391485026888,,0
adam,pretrained,42,-7.548760475079378,,0
adam,pretrained,43,-7.552401385905289,,0
adam,pretrained,44,-7.556301017917719,,0
adam,pretrained,45,-7.560959489390156,,0
adam,pretrained,46,-7.5670115038232355,,0
adam,pretrained,47,-7.57533144814348,,0
adam,pretrained,48,-7.5871476492303955,,0
adam,pretrained,49,-7.603070180353587,,0
adam,pretrained,50,-7.621884507807162,,0
adam,pretrained,51,-7.640274575884045,,0
adam,pretrained,52,-7.654399958805984,,0
adam,pretrained,53,-7.663236360314201,,0
adam,pretrained,54,-7.669296357344496,,0
adam,pretrained,55,-7.675320770504202,,0
adam,pretrained,56,-7.6822052666639875,,0
adam,pretrained,57,-7.689547300788845,,0
adam,pretrained,58,-7.696176967840229,,0
adam,pretrained,59,-7.700485340520495,,0
adam,pretrained,60,-7.702147187844836,,0
adam,pretrained,61,-7.703060249640307,,0
adam,pretrained,62,-7.705199509150799,,0
adam,pretrained,63,-7.708460733691891,,0
adam,pretrained,64,-7.711407928928984,,0
adam,pretrained,65,-7.712996608941854,,0
adam,pretrained,66,-7.713280500170713,,0
adam,pretrained,67,-7.713150796142849,,0
adam,pretrained,68,-7.7133721149740415,,0
adam,pretrained,69,-7.713911236053132,,0
adam,pretrained,70,-7.714486775261745,,0
adam,pretrained,71,-7.71528366542849,,0
adam,pretrained,72,-7.716539413708752,,0
adam,pretrained,73,-7.717847659893421,,0
adam,pretrained,74,-7.718634883596254,,0
adam,pretrained,75,-7.719080083642129,,0
adam,pretrained,76,-7.719725190076773,,0
adam,pretrained,77,-7.720532802603894,,0
adam,pretrained,78,-7.721104319164404,,0
adam,pretrained,79,-7.721388440797604,,0
adam,pretrained,80,-7.721640173061917,,0
adam,pretrained,81,-7.7220155024199695,,0
adam,pretrained,82,-7.722469788745048,,0
adam,pretrained,83,-7.722885469827127,,0
adam,pretrained,84,-7.723194134875436,,0
adam,pretrained,85,-7.723405918208185,,0
adam,pretrained,86,-7.723576113820195,,0
adam,pretrained,87,-7.723784074680729,,0
adam,pretrained,88,-7.7240789927470255,,0
adam,pretrained,89,-7.724387708055551,,0
adam,pretrained,90,-7.724560782472646,,0
adam,pretrained,91,-7.724573442659428,,0
adam,pretrained,92,-7.72456948065119,,0
adam,pretrained,93,-7.724647574800495,,0
adam,pretrained,94,-7.724754230600015,,0
adam,pretrained,95,-7.724831898257323,,0
adam,pretrained,96,-7.724905689391501,,0
adam,pretrained,97,-7.724999769168799,,0
adam,pretrained,98,-7.725100517614123,,0
adam,pretrained,99,-7.725198024752656,,0
adam,pretrained,100,-7.725287951064971,,0
adam,pretrained,101,-7.72536050776417,,0
adam,pretrained,102,-7.725419903439378,,0
adam,pretrained,103,-7.725478504517823,,0
adam,pretrained,104,-7.725532370807318,,0
adam,pretrained,105,-7.725573957849313,,0
adam,pretrained,106,-7.725608651188341,,0
adam,pretrained,107,-7.725643652919165,,0
adam,pretrained,108,-7.725679610173502,,0
adam,pretrained,109,-7.725712425072135,,0
adam,pretrained,110,-7.725741008532529,,0
adam,pretrained,111,-7.725772430456892,,0
adam,pretrained,112,-7.725807763919112,,0
adam,pretrained,113,-7.725837778354753,,0
adam,pretrained,114,-7.725862216935466,,0
adam,pretrained,115,-7.725888022412599,,0
adam,pretrained,116,-7.725912065053289,,0
adam,pretrained,117,-7.725930143419224,,0
adam,pretrained,118,-7.725947449455517,,0
adam,pretrained,119,-7.725966463020568,,0
adam,pretrained,120,-7.725984416714793,,0
adam,pretrained,121,-7.726002410989698,,0
adam,pretrained,122,-7.72602162913453,,0
adam,pretrained,123,-7.726039419934341,,0
adam,pretrained,124,-7.726055478569722,,0
adam,pretrained,125,-7.726073039338343,,0
adam,pretrained,126,-7.72609276283536,,0
adam,pretrained,127,-7.7261105125014335,,0
adam,pretrained,128,-7.726123363883967,,0
adam,pretrained,129,-7.726134488717507,,0
adam,pretrained,130,-7.726148033151419,,0
adam,pretrained,131,-7.726163040540844,,0
adam,pretrained,132,-7.726176655827253,,0
adam,pretrained,133,-7.726188726230679,,0
adam,pretrained,134,-7.7262000713234515,,0
adam,pretrained,135,-7.726210911259447,,0
adam,pretrained,136,-7.7262218032580385,,0
adam,pretrained,137,-7.726232773285466,,0
adam,pretrained,138,-7.726243235421583,,0
adam,pretrained,139,-7.726253476035455,,0
adam,pretrained,140,-7.726263938170415,,0
adam,pretrained,141,-7.726274249096324,,0
adam,pretrained,142,-7.7262841116758585,,0
adam,pretrained,143,-7.726293741916312,,0
adam,pretrained,144,-7.726303281967614,,0
adam,pretrained,145,-7.726312567676712,,0
adam,pretrained,146,-7.726321430259967,,0
adam,pretrained,147,-7.726329993886809,,0
adam,pretrained,148,-7.726338435077143,,0
adam,pretrained,149,-7.726346764366858,,0
adam,pretrained,150,-7.726355060142,-7.726355060142,1
adam,pretrained,151,-6.94994645873639,-6.94994645873639,0
adam,pretrained,152,-7.417018730293721,-7.417018730293721,0
adam,pretrained,153,-7.333060063653305,-7.333060063653305,0
adam,pretrained,154,-7.379998010522341,-7.379998010522341,0
adam,pretrained,155,-7.4921989904274175,-7.4921989904274175,0
adam,pretrained,156,-7.563998696645746,-7.563998696645746,0
adam,pretrained,157,-7.559800030587166,-7.559800030587166,0
adam,pretrained,158,-7.530481866420923,-7.530481866420923,0
adam,pretrained,159,-7.571914443508916,-7.571914443508916,0
adam,pretrained,160,-7.630639668161386,-7.630639668161386,0
adam,pretrained,161,-7.638234616558543,-7.638234616558543,0
adam,pretrained,162,-7.61558894819821,-7.61558894819821,0
adam,pretrained,163,-7.62497640674547,-7.62497640674547,0
adam,pretrained,164,-7.662233130714712,-7.662233130714712,0
adam,pretrained,165,-7.67477107677987,-7.67477107677987,0
adam,pretrained,166,-7.657610734898627,-7.657610734898627,0
adam,pretrained,167,-7.653763952458699,-7.653763952458699,0
adam,pretrained,168,-7.675911223049114,-7.675911223049114,0
adam,pretrained,169,-7.695568646442269,-7.695568646442269,0
adam,pretrained,170,-7.6967112650606095,-7.6967112650606095,0
adam,pretrained,171,-7.690216897183971,-7.690216897183971,0
adam,pretrained,172,-7.686139545875155,-7.686139545875155,0
adam,pretrained,173,-7.6880351780939895,-7.6880351780939895,0
adam,pretrained,174,-7.697925676587519,-7.697925676587519,0
adam,pretrained,175,-7.709042516591041,-7.709042516591041,0
adam,pretrained,176,-7.710035847650235,-7.710035847650235,0
adam,pretrained,177,-7.703445879327123,-7.703445879327123,0
adam,pretrained,178,-7.702703552846244,-7.702703552846244,0
adam,pretrained,179,-7.710246389457976,-7.710246389457976,0
adam,pretrained,180,-7.715482414868235,-7.715482414868235,0
adam,pretrained,181,-7.714232531650525,-7.714232531650525,0
adam,pretrained,182,-7.71317435079619,-7.71317435079619,0
adam,pretrained,183,-7.715109605007188,-7.715109605007188,0
adam,pretrained,184,-7.716465574637531,-7.716465574637531,0
adam,pretrained,185,-7.7169619306437145,-7.7169619306437145,0
adam,pretrained,186,-7.718784132623721,-7.718784132623721,0
adam,pretrained,187,-7.720580942706154,-7.720580942706154,0
adam,pretrained,188,-7.720608440663646,-7.720608440663646,0
adam,pretrained,189,-7.720233427947825,-7.720233427947825,0
adam,pretrained,190,-7.720450822131393,-7.720450822131393,0
adam,pretrained,191,-7.720771987311228,-7.720771987311228,0
adam,pretrained,192,-7.721578652893458,-7.721578652893458,0
adam,pretrained,193,-7.723448285330499,-7.723448285330499,0
adam,pretrained,194,-7.724579856098807,-7.724579856098807,0
adam,pretrained,195,-7.723432438447633,-7.723432438447633,0
adam,pretrained,196,-7.722444218160958,-7.722444218160958,0
adam,pretrained,197,-7.723496887549813,-7.723496887549813,0
adam,pretrained,198,-7.724662876187489,-7.724662876187489,0
adam,pretrained,199,-7.724786938039127,-7.724786938039127,0
adam,pretrained,200,-7.724704602270398,-7.724704602270398,0
adam,pretrained,201,-7.724754189190984,-7.724754189190984,0
adam,pretrained,202,-7.724985113666372,-7.724985113666372,0
adam,pretrained,203,-7.725306698702366,-7.725306698702366,0
adam,pretrained,204,-7.725315826379696,-7.725315826379696,0
adam,pretrained,205,-7.7252541522512335,-7.7252541522512335,0
adam,pretrained,206,-7.725612217368716,-7.725612217368716,0
adam,pretrained,207,-7.726021850877972,-7.726021850877972,0
adam,pretrained,208,-7.725899621097513,-7.725899621097513,0
adam,pretrained,209,-7.725704894406884,-7.725704894406884,0
adam,pretrained,210,-7.72596057271369,-7.72596057271369,0
adam,pretrained,211,-7.726175277704869,-7.726175277704869,0
adam,pretrained,212,-7.726086701253853,-7.726086701253853,0
adam,pretrained,213,-7.726105788998421,-7.726105788998421,0
adam,pretrained,214,-7.726273763835542,-7.726273763835542,0
adam,pretrained,215,-7.726359345183236,-7.726359345183236,0
adam,pretrained,216,-7.726368205322213,-7.726368205322213,0
adam,pretrained,217,-7.726352963236971,-7.726352963236971,0
adam,pretrained,218,-7.726385501062033,-7.726385501062033,0
adam,pretrained,219,-7.726497262401424,-7.726497262401424,0
adam,pretrained,220,-7.72652011550623,-7.72652011550623,0
adam,pretrained,221,-7.726488775233965,-7.726488775233965,0
adam,pretrained,222,-7.726578826601217,-7.726578826601217,0
adam,pretrained,223,-7.726642497209724,-7.726642497209724,0
adam,pretrained,224,-7.726590078987723,-7.726590078987723,0
adam,pretrained,225,-7.726571388871026,-7.726571388871026,0
adam,pretrained,226,-7.7266364484593355,-7.7266364484593355,0
adam,pretrained,227,-7.726698411278599,-7.726698411278599,0
adam,pretrained,228,-7.7267034004348165,-7.7267034004348165,0
adam,pretrained,229,-7.726679935741578,-7.726679935741578,0
adam,pretrained,230,-7.7266775600670075,-7.7266775600670075,0
adam,pretrained,231,-7.726726543008518,-7.726726543008518,0
adam,pretrained,232,-7.72675360584506,-7.72675360584506,0
adam,pretrained,233,-7.726741157779689,-7.726741157779689,0
adam,pretrained,234,-7.726757201105556,-7.726757201105556,0
adam,pretrained,235,-7.726767656565,-7.726767656565,0
adam,pretrained,236,-7.726767610382811,-7.726767610382811,0
adam,pretrained,237,-7.726784339939801,-7.726784339939801,0
adam,pretrained,238,-7.7267937145205146,-7.7267937145205146,0
adam,pretrained,239,-7.726795171851899,-7.726795171851899,0
adam,pretrained,240,-7.726802766522378,-7.726802766522378,0
adam,pretrained,241,-7.726811684485324,-7.726811684485324,0
adam,pretrained,242,-7.7268209857876995,-7.7268209857876995,0
adam,pretrained,243,-7.726823548346538,-7.726823548346538,0
adam,pretrained,244,-7.726819321530396,-7.726819321530396,0
adam,pretrained,245,-7.726832922736389,-7.726832922736389,0
adam,pretrained,246,-7.726846583817365,-7.726846583817365,0
adam,pretrained,247,-7.726841896764267,-7.726841896764267,0
adam,pretrained,248,-7.7268429296232775,-7.7268429296232775,0
adam,pretrained,249,-7.726851719986828,-7.726851719986828,0
adam,pretrained,250,-7.726855505367154,-7.726855505367154,0
adam,pretrained,251,-7.726858644375018,-7.726858644375018,0
adam,pretrained,252,-7.726862253588705,-7.726862253588705,0
adam,pretrained,253,-7.726867104371227,-7.726867104371227,0
adam,pretrained,254,-7.726870344874438,-7.726870344874438,0
adam,pretrained,255,-7.7268695700159995,-7.7268695700159995,0
adam,pretrained,256,-7.726874810005806,-7.726874810005806,0
adam,pretrained,257,-7.72688071434563,-7.72688071434563,0
adam,pretrained,258,-7.726881815535927,-7.726881815535927,0
adam,pretrained,259,-7.726883648316628,-7.726883648316628,0
adam,pretrained,260,-7.726886617161645,-7.726886617161645,0
adam,pretrained,261,-7.726889114159715,-7.726889114159715,0
adam,pretrained,262,-7.726892253641039,-7.726892253641039,0
adam,pretrained,263,-7.726894902297824,-7.726894902297824,0
adam,pretrained,264,-7.726897292248013,-7.726897292248013,0
adam,pretrained,265,-7.726899111605837,-7.726899111605837,0
adam,pretrained,266,-7.726901044801193,-7.726901044801193,0
adam,pretrained,267,-7.726904486244913,-7.726904486244913,0
adam,pretrained,268,-7.72690619339141,-7.72690619339141,0
adam,pretrained,269,-7.726907584984664,-7.726907584984664,0
adam,pretrained,270,-7.7269105402861555,-7.7269105402861555,0
adam,pretrained,271,-7.726912859222699,-7.726912859222699,0
adam,pretrained,272,-7.726914359416316,-7.726914359416316,0
adam,pretrained,273,-7.726916079633478,-7.726916079633478,0
adam,pretrained,274,-7.72691836230519,-7.72691836230519,0
adam,pretrained,275,-7.726920560363712,-7.726920560363712,0
adam,pretrained,276,-7.726922101324065,-7.726922101324065,0
adam,pretrained,277,-7.726923936826452,-7.726923936826452,0
adam,pretrained,278,-7.726925926156698,-7.726925926156698,0
adam,pretrained,279,-7.726927591555909,-7.726927591555909,0
adam,pretrained,280,-7.726929486337575,-7.726929486337575,0
adam,pretrained,281,-7.726931232534453,-7.726931232534453,0
adam,pretrained,282,-7.72693287835415,-7.72693287835415,0
adam,pretrained,283,-7.726934607145266,-7.726934607145266,0
adam,pretrained,284,-7.726936308642654,-7.726936308642654,0
adam,pretrained,285,-7.7269380087682045,-7.7269380087682045,0
adam,pretrained,286,-7.726939567019344,-7.726939567019344,0
adam,pretrained,287,-7.726941270918788,-7.726941270918788,0
adam,pretrained,288,-7.726942908276504,-7.726942908276504,0
adam,pretrained,289,-7.726944356733346,-7.726944356733346,0
adam,pretrained,290,-7.7269460098394385,-7.7269460098394385,0
adam,pretrained,291,-7.7269476346230155,-7.7269476346230155,0
adam,pretrained,292,-7.7269491063323565,-7.7269491063323565,0
adam,pretrained,293,-7.7269506143073015,-7.7269506143073015,0
adam,pretrained,294,-7.726952173786314,-7.726952173786314,0
adam,pretrained,295,-7.726953696705984,-7.726953696705984,0
adam,pretrained,296,-7.726955122497968,-7.726955122497968,0
adam,pretrained,297,-7.726956634362238,-7.726956634362238,0
adam,pretrained,298,-7.7269581286035045,-7.7269581286035045,0
adam,pretrained,299,-7.726959537274958,-7.726959537274958,0
adam,pretrained,300,-7.726960998496823,-7.726960998496823,0
adam,pretrained,301,-7.726962440018124,-7.726962440018124,0
adam,pretrained,302,-7.726963866719893,-7.726963866719893,0
adam,pretrained,303,-7.726965280069123,-7.726965280069123,0
adam,pretrained,304,-7.726966684995046,-7.726966684995046,0
adam,pretrained,305,-7.726968087965403,-7.726968087965403,0
adam,pretrained,306,-7.72696948436419,-7.72696948436419,0
adam,pretrained,307,-7.7269708871574725,-7.7269708871574725,0
adam,pretrained,308,-7.726972251919865,-7.726972251919865,0
adam,pretrained,309,-7.726973623662511,-7.726973623662511,0
adam,pretrained,310,-7.726975008418501,-7.726975008418501,0
adam,pretrained,311,-7.726976369266747,-7.726976369266747,0
adam,pretrained,312,-7.726977725062818,-7.726977725062818,0
adam,pretrained,313,-7.726979085878681,-7.726979085878681,0
adam,pretrained,314,-7.726980445900531,-7.726980445900531,0
adam,pretrained,315,-7.726981790486211,-7.726981790486211,0
adam,pretrained,316,-7.726983138392208,-7.726983138392208,0
adam,pretrained,317,-7.726984489532316,-7.726984489532316,0
adam,pretrained,318,-7.7269858296782665,-7.7269858296782665,0
adam,pretrained,319,-7.726987175644442,-7.726987175644442,0
adam,pretrained,320,-7.726988517935627,-7.726988517935627,0
adam,pretrained,321,-7.726989856487741,-7.726989856487741,0
adam,pretrained,322,-7.726991199493549,-7.726991199493549,0
adam,pretrained,323,-7.7269925442049345,-7.7269925442049345,0
adam,pretrained,324,-7.726993885082636,-7.726993885082636,0
adam,pretrained,325,-7.7269952272796685,-7.7269952272796685,0
adam,pretrained,326,-7.726996574932811,-7.726996574932811,0
adam,pretrained,327,-7.7269979202692385,-7.7269979202692385,0
adam,pretrained,328,-7.726999270143694,-7.726999270143694,0
adam,pretrained,329,-7.727000622624914,-7.727000622624914,0
adam,pretrained,330,-7.727001975840009,-7.727001975840009,0
adam,pretrained,331,-7.727003334212488,-7.727003334212488,0
adam,pretrained,332,-7.727004696397614,-7.727004696397614,0
adam,pretrained,333,-7.727006061751843,-7.727006061751843,0
adam,pretrained,334,-7.727007430658097,-7.727007430658097,0
adam,pretrained,335,-7.727008806208679,-7.727008806208679,0
adam,pretrained,336,-7.727010185350226,-7.727010185350226,0
adam,pretrained,337,-7.7270115697222,-7.7270115697222,0
adam,pretrained,338,-7.72701296013124,-7.72701296013124,0
adam,pretrained,339,-7.727014356549249,-7.727014356549249,0
adam,pretrained,340,-7.727015759171937,-7.727015759171937,0
adam,pretrained,341,-7.727017168093049,-7.727017168093049,0
adam,pretrained,342,-7.727018583936108,-7.727018583936108,0
adam,pretrained,343,-7.72702000697873,-7.72702000697873,0
adam,pretrained,344,-7.7270214380626205,-7.7270214380626205,0
adam,pretrained,345,-7.727022876019473,-7.727022876019473,0
adam,pretrained,346,-7.727024322464627,-7.727024322464627,0
adam,pretrained,347,-7.727025777539357,-7.727025777539357,0
adam,pretrained,348,-7.7270272409133955,-7.7270272409133955,0
adam,pretrained,349,-7.72702871333733,-7.72702871333733,0
adam,pretrained,350,-7.727030195166059,-7.727030195166059,0
adam,pretrained,351,-7.7270316863324515,-7.7270316863324515,0
adam,pretrained,352,-7.72703318732868,-7.72703318732868,0
adam,pretrained,353,-7.727034698740422,-7.727034698740422,0
adam,pretrained,354,-7.727036220212912,-7.727036220212912,0
adam,pretrained,355,-7.727037752530404,-7.727037752530404,0
adam,pretrained,356,-7.72703929580059,-7.72703929580059,0
adam,pretrained,357,-7.727040850298045,-7.727040850298045,0
adam,pretrained,358,-7.727042416356506,-7.727042416356506,0
adam,pretrained,359,-7.727043994237063,-7.727043994237063,0
adam,pretrained,360,-7.727045584216045,-7.727045584216045,0
adam,pretrained,361,-7.72704718661306,-7.72704718661306,0
adam,pretrained,362,-7.727048801705247,-7.727048801705247,0
adam,pretrained,363,-7.727050429715863,-7.727050429715863,0
adam,pretrained,364,-7.727052071057449,-7.727052071057449,0
adam,pretrained,365,-7.727053725884177,-7.727053725884177,0
adam,pretrained,366,-7.727055394537929,-7.727055394537929,0
adam,pretrained,367,-7.7270570773221054,-7.7270570773221054,0
adam,pretrained,368,-7.727058774537486,-7.727058774537486,0
adam,pretrained,369,-7.727060486403273,-7.727060486403273,0
adam,pretrained,370,-7.7270622133135385,-7.7270622133135385,0
adam,pretrained,371,-7.727063955492053,-7.727063955492053,0
adam,pretrained,372,-7.7270657132453815,-7.7270657132453815,0
adam,pretrained,373,-7.727067486907272,-7.727067486907272,0
adam,pretrained,374,-7.727069276736186,-7.727069276736186,0
adam,pretrained,375,-7.727071083047084,-7.727071083047084,0
adam,pretrained,376,-7.727072906133078,-7.727072906133078,0
adam,pretrained,377,-7.727074746316934,-7.727074746316934,0
adam,pretrained,378,-7.727076603897681,-7.727076603897681,0
adam,pretrained,379,-7.727078479179165,-7.727078479179165,0
adam,pretrained,380,-7.727080372456937,-7.727080372456937,0
adam,pretrained,381,-7.727082284082482,-7.727082284082482,0
adam,pretrained,382,-7.727084214334992,-7.727084214334992,0
adam,pretrained,383,-7.727086163544448,-7.727086163544448,0
adam,pretrained,384,-7.727088132032678,-7.727088132032678,0
adam,pretrained,385,-7.727090120124303,-7.727090120124303,0
adam,pretrained,386,-7.727092128128855,-7.727092128128855,0
adam,pretrained,387,-7.727094156383536,-7.727094156383536,0
adam,pretrained,388,-7.727096205211325,-7.727096205211325,0
adam,pretrained,389,-7.727098274945078,-7.727098274945078,0
adam,pretrained,390,-7.727100365917444,-7.727100365917444,0
adam,pretrained,391,-7.727102478468786,-7.727102478468786,0
adam,pretrained,392,-7.727104612936375,-7.727104612936375,0
adam,pretrained,393,-7.727106769662597,-7.727106769662597,0
adam,pretrained,394,-7.727108948992888,-7.727108948992888,0
adam,pretrained,395,-7.727111151273955,-7.727111151273955,0
adam,pretrained,396,-7.727113376854895,-7.727113376854895,0
adam,pretrained,397,-7.7271156260917255,-7.7271156260917255,0
adam,pretrained,398,-7.7271178993409695,-7.7271178993409695,0
adam,pretrained,399,-7.727120196959332,-7.727120196959332,0
adam,pretrained,400,-7.7271225193154836,-7.7271225193154836,0
adam,pretrained,401,-7.727124866773765,-7.727124866773765,0
adam,pretrained,402,-7.727127239703266,-7.727127239703266,0
adam,pretrained,403,-7.727129638477075,-7.727129638477075,0
adam,pretrained,404,-7.727132063472695,-7.727132063472695,0
adam,pretrained,405,-7.7271345150693485,-7.7271345150693485,0
adam,pretrained,406,-7.727136993651027,-7.727136993651027,0
adam,pretrained,407,-7.727139499605054,-7.727139499605054,0
adam,pretrained,408,-7.727142033324487,-7.727142033324487,0
adam,pretrained,409,-7.72714459520365,-7.72714459520365,0
adam,pretrained,410,-7.727147185642666,-7.727147185642666,0
adam,pretrained,411,-7.7271498050443785,-7.7271498050443785,0
adam,pretrained,412,-7.727152453815881,-7.727152453815881,0
adam,pretrained,413,-7.727155132368895,-7.727155132368895,0
adam,pretrained,414,-7.7271578411198485,-7.7271578411198485,0
adam,pretrained,415,-7.727160580488399,-7.727160580488399,0
adam,pretrained,416,-7.727163350900382,-7.727163350900382,0
adam,pretrained,417,-7.727166152784602,-7.727166152784602,0
adam,pretrained,418,-7.727168986575999,-7.727168986575999,0
adam,pretrained,419,-7.727171852713029,-7.727171852713029,0
adam,pretrained,420,-7.727174751639035,-7.727174751639035,0
adam,pretrained,421,-7.727177683802911,-7.727177683802911,0
adam,pretrained,422,-7.727180649658399,-7.727180649658399,0
adam,pretrained,423,-7.727183649664294,-7.727183649664294,0
adam,pretrained,424,-7.727186684284808,-7.727186684284808,0
adam,pretrained,425,-7.7271897539890775,-7.7271897539890775,0
adam,pretrained,426,-7.72719285925203,-7.72719285925203,0
adam,pretrained,427,-7.727196000553965,-7.727196000553965,0
adam,pretrained,428,-7.7271991783806255,-7.7271991783806255,0
adam,pretrained,429,-7.727202393223712,-7.727202393223712,0
adam,pretrained,430,-7.727205645580714,-7.727205645580714,0
adam,pretrained,431,-7.727208935954728,-7.727208935954728,0
adam,pretrained,432,-7.727212264855106,-7.727212264855106,0
adam,pretrained,433,-7.727215632796836,-7.727215632796836,0
adam,pretrained,434,-7.727219040301292,-7.727219040301292,0
adam,pretrained,435,-7.727222487895672,-7.727222487895672,0
adam,pretrained,436,-7.727225976113742,-7.727225976113742,0
adam,pretrained,437,-7.72722950549552,-7.72722950549552,0
adam,pretrained,438,-7.727233076587293,-7.727233076587293,0
adam,pretrained,439,-7.727236689941931,-7.727236689941931,0
adam,pretrained,440,-7.727240346118616,-7.727240346118616,0
adam,pretrained,441,-7.727244045682874,-7.727244045682874,0
adam,pretrained,442,-7.727247789206882,-7.727247789206882,0
adam,pretrained,443,-7.727251577269344,-7.727251577269344,0
adam,pretrained,444,-7.72725541045571,-7.72725541045571,0
adam,pretrained,445,-7.727259289358097,-7.727259289358097,0
adam,pretrained,446,-7.727263214574997,-7.727263214574997,0
adam,pretrained,447,-7.727267186711759,-7.727267186711759,0
adam,pretrained,448,-7.727271206379804,-7.727271206379804,0
adam,pretrained,449,-7.727275274197247,-7.727275274197247,0
adam,pretrained,450,-7.727279390788717,-7.727279390788717,0
adam,pretrained,451,-7.727283556785442,-7.727283556785442,0
adam,pretrained,452,-7.727287772824779,-7.727287772824779,0
adam,pretrained,453,-7.7272920395506235,-7.7272920395506235,0
adam,pretrained,454,-7.727296357612842,-7.727296357612842,0
adam,pretrained,455,-7.727300727667422,-7.727300727667422,0
adam,pretrained,456,-7.72730515037623,-7.72730515037623,0
adam,pretrained,457,-7.7273096264068775,-7.7273096264068775,0
adam,pretrained,458,-7.727314156432772,-7.727314156432772,0
adam,pretrained,459,-7.72731874113275,-7.72731874113275,0
adam,pretrained,460,-7.72732338119098,-7.72732338119098,0
adam,pretrained,461,-7.7273280772966455,-7.7273280772966455,0
adam,pretrained,462,-7.727332830143827,-7.727332830143827,0
adam,pretrained,463,-7.727337640430994,-7.727337640430994,0
adam,pretrained,464,-7.72734250886112,-7.72734250886112,0
adam,pretrained,465,-7.727347436141211,-7.727347436141211,0
adam,pretrained,466,-7.727352422981958,-7.727352422981958,0
adam,pretrained,467,-7.727357470097523,-7.727357470097523,0
adam,pretrained,468,-7.727362578205248,-7.727362578205248,0
adam,pretrained,469,-7.727367748025208,-7.727367748025208,0
adam,pretrained,470,-7.727372980279396,-7.727372980279396,0
adam,pretrained,471,-7.727378275692206,-7.727378275692206,0
adam,pretrained,472,-7.727383634989174,-7.727383634989174,0
adam,pretrained,473,-7.72738905889725,-7.72738905889725,0
adam,pretrained,474,-7.727394548143721,-7.727394548143721,0
adam,pretrained,475,-7.7274001034560795,-7.7274001034560795,0
adam,pretrained,476,-7.727405725561289,-7.727405725561289,0
adam,pretrained,477,-7.72741141518544,-7.72741141518544,0
adam,pretrained,478,-7.727417173053045,-7.727417173053045,0
adam,pretrained,479,-7.727422999886608,-7.727422999886608,0
adam,pretrained,480,-7.727428896405966,-7.727428896405966,0
adam,pretrained,481,-7.727434863327661,-7.727434863327661,0
adam,pretrained,482,-7.727440901364182,-7.727440901364182,0
adam,pretrained,483,-7.727447011223678,-7.727447011223678,0
adam,pretrained,484,-7.727453193608766,-7.727453193608766,0
adam,pretrained,485,-7.727459449216324,-7.727459449216324,0
adam,pretrained,486,-7.7274657787364465,-7.7274657787364465,0
adam,pretrained,487,-7.7274721828519235,-7.7274721828519235,0
adam,pretrained,488,-7.727478662237242,-7.727478662237242,0
adam,pretrained,489,-7.7274852175580655,-7.7274852175580655,0
adam,pretrained,490,-7.727491849470343,-7.727491849470343,0
adam,pretrained,491,-7.727498558619569,-7.727498558619569,0
adam,pretrained,492,-7.727505345639702,-7.727505345639702,0
adam,pretrained,493,-7.7275122111528605,-7.7275122111528605,0
adam,pretrained,494,-7.727519155767917,-7.727519155767917,0
adam,pretrained,495,-7.727526180080075,-7.727526180080075,0
adam,pretrained,496,-7.727533284669497,-7.727533284669497,0
adam,pretrained,497,-7.727540470101144,-7.727540470101144,0
adam,pretrained,498,-7.7275477369229995,-7.7275477369229995,0
adam,pretrained,499,-7.7275550856662925,-7.7275550856662925,0
adam,pretrained,500,-7.727562516842769,-7.727562516842769,0
adam,pretrained,501,-7.727570030946098,-7.727570030946098,0
adam,pretrained,502,-7.7275776284463005,-7.7275776284463005,0
adam,pretrained,503,-7.727585309792599,-7.727585309792599,0
adam,pretrained,504,-7.727593075396765,-7.727593075396765,0
adam,pretrained,505,-7.72760092562828,-7.72760092562828,0
adam,pretrained,506,-7.7276088607289015,-7.7276088607289015,0
adam,pretrained,507,-7.727616880667732,-7.727616880667732,0
adam,pretrained,508,-7.727624984473286,-7.727624984473286,0
adam,pretrained,509,-7.727633168396236,-7.727633168396236,0
adam,pretrained,510,-7.7276414191595215,-7.7276414191595215,0
adam,pretrained,511,-7.727649691965726,-7.727649691965726,0
adam,pretrained,512,-7.727657832087252,-7.727657832087252,0
adam,pretrained,513,-7.727665299192607,-7.727665299192607,0
adam,pretrained,514,-7.7276701679255115,-7.7276701679255115,0
adam,pretrained,515,-7.727665450510407,-7.727665450510407,0
adam,pretrained,516,-7.727625738308904,-7.727625738308904,0
adam,pretrained,517,-7.727459542738837,-7.727459542738837,0
adam,pretrained,518,-7.7268852681872975,-7.7268852681872975,0
adam,pretrained,519,-7.725372032477049,-7.725372032477049,0
adam,pretrained,520,-7.723689593556111,-7.723689593556111,0
adam,pretrained,521,-7.724529325421848,-7.724529325421848,0
adam,pretrained,522,-7.726742885517851,-7.726742885517851,0
adam,pretrained,523,-7.726152994387683,-7.726152994387683,0
adam,pretrained,524,-7.726240212892259,-7.726240212892259,0
adam,pretrained,525,-7.727351860568204,-7.727351860568204,0
adam,pretrained,526,-7.726206665637166,-7.726206665637166,0
adam,pretrained,527,-7.726312265226299,-7.726312265226299,0
adam,pretrained,528,-7.7274460760616375,-7.7274460760616375,0
adam,pretrained,529,-7.727094883862583,-7.727094883862583,0
adam,pretrained,530,-7.727119660512801,-7.727119660512801,0
adam,pretrained,531,-7.727073986678689,-7.727073986678689,0
adam,pretrained,532,-7.727144824450708,-7.727144824450708,0
adam,pretrained,533,-7.727536780253963,-7.727536780253963,0
adam,pretrained,534,-7.72748797440812,-7.72748797440812,0
adam,pretrained,535,-7.72741970667068,-7.72741970667068,0
adam,pretrained,536,-7.72730729998074,-7.72730729998074,0
adam,pretrained,537,-7.727635704795421,-7.727635704795421,0
adam,pretrained,538,-7.727708868434896,-7.727708868434896,0
adam,pretrained,539,-7.7275412300835,-7.7275412300835,0
adam,pretrained,540,-7.7276896537930195,-7.7276896537930195,0
adam,pretrained,541,-7.727587749404165,-7.727587749404165,0
adam,pretrained,542,-7.727765284914445,-7.727765284914445,0
adam,pretrained,543,-7.727860912867376,-7.727860912867376,0
adam,pretrained,544,-7.727685713255021,-7.727685713255021,0
adam,pretrained,545,-7.727786449189334,-7.727786449189334,0
adam,pretrained,546,-7.727834672740528,-7.727834672740528,0
adam,pretrained,547,-7.7278606177301254,-7.7278606177301254,0
adam,pretrained,548,-7.727901297127083,-7.727901297127083,0
adam,pretrained,549,-7.727874604766622,-7.727874604766622,0
adam,pretrained,550,-7.727881306378007,-7.727881306378007,0
adam,pretrained,551,-7.7279317914459575,-7.7279317914459575,0
adam,pretrained,552,-7.727989245001908,-7.727989245001908,0
adam,pretrained,553,-7.727961558460679,-7.727961558460679,0
adam,pretrained,554,-7.727966564683662,-7.727966564683662,0
adam,pretrained,555,-7.728010175824267,-7.728010175824267,0
adam,pretrained,556,-7.728004385459934,-7.728004385459934,0
adam,pretrained,557,-7.728049323463507,-7.728049323463507,0
adam,pretrained,558,-7.728070621314766,-7.728070621314766,0
adam,pretrained,559,-7.72804839504631,-7.72804839504631,0
adam,pretrained,560,-7.728076930131998,-7.728076930131998,0
adam,pretrained,561,-7.728103187316666,-7.728103187316666,0
adam,pretrained,562,-7.728115451452274,-7.728115451452274,0
adam,pretrained,563,-7.728133225583876,-7.728133225583876,0
adam,pretrained,564,-7.728145392907368,-7.728145392907368,0
adam,pretrained,565,-7.728155751975126,-7.728155751975126,0
adam,pretrained,566,-7.728165014673566,-7.728165014673566,0
adam,pretrained,567,-7.7281879195998835,-7.7281879195998835,0
adam,pretrained,568,-7.728209556400652,-7.728209556400652,0
adam,pretrained,569,-7.728213299519725,-7.728213299519725,0
adam,pretrained,570,-7.728229150608597,-7.728229150608597,0
adam,pretrained,571,-7.728247503815539,-7.728247503815539,0
adam,pretrained,572,-7.72825298002393,-7.72825298002393,0
adam,pretrained,573,-7.728270691051968,-7.728270691051968,0
adam,pretrained,574,-7.728290552551423,-7.728290552551423,0
adam,pretrained,575,-7.728300884227977,-7.728300884227977,0
adam,pretrained,576,-7.728314747147801,-7.728314747147801,0
adam,pretrained,577,-7.728327916377125,-7.728327916377125,0
adam,pretrained,578,-7.728340778538543,-7.728340778538543,0
adam,pretrained,579,-7.728355151854223,-7.728355151854223,0
adam,pretrained,580,-7.728367117011464,-7.728367117011464,0
adam,pretrained,581,-7.7283828345776255,-7.7283828345776255,0
adam,pretrained,582,-7.728399327675247,-7.728399327675247,0
adam,pretrained,583,-7.728411683826241,-7.728411683826241,0
adam,pretrained,584,-7.728426018195141,-7.728426018195141,0
adam,pretrained,585,-7.728441864855711,-7.728441864855711,0
adam,pretrained,586,-7.728455861458403,-7.728455861458403,0
adam,pretrained,587,-7.7284696428069735,-7.7284696428069735,0
adam,pretrained,588,-7.7284833589325395,-7.7284833589325395,0
adam,pretrained,589,-7.728497405815826,-7.728497405815826,0
adam,pretrained,590,-7.728511360220353,-7.728511360220353,0
adam,pretrained,591,-7.728523050793991,-7.728523050793991,0
adam,pretrained,592,-7.728533383559489,-7.728533383559489,0
adam,pretrained,593,-7.72854231028146,-7.72854231028146,0
adam,pretrained,594,-7.7285448641383026,-7.7285448641383026,0
adam,pretrained,595,-7.728533604197001,-7.728533604197001,0
adam,pretrained,596,-7.728494842660274,-7.728494842660274,0
adam,pretrained,597,-7.728393896171392,-7.728393896171392,0
adam,pretrained,598,-7.72815706868438,-7.72815706868438,0
adam,pretrained,599,-7.727637832917773,-7.727637832917773,0
adam,pretrained,600,-7.726635551831395,-7.726635551831395,0
adam,pretrained,601,-7.725179991307026,-7.725179991307026,0
adam,pretrained,602,-7.724147753745599,-7.724147753745599,0
adam,pretrained,603,-7.725220809810484,-7.725220809810484,0
adam,pretrained,604,-7.727498173645623,-7.727498173645623,0
adam,pretrained,605,-7.7279454480516465,-7.7279454480516465,0
adam,pretrained,606,-7.726071154481605,-7.726071154481605,0
adam,pretrained,607,-7.724429281015216,-7.724429281015216,0
adam,pretrained,608,-7.722903848464551,-7.722903848464551,0
adam,pretrained,609,-7.719577835091115,-7.719577835091115,0
adam,pretrained,610,-7.716902379606884,-7.716902379606884,0
adam,pretrained,611,-7.721935436071463,-7.721935436071463,0
adam,pretrained,612,-7.727281817962676,-7.727281817962676,0
adam,pretrained,613,-7.726554997443425,-7.726554997443425,0
adam,pretrained,614,-7.723165996339278,-7.723165996339278,0
adam,pretrained,615,-7.723787075760785,-7.723787075760785,0
adam,pretrained,616,-7.727141440795339,-7.727141440795339,0
adam,pretrained,617,-7.725781546003277,-7.725781546003277,0
adam,pretrained,618,-7.723654301620331,-7.723654301620331,0
adam,pretrained,619,-7.725889026626687,-7.725889026626687,0
adam,pretrained,620,-7.726149997216853,-7.726149997216853,0
adam,pretrained,621,-7.724150153955899,-7.724150153955899,0
adam,pretrained,622,-7.725309261035976,-7.725309261035976,0
adam,pretrained,623,-7.726294640092824,-7.726294640092824,0
adam,pretrained,624,-7.7253022617879905,-7.7253022617879905,0
adam,pretrained,625,-7.72620237576203,-7.72620237576203,0
adam,pretrained,626,-7.727719873835082,-7.727719873835082,0
adam,pretrained,627,-7.727197291050995,-7.727197291050995,0
adam,pretrained,628,-7.727707556221107,-7.727707556221107,0
adam,pretrained,629,-7.728745285850277,-7.728745285850277,0
adam,pretrained,630,-7.727913680476998,-7.727913680476998,0
adam,pretrained,631,-7.727898209795606,-7.727898209795606,0
adam,pretrained,632,-7.728409231019461,-7.728409231019461,0
adam,pretrained,633,-7.727679702037876,-7.727679702037876,0
adam,pretrained,634,-7.7277118862082546,-7.7277118862082546,0
adam,pretrained,635,-7.7282053384941545,-7.7282053384941545,0
adam,pretrained,636,-7.727956386077499,-7.727956386077499,0
adam,pretrained,637,-7.72815647057306,-7.72815647057306,0
adam,pretrained,638,-7.728600919125865,-7.728600919125865,0
adam,pretrained,639,-7.728612512008349,-7.728612512008349,0
adam,pretrained,640,-7.728643135413426,-7.728643135413426,0
adam,pretrained,641,-7.728812078981863,-7.728812078981863,0
adam,pretrained,642,-7.72885371868155,-7.72885371868155,0
adam,pretrained,643,-7.728731070221167,-7.728731070221167,0
adam,pretrained,644,-7.728676333672262,-7.728676333672262,0
adam,pretrained,645,-7.7287820911692355,-7.7287820911692355,0
adam,pretrained,646,-7.728750057945805,-7.728750057945805,0
adam,pretrained,647,-7.728640419119415,-7.728640419119415,0
adam,pretrained,648,-7.728767198251794,-7.728767198251794,0
adam,pretrained,649,-7.728892520789908,-7.728892520789908,0
adam,pretrained,650,-7.728852147816921,-7.728852147816921,0
adam,pretrained,651,-7.728894450608064,-7.728894450608064,0
adam,pretrained,652,-7.729021673707564,-7.729021673707564,0
adam,pretrained,653,-7.729090675631702,-7.729090675631702,0
adam,pretrained,654,-7.729109079318635,-7.729109079318635,0
adam,pretrained,655,-7.72911961520648,-7.72911961520648,0
adam,pretrained,656,-7.729166534523147,-7.729166534523147,0
adam,pretrained,657,-7.7292376143661965,-7.7292376143661965,0
adam,pretrained,658,-7.7292636575000175,-7.7292636575000175,0
adam,pretrained,659,-7.729248211872538,-7.729248211872538,0
adam,pretrained,660,-7.729250903055584,-7.729250903055584,0
adam,pretrained,661,-7.729279070778167,-7.729279070778167,0
adam,pretrained,662,-7.729312827279202,-7.729312827279202,0
adam,pretrained,663,-7.729342061803536,-7.729342061803536,0
adam,pretrained,664,-7.729350734830805,-7.729350734830805,0
adam,pretrained,665,-7.729335585926705,-7.729335585926705,0
adam,pretrained,666,-7.729319327522163,-7.729319327522163,0
adam,pretrained,667,-7.729312690591532,-7.729312690591532,0
adam,pretrained,668,-7.729300621912701,-7.729300621912701,0
adam,pretrained,669,-7.729267875192385,-7.729267875192385,0
adam,pretrained,670,-7.72920802390736,-7.72920802390736,0
adam,pretrained,671,-7.729106070726904,-7.729106070726904,0
adam,pretrained,672,-7.728935689717223,-7.728935689717223,0
adam,pretrained,673,-7.728675270722304,-7.728675270722304,0
adam,pretrained,674,-7.728262883038711,-7.728262883038711,0
adam,pretrained,675,-7.727657574946746,-7.727657574946746,0
adam,pretrained,676,-7.726745423601687,-7.726745423601687,0
adam,pretrained,677,-7.72554191766326,-7.72554191766326,0
adam,pretrained,678,-7.723912769795499,-7.723912769795499,0
adam,pretrained,679,-7.722029059442836,-7.722029059442836,0
adam,pretrained,680,-7.719878970904379,-7.719878970904379,0
adam,pretrained,681,-7.717065056041304,-7.717065056041304,0
adam,pretrained,682,-7.716202437317954,-7.716202437317954,0
adam,pretrained,683,-7.716735834736817,-7.716735834736817,0
adam,pretrained,684,-7.72364810170682,-7.72364810170682,0
adam,pretrained,685,-7.727415855573625,-7.727415855573625,0
adam,pretrained,686,-7.725463409801639,-7.725463409801639,0
adam,pretrained,687,-7.723105499063185,-7.723105499063185,0
adam,pretrained,688,-7.724505983473675,-7.724505983473675,0
adam,pretrained,689,-7.726871672351788,-7.726871672351788,0
adam,pretrained,690,-7.726804033340285,-7.726804033340285,0
adam,pretrained,691,-7.726554949720117,-7.726554949720117,0
adam,pretrained,692,-7.728158786294487,-7.728158786294487,0
adam,pretrained,693,-7.728574004522077,-7.728574004522077,0
adam,pretrained,694,-7.726872414821087,-7.726872414821087,0
adam,pretrained,695,-7.726867529526977,-7.726867529526977,0
adam,pretrained,696,-7.728721897673685,-7.728721897673685,0
adam,pretrained,697,-7.728992596207343,-7.728992596207343,0
adam,pretrained,698,-7.728384841308468,-7.728384841308468,0
adam,pretrained,699,-7.7288211169314875,-7.7288211169314875,0
adam,pretrained,700,-7.7292203813541,-7.7292203813541,0
adam,pretrained,701,-7.728716038795976,-7.728716038795976,0
adam,pretrained,702,-7.728555143122735,-7.728555143122735,0
adam,pretrained,703,-7.729525845193505,-7.729525845193505,0
adam,pretrained,704,-7.730073016682455,-7.730073016682455,0
adam,pretrained,705,-7.72947553160445,-7.72947553160445,0
adam,pretrained,706,-7.729262476530106,-7.729262476530106,0
adam,pretrained,707,-7.729746118704671,-7.729746118704671,0
adam,pretrained,708,-7.7298746711901805,-7.7298746711901805,0
adam,pretrained,709,-7.7297336979100235,-7.7297336979100235,0
adam,pretrained,710,-7.72994073408613,-7.72994073408613,0
adam,pretrained,711,-7.730354653316401,-7.730354653316401,0
adam,pretrained,712,-7.730395059784877,-7.730395059784877,0
adam,pretrained,713,-7.730151167460339,-7.730151167460339,0
adam,pretrained,714,-7.730166069475025,-7.730166069475025,0
adam,pretrained,715,-7.730445743533461,-7.730445743533461,0
adam,pretrained,716,-7.730638270700051,-7.730638270700051,0
adam,pretrained,717,-7.73067330716945,-7.73067330716945,0
adam,pretrained,718,-7.730650973380706,-7.730650973380706,0
adam,pretrained,719,-7.7305900107981556,-7.7305900107981556,0
adam,pretrained,720,-7.730444671804708,-7.730444671804708,0
adam,pretrained,721,-7.73006683483889,-7.73006683483889,0
adam,pretrained,722,-7.728916333793167,-7.728916333793167,0
adam,pretrained,723,-7.725710755309528,-7.725710755309528,0
adam,pretrained,724,-7.717689775631528,-7.717689775631528,0
adam,pretrained,725,-7.703926442016992,-7.703926442016992,0
adam,pretrained,726,-7.695326313225587,-7.695326313225587,0
adam,pretrained,727,-7.712992942125948,-7.712992942125948,0
adam,pretrained,728,-7.728869628911716,-7.728869628911716,0
adam,pretrained,729,-7.71934446946484,-7.71934446946484,0
adam,pretrained,730,-7.714796549097256,-7.714796549097256,0
adam,pretrained,731,-7.726754138151411,-7.726754138151411,0
adam,pretrained,732,-7.724086525210128,-7.724086525210128,0
adam,pretrained,733,-7.7198845895672035,-7.7198845895672035,0
adam,pretrained,734,-7.729086966691697,-7.729086966691697,0
adam,pretrained,735,-7.726013441201652,-7.726013441201652,0
adam,pretrained,736,-7.723457215135079,-7.723457215135079,0
adam,pretrained,737,-7.729695394011017,-7.729695394011017,0
adam,pretrained,738,-7.726485466988091,-7.726485466988091,0
adam,pretrained,739,-7.727795395579576,-7.727795395579576,0
adam,pretrained,740,-7.729671986615598,-7.729671986615598,0
adam,pretrained,741,-7.7268148531045275,-7.7268148531045275,0
adam,pretrained,742,-7.730237622921795,-7.730237622921795,0
adam,pretrained,743,-7.729068328356151,-7.729068328356151,0
adam,pretrained,744,-7.729154831584753,-7.729154831584753,0
adam,pretrained,745,-7.730456996118592,-7.730456996118592,0
adam,pretrained,746,-7.729008128191855,-7.729008128191855,0
adam,pretrained,747,-7.730656598220461,-7.730656598220461,0
adam,pretrained,748,-7.730372524815488,-7.730372524815488,0
adam,pretrained,749,-7.730307461617067,-7.730307461617067,0
adam,pretrained,750,-7.731408305720249,-7.731408305720249,0
adam,pretrained,751,-7.730808229592138,-7.730808229592138,0
adam,pretrained,752,-7.730880345921031,-7.730880345921031,0
adam,pretrained,753,-7.731599107557953,-7.731599107557953,0
adam,pretrained,754,-7.731025007760334,-7.731025007760334,0
adam,pretrained,755,-7.731593663074592,-7.731593663074592,0
adam,pretrained,756,-7.731896518666069,-7.731896518666069,0
adam,pretrained,757,-7.731449849453164,-7.731449849453164,0
adam,pretrained,758,-7.732119248346318,-7.732119248346318,0
adam,pretrained,759,-7.732083451178884,-7.732083451178884,0
adam,pretrained,760,-7.731871899974136,-7.731871899974136,0
adam,pretrained,761,-7.731921003911052,-7.731921003911052,0
adam,pretrained,762,-7.731606511201071,-7.731606511201071,0
adam,pretrained,763,-7.730541754902161,-7.730541754902161,0
adam,pretrained,764,-7.7285112656606385,-7.7285112656606385,0
adam,pretrained,765,-7.724264074324426,-7.724264074324426,0
adam,pretrained,766,-7.716654652433616,-7.716654652433616,0
adam,pretrained,767,-7.709419356809106,-7.709419356809106,0
adam,pretrained,768,-7.711037772363637,-7.711037772363637,0
adam,pretrained,769,-7.723892935735937,-7.723892935735937,0
adam,pretrained,770,-7.732020538190803,-7.732020538190803,0
adam,pretrained,771,-7.725914260889654,-7.725914260889654,0
adam,pretrained,772,-7.7217909456169025,-7.7217909456169025,0
adam,pretrained,773,-7.72969356802393,-7.72969356802393,0
adam,pretrained,774,-7.732614142501498,-7.732614142501498,0
adam,pretrained,775,-7.727486163403669,-7.727486163403669,0
adam,pretrained,776,-7.729585782443963,-7.729585782443963,0
adam,pretrained,777,-7.73408648249645,-7.73408648249645,0
adam,pretrained,778,-7.730893232558029,-7.730893232558029,0
adam,pretrained,779,-7.729639193938684,-7.729639193938684,0
adam,pretrained,780,-7.73352000743744,-7.73352000743744,0
adam,pretrained,781,-7.733122522665925,-7.733122522665925,0
adam,pretrained,782,-7.731402526071336,-7.731402526071336,0
adam,pretrained,783,-7.733962190619854,-7.733962190619854,0
adam,pretrained,784,-7.735051996675244,-7.735051996675244,0
adam,pretrained,785,-7.73306520038877,-7.73306520038877,0
adam,pretrained,786,-7.7335440360830905,-7.7335440360830905,0
adam,pretrained,787,-7.735099442580068,-7.735099442580068,0
adam,pretrained,788,-7.734092198325133,-7.734092198325133,0
adam,pretrained,789,-7.733394058536711,-7.733394058536711,0
adam,pretrained,790,-7.734486554968064,-7.734486554968064,0
adam,pretrained,791,-7.734567858724325,-7.734567858724325,0
adam,pretrained,792,-7.733140509517635,-7.733140509517635,0
adam,pretrained,793,-7.732086841853246,-7.732086841853246,0
adam,pretrained,794,-7.7303490164616875,-7.7303490164616875,0
adam,pretrained,795,-7.7263349995603905,-7.7263349995603905,0
adam,pretrained,796,-7.720487605781945,-7.720487605781945,0
adam,pretrained,797,-7.716483992757713,-7.716483992757713,0
adam,pretrained,798,-7.7195098440464305,-7.7195098440464305,0
adam,pretrained,799,-7.727559479796372,-7.727559479796372,0
adam,pretrained,800,-7.730879976898228,-7.730879976898228,0
adam,pretrained,801,-7.727378298412584,-7.727378298412584,0
adam,pretrained,802,-7.725826795414732,-7.725826795414732,0
adam,pretrained,803,-7.7301043175905,-7.7301043175905,0
adam,pretrained,804,-7.7338582794092545,-7.7338582794092545,0
adam,pretrained,805,-7.73343735247732,-7.73343735247732,0
adam,pretrained,806,-7.734361382256853,-7.734361382256853,0
adam,pretrained,807,-7.736324449738072,-7.736324449738072,0
adam,pretrained,808,-7.734648518685555,-7.734648518685555,0
adam,pretrained,809,-7.732273206866125,-7.732273206866125,0
adam,pretrained,810,-7.733979416638587,-7.733979416638587,0
adam,pretrained,811,-7.737038455596658,-7.737038455596658,0
adam,pretrained,812,-7.736802843589976,-7.736802843589976,0
adam,pretrained,813,-7.735886608255593,-7.735886608255593,0
adam,pretrained,814,-7.736916814210703,-7.736916814210703,0
adam,pretrained,815,-7.737326230558688,-7.737326230558688,0
adam,pretrained,816,-7.736195164664412,-7.736195164664412,0
adam,pretrained,817,-7.736064490731294,-7.736064490731294,0
adam,pretrained,818,-7.7376577771161426,-7.7376577771161426,0
adam,pretrained,819,-7.7386394658616595,-7.7386394658616595,0
adam,pretrained,820,-7.738330824925116,-7.738330824925116,0
adam,pretrained,821,-7.738196579184513,-7.738196579184513,0
adam,pretrained,822,-7.738797730623287,-7.738797730623287,0
adam,pretrained,823,-7.739034736827848,-7.739034736827848,0
adam,pretrained,824,-7.738551970803007,-7.738551970803007,0
adam,pretrained,825,-7.7381203375446095,-7.7381203375446095,0
adam,pretrained,826,-7.738002405729128,-7.738002405729128,0
adam,pretrained,827,-7.737425622849998,-7.737425622849998,0
adam,pretrained,828,-7.735203723856046,-7.735203723856046,0
adam,pretrained,829,-7.730876151426368,-7.730876151426368,0
adam,pretrained,830,-7.72369308346093,-7.72369308346093,0
adam,pretrained,831,-7.716971572242123,-7.716971572242123,0
adam,pretrained,832,-7.715051025347998,-7.715051025347998,0
adam,pretrained,833,-7.724820914388628,-7.724820914388628,0
adam,pretrained,834,-7.736274136459128,-7.736274136459128,0
adam,pretrained,835,-7.737784559806589,-7.737784559806589,0
adam,pretrained,836,-7.730725676590875,-7.730725676590875,0
adam,pretrained,837,-7.728874016845965,-7.728874016845965,0
adam,pretrained,838,-7.7364092299744955,-7.7364092299744955,0
adam,pretrained,839,-7.7386835936274725,-7.7386835936274725,0
adam,pretrained,840,-7.733683660129609,-7.733683660129609,0
adam,pretrained,841,-7.734195016025944,-7.734195016025944,0
adam,pretrained,842,-7.738893118008901,-7.738893118008901,0
adam,pretrained,843,-7.737751465366128,-7.737751465366128,0
adam,pretrained,844,-7.735466173721584,-7.735466173721584,0
adam,pretrained,845,-7.737951125450227,-7.737951125450227,0
adam,pretrained,846,-7.739186307650313,-7.739186307650313,0
adam,pretrained,847,-7.737361922153786,-7.737361922153786,0
adam,pretrained,848,-7.737677756255642,-7.737677756255642,0
adam,pretrained,849,-7.739250907603243,-7.739250907603243,0
adam,pretrained,850,-7.739242828618521,-7.739242828618521,0
adam,pretrained,851,-7.73852139900398,-7.73852139900398,0
adam,pretrained,852,-7.7385145037022465,-7.7385145037022465,0
adam,pretrained,853,-7.739695122165934,-7.739695122165934,0
adam,pretrained,854,-7.740068521177964,-7.740068521177964,0
adam,pretrained,855,-7.738926884489142,-7.738926884489142,0
adam,pretrained,856,-7.739094825866206,-7.739094825866206,0
adam,pretrained,857,-7.740284133157097,-7.740284133157097,0
adam,pretrained,858,-7.7401043947323345,-7.7401043947323345,0
adam,pretrained,859,-7.739517817863575,-7.739517817863575,0
adam,pretrained,860,-7.739762815778294,-7.739762815778294,0
adam,pretrained,861,-7.740199694348322,-7.740199694348322,0
adam,pretrained,862,-7.740410116537673,-7.740410116537673,0
adam,pretrained,863,-7.740143898136953,-7.740143898136953,0
adam,pretrained,864,-7.739911347944627,-7.739911347944627,0
adam,pretrained,865,-7.740294862365755,-7.740294862365755,0
adam,pretrained,866,-7.7406372327003465,-7.7406372327003465,0
adam,pretrained,867,-7.740391663452792,-7.740391663452792,0
adam,pretrained,868,-7.740198506255726,-7.740198506255726,0
adam,pretrained,869,-7.740359080463386,-7.740359080463386,0
adam,pretrained,870,-7.740557760205755,-7.740557760205755,0
adam,pretrained,871,-7.740566714478481,-7.740566714478481,0
adam,pretrained,872,-7.74042347977151,-7.74042347977151,0
adam,pretrained,873,-7.740307365137794,-7.740307365137794,0
adam,pretrained,874,-7.740343764061185,-7.740343764061185,0
adam,pretrained,875,-7.740382200565303,-7.740382200565303,0
adam,pretrained,876,-7.740207744998142,-7.740207744998142,0
adam,pretrained,877,-7.739870110209409,-7.739870110209409,0
adam,pretrained,878,-7.739521908584105,-7.739521908584105,0
adam,pretrained,879,-7.739143221748916,-7.739143221748916,0
adam,pretrained,880,-7.73852490469154,-7.73852490469154,0
adam,pretrained,881,-7.737689575954386,-7.737689575954386,0
adam,pretrained,882,-7.736646092431859,-7.736646092431859,0
adam,pretrained,883,-7.735761627676663,-7.735761627676663,0
adam,pretrained,884,-7.735127067230144,-7.735127067230144,0
adam,pretrained,885,-7.7353205463905494,-7.7353205463905494,0
adam,pretrained,886,-7.736164733891248,-7.736164733891248,0
adam,pretrained,887,-7.737605113511886,-7.737605113511886,0
adam,pretrained,888,-7.738902585022816,-7.738902585022816,0
adam,pretrained,889,-7.739600635248059,-7.739600635248059,0
adam,pretrained,890,-7.739484119839514,-7.739484119839514,0
adam,pretrained,891,-7.738930597828677,-7.738930597828677,0
adam,pretrained,892,-7.738526175398879,-7.738526175398879,0
adam,pretrained,893,-7.738732278699113,-7.738732278699113,0
adam,pretrained,894,-7.739581676118366,-7.739581676118366,0
adam,pretrained,895,-7.740492663563678,-7.740492663563678,0
adam,pretrained,896,-7.740916876905392,-7.740916876905392,0
adam,pretrained,897,-7.740703685875152,-7.740703685875152,0
adam,pretrained,898,-7.740192191201523,-7.740192191201523,0
adam,pretrained,899,-7.739884896703169,-7.739884896703169,0
adam,pretrained,900,-7.740014560870287,-7.740014560870287,0
adam,pretrained,901,-7.74043563961767,-7.74043563961767,0
adam,pretrained,902,-7.740768522363448,-7.740768522363448,0
adam,pretrained,903,-7.7407769153745285,-7.7407769153745285,0
adam,pretrained,904,-7.740559494620327,-7.740559494620327,0
adam,pretrained,905,-7.7403944063724115,-7.7403944063724115,0
adam,pretrained,906,-7.740476582214554,-7.740476582214554,0
adam,pretrained,907,-7.74072902789528,-7.74072902789528,0
adam,pretrained,908,-7.7409478096716375,-7.7409478096716375,0
adam,pretrained,909,-7.740982987433253,-7.740982987433253,0
adam,pretrained,910,-7.740870342470342,-7.740870342470342,0
adam,pretrained,911,-7.740760588524772,-7.740760588524772,0
adam,pretrained,912,-7.740761031087208,-7.740761031087208,0
adam,pretrained,913,-7.740861671884414,-7.740861671884414,0
adam,pretrained,914,-7.740957593578446,-7.740957593578446,0
adam,pretrained,915,-7.740969842727757,-7.740969842727757,0
adam,pretrained,916,-7.740905948551444,-7.740905948551444,0
adam,pretrained,917,-7.740840343187239,-7.740840343187239,0
adam,pretrained,918,-7.740835222404678,-7.740835222404678,0
adam,pretrained,919,-7.740891838379636,-7.740891838379636,0
adam,pretrained,920,-7.740957822507374,-7.740957822507374,0
adam,pretrained,921,-7.740984339713067,-7.740984339713067,0
adam,pretrained,922,-7.740964142242192,-7.740964142242192,0
adam,pretrained,923,-7.7409308726427755,-7.7409308726427755,0
adam,pretrained,924,-7.740920560387743,-7.740920560387743,0
adam,pretrained,925,-7.740943230921727,-7.740943230921727,0
adam,pretrained,926,-7.740977370823691,-7.740977370823691,0
adam,pretrained,927,-7.740995996154678,-7.740995996154678,0
adam,pretrained,928,-7.740987070384682,-7.740987070384682,0
adam,pretrained,929,-7.74096054121481,-7.74096054121481,0
adam,pretrained,930,-7.740933429927975,-7.740933429927975,0
adam,pretrained,931,-7.7409152576685685,-7.7409152576685685,0
adam,pretrained,932,-7.740897305290329,-7.740897305290329,0
adam,pretrained,933,-7.740861971287724,-7.740861971287724,0
adam,pretrained,934,-7.740786254592688,-7.740786254592688,0
adam,pretrained,935,-7.7406561090343855,-7.7406561090343855,0
adam,pretrained,936,-7.740445642169346,-7.740445642169346,0
adam,pretrained,937,-7.740132778330071,-7.740132778330071,0
adam,pretrained,938,-7.7396334048054,-7.7396334048054,0
adam,pretrained,939,-7.738898488203502,-7.738898488203502,0
adam,pretrained,940,-7.737725927465133,-7.737725927465133,0
adam,pretrained,941,-7.736210342007974,-7.736210342007974,0
adam,pretrained,942,-7.734132460686274,-7.734132460686274,0
adam,pretrained,943,-7.732498736162231,-7.732498736162231,0
adam,pretrained,944,-7.731401230183658,-7.731401230183658,0
adam,pretrained,945,-7.732588596712713,-7.732588596712713,0
adam,pretrained,946,-7.734760130734156,-7.734760130734156,0
adam,pretrained,947,-7.736759041745939,-7.736759041745939,0
adam,pretrained,948,-7.7366261560008605,-7.7366261560008605,0
adam,pretrained,949,-7.734773584520142,-7.734773584520142,0
adam,pretrained,950,-7.732833293653124,-7.732833293653124,0
adam,pretrained,951,-7.732717834355545,-7.732717834355545,0
adam,pretrained,952,-7.734484184957846,-7.734484184957846,0
adam,pretrained,953,-7.736916869396143,-7.736916869396143,0
adam,pretrained,954,-7.73845916950886,-7.73845916950886,0
adam,pretrained,955,-7.739083608317879,-7.739083608317879,0
adam,pretrained,956,-7.7393846358649885,-7.7393846358649885,0
adam,pretrained,957,-7.7397975093247515,-7.7397975093247515,0
adam,pretrained,958,-7.739875086355476,-7.739875086355476,0
adam,pretrained,959,-7.739319305468176,-7.739319305468176,0
adam,pretrained,960,-7.7386211943258925,-7.7386211943258925,0
adam,pretrained,961,-7.7385393161243945,-7.7385393161243945,0
adam,pretrained,962,-7.7393635452947285,-7.7393635452947285,0
adam,pretrained,963,-7.740410036519758,-7.740410036519758,0
adam,pretrained,964,-7.740931061391329,-7.740931061391329,0
adam,pretrained,965,-7.740701549802997,-7.740701549802997,0
adam,pretrained,966,-7.740163067126308,-7.740163067126308,0
adam,pretrained,967,-7.739902734815042,-7.739902734815042,0
adam,pretrained,968,-7.74006260660442,-7.74006260660442,0
adam,pretrained,969,-7.740411558063218,-7.740411558063218,0
adam,pretrained,970,-7.740639401621531,-7.740639401621531,0
adam,pretrained,971,-7.7407136734205135,-7.7407136734205135,0
adam,pretrained,972,-7.740753739679727,-7.740753739679727,0
adam,pretrained,973,-7.7407999612246154,-7.7407999612246154,0
adam,pretrained,974,-7.740800487988111,-7.740800487988111,0
adam,pretrained,975,-7.740721371917946,-7.740721371917946,0
adam,pretrained,976,-7.7406426863282185,-7.7406426863282185,0
adam,pretrained,977,-7.7406665745188485,-7.7406665745188485,0
adam,pretrained,978,-7.740811816510069,-7.740811816510069,0
adam,pretrained,979,-7.740988735291612,-7.740988735291612,0
adam,pretrained,980,-7.741078957621962,-7.741078957621962,0
adam,pretrained,981,-7.741039734811906,-7.741039734811906,0
adam,pretrained,982,-7.740928719891514,-7.740928719891514,0
adam,pretrained,983,-7.740847191602345,-7.740847191602345,0
adam,pretrained,984,-7.740855392268215,-7.740855392268215,0
adam,pretrained,985,-7.740937210035778,-7.740937210035778,0
adam,pretrained,986,-7.741032179199117,-7.741032179199117,0
adam,pretrained,987,-7.741089828134067,-7.741089828134067,0
adam,pretrained,988,-7.74109670697298,-7.74109670697298,0
adam,pretrained,989,-7.741069460714294,-7.741069460714294,0
adam,pretrained,990,-7.741034133626336,-7.741034133626336,0
adam,pretrained,991,-7.7410126394179954,-7.7410126394179954,0
adam,pretrained,992,-7.741015106805293,-7.741015106805293,0
adam,pretrained,993,-7.741038139074923,-7.741038139074923,0
adam,pretrained,994,-7.741069436410037,-7.741069436410037,0
adam,pretrained,995,-7.741095102559538,-7.741095102559538,0
adam,pretrained,996,-7.7411082864007765,-7.7411082864007765,0
adam,pretrained,997,-7.741109798944653,-7.741109798944653,0
adam,pretrained,998,-7.741104768994456,-7.741104768994456,0
adam,pretrained,999,-7.741098156830484,-7.741098156830484,0
adam,pretrained,1000,-7.741093231423142,-7.741093231423142,0
adam,pretrained,1001,-7.741091901661824,-7.741091901661824,0
adam,pretrained,1002,-7.741094170053424,-7.741094170053424,0
adam,pretrained,1003,-7.741098841588975,-7.741098841588975,0
adam,pretrained,1004,-7.741103547277705,-7.741103547277705,0
adam,pretrained,1005,-7.7411062037091645,-7.7411062037091645,0
adam,pretrained,1006,-7.741104638295715,-7.741104638295715,0
adam,pretrained,1007,-7.741096053838523,-7.741096053838523,0
adam,pretrained,1008,-7.741074858160528,-7.741074858160528,0
adam,pretrained,1009,-7.741031433081187,-7.741031433081187,0
adam,pretrained,1010,-7.740947901050581,-7.740947901050581,0
adam,pretrained,1011,-7.74079242595935,-7.74079242595935,0
adam,pretrained,1012,-7.7405058557886495,-7.7405058557886495,0
adam,pretrained,1013,-7.739977328328621,-7.739977328328621,0
adam,pretrained,1014,-7.739024315290469,-7.739024315290469,0
adam,pretrained,1015,-7.737345126124159,-7.737345126124159,0
adam,pretrained,1016,-7.734680402540786,-7.734680402540786,0
adam,pretrained,1017,-7.731002627851786,-7.731002627851786,0
adam,pretrained,1018,-7.727781519328232,-7.727781519328232,0
adam,pretrained,1019,-7.727513541514382,-7.727513541514382,0
adam,pretrained,1020,-7.732215753545841,-7.732215753545841,0
adam,pretrained,1021,-7.738280245434431,-7.738280245434431,0
adam,pretrained,1022,-7.740083396688003,-7.740083396688003,0
adam,pretrained,1023,-7.737240931943498,-7.737240931943498,0
adam,pretrained,1024,-7.735075370981754,-7.735075370981754,0
adam,pretrained,1025,-7.737073752500193,-7.737073752500193,0
adam,pretrained,1026,-7.7397242331523595,-7.7397242331523595,0
adam,pretrained,1027,-7.739139481850832,-7.739139481850832,0
adam,pretrained,1028,-7.737676653547847,-7.737676653547847,0
adam,pretrained,1029,-7.7386638521302435,-7.7386638521302435,0
adam,pretrained,1030,-7.74040256672098,-7.74040256672098,0
adam,pretrained,1031,-7.739898889063829,-7.739898889063829,0
adam,pretrained,1032,-7.738725323382978,-7.738725323382978,0
adam,pretrained,1033,-7.739380416655031,-7.739380416655031,0
adam,pretrained,1034,-7.740468775746629,-7.740468775746629,0
adam,pretrained,1035,-7.740187310287758,-7.740187310287758,0
adam,pretrained,1036,-7.7396848227304975,-7.7396848227304975,0
adam,pretrained,1037,-7.740278846121742,-7.740278846121742,0
adam,pretrained,1038,-7.740784802984897,-7.740784802984897,0
adam,pretrained,1039,-7.740337182657983,-7.740337182657983,0
adam,pretrained,1040,-7.740064889901864,-7.740064889901864,0
adam,pretrained,1041,-7.740575951138027,-7.740575951138027,0
adam,pretrained,1042,-7.740933524630875,-7.740933524630875,0
adam,pretrained,1043,-7.740682763790791,-7.740682763790791,0
adam,pretrained,1044,-7.7405588800902745,-7.7405588800902745,0
adam,pretrained,1045,-7.740852574231688,-7.740852574231688,0
adam,pretrained,1046,-7.74096185974392,-7.74096185974392,0
adam,pretrained,1047,-7.740747481956326,-7.740747481956326,0
adam,pretrained,1048,-7.740691611698332,-7.740691611698332,0
adam,pretrained,1049,-7.740888125363841,-7.740888125363841,0
adam,pretrained,1050,-7.740972668024354,-7.740972668024354,0
adam,pretrained,1051,-7.740870020056069,-7.740870020056069,0
adam,pretrained,1052,-7.7408265448007745,-7.7408265448007745,0
adam,pretrained,1053,-7.740893909766294,-7.740893909766294,0
adam,pretrained,1054,-7.740877819472654,-7.740877819472654,0
adam,pretrained,1055,-7.740740623506576,-7.740740623506576,0
adam,pretrained,1056,-7.740607970993353,-7.740607970993353,0
adam,pretrained,1057,-7.740502509415422,-7.740502509415422,0
adam,pretrained,1058,-7.7402903579309825,-7.7402903579309825,0
adam,pretrained,1059,-7.739897341422501,-7.739897341422501,0
adam,pretrained,1060,-7.739301748955385,-7.739301748955385,0
adam,pretrained,1061,-7.738502041608057,-7.738502041608057,0
adam,pretrained,1062,-7.7372951761667474,-7.7372951761667474,0
adam,pretrained,1063,-7.735739150380525,-7.735739150380525,0
adam,pretrained,1064,-7.733765201575653,-7.733765201575653,0
adam,pretrained,1065,-7.732154471629523,-7.732154471629523,0
adam,pretrained,1066,-7.731144888246562,-7.731144888246562,0
adam,pretrained,1067,-7.732105454456488,-7.732105454456488,0
adam,pretrained,1068,-7.734492078914721,-7.734492078914721,0
adam,pretrained,1069,-7.737792763621078,-7.737792763621078,0
adam,pretrained,1070,-7.7400251989204385,-7.7400251989204385,0
adam,pretrained,1071,-7.740263581721566,-7.740263581721566,0
adam,pretrained,1072,-7.738875469552792,-7.738875469552792,0
adam,pretrained,1073,-7.737318050980677,-7.737318050980677,0
adam,pretrained,1074,-7.737112575101436,-7.737112575101436,0
adam,pretrained,1075,-7.7383735406134075,-7.7383735406134075,0
adam,pretrained,1076,-7.740092871236199,-7.740092871236199,0
adam,pretrained,1077,-7.740869836626521,-7.740869836626521,0
adam,pretrained,1078,-7.740379191331319,-7.740379191331319,0
adam,pretrained,1079,-7.739455600584771,-7.739455600584771,0
adam,pretrained,1080,-7.739112718703371,-7.739112718703371,0
adam,pretrained,1081,-7.739704656431692,-7.739704656431692,0
adam,pretrained,1082,-7.740568883814671,-7.740568883814671,0
adam,pretrained,1083,-7.7409372510396945,-7.7409372510396945,0
adam,pretrained,1084,-7.740633615120072,-7.740633615120072,0
adam,pretrained,1085,-7.7401630456618316,-7.7401630456618316,0
adam,pretrained,1086,-7.7401004359638454,-7.7401004359638454,0
adam,pretrained,1087,-7.740499169307203,-7.740499169307203,0
adam,pretrained,1088,-7.740937184581746,-7.740937184581746,0
adam,pretrained,1089,-7.741019200829146,-7.741019200829146,0
adam,pretrained,1090,-7.7407702099032365,-7.7407702099032365,0
adam,pretrained,1091,-7.74053785418351,-7.74053785418351,0
adam,pretrained,1092,-7.740569419223425,-7.740569419223425,0
adam,pretrained,1093,-7.740796597419647,-7.740796597419647,0
adam,pretrained,1094,-7.74094582991164,-7.74094582991164,0
adam,pretrained,1095,-7.740867568105684,-7.740867568105684,0
adam,pretrained,1096,-7.740659986646543,-7.740659986646543,0
adam,pretrained,1097,-7.740529543871272,-7.740529543871272,0
adam,pretrained,1098,-7.7405444858226025,-7.7405444858226025,0
adam,pretrained,1099,-7.740607724484351,-7.740607724484351,0
adam,pretrained,1100,-7.740559902092228,-7.740559902092228,0
adam,pretrained,1101,-7.7403679823310805,-7.7403679823310805,0
adam,pretrained,1102,-7.740119661085276,-7.740119661085276,0
adam,pretrained,1103,-7.739931553111091,-7.739931553111091,0
adam,pretrained,1104,-7.7398095711010795,-7.7398095711010795,0
adam,pretrained,1105,-7.739700880342175,-7.739700880342175,0
adam,pretrained,1106,-7.73951906252932,-7.73951906252932,0
adam,pretrained,1107,-7.739283592237666,-7.739283592237666,0
adam,pretrained,1108,-7.739020087614195,-7.739020087614195,0
adam,pretrained,1109,-7.738743446423275,-7.738743446423275,0
adam,pretrained,1110,-7.738399298182695,-7.738399298182695,0
adam,pretrained,1111,-7.73782272645851,-7.73782272645851,0
adam,pretrained,1112,-7.737082729192832,-7.737082729192832,0
adam,pretrained,1113,-7.73609160988404,-7.73609160988404,0
adam,pretrained,1114,-7.73543586379964,-7.73543586379964,0
adam,pretrained,1115,-7.735158161656393,-7.735158161656393,0
adam,pretrained,1116,-7.736043082440861,-7.736043082440861,0
adam,pretrained,1117,-7.7376258753305045,-7.7376258753305045,0
adam,pretrained,1118,-7.739562487605136,-7.739562487605136,0
adam,pretrained,1119,-7.740819886896143,-7.740819886896143,0
adam,pretrained,1120,-7.740941248285533,-7.740941248285533,0
adam,pretrained,1121,-7.740165019541326,-7.740165019541326,0
adam,pretrained,1122,-7.739234691729697,-7.739234691729697,0
adam,pretrained,1123,-7.738921163556255,-7.738921163556255,0
adam,pretrained,1124,-7.739332185321678,-7.739332185321678,0
adam,pretrained,1125,-7.740122719022709,-7.740122719022709,0
adam,pretrained,1126,-7.7406279613167515,-7.7406279613167515,0
adam,pretrained,1127,-7.740567300476008,-7.740567300476008,0
adam,pretrained,1128,-7.74012674209902,-7.74012674209902,0
adam,pretrained,1129,-7.739736397904755,-7.739736397904755,0
adam,pretrained,1130,-7.739713867736412,-7.739713867736412,0
adam,pretrained,1131,-7.740013011917704,-7.740013011917704,0
adam,pretrained,1132,-7.7403864579357435,-7.7403864579357435,0
adam,pretrained,1133,-7.7405698795008675,-7.7405698795008675,0
adam,pretrained,1134,-7.740502797404106,-7.740502797404106,0
adam,pretrained,1135,-7.740331115408279,-7.740331115408279,0
adam,pretrained,1136,-7.740233800318337,-7.740233800318337,0
adam,pretrained,1137,-7.740324753917183,-7.740324753917183,0
adam,pretrained,1138,-7.740539063429763,-7.740539063429763,0
adam,pretrained,1139,-7.740766477444945,-7.740766477444945,0
adam,pretrained,1140,-7.74089295603912,-7.74089295603912,0
adam,pretrained,1141,-7.740909308628168,-7.740909308628168,0
adam,pretrained,1142,-7.7408705465584156,-7.7408705465584156,0
adam,pretrained,1143,-7.740852299427886,-7.740852299427886,0
adam,pretrained,1144,-7.740896313894863,-7.740896313894863,0
adam,pretrained,1145,-7.740987094878053,-7.740987094878053,0
adam,pretrained,1146,-7.741082129157387,-7.741082129157387,0
adam,pretrained,1147,-7.741139054397478,-7.741139054397478,0
adam,pretrained,1148,-7.741144015912676,-7.741144015912676,0
adam,pretrained,1149,-7.741111824240209,-7.741111824240209,0
