optimizer,method,iteration,evals,energy,energy_global,is_stage_boundary
spsa,standard,0,2.0,-4.018428817516464,-4.018428817516464,0
spsa,standard,1,4.0,-3.9674234995281408,-3.9674234995281408,0
spsa,standard,2,6.0,-4.018701073897485,-4.018701073897485,0
spsa,standard,3,8.0,-4.014500641791125,-4.014500641791125,0
spsa,standard,4,10.0,-4.026920685148176,-4.026920685148176,0
spsa,standard,5,12.0,-4.0599352745860315,-4.0599352745860315,0
spsa,standard,6,14.0,-4.074721416455695,-4.074721416455695,0
spsa,standard,7,16.0,-4.110288169900486,-4.110288169900486,0
spsa,standard,8,18.0,-4.116849962066354,-4.116849962066354,0
spsa,standard,9,20.0,-4.135653276426191,-4.135653276426191,0
spsa,standard,10,22.0,-4.122968423464214,-4.122968423464214,0
spsa,standard,11,24.0,-4.13553671758747,-4.13553671758747,0
spsa,standard,12,26.0,-4.175452502351408,-4.175452502351408,0
spsa,standard,13,28.0,-4.1829629015422585,-4.1829629015422585,0
spsa,standard,14,30.0,-4.2194487960076295,-4.2194487960076295,0
spsa,standard,15,32.0,-4.214816895716899,-4.214816895716899,0
spsa,standard,16,34.0,-4.225177546246132,-4.225177546246132,0
spsa,standard,17,36.0,-4.221726021386164,-4.221726021386164,0
spsa,standard,18,38.0,-4.309566687514648,-4.309566687514648,0
spsa,standard,19,40.0,-4.315243896147077,-4.315243896147077,0
spsa,standard,20,42.0,-4.328004916377058,-4.328004916377058,0
spsa,standard,21,44.0,-4.33286745514731,-4.33286745514731,0
spsa,standard,22,46.0,-4.33823232085262,-4.33823232085262,0
spsa,standard,23,48.0,-4.341090114486515,-4.341090114486515,0
spsa,standard,24,50.0,-4.370348437028714,-4.370348437028714,0
spsa,standard,25,52.0,-4.370482157828045,-4.370482157828045,0
spsa,standard,26,54.0,-4.37637953419252,-4.37637953419252,0
spsa,standard,27,56.0,-4.37638053232264,-4.37638053232264,0
spsa,standard,28,58.0,-4.383263863365006,-4.383263863365006,0
spsa,standard,29,60.0,-4.427391744356301,-4.427391744356301,0
spsa,standard,30,62.0,-4.442050404813992,-4.442050404813992,0
spsa,standard,31,64.0,-4.496223742568658,-4.496223742568658,0
spsa,standard,32,66.0,-4.50996473413257,-4.50996473413257,0
spsa,standard,33,68.0,-4.550324229802028,-4.550324229802028,0
spsa,standard,34,70.0,-4.556533313704666,-4.556533313704666,0
spsa,standard,35,72.0,-4.573844240325253,-4.573844240325253,0
spsa,standard,36,74.0,-4.583144119658166,-4.583144119658166,0
spsa,standard,37,76.0,-4.595733323773604,-4.595733323773604,0
spsa,standard,38,78.0,-4.612220143510437,-4.612220143510437,0
spsa,standard,39,80.0,-4.605292921349738,-4.605292921349738,0
spsa,standard,40,82.0,-4.616215462792084,-4.616215462792084,0
spsa,standard,41,84.0,-4.607342957126468,-4.607342957126468,0
spsa,standard,42,86.0,-4.606162809869819,-4.606162809869819,0
spsa,standard,43,88.0,-4.612232521610668,-4.612232521610668,0
spsa,standard,44,90.0,-4.62093473469306,-4.62093473469306,0
spsa,standard,45,92.0,-4.618934062402359,-4.618934062402359,0
spsa,standard,46,94.0,-4.6372535518912725,-4.6372535518912725,0
spsa,standard,47,96.0,-4.641844433074518,-4.641844433074518,0
spsa,standard,48,98.0,-4.641183457617587,-4.641183457617587,0
spsa,standard,49,100.0,-4.668814092133683,-4.668814092133683,0
spsa,standard,50,102.0,-4.744883858470998,-4.744883858470998,0
spsa,standard,51,104.0,-4.750780011935127,-4.750780011935127,0
spsa,standard,52,106.0,-4.751044305691478,-4.751044305691478,0
spsa,standard,53,108.0,-4.761074853261485,-4.761074853261485,0
spsa,standard,54,110.0,-4.808978963146215,-4.808978963146215,0
spsa,standard,55,112.0,-4.830597289923739,-4.830597289923739,0
spsa,standard,56,114.0,-4.82685142594063,-4.82685142594063,0
spsa,standard,57,116.0,-4.873482847122442,-4.873482847122442,0
spsa,standard,58,118.0,-4.886398710213662,-4.886398710213662,0
spsa,standard,59,120.0,-4.895832692014698,-4.895832692014698,0
spsa,standard,60,122.0,-4.900448151113873,-4.900448151113873,0
spsa,standard,61,124.0,-4.91816907627081,-4.91816907627081,0
spsa,standard,62,126.0,-4.932774118415409,-4.932774118415409,0
spsa,standard,63,128.0,-4.934315769132361,-4.934315769132361,0
spsa,standard,64,130.0,-4.991259296374976,-4.991259296374976,0
spsa,standard,65,132.0,-4.988634211229478,-4.988634211229478,0
spsa,standard,66,134.0,-4.996294937363822,-4.996294937363822,0
spsa,standard,67,136.0,-4.997914471197042,-4.997914471197042,0
spsa,standard,68,138.0,-4.99891080463858,-4.99891080463858,0
spsa,standard,69,140.0,-4.99902579392527,-4.99902579392527,0
spsa,standard,70,142.0,-5.015445378279539,-5.015445378279539,0
spsa,standard,71,144.0,-5.008682143699246,-5.008682143699246,0
spsa,standard,72,146.0,-5.017220202300079,-5.017220202300079,0
spsa,standard,73,148.0,-5.035546296562965,-5.035546296562965,0
spsa,standard,74,150.0,-5.065547894806613,-5.065547894806613,0
spsa,standard,75,152.0,-5.06011878992623,-5.06011878992623,0
spsa,standard,76,154.0,-5.069070220441036,-5.069070220441036,0
spsa,standard,77,156.0,-5.067922349162732,-5.067922349162732,0
spsa,standard,78,158.0,-5.08398266824925,-5.08398266824925,0
spsa,standard,79,160.0,-5.083488267477088,-5.083488267477088,0
spsa,standard,80,162.0,-5.110546288103718,-5.110546288103718,0
spsa,standard,81,164.0,-5.155546167513633,-5.155546167513633,0
spsa,standard,82,166.0,-5.141727426452449,-5.141727426452449,0
spsa,standard,83,168.0,-5.159531330123202,-5.159531330123202,0
spsa,standard,84,170.0,-5.155001701478461,-5.155001701478461,0
spsa,standard,85,172.0,-5.161456078072129,-5.161456078072129,0
spsa,standard,86,174.0,-5.157502708573167,-5.157502708573167,0
spsa,standard,87,176.0,-5.162859799029144,-5.162859799029144,0
spsa,standard,88,178.0,-5.191359557740417,-5.191359557740417,0
spsa,standard,89,180.0,-5.206528427638752,-5.206528427638752,0
spsa,standard,90,182.0,-5.2343120272027495,-5.2343120272027495,0
spsa,standard,91,184.0,-5.23545466026219,-5.23545466026219,0
spsa,standard,92,186.0,-5.248726584115282,-5.248726584115282,0
spsa,standard,93,188.0,-5.240981134227509,-5.240981134227509,0
spsa,standard,94,190.0,-5.263772644207673,-5.263772644207673,0
spsa,standard,95,192.0,-5.272328434648873,-5.272328434648873,0
spsa,standard,96,194.0,-5.278406530790222,-5.278406530790222,0
spsa,standard,97,196.0,-5.299994841002878,-5.299994841002878,0
spsa,standard,98,198.0,-5.313262994206436,-5.313262994206436,0
spsa,standard,99,200.0,-5.311111442214992,-5.311111442214992,0
spsa,standard,100,202.0,-5.305027704791218,-5.305027704791218,0
spsa,standard,101,204.0,-5.303734349547473,-5.303734349547473,0
spsa,standard,102,206.0,-5.310861944327279,-5.310861944327279,0
spsa,standard,103,208.0,-5.316222885778087,-5.316222885778087,0
spsa,standard,104,210.0,-5.323197427542045,-5.323197427542045,0
spsa,standard,105,212.0,-5.33365346979893,-5.33365346979893,0
spsa,standard,106,214.0,-5.346000766305291,-5.346000766305291,0
spsa,standard,107,216.0,-5.360945906515472,-5.360945906515472,0
spsa,standard,108,218.0,-5.366387062580585,-5.366387062580585,0
spsa,standard,109,220.0,-5.361376772878116,-5.361376772878116,0
spsa,standard,110,222.0,-5.366277673605644,-5.366277673605644,0
spsa,standard,111,224.0,-5.379355851227173,-5.379355851227173,0
spsa,standard,112,226.0,-5.36754792265929,-5.36754792265929,0
spsa,standard,113,228.0,-5.375593369243639,-5.375593369243639,0
spsa,standard,114,230.0,-5.376405283642007,-5.376405283642007,0
spsa,standard,115,232.0,-5.377367811020592,-5.377367811020592,0
spsa,standard,116,234.0,-5.382414806446917,-5.382414806446917,0
spsa,standard,117,236.0,-5.383439934871792,-5.383439934871792,0
spsa,standard,118,238.0,-5.384210526768518,-5.384210526768518,0
spsa,standard,119,240.0,-5.385644355028731,-5.385644355028731,0
spsa,standard,120,242.0,-5.386601140202892,-5.386601140202892,0
spsa,standard,121,244.0,-5.381810297152342,-5.381810297152342,0
spsa,standard,122,246.0,-5.395423991744705,-5.395423991744705,0
spsa,standard,123,248.0,-5.390527844012953,-5.390527844012953,0
spsa,standard,124,250.0,-5.397131122233737,-5.397131122233737,0
spsa,standard,125,252.0,-5.408255676220538,-5.408255676220538,0
spsa,standard,126,254.0,-5.397796781489022,-5.397796781489022,0
spsa,standard,127,256.0,-5.39823621607368,-5.39823621607368,0
spsa,standard,128,258.0,-5.406145949989023,-5.406145949989023,0
spsa,standard,129,260.0,-5.404888628472033,-5.404888628472033,0
spsa,standard,130,262.0,-5.400929968187168,-5.400929968187168,0
spsa,standard,131,264.0,-5.407804710692759,-5.407804710692759,0
spsa,standard,132,266.0,-5.422563513196252,-5.422563513196252,0
spsa,standard,133,268.0,-5.415615411249136,-5.415615411249136,0
spsa,standard,134,270.0,-5.408311636244564,-5.408311636244564,0
spsa,standard,135,272.0,-5.433889304980495,-5.433889304980495,0
spsa,standard,136,274.0,-5.435260512596756,-5.435260512596756,0
spsa,standard,137,276.0,-5.427138030661325,-5.427138030661325,0
spsa,standard,138,278.0,-5.42697294684494,-5.42697294684494,0
spsa,standard,139,280.0,-5.41424718757114,-5.41424718757114,0
spsa,standard,140,282.0,-5.425054874511531,-5.425054874511531,0
spsa,standard,141,284.0,-5.441230182415797,-5.441230182415797,0
spsa,standard,142,286.0,-5.43616518628259,-5.43616518628259,0
spsa,standard,143,288.0,-5.447673957781212,-5.447673957781212,0
spsa,standard,144,290.0,-5.442331701839731,-5.442331701839731,0
spsa,standard,145,292.0,-5.44941223424167,-5.44941223424167,0
spsa,standard,146,294.0,-5.448860205337518,-5.448860205337518,0
spsa,standard,147,296.0,-5.454768427658669,-5.454768427658669,0
spsa,standard,148,298.0,-5.443672309195884,-5.443672309195884,0
spsa,standard,149,300.0,-5.443526924125324,-5.443526924125324,0
spsa,standard,150,302.0,-5.447542306434585,-5.447542306434585,0
spsa,standard,151,304.0,-5.45387545519719,-5.45387545519719,0
spsa,standard,152,306.0,-5.452052461431265,-5.452052461431265,0
spsa,standard,153,308.0,-5.462618495650268,-5.462618495650268,0
spsa,standard,154,310.0,-5.470816396057698,-5.470816396057698,0
spsa,standard,155,312.0,-5.472548157880123,-5.472548157880123,0
spsa,standard,156,314.0,-5.4801546596431105,-5.4801546596431105,0
spsa,standard,157,316.0,-5.471001232485776,-5.471001232485776,0
spsa,standard,158,318.0,-5.483771349683312,-5.483771349683312,0
spsa,standard,159,320.0,-5.475573294389706,-5.475573294389706,0
spsa,standard,160,322.0,-5.485973269925296,-5.485973269925296,0
spsa,standard,161,324.0,-5.502042807887951,-5.502042807887951,0
spsa,standard,162,326.0,-5.497051958478744,-5.497051958478744,0
spsa,standard,163,328.0,-5.496794720973407,-5.496794720973407,0
spsa,standard,164,330.0,-5.503085156312575,-5.503085156312575,0
spsa,standard,165,332.0,-5.497530768714521,-5.497530768714521,0
spsa,standard,166,334.0,-5.510717880331138,-5.510717880331138,0
spsa,standard,167,336.0,-5.507036959634927,-5.507036959634927,0
spsa,standard,168,338.0,-5.517854872489994,-5.517854872489994,0
spsa,standard,169,340.0,-5.500893570637981,-5.500893570637981,0
spsa,standard,170,342.0,-5.5005496685083966,-5.5005496685083966,0
spsa,standard,171,344.0,-5.506412844302758,-5.506412844302758,0
spsa,standard,172,346.0,-5.5064089606807824,-5.5064089606807824,0
spsa,standard,173,348.0,-5.5157241348936505,-5.5157241348936505,0
spsa,standard,174,350.0,-5.500384309225366,-5.500384309225366,0
spsa,standard,175,352.0,-5.52728960326098,-5.52728960326098,0
spsa,standard,176,354.0,-5.52026631862528,-5.52026631862528,0
spsa,standard,177,356.0,-5.518528661461531,-5.518528661461531,0
spsa,standard,178,358.0,-5.5302930582729335,-5.5302930582729335,0
spsa,standard,179,360.0,-5.528241317335334,-5.528241317335334,0
spsa,standard,180,362.0,-5.520497060830346,-5.520497060830346,0
spsa,standard,181,364.0,-5.523983963066,-5.523983963066,0
spsa,standard,182,366.0,-5.533572765126024,-5.533572765126024,0
spsa,standard,183,368.0,-5.527941493315232,-5.527941493315232,0
spsa,standard,184,370.0,-5.532248831364177,-5.532248831364177,0
spsa,standard,185,372.0,-5.532677254844767,-5.532677254844767,0
spsa,standard,186,374.0,-5.528468810521595,-5.528468810521595,0
spsa,standard,187,376.0,-5.539130999583477,-5.539130999583477,0
spsa,standard,188,378.0,-5.542221631688777,-5.542221631688777,0
spsa,standard,189,380.0,-5.550023485635098,-5.550023485635098,0
spsa,standard,190,382.0,-5.547155506512981,-5.547155506512981,0
spsa,standard,191,384.0,-5.543971308892752,-5.543971308892752,0
spsa,standard,192,386.0,-5.561735573084988,-5.561735573084988,0
spsa,standard,193,388.0,-5.572391290484679,-5.572391290484679,0
spsa,standard,194,390.0,-5.559947365699678,-5.559947365699678,0
spsa,standard,195,392.0,-5.5635994201694245,-5.5635994201694245,0
spsa,standard,196,394.0,-5.57947835103181,-5.57947835103181,0
spsa,standard,197,396.0,-5.581080265529378,-5.581080265529378,0
spsa,standard,198,398.0,-5.579167854589381,-5.579167854589381,0
spsa,standard,199,400.0,-5.582739161118189,-5.582739161118189,0
spsa,standard,200,402.0,-5.5786646423594695,-5.5786646423594695,0
spsa,standard,201,404.0,-5.589934498907911,-5.589934498907911,0
spsa,standard,202,406.0,-5.5866119714610765,-5.5866119714610765,0
spsa,standard,203,408.0,-5.593996672167088,-5.593996672167088,0
spsa,standard,204,410.0,-5.584467319914161,-5.584467319914161,0
spsa,standard,205,412.0,-5.589650586527808,-5.589650586527808,0
spsa,standard,206,414.0,-5.603797822854347,-5.603797822854347,0
spsa,standard,207,416.0,-5.618128737118212,-5.618128737118212,0
spsa,standard,208,418.0,-5.615711865375895,-5.615711865375895,0
spsa,standard,209,420.0,-5.619482374880015,-5.619482374880015,0
spsa,standard,210,422.0,-5.603526383995881,-5.603526383995881,0
spsa,standard,211,424.0,-5.608928412719887,-5.608928412719887,0
spsa,standard,212,426.0,-5.611331879412351,-5.611331879412351,0
spsa,standard,213,428.0,-5.6068332697123004,-5.6068332697123004,0
spsa,standard,214,430.0,-5.6183614415226515,-5.6183614415226515,0
spsa,standard,215,432.0,-5.623958768797063,-5.623958768797063,0
spsa,standard,216,434.0,-5.628878747816467,-5.628878747816467,0
spsa,standard,217,436.0,-5.629244912101791,-5.629244912101791,0
spsa,standard,218,438.0,-5.626777039331737,-5.626777039331737,0
spsa,standard,219,440.0,-5.6231741533416475,-5.6231741533416475,0
spsa,standard,220,442.0,-5.631649691852804,-5.631649691852804,0
spsa,standard,221,444.0,-5.654219642032635,-5.654219642032635,0
spsa,standard,222,446.0,-5.63163463927793,-5.63163463927793,0
spsa,standard,223,448.0,-5.655888347265549,-5.655888347265549,0
spsa,standard,224,450.0,-5.654395678354019,-5.654395678354019,0
spsa,standard,225,452.0,-5.6577812178799505,-5.6577812178799505,0
spsa,standard,226,454.0,-5.660461670526834,-5.660461670526834,0
spsa,standard,227,456.0,-5.654243301658385,-5.654243301658385,0
spsa,standard,228,458.0,-5.662653489449804,-5.662653489449804,0
spsa,standard,229,460.0,-5.657269786640521,-5.657269786640521,0
spsa,standard,230,462.0,-5.650808626136663,-5.650808626136663,0
spsa,standard,231,464.0,-5.653975695838781,-5.653975695838781,0
spsa,standard,232,466.0,-5.666847780500866,-5.666847780500866,0
spsa,standard,233,468.0,-5.666680951269974,-5.666680951269974,0
spsa,standard,234,470.0,-5.659785857440729,-5.659785857440729,0
spsa,standard,235,472.0,-5.667428843228427,-5.667428843228427,0
spsa,standard,236,474.0,-5.673373316720602,-5.673373316720602,0
spsa,standard,237,476.0,-5.679222100117772,-5.679222100117772,0
spsa,standard,238,478.0,-5.662996629701701,-5.662996629701701,0
spsa,standard,239,480.0,-5.681560000250782,-5.681560000250782,0
spsa,standard,240,482.0,-5.682505637170438,-5.682505637170438,0
spsa,standard,241,484.0,-5.681197319770369,-5.681197319770369,0
spsa,standard,242,486.0,-5.684094110691992,-5.684094110691992,0
spsa,standard,243,488.0,-5.683323260357593,-5.683323260357593,0
spsa,standard,244,490.0,-5.6765981751210965,-5.6765981751210965,0
spsa,standard,245,492.0,-5.683725685215522,-5.683725685215522,0
spsa,standard,246,494.0,-5.692021221100552,-5.692021221100552,0
spsa,standard,247,496.0,-5.682534599624825,-5.682534599624825,0
spsa,standard,248,498.0,-5.685071967985143,-5.685071967985143,0
spsa,standard,249,500.0,-5.694074253937904,-5.694074253937904,0
spsa,standard,250,502.0,-5.698446711079923,-5.698446711079923,0
spsa,standard,251,504.0,-5.700961445118312,-5.700961445118312,0
spsa,standard,252,506.0,-5.688496438153657,-5.688496438153657,0
spsa,standard,253,508.0,-5.683472309666607,-5.683472309666607,0
spsa,standard,254,510.0,-5.708716342903033,-5.708716342903033,0
spsa,standard,255,512.0,-5.695659297794759,-5.695659297794759,0
spsa,standard,256,514.0,-5.702292506164085,-5.702292506164085,0
spsa,standard,257,516.0,-5.712687734026776,-5.712687734026776,0
spsa,standard,258,518.0,-5.7180691439654545,-5.7180691439654545,0
spsa,standard,259,520.0,-5.715752566007259,-5.715752566007259,0
spsa,standard,260,522.0,-5.712891339983004,-5.712891339983004,0
spsa,standard,261,524.0,-5.717109048064936,-5.717109048064936,0
spsa,standard,262,526.0,-5.7096424836858075,-5.7096424836858075,0
spsa,standard,263,528.0,-5.719865790112133,-5.719865790112133,0
spsa,standard,264,530.0,-5.716505813894422,-5.716505813894422,0
spsa,standard,265,532.0,-5.730212231205869,-5.730212231205869,0
spsa,standard,266,534.0,-5.727405465334179,-5.727405465334179,0
spsa,standard,267,536.0,-5.740525201878799,-5.740525201878799,0
spsa,standard,268,538.0,-5.7607617802749935,-5.7607617802749935,0
spsa,standard,269,540.0,-5.762636076960871,-5.762636076960871,0
spsa,standard,270,542.0,-5.762732428146613,-5.762732428146613,0
spsa,standard,271,544.0,-5.75659613411662,-5.75659613411662,0
spsa,standard,272,546.0,-5.7675392935620815,-5.7675392935620815,0
spsa,standard,273,548.0,-5.764121768516057,-5.764121768516057,0
spsa,standard,274,550.0,-5.782942987690458,-5.782942987690458,0
spsa,standard,275,552.0,-5.7853169956654265,-5.7853169956654265,0
spsa,standard,276,554.0,-5.7826555698795055,-5.7826555698795055,0
spsa,standard,277,556.0,-5.7853947781410255,-5.7853947781410255,0
spsa,standard,278,558.0,-5.7751524102836225,-5.7751524102836225,0
spsa,standard,279,560.0,-5.775115049313078,-5.775115049313078,0
spsa,standard,280,562.0,-5.780348821827532,-5.780348821827532,0
spsa,standard,281,564.0,-5.781059580429871,-5.781059580429871,0
spsa,standard,282,566.0,-5.782148259084386,-5.782148259084386,0
spsa,standard,283,568.0,-5.784446704384441,-5.784446704384441,0
spsa,standard,284,570.0,-5.796367406743125,-5.796367406743125,0
spsa,standard,285,572.0,-5.7885881842022915,-5.7885881842022915,0
spsa,standard,286,574.0,-5.797325927766875,-5.797325927766875,0
spsa,standard,287,576.0,-5.797054405231405,-5.797054405231405,0
spsa,standard,288,578.0,-5.7964355432458525,-5.7964355432458525,0
spsa,standard,289,580.0,-5.813323196750686,-5.813323196750686,0
spsa,standard,290,582.0,-5.809683464652969,-5.809683464652969,0
spsa,standard,291,584.0,-5.806704620336939,-5.806704620336939,0
spsa,standard,292,586.0,-5.802154978290066,-5.802154978290066,0
spsa,standard,293,588.0,-5.804153590635244,-5.804153590635244,0
spsa,standard,294,590.0,-5.811972814724822,-5.811972814724822,0
spsa,standard,295,592.0,-5.8124307664023664,-5.8124307664023664,0
spsa,standard,296,594.0,-5.821814951539548,-5.821814951539548,0
spsa,standard,297,596.0,-5.799770265625318,-5.799770265625318,0
spsa,standard,298,598.0,-5.808044172852165,-5.808044172852165,0
spsa,standard,299,600.0,-5.822991384752807,-5.822991384752807,0
spsa,standard,300,602.0,-5.820585467163818,-5.820585467163818,0
spsa,standard,301,604.0,-5.805096385666998,-5.805096385666998,0
spsa,standard,302,606.0,-5.8129971948220405,-5.8129971948220405,0
spsa,standard,303,608.0,-5.809365767723883,-5.809365767723883,0
spsa,standard,304,610.0,-5.825026670313686,-5.825026670313686,0
spsa,standard,305,612.0,-5.821922788101398,-5.821922788101398,0
spsa,standard,306,614.0,-5.827839172520299,-5.827839172520299,0
spsa,standard,307,616.0,-5.83813728912239,-5.83813728912239,0
spsa,standard,308,618.0,-5.849882520657073,-5.849882520657073,0
spsa,standard,309,620.0,-5.840013632807202,-5.840013632807202,0
spsa,standard,310,622.0,-5.843261930679809,-5.843261930679809,0
spsa,standard,311,624.0,-5.856269066479714,-5.856269066479714,0
spsa,standard,312,626.0,-5.8433748626062725,-5.8433748626062725,0
spsa,standard,313,628.0,-5.865261673861289,-5.865261673861289,0
spsa,standard,314,630.0,-5.854133860838227,-5.854133860838227,0
spsa,standard,315,632.0,-5.868891052026335,-5.868891052026335,0
spsa,standard,316,634.0,-5.876377173563045,-5.876377173563045,0
spsa,standard,317,636.0,-5.865116497764603,-5.865116497764603,0
spsa,standard,318,638.0,-5.879524495829994,-5.879524495829994,0
spsa,standard,319,640.0,-5.871918480869098,-5.871918480869098,0
spsa,standard,320,642.0,-5.892382417580816,-5.892382417580816,0
spsa,standard,321,644.0,-5.881866506442215,-5.881866506442215,0
spsa,standard,322,646.0,-5.894247288914455,-5.894247288914455,0
spsa,standard,323,648.0,-5.893747636593256,-5.893747636593256,0
spsa,standard,324,650.0,-5.868280823365055,-5.868280823365055,0
spsa,standard,325,652.0,-5.90246833507369,-5.90246833507369,0
spsa,standard,326,654.0,-5.897134524934167,-5.897134524934167,0
spsa,standard,327,656.0,-5.887333833649948,-5.887333833649948,0
spsa,standard,328,658.0,-5.9094818919490635,-5.9094818919490635,0
spsa,standard,329,660.0,-5.911848518423139,-5.911848518423139,0
spsa,standard,330,662.0,-5.91082179898476,-5.91082179898476,0
spsa,standard,331,664.0,-5.914653512359221,-5.914653512359221,0
spsa,standard,332,666.0,-5.913937073679543,-5.913937073679543,0
spsa,standard,333,668.0,-5.894959686764607,-5.894959686764607,0
spsa,standard,334,670.0,-5.922316831487468,-5.922316831487468,0
spsa,standard,335,672.0,-5.921666102738597,-5.921666102738597,0
spsa,standard,336,674.0,-5.927896989507132,-5.927896989507132,0
spsa,standard,337,676.0,-5.924919645920008,-5.924919645920008,0
spsa,standard,338,678.0,-5.935508650457585,-5.935508650457585,0
spsa,standard,339,680.0,-5.9207737261879005,-5.9207737261879005,0
spsa,standard,340,682.0,-5.925435550301273,-5.925435550301273,0
spsa,standard,341,684.0,-5.925300882252417,-5.925300882252417,0
spsa,standard,342,686.0,-5.92929506660707,-5.92929506660707,0
spsa,standard,343,688.0,-5.926269317408368,-5.926269317408368,0
spsa,standard,344,690.0,-5.947653386031318,-5.947653386031318,0
spsa,standard,345,692.0,-5.950415390186288,-5.950415390186288,0
spsa,standard,346,694.0,-5.944730025580814,-5.944730025580814,0
spsa,standard,347,696.0,-5.949200069640289,-5.949200069640289,0
spsa,standard,348,698.0,-5.946456906649455,-5.946456906649455,0
spsa,standard,349,700.0,-5.9297279589856675,-5.9297279589856675,0
spsa,standard,350,702.0,-5.952363388504619,-5.952363388504619,0
spsa,standard,351,704.0,-5.952767932702978,-5.952767932702978,0
spsa,standard,352,706.0,-5.944817493805601,-5.944817493805601,0
spsa,standard,353,708.0,-5.946748981786353,-5.946748981786353,0
spsa,standard,354,710.0,-5.93722771774783,-5.93722771774783,0
spsa,standard,355,712.0,-5.962429497679731,-5.962429497679731,0
spsa,standard,356,714.0,-5.954010380687317,-5.954010380687317,0
spsa,standard,357,716.0,-5.957784969565715,-5.957784969565715,0
spsa,standard,358,718.0,-5.953422803602152,-5.953422803602152,0
spsa,standard,359,720.0,-5.959408847531048,-5.959408847531048,0
spsa,standard,360,722.0,-5.945947843552027,-5.945947843552027,0
spsa,standard,361,724.0,-5.957067968666443,-5.957067968666443,0
spsa,standard,362,726.0,-5.959987421406298,-5.959987421406298,0
spsa,standard,363,728.0,-5.939890380958428,-5.939890380958428,0
spsa,standard,364,730.0,-5.9608317890692994,-5.9608317890692994,0
spsa,standard,365,732.0,-5.945607561130721,-5.945607561130721,0
spsa,standard,366,734.0,-5.954832973112667,-5.954832973112667,0
spsa,standard,367,736.0,-5.950433988756263,-5.950433988756263,0
spsa,standard,368,738.0,-5.963654332839315,-5.963654332839315,0
spsa,standard,369,740.0,-5.966231132836793,-5.966231132836793,0
spsa,standard,370,742.0,-5.975690074810238,-5.975690074810238,0
spsa,standard,371,744.0,-5.9682037076149435,-5.9682037076149435,0
spsa,standard,372,746.0,-5.972410142459982,-5.972410142459982,0
spsa,standard,373,748.0,-5.970396702168634,-5.970396702168634,0
spsa,standard,374,750.0,-5.973486807506001,-5.973486807506001,0
spsa,standard,375,752.0,-5.976230175523842,-5.976230175523842,0
spsa,standard,376,754.0,-5.971223665300353,-5.971223665300353,0
spsa,standard,377,756.0,-5.958465897163734,-5.958465897163734,0
spsa,standard,378,758.0,-5.980823473140786,-5.980823473140786,0
spsa,standard,379,760.0,-5.993141918109503,-5.993141918109503,0
spsa,standard,380,762.0,-5.9706054104002275,-5.9706054104002275,0
spsa,standard,381,764.0,-5.980409124743705,-5.980409124743705,0
spsa,standard,382,766.0,-5.973440987246601,-5.973440987246601,0
spsa,standard,383,768.0,-5.996906419113103,-5.996906419113103,0
spsa,standard,384,770.0,-5.98414083441218,-5.98414083441218,0
spsa,standard,385,772.0,-5.98727187374233,-5.98727187374233,0
spsa,standard,386,774.0,-5.9977788025304,-5.9977788025304,0
spsa,standard,387,776.0,-5.980386235086645,-5.980386235086645,0
spsa,standard,388,778.0,-6.005471712784368,-6.005471712784368,0
spsa,standard,389,780.0,-6.006546176637688,-6.006546176637688,0
spsa,standard,390,782.0,-5.995664737945816,-5.995664737945816,0
spsa,standard,391,784.0,-5.987618551532627,-5.987618551532627,0
spsa,standard,392,786.0,-6.0039572838127615,-6.0039572838127615,0
spsa,standard,393,788.0,-6.007314754935132,-6.007314754935132,0
spsa,standard,394,790.0,-5.991101902293693,-5.991101902293693,0
spsa,standard,395,792.0,-6.007868052686872,-6.007868052686872,0
spsa,standard,396,794.0,-6.014991864183985,-6.014991864183985,0
spsa,standard,397,796.0,-6.006947180902457,-6.006947180902457,0
spsa,standard,398,798.0,-6.011989981610082,-6.011989981610082,0
spsa,standard,399,800.0,-6.007121849067474,-6.007121849067474,0
spsa,standard,400,802.0,-6.016464961918036,-6.016464961918036,0
spsa,standard,401,804.0,-6.0190110185143055,-6.0190110185143055,0
spsa,standard,402,806.0,-6.019502006623632,-6.019502006623632,0
spsa,standard,403,808.0,-6.0183280145647675,-6.0183280145647675,0
spsa,standard,404,810.0,-6.028367483817003,-6.028367483817003,0
spsa,standard,405,812.0,-6.030420637754238,-6.030420637754238,0
spsa,standard,406,814.0,-6.0325538226932425,-6.0325538226932425,0
spsa,standard,407,816.0,-6.031221800259569,-6.031221800259569,0
spsa,standard,408,818.0,-6.044032623432939,-6.044032623432939,0
spsa,standard,409,820.0,-6.01819834660062,-6.01819834660062,0
spsa,standard,410,822.0,-6.043586717873673,-6.043586717873673,0
spsa,standard,411,824.0,-6.039779404073055,-6.039779404073055,0
spsa,standard,412,826.0,-6.039979802583732,-6.039979802583732,0
spsa,standard,413,828.0,-6.0475396822794245,-6.0475396822794245,0
spsa,standard,414,830.0,-6.044502241222618,-6.044502241222618,0
spsa,standard,415,832.0,-6.048571087516102,-6.048571087516102,0
spsa,standard,416,834.0,-6.03616509276061,-6.03616509276061,0
spsa,standard,417,836.0,-6.055833939773493,-6.055833939773493,0
spsa,standard,418,838.0,-6.0584515213788706,-6.0584515213788706,0
spsa,standard,419,840.0,-6.066143125746752,-6.066143125746752,0
spsa,standard,420,842.0,-6.036037184944737,-6.036037184944737,0
spsa,standard,421,844.0,-6.059501844734955,-6.059501844734955,0
spsa,standard,422,846.0,-6.067946483223388,-6.067946483223388,0
spsa,standard,423,848.0,-6.050241515869214,-6.050241515869214,0
spsa,standard,424,850.0,-6.0635906969007305,-6.0635906969007305,0
spsa,standard,425,852.0,-6.07023830641579,-6.07023830641579,0
spsa,standard,426,854.0,-6.07997256917485,-6.07997256917485,0
spsa,standard,427,856.0,-6.07226925069053,-6.07226925069053,0
spsa,standard,428,858.0,-6.067501232242789,-6.067501232242789,0
spsa,standard,429,860.0,-6.065141879977368,-6.065141879977368,0
spsa,standard,430,862.0,-6.066529112911303,-6.066529112911303,0
spsa,standard,431,864.0,-6.079054374225592,-6.079054374225592,0
spsa,standard,432,866.0,-6.0688316791753225,-6.0688316791753225,0
spsa,standard,433,868.0,-6.076411148194583,-6.076411148194583,0
spsa,standard,434,870.0,-6.076640011553095,-6.076640011553095,0
spsa,standard,435,872.0,-6.076339348517955,-6.076339348517955,0
spsa,standard,436,874.0,-6.089822522901871,-6.089822522901871,0
spsa,standard,437,876.0,-6.093159433904161,-6.093159433904161,0
spsa,standard,438,878.0,-6.095327805272257,-6.095327805272257,0
spsa,standard,439,880.0,-6.101626323000343,-6.101626323000343,0
spsa,standard,440,882.0,-6.114760277941828,-6.114760277941828,0
spsa,standard,441,884.0,-6.120621875842012,-6.120621875842012,0
spsa,standard,442,886.0,-6.119838998198315,-6.119838998198315,0
spsa,standard,443,888.0,-6.135298757364545,-6.135298757364545,0
spsa,standard,444,890.0,-6.121600245386304,-6.121600245386304,0
spsa,standard,445,892.0,-6.11731515690231,-6.11731515690231,0
spsa,standard,446,894.0,-6.126631286715012,-6.126631286715012,0
spsa,standard,447,896.0,-6.141177241452688,-6.141177241452688,0
spsa,standard,448,898.0,-6.1374584716696265,-6.1374584716696265,0
spsa,standard,449,900.0,-6.123420778005577,-6.123420778005577,0
spsa,standard,450,902.0,-6.13044642680722,-6.13044642680722,0
spsa,standard,451,904.0,-6.129282613269227,-6.129282613269227,0
spsa,standard,452,906.0,-6.134723435596786,-6.134723435596786,0
spsa,standard,453,908.0,-6.127149226851831,-6.127149226851831,0
spsa,standard,454,910.0,-6.12167317084133,-6.12167317084133,0
spsa,standard,455,912.0,-6.13846179623442,-6.13846179623442,0
spsa,standard,456,914.0,-6.132525378208655,-6.132525378208655,0
spsa,standard,457,916.0,-6.142363434318683,-6.142363434318683,0
spsa,standard,458,918.0,-6.130977261419366,-6.130977261419366,0
spsa,standard,459,920.0,-6.14146474351992,-6.14146474351992,0
spsa,standard,460,922.0,-6.142333554305226,-6.142333554305226,0
spsa,standard,461,924.0,-6.151535769833449,-6.151535769833449,0
spsa,standard,462,926.0,-6.156550870274754,-6.156550870274754,0
spsa,standard,463,928.0,-6.15529045332067,-6.15529045332067,0
spsa,standard,464,930.0,-6.158169090505586,-6.158169090505586,0
spsa,standard,465,932.0,-6.149596897588282,-6.149596897588282,0
spsa,standard,466,934.0,-6.162677994537994,-6.162677994537994,0
spsa,standard,467,936.0,-6.159315470983576,-6.159315470983576,0
spsa,standard,468,938.0,-6.169525877214188,-6.169525877214188,0
spsa,standard,469,940.0,-6.165501560314191,-6.165501560314191,0
spsa,standard,470,942.0,-6.1582989959243,-6.1582989959243,0
spsa,standard,471,944.0,-6.143396421488809,-6.143396421488809,0
spsa,standard,472,946.0,-6.161070171068602,-6.161070171068602,0
spsa,standard,473,948.0,-6.182937853013703,-6.182937853013703,0
spsa,standard,474,950.0,-6.168617043654327,-6.168617043654327,0
spsa,standard,475,952.0,-6.173863662127813,-6.173863662127813,0
spsa,standard,476,954.0,-6.170713740882343,-6.170713740882343,0
spsa,standard,477,956.0,-6.175538236152105,-6.175538236152105,0
spsa,standard,478,958.0,-6.199504465335849,-6.199504465335849,0
spsa,standard,479,960.0,-6.195267976627159,-6.195267976627159,0
spsa,standard,480,962.0,-6.195311661497522,-6.195311661497522,0
spsa,standard,481,964.0,-6.204379117610566,-6.204379117610566,0
spsa,standard,482,966.0,-6.20137450651537,-6.20137450651537,0
spsa,standard,483,968.0,-6.193858075814065,-6.193858075814065,0
spsa,standard,484,970.0,-6.212548548550335,-6.212548548550335,0
spsa,standard,485,972.0,-6.202414746687499,-6.202414746687499,0
spsa,standard,486,974.0,-6.203078281546441,-6.203078281546441,0
spsa,standard,487,976.0,-6.202142539867706,-6.202142539867706,0
spsa,standard,488,978.0,-6.195461784612128,-6.195461784612128,0
spsa,standard,489,980.0,-6.215784677741825,-6.215784677741825,0
spsa,standard,490,982.0,-6.227091836703373,-6.227091836703373,0
spsa,standard,491,984.0,-6.216356446469874,-6.216356446469874,0
spsa,standard,492,986.0,-6.2422863765256515,-6.2422863765256515,0
spsa,standard,493,988.0,-6.2142922403481755,-6.2142922403481755,0
spsa,standard,494,990.0,-6.205447882964388,-6.205447882964388,0
spsa,standard,495,992.0,-6.213958811544097,-6.213958811544097,0
spsa,standard,496,994.0,-6.229262561030906,-6.229262561030906,0
spsa,standard,497,996.0,-6.239509963909823,-6.239509963909823,0
spsa,standard,498,998.0,-6.227032525673848,-6.227032525673848,0
spsa,standard,499,1000.0,-6.225476405658904,-6.225476405658904,0
spsa,local_global,0,2.0,0.4920242777137782,-4.07866668902093,0
spsa,local_global,1,4.0,0.4874937649389365,-4.155414171614735,0
spsa,local_global,2,6.0,0.4812828947916501,-4.152783882085927,0
spsa,local_global,3,8.0,0.48012103921545185,-4.163063224382256,0
spsa,local_global,4,10.0,0.48079317488163525,-4.163180008329976,0
spsa,local_global,5,12.0,0.4795296610205143,-4.1619638086680775,0
spsa,local_global,6,14.0,0.4779265581403365,-4.1629154853900046,0
spsa,local_global,7,16.0,0.4773371515005481,-4.163060743213863,0
spsa,local_global,8,18.0,0.47820535160974065,-4.163201137221742,0
spsa,local_global,9,20.0,0.4787221919486545,-4.159608357170099,0
spsa,local_global,10,22.0,0.47714813604285583,-4.156087552109749,0
spsa,local_global,11,24.0,0.47674392129950316,-4.1556944873348804,0
spsa,local_global,12,26.0,0.47543382080696306,-4.172255235697588,0
spsa,local_global,13,28.0,0.4748702209727544,-4.172263900191742,0
spsa,local_global,14,30.0,0.4735412170513449,-4.175881218984688,0
spsa,local_global,15,32.0,0.47413070878354713,-4.177860813357291,0
spsa,local_global,16,34.0,0.47252816296649325,-4.176280839807764,0
spsa,local_global,17,36.0,0.47247498712992786,-4.176622384978835,0
spsa,local_global,18,38.0,0.47360726999124636,-4.176989789671449,0
spsa,local_global,19,40.0,0.47273114673222133,-4.181565843955367,0
spsa,local_global,20,42.0,0.4730568878949538,-4.1821482794231475,0
spsa,local_global,21,44.0,0.47269405150768107,-4.184621734131743,0
spsa,local_global,22,46.0,0.47277432654334717,-4.188407575263155,0
spsa,local_global,23,48.0,0.47149039733810383,-4.1855991136257265,0
spsa,local_global,24,50.0,0.46990218107813564,-4.1806846111434,0
spsa,local_global,25,52.0,0.46938793464467543,-4.179387502599998,0
spsa,local_global,26,54.0,0.4686463903513165,-4.184118453573355,0
spsa,local_global,27,56.0,0.46950721188987504,-4.183568225407863,0
spsa,local_global,28,58.0,0.4699765057315368,-4.183453890032981,0
spsa,local_global,29,60.0,0.46828749144079285,-4.18603770742722,0
spsa,local_global,30,62.0,0.4683870021881666,-4.186432585382735,0
spsa,local_global,31,64.0,0.4688260634902407,-4.193825221282444,0
spsa,local_global,32,66.0,0.4676540366484422,-4.1930151616885505,0
spsa,local_global,33,68.0,0.4678192647159154,-4.193100158082089,0
spsa,local_global,34,70.0,0.46736226390023283,-4.193108538465243,0
spsa,local_global,35,72.0,0.4669360511177416,-4.19644006614584,0
spsa,local_global,36,74.0,0.46688763219487717,-4.199231360339921,0
spsa,local_global,37,76.0,0.4674689388021884,-4.20382993477653,0
spsa,local_global,38,78.0,0.46751864224437456,-4.204337120504959,0
spsa,local_global,39,80.0,0.4675425650594207,-4.205684083504665,0
spsa,local_global,40,82.0,0.466091511867495,-4.2122238204617375,0
spsa,local_global,41,84.0,0.4659143877637527,-4.212619595904848,0
spsa,local_global,42,86.0,0.4652567794541153,-4.21266003816469,0
spsa,local_global,43,88.0,0.4652389824346048,-4.212723382119766,0
spsa,local_global,44,90.0,0.4667731884195145,-4.212666913776643,0
spsa,local_global,45,92.0,0.46552029782653925,-4.210701280930412,0
spsa,local_global,46,94.0,0.4664831322142498,-4.21137521966667,0
spsa,local_global,47,96.0,0.46566233200308516,-4.211907325480199,0
spsa,local_global,48,98.0,0.4657522738013896,-4.211866749473337,0
spsa,local_global,49,100.0,0.46437601115293936,-4.215916782343485,0
spsa,local_global,50,102.0,0.46448279378675117,-4.215873887825813,0
spsa,local_global,51,104.0,0.4640764871293833,-4.219328202249075,0
spsa,local_global,52,106.0,0.46295760701471156,-4.224611605449406,0
spsa,local_global,53,108.0,0.4627613668874532,-4.23177493766696,0
spsa,local_global,54,110.0,0.46332080366024997,-4.235770470968751,0
spsa,local_global,55,112.0,0.46208207024841486,-4.236580009147524,0
spsa,local_global,56,114.0,0.46193833418983254,-4.2408965565145165,0
spsa,local_global,57,116.0,0.46153241600141337,-4.2495495587229835,0
spsa,local_global,58,118.0,0.4594147433232828,-4.252799666753823,0
spsa,local_global,59,120.0,0.459485889042074,-4.253391029026942,0
spsa,local_global,60,122.0,0.45870309798202274,-4.254705271333421,0
spsa,local_global,61,124.0,0.45837967678082364,-4.25337096002103,0
spsa,local_global,62,126.0,0.45888846982003023,-4.253396139447003,0
spsa,local_global,63,128.0,0.45886397412285806,-4.253390965029805,0
spsa,local_global,64,130.0,0.45969991839881785,-4.254244071101078,0
spsa,local_global,65,132.0,-4.237217238374226,-4.2731202196469695,1
spsa,local_global,66,134.0,-4.245057050261995,-4.297470446971625,0
spsa,local_global,67,136.0,-4.280413369832159,-4.342561098690126,0
spsa,local_global,68,138.0,-4.325874651408216,-4.367263024265725,0
spsa,local_global,69,140.0,-4.353211221721206,-4.368518951298672,0
spsa,local_global,70,142.0,-4.359668936558723,-4.3798183590848385,0
spsa,local_global,71,144.0,-4.369285432412361,-4.4052817595724845,0
spsa,local_global,72,146.0,-4.391068698384069,-4.405468987435576,0
spsa,local_global,73,148.0,-4.400094044115175,-4.414179118889358,0
spsa,local_global,74,150.0,-4.389949649074797,-4.416018816488641,0
spsa,local_global,75,152.0,-4.4131544524303346,-4.435504493005107,0
spsa,local_global,76,154.0,-4.41477409455482,-4.463469159561755,0
spsa,local_global,77,156.0,-4.436929864894243,-4.46611468975797,0
spsa,local_global,78,158.0,-4.45176992564019,-4.473345262310358,0
spsa,local_global,79,160.0,-4.4530554105612055,-4.47757268393365,0
spsa,local_global,80,162.0,-4.4481762608654005,-4.479714449960563,0
spsa,local_global,81,164.0,-4.462742125264401,-4.48159111650549,0
spsa,local_global,82,166.0,-4.446391762137546,-4.488548888402956,0
spsa,local_global,83,168.0,-4.4682014156297285,-4.496975716323831,0
spsa,local_global,84,170.0,-4.4808897277971145,-4.497129471232242,0
spsa,local_global,85,172.0,-4.467434886091818,-4.499136103400208,0
spsa,local_global,86,174.0,-4.488445647975221,-4.508998767064668,0
spsa,local_global,87,176.0,-4.495033653295392,-4.509215704577251,0
spsa,local_global,88,178.0,-4.487073980421629,-4.510269708376063,0
spsa,local_global,89,180.0,-4.496430078408764,-4.532853488041858,0
spsa,local_global,90,182.0,-4.516224936852762,-4.5398105737623995,0
spsa,local_global,91,184.0,-4.517908666246509,-4.550408158574334,0
spsa,local_global,92,186.0,-4.534231837602845,-4.5506081674415215,0
spsa,local_global,93,188.0,-4.521388082170596,-4.552389561067586,0
spsa,local_global,94,190.0,-4.519942508478513,-4.5557080756928325,0
spsa,local_global,95,192.0,-4.5278785504665695,-4.555775176565731,0
spsa,local_global,96,194.0,-4.528805979820325,-4.560484143194184,0
spsa,local_global,97,196.0,-4.5324603103540735,-4.562869961116205,0
spsa,local_global,98,198.0,-4.534861815966037,-4.624780368396548,0
spsa,local_global,99,200.0,-4.60131035080129,-4.6430518644839385,0
spsa,local_global,100,202.0,-4.612886375723368,-4.644883776610635,0
spsa,local_global,101,204.0,-4.6158114726191055,-4.644890561478068,0
spsa,local_global,102,206.0,-4.614912510266665,-4.702852670819211,0
spsa,local_global,103,208.0,-4.678498570898498,-4.718569452019677,0
spsa,local_global,104,210.0,-4.686969577795484,-4.75618034378941,0
spsa,local_global,105,212.0,-4.722774993261533,-4.757389555426758,0
spsa,local_global,106,214.0,-4.7331013160769535,-4.7589202718056915,0
spsa,local_global,107,216.0,-4.728466430361339,-4.7716327376727286,0
spsa,local_global,108,218.0,-4.740258740802737,-4.816011268504089,0
spsa,local_global,109,220.0,-4.790763357728035,-4.81780039921044,0
spsa,local_global,110,222.0,-4.7882766425799055,-4.81839699365935,0
spsa,local_global,111,224.0,-4.784280260458315,-4.820246894320379,0
spsa,local_global,112,226.0,-4.776013942422747,-4.820277938284136,0
spsa,local_global,113,228.0,-4.78506167824157,-4.828779066195884,0
spsa,local_global,114,230.0,-4.799400361235494,-4.888019449101117,0
spsa,local_global,115,232.0,-4.844906108811531,-4.888929174635737,0
spsa,local_global,116,234.0,-4.855000670004476,-4.89139729750584,0
spsa,local_global,117,236.0,-4.8599441661776925,-4.8992970682844055,0
spsa,local_global,118,238.0,-4.871977625368028,-4.9691792907299455,0
spsa,local_global,119,240.0,-4.9386148448368274,-5.005262607240652,0
spsa,local_global,120,242.0,-4.957229658307185,-5.016588834952369,0
spsa,local_global,121,244.0,-4.974808433165469,-5.047560689640167,0
spsa,local_global,122,246.0,-5.016306370882644,-5.051279213469003,0
spsa,local_global,123,248.0,-5.007030972365007,-5.07296178048159,0
spsa,local_global,124,250.0,-5.042686249247064,-5.084750156142099,0
spsa,local_global,125,252.0,-5.048071386623043,-5.090256938733994,0
spsa,local_global,126,254.0,-5.06362708454568,-5.099710029441435,0
spsa,local_global,127,256.0,-5.070187456408599,-5.100495250490782,0
spsa,local_global,128,258.0,-5.074238916845646,-5.118567150190723,0
spsa,local_global,129,260.0,-5.080287043378281,-5.135323693081125,0
spsa,local_global,130,262.0,-5.093661358015819,-5.13672540048625,0
spsa,local_global,131,264.0,-5.0860460171142,-5.138480253989257,0
spsa,local_global,132,266.0,-5.105517409425642,-5.142707656245157,0
spsa,local_global,133,268.0,-5.090939250010656,-5.146032425919998,0
spsa,local_global,134,270.0,-5.101050752368329,-5.147685554584806,0
spsa,local_global,135,272.0,-5.093691418604706,-5.150841038849162,0
spsa,local_global,136,274.0,-5.100097686536557,-5.174895274279765,0
spsa,local_global,137,276.0,-5.1284390030706835,-5.209357156883137,0
spsa,local_global,138,278.0,-5.180633769734694,-5.22124660990471,0
spsa,local_global,139,280.0,-5.1705001174320575,-5.23870213569976,0
spsa,local_global,140,282.0,-5.1921437279051705,-5.2502416319010905,0
spsa,local_global,141,284.0,-5.214738373170018,-5.262238110953849,0
spsa,local_global,142,286.0,-5.216891639364681,-5.263683947327154,0
spsa,local_global,143,288.0,-5.209146511526714,-5.263762187675099,0
spsa,local_global,144,290.0,-5.216414253428569,-5.2641513164370135,0
spsa,local_global,145,292.0,-5.229575706332711,-5.280208129743771,0
spsa,local_global,146,294.0,-5.2321939006719544,-5.285822283917051,0
spsa,local_global,147,296.0,-5.2557578679525045,-5.290980395625525,0
spsa,local_global,148,298.0,-5.243926252399605,-5.29102616573837,0
spsa,local_global,149,300.0,-5.239214606534896,-5.2911913574345,0
spsa,local_global,150,302.0,-5.242518354994416,-5.295942623798933,0
spsa,local_global,151,304.0,-5.249969185470871,-5.309907281435055,0
spsa,local_global,152,306.0,-5.265116118122874,-5.326245340012957,0
spsa,local_global,153,308.0,-5.264604403868411,-5.3289232272256655,0
spsa,local_global,154,310.0,-5.289180115377177,-5.330536059616287,0
spsa,local_global,155,312.0,-5.276323904414108,-5.34712448350791,0
spsa,local_global,156,314.0,-5.28566617501083,-5.350019528442361,0
spsa,local_global,157,316.0,-5.3047774039375994,-5.354371326557147,0
spsa,local_global,158,318.0,-5.2993412065911,-5.362328791091895,0
spsa,local_global,159,320.0,-5.309360097971279,-5.362477998417631,0
spsa,local_global,160,322.0,-5.320051044842216,-5.368689727997297,0
spsa,local_global,161,324.0,-5.327626805539927,-5.376633237601746,0
spsa,local_global,162,326.0,-5.338252166496607,-5.37676295594265,0
spsa,local_global,163,328.0,-5.325602117142261,-5.378240123239516,0
spsa,local_global,164,330.0,-5.318743499535168,-5.3875013120508966,0
spsa,local_global,165,332.0,-5.344962840936166,-5.388404139909916,0
spsa,local_global,166,334.0,-5.3272415794148955,-5.388848383146954,0
spsa,local_global,167,336.0,-5.33138972802266,-5.3927283102836325,0
spsa,local_global,168,338.0,-5.33885564134739,-5.4066584548529155,0
spsa,local_global,169,340.0,-5.345432585097363,-5.414408619759054,0
spsa,local_global,170,342.0,-5.361007287797797,-5.417663620975947,0
spsa,local_global,171,344.0,-5.364741714874448,-5.419906812625488,0
spsa,local_global,172,346.0,-5.3784267326591255,-5.42507663415468,0
spsa,local_global,173,348.0,-5.370237504098243,-5.434944060559322,0
spsa,local_global,174,350.0,-5.378784789796971,-5.440078477729775,0
spsa,local_global,175,352.0,-5.375645060837586,-5.440099678966809,0
spsa,local_global,176,354.0,-5.395819222014746,-5.440341941727687,0
spsa,local_global,177,356.0,-5.384480818159205,-5.440644891499535,0
spsa,local_global,178,358.0,-5.378183041791457,-5.446214162465401,0
spsa,local_global,179,360.0,-5.389706582696367,-5.44641006195461,0
spsa,local_global,180,362.0,-5.408984979055397,-5.456154233583268,0
spsa,local_global,181,364.0,-5.407171977824344,-5.465686490939001,0
spsa,local_global,182,366.0,-5.410818710259967,-5.488680084157109,0
spsa,local_global,183,368.0,-5.430429216817576,-5.503464943810759,0
spsa,local_global,184,370.0,-5.44408759655488,-5.50368841773749,0
spsa,local_global,185,372.0,-5.458680612326203,-5.504679065002201,0
spsa,local_global,186,374.0,-5.453694548869224,-5.508328987790135,0
spsa,local_global,187,376.0,-5.46694171820759,-5.509617222413986,0
spsa,local_global,188,378.0,-5.455009912771804,-5.509725259726691,0
spsa,local_global,189,380.0,-5.46786820315763,-5.511232102171743,0
spsa,local_global,190,382.0,-5.451191600236612,-5.511962324960713,0
spsa,local_global,191,384.0,-5.481872004324745,-5.531302444263092,0
spsa,local_global,192,386.0,-5.477679113316491,-5.531369336636646,0
spsa,local_global,193,388.0,-5.471957194123075,-5.5364400303836705,0
spsa,local_global,194,390.0,-5.483767643079273,-5.536442038070358,0
spsa,local_global,195,392.0,-5.477730098537203,-5.537301064844902,0
spsa,local_global,196,394.0,-5.4889098860741665,-5.537755359851644,0
spsa,local_global,197,396.0,-5.472954218109514,-5.54685507093737,0
spsa,local_global,198,398.0,-5.485251266445698,-5.547447324505754,0
spsa,local_global,199,400.0,-5.5035726122014985,-5.566487751307716,0
spsa,local_global,200,402.0,-5.5138560420348455,-5.576847013123935,0
spsa,local_global,201,404.0,-5.5166538097781554,-5.580303558979014,0
spsa,local_global,202,406.0,-5.528624649356324,-5.586839952205773,0
spsa,local_global,203,408.0,-5.527727871431807,-5.587075937861508,0
spsa,local_global,204,410.0,-5.529038972796352,-5.588491291947741,0
spsa,local_global,205,412.0,-5.548935248660481,-5.58852750492237,0
spsa,local_global,206,414.0,-5.539344969673115,-5.590441084676156,0
spsa,local_global,207,416.0,-5.5258319671958525,-5.595281935626777,0
spsa,local_global,208,418.0,-5.534053413520131,-5.595541136846192,0
spsa,local_global,209,420.0,-5.554110389411142,-5.5957467370366585,0
spsa,local_global,210,422.0,-5.5457928605436635,-5.610496542525114,0
spsa,local_global,211,424.0,-5.553800854382794,-5.611447977948892,0
spsa,local_global,212,426.0,-5.561222587780493,-5.613705406212058,0
spsa,local_global,213,428.0,-5.550983309202266,-5.613882923840304,0
spsa,local_global,214,430.0,-5.562587292496915,-5.614464580061015,0
spsa,local_global,215,432.0,-5.553887904095902,-5.618796151452962,0
spsa,local_global,216,434.0,-5.564127479271557,-5.621293861025178,0
spsa,local_global,217,436.0,-5.547899012077936,-5.621238610611178,0
spsa,local_global,218,438.0,-5.57243149426227,-5.6399053729839075,0
spsa,local_global,219,440.0,-5.576816030067498,-5.642198841483044,0
spsa,local_global,220,442.0,-5.579465400482245,-5.642689723146475,0
spsa,local_global,221,444.0,-5.59426593426071,-5.644359830317889,0
spsa,local_global,222,446.0,-5.590502815401688,-5.6444549064566765,0
spsa,local_global,223,448.0,-5.592851642685387,-5.6445667636578225,0
spsa,local_global,224,450.0,-5.587399941759944,-5.652420012653597,0
spsa,local_global,225,452.0,-5.585229628250175,-5.6534315492473155,0
spsa,local_global,226,454.0,-5.591028678818082,-5.653555373631016,0
spsa,local_global,227,456.0,-5.5827496385957325,-5.65487053409593,0
spsa,local_global,228,458.0,-5.6132870193880855,-5.659256375055031,0
spsa,local_global,229,460.0,-5.584874679358428,-5.659256665806836,0
spsa,local_global,230,462.0,-5.605855817868572,-5.659574690730214,0
spsa,local_global,231,464.0,-5.606877463886837,-5.660780480089462,0
spsa,local_global,232,466.0,-5.605998892720398,-5.66092377876961,0
spsa,local_global,233,468.0,-5.607910860613569,-5.666255105943119,0
spsa,local_global,234,470.0,-5.608375870176632,-5.666447937753901,0
spsa,local_global,235,472.0,-5.605486268567342,-5.667190819775149,0
spsa,local_global,236,474.0,-5.601110569854968,-5.6676941622405215,0
spsa,local_global,237,476.0,-5.617522803707676,-5.6748734042901186,0
spsa,local_global,238,478.0,-5.612277693794686,-5.675612446177154,0
spsa,local_global,239,480.0,-5.606341948610265,-5.676298701544973,0
spsa,local_global,240,482.0,-5.604985902028013,-5.676919489396806,0
spsa,local_global,241,484.0,-5.625693820642267,-5.677594082632529,0
spsa,local_global,242,486.0,-5.626120545245935,-5.678877820563058,0
spsa,local_global,243,488.0,-5.6273184388184045,-5.686342227254857,0
spsa,local_global,244,490.0,-5.6335898467599765,-5.686474115978055,0
spsa,local_global,245,492.0,-5.624558915532473,-5.6961903378640075,0
spsa,local_global,246,494.0,-5.63495836865592,-5.69698964426937,0
spsa,local_global,247,496.0,-5.6320816291995754,-5.705882192277272,0
spsa,local_global,248,498.0,-5.636733160152021,-5.708182314140222,0
spsa,local_global,249,500.0,-5.64588741443349,-5.708838159953477,0
spsa,local_global,250,502.0,-5.639534324572615,-5.7115011681525525,0
spsa,local_global,251,504.0,-5.652017159161759,-5.71177854745584,0
spsa,local_global,252,506.0,-5.636443144516987,-5.711968393668957,0
spsa,local_global,253,508.0,-5.6576220086909865,-5.727450385630356,0
spsa,local_global,254,510.0,-5.6558424548091875,-5.727517371036562,0
spsa,local_global,255,512.0,-5.6478830901568005,-5.728787792097144,0
spsa,local_global,256,514.0,-5.661023308818695,-5.73327620135342,0
spsa,local_global,257,516.0,-5.673658378081882,-5.73402630950038,0
spsa,local_global,258,518.0,-5.6725720560680495,-5.741185273059598,0
spsa,local_global,259,520.0,-5.679880076340976,-5.741295861257781,0
spsa,local_global,260,522.0,-5.680404249774432,-5.7414099001036885,0
spsa,local_global,261,524.0,-5.682933743102305,-5.746263250255524,0
spsa,local_global,262,526.0,-5.6939952715847,-5.754641254594335,0
spsa,local_global,263,528.0,-5.690575394626263,-5.754998368354828,0
spsa,local_global,264,530.0,-5.706635349071956,-5.7620301075372105,0
spsa,local_global,265,532.0,-5.690608045615441,-5.762524732918,0
spsa,local_global,266,534.0,-5.706711590244701,-5.76700507948828,0
spsa,local_global,267,536.0,-5.71893605434988,-5.7769302753972,0
spsa,local_global,268,538.0,-5.725567569314942,-5.777135860475277,0
spsa,local_global,269,540.0,-5.711146460454255,-5.7802970408578185,0
spsa,local_global,270,542.0,-5.697980863336696,-5.780718154355783,0
spsa,local_global,271,544.0,-5.724694702914863,-5.793964557063413,0
spsa,local_global,272,546.0,-5.729566857878115,-5.794155438631318,0
spsa,local_global,273,548.0,-5.737657799219372,-5.794766880301392,0
spsa,local_global,274,550.0,-5.720898366329296,-5.794769818436934,0
spsa,local_global,275,552.0,-5.727292500143693,-5.7976778897157715,0
spsa,local_global,276,554.0,-5.744312157165533,-5.800494726176673,0
spsa,local_global,277,556.0,-5.747191921956611,-5.800939580361907,0
spsa,local_global,278,558.0,-5.745766576415367,-5.801452762954262,0
spsa,local_global,279,560.0,-5.744057521393771,-5.8141363327553695,0
spsa,local_global,280,562.0,-5.734877369851448,-5.815419529687683,0
spsa,local_global,281,564.0,-5.742874240714039,-5.817953851506218,0
spsa,local_global,282,566.0,-5.76627399324121,-5.819323692966097,0
spsa,local_global,283,568.0,-5.75068014856757,-5.834659285618882,0
spsa,local_global,284,570.0,-5.766988177624268,-5.834740282293945,0
spsa,local_global,285,572.0,-5.761711397429206,-5.83673404907232,0
spsa,local_global,286,574.0,-5.770611260676516,-5.836861904884445,0
spsa,local_global,287,576.0,-5.7732737555576,-5.8392366664566655,0
spsa,local_global,288,578.0,-5.780510552266687,-5.83927536395887,0
spsa,local_global,289,580.0,-5.760594039490885,-5.839257376786635,0
spsa,local_global,290,582.0,-5.7590256475048545,-5.847182617681705,0
spsa,local_global,291,584.0,-5.77822254848766,-5.847182157200583,0
spsa,local_global,292,586.0,-5.7859984240818445,-5.847174601248819,0
spsa,local_global,293,588.0,-5.76892732106959,-5.851033758094823,0
spsa,local_global,294,590.0,-5.775622532873284,-5.853307128219444,0
spsa,local_global,295,592.0,-5.787080334782854,-5.853332043379497,0
spsa,local_global,296,594.0,-5.789456981696621,-5.853992387916878,0
spsa,local_global,297,596.0,-5.811067927110868,-5.85398691630864,0
spsa,local_global,298,598.0,-5.795343464150337,-5.867780919011591,0
spsa,local_global,299,600.0,-5.807461674550637,-5.872597659185546,0
spsa,local_global,300,602.0,-5.808951230634382,-5.876718167950216,0
spsa,local_global,301,604.0,-5.815120541636265,-5.888854528537955,0
spsa,local_global,302,606.0,-5.822889022590543,-5.892137111384866,0
spsa,local_global,303,608.0,-5.797143680253659,-5.89226488739827,0
spsa,local_global,304,610.0,-5.817071089861992,-5.894576501359937,0
spsa,local_global,305,612.0,-5.832589624832998,-5.902517770053111,0
spsa,local_global,306,614.0,-5.830991318194787,-5.905215706370314,0
spsa,local_global,307,616.0,-5.837107889810424,-5.909687258597966,0
spsa,local_global,308,618.0,-5.845528954971893,-5.9104087893934105,0
spsa,local_global,309,620.0,-5.839220130428477,-5.91087357768204,0
spsa,local_global,310,622.0,-5.846268514433078,-5.9113664162383905,0
spsa,local_global,311,624.0,-5.851111037161472,-5.9137893335058225,0
spsa,local_global,312,626.0,-5.852921960807711,-5.913935138568353,0
spsa,local_global,313,628.0,-5.846216052202983,-5.915646064597567,0
spsa,local_global,314,630.0,-5.85376705377116,-5.9156487720270725,0
spsa,local_global,315,632.0,-5.825108587125093,-5.916240531035096,0
spsa,local_global,316,634.0,-5.853767944794811,-5.9163570503653995,0
spsa,local_global,317,636.0,-5.854595840431758,-5.921837224123368,0
spsa,local_global,318,638.0,-5.850015246984892,-5.922782688282131,0
spsa,local_global,319,640.0,-5.863122027873057,-5.924261284945116,0
spsa,local_global,320,642.0,-5.851285645458133,-5.924300901670363,0
spsa,local_global,321,644.0,-5.860189817041683,-5.930947572442937,0
spsa,local_global,322,646.0,-5.835856347373564,-5.930989368397351,0
spsa,local_global,323,648.0,-5.864436710012729,-5.93382198789048,0
spsa,local_global,324,650.0,-5.859820658329365,-5.9377053213717454,0
spsa,local_global,325,652.0,-5.85909269663755,-5.939752955297938,0
spsa,local_global,326,654.0,-5.869939867772209,-5.941031782689271,0
spsa,local_global,327,656.0,-5.88106511790463,-5.941165083072664,0
spsa,local_global,328,658.0,-5.87339280395768,-5.944303347291797,0
spsa,local_global,329,660.0,-5.857565601198326,-5.944988891414531,0
spsa,local_global,330,662.0,-5.879155393971024,-5.94525063002185,0
spsa,local_global,331,664.0,-5.86619486046261,-5.945556689096178,0
spsa,local_global,332,666.0,-5.892843842716553,-5.951575130257968,0
spsa,local_global,333,668.0,-5.876790861848686,-5.955253293751823,0
spsa,local_global,334,670.0,-5.881889272732074,-5.959587107115573,0
spsa,local_global,335,672.0,-5.888116449008507,-5.964352849103462,0
spsa,local_global,336,674.0,-5.898224071759205,-5.977864567341378,0
spsa,local_global,337,676.0,-5.897641602812739,-5.983663967111402,0
spsa,local_global,338,678.0,-5.904929200221422,-5.986340760119947,0
spsa,local_global,339,680.0,-5.916490315635264,-5.990915343769195,0
spsa,local_global,340,682.0,-5.926747261876511,-5.992133226657793,0
spsa,local_global,341,684.0,-5.9254172002174865,-5.997691474032876,0
spsa,local_global,342,686.0,-5.926594578203753,-5.999239403623442,0
spsa,local_global,343,688.0,-5.917681571902316,-5.999671696014195,0
spsa,local_global,344,690.0,-5.933619933740282,-6.022190126333024,0
spsa,local_global,345,692.0,-5.951060837307494,-6.030755417944024,0
spsa,local_global,346,694.0,-5.957700658001278,-6.038373537081054,0
spsa,local_global,347,696.0,-5.957091450182231,-6.049956916565369,0
spsa,local_global,348,698.0,-5.99067487778197,-6.050086154880742,0
spsa,local_global,349,700.0,-5.971293952810864,-6.050087626545777,0
spsa,local_global,350,702.0,-5.964180216242216,-6.050251571637963,0
spsa,local_global,351,704.0,-5.968818869082714,-6.052970777810531,0
spsa,local_global,352,706.0,-5.9868488109759745,-6.053843775399665,0
spsa,local_global,353,708.0,-5.964092632261799,-6.054347187401996,0
spsa,local_global,354,710.0,-5.988804047260475,-6.054661643872661,0
spsa,local_global,355,712.0,-5.981032513378241,-6.066662094552738,0
spsa,local_global,356,714.0,-5.968966336207355,-6.075014122461957,0
spsa,local_global,357,716.0,-5.995160029170117,-6.080687473271129,0
spsa,local_global,358,718.0,-6.0059949763539535,-6.082641917539491,0
spsa,local_global,359,720.0,-5.983694838734183,-6.083906294483329,0
spsa,local_global,360,722.0,-6.016912179856437,-6.086254917963826,0
spsa,local_global,361,724.0,-6.0007600921187425,-6.098954093828667,0
spsa,local_global,362,726.0,-6.019568039479199,-6.099890838961017,0
spsa,local_global,363,728.0,-6.027052109669077,-6.105500451590363,0
spsa,local_global,364,730.0,-6.01127151539804,-6.105553947730715,0
spsa,local_global,365,732.0,-6.036483794523756,-6.105627638814056,0
spsa,local_global,366,734.0,-6.0381198198255515,-6.1120035449276005,0
spsa,local_global,367,736.0,-6.056090143777951,-6.1219714227694615,0
spsa,local_global,368,738.0,-6.053732953801793,-6.124602252578897,0
spsa,local_global,369,740.0,-6.0453840586615275,-6.124625202713524,0
spsa,local_global,370,742.0,-6.041101794822062,-6.127731825337839,0
spsa,local_global,371,744.0,-6.058311523541804,-6.127729828571787,0
spsa,local_global,372,746.0,-6.060386976438147,-6.138216119103125,0
spsa,local_global,373,748.0,-6.054448169010831,-6.1399766465136505,0
spsa,local_global,374,750.0,-6.071742956276605,-6.140048247701226,0
spsa,local_global,375,752.0,-6.083883770604575,-6.142281313153527,0
spsa,local_global,376,754.0,-6.057181236033827,-6.142321583122661,0
spsa,local_global,377,756.0,-6.080325046336491,-6.150327047258844,0
spsa,local_global,378,758.0,-6.06500725085775,-6.151087034924747,0
spsa,local_global,379,760.0,-6.080690045895105,-6.156848802620007,0
spsa,local_global,380,762.0,-6.076972303520746,-6.159880796958816,0
spsa,local_global,381,764.0,-6.096288415419078,-6.162340177268149,0
spsa,local_global,382,766.0,-6.082480557330143,-6.1623533185162485,0
spsa,local_global,383,768.0,-6.077404833654477,-6.164215913439493,0
spsa,local_global,384,770.0,-6.088785460994419,-6.16462267664934,0
spsa,local_global,385,772.0,-6.075293843955067,-6.165948342586592,0
spsa,local_global,386,774.0,-6.086803783278306,-6.169166375982008,0
spsa,local_global,387,776.0,-6.078054782120894,-6.1771243289589854,0
spsa,local_global,388,778.0,-6.102174470244565,-6.179977193583593,0
spsa,local_global,389,780.0,-6.110382150074717,-6.182026983207442,0
spsa,local_global,390,782.0,-6.08453900684648,-6.18228218508201,0
spsa,local_global,391,784.0,-6.0758183691435566,-6.182420757841102,0
spsa,local_global,392,786.0,-6.098518852434671,-6.184388775691805,0
spsa,local_global,393,788.0,-6.09739797970959,-6.184674229288204,0
spsa,local_global,394,790.0,-6.091827760021438,-6.19368551852121,0
spsa,local_global,395,792.0,-6.126908374652416,-6.1950690455771795,0
spsa,local_global,396,794.0,-6.110718357128925,-6.195114844299823,0
spsa,local_global,397,796.0,-6.104318569946605,-6.200619210885438,0
spsa,local_global,398,798.0,-6.122714274980748,-6.202102326522458,0
spsa,local_global,399,800.0,-6.121713525569638,-6.20238320861822,0
spsa,local_global,400,802.0,-6.121612423016118,-6.204554702095069,0
spsa,local_global,401,804.0,-6.129735102122533,-6.204660797761988,0
spsa,local_global,402,806.0,-6.129321618532899,-6.204991509953626,0
spsa,local_global,403,808.0,-6.139917809033574,-6.217838109022453,0
spsa,local_global,404,810.0,-6.140427723333081,-6.221922873570722,0
spsa,local_global,405,812.0,-6.139434281201574,-6.221894001159092,0
spsa,local_global,406,814.0,-6.125829978514776,-6.224985509324966,0
spsa,local_global,407,816.0,-6.135202393886111,-6.225017056175195,0
spsa,local_global,408,818.0,-6.136980305719245,-6.228845937493617,0
spsa,local_global,409,820.0,-6.1582659590859095,-6.228848517956839,0
spsa,local_global,410,822.0,-6.138409002314244,-6.234377970189787,0
spsa,local_global,411,824.0,-6.151974035388578,-6.2360248135061935,0
spsa,local_global,412,826.0,-6.15433607075528,-6.236032952817862,0
spsa,local_global,413,828.0,-6.162765678927134,-6.236284902741949,0
spsa,local_global,414,830.0,-6.141170804611161,-6.236289276262562,0
spsa,local_global,415,832.0,-6.146355494845627,-6.2367318529851925,0
spsa,local_global,416,834.0,-6.180821913730697,-6.2425789042568764,0
spsa,local_global,417,836.0,-6.130531227303043,-6.241920452186406,0
spsa,local_global,418,838.0,-6.146585732673545,-6.246648005852396,0
spsa,local_global,419,840.0,-6.167543235957252,-6.247805459455868,0
spsa,local_global,420,842.0,-6.154640354209993,-6.250976122830621,0
spsa,local_global,421,844.0,-6.168085122094885,-6.251061108664842,0
spsa,local_global,422,846.0,-6.17087386370464,-6.258255677608832,0
spsa,local_global,423,848.0,-6.175810990113683,-6.258722103431061,0
spsa,local_global,424,850.0,-6.169243412261165,-6.259026025280041,0
spsa,local_global,425,852.0,-6.177063085678885,-6.262304473937788,0
spsa,local_global,426,854.0,-6.179199141826746,-6.262875257080614,0
spsa,local_global,427,856.0,-6.166783283886745,-6.265258192221463,0
spsa,local_global,428,858.0,-6.195564653370672,-6.265756639851349,0
spsa,local_global,429,860.0,-6.182050611264012,-6.275495351222978,0
spsa,local_global,430,862.0,-6.192754423585769,-6.278108406118739,0
spsa,local_global,431,864.0,-6.179333507907911,-6.278958448966908,0
spsa,local_global,432,866.0,-6.159141169432548,-6.278959367670263,0
spsa,local_global,433,868.0,-6.20603528472145,-6.2811362089748926,0
spsa,local_global,434,870.0,-6.19085954573564,-6.294376046232272,0
spsa,local_global,435,872.0,-6.226205658649736,-6.294399375956656,0
spsa,local_global,436,874.0,-6.204723323239664,-6.294354505204193,0
spsa,local_global,437,876.0,-6.202125894573822,-6.295927568192127,0
spsa,local_global,438,878.0,-6.191903655337784,-6.297976720502773,0
spsa,local_global,439,880.0,-6.213673700738564,-6.3000708244026455,0
spsa,local_global,440,882.0,-6.224137252448205,-6.304018619966314,0
spsa,local_global,441,884.0,-6.207614665401042,-6.304274571716741,0
spsa,local_global,442,886.0,-6.200927751268336,-6.304826288527483,0
spsa,local_global,443,888.0,-6.236116296575276,-6.316482076796476,0
spsa,local_global,444,890.0,-6.22151069049163,-6.324737993489621,0
spsa,local_global,445,892.0,-6.2387841459758935,-6.324859070141053,0
spsa,local_global,446,894.0,-6.228200887364416,-6.326225222444698,0
spsa,local_global,447,896.0,-6.2498661934293995,-6.342709029963061,0
spsa,local_global,448,898.0,-6.251356742624843,-6.346188135388138,0
spsa,local_global,449,900.0,-6.249407846552687,-6.353266424131021,0
spsa,local_global,450,902.0,-6.255839907118342,-6.353738270700139,0
spsa,local_global,451,904.0,-6.265692073709939,-6.354981428603572,0
spsa,local_global,452,906.0,-6.274886358856467,-6.3827957038768055,0
spsa,local_global,453,908.0,-6.306387653222413,-6.387333370521613,0
spsa,local_global,454,910.0,-6.305005315753389,-6.402617149814311,0
spsa,local_global,455,912.0,-6.318800476681959,-6.41170051557202,0
spsa,local_global,456,914.0,-6.322004256032436,-6.413519189692947,0
spsa,local_global,457,916.0,-6.314278156103772,-6.41799558120371,0
spsa,local_global,458,918.0,-6.313556055295878,-6.41816407170777,0
spsa,local_global,459,920.0,-6.312010609344339,-6.418585724026542,0
spsa,local_global,460,922.0,-6.345000433273568,-6.418630269125464,0
spsa,local_global,461,924.0,-6.308628052985947,-6.420510473985482,0
spsa,local_global,462,926.0,-6.340757617179076,-6.429302193053497,0
spsa,local_global,463,928.0,-6.336224548993811,-6.429503902038926,0
spsa,local_global,464,930.0,-6.332101856056607,-6.4295558124544545,0
spsa,local_global,465,932.0,-6.329535644941645,-6.431425239510659,0
spsa,local_global,466,934.0,-6.330935379045045,-6.431792371126849,0
spsa,local_global,467,936.0,-6.323981139502085,-6.431865840396023,0
spsa,local_global,468,938.0,-6.347044884074969,-6.4318659774976945,0
spsa,local_global,469,940.0,-6.312991524858883,-6.430887933597719,0
spsa,local_global,470,942.0,-6.330781846148168,-6.430885261538523,0
spsa,local_global,471,944.0,-6.339687497352478,-6.431997377047212,0
spsa,local_global,472,946.0,-6.336519876348083,-6.431971211749886,0
spsa,local_global,473,948.0,-6.328734518402893,-6.4358105113978485,0
spsa,local_global,474,950.0,-6.337270590735551,-6.436252726930065,0
spsa,local_global,475,952.0,-6.327120043590298,-6.4373549953678895,0
spsa,local_global,476,954.0,-6.335611533081794,-6.43774012037604,0
spsa,local_global,477,956.0,-6.35109839229945,-6.438770951037526,0
spsa,local_global,478,958.0,-6.362005995262411,-6.438776160598431,0
spsa,local_global,479,960.0,-6.347374561020226,-6.45425100395759,0
spsa,local_global,480,962.0,-6.367932104899136,-6.454460372574602,0
spsa,local_global,481,964.0,-6.355451944848706,-6.454625406384535,0
spsa,local_global,482,966.0,-6.350243530400532,-6.456446288074981,0
spsa,local_global,483,968.0,-6.37014335618421,-6.458171092636615,0
spsa,local_global,484,970.0,-6.348308834532353,-6.461117580619667,0
spsa,local_global,485,972.0,-6.380699559919323,-6.472419889910913,0
spsa,local_global,486,974.0,-6.375941893885113,-6.491627339190395,0
spsa,local_global,487,976.0,-6.39608059978722,-6.493910465949949,0
spsa,local_global,488,978.0,-6.40001111970928,-6.494415163148458,0
spsa,local_global,489,980.0,-6.3817775095527995,-6.494680389425106,0
spsa,local_global,490,982.0,-6.414895092201553,-6.494681923098288,0
spsa,local_global,491,984.0,-6.3873682033985135,-6.494698116269571,0
spsa,local_global,492,986.0,-6.395513530628829,-6.49572468971819,0
spsa,local_global,493,988.0,-6.400865115136735,-6.496877024169305,0
spsa,local_global,494,990.0,-6.414931868951415,-6.498480744898347,0
spsa,local_global,495,992.0,-6.3972320440524975,-6.4984683770890195,0
spsa,local_global,496,994.0,-6.400698172299817,-6.498664460429868,0
spsa,local_global,497,996.0,-6.418492157597695,-6.498658589486792,0
spsa,local_global,498,998.0,-6.411015588252868,-6.511915075627364,0
spsa,local_global,499,1000.0,-6.431324116955906,-6.512847477552748,0
spsa,adiabatic,0,2.0,0.4920242777137782,-4.07866668902093,0
spsa,adiabatic,1,4.0,0.4874937649389365,-4.155414171614735,0
spsa,adiabatic,2,6.0,0.4812828947916501,-4.152783882085927,0
spsa,adiabatic,3,8.0,0.48012103921545185,-4.163063224382256,0
spsa,adiabatic,4,10.0,0.48079317488163525,-4.163180008329976,0
spsa,adiabatic,5,12.0,0.4795296610205143,-4.1619638086680775,0
spsa,adiabatic,6,14.0,0.4779265581403365,-4.1629154853900046,0
spsa,adiabatic,7,16.0,0.4773371515005481,-4.163060743213863,0
spsa,adiabatic,8,18.0,0.47820535160974065,-4.163201137221742,0
spsa,adiabatic,9,20.0,0.4787221919486545,-4.159608357170099,0
spsa,adiabatic,10,22.0,0.47714813604285583,-4.156087552109749,0
spsa,adiabatic,11,24.0,0.47674392129950316,-4.1556944873348804,0
spsa,adiabatic,12,26.0,0.47543382080696306,-4.172255235697588,0
spsa,adiabatic,13,28.0,0.4748702209727544,-4.172263900191742,0
spsa,adiabatic,14,30.0,0.4735412170513449,-4.175881218984688,0
spsa,adiabatic,15,32.0,0.47413070878354713,-4.177860813357291,0
spsa,adiabatic,16,34.0,0.47252816296649325,-4.176280839807764,0
spsa,adiabatic,17,36.0,0.47247498712992786,-4.176622384978835,0
spsa,adiabatic,18,38.0,0.47360726999124636,-4.176989789671449,0
spsa,adiabatic,19,40.0,0.47273114673222133,-4.181565843955367,0
spsa,adiabatic,20,42.0,0.4730568878949538,-4.1821482794231475,0
spsa,adiabatic,21,44.0,0.47269405150768107,-4.184621734131743,0
spsa,adiabatic,22,46.0,0.47277432654334717,-4.188407575263155,0
spsa,adiabatic,23,48.0,0.47149039733810383,-4.1855991136257265,0
spsa,adiabatic,24,50.0,0.46990218107813564,-4.1806846111434,0
spsa,adiabatic,25,52.0,0.46938793464467543,-4.179387502599998,0
spsa,adiabatic,26,54.0,0.4686463903513165,-4.184118453573355,0
spsa,adiabatic,27,56.0,0.46950721188987504,-4.183568225407863,0
spsa,adiabatic,28,58.0,0.4699765057315368,-4.183453890032981,0
spsa,adiabatic,29,60.0,0.46828749144079285,-4.18603770742722,0
spsa,adiabatic,30,62.0,0.4683870021881666,-4.186432585382735,0
spsa,adiabatic,31,64.0,0.4688260634902407,-4.193825221282444,0
spsa,adiabatic,32,66.0,0.4676540366484422,-4.1930151616885505,0
spsa,adiabatic,33,68.0,0.4678192647159154,-4.193100158082089,0
spsa,adiabatic,34,70.0,0.46736226390023283,-4.193108538465243,0
spsa,adiabatic,35,72.0,0.4669360511177416,-4.19644006614584,0
spsa,adiabatic,36,74.0,0.46688763219487717,-4.199231360339921,0
spsa,adiabatic,37,76.0,0.4674689388021884,-4.20382993477653,0
spsa,adiabatic,38,78.0,0.46751864224437456,-4.204337120504959,0
spsa,adiabatic,39,80.0,0.4675425650594207,-4.205684083504665,0
spsa,adiabatic,40,82.0,0.466091511867495,-4.2122238204617375,0
spsa,adiabatic,41,84.0,0.4659143877637527,-4.212619595904848,0
spsa,adiabatic,42,86.0,0.4652567794541153,-4.21266003816469,0
spsa,adiabatic,43,88.0,0.4652389824346048,-4.212723382119766,0
spsa,adiabatic,44,90.0,0.4667731884195145,-4.212666913776643,0
spsa,adiabatic,45,92.0,0.46552029782653925,-4.210701280930412,0
spsa,adiabatic,46,94.0,0.4664831322142498,-4.21137521966667,0
spsa,adiabatic,47,96.0,0.46566233200308516,-4.211907325480199,0
spsa,adiabatic,48,98.0,0.4657522738013896,-4.211866749473337,0
spsa,adiabatic,49,100.0,0.46437601115293936,-4.215916782343485,0
spsa,adiabatic,50,102.0,-0.05495376620916889,-4.215881356451623,0
spsa,adiabatic,51,104.0,-0.054511407018802915,-4.220096290554895,0
spsa,adiabatic,52,106.0,-0.05613324415086236,-4.2298890090516075,0
spsa,adiabatic,53,108.0,-0.0587286206365311,-4.254434773445264,0
spsa,adiabatic,54,110.0,-0.0597659318240729,-4.261675563512358,0
spsa,adiabatic,55,112.0,-0.0627244866589308,-4.2631485725442415,0
spsa,adiabatic,56,114.0,-0.06307185353793796,-4.270848508951508,0
spsa,adiabatic,57,116.0,-0.06464021252677328,-4.286111478565317,0
spsa,adiabatic,58,118.0,-0.06969503878730314,-4.294066776244549,0
spsa,adiabatic,59,120.0,-0.07094675816745263,-4.2947002719322365,0
spsa,adiabatic,60,122.0,-0.07207006931470922,-4.29605929807133,0
spsa,adiabatic,61,124.0,-0.07139933284667874,-4.295437043679275,0
spsa,adiabatic,62,126.0,-0.07039178532316658,-4.295550757889403,0
spsa,adiabatic,63,128.0,-0.06891859272616913,-4.295568385784912,0
spsa,adiabatic,64,130.0,-0.06976214459241373,-4.298633467563483,0
spsa,adiabatic,65,132.0,-0.07026949380501657,-4.303517079840338,0
spsa,adiabatic,66,134.0,-0.0697445585710694,-4.317146833374509,0
spsa,adiabatic,67,136.0,-0.07422209171754565,-4.3324562566363145,0
spsa,adiabatic,68,138.0,-0.07742826101325234,-4.335986612285608,0
spsa,adiabatic,69,140.0,-0.07757296676262786,-4.341196124051939,0
spsa,adiabatic,70,142.0,-0.07941008830196805,-4.341553369306987,0
spsa,adiabatic,71,144.0,-0.07859423662899465,-4.349197165881245,0
spsa,adiabatic,72,146.0,-0.08018699801718251,-4.350812322634234,0
spsa,adiabatic,73,148.0,-0.08319958793162523,-4.350488531617577,0
spsa,adiabatic,74,150.0,-0.07916938145379718,-4.351468539537939,0
spsa,adiabatic,75,152.0,-0.08340301586550858,-4.351676702533915,0
spsa,adiabatic,76,154.0,-0.07927568511839707,-4.352219271869714,0
spsa,adiabatic,77,156.0,-0.08128718170941755,-4.352491635404541,0
spsa,adiabatic,78,158.0,-0.08281700649137384,-4.354951877030612,0
spsa,adiabatic,79,160.0,-0.08285310683533934,-4.355748776955914,0
spsa,adiabatic,80,162.0,-0.08066154586270409,-4.357282437025349,0
spsa,adiabatic,81,164.0,-0.08251535351910677,-4.357441925472095,0
spsa,adiabatic,82,166.0,-0.08004307269931152,-4.357501195165813,0
spsa,adiabatic,83,168.0,-0.08132360603455209,-4.361506787729179,0
spsa,adiabatic,84,170.0,-0.08352377775000136,-4.362498965838715,0
spsa,adiabatic,85,172.0,-0.08284233650916506,-4.362487714722683,0
spsa,adiabatic,86,174.0,-0.08495394153620155,-4.367072085270713,0
spsa,adiabatic,87,176.0,-0.08527701869523642,-4.367333673203689,0
spsa,adiabatic,88,178.0,-0.0842505454757119,-4.367215723464371,0
spsa,adiabatic,89,180.0,-0.08605498538382136,-4.373772951477695,0
spsa,adiabatic,90,182.0,-0.08625281092816708,-4.3737785876304285,0
spsa,adiabatic,91,184.0,-0.08673234170417918,-4.37333927003436,0
spsa,adiabatic,92,186.0,-0.08647035402385628,-4.373524524170035,0
spsa,adiabatic,93,188.0,-0.0841847086592544,-4.37352831476246,0
spsa,adiabatic,94,190.0,-0.08418542193082232,-4.374076648980243,0
spsa,adiabatic,95,192.0,-0.08429724717845545,-4.375044079171277,0
spsa,adiabatic,96,194.0,-0.08547151620601535,-4.375451035193609,0
spsa,adiabatic,97,196.0,-0.08620022151816895,-4.377717408037283,0
spsa,adiabatic,98,198.0,-0.08488064982384134,-4.387345820297864,0
spsa,adiabatic,99,200.0,-0.088576720829976,-4.3956499632949395,0
spsa,adiabatic,100,202.0,-0.6250318192397555,-4.397421683407248,0
spsa,adiabatic,101,204.0,-0.6258128901958024,-4.398216018543531,0
spsa,adiabatic,102,206.0,-0.6267836066319803,-4.401626505970026,0
spsa,adiabatic,103,208.0,-0.6279814624091733,-4.401583469885001,0
spsa,adiabatic,104,210.0,-0.6276421664160398,-4.404796479472971,0
spsa,adiabatic,105,212.0,-0.6277626185914487,-4.406202695617931,0
spsa,adiabatic,106,214.0,-0.628964744944813,-4.407490452081261,0
spsa,adiabatic,107,216.0,-0.6285064018059973,-4.407840190514059,0
spsa,adiabatic,108,218.0,-0.6290862210597357,-4.420993222015523,0
spsa,adiabatic,109,220.0,-0.6332321219421048,-4.421108295812588,0
spsa,adiabatic,110,222.0,-0.6331765354571701,-4.421231800325911,0
spsa,adiabatic,111,224.0,-0.6342454621510487,-4.421588978568106,0
spsa,adiabatic,112,226.0,-0.629454702946368,-4.421675791386029,0
spsa,adiabatic,113,228.0,-0.634714774607275,-4.423821354451416,0
spsa,adiabatic,114,230.0,-0.634769300889169,-4.432333694461176,0
spsa,adiabatic,115,232.0,-0.635314683924139,-4.432239568389207,0
spsa,adiabatic,116,234.0,-0.6365498935265759,-4.434612551137982,0
spsa,adiabatic,117,236.0,-0.6371689761129354,-4.434550481464427,0
spsa,adiabatic,118,238.0,-0.6400304139164203,-4.480810952053875,0
spsa,adiabatic,119,240.0,-0.652053805765341,-4.483744033019576,0
spsa,adiabatic,120,242.0,-0.6521973072859619,-4.483758754476569,0
spsa,adiabatic,121,244.0,-0.6519542876437214,-4.500329932323947,0
spsa,adiabatic,122,246.0,-0.6585096482396178,-4.502515180071757,0
spsa,adiabatic,123,248.0,-0.6566325666264937,-4.515915930889271,0
spsa,adiabatic,124,250.0,-0.6599867648474302,-4.5199222498347575,0
spsa,adiabatic,125,252.0,-0.6650059661342398,-4.521169083553886,0
spsa,adiabatic,126,254.0,-0.6639461519638332,-4.530135037854981,0
spsa,adiabatic,127,256.0,-0.6676281941910908,-4.553214273858979,0
spsa,adiabatic,128,258.0,-0.6725107756141704,-4.553267931872385,0
spsa,adiabatic,129,260.0,-0.6729442382129396,-4.557176241856764,0
spsa,adiabatic,130,262.0,-0.6742655979537322,-4.562544629548712,0
spsa,adiabatic,131,264.0,-0.6743315375924401,-4.565718598140847,0
spsa,adiabatic,132,266.0,-0.6788335163751835,-4.590483717563342,0
spsa,adiabatic,133,268.0,-0.6772417596885741,-4.592884330448656,0
spsa,adiabatic,134,270.0,-0.6828719413149724,-4.593754238748792,0
spsa,adiabatic,135,272.0,-0.6823347953760368,-4.60408732825301,0
spsa,adiabatic,136,274.0,-0.6815217600433388,-4.612526042967073,0
spsa,adiabatic,137,276.0,-0.6900648282938238,-4.618404230947597,0
spsa,adiabatic,138,278.0,-0.6932927678425128,-4.6186116333785,0
spsa,adiabatic,139,280.0,-0.6875048375766608,-4.629154798202476,0
spsa,adiabatic,140,282.0,-0.6922889225995071,-4.629142999489181,0
spsa,adiabatic,141,284.0,-0.69364554379077,-4.6358377739035355,0
spsa,adiabatic,142,286.0,-0.6934237458538917,-4.635840903201368,0
spsa,adiabatic,143,288.0,-0.6923408762325505,-4.639194961054903,0
spsa,adiabatic,144,290.0,-0.6931719703364627,-4.6446431535992625,0
spsa,adiabatic,145,292.0,-0.6967758311636728,-4.652339992363204,0
spsa,adiabatic,146,294.0,-0.697892620888349,-4.6529781520991405,0
spsa,adiabatic,147,296.0,-0.6996475502428844,-4.653044572341518,0
spsa,adiabatic,148,298.0,-0.6969107708714479,-4.666277091159896,0
spsa,adiabatic,149,300.0,-0.7017900599762787,-4.687409584654715,0
spsa,adiabatic,150,302.0,-1.2717436532025146,-4.7127733070781765,0
spsa,adiabatic,151,304.0,-1.2794868827030819,-4.727147503341552,0
spsa,adiabatic,152,306.0,-1.2841010655866705,-4.727213526333489,0
spsa,adiabatic,153,308.0,-1.2810768187183035,-4.727590742026294,0
spsa,adiabatic,154,310.0,-1.2861877849800805,-4.749602795194109,0
spsa,adiabatic,155,312.0,-1.2900398314790176,-4.753566532518582,0
spsa,adiabatic,156,314.0,-1.2938112529570218,-4.753541646767148,0
spsa,adiabatic,157,316.0,-1.2991179758653408,-4.7885158349852,0
spsa,adiabatic,158,318.0,-1.306408343598216,-4.788904936277841,0
spsa,adiabatic,159,320.0,-1.309653742824711,-4.790071263364668,0
spsa,adiabatic,160,322.0,-1.313627800372944,-4.816186452513656,0
spsa,adiabatic,161,324.0,-1.3220360827652131,-4.816523189339419,0
spsa,adiabatic,162,326.0,-1.3220841932494523,-4.816917734675017,0
spsa,adiabatic,163,328.0,-1.3190221857097746,-4.818507173769694,0
spsa,adiabatic,164,330.0,-1.3224559478251658,-4.819098253620496,0
spsa,adiabatic,165,332.0,-1.3243699061074614,-4.819104541061106,0
spsa,adiabatic,166,334.0,-1.3191716376355018,-4.845840985670298,0
spsa,adiabatic,167,336.0,-1.3260367843515415,-4.845987596372663,0
spsa,adiabatic,168,338.0,-1.331427860779275,-4.8458633762167445,0
spsa,adiabatic,169,340.0,-1.326398241275801,-4.848557638140315,0
spsa,adiabatic,170,342.0,-1.331901330340456,-4.8565018076890984,0
spsa,adiabatic,171,344.0,-1.3296831406830525,-4.8572284607300915,0
spsa,adiabatic,172,346.0,-1.3348987117092703,-4.8784879352327515,0
spsa,adiabatic,173,348.0,-1.3364733454810023,-4.8785113180845086,0
spsa,adiabatic,174,350.0,-1.3382112575424459,-4.8789145253210915,0
spsa,adiabatic,175,352.0,-1.3381024771737637,-4.879240253357294,0
spsa,adiabatic,176,354.0,-1.3421478517915912,-4.879712666768609,0
spsa,adiabatic,177,356.0,-1.339050576442649,-4.880718661061629,0
spsa,adiabatic,178,358.0,-1.3379455161210636,-4.9107358619667485,0
spsa,adiabatic,179,360.0,-1.348941120479291,-4.925196272719058,0
spsa,adiabatic,180,362.0,-1.3615596314024851,-4.951254926634205,0
spsa,adiabatic,181,364.0,-1.3652285376465974,-4.951437514685421,0
spsa,adiabatic,182,366.0,-1.3666361969795597,-4.954215817535167,0
spsa,adiabatic,183,368.0,-1.3688612093468437,-4.954306252288513,0
spsa,adiabatic,184,370.0,-1.3660388922840037,-4.956234112540852,0
spsa,adiabatic,185,372.0,-1.371946438113555,-4.9607968432057445,0
spsa,adiabatic,186,374.0,-1.371427933314639,-4.9608080196146815,0
spsa,adiabatic,187,376.0,-1.375270472203848,-4.963876906460591,0
spsa,adiabatic,188,378.0,-1.3742878606401927,-4.9715977909735,0
spsa,adiabatic,189,380.0,-1.3796033859626518,-4.972610248230318,0
spsa,adiabatic,190,382.0,-1.377503999223383,-4.99441173512863,0
spsa,adiabatic,191,384.0,-1.3869138643178094,-4.999384867916846,0
spsa,adiabatic,192,386.0,-1.3859797095037762,-5.010037516607491,0
spsa,adiabatic,193,388.0,-1.39469774774266,-5.023850892573107,0
spsa,adiabatic,194,390.0,-1.3986399155560636,-5.034340889095071,0
spsa,adiabatic,195,392.0,-1.397191390569747,-5.045902190811617,0
spsa,adiabatic,196,394.0,-1.406445464966318,-5.047392136953999,0
spsa,adiabatic,197,396.0,-1.4021739600431948,-5.051785487937262,0
spsa,adiabatic,198,398.0,-1.4070956060877742,-5.057567086455728,0
spsa,adiabatic,199,400.0,-1.4149081118064282,-5.060953998156344,0
spsa,adiabatic,200,402.0,-2.01480348493727,-5.060970491326653,0
spsa,adiabatic,201,404.0,-2.009991436306523,-5.061942029029822,0
spsa,adiabatic,202,406.0,-2.0106517537762865,-5.068788344917739,0
spsa,adiabatic,203,408.0,-2.018696320636349,-5.068969945093433,0
spsa,adiabatic,204,410.0,-2.0152156693267917,-5.071458370945036,0
spsa,adiabatic,205,412.0,-2.023541153451356,-5.071745739771062,0
spsa,adiabatic,206,414.0,-2.0282256372771945,-5.075351737997209,0
spsa,adiabatic,207,416.0,-2.0230729154398546,-5.0823157151596074,0
spsa,adiabatic,208,418.0,-2.0244806362474885,-5.083663547428671,0
spsa,adiabatic,209,420.0,-2.0307225770338944,-5.08404181897422,0
spsa,adiabatic,210,422.0,-2.0335590921771782,-5.089593001254903,0
spsa,adiabatic,211,424.0,-2.028897147206785,-5.0935754374285125,0
spsa,adiabatic,212,426.0,-2.0343158415981923,-5.096608294378119,0
spsa,adiabatic,213,428.0,-2.0312303856187732,-5.107914439023174,0
spsa,adiabatic,214,430.0,-2.040176501259305,-5.113514023647269,0
spsa,adiabatic,215,432.0,-2.0376746484216266,-5.114386842526044,0
spsa,adiabatic,216,434.0,-2.039310056715906,-5.115916309424407,0
spsa,adiabatic,217,436.0,-2.035386976371977,-5.1295179106790485,0
spsa,adiabatic,218,438.0,-2.0501166010279785,-5.137988244557371,0
spsa,adiabatic,219,440.0,-2.0462883383153425,-5.138939292501829,0
spsa,adiabatic,220,442.0,-2.047021872356124,-5.143206210332752,0
spsa,adiabatic,221,444.0,-2.0501709585830006,-5.143234683443214,0
spsa,adiabatic,222,446.0,-2.0541537526245146,-5.147887156258063,0
spsa,adiabatic,223,448.0,-2.058538012722218,-5.1552132089234375,0
spsa,adiabatic,224,450.0,-2.059151805833679,-5.1551849005763355,0
spsa,adiabatic,225,452.0,-2.0548273024073938,-5.158533011964486,0
spsa,adiabatic,226,454.0,-2.061046745527637,-5.160640106392283,0
spsa,adiabatic,227,456.0,-2.05702272149268,-5.180953349488443,0
spsa,adiabatic,228,458.0,-2.069667210978582,-5.181028178008786,0
spsa,adiabatic,229,460.0,-2.0641121885724654,-5.186519086431489,0
spsa,adiabatic,230,462.0,-2.0816131924930046,-5.186564766470754,0
spsa,adiabatic,231,464.0,-2.0731479769681744,-5.187126892864151,0
spsa,adiabatic,232,466.0,-2.073229649912724,-5.205046247987089,0
spsa,adiabatic,233,468.0,-2.084943393605437,-5.205611292065916,0
spsa,adiabatic,234,470.0,-2.0835736116699843,-5.209819729252254,0
spsa,adiabatic,235,472.0,-2.0845946983678587,-5.2110694272325135,0
spsa,adiabatic,236,474.0,-2.079083845011251,-5.218293380499595,0
spsa,adiabatic,237,476.0,-2.0901642411328707,-5.219413187116309,0
spsa,adiabatic,238,478.0,-2.09441507702806,-5.219414345179223,0
spsa,adiabatic,239,480.0,-2.090681029049862,-5.220008047066086,0
spsa,adiabatic,240,482.0,-2.0832088340875305,-5.221320792752513,0
spsa,adiabatic,241,484.0,-2.0913036243271073,-5.221345351145549,0
spsa,adiabatic,242,486.0,-2.10087295517247,-5.221401049339227,0
spsa,adiabatic,243,488.0,-2.0953644551191815,-5.2219993588933455,0
spsa,adiabatic,244,490.0,-2.0917670612650108,-5.227725621331834,0
spsa,adiabatic,245,492.0,-2.094835511167391,-5.231363915288008,0
spsa,adiabatic,246,494.0,-2.0968898229051103,-5.231370345346686,0
spsa,adiabatic,247,496.0,-2.0977729341228,-5.235096716258012,0
spsa,adiabatic,248,498.0,-2.09322845361951,-5.235902164742168,0
spsa,adiabatic,249,500.0,-2.100626562670187,-5.2360306946603234,0
spsa,adiabatic,250,502.0,-2.714452914791842,-5.236507098354919,0
spsa,adiabatic,251,504.0,-2.7154951566881955,-5.238665705715862,0
spsa,adiabatic,252,506.0,-2.7160230450856186,-5.241832758007372,0
spsa,adiabatic,253,508.0,-2.724775057816349,-5.244743052242013,0
spsa,adiabatic,254,510.0,-2.716500998672788,-5.246604878282501,0
spsa,adiabatic,255,512.0,-2.7214347118795903,-5.26501109027981,0
spsa,adiabatic,256,514.0,-2.7311341238421276,-5.269517102814397,0
spsa,adiabatic,257,516.0,-2.736812744350569,-5.280421957535326,0
spsa,adiabatic,258,518.0,-2.7419883717911464,-5.282076509258069,0
spsa,adiabatic,259,520.0,-2.746903970060572,-5.283162664213798,0
spsa,adiabatic,260,522.0,-2.7469697948897647,-5.2853217486532005,0
spsa,adiabatic,261,524.0,-2.7460666549124886,-5.287912943834309,0
spsa,adiabatic,262,526.0,-2.7517920539408998,-5.288073365294803,0
spsa,adiabatic,263,528.0,-2.744331480174311,-5.288345720753235,0
spsa,adiabatic,264,530.0,-2.751316641612095,-5.290574826905937,0
spsa,adiabatic,265,532.0,-2.7520648441272804,-5.293999831275701,0
spsa,adiabatic,266,534.0,-2.75409690382746,-5.306072998981758,0
spsa,adiabatic,267,536.0,-2.756280886646144,-5.312552670285202,0
spsa,adiabatic,268,538.0,-2.764162845919456,-5.3125621000635155,0
spsa,adiabatic,269,540.0,-2.7605499407190024,-5.316206356052356,0
spsa,adiabatic,270,542.0,-2.753690041617295,-5.316491454161414,0
spsa,adiabatic,271,544.0,-2.7603753649995237,-5.318109976267578,0
spsa,adiabatic,272,546.0,-2.7631814646493282,-5.3180888182216135,0
spsa,adiabatic,273,548.0,-2.7651938016253403,-5.322501728905788,0
spsa,adiabatic,274,550.0,-2.7699384016632735,-5.326608532529804,0
spsa,adiabatic,275,552.0,-2.7716772492420643,-5.338583213821559,0
spsa,adiabatic,276,554.0,-2.7771349555291343,-5.3408689392620365,0
spsa,adiabatic,277,556.0,-2.780303179025931,-5.341186273440038,0
spsa,adiabatic,278,558.0,-2.779404387251872,-5.344492717474,0
spsa,adiabatic,279,560.0,-2.779145278475834,-5.347434065010907,0
spsa,adiabatic,280,562.0,-2.776067312640434,-5.34784628833942,0
spsa,adiabatic,281,564.0,-2.781184994415759,-5.3548776171660615,0
spsa,adiabatic,282,566.0,-2.7934440758541412,-5.354952411171619,0
spsa,adiabatic,283,568.0,-2.7801358227886417,-5.355340553239228,0
spsa,adiabatic,284,570.0,-2.7871809391979694,-5.357037916594834,0
spsa,adiabatic,285,572.0,-2.790757528111405,-5.365977008313404,0
spsa,adiabatic,286,574.0,-2.7924651311641604,-5.36726163676215,0
spsa,adiabatic,287,576.0,-2.7973722774719323,-5.369907774775206,0
spsa,adiabatic,288,578.0,-2.7996313871797094,-5.3708198271984156,0
spsa,adiabatic,289,580.0,-2.7950071263135223,-5.3709232663419915,0
spsa,adiabatic,290,582.0,-2.787303927092568,-5.3786381449077645,0
spsa,adiabatic,291,584.0,-2.7953762657200256,-5.385957993660422,0
spsa,adiabatic,292,586.0,-2.8137707725932053,-5.389356458022567,0
spsa,adiabatic,293,588.0,-2.8087505405319986,-5.393828909874162,0
spsa,adiabatic,294,590.0,-2.799120653223653,-5.394226476254248,0
spsa,adiabatic,295,592.0,-2.809023307239484,-5.394393376907534,0
spsa,adiabatic,296,594.0,-2.8105615129863573,-5.3964320801427315,0
spsa,adiabatic,297,596.0,-2.819319428575483,-5.39808298155017,0
spsa,adiabatic,298,598.0,-2.815274063759153,-5.398209864423061,0
spsa,adiabatic,299,600.0,-2.8116350642246006,-5.399772384265036,0
spsa,adiabatic,300,602.0,-3.4601450220501637,-5.400094124662322,0
spsa,adiabatic,301,604.0,-3.4549985088995845,-5.402870308765956,0
spsa,adiabatic,302,606.0,-3.456122256315349,-5.403057391128483,0
spsa,adiabatic,303,608.0,-3.4402029067518303,-5.404291119680691,0
spsa,adiabatic,304,610.0,-3.459198871569059,-5.405802778394644,0
spsa,adiabatic,305,612.0,-3.456316686965864,-5.407795100420987,0
spsa,adiabatic,306,614.0,-3.4596273661557584,-5.41224085556509,0
spsa,adiabatic,307,616.0,-3.455485878551319,-5.4134604806270605,0
spsa,adiabatic,308,618.0,-3.4606614080581104,-5.419146568486723,0
spsa,adiabatic,309,620.0,-3.4563128999691153,-5.419146322217244,0
spsa,adiabatic,310,622.0,-3.468958756033801,-5.421288593041668,0
spsa,adiabatic,311,624.0,-3.4676105195205524,-5.4213402445232735,0
spsa,adiabatic,312,626.0,-3.4688653508424263,-5.422085584126137,0
spsa,adiabatic,313,628.0,-3.4530704652462663,-5.422614024440563,0
spsa,adiabatic,314,630.0,-3.4726682145138676,-5.422676991056948,0
spsa,adiabatic,315,632.0,-3.459776950240487,-5.426201413343505,0
spsa,adiabatic,316,634.0,-3.476576996192475,-5.430598101579096,0
spsa,adiabatic,317,636.0,-3.469669274541755,-5.431270332555611,0
spsa,adiabatic,318,638.0,-3.465007875448982,-5.432158364585115,0
spsa,adiabatic,319,640.0,-3.477028281963353,-5.438200667320249,0
spsa,adiabatic,320,642.0,-3.4784457586899507,-5.441880187012517,0
spsa,adiabatic,321,644.0,-3.483067373706705,-5.443281386116766,0
spsa,adiabatic,322,646.0,-3.473252133104814,-5.444472201567162,0
spsa,adiabatic,323,648.0,-3.4859293536848446,-5.451186683326473,0
spsa,adiabatic,324,650.0,-3.477354474790056,-5.451573960774032,0
spsa,adiabatic,325,652.0,-3.4840323409124716,-5.45602258344697,0
spsa,adiabatic,326,654.0,-3.485512744494793,-5.459714543581388,0
spsa,adiabatic,327,656.0,-3.4891706151483746,-5.465590245452176,0
spsa,adiabatic,328,658.0,-3.4942169181869716,-5.465988877999365,0
spsa,adiabatic,329,660.0,-3.4951938939747533,-5.473070515682133,0
spsa,adiabatic,330,662.0,-3.502800021034414,-5.474418325801466,0
spsa,adiabatic,331,664.0,-3.509776042648628,-5.4822631522887155,0
spsa,adiabatic,332,666.0,-3.5046185724193086,-5.484046815037158,0
spsa,adiabatic,333,668.0,-3.504049407923554,-5.490023056669825,0
spsa,adiabatic,334,670.0,-3.5118172528209213,-5.490290426602003,0
spsa,adiabatic,335,672.0,-3.5085006329014212,-5.4905943857128525,0
spsa,adiabatic,336,674.0,-3.517175909869776,-5.500866405433527,0
spsa,adiabatic,337,676.0,-3.518218148520941,-5.502172682311409,0
spsa,adiabatic,338,678.0,-3.520024616008989,-5.5032411219981565,0
spsa,adiabatic,339,680.0,-3.5158691486739633,-5.506860245457913,0
spsa,adiabatic,340,682.0,-3.522362494975474,-5.5075583929734355,0
spsa,adiabatic,341,684.0,-3.5217522057040176,-5.507759030966311,0
spsa,adiabatic,342,686.0,-3.5180388486964222,-5.508760746127807,0
spsa,adiabatic,343,688.0,-3.516897918751381,-5.525509566724824,0
spsa,adiabatic,344,690.0,-3.5275409960005826,-5.5305179022863005,0
spsa,adiabatic,345,692.0,-3.5347555353209614,-5.531481713124553,0
spsa,adiabatic,346,694.0,-3.535914163331482,-5.53296970220403,0
spsa,adiabatic,347,696.0,-3.5307121358267146,-5.532971318939216,0
spsa,adiabatic,348,698.0,-3.5411556353409432,-5.533668568308048,0
spsa,adiabatic,349,700.0,-3.539649216092103,-5.533768063315327,0
spsa,adiabatic,350,702.0,-4.174943427433295,-5.534369603734313,0
spsa,adiabatic,351,704.0,-4.186142195872187,-5.534875695515007,0
spsa,adiabatic,352,706.0,-4.192060371953487,-5.535121480556628,0
spsa,adiabatic,353,708.0,-4.1873066070478,-5.535131011669626,0
spsa,adiabatic,354,710.0,-4.193634794413786,-5.535392016559246,0
spsa,adiabatic,355,712.0,-4.186775722465594,-5.536678997512752,0
spsa,adiabatic,356,714.0,-4.172317491148379,-5.537833332350081,0
spsa,adiabatic,357,716.0,-4.186530552706172,-5.5378393112848565,0
spsa,adiabatic,358,718.0,-4.1945549468918175,-5.537886558523087,0
spsa,adiabatic,359,720.0,-4.18604474928763,-5.538276579211856,0
spsa,adiabatic,360,722.0,-4.205700067916884,-5.53843339817213,0
spsa,adiabatic,361,724.0,-4.189384030050835,-5.539427461327877,0
spsa,adiabatic,362,726.0,-4.195300645772219,-5.539615871708605,0
spsa,adiabatic,363,728.0,-4.191144337095796,-5.539873774880407,0
spsa,adiabatic,364,730.0,-4.1800550080526975,-5.540687204902888,0
spsa,adiabatic,365,732.0,-4.204517882638975,-5.547971320756271,0
spsa,adiabatic,366,734.0,-4.194981263958979,-5.553108558185609,0
spsa,adiabatic,367,736.0,-4.216111657379692,-5.553847573981001,0
spsa,adiabatic,368,738.0,-4.214456830841854,-5.554451316020341,0
spsa,adiabatic,369,740.0,-4.211186690317348,-5.554628476539772,0
spsa,adiabatic,370,742.0,-4.206133377675373,-5.556025464124748,0
spsa,adiabatic,371,744.0,-4.203428355375263,-5.561635367597725,0
spsa,adiabatic,372,746.0,-4.214318539830915,-5.564346337316386,0
spsa,adiabatic,373,748.0,-4.213386511539877,-5.564363632915868,0
spsa,adiabatic,374,750.0,-4.21374457454753,-5.564408598973023,0
spsa,adiabatic,375,752.0,-4.218140048108793,-5.565826961311561,0
spsa,adiabatic,376,754.0,-4.211456669307123,-5.568268815639509,0
spsa,adiabatic,377,756.0,-4.2199597347337106,-5.569811450062213,0
spsa,adiabatic,378,758.0,-4.215750499469065,-5.57312145782504,0
spsa,adiabatic,379,760.0,-4.22559261961128,-5.573132593666216,0
spsa,adiabatic,380,762.0,-4.216926043894889,-5.574324205874635,0
spsa,adiabatic,381,764.0,-4.234336928644687,-5.574415754635218,0
spsa,adiabatic,382,766.0,-4.226199182662542,-5.5747344494352795,0
spsa,adiabatic,383,768.0,-4.217922916528043,-5.576308731577531,0
spsa,adiabatic,384,770.0,-4.227680539829031,-5.576462836543276,0
spsa,adiabatic,385,772.0,-4.2193460505781974,-5.589772546350584,0
spsa,adiabatic,386,774.0,-4.2406491880970165,-5.59194558283049,0
spsa,adiabatic,387,776.0,-4.230817520793859,-5.592593248391476,0
spsa,adiabatic,388,778.0,-4.234826482524289,-5.596385504400372,0
spsa,adiabatic,389,780.0,-4.241330288284445,-5.596572941334624,0
spsa,adiabatic,390,782.0,-4.242537603977221,-5.605530768381459,0
spsa,adiabatic,391,784.0,-4.250718071326914,-5.606387225819029,0
spsa,adiabatic,392,786.0,-4.247321033164169,-5.606521274120898,0
spsa,adiabatic,393,788.0,-4.251785981085677,-5.607496024649163,0
spsa,adiabatic,394,790.0,-4.245346698415565,-5.608698775767013,0
spsa,adiabatic,395,792.0,-4.244390797968199,-5.609551597634539,0
spsa,adiabatic,396,794.0,-4.2437450995375805,-5.609549793428487,0
spsa,adiabatic,397,796.0,-4.244802931551673,-5.610603246288572,0
spsa,adiabatic,398,798.0,-4.247846102357787,-5.611364917383584,0
spsa,adiabatic,399,800.0,-4.249996715742956,-5.6120068926524596,0
spsa,adiabatic,400,802.0,-4.905074966606284,-5.612019714846657,0
spsa,adiabatic,401,804.0,-4.908355029911277,-5.622222835981604,0
spsa,adiabatic,402,806.0,-4.919574363823292,-5.622240383764942,0
spsa,adiabatic,403,808.0,-4.922353398656233,-5.622241708203401,0
spsa,adiabatic,404,810.0,-4.916735008860632,-5.627835339902203,0
spsa,adiabatic,405,812.0,-4.9262980452688545,-5.62917893145983,0
spsa,adiabatic,406,814.0,-4.9085794010907735,-5.6294228967758935,0
spsa,adiabatic,407,816.0,-4.920280573010031,-5.63205734727965,0
spsa,adiabatic,408,818.0,-4.915827927049376,-5.632197121414497,0
spsa,adiabatic,409,820.0,-4.928293163250986,-5.635274079539154,0
spsa,adiabatic,410,822.0,-4.920974513433652,-5.638401230183014,0
spsa,adiabatic,411,824.0,-4.94019396992462,-5.643010026681456,0
spsa,adiabatic,412,826.0,-4.926176558079543,-5.644449354589863,0
spsa,adiabatic,413,828.0,-4.934935271615581,-5.647416158429039,0
spsa,adiabatic,414,830.0,-4.923495971966364,-5.6479156161201365,0
spsa,adiabatic,415,832.0,-4.9402254498135525,-5.6508127112384905,0
spsa,adiabatic,416,834.0,-4.944512715114075,-5.652083885557729,0
spsa,adiabatic,417,836.0,-4.9210781942040835,-5.652291764009481,0
spsa,adiabatic,418,838.0,-4.94746985148867,-5.6539237343388145,0
spsa,adiabatic,419,840.0,-4.9460143329345545,-5.658297641159907,0
spsa,adiabatic,420,842.0,-4.94865583630509,-5.662334225440685,0
spsa,adiabatic,421,844.0,-4.951114850661018,-5.66259466011854,0
spsa,adiabatic,422,846.0,-4.95439123665686,-5.665009213423557,0
spsa,adiabatic,423,848.0,-4.956785262238409,-5.671906052704021,0
spsa,adiabatic,424,850.0,-4.959560753334369,-5.6728141268392775,0
spsa,adiabatic,425,852.0,-4.962591294554189,-5.677424148571113,0
spsa,adiabatic,426,854.0,-4.966662795529304,-5.678875727314016,0
spsa,adiabatic,427,856.0,-4.973325236307134,-5.683163598064374,0
spsa,adiabatic,428,858.0,-4.970110671645516,-5.683295851871245,0
spsa,adiabatic,429,860.0,-4.974061509346416,-5.683503761474497,0
spsa,adiabatic,430,862.0,-4.974149702946927,-5.685445341948115,0
spsa,adiabatic,431,864.0,-4.978906348830481,-5.68712791418971,0
spsa,adiabatic,432,866.0,-4.96327659649002,-5.687545780988394,0
spsa,adiabatic,433,868.0,-4.980741044546106,-5.689289627108586,0
spsa,adiabatic,434,870.0,-4.977285932312887,-5.6893064302303795,0
spsa,adiabatic,435,872.0,-4.986635983436999,-5.689416444338486,0
spsa,adiabatic,436,874.0,-4.972782876291392,-5.694291972986755,0
spsa,adiabatic,437,876.0,-4.983084336028713,-5.696452434340407,0
spsa,adiabatic,438,878.0,-4.976411505903374,-5.697731924140212,0
spsa,adiabatic,439,880.0,-4.984143609101713,-5.710149408614845,0
spsa,adiabatic,440,882.0,-4.996048133441255,-5.718246083854718,0
spsa,adiabatic,441,884.0,-4.984790134289508,-5.718451189355578,0
spsa,adiabatic,442,886.0,-4.988955746990838,-5.722697347272679,0
spsa,adiabatic,443,888.0,-5.011560461678375,-5.726534647586562,0
spsa,adiabatic,444,890.0,-5.001146345783075,-5.732030858982042,0
spsa,adiabatic,445,892.0,-5.0191174237538085,-5.732570729437694,0
spsa,adiabatic,446,894.0,-5.006844155921613,-5.733433205714503,0
spsa,adiabatic,447,896.0,-5.012460412796625,-5.734913273476599,0
spsa,adiabatic,448,898.0,-5.011060543971459,-5.734927722376305,0
spsa,adiabatic,449,900.0,-4.999074793964256,-5.735025626216911,0
spsa,adiabatic,450,902.0,-5.68748785932112,-5.735185050840946,0
spsa,adiabatic,451,904.0,-5.679264914041266,-5.735989477909303,0
spsa,adiabatic,452,906.0,-5.685177700036596,-5.738557884036546,0
spsa,adiabatic,453,908.0,-5.686401429342631,-5.740793689189588,0
spsa,adiabatic,454,910.0,-5.68877913204086,-5.741972965053728,0
spsa,adiabatic,455,912.0,-5.688744468882613,-5.75487972995377,0
spsa,adiabatic,456,914.0,-5.695820594324479,-5.760590705515636,0
spsa,adiabatic,457,916.0,-5.696113493271919,-5.761076301566402,0
spsa,adiabatic,458,918.0,-5.717794368071164,-5.761490380981173,0
spsa,adiabatic,459,920.0,-5.705135478063015,-5.772800017781799,0
spsa,adiabatic,460,922.0,-5.721000368366886,-5.7746871067242775,0
spsa,adiabatic,461,924.0,-5.716916594353091,-5.775184541991217,0
spsa,adiabatic,462,926.0,-5.719999885206075,-5.775290315242059,0
spsa,adiabatic,463,928.0,-5.7237961930427135,-5.775683507781502,0
spsa,adiabatic,464,930.0,-5.727416515386043,-5.780058742809774,0
spsa,adiabatic,465,932.0,-5.726720789582473,-5.781819300228317,0
spsa,adiabatic,466,934.0,-5.731092840933299,-5.782293955064573,0
spsa,adiabatic,467,936.0,-5.7248827171736325,-5.7898001164601,0
spsa,adiabatic,468,938.0,-5.73635271982616,-5.7898246457462665,0
spsa,adiabatic,469,940.0,-5.7228112780983675,-5.789861591609665,0
spsa,adiabatic,470,942.0,-5.748290638248488,-5.817910248046729,0
spsa,adiabatic,471,944.0,-5.760320541920191,-5.8185862122324865,0
spsa,adiabatic,472,946.0,-5.762946470222567,-5.821829687192246,0
spsa,adiabatic,473,948.0,-5.761953102388938,-5.823328239555279,0
spsa,adiabatic,474,950.0,-5.774666823208529,-5.823833162448973,0
spsa,adiabatic,475,952.0,-5.766438946559987,-5.828531938413781,0
spsa,adiabatic,476,954.0,-5.7852729896578605,-5.841467155033213,0
spsa,adiabatic,477,956.0,-5.798813526779751,-5.847244690196263,0
spsa,adiabatic,478,958.0,-5.802004512144245,-5.847371536014835,0
spsa,adiabatic,479,960.0,-5.793412843573034,-5.848628027405327,0
spsa,adiabatic,480,962.0,-5.805337695750292,-5.856610367773906,0
spsa,adiabatic,481,964.0,-5.800309903164855,-5.863933503566822,0
spsa,adiabatic,482,966.0,-5.814362229033522,-5.868447152280806,0
spsa,adiabatic,483,968.0,-5.807979685452976,-5.8698128902537565,0
spsa,adiabatic,484,970.0,-5.803723093683445,-5.871355368773704,0
spsa,adiabatic,485,972.0,-5.813401900327865,-5.871357472186548,0
spsa,adiabatic,486,974.0,-5.82901110717318,-5.875935237337949,0
spsa,adiabatic,487,976.0,-5.827929437906607,-5.879180596412835,0
spsa,adiabatic,488,978.0,-5.82290820231502,-5.879651270700997,0
spsa,adiabatic,489,980.0,-5.8128157009114645,-5.881972502504695,0
spsa,adiabatic,490,982.0,-5.8302584233347545,-5.883913290744081,0
spsa,adiabatic,491,984.0,-5.8324056074903075,-5.889301124192325,0
spsa,adiabatic,492,986.0,-5.831273452245751,-5.890092695521689,0
spsa,adiabatic,493,988.0,-5.835782936933397,-5.890321002467351,0
spsa,adiabatic,494,990.0,-5.836287683125813,-5.892391669485606,0
spsa,adiabatic,495,992.0,-5.831284665781292,-5.89503882850684,0
spsa,adiabatic,496,994.0,-5.83906497686378,-5.906112564355917,0
spsa,adiabatic,497,996.0,-5.871022805793903,-5.918100441781727,0
spsa,adiabatic,498,998.0,-5.8587443832104675,-5.923477077856156,0
spsa,adiabatic,499,1000.0,-5.879357672110202,-5.9234704339273945,0
spsa,sea,0,2.0,-4.0838690175397545,-4.0838690175397545,0
spsa,sea,1,4.0,-3.5847054908920084,-3.5847054908920084,0
spsa,sea,2,6.0,-3.75321303140949,-3.75321303140949,0
spsa,sea,3,8.0,-3.980818144687401,-3.980818144687401,0
spsa,sea,4,10.0,-4.032055763694114,-4.032055763694114,0
spsa,sea,5,12.0,-4.186908472229279,-4.186908472229279,0
spsa,sea,6,14.0,-4.2260290007516215,-4.2260290007516215,0
spsa,sea,7,16.0,-4.343403815452295,-4.343403815452295,0
spsa,sea,8,18.0,-4.21319541346581,-4.21319541346581,0
spsa,sea,9,20.0,-4.204215034941596,-4.204215034941596,0
spsa,sea,10,22.0,-4.173878652868284,-4.173878652868284,0
spsa,sea,11,24.0,-4.157822938300601,-4.157822938300601,0
spsa,sea,12,26.0,-4.092175999733996,-4.092175999733996,0
spsa,sea,13,28.0,-4.200079356825229,-4.200079356825229,0
spsa,sea,14,30.0,-4.176018569978677,-4.176018569978677,0
spsa,sea,15,32.0,-4.174738894907026,-4.174738894907026,0
spsa,sea,16,34.0,-4.18364299303207,-4.18364299303207,0
spsa,sea,17,36.0,-4.248815030661383,-4.248815030661383,0
spsa,sea,18,38.0,-4.335425122895833,-4.335425122895833,0
spsa,sea,19,40.0,-4.436590255794725,-4.436590255794725,0
spsa,sea,20,42.0,-4.4302844281073135,-4.4302844281073135,0
spsa,sea,21,44.0,-4.233796548683488,-4.233796548683488,0
spsa,sea,22,46.0,-4.2364891074052515,-4.2364891074052515,0
spsa,sea,23,48.0,-4.264998252122076,-4.264998252122076,0
spsa,sea,24,50.0,-4.3327388892602485,-4.3327388892602485,0
spsa,sea,25,52.0,-4.437448495819705,-4.437448495819705,0
spsa,sea,26,54.0,-4.467814040877471,-4.467814040877471,0
spsa,sea,27,56.0,-4.423746156778774,-4.423746156778774,0
spsa,sea,28,58.0,-4.454806316556137,-4.454806316556137,0
spsa,sea,29,60.0,-4.626370327315539,-4.626370327315539,0
spsa,sea,30,62.0,-4.603046606981348,-4.603046606981348,0
spsa,sea,31,64.0,-4.581467940330771,-4.581467940330771,0
spsa,sea,32,66.0,-4.6478686587215154,-4.6478686587215154,0
spsa,sea,33,68.0,-4.799245690957154,-4.799245690957154,0
spsa,sea,34,70.0,-4.803410070430145,-4.803410070430145,0
spsa,sea,35,72.0,-4.833452054680956,-4.833452054680956,0
spsa,sea,36,74.0,-4.892222729260939,-4.892222729260939,0
spsa,sea,37,76.0,-4.893111665351381,-4.893111665351381,0
spsa,sea,38,78.0,-4.90211939231563,-4.90211939231563,0
spsa,sea,39,80.0,-4.8902734715246545,-4.8902734715246545,0
spsa,sea,40,82.0,-4.923156920383512,-4.923156920383512,0
spsa,sea,41,84.0,-4.945449269377779,-4.945449269377779,0
spsa,sea,42,86.0,-4.977322452665246,-4.977322452665246,0
spsa,sea,43,88.0,-4.9721021258060105,-4.9721021258060105,0
spsa,sea,44,90.0,-4.922406381392667,-4.922406381392667,0
spsa,sea,45,92.0,-4.939709488250545,-4.939709488250545,0
spsa,sea,46,94.0,-4.921014563830127,-4.921014563830127,0
spsa,sea,47,96.0,-4.726451980293897,-4.726451980293897,0
spsa,sea,48,98.0,-4.739791253807708,-4.739791253807708,0
spsa,sea,49,100.0,-4.749401670835947,-4.749401670835947,0
spsa,sea,50,102.0,-4.7629632806213795,-4.7629632806213795,0
spsa,sea,51,104.0,-4.764041118359609,-4.764041118359609,0
spsa,sea,52,106.0,-4.804533680048398,-4.804533680048398,0
spsa,sea,53,108.0,-4.809574201939339,-4.809574201939339,0
spsa,sea,54,110.0,-4.783360830409119,-4.783360830409119,0
spsa,sea,55,112.0,-4.786323943930457,-4.786323943930457,0
spsa,sea,56,114.0,-4.8177381067981155,-4.8177381067981155,0
spsa,sea,57,116.0,-4.806661753725191,-4.806661753725191,0
spsa,sea,58,118.0,-4.801397079955024,-4.801397079955024,0
spsa,sea,59,120.0,-4.831780335385461,-4.831780335385461,0
spsa,sea,60,122.0,-4.829312407498241,-4.829312407498241,0
spsa,sea,61,124.0,-4.84203173143357,-4.84203173143357,0
spsa,sea,62,126.0,-4.915099041913986,-4.915099041913986,0
spsa,sea,63,128.0,-4.955119149486148,-4.955119149486148,0
spsa,sea,64,130.0,-4.884420694096558,-4.884420694096558,0
spsa,sea,65,132.0,-4.910122275118151,-4.910122275118151,0
spsa,sea,66,134.0,-4.918945657360762,-4.918945657360762,0
spsa,sea,67,136.0,-4.911188337713127,-4.911188337713127,0
spsa,sea,68,138.0,-4.926349425560515,-4.926349425560515,0
spsa,sea,69,140.0,-4.946228012288843,-4.946228012288843,0
spsa,sea,70,142.0,-4.9348272563783695,-4.9348272563783695,0
spsa,sea,71,144.0,-4.964961393337344,-4.964961393337344,0
spsa,sea,72,146.0,-4.928062615168731,-4.928062615168731,0
spsa,sea,73,148.0,-4.974949134787558,-4.974949134787558,0
spsa,sea,74,150.0,-4.924654243851594,-4.924654243851594,0
spsa,sea,75,152.0,-4.976577056875328,-4.976577056875328,0
spsa,sea,76,154.0,-4.978170043355567,-4.978170043355567,0
spsa,sea,77,156.0,-5.002925055731366,-5.002925055731366,0
spsa,sea,78,158.0,-4.9713289033140935,-4.9713289033140935,0
spsa,sea,79,160.0,-4.954432106125481,-4.954432106125481,0
spsa,sea,80,162.0,-4.971293648367302,-4.971293648367302,0
spsa,sea,81,164.0,-4.93386717329212,-4.93386717329212,0
spsa,sea,82,166.0,-4.956879688914893,-4.956879688914893,0
spsa,sea,83,168.0,-4.96099776755127,-4.96099776755127,0
spsa,sea,84,170.0,-4.9753606384322415,-4.9753606384322415,0
spsa,sea,85,172.0,-5.013517437140571,-5.013517437140571,0
spsa,sea,86,174.0,-5.024724679403669,-5.024724679403669,0
spsa,sea,87,176.0,-5.047866306101413,-5.047866306101413,0
spsa,sea,88,178.0,-5.093434660209828,-5.093434660209828,0
spsa,sea,89,180.0,-5.068001460468199,-5.068001460468199,0
spsa,sea,90,182.0,-5.106993230927126,-5.106993230927126,0
spsa,sea,91,184.0,-5.087113416147792,-5.087113416147792,0
spsa,sea,92,186.0,-5.111761394431239,-5.111761394431239,0
spsa,sea,93,188.0,-5.126303919017202,-5.126303919017202,0
spsa,sea,94,190.0,-5.1465511140659865,-5.1465511140659865,0
spsa,sea,95,192.0,-5.143468655546307,-5.143468655546307,0
spsa,sea,96,194.0,-5.149484463736428,-5.149484463736428,0
spsa,sea,97,196.0,-5.164523825136322,-5.164523825136322,0
spsa,sea,98,198.0,-5.228502194127984,-5.228502194127984,0
spsa,sea,99,200.0,-5.219929531470957,-5.219929531470957,0
spsa,sea,100,202.0,-5.187016436937643,-5.187016436937643,0
spsa,sea,101,204.0,-5.230881443221763,-5.230881443221763,0
spsa,sea,102,206.0,-5.2050470643605475,-5.2050470643605475,0
spsa,sea,103,208.0,-5.222357991206298,-5.222357991206298,0
spsa,sea,104,210.0,-5.210649089837306,-5.210649089837306,0
spsa,sea,105,212.0,-5.24045100292911,-5.24045100292911,0
spsa,sea,106,214.0,-5.217661607956314,-5.217661607956314,0
spsa,sea,107,216.0,-5.2581765408907275,-5.2581765408907275,0
spsa,sea,108,218.0,-5.219435708695755,-5.219435708695755,0
spsa,sea,109,220.0,-5.127009855075565,-5.127009855075565,0
spsa,sea,110,222.0,-5.1144319886897165,-5.1144319886897165,0
spsa,sea,111,224.0,-5.123151850572041,-5.123151850572041,0
spsa,sea,112,226.0,-5.158590971514197,-5.158590971514197,0
spsa,sea,113,228.0,-5.1730916558242175,-5.1730916558242175,0
spsa,sea,114,230.0,-5.1856541322796605,-5.1856541322796605,0
spsa,sea,115,232.0,-5.2059293606993595,-5.2059293606993595,0
spsa,sea,116,234.0,-5.161805801381375,-5.161805801381375,0
spsa,sea,117,236.0,-5.204564627537456,-5.204564627537456,0
spsa,sea,118,238.0,-5.176410016596552,-5.176410016596552,0
spsa,sea,119,240.0,-5.187552437186106,-5.187552437186106,0
spsa,sea,120,242.0,-5.183743631099941,-5.183743631099941,0
spsa,sea,121,244.0,-5.194897610043721,-5.194897610043721,0
spsa,sea,122,246.0,-5.192156956031185,-5.192156956031185,0
spsa,sea,123,248.0,-5.218598941227824,-5.218598941227824,0
spsa,sea,124,250.0,-5.2076595944699084,-5.2076595944699084,0
spsa,sea,125,252.0,-5.186930719492774,-5.186930719492774,0
spsa,sea,126,254.0,-5.190218140350574,-5.190218140350574,0
spsa,sea,127,256.0,-5.216748464170823,-5.216748464170823,0
spsa,sea,128,258.0,-5.298111526141547,-5.298111526141547,0
spsa,sea,129,260.0,-5.308754080865359,-5.308754080865359,0
spsa,sea,130,262.0,-5.344481272537173,-5.344481272537173,0
spsa,sea,131,264.0,-5.3078960531134864,-5.3078960531134864,0
spsa,sea,132,266.0,-5.323044350863304,-5.323044350863304,0
spsa,sea,133,268.0,-5.310827668452754,-5.310827668452754,0
spsa,sea,134,270.0,-5.354081886224322,-5.354081886224322,0
spsa,sea,135,272.0,-5.394020232231762,-5.394020232231762,0
spsa,sea,136,274.0,-5.404919966672637,-5.404919966672637,0
spsa,sea,137,276.0,-5.402257835648172,-5.402257835648172,0
spsa,sea,138,278.0,-5.438264035220085,-5.438264035220085,0
spsa,sea,139,280.0,-5.455109477604468,-5.455109477604468,0
spsa,sea,140,282.0,-5.464644134148632,-5.464644134148632,0
spsa,sea,141,284.0,-5.475027027441084,-5.475027027441084,0
spsa,sea,142,286.0,-5.475454204396794,-5.475454204396794,0
spsa,sea,143,288.0,-5.454019453324132,-5.454019453324132,0
spsa,sea,144,290.0,-5.4296293886387925,-5.4296293886387925,0
spsa,sea,145,292.0,-5.4605594013096574,-5.4605594013096574,0
spsa,sea,146,294.0,-5.50711764360476,-5.50711764360476,0
spsa,sea,147,296.0,-5.517596731085387,-5.517596731085387,0
spsa,sea,148,298.0,-5.224874390001974,-5.224874390001974,0
spsa,sea,149,300.0,-5.263546786347758,-5.263546786347758,0
spsa,sea,150,302.0,-5.263558845945681,-5.263558845945681,0
spsa,sea,151,304.0,-5.261183260670762,-5.261183260670762,0
spsa,sea,152,306.0,-5.236421631628785,-5.236421631628785,0
spsa,sea,153,308.0,-5.271929973306461,-5.271929973306461,0
spsa,sea,154,310.0,-5.308513729768553,-5.308513729768553,0
spsa,sea,155,312.0,-5.3364168086266215,-5.3364168086266215,0
spsa,sea,156,314.0,-5.337549523560999,-5.337549523560999,0
spsa,sea,157,316.0,-5.3492134485662275,-5.3492134485662275,0
spsa,sea,158,318.0,-5.396873449175455,-5.396873449175455,0
spsa,sea,159,320.0,-5.34140875885579,-5.34140875885579,0
spsa,sea,160,322.0,-5.351102235457115,-5.351102235457115,0
spsa,sea,161,324.0,-5.330228348257749,-5.330228348257749,0
spsa,sea,162,326.0,-5.314453039829139,-5.314453039829139,0
spsa,sea,163,328.0,-5.311955712952566,-5.311955712952566,0
spsa,sea,164,330.0,-5.335258585382837,-5.335258585382837,0
spsa,sea,165,332.0,-5.250729089400293,-5.250729089400293,0
spsa,sea,166,334.0,-5.342049455235647,-5.342049455235647,0
spsa,sea,167,336.0,-5.3027226626716315,-5.3027226626716315,0
spsa,sea,168,338.0,-5.3566835784202125,-5.3566835784202125,0
spsa,sea,169,340.0,-5.406661715313639,-5.406661715313639,0
spsa,sea,170,342.0,-5.425050163164057,-5.425050163164057,0
spsa,sea,171,344.0,-5.426457836563763,-5.426457836563763,0
spsa,sea,172,346.0,-5.431813453404965,-5.431813453404965,0
spsa,sea,173,348.0,-5.439658561012606,-5.439658561012606,0
spsa,sea,174,350.0,-5.496102264501014,-5.496102264501014,0
spsa,sea,175,352.0,-5.508309864596537,-5.508309864596537,0
spsa,sea,176,354.0,-5.489368690605768,-5.489368690605768,0
spsa,sea,177,356.0,-5.484226644847695,-5.484226644847695,0
spsa,sea,178,358.0,-5.528197148995864,-5.528197148995864,0
spsa,sea,179,360.0,-5.617707080145725,-5.617707080145725,0
spsa,sea,180,362.0,-5.630617362068433,-5.630617362068433,0
spsa,sea,181,364.0,-5.6620223820403215,-5.6620223820403215,0
spsa,sea,182,366.0,-5.682330622047726,-5.682330622047726,0
spsa,sea,183,368.0,-5.695243671903576,-5.695243671903576,0
spsa,sea,184,370.0,-5.802906825533084,-5.802906825533084,0
spsa,sea,185,372.0,-5.724423718932488,-5.724423718932488,0
spsa,sea,186,374.0,-5.881405645748281,-5.881405645748281,0
spsa,sea,187,376.0,-5.885424195769113,-5.885424195769113,0
spsa,sea,188,378.0,-5.887128565643735,-5.887128565643735,0
spsa,sea,189,380.0,-5.872325051124859,-5.872325051124859,0
spsa,sea,190,382.0,-5.948877451133077,-5.948877451133077,0
spsa,sea,191,384.0,-5.895872475820521,-5.895872475820521,0
spsa,sea,192,386.0,-5.908361500009184,-5.908361500009184,0
spsa,sea,193,388.0,-5.914480440110067,-5.914480440110067,0
spsa,sea,194,390.0,-5.948180669952396,-5.948180669952396,0
spsa,sea,195,392.0,-5.87311026426959,-5.87311026426959,0
spsa,sea,196,394.0,-5.903226799456248,-5.903226799456248,0
spsa,sea,197,396.0,-5.901257495856784,-5.901257495856784,0
spsa,sea,198,398.0,-5.941664818133748,-5.941664818133748,0
spsa,sea,199,400.0,-5.943296559920901,-5.943296559920901,0
spsa,sea,200,402.0,-5.9723026505405254,-5.9723026505405254,0
spsa,sea,201,404.0,-5.959997253031325,-5.959997253031325,0
spsa,sea,202,406.0,-6.019825085720392,-6.019825085720392,0
spsa,sea,203,408.0,-6.054388063618267,-6.054388063618267,0
spsa,sea,204,410.0,-6.031957714573437,-6.031957714573437,0
spsa,sea,205,412.0,-5.950431175504145,-5.950431175504145,0
spsa,sea,206,414.0,-5.942437038225785,-5.942437038225785,0
spsa,sea,207,416.0,-5.829946971433328,-5.829946971433328,0
spsa,sea,208,418.0,-5.747063770152906,-5.747063770152906,0
spsa,sea,209,420.0,-5.758046534591755,-5.758046534591755,0
spsa,sea,210,422.0,-5.770651564323326,-5.770651564323326,0
spsa,sea,211,424.0,-5.789091489169218,-5.789091489169218,0
spsa,sea,212,426.0,-5.822845333402707,-5.822845333402707,0
spsa,sea,213,428.0,-5.782422809149173,-5.782422809149173,0
spsa,sea,214,430.0,-5.76930895769574,-5.76930895769574,0
spsa,sea,215,432.0,-5.739149639760928,-5.739149639760928,0
spsa,sea,216,434.0,-5.747081930000369,-5.747081930000369,0
spsa,sea,217,436.0,-5.738041722023558,-5.738041722023558,0
spsa,sea,218,438.0,-5.778000174842392,-5.778000174842392,0
spsa,sea,219,440.0,-5.908870599003436,-5.908870599003436,0
spsa,sea,220,442.0,-5.940551756473781,-5.940551756473781,0
spsa,sea,221,444.0,-5.930336523439605,-5.930336523439605,0
spsa,sea,222,446.0,-5.9109606593575865,-5.9109606593575865,0
spsa,sea,223,448.0,-5.803499471072534,-5.803499471072534,0
spsa,sea,224,450.0,-5.741506831790808,-5.741506831790808,0
spsa,sea,225,452.0,-5.723220002139704,-5.723220002139704,0
spsa,sea,226,454.0,-5.738469078998674,-5.738469078998674,0
spsa,sea,227,456.0,-5.729682547254349,-5.729682547254349,0
spsa,sea,228,458.0,-5.7552451052945415,-5.7552451052945415,0
spsa,sea,229,460.0,-5.74759347101379,-5.74759347101379,0
spsa,sea,230,462.0,-5.587574894490451,-5.587574894490451,0
spsa,sea,231,464.0,-5.622496271185579,-5.622496271185579,0
spsa,sea,232,466.0,-5.792654837792655,-5.792654837792655,0
spsa,sea,233,468.0,-5.791284284927765,-5.791284284927765,0
spsa,sea,234,470.0,-5.785319317052593,-5.785319317052593,0
spsa,sea,235,472.0,-5.535790165753801,-5.535790165753801,0
spsa,sea,236,474.0,-5.561104671976946,-5.561104671976946,0
spsa,sea,237,476.0,-5.590196514352499,-5.590196514352499,0
spsa,sea,238,478.0,-5.697437222582242,-5.697437222582242,0
spsa,sea,239,480.0,-5.6656095470326235,-5.6656095470326235,0
spsa,sea,240,482.0,-5.676569941793868,-5.676569941793868,0
spsa,sea,241,484.0,-5.717286188859314,-5.717286188859314,0
spsa,sea,242,486.0,-5.776897406816035,-5.776897406816035,0
spsa,sea,243,488.0,-5.7929111059550875,-5.7929111059550875,0
spsa,sea,244,490.0,-5.733841790865896,-5.733841790865896,0
spsa,sea,245,492.0,-5.687091379425633,-5.687091379425633,0
spsa,sea,246,494.0,-5.665525929987821,-5.665525929987821,0
spsa,sea,247,496.0,-5.625992224332768,-5.625992224332768,0
spsa,sea,248,498.0,-5.453761313370213,-5.453761313370213,0
spsa,sea,249,500.0,-5.432379394432177,-5.432379394432177,0
spsa,sea,250,502.0,-5.3155251529877425,-5.3155251529877425,0
spsa,sea,251,504.0,-5.055849821545823,-5.055849821545823,0
spsa,sea,252,506.0,-5.070702595899914,-5.070702595899914,0
spsa,sea,253,508.0,-5.143769370991038,-5.143769370991038,0
spsa,sea,254,510.0,-5.211885308290816,-5.211885308290816,0
spsa,sea,255,512.0,-5.36271197139574,-5.36271197139574,0
spsa,sea,256,514.0,-5.436218789337714,-5.436218789337714,0
spsa,sea,257,516.0,-5.48156816701589,-5.48156816701589,0
spsa,sea,258,518.0,-5.545401648281058,-5.545401648281058,0
spsa,sea,259,520.0,-5.471425528131851,-5.471425528131851,0
spsa,sea,260,522.0,-5.522874986321268,-5.522874986321268,0
spsa,sea,261,524.0,-5.486795340872019,-5.486795340872019,0
spsa,sea,262,526.0,-5.57781387566992,-5.57781387566992,0
spsa,sea,263,528.0,-5.635634822940904,-5.635634822940904,0
spsa,sea,264,530.0,-5.6499756085804735,-5.6499756085804735,0
spsa,sea,265,532.0,-5.640356523666556,-5.640356523666556,0
spsa,sea,266,534.0,-5.681805343487319,-5.681805343487319,0
spsa,sea,267,536.0,-5.70846808472497,-5.70846808472497,0
spsa,sea,268,538.0,-5.761739504326751,-5.761739504326751,0
spsa,sea,269,540.0,-5.781035216417552,-5.781035216417552,0
spsa,sea,270,542.0,-5.873238077160744,-5.873238077160744,0
spsa,sea,271,544.0,-5.870428043440521,-5.870428043440521,0
spsa,sea,272,546.0,-5.875673288944471,-5.875673288944471,0
spsa,sea,273,548.0,-5.889671100182133,-5.889671100182133,0
spsa,sea,274,550.0,-5.918543178498794,-5.918543178498794,0
spsa,sea,275,552.0,-5.97790733713188,-5.97790733713188,0
spsa,sea,276,554.0,-5.8496873287670965,-5.8496873287670965,0
spsa,sea,277,556.0,-5.850335437588239,-5.850335437588239,0
spsa,sea,278,558.0,-5.7900483150355235,-5.7900483150355235,0
spsa,sea,279,560.0,-5.853239711405359,-5.853239711405359,0
spsa,sea,280,562.0,-5.811715670078698,-5.811715670078698,0
spsa,sea,281,564.0,-5.839710106015943,-5.839710106015943,0
spsa,sea,282,566.0,-5.848225248466148,-5.848225248466148,0
spsa,sea,283,568.0,-5.8296229182101005,-5.8296229182101005,0
spsa,sea,284,570.0,-5.8076562032895875,-5.8076562032895875,0
spsa,sea,285,572.0,-5.863920903654498,-5.863920903654498,0
spsa,sea,286,574.0,-5.908132380538685,-5.908132380538685,0
spsa,sea,287,576.0,-5.903752654869699,-5.903752654869699,0
spsa,sea,288,578.0,-5.891430980767691,-5.891430980767691,0
spsa,sea,289,580.0,-5.894848065081492,-5.894848065081492,0
spsa,sea,290,582.0,-5.906478087346283,-5.906478087346283,0
spsa,sea,291,584.0,-5.894362105705316,-5.894362105705316,0
spsa,sea,292,586.0,-5.909884060674286,-5.909884060674286,0
spsa,sea,293,588.0,-5.913542872245179,-5.913542872245179,0
spsa,sea,294,590.0,-5.89435804721362,-5.89435804721362,0
spsa,sea,295,592.0,-5.940429415885466,-5.940429415885466,0
spsa,sea,296,594.0,-6.012871476256528,-6.012871476256528,0
spsa,sea,297,596.0,-6.0422535470604055,-6.0422535470604055,0
spsa,sea,298,598.0,-6.065735820162823,-6.065735820162823,0
spsa,sea,299,600.0,-5.996307966399153,-5.996307966399153,0
spsa,sea,300,602.0,-6.033970776546781,-6.033970776546781,0
spsa,sea,301,604.0,-6.061195854333047,-6.061195854333047,0
spsa,sea,302,606.0,-6.021338879833721,-6.021338879833721,0
spsa,sea,303,608.0,-5.966395230023265,-5.966395230023265,0
spsa,sea,304,610.0,-6.101071629743139,-6.101071629743139,0
spsa,sea,305,612.0,-6.024185928384835,-6.024185928384835,0
spsa,sea,306,614.0,-6.017899847448381,-6.017899847448381,0
spsa,sea,307,616.0,-5.972205065901272,-5.972205065901272,0
spsa,sea,308,618.0,-5.970637301150694,-5.970637301150694,0
spsa,sea,309,620.0,-6.023623848927707,-6.023623848927707,0
spsa,sea,310,622.0,-6.1303246569264696,-6.1303246569264696,0
spsa,sea,311,624.0,-6.141356141764913,-6.141356141764913,0
spsa,sea,312,626.0,-6.103053176935145,-6.103053176935145,0
spsa,sea,313,628.0,-6.167191135855114,-6.167191135855114,0
spsa,sea,314,630.0,-6.1523921358857,-6.1523921358857,0
spsa,sea,315,632.0,-6.128594223694119,-6.128594223694119,0
spsa,sea,316,634.0,-6.149059639358839,-6.149059639358839,0
spsa,sea,317,636.0,-6.153836424331567,-6.153836424331567,0
spsa,sea,318,638.0,-6.147580118186244,-6.147580118186244,0
spsa,sea,319,640.0,-6.161180318805034,-6.161180318805034,0
spsa,sea,320,642.0,-6.177062042293878,-6.177062042293878,0
spsa,sea,321,644.0,-6.2180797023752925,-6.2180797023752925,0
spsa,sea,322,646.0,-6.232330989767398,-6.232330989767398,0
spsa,sea,323,648.0,-6.223635904807014,-6.223635904807014,0
spsa,sea,324,650.0,-6.233787139321795,-6.233787139321795,0
spsa,sea,325,652.0,-6.167965070777907,-6.167965070777907,0
spsa,sea,326,654.0,-6.2111946470763435,-6.2111946470763435,0
spsa,sea,327,656.0,-6.232725454915903,-6.232725454915903,0
spsa,sea,328,658.0,-6.234931819456588,-6.234931819456588,0
spsa,sea,329,660.0,-6.267280132054564,-6.267280132054564,0
spsa,sea,330,662.0,-6.2294614259154475,-6.2294614259154475,0
spsa,sea,331,664.0,-6.2357743148134634,-6.2357743148134634,0
spsa,sea,332,666.0,-6.165775848023404,-6.165775848023404,0
spsa,sea,333,668.0,-6.178566613133541,-6.178566613133541,0
spsa,sea,334,670.0,-6.194642267402815,-6.194642267402815,0
spsa,sea,335,672.0,-6.2606512136043255,-6.2606512136043255,0
spsa,sea,336,674.0,-6.2513471744396245,-6.2513471744396245,0
spsa,sea,337,676.0,-6.202538111823174,-6.202538111823174,0
spsa,sea,338,678.0,-6.253666789089634,-6.253666789089634,0
spsa,sea,339,680.0,-6.265163396006555,-6.265163396006555,0
spsa,sea,340,682.0,-6.2731981968405455,-6.2731981968405455,0
spsa,sea,341,684.0,-6.251128552184081,-6.251128552184081,0
spsa,sea,342,686.0,-6.300114705971747,-6.300114705971747,0
spsa,sea,343,688.0,-6.286002731958998,-6.286002731958998,0
spsa,sea,344,690.0,-6.288181098468677,-6.288181098468677,0
spsa,sea,345,692.0,-6.279946792318182,-6.279946792318182,0
spsa,sea,346,694.0,-6.274699189960982,-6.274699189960982,0
spsa,sea,347,696.0,-6.244411517720098,-6.244411517720098,0
spsa,sea,348,698.0,-6.21394020181376,-6.21394020181376,0
spsa,sea,349,700.0,-6.291460159859771,-6.291460159859771,0
spsa,sea,350,702.0,-6.210657976282442,-6.210657976282442,0
spsa,sea,351,704.0,-6.317121388183193,-6.317121388183193,0
spsa,sea,352,706.0,-6.281718518890237,-6.281718518890237,0
spsa,sea,353,708.0,-6.329951320634022,-6.329951320634022,0
spsa,sea,354,710.0,-6.274776846582853,-6.274776846582853,0
spsa,sea,355,712.0,-6.31821643661141,-6.31821643661141,0
spsa,sea,356,714.0,-6.294559758231751,-6.294559758231751,0
spsa,sea,357,716.0,-6.363503991535608,-6.363503991535608,0
spsa,sea,358,718.0,-6.3572679235594345,-6.3572679235594345,0
spsa,sea,359,720.0,-6.356873890379276,-6.356873890379276,0
spsa,sea,360,722.0,-6.37057564929464,-6.37057564929464,0
spsa,sea,361,724.0,-6.303650997494163,-6.303650997494163,0
spsa,sea,362,726.0,-6.376138146590318,-6.376138146590318,0
spsa,sea,363,728.0,-6.367838170657604,-6.367838170657604,0
spsa,sea,364,730.0,-6.364915613589499,-6.364915613589499,0
spsa,sea,365,732.0,-6.369569743080314,-6.369569743080314,0
spsa,sea,366,734.0,-6.340832332336771,-6.340832332336771,0
spsa,sea,367,736.0,-6.291203012349788,-6.291203012349788,0
spsa,sea,368,738.0,-6.316586992206096,-6.316586992206096,0
spsa,sea,369,740.0,-6.336367853502675,-6.336367853502675,0
spsa,sea,370,742.0,-6.305129951291313,-6.305129951291313,0
spsa,sea,371,744.0,-6.329697255895363,-6.329697255895363,0
spsa,sea,372,746.0,-6.3108309364878625,-6.3108309364878625,0
spsa,sea,373,748.0,-6.3627109249391065,-6.3627109249391065,0
spsa,sea,374,750.0,-6.333681066361875,-6.333681066361875,0
spsa,sea,375,752.0,-6.332199538856752,-6.332199538856752,0
spsa,sea,376,754.0,-6.299150098627758,-6.299150098627758,0
spsa,sea,377,756.0,-6.349064669136519,-6.349064669136519,0
spsa,sea,378,758.0,-6.345323413763625,-6.345323413763625,0
spsa,sea,379,760.0,-6.3079173588668045,-6.3079173588668045,0
spsa,sea,380,762.0,-6.314240058352774,-6.314240058352774,0
spsa,sea,381,764.0,-6.346178216931506,-6.346178216931506,0
spsa,sea,382,766.0,-6.316512470560452,-6.316512470560452,0
spsa,sea,383,768.0,-6.34673538197244,-6.34673538197244,0
spsa,sea,384,770.0,-6.318159069457588,-6.318159069457588,0
spsa,sea,385,772.0,-6.316136975087748,-6.316136975087748,0
spsa,sea,386,774.0,-6.275141482264461,-6.275141482264461,0
spsa,sea,387,776.0,-6.308900809046184,-6.308900809046184,0
spsa,sea,388,778.0,-6.346220679654199,-6.346220679654199,0
spsa,sea,389,780.0,-6.331883480834024,-6.331883480834024,0
spsa,sea,390,782.0,-6.326692522414319,-6.326692522414319,0
spsa,sea,391,784.0,-6.340743422995828,-6.340743422995828,0
spsa,sea,392,786.0,-6.34737960990939,-6.34737960990939,0
spsa,sea,393,788.0,-6.3611179525930535,-6.3611179525930535,0
spsa,sea,394,790.0,-6.349125722223231,-6.349125722223231,0
spsa,sea,395,792.0,-6.372652492277393,-6.372652492277393,0
spsa,sea,396,794.0,-6.3873800355343775,-6.3873800355343775,0
spsa,sea,397,796.0,-6.366308909175624,-6.366308909175624,0
spsa,sea,398,798.0,-6.4123132420685875,-6.4123132420685875,0
spsa,sea,399,800.0,-6.437132208625738,-6.437132208625738,0
spsa,sea,400,802.0,-6.444320671730103,-6.444320671730103,0
spsa,sea,401,804.0,-6.405415014544958,-6.405415014544958,0
spsa,sea,402,806.0,-6.403273516283109,-6.403273516283109,0
spsa,sea,403,808.0,-6.443999629484402,-6.443999629484402,0
spsa,sea,404,810.0,-6.417733715885248,-6.417733715885248,0
spsa,sea,405,812.0,-6.399614584374873,-6.399614584374873,0
spsa,sea,406,814.0,-6.395255796372704,-6.395255796372704,0
spsa,sea,407,816.0,-6.390471538943647,-6.390471538943647,0
spsa,sea,408,818.0,-6.3890878875235595,-6.3890878875235595,0
spsa,sea,409,820.0,-6.398331904629963,-6.398331904629963,0
spsa,sea,410,822.0,-6.418522997544416,-6.418522997544416,0
spsa,sea,411,824.0,-6.3922788820776155,-6.3922788820776155,0
spsa,sea,412,826.0,-6.42960827736341,-6.42960827736341,0
spsa,sea,413,828.0,-6.438723371406496,-6.438723371406496,0
spsa,sea,414,830.0,-6.341920800133875,-6.341920800133875,0
spsa,sea,415,832.0,-6.443419034182854,-6.443419034182854,0
spsa,sea,416,834.0,-6.439168348349779,-6.439168348349779,0
spsa,sea,417,836.0,-6.434749212100302,-6.434749212100302,0
spsa,sea,418,838.0,-6.457929498549386,-6.457929498549386,0
spsa,sea,419,840.0,-6.460162133559802,-6.460162133559802,0
spsa,sea,420,842.0,-6.409635863285363,-6.409635863285363,0
spsa,sea,421,844.0,-6.460441922253247,-6.460441922253247,0
spsa,sea,422,846.0,-6.480018479567681,-6.480018479567681,0
spsa,sea,423,848.0,-6.43723107531625,-6.43723107531625,0
spsa,sea,424,850.0,-6.458486254286818,-6.458486254286818,0
spsa,sea,425,852.0,-6.496703809367766,-6.496703809367766,0
spsa,sea,426,854.0,-6.494409910642184,-6.494409910642184,0
spsa,sea,427,856.0,-6.4473961912929365,-6.4473961912929365,0
spsa,sea,428,858.0,-6.521903097229769,-6.521903097229769,0
spsa,sea,429,860.0,-6.508518305222491,-6.508518305222491,0
spsa,sea,430,862.0,-6.507125514520849,-6.507125514520849,0
spsa,sea,431,864.0,-6.533651597239879,-6.533651597239879,0
spsa,sea,432,866.0,-6.514473771814446,-6.514473771814446,0
spsa,sea,433,868.0,-6.545079725683372,-6.545079725683372,0
spsa,sea,434,870.0,-6.53442066793426,-6.53442066793426,0
spsa,sea,435,872.0,-6.416728969422777,-6.416728969422777,0
spsa,sea,436,874.0,-6.189443074261023,-6.189443074261023,0
spsa,sea,437,876.0,-6.199878656318696,-6.199878656318696,0
spsa,sea,438,878.0,-6.278482699394683,-6.278482699394683,0
spsa,sea,439,880.0,-6.324918678620328,-6.324918678620328,0
spsa,sea,440,882.0,-6.280805712463316,-6.280805712463316,0
spsa,sea,441,884.0,-6.321933030794107,-6.321933030794107,0
spsa,sea,442,886.0,-6.273202017139881,-6.273202017139881,0
spsa,sea,443,888.0,-6.187841936194418,-6.187841936194418,0
spsa,sea,444,890.0,-6.095444208745083,-6.095444208745083,0
spsa,sea,445,892.0,-6.142710782100402,-6.142710782100402,0
spsa,sea,446,894.0,-6.090542034908841,-6.090542034908841,0
spsa,sea,447,896.0,-6.0799346213743375,-6.0799346213743375,0
spsa,sea,448,898.0,-6.16854024277744,-6.16854024277744,0
spsa,sea,449,900.0,-6.14330685341111,-6.14330685341111,0
spsa,sea,450,902.0,-6.170760410907025,-6.170760410907025,0
spsa,sea,451,904.0,-6.251309937310792,-6.251309937310792,0
spsa,sea,452,906.0,-6.296220788906333,-6.296220788906333,0
spsa,sea,453,908.0,-6.336483876190126,-6.336483876190126,0
spsa,sea,454,910.0,-6.420940066186075,-6.420940066186075,0
spsa,sea,455,912.0,-6.449612837572399,-6.449612837572399,0
spsa,sea,456,914.0,-6.445743831231209,-6.445743831231209,0
spsa,sea,457,916.0,-6.438007394025586,-6.438007394025586,0
spsa,sea,458,918.0,-6.4720357063483815,-6.4720357063483815,0
spsa,sea,459,920.0,-6.491657141424165,-6.491657141424165,0
spsa,sea,460,922.0,-6.455524685872335,-6.455524685872335,0
spsa,sea,461,924.0,-6.42268123861353,-6.42268123861353,0
spsa,sea,462,926.0,-6.401671225462701,-6.401671225462701,0
spsa,sea,463,928.0,-6.448597537807529,-6.448597537807529,0
spsa,sea,464,930.0,-6.412309761193713,-6.412309761193713,0
spsa,sea,465,932.0,-6.407038644460623,-6.407038644460623,0
spsa,sea,466,934.0,-6.3875650023457595,-6.3875650023457595,0
spsa,sea,467,936.0,-6.432010405487016,-6.432010405487016,0
spsa,sea,468,938.0,-6.279570034796565,-6.279570034796565,0
spsa,sea,469,940.0,-6.297074943079889,-6.297074943079889,0
spsa,sea,470,942.0,-6.24377353206797,-6.24377353206797,0
spsa,sea,471,944.0,-6.082331274268619,-6.082331274268619,0
spsa,sea,472,946.0,-6.067169411563564,-6.067169411563564,0
spsa,sea,473,948.0,-6.075088563389119,-6.075088563389119,0
spsa,sea,474,950.0,-6.113948688113426,-6.113948688113426,0
spsa,sea,475,952.0,-6.093438476854985,-6.093438476854985,0
spsa,sea,476,954.0,-6.171340008441279,-6.171340008441279,0
spsa,sea,477,956.0,-6.158780529612728,-6.158780529612728,0
spsa,sea,478,958.0,-6.225419709828774,-6.225419709828774,0
spsa,sea,479,960.0,-6.295026032512994,-6.295026032512994,0
spsa,sea,480,962.0,-6.250885351553292,-6.250885351553292,0
spsa,sea,481,964.0,-6.32559183193762,-6.32559183193762,0
spsa,sea,482,966.0,-6.365557193619695,-6.365557193619695,0
spsa,sea,483,968.0,-6.3380041903435025,-6.3380041903435025,0
spsa,sea,484,970.0,-6.413667701400719,-6.413667701400719,0
spsa,sea,485,972.0,-6.374151149976916,-6.374151149976916,0
spsa,sea,486,974.0,-6.370044836040516,-6.370044836040516,0
spsa,sea,487,976.0,-6.344568482951031,-6.344568482951031,0
spsa,sea,488,978.0,-6.300531272289956,-6.300531272289956,0
spsa,sea,489,980.0,-6.359787904719621,-6.359787904719621,0
spsa,sea,490,982.0,-6.386074815871838,-6.386074815871838,0
spsa,sea,491,984.0,-6.380115376053151,-6.380115376053151,0
spsa,sea,492,986.0,-6.371166222826783,-6.371166222826783,0
spsa,sea,493,988.0,-6.363324135484835,-6.363324135484835,0
spsa,sea,494,990.0,-6.427041199271839,-6.427041199271839,0
spsa,sea,495,992.0,-6.474273012229735,-6.474273012229735,0
spsa,sea,496,994.0,-6.398980319509827,-6.398980319509827,0
spsa,sea,497,996.0,-6.287810635517305,-6.287810635517305,0
spsa,sea,498,998.0,-6.24363994106665,-6.24363994106665,0
spsa,sea,499,1000.0,-6.272170887149064,-6.272170887149064,0
spsa,pretrained,0,,-4.297454509435678,,0
spsa,pretrained,1,,-4.1883790466089,,0
spsa,pretrained,2,,-3.175000198526842,,0
spsa,pretrained,3,,-3.992772835908295,,0
spsa,pretrained,4,,-4.173157584456456,,0
spsa,pretrained,5,,-3.851368026031368,,0
spsa,pretrained,6,,-3.94942944245218,,0
spsa,pretrained,7,,-4.519131399756869,,0
spsa,pretrained,8,,-4.47173527002156,,0
spsa,pretrained,9,,-4.384559713841883,,0
spsa,pretrained,10,,-4.141315458404782,,0
spsa,pretrained,11,,-4.167819927056156,,0
spsa,pretrained,12,,-4.188466582090496,,0
spsa,pretrained,13,,-4.21240904189092,,0
spsa,pretrained,14,,-4.7296895036531765,,0
spsa,pretrained,15,,-4.809772502567991,,0
spsa,pretrained,16,,-4.775457694325453,,0
spsa,pretrained,17,,-4.739795819084254,,0
spsa,pretrained,18,,-4.4183098091821655,,0
spsa,pretrained,19,,-4.68478530736915,,0
spsa,pretrained,20,,-4.69030010061423,,0
spsa,pretrained,21,,-4.7137942571446025,,0
spsa,pretrained,22,,-4.756768915146059,,0
spsa,pretrained,23,,-4.81431092195176,,0
spsa,pretrained,24,,-4.623804163655629,,0
spsa,pretrained,25,,-4.672569485827186,,0
spsa,pretrained,26,,-4.795472696300484,,0
spsa,pretrained,27,,-4.82065722783112,,0
spsa,pretrained,28,,-4.854269338311957,,0
spsa,pretrained,29,,-4.929073054714511,,0
spsa,pretrained,30,,-4.896392738178365,,0
spsa,pretrained,31,,-4.886662962838695,,0
spsa,pretrained,32,,-4.942158022074143,,0
spsa,pretrained,33,,-5.042095027207937,,0
spsa,pretrained,34,,-5.074847663305546,,0
spsa,pretrained,35,,-5.1423696958714125,,0
spsa,pretrained,36,,-5.182748665560059,,0
spsa,pretrained,37,,-5.2050575371824355,,0
spsa,pretrained,38,,-5.248318088633555,,0
spsa,pretrained,39,,-5.263124763182107,,0
spsa,pretrained,40,,-5.395841200291121,,0
spsa,pretrained,41,,-5.3387562556466435,,0
spsa,pretrained,42,,-5.438437047348609,,0
spsa,pretrained,43,,-5.458121526648744,,0
spsa,pretrained,44,,-5.3790956521858915,,0
spsa,pretrained,45,,-5.454829277164379,,0
spsa,pretrained,46,,-5.468317059489575,,0
spsa,pretrained,47,,-5.542415898805091,,0
spsa,pretrained,48,,-5.550705847580118,,0
spsa,pretrained,49,,-5.535094777431684,,0
spsa,pretrained,50,,-5.547937096741747,,0
spsa,pretrained,51,,-5.540546145700754,,0
spsa,pretrained,52,,-5.516443976998355,,0
spsa,pretrained,53,,-5.394134373756019,,0
spsa,pretrained,54,,-5.26121016484055,,0
spsa,pretrained,55,,-5.282210224251637,,0
spsa,pretrained,56,,-5.272993382861843,,0
spsa,pretrained,57,,-5.28263314873049,,0
spsa,pretrained,58,,-5.297755276615435,,0
spsa,pretrained,59,,-5.30172450299436,,0
spsa,pretrained,60,,-5.290645958285852,,0
spsa,pretrained,61,,-5.349387198525839,,0
spsa,pretrained,62,,-5.317697173072508,,0
spsa,pretrained,63,,-5.392667333962137,,0
spsa,pretrained,64,,-5.400757728015654,,0
spsa,pretrained,65,2.0,-3.867841448547874,-3.867841448547874,1
spsa,pretrained,66,4.0,-3.79447746313417,-3.79447746313417,0
spsa,pretrained,67,6.0,-3.7969921498254484,-3.7969921498254484,0
spsa,pretrained,68,8.0,-3.887692819103404,-3.887692819103404,0
spsa,pretrained,69,10.0,-3.9194415420477045,-3.9194415420477045,0
spsa,pretrained,70,12.0,-3.97383036114395,-3.97383036114395,0
spsa,pretrained,71,14.0,-3.9671818047350027,-3.9671818047350027,0
spsa,pretrained,72,16.0,-3.993524516078755,-3.993524516078755,0
spsa,pretrained,73,18.0,-4.015121710326719,-4.015121710326719,0
spsa,pretrained,74,20.0,-4.058079501554715,-4.058079501554715,0
spsa,pretrained,75,22.0,-4.053557146916232,-4.053557146916232,0
spsa,pretrained,76,24.0,-4.082946008327928,-4.082946008327928,0
spsa,pretrained,77,26.0,-4.143478561098188,-4.143478561098188,0
spsa,pretrained,78,28.0,-4.153305768386501,-4.153305768386501,0
spsa,pretrained,79,30.0,-4.194224635596355,-4.194224635596355,0
spsa,pretrained,80,32.0,-4.22782819253375,-4.22782819253375,0
spsa,pretrained,81,34.0,-4.236411010788463,-4.236411010788463,0
spsa,pretrained,82,36.0,-4.268855770191761,-4.268855770191761,0
spsa,pretrained,83,38.0,-4.286715831641474,-4.286715831641474,0
spsa,pretrained,84,40.0,-4.295494853506401,-4.295494853506401,0
spsa,pretrained,85,42.0,-4.295678557478768,-4.295678557478768,0
spsa,pretrained,86,44.0,-4.3271735328760785,-4.3271735328760785,0
spsa,pretrained,87,46.0,-4.321897003278584,-4.321897003278584,0
spsa,pretrained,88,48.0,-4.344879395723991,-4.344879395723991,0
spsa,pretrained,89,50.0,-4.375635892206234,-4.375635892206234,0
spsa,pretrained,90,52.0,-4.396732368399816,-4.396732368399816,0
spsa,pretrained,91,54.0,-4.402640387024042,-4.402640387024042,0
spsa,pretrained,92,56.0,-4.398755398532187,-4.398755398532187,0
spsa,pretrained,93,58.0,-4.421943948974806,-4.421943948974806,0
spsa,pretrained,94,60.0,-4.490675275109744,-4.490675275109744,0
spsa,pretrained,95,62.0,-4.4937720692261856,-4.4937720692261856,0
spsa,pretrained,96,64.0,-4.503488587649901,-4.503488587649901,0
spsa,pretrained,97,66.0,-4.554753230473006,-4.554753230473006,0
spsa,pretrained,98,68.0,-4.665217207030494,-4.665217207030494,0
spsa,pretrained,99,70.0,-4.657305806516283,-4.657305806516283,0
spsa,pretrained,100,72.0,-4.665190560222046,-4.665190560222046,0
spsa,pretrained,101,74.0,-4.692684604616362,-4.692684604616362,0
spsa,pretrained,102,76.0,-4.6958631021410335,-4.6958631021410335,0
spsa,pretrained,103,78.0,-4.700608488976847,-4.700608488976847,0
spsa,pretrained,104,80.0,-4.716802118968486,-4.716802118968486,0
spsa,pretrained,105,82.0,-4.730417658615824,-4.730417658615824,0
spsa,pretrained,106,84.0,-4.703747859150035,-4.703747859150035,0
spsa,pretrained,107,86.0,-4.706558149302479,-4.706558149302479,0
spsa,pretrained,108,88.0,-4.729175240150683,-4.729175240150683,0
spsa,pretrained,109,90.0,-4.738455381721014,-4.738455381721014,0
spsa,pretrained,110,92.0,-4.748867636939835,-4.748867636939835,0
spsa,pretrained,111,94.0,-4.747697656307775,-4.747697656307775,0
spsa,pretrained,112,96.0,-4.764992966927121,-4.764992966927121,0
spsa,pretrained,113,98.0,-4.797238773236986,-4.797238773236986,0
spsa,pretrained,114,100.0,-4.801362273477958,-4.801362273477958,0
spsa,pretrained,115,102.0,-4.801548446774257,-4.801548446774257,0
spsa,pretrained,116,104.0,-4.826466005166797,-4.826466005166797,0
spsa,pretrained,117,106.0,-4.850910988251524,-4.850910988251524,0
spsa,pretrained,118,108.0,-4.853507700689919,-4.853507700689919,0
spsa,pretrained,119,110.0,-4.878747433658843,-4.878747433658843,0
spsa,pretrained,120,112.0,-4.88199126494378,-4.88199126494378,0
spsa,pretrained,121,114.0,-4.90379199572848,-4.90379199572848,0
spsa,pretrained,122,116.0,-4.919043479759221,-4.919043479759221,0
spsa,pretrained,123,118.0,-4.919414755104375,-4.919414755104375,0
spsa,pretrained,124,120.0,-4.928879940951347,-4.928879940951347,0
spsa,pretrained,125,122.0,-4.9424129347870345,-4.9424129347870345,0
spsa,pretrained,126,124.0,-4.938746430018278,-4.938746430018278,0
spsa,pretrained,127,126.0,-4.939793317031221,-4.939793317031221,0
spsa,pretrained,128,128.0,-4.953818632651543,-4.953818632651543,0
spsa,pretrained,129,130.0,-4.953253346059352,-4.953253346059352,0
spsa,pretrained,130,132.0,-4.95571391080211,-4.95571391080211,0
spsa,pretrained,131,134.0,-4.987606009453893,-4.987606009453893,0
spsa,pretrained,132,136.0,-4.988896812330028,-4.988896812330028,0
spsa,pretrained,133,138.0,-4.992615089797409,-4.992615089797409,0
spsa,pretrained,134,140.0,-4.998925241138323,-4.998925241138323,0
spsa,pretrained,135,142.0,-5.009838144435189,-5.009838144435189,0
spsa,pretrained,136,144.0,-4.988478393212587,-4.988478393212587,0
spsa,pretrained,137,146.0,-4.999483555203296,-4.999483555203296,0
spsa,pretrained,138,148.0,-5.003983759534135,-5.003983759534135,0
spsa,pretrained,139,150.0,-5.002563133275022,-5.002563133275022,0
spsa,pretrained,140,152.0,-4.994746333174847,-4.994746333174847,0
spsa,pretrained,141,154.0,-5.001369865984389,-5.001369865984389,0
spsa,pretrained,142,156.0,-5.036091476541271,-5.036091476541271,0
spsa,pretrained,143,158.0,-5.021074371956885,-5.021074371956885,0
spsa,pretrained,144,160.0,-5.035996669655216,-5.035996669655216,0
spsa,pretrained,145,162.0,-5.047796243124074,-5.047796243124074,0
spsa,pretrained,146,164.0,-5.06887689982192,-5.06887689982192,0
spsa,pretrained,147,166.0,-5.094521381745874,-5.094521381745874,0
spsa,pretrained,148,168.0,-5.110631262769445,-5.110631262769445,0
spsa,pretrained,149,170.0,-5.108601905677293,-5.108601905677293,0
spsa,pretrained,150,172.0,-5.115225958388646,-5.115225958388646,0
spsa,pretrained,151,174.0,-5.140117461161218,-5.140117461161218,0
spsa,pretrained,152,176.0,-5.136675857281692,-5.136675857281692,0
spsa,pretrained,153,178.0,-5.134420505215379,-5.134420505215379,0
spsa,pretrained,154,180.0,-5.1367494983656705,-5.1367494983656705,0
spsa,pretrained,155,182.0,-5.15696722654539,-5.15696722654539,0
spsa,pretrained,156,184.0,-5.154238803822198,-5.154238803822198,0
spsa,pretrained,157,186.0,-5.156993735390081,-5.156993735390081,0
spsa,pretrained,158,188.0,-5.1579831278203585,-5.1579831278203585,0
spsa,pretrained,159,190.0,-5.15276314243073,-5.15276314243073,0
spsa,pretrained,160,192.0,-5.155100292841784,-5.155100292841784,0
spsa,pretrained,161,194.0,-5.150785012393575,-5.150785012393575,0
spsa,pretrained,162,196.0,-5.16861534585588,-5.16861534585588,0
spsa,pretrained,163,198.0,-5.14859576480627,-5.14859576480627,0
spsa,pretrained,164,200.0,-5.173753018593171,-5.173753018593171,0
spsa,pretrained,165,202.0,-5.158092147259427,-5.158092147259427,0
spsa,pretrained,166,204.0,-5.177364306714668,-5.177364306714668,0
spsa,pretrained,167,206.0,-5.192474141388054,-5.192474141388054,0
spsa,pretrained,168,208.0,-5.1989343301194175,-5.1989343301194175,0
spsa,pretrained,169,210.0,-5.212453166091776,-5.212453166091776,0
spsa,pretrained,170,212.0,-5.212088452324705,-5.212088452324705,0
spsa,pretrained,171,214.0,-5.214973066364445,-5.214973066364445,0
spsa,pretrained,172,216.0,-5.210534512891476,-5.210534512891476,0
spsa,pretrained,173,218.0,-5.212277704288583,-5.212277704288583,0
spsa,pretrained,174,220.0,-5.221578772661015,-5.221578772661015,0
spsa,pretrained,175,222.0,-5.222376561118649,-5.222376561118649,0
spsa,pretrained,176,224.0,-5.216740529630846,-5.216740529630846,0
spsa,pretrained,177,226.0,-5.2355152754706165,-5.2355152754706165,0
spsa,pretrained,178,228.0,-5.222904719168903,-5.222904719168903,0
spsa,pretrained,179,230.0,-5.238615832947551,-5.238615832947551,0
spsa,pretrained,180,232.0,-5.2439068064272325,-5.2439068064272325,0
spsa,pretrained,181,234.0,-5.27621434003145,-5.27621434003145,0
spsa,pretrained,182,236.0,-5.272480306146681,-5.272480306146681,0
spsa,pretrained,183,238.0,-5.273644788308404,-5.273644788308404,0
spsa,pretrained,184,240.0,-5.266693013909114,-5.266693013909114,0
spsa,pretrained,185,242.0,-5.263769842332277,-5.263769842332277,0
spsa,pretrained,186,244.0,-5.300528916634558,-5.300528916634558,0
spsa,pretrained,187,246.0,-5.290326820255531,-5.290326820255531,0
spsa,pretrained,188,248.0,-5.3221240791927436,-5.3221240791927436,0
spsa,pretrained,189,250.0,-5.31827574121292,-5.31827574121292,0
spsa,pretrained,190,252.0,-5.287472500371644,-5.287472500371644,0
spsa,pretrained,191,254.0,-5.327332065703602,-5.327332065703602,0
spsa,pretrained,192,256.0,-5.3261869823565045,-5.3261869823565045,0
spsa,pretrained,193,258.0,-5.332513340877265,-5.332513340877265,0
spsa,pretrained,194,260.0,-5.343664649524941,-5.343664649524941,0
spsa,pretrained,195,262.0,-5.339823215644883,-5.339823215644883,0
spsa,pretrained,196,264.0,-5.3229328450155435,-5.3229328450155435,0
spsa,pretrained,197,266.0,-5.340370726611448,-5.340370726611448,0
spsa,pretrained,198,268.0,-5.366220745344423,-5.366220745344423,0
spsa,pretrained,199,270.0,-5.3733397433121075,-5.3733397433121075,0
spsa,pretrained,200,272.0,-5.420802864841773,-5.420802864841773,0
spsa,pretrained,201,274.0,-5.402441957747496,-5.402441957747496,0
spsa,pretrained,202,276.0,-5.418730968136241,-5.418730968136241,0
spsa,pretrained,203,278.0,-5.421514350387325,-5.421514350387325,0
spsa,pretrained,204,280.0,-5.412095978372193,-5.412095978372193,0
spsa,pretrained,205,282.0,-5.428276993449561,-5.428276993449561,0
spsa,pretrained,206,284.0,-5.427225809966949,-5.427225809966949,0
spsa,pretrained,207,286.0,-5.424348149406046,-5.424348149406046,0
spsa,pretrained,208,288.0,-5.4359275114096475,-5.4359275114096475,0
spsa,pretrained,209,290.0,-5.4706523747228974,-5.4706523747228974,0
spsa,pretrained,210,292.0,-5.46574831603698,-5.46574831603698,0
spsa,pretrained,211,294.0,-5.48307096553259,-5.48307096553259,0
spsa,pretrained,212,296.0,-5.495593720178537,-5.495593720178537,0
spsa,pretrained,213,298.0,-5.484458298966667,-5.484458298966667,0
spsa,pretrained,214,300.0,-5.50551866609817,-5.50551866609817,0
spsa,pretrained,215,302.0,-5.485681687368633,-5.485681687368633,0
spsa,pretrained,216,304.0,-5.500001093180526,-5.500001093180526,0
spsa,pretrained,217,306.0,-5.498571500530254,-5.498571500530254,0
spsa,pretrained,218,308.0,-5.499590093190005,-5.499590093190005,0
spsa,pretrained,219,310.0,-5.518805215264788,-5.518805215264788,0
spsa,pretrained,220,312.0,-5.520070841105099,-5.520070841105099,0
spsa,pretrained,221,314.0,-5.5295862291500075,-5.5295862291500075,0
spsa,pretrained,222,316.0,-5.524207595469772,-5.524207595469772,0
spsa,pretrained,223,318.0,-5.534330888275753,-5.534330888275753,0
spsa,pretrained,224,320.0,-5.545709030971657,-5.545709030971657,0
spsa,pretrained,225,322.0,-5.577151207627887,-5.577151207627887,0
spsa,pretrained,226,324.0,-5.555481938487302,-5.555481938487302,0
spsa,pretrained,227,326.0,-5.571562935554645,-5.571562935554645,0
spsa,pretrained,228,328.0,-5.574186228215428,-5.574186228215428,0
spsa,pretrained,229,330.0,-5.561844446807434,-5.561844446807434,0
spsa,pretrained,230,332.0,-5.5914211043861,-5.5914211043861,0
spsa,pretrained,231,334.0,-5.568343730813793,-5.568343730813793,0
spsa,pretrained,232,336.0,-5.576020021102137,-5.576020021102137,0
spsa,pretrained,233,338.0,-5.579744816789212,-5.579744816789212,0
spsa,pretrained,234,340.0,-5.570032715281936,-5.570032715281936,0
spsa,pretrained,235,342.0,-5.610010543470747,-5.610010543470747,0
spsa,pretrained,236,344.0,-5.609119191320886,-5.609119191320886,0
spsa,pretrained,237,346.0,-5.624792379778442,-5.624792379778442,0
spsa,pretrained,238,348.0,-5.625011203668707,-5.625011203668707,0
spsa,pretrained,239,350.0,-5.638140204523012,-5.638140204523012,0
spsa,pretrained,240,352.0,-5.639002976926126,-5.639002976926126,0
spsa,pretrained,241,354.0,-5.650551698745653,-5.650551698745653,0
spsa,pretrained,242,356.0,-5.649973694070654,-5.649973694070654,0
spsa,pretrained,243,358.0,-5.618542813864682,-5.618542813864682,0
spsa,pretrained,244,360.0,-5.62356502116919,-5.62356502116919,0
spsa,pretrained,245,362.0,-5.641500475349197,-5.641500475349197,0
spsa,pretrained,246,364.0,-5.640287605418724,-5.640287605418724,0
spsa,pretrained,247,366.0,-5.651024181066989,-5.651024181066989,0
spsa,pretrained,248,368.0,-5.662073663775181,-5.662073663775181,0
spsa,pretrained,249,370.0,-5.672860235185426,-5.672860235185426,0
spsa,pretrained,250,372.0,-5.683930574761768,-5.683930574761768,0
spsa,pretrained,251,374.0,-5.708159301069818,-5.708159301069818,0
spsa,pretrained,252,376.0,-5.698208046512331,-5.698208046512331,0
spsa,pretrained,253,378.0,-5.6984786418555995,-5.6984786418555995,0
spsa,pretrained,254,380.0,-5.714968051110073,-5.714968051110073,0
spsa,pretrained,255,382.0,-5.728241964429033,-5.728241964429033,0
spsa,pretrained,256,384.0,-5.725702714215197,-5.725702714215197,0
spsa,pretrained,257,386.0,-5.732403475871479,-5.732403475871479,0
spsa,pretrained,258,388.0,-5.7165131163838705,-5.7165131163838705,0
spsa,pretrained,259,390.0,-5.733849182396686,-5.733849182396686,0
spsa,pretrained,260,392.0,-5.724456086794733,-5.724456086794733,0
spsa,pretrained,261,394.0,-5.723036169907589,-5.723036169907589,0
spsa,pretrained,262,396.0,-5.711544090346482,-5.711544090346482,0
spsa,pretrained,263,398.0,-5.736102641925443,-5.736102641925443,0
spsa,pretrained,264,400.0,-5.743420623949221,-5.743420623949221,0
spsa,pretrained,265,402.0,-5.747240741123086,-5.747240741123086,0
spsa,pretrained,266,404.0,-5.743308137441655,-5.743308137441655,0
spsa,pretrained,267,406.0,-5.755969627301033,-5.755969627301033,0
spsa,pretrained,268,408.0,-5.728427112800096,-5.728427112800096,0
spsa,pretrained,269,410.0,-5.732132062483397,-5.732132062483397,0
spsa,pretrained,270,412.0,-5.759225890662916,-5.759225890662916,0
spsa,pretrained,271,414.0,-5.736971157493726,-5.736971157493726,0
spsa,pretrained,272,416.0,-5.759274054966422,-5.759274054966422,0
spsa,pretrained,273,418.0,-5.777722117517837,-5.777722117517837,0
spsa,pretrained,274,420.0,-5.781520134855164,-5.781520134855164,0
spsa,pretrained,275,422.0,-5.787734617630472,-5.787734617630472,0
spsa,pretrained,276,424.0,-5.7908329155232146,-5.7908329155232146,0
spsa,pretrained,277,426.0,-5.797090126285103,-5.797090126285103,0
spsa,pretrained,278,428.0,-5.765717144869917,-5.765717144869917,0
spsa,pretrained,279,430.0,-5.7897873784344505,-5.7897873784344505,0
spsa,pretrained,280,432.0,-5.819164330477658,-5.819164330477658,0
spsa,pretrained,281,434.0,-5.814368111994636,-5.814368111994636,0
spsa,pretrained,282,436.0,-5.828210237934995,-5.828210237934995,0
spsa,pretrained,283,438.0,-5.829681996732484,-5.829681996732484,0
spsa,pretrained,284,440.0,-5.832033331753257,-5.832033331753257,0
spsa,pretrained,285,442.0,-5.8413569038284,-5.8413569038284,0
spsa,pretrained,286,444.0,-5.824078659926126,-5.824078659926126,0
spsa,pretrained,287,446.0,-5.811770777772888,-5.811770777772888,0
spsa,pretrained,288,448.0,-5.851643925211883,-5.851643925211883,0
spsa,pretrained,289,450.0,-5.864959283361713,-5.864959283361713,0
spsa,pretrained,290,452.0,-5.881758474315143,-5.881758474315143,0
spsa,pretrained,291,454.0,-5.864997888092866,-5.864997888092866,0
spsa,pretrained,292,456.0,-5.886113383023129,-5.886113383023129,0
spsa,pretrained,293,458.0,-5.891006699638394,-5.891006699638394,0
spsa,pretrained,294,460.0,-5.872360221187991,-5.872360221187991,0
spsa,pretrained,295,462.0,-5.900206122298526,-5.900206122298526,0
spsa,pretrained,296,464.0,-5.874944420178426,-5.874944420178426,0
spsa,pretrained,297,466.0,-5.918360630047864,-5.918360630047864,0
spsa,pretrained,298,468.0,-5.8918187457690525,-5.8918187457690525,0
spsa,pretrained,299,470.0,-5.9246838514424685,-5.9246838514424685,0
spsa,pretrained,300,472.0,-5.929329965341278,-5.929329965341278,0
spsa,pretrained,301,474.0,-5.906084250709124,-5.906084250709124,0
spsa,pretrained,302,476.0,-5.9208105198978735,-5.9208105198978735,0
spsa,pretrained,303,478.0,-5.926737846980052,-5.926737846980052,0
spsa,pretrained,304,480.0,-5.918475546933026,-5.918475546933026,0
spsa,pretrained,305,482.0,-5.952816204014859,-5.952816204014859,0
spsa,pretrained,306,484.0,-5.920521564598537,-5.920521564598537,0
spsa,pretrained,307,486.0,-5.946662804705853,-5.946662804705853,0
spsa,pretrained,308,488.0,-5.94792702409131,-5.94792702409131,0
spsa,pretrained,309,490.0,-5.95104222265566,-5.95104222265566,0
spsa,pretrained,310,492.0,-5.954052858625959,-5.954052858625959,0
spsa,pretrained,311,494.0,-5.969691393686417,-5.969691393686417,0
spsa,pretrained,312,496.0,-5.980099085447842,-5.980099085447842,0
spsa,pretrained,313,498.0,-5.988238912434606,-5.988238912434606,0
spsa,pretrained,314,500.0,-5.975334366870042,-5.975334366870042,0
spsa,pretrained,315,502.0,-6.0077657056372615,-6.0077657056372615,0
spsa,pretrained,316,504.0,-6.001113921655422,-6.001113921655422,0
spsa,pretrained,317,506.0,-6.02588510914245,-6.02588510914245,0
spsa,pretrained,318,508.0,-6.019646376563479,-6.019646376563479,0
spsa,pretrained,319,510.0,-6.006279379262857,-6.006279379262857,0
spsa,pretrained,320,512.0,-6.043586871105898,-6.043586871105898,0
spsa,pretrained,321,514.0,-6.047832160541102,-6.047832160541102,0
spsa,pretrained,322,516.0,-6.020300377462762,-6.020300377462762,0
spsa,pretrained,323,518.0,-6.048718635087724,-6.048718635087724,0
spsa,pretrained,324,520.0,-6.052240707867922,-6.052240707867922,0
spsa,pretrained,325,522.0,-6.037726211923334,-6.037726211923334,0
spsa,pretrained,326,524.0,-6.081404258783511,-6.081404258783511,0
spsa,pretrained,327,526.0,-6.04824500613001,-6.04824500613001,0
spsa,pretrained,328,528.0,-6.032637836084785,-6.032637836084785,0
spsa,pretrained,329,530.0,-6.0609382602063695,-6.0609382602063695,0
spsa,pretrained,330,532.0,-6.059199486616945,-6.059199486616945,0
spsa,pretrained,331,534.0,-6.055411438969449,-6.055411438969449,0
spsa,pretrained,332,536.0,-6.079954927984237,-6.079954927984237,0
spsa,pretrained,333,538.0,-6.084758219976463,-6.084758219976463,0
spsa,pretrained,334,540.0,-6.089319203331968,-6.089319203331968,0
spsa,pretrained,335,542.0,-6.077058175082419,-6.077058175082419,0
spsa,pretrained,336,544.0,-6.069113166991496,-6.069113166991496,0
spsa,pretrained,337,546.0,-6.075360923487134,-6.075360923487134,0
spsa,pretrained,338,548.0,-6.098315496575834,-6.098315496575834,0
spsa,pretrained,339,550.0,-6.094251998427135,-6.094251998427135,0
spsa,pretrained,340,552.0,-6.087364217886085,-6.087364217886085,0
spsa,pretrained,341,554.0,-6.093866344947298,-6.093866344947298,0
spsa,pretrained,342,556.0,-6.105481058277026,-6.105481058277026,0
spsa,pretrained,343,558.0,-6.114418468268198,-6.114418468268198,0
spsa,pretrained,344,560.0,-6.11392901091801,-6.11392901091801,0
spsa,pretrained,345,562.0,-6.095346318550346,-6.095346318550346,0
spsa,pretrained,346,564.0,-6.109637811860959,-6.109637811860959,0
spsa,pretrained,347,566.0,-6.120487636412394,-6.120487636412394,0
spsa,pretrained,348,568.0,-6.115277798166259,-6.115277798166259,0
spsa,pretrained,349,570.0,-6.122172234410159,-6.122172234410159,0
spsa,pretrained,350,572.0,-6.129331544821056,-6.129331544821056,0
spsa,pretrained,351,574.0,-6.11408861496497,-6.11408861496497,0
spsa,pretrained,352,576.0,-6.107378624642589,-6.107378624642589,0
spsa,pretrained,353,578.0,-6.141018554424077,-6.141018554424077,0
spsa,pretrained,354,580.0,-6.13262203979113,-6.13262203979113,0
spsa,pretrained,355,582.0,-6.164808634780119,-6.164808634780119,0
spsa,pretrained,356,584.0,-6.1748469583075645,-6.1748469583075645,0
spsa,pretrained,357,586.0,-6.173352640054591,-6.173352640054591,0
spsa,pretrained,358,588.0,-6.172985146367366,-6.172985146367366,0
spsa,pretrained,359,590.0,-6.166624537529525,-6.166624537529525,0
spsa,pretrained,360,592.0,-6.182065148777116,-6.182065148777116,0
spsa,pretrained,361,594.0,-6.181948001862491,-6.181948001862491,0
spsa,pretrained,362,596.0,-6.180572245176833,-6.180572245176833,0
spsa,pretrained,363,598.0,-6.180261867519533,-6.180261867519533,0
spsa,pretrained,364,600.0,-6.198230619539206,-6.198230619539206,0
spsa,pretrained,365,602.0,-6.181665807793036,-6.181665807793036,0
spsa,pretrained,366,604.0,-6.195291208150485,-6.195291208150485,0
spsa,pretrained,367,606.0,-6.200528307950539,-6.200528307950539,0
spsa,pretrained,368,608.0,-6.213049123529789,-6.213049123529789,0
spsa,pretrained,369,610.0,-6.217504823516075,-6.217504823516075,0
spsa,pretrained,370,612.0,-6.223880913146765,-6.223880913146765,0
spsa,pretrained,371,614.0,-6.225168207262554,-6.225168207262554,0
spsa,pretrained,372,616.0,-6.241338846442947,-6.241338846442947,0
spsa,pretrained,373,618.0,-6.228352341052698,-6.228352341052698,0
spsa,pretrained,374,620.0,-6.225103597680163,-6.225103597680163,0
spsa,pretrained,375,622.0,-6.24343440704928,-6.24343440704928,0
spsa,pretrained,376,624.0,-6.2322060860888335,-6.2322060860888335,0
spsa,pretrained,377,626.0,-6.24707484224319,-6.24707484224319,0
spsa,pretrained,378,628.0,-6.244965811662706,-6.244965811662706,0
spsa,pretrained,379,630.0,-6.2444704999269565,-6.2444704999269565,0
spsa,pretrained,380,632.0,-6.2593280432054925,-6.2593280432054925,0
spsa,pretrained,381,634.0,-6.241243432174983,-6.241243432174983,0
spsa,pretrained,382,636.0,-6.257249084549203,-6.257249084549203,0
spsa,pretrained,383,638.0,-6.265026913521568,-6.265026913521568,0
spsa,pretrained,384,640.0,-6.274402217480266,-6.274402217480266,0
spsa,pretrained,385,642.0,-6.3058169666745645,-6.3058169666745645,0
spsa,pretrained,386,644.0,-6.321770428482155,-6.321770428482155,0
spsa,pretrained,387,646.0,-6.409477011441627,-6.409477011441627,0
spsa,pretrained,388,648.0,-6.409789200164107,-6.409789200164107,0
spsa,pretrained,389,650.0,-6.40413139973958,-6.40413139973958,0
spsa,pretrained,390,652.0,-6.430851054008922,-6.430851054008922,0
spsa,pretrained,391,654.0,-6.425730500967671,-6.425730500967671,0
spsa,pretrained,392,656.0,-6.418358644758894,-6.418358644758894,0
spsa,pretrained,393,658.0,-6.42310530984774,-6.42310530984774,0
spsa,pretrained,394,660.0,-6.428483973030309,-6.428483973030309,0
spsa,pretrained,395,662.0,-6.420210720458051,-6.420210720458051,0
spsa,pretrained,396,664.0,-6.4409427779799575,-6.4409427779799575,0
spsa,pretrained,397,666.0,-6.419528166755191,-6.419528166755191,0
spsa,pretrained,398,668.0,-6.445498502343005,-6.445498502343005,0
spsa,pretrained,399,670.0,-6.438631098902778,-6.438631098902778,0
spsa,pretrained,400,672.0,-6.460108989012518,-6.460108989012518,0
spsa,pretrained,401,674.0,-6.455641341270906,-6.455641341270906,0
spsa,pretrained,402,676.0,-6.449001400563243,-6.449001400563243,0
spsa,pretrained,403,678.0,-6.452422876808317,-6.452422876808317,0
spsa,pretrained,404,680.0,-6.481100871532791,-6.481100871532791,0
spsa,pretrained,405,682.0,-6.5194826968926405,-6.5194826968926405,0
spsa,pretrained,406,684.0,-6.493487320535861,-6.493487320535861,0
spsa,pretrained,407,686.0,-6.494955410965591,-6.494955410965591,0
spsa,pretrained,408,688.0,-6.516979426951469,-6.516979426951469,0
spsa,pretrained,409,690.0,-6.534246184602541,-6.534246184602541,0
spsa,pretrained,410,692.0,-6.518351394957916,-6.518351394957916,0
spsa,pretrained,411,694.0,-6.5229780748673925,-6.5229780748673925,0
spsa,pretrained,412,696.0,-6.528165378622442,-6.528165378622442,0
spsa,pretrained,413,698.0,-6.53397281503312,-6.53397281503312,0
spsa,pretrained,414,700.0,-6.556162446722341,-6.556162446722341,0
spsa,pretrained,415,702.0,-6.533595762986796,-6.533595762986796,0
spsa,pretrained,416,704.0,-6.553591474119394,-6.553591474119394,0
spsa,pretrained,417,706.0,-6.553302665420386,-6.553302665420386,0
spsa,pretrained,418,708.0,-6.567231610980172,-6.567231610980172,0
spsa,pretrained,419,710.0,-6.578171698819075,-6.578171698819075,0
spsa,pretrained,420,712.0,-6.585468407407454,-6.585468407407454,0
spsa,pretrained,421,714.0,-6.594129568286951,-6.594129568286951,0
spsa,pretrained,422,716.0,-6.566703158863124,-6.566703158863124,0
spsa,pretrained,423,718.0,-6.592017355955749,-6.592017355955749,0
spsa,pretrained,424,720.0,-6.602094936778191,-6.602094936778191,0
spsa,pretrained,425,722.0,-6.622481329512451,-6.622481329512451,0
spsa,pretrained,426,724.0,-6.635742874295913,-6.635742874295913,0
spsa,pretrained,427,726.0,-6.639399349124785,-6.639399349124785,0
spsa,pretrained,428,728.0,-6.617617427497066,-6.617617427497066,0
spsa,pretrained,429,730.0,-6.660673733711707,-6.660673733711707,0
spsa,pretrained,430,732.0,-6.672579029396465,-6.672579029396465,0
spsa,pretrained,431,734.0,-6.669248341672606,-6.669248341672606,0
spsa,pretrained,432,736.0,-6.666303887513268,-6.666303887513268,0
spsa,pretrained,433,738.0,-6.662976163105263,-6.662976163105263,0
spsa,pretrained,434,740.0,-6.69134727439817,-6.69134727439817,0
spsa,pretrained,435,742.0,-6.677607330743306,-6.677607330743306,0
spsa,pretrained,436,744.0,-6.684926921713641,-6.684926921713641,0
spsa,pretrained,437,746.0,-6.679162860593921,-6.679162860593921,0
spsa,pretrained,438,748.0,-6.693919729466126,-6.693919729466126,0
spsa,pretrained,439,750.0,-6.674544116781821,-6.674544116781821,0
spsa,pretrained,440,752.0,-6.705549100893968,-6.705549100893968,0
spsa,pretrained,441,754.0,-6.681127519313155,-6.681127519313155,0
spsa,pretrained,442,756.0,-6.702703498998879,-6.702703498998879,0
spsa,pretrained,443,758.0,-6.706179976969594,-6.706179976969594,0
spsa,pretrained,444,760.0,-6.714585863503696,-6.714585863503696,0
spsa,pretrained,445,762.0,-6.713053849494835,-6.713053849494835,0
spsa,pretrained,446,764.0,-6.712810178987239,-6.712810178987239,0
spsa,pretrained,447,766.0,-6.70957456089065,-6.70957456089065,0
spsa,pretrained,448,768.0,-6.728429752366424,-6.728429752366424,0
spsa,pretrained,449,770.0,-6.737485641990564,-6.737485641990564,0
spsa,pretrained,450,772.0,-6.7330021698873095,-6.7330021698873095,0
spsa,pretrained,451,774.0,-6.71083421738483,-6.71083421738483,0
spsa,pretrained,452,776.0,-6.712531326542733,-6.712531326542733,0
spsa,pretrained,453,778.0,-6.73574963322162,-6.73574963322162,0
spsa,pretrained,454,780.0,-6.724760560304003,-6.724760560304003,0
spsa,pretrained,455,782.0,-6.740746206545378,-6.740746206545378,0
spsa,pretrained,456,784.0,-6.7485624993586395,-6.7485624993586395,0
spsa,pretrained,457,786.0,-6.738429076097415,-6.738429076097415,0
spsa,pretrained,458,788.0,-6.753476514851458,-6.753476514851458,0
spsa,pretrained,459,790.0,-6.728343080148132,-6.728343080148132,0
spsa,pretrained,460,792.0,-6.776826635858855,-6.776826635858855,0
spsa,pretrained,461,794.0,-6.752616707945126,-6.752616707945126,0
spsa,pretrained,462,796.0,-6.760090367418433,-6.760090367418433,0
spsa,pretrained,463,798.0,-6.762356295530941,-6.762356295530941,0
spsa,pretrained,464,800.0,-6.773870828921081,-6.773870828921081,0
spsa,pretrained,465,802.0,-6.782847602867384,-6.782847602867384,0
spsa,pretrained,466,804.0,-6.771691503178067,-6.771691503178067,0
spsa,pretrained,467,806.0,-6.782089662394549,-6.782089662394549,0
spsa,pretrained,468,808.0,-6.782738642189104,-6.782738642189104,0
spsa,pretrained,469,810.0,-6.782998432743254,-6.782998432743254,0
spsa,pretrained,470,812.0,-6.791574302173675,-6.791574302173675,0
spsa,pretrained,471,814.0,-6.799329204026854,-6.799329204026854,0
spsa,pretrained,472,816.0,-6.781066620597815,-6.781066620597815,0
spsa,pretrained,473,818.0,-6.78677325479218,-6.78677325479218,0
spsa,pretrained,474,820.0,-6.80380827171332,-6.80380827171332,0
spsa,pretrained,475,822.0,-6.787876333175774,-6.787876333175774,0
spsa,pretrained,476,824.0,-6.783398396424465,-6.783398396424465,0
spsa,pretrained,477,826.0,-6.789149755348683,-6.789149755348683,0
spsa,pretrained,478,828.0,-6.796947324454809,-6.796947324454809,0
spsa,pretrained,479,830.0,-6.7958318449485144,-6.7958318449485144,0
spsa,pretrained,480,832.0,-6.7824589654609575,-6.7824589654609575,0
spsa,pretrained,481,834.0,-6.77700148946276,-6.77700148946276,0
spsa,pretrained,482,836.0,-6.778932403143525,-6.778932403143525,0
spsa,pretrained,483,838.0,-6.795739598751917,-6.795739598751917,0
spsa,pretrained,484,840.0,-6.799954472649043,-6.799954472649043,0
spsa,pretrained,485,842.0,-6.799115860024974,-6.799115860024974,0
spsa,pretrained,486,844.0,-6.811052069123562,-6.811052069123562,0
spsa,pretrained,487,846.0,-6.805506596446061,-6.805506596446061,0
spsa,pretrained,488,848.0,-6.795305220505783,-6.795305220505783,0
spsa,pretrained,489,850.0,-6.810056240277447,-6.810056240277447,0
spsa,pretrained,490,852.0,-6.823850318589779,-6.823850318589779,0
spsa,pretrained,491,854.0,-6.813879019271402,-6.813879019271402,0
spsa,pretrained,492,856.0,-6.799085648500786,-6.799085648500786,0
spsa,pretrained,493,858.0,-6.825106984192731,-6.825106984192731,0
spsa,pretrained,494,860.0,-6.814218638250248,-6.814218638250248,0
spsa,pretrained,495,862.0,-6.826197650163451,-6.826197650163451,0
spsa,pretrained,496,864.0,-6.845261757276391,-6.845261757276391,0
spsa,pretrained,497,866.0,-6.840209460331494,-6.840209460331494,0
spsa,pretrained,498,868.0,-6.866653283214969,-6.866653283214969,0
spsa,pretrained,499,870.0,-6.837543806740493,-6.837543806740493,0
adam,standard,0,2.0,-4.081831523130387,-4.081831523130387,0
adam,standard,1,4.0,-4.3974283801781855,-4.3974283801781855,0
adam,standard,2,6.0,-4.689231544320636,-4.689231544320636,0
adam,standard,3,8.0,-4.9573933529943455,-4.9573933529943455,0
adam,standard,4,10.0,-5.189217709196742,-5.189217709196742,0
adam,standard,5,12.0,-5.359324304414284,-5.359324304414284,0
adam,standard,6,14.0,-5.464242849072861,-5.464242849072861,0
adam,standard,7,16.0,-5.555472427000176,-5.555472427000176,0
adam,standard,8,18.0,-5.649498247446206,-5.649498247446206,0
adam,standard,9,20.0,-5.733550509193578,-5.733550509193578,0
adam,standard,10,22.0,-5.798643046963695,-5.798643046963695,0
adam,standard,11,24.0,-5.853603046940239,-5.853603046940239,0
adam,standard,12,26.0,-5.915346378199056,-5.915346378199056,0
adam,standard,13,28.0,-5.985974427898849,-5.985974427898849,0
adam,standard,14,30.0,-6.057120939549205,-6.057120939549205,0
adam,standard,15,32.0,-6.125715812327232,-6.125715812327232,0
adam,standard,16,34.0,-6.194452482264581,-6.194452482264581,0
adam,standard,17,36.0,-6.265193226449741,-6.265193226449741,0
adam,standard,18,38.0,-6.343297964309442,-6.343297964309442,0
adam,standard,19,40.0,-6.427746810427259,-6.427746810427259,0
adam,standard,20,42.0,-6.507621412775521,-6.507621412775521,0
adam,standard,21,44.0,-6.578134224737744,-6.578134224737744,0
adam,standard,22,46.0,-6.644646898568234,-6.644646898568234,0
adam,standard,23,48.0,-6.724518081139921,-6.724518081139921,0
adam,standard,24,50.0,-6.828303795093269,-6.828303795093269,0
adam,standard,25,52.0,-6.945152126211035,-6.945152126211035,0
adam,standard,26,54.0,-7.0512485543117505,-7.0512485543117505,0
adam,standard,27,56.0,-7.120593616259367,-7.120593616259367,0
adam,standard,28,58.0,-7.150347926688213,-7.150347926688213,0
adam,standard,29,60.0,-7.164446962165222,-7.164446962165222,0
adam,standard,30,62.0,-7.178456199172136,-7.178456199172136,0
adam,standard,31,64.0,-7.1921179588700115,-7.1921179588700115,0
adam,standard,32,66.0,-7.203898495818216,-7.203898495818216,0
adam,standard,33,68.0,-7.216899454849345,-7.216899454849345,0
adam,standard,34,70.0,-7.235678829617361,-7.235678829617361,0
adam,standard,35,72.0,-7.258146841045437,-7.258146841045437,0
adam,standard,36,74.0,-7.276673642831474,-7.276673642831474,0
adam,standard,37,76.0,-7.289615417908396,-7.289615417908396,0
adam,standard,38,78.0,-7.299066547012246,-7.299066547012246,0
adam,standard,39,80.0,-7.30653306377228,-7.30653306377228,0
adam,standard,40,82.0,-7.314713601811512,-7.314713601811512,0
adam,standard,41,84.0,-7.3250439994131895,-7.3250439994131895,0
adam,standard,42,86.0,-7.337374771126963,-7.337374771126963,0
adam,standard,43,88.0,-7.351009757988158,-7.351009757988158,0
adam,standard,44,90.0,-7.365967922813081,-7.365967922813081,0
adam,standard,45,92.0,-7.385578658899061,-7.385578658899061,0
adam,standard,46,94.0,-7.412237182150605,-7.412237182150605,0
adam,standard,47,96.0,-7.43893726163678,-7.43893726163678,0
adam,standard,48,98.0,-7.461731716550166,-7.461731716550166,0
adam,standard,49,100.0,-7.4790460528643194,-7.4790460528643194,0
adam,standard,50,102.0,-7.494921071369652,-7.494921071369652,0
adam,standard,51,104.0,-7.511006850737836,-7.511006850737836,0
adam,standard,52,106.0,-7.524103709102786,-7.524103709102786,0
adam,standard,53,108.0,-7.532649819668736,-7.532649819668736,0
adam,standard,54,110.0,-7.5377985400768805,-7.5377985400768805,0
adam,standard,55,112.0,-7.539305094448818,-7.539305094448818,0
adam,standard,56,114.0,-7.539237276808833,-7.539237276808833,0
adam,standard,57,116.0,-7.538563970379402,-7.538563970379402,0
adam,standard,58,118.0,-7.5380156746875775,-7.5380156746875775,0
adam,standard,59,120.0,-7.537221596615223,-7.537221596615223,0
adam,standard,60,122.0,-7.536651750364427,-7.536651750364427,0
adam,standard,61,124.0,-7.537364568624386,-7.537364568624386,0
adam,standard,62,126.0,-7.5385936185488545,-7.5385936185488545,0
adam,standard,63,128.0,-7.539447245884741,-7.539447245884741,0
adam,standard,64,130.0,-7.539910385115766,-7.539910385115766,0
adam,standard,65,132.0,-7.541510481119146,-7.541510481119146,0
adam,standard,66,134.0,-7.543636767749458,-7.543636767749458,0
adam,standard,67,136.0,-7.545776049716316,-7.545776049716316,0
adam,standard,68,138.0,-7.547932074089943,-7.547932074089943,0
adam,standard,69,140.0,-7.5501877798537125,-7.5501877798537125,0
adam,standard,70,142.0,-7.552296204195598,-7.552296204195598,0
adam,standard,71,144.0,-7.554289836928022,-7.554289836928022,0
adam,standard,72,146.0,-7.555429480753046,-7.555429480753046,0
adam,standard,73,148.0,-7.555906455501457,-7.555906455501457,0
adam,standard,74,150.0,-7.556399013577777,-7.556399013577777,0
adam,standard,75,152.0,-7.556558954416671,-7.556558954416671,0
adam,standard,76,154.0,-7.556441356938027,-7.556441356938027,0
adam,standard,77,156.0,-7.5567450684167925,-7.5567450684167925,0
adam,standard,78,158.0,-7.556988182420762,-7.556988182420762,0
adam,standard,79,160.0,-7.556777640339276,-7.556777640339276,0
adam,standard,80,162.0,-7.55663331692566,-7.55663331692566,0
adam,standard,81,164.0,-7.556728653177345,-7.556728653177345,0
adam,standard,82,166.0,-7.5567612552703,-7.5567612552703,0
adam,standard,83,168.0,-7.556911387087661,-7.556911387087661,0
adam,standard,84,170.0,-7.557290617224266,-7.557290617224266,0
adam,standard,85,172.0,-7.55759647817705,-7.55759647817705,0
adam,standard,86,174.0,-7.557811662430022,-7.557811662430022,0
adam,standard,87,176.0,-7.558123423315544,-7.558123423315544,0
adam,standard,88,178.0,-7.558303113622052,-7.558303113622052,0
adam,standard,89,180.0,-7.558368951239115,-7.558368951239115,0
adam,standard,90,182.0,-7.558590043554712,-7.558590043554712,0
adam,standard,91,184.0,-7.558871705253342,-7.558871705253342,0
adam,standard,92,186.0,-7.558995652873032,-7.558995652873032,0
adam,standard,93,188.0,-7.559096086222401,-7.559096086222401,0
adam,standard,94,190.0,-7.559141471105205,-7.559141471105205,0
adam,standard,95,192.0,-7.559101145656475,-7.559101145656475,0
adam,standard,96,194.0,-7.559091489888264,-7.559091489888264,0
adam,standard,97,196.0,-7.5591274482262865,-7.5591274482262865,0
adam,standard,98,198.0,-7.559196771070817,-7.559196771070817,0
adam,standard,99,200.0,-7.55928277070742,-7.55928277070742,0
adam,standard,100,202.0,-7.5593479191849315,-7.5593479191849315,0
adam,standard,101,204.0,-7.559364671506957,-7.559364671506957,0
adam,standard,102,206.0,-7.559338583302934,-7.559338583302934,0
adam,standard,103,208.0,-7.559300986874934,-7.559300986874934,0
adam,standard,104,210.0,-7.559294609518638,-7.559294609518638,0
adam,standard,105,212.0,-7.559310104477927,-7.559310104477927,0
adam,standard,106,214.0,-7.559331938410361,-7.559331938410361,0
adam,standard,107,216.0,-7.559345325195594,-7.559345325195594,0
adam,standard,108,218.0,-7.559310088376331,-7.559310088376331,0
adam,standard,109,220.0,-7.559256123843831,-7.559256123843831,0
adam,standard,110,222.0,-7.559254712692206,-7.559254712692206,0
adam,standard,111,224.0,-7.55932048318206,-7.55932048318206,0
adam,standard,112,226.0,-7.559431217954299,-7.559431217954299,0
adam,standard,113,228.0,-7.5595417673504075,-7.5595417673504075,0
adam,standard,114,230.0,-7.559578289379931,-7.559578289379931,0
adam,standard,115,232.0,-7.559556646097049,-7.559556646097049,0
adam,standard,116,234.0,-7.559543489218103,-7.559543489218103,0
adam,standard,117,236.0,-7.5595483587200505,-7.5595483587200505,0
adam,standard,118,238.0,-7.559570154882804,-7.559570154882804,0
adam,standard,119,240.0,-7.559582608681302,-7.559582608681302,0
adam,standard,120,242.0,-7.5595606842553575,-7.5595606842553575,0
adam,standard,121,244.0,-7.559533693535268,-7.559533693535268,0
adam,standard,122,246.0,-7.559538605845099,-7.559538605845099,0
adam,standard,123,248.0,-7.5595830436457705,-7.5595830436457705,0
adam,standard,124,250.0,-7.5596394009367325,-7.5596394009367325,0
adam,standard,125,252.0,-7.559668282261228,-7.559668282261228,0
adam,standard,126,254.0,-7.559659718886358,-7.559659718886358,0
adam,standard,127,256.0,-7.559635184841688,-7.559635184841688,0
adam,standard,128,258.0,-7.559622823205511,-7.559622823205511,0
adam,standard,129,260.0,-7.5596352635958235,-7.5596352635958235,0
adam,standard,130,262.0,-7.559659832029656,-7.559659832029656,0
adam,standard,131,264.0,-7.5596753813244355,-7.5596753813244355,0
adam,standard,132,266.0,-7.559668919714638,-7.559668919714638,0
adam,standard,133,268.0,-7.559643844576357,-7.559643844576357,0
adam,standard,134,270.0,-7.559616940277393,-7.559616940277393,0
adam,standard,135,272.0,-7.559596618343586,-7.559596618343586,0
adam,standard,136,274.0,-7.5595802174270466,-7.5595802174270466,0
adam,standard,137,276.0,-7.5595610031882785,-7.5595610031882785,0
adam,standard,138,278.0,-7.559526185670201,-7.559526185670201,0
adam,standard,139,280.0,-7.559470622627118,-7.559470622627118,0
adam,standard,140,282.0,-7.559398131862941,-7.559398131862941,0
adam,standard,141,284.0,-7.559322656148389,-7.559322656148389,0
adam,standard,142,286.0,-7.559277056800364,-7.559277056800364,0
adam,standard,143,288.0,-7.559300740085836,-7.559300740085836,0
adam,standard,144,290.0,-7.559407447240903,-7.559407447240903,0
adam,standard,145,292.0,-7.559555546584349,-7.559555546584349,0
adam,standard,146,294.0,-7.559669377020672,-7.559669377020672,0
adam,standard,147,296.0,-7.559703090418419,-7.559703090418419,0
adam,standard,148,298.0,-7.559667676572453,-7.559667676572453,0
adam,standard,149,300.0,-7.559604365222093,-7.559604365222093,0
adam,standard,150,302.0,-7.5595519490081875,-7.5595519490081875,0
adam,standard,151,304.0,-7.559531207049841,-7.559531207049841,0
adam,standard,152,306.0,-7.559546871350184,-7.559546871350184,0
adam,standard,153,308.0,-7.559593232769212,-7.559593232769212,0
adam,standard,154,310.0,-7.559653103420975,-7.559653103420975,0
adam,standard,155,312.0,-7.559700558415113,-7.559700558415113,0
adam,standard,156,314.0,-7.559715060838813,-7.559715060838813,0
adam,standard,157,316.0,-7.559695917203567,-7.559695917203567,0
adam,standard,158,318.0,-7.559659983146047,-7.559659983146047,0
adam,standard,159,320.0,-7.559629566861641,-7.559629566861641,0
adam,standard,160,322.0,-7.5596203509646065,-7.5596203509646065,0
adam,standard,161,324.0,-7.55963408718038,-7.55963408718038,0
adam,standard,162,326.0,-7.559660751956554,-7.559660751956554,0
adam,standard,163,328.0,-7.55968678672187,-7.55968678672187,0
adam,standard,164,330.0,-7.559703831562844,-7.559703831562844,0
adam,standard,165,332.0,-7.559711721864797,-7.559711721864797,0
adam,standard,166,334.0,-7.559714227336397,-7.559714227336397,0
adam,standard,167,336.0,-7.559714192655314,-7.559714192655314,0
adam,standard,168,338.0,-7.559712098061681,-7.559712098061681,0
adam,standard,169,340.0,-7.559706951471732,-7.559706951471732,0
adam,standard,170,342.0,-7.559698374922366,-7.559698374922366,0
adam,standard,171,344.0,-7.559687297093832,-7.559687297093832,0
adam,standard,172,346.0,-7.559675534275273,-7.559675534275273,0
adam,standard,173,348.0,-7.559665141722444,-7.559665141722444,0
adam,standard,174,350.0,-7.559657365283067,-7.559657365283067,0
adam,standard,175,352.0,-7.559652022194614,-7.559652022194614,0
adam,standard,176,354.0,-7.559647391496696,-7.559647391496696,0
adam,standard,177,356.0,-7.559640971082183,-7.559640971082183,0
adam,standard,178,358.0,-7.559630634591889,-7.559630634591889,0
adam,standard,179,360.0,-7.559615749868998,-7.559615749868998,0
adam,standard,180,362.0,-7.559597605991469,-7.559597605991469,0
adam,standard,181,364.0,-7.559579038341331,-7.559579038341331,0
adam,standard,182,366.0,-7.559563524416024,-7.559563524416024,0
adam,standard,183,368.0,-7.5595538865482235,-7.5595538865482235,0
adam,standard,184,370.0,-7.559551281734269,-7.559551281734269,0
adam,standard,185,372.0,-7.559555097967851,-7.559555097967851,0
adam,standard,186,374.0,-7.559564175055335,-7.559564175055335,0
adam,standard,187,376.0,-7.559578869960556,-7.559578869960556,0
adam,standard,188,378.0,-7.559601472728042,-7.559601472728042,0
adam,standard,189,380.0,-7.559633501409486,-7.559633501409486,0
adam,standard,190,382.0,-7.559671795305083,-7.559671795305083,0
adam,standard,191,384.0,-7.559708042461291,-7.559708042461291,0
adam,standard,192,386.0,-7.559733574221108,-7.559733574221108,0
adam,standard,193,388.0,-7.559744830110928,-7.559744830110928,0
adam,standard,194,390.0,-7.5597445075194605,-7.5597445075194605,0
adam,standard,195,392.0,-7.559738372873492,-7.559738372873492,0
adam,standard,196,394.0,-7.559731312991196,-7.559731312991196,0
adam,standard,197,396.0,-7.559725272243335,-7.559725272243335,0
adam,standard,198,398.0,-7.559719341445416,-7.559719341445416,0
adam,standard,199,400.0,-7.559711076488979,-7.559711076488979,0
adam,standard,200,402.0,-7.559698007680306,-7.559698007680306,0
adam,standard,201,404.0,-7.559678635954081,-7.559678635954081,0
adam,standard,202,406.0,-7.559652684858744,-7.559652684858744,0
adam,standard,203,408.0,-7.55962088413178,-7.55962088413178,0
adam,standard,204,410.0,-7.5595847269983105,-7.5595847269983105,0
adam,standard,205,412.0,-7.559546475760653,-7.559546475760653,0
adam,standard,206,414.0,-7.559509326053598,-7.559509326053598,0
adam,standard,207,416.0,-7.559477442190956,-7.559477442190956,0
adam,standard,208,418.0,-7.559456040679779,-7.559456040679779,0
adam,standard,209,420.0,-7.559452012267583,-7.559452012267583,0
adam,standard,210,422.0,-7.559474180516578,-7.559474180516578,0
adam,standard,211,424.0,-7.55952919455789,-7.55952919455789,0
adam,standard,212,426.0,-7.559611419446682,-7.559611419446682,0
adam,standard,213,428.0,-7.559696968725611,-7.559696968725611,0
adam,standard,214,430.0,-7.559755305726741,-7.559755305726741,0
adam,standard,215,432.0,-7.559770594495292,-7.559770594495292,0
adam,standard,216,434.0,-7.559750212718218,-7.559750212718218,0
adam,standard,217,436.0,-7.5597150297670686,-7.5597150297670686,0
adam,standard,218,438.0,-7.55968478439605,-7.55968478439605,0
adam,standard,219,440.0,-7.559669285198662,-7.559669285198662,0
adam,standard,220,442.0,-7.559667806103609,-7.559667806103609,0
adam,standard,221,444.0,-7.559674962393698,-7.559674962393698,0
adam,standard,222,446.0,-7.559687618981368,-7.559687618981368,0
adam,standard,223,448.0,-7.5597063862497205,-7.5597063862497205,0
adam,standard,224,450.0,-7.5597312922943605,-7.5597312922943605,0
adam,standard,225,452.0,-7.559757832485025,-7.559757832485025,0
adam,standard,226,454.0,-7.5597783517763535,-7.5597783517763535,0
adam,standard,227,456.0,-7.559787103322078,-7.559787103322078,0
adam,standard,228,458.0,-7.559783861640382,-7.559783861640382,0
adam,standard,229,460.0,-7.559773359800705,-7.559773359800705,0
adam,standard,230,462.0,-7.559761878494452,-7.559761878494452,0
adam,standard,231,464.0,-7.559753890358728,-7.559753890358728,0
adam,standard,232,466.0,-7.5597506254949725,-7.5597506254949725,0
adam,standard,233,468.0,-7.55975070724452,-7.55975070724452,0
adam,standard,234,470.0,-7.559751889993621,-7.559751889993621,0
adam,standard,235,472.0,-7.559752694006934,-7.559752694006934,0
adam,standard,236,474.0,-7.55975311732665,-7.55975311732665,0
adam,standard,237,476.0,-7.559754272576467,-7.559754272576467,0
adam,standard,238,478.0,-7.559757383317878,-7.559757383317878,0
adam,standard,239,480.0,-7.5597628381585595,-7.5597628381585595,0
adam,standard,240,482.0,-7.559769873906721,-7.559769873906721,0
adam,standard,241,484.0,-7.5597770082119595,-7.5597770082119595,0
adam,standard,242,486.0,-7.559782865526509,-7.559782865526509,0
adam,standard,243,488.0,-7.559786830425817,-7.559786830425817,0
adam,standard,244,490.0,-7.5597891688539205,-7.5597891688539205,0
adam,standard,245,492.0,-7.55979065556628,-7.55979065556628,0
adam,standard,246,494.0,-7.5597920265660745,-7.5597920265660745,0
adam,standard,247,496.0,-7.559793582359619,-7.559793582359619,0
adam,standard,248,498.0,-7.559795086668362,-7.559795086668362,0
adam,standard,249,500.0,-7.559795912073328,-7.559795912073328,0
adam,standard,250,502.0,-7.559795274114669,-7.559795274114669,0
adam,standard,251,504.0,-7.559792404561799,-7.559792404561799,0
adam,standard,252,506.0,-7.559786583184746,-7.559786583184746,0
adam,standard,253,508.0,-7.55977703308287,-7.55977703308287,0
adam,standard,254,510.0,-7.559762739358387,-7.559762739358387,0
adam,standard,255,512.0,-7.559742274700073,-7.559742274700073,0
adam,standard,256,514.0,-7.5597137380709984,-7.5597137380709984,0
adam,standard,257,516.0,-7.559674948938057,-7.559674948938057,0
adam,standard,258,518.0,-7.5596241459146105,-7.5596241459146105,0
adam,standard,259,520.0,-7.5595615182903035,-7.5595615182903035,0
adam,standard,260,522.0,-7.559491841725539,-7.559491841725539,0
adam,standard,261,524.0,-7.559427686275979,-7.559427686275979,0
adam,standard,262,526.0,-7.559390700980901,-7.559390700980901,0
adam,standard,263,528.0,-7.559406048885022,-7.559406048885022,0
adam,standard,264,530.0,-7.559486866745414,-7.559486866745414,0
adam,standard,265,532.0,-7.559616811729416,-7.559616811729416,0
adam,standard,266,534.0,-7.559750014660595,-7.559750014660595,0
adam,standard,267,536.0,-7.559836869339942,-7.559836869339942,0
adam,standard,268,538.0,-7.559854637056097,-7.559854637056097,0
adam,standard,269,540.0,-7.559816450091252,-7.559816450091252,0
adam,standard,270,542.0,-7.559757356080709,-7.559757356080709,0
adam,standard,271,544.0,-7.559713721505984,-7.559713721505984,0
adam,standard,272,546.0,-7.5597076442965365,-7.5597076442965365,0
adam,standard,273,548.0,-7.559740047909772,-7.559740047909772,0
adam,standard,274,550.0,-7.5597936882314,-7.5597936882314,0
adam,standard,275,552.0,-7.559844073233201,-7.559844073233201,0
adam,standard,276,554.0,-7.559872350123066,-7.559872350123066,0
adam,standard,277,556.0,-7.559873178600685,-7.559873178600685,0
adam,standard,278,558.0,-7.559854695509239,-7.559854695509239,0
adam,standard,279,560.0,-7.55983229885903,-7.55983229885903,0
adam,standard,280,562.0,-7.559820546992235,-7.559820546992235,0
adam,standard,281,564.0,-7.559826781900116,-7.559826781900116,0
adam,standard,282,566.0,-7.559848462699752,-7.559848462699752,0
adam,standard,283,568.0,-7.559875370083989,-7.559875370083989,0
adam,standard,284,570.0,-7.559895827089777,-7.559895827089777,0
adam,standard,285,572.0,-7.559903327235663,-7.559903327235663,0
adam,standard,286,574.0,-7.55989917650531,-7.55989917650531,0
adam,standard,287,576.0,-7.559890206809189,-7.559890206809189,0
adam,standard,288,578.0,-7.559884078169979,-7.559884078169979,0
adam,standard,289,580.0,-7.559885344488573,-7.559885344488573,0
adam,standard,290,582.0,-7.559894015499647,-7.559894015499647,0
adam,standard,291,584.0,-7.559906638440641,-7.559906638440641,0
adam,standard,292,586.0,-7.5599187630849025,-7.5599187630849025,0
adam,standard,293,588.0,-7.559927170672542,-7.559927170672542,0
adam,standard,294,590.0,-7.559930929658924,-7.559930929658924,0
adam,standard,295,592.0,-7.559931184829082,-7.559931184829082,0
adam,standard,296,594.0,-7.559930236182741,-7.559930236182741,0
adam,standard,297,596.0,-7.559930432313985,-7.559930432313985,0
adam,standard,298,598.0,-7.559933257766377,-7.559933257766377,0
adam,standard,299,600.0,-7.559938869228017,-7.559938869228017,0
adam,standard,300,602.0,-7.559946213704888,-7.559946213704888,0
adam,standard,301,604.0,-7.5599536663457165,-7.5599536663457165,0
adam,standard,302,606.0,-7.559959846613925,-7.559959846613925,0
adam,standard,303,608.0,-7.559964211197276,-7.559964211197276,0
adam,standard,304,610.0,-7.559967128341455,-7.559967128341455,0
adam,standard,305,612.0,-7.559969499382802,-7.559969499382802,0
adam,standard,306,614.0,-7.559972220154823,-7.559972220154823,0
adam,standard,307,616.0,-7.559975799281291,-7.559975799281291,0
adam,standard,308,618.0,-7.559980283966177,-7.559980283966177,0
adam,standard,309,620.0,-7.559985416768616,-7.559985416768616,0
adam,standard,310,622.0,-7.559990849864709,-7.559990849864709,0
adam,standard,311,624.0,-7.55999628227675,-7.55999628227675,0
adam,standard,312,626.0,-7.560001504107281,-7.560001504107281,0
adam,standard,313,628.0,-7.560006400311571,-7.560006400311571,0
adam,standard,314,630.0,-7.560010961379386,-7.560010961379386,0
adam,standard,315,632.0,-7.560015293676679,-7.560015293676679,0
adam,standard,316,634.0,-7.560019592395202,-7.560019592395202,0
adam,standard,317,636.0,-7.560024069563789,-7.560024069563789,0
adam,standard,318,638.0,-7.560028867894974,-7.560028867894974,0
adam,standard,319,640.0,-7.560034015170119,-7.560034015170119,0
adam,standard,320,642.0,-7.5600394423977555,-7.5600394423977555,0
adam,standard,321,644.0,-7.560045044174448,-7.560045044174448,0
adam,standard,322,646.0,-7.560050734150917,-7.560050734150917,0
adam,standard,323,648.0,-7.560056464815528,-7.560056464815528,0
adam,standard,324,650.0,-7.560062216120001,-7.560062216120001,0
adam,standard,325,652.0,-7.560067980117758,-7.560067980117758,0
adam,standard,326,654.0,-7.560073758326365,-7.560073758326365,0
adam,standard,327,656.0,-7.560079568071518,-7.560079568071518,0
adam,standard,328,658.0,-7.560085440915147,-7.560085440915147,0
adam,standard,329,660.0,-7.560091407833966,-7.560091407833966,0
adam,standard,330,662.0,-7.5600974823697245,-7.5600974823697245,0
adam,standard,331,664.0,-7.560103655556781,-7.560103655556781,0
adam,standard,332,666.0,-7.5601099043941025,-7.5601099043941025,0
adam,standard,333,668.0,-7.5601161995329615,-7.5601161995329615,0
adam,standard,334,670.0,-7.560122498288955,-7.560122498288955,0
adam,standard,335,672.0,-7.5601287200234335,-7.5601287200234335,0
adam,standard,336,674.0,-7.560134708048433,-7.560134708048433,0
adam,standard,337,676.0,-7.56014017150785,-7.56014017150785,0
adam,standard,338,678.0,-7.560144576277873,-7.560144576277873,0
adam,standard,339,680.0,-7.560146928719665,-7.560146928719665,0
adam,standard,340,682.0,-7.56014538586194,-7.56014538586194,0
adam,standard,341,684.0,-7.560136684357623,-7.560136684357623,0
adam,standard,342,686.0,-7.5601157626958795,-7.5601157626958795,0
adam,standard,343,688.0,-7.56007734099834,-7.56007734099834,0
adam,standard,344,690.0,-7.560023857910083,-7.560023857910083,0
adam,standard,345,692.0,-7.559981100657271,-7.559981100657271,0
adam,standard,346,694.0,-7.559995774342198,-7.559995774342198,0
adam,standard,347,696.0,-7.5600768986538265,-7.5600768986538265,0
adam,standard,348,698.0,-7.560159260130885,-7.560159260130885,0
adam,standard,349,700.0,-7.560190548449436,-7.560190548449436,0
adam,standard,350,702.0,-7.56019339459073,-7.56019339459073,0
adam,standard,351,704.0,-7.560204653596057,-7.560204653596057,0
adam,standard,352,706.0,-7.5602208638987225,-7.5602208638987225,0
adam,standard,353,708.0,-7.560221108526812,-7.560221108526812,0
adam,standard,354,710.0,-7.560215993227392,-7.560215993227392,0
adam,standard,355,712.0,-7.560237590700976,-7.560237590700976,0
adam,standard,356,714.0,-7.56028467648543,-7.56028467648543,0
adam,standard,357,716.0,-7.56031825250217,-7.56031825250217,0
adam,standard,358,718.0,-7.560315558454244,-7.560315558454244,0
adam,standard,359,720.0,-7.560300604044803,-7.560300604044803,0
adam,standard,360,722.0,-7.560310231910145,-7.560310231910145,0
adam,standard,361,724.0,-7.560346739905838,-7.560346739905838,0
adam,standard,362,726.0,-7.560379300686762,-7.560379300686762,0
adam,standard,363,728.0,-7.560387088668095,-7.560387088668095,0
adam,standard,364,730.0,-7.560383616123716,-7.560383616123716,0
adam,standard,365,732.0,-7.560393888533717,-7.560393888533717,0
adam,standard,366,734.0,-7.560420975567169,-7.560420975567169,0
adam,standard,367,736.0,-7.560445870437775,-7.560445870437775,0
adam,standard,368,738.0,-7.560456024934024,-7.560456024934024,0
adam,standard,369,740.0,-7.560460799640045,-7.560460799640045,0
adam,standard,370,742.0,-7.560475380238329,-7.560475380238329,0
adam,standard,371,744.0,-7.560499440724189,-7.560499440724189,0
adam,standard,372,746.0,-7.560520318500166,-7.560520318500166,0
adam,standard,373,748.0,-7.560532810052259,-7.560532810052259,0
adam,standard,374,750.0,-7.560545218133227,-7.560545218133227,0
adam,standard,375,752.0,-7.560564982163373,-7.560564982163373,0
adam,standard,376,754.0,-7.560587784972183,-7.560587784972183,0
adam,standard,377,756.0,-7.5606059611758605,-7.5606059611758605,0
adam,standard,378,758.0,-7.5606207689923,-7.5606207689923,0
adam,standard,379,760.0,-7.5606390720346655,-7.5606390720346655,0
adam,standard,380,762.0,-7.560661715986235,-7.560661715986235,0
adam,standard,381,764.0,-7.560683210696261,-7.560683210696261,0
adam,standard,382,766.0,-7.560701648800327,-7.560701648800327,0
adam,standard,383,768.0,-7.560721168629452,-7.560721168629452,0
adam,standard,384,770.0,-7.560743806243449,-7.560743806243449,0
adam,standard,385,772.0,-7.560765789140332,-7.560765789140332,0
adam,standard,386,774.0,-7.560783478806559,-7.560783478806559,0
adam,standard,387,776.0,-7.560795584620363,-7.560795584620363,0
adam,standard,388,778.0,-7.560793954173565,-7.560793954173565,0
adam,standard,389,780.0,-7.560751356106107,-7.560751356106107,0
adam,standard,390,782.0,-7.56061711356425,-7.56061711356425,0
adam,standard,391,784.0,-7.560371354705096,-7.560371354705096,0
adam,standard,392,786.0,-7.5602490249397665,-7.5602490249397665,0
adam,standard,393,788.0,-7.560607037611359,-7.560607037611359,0
adam,standard,394,790.0,-7.560950874496636,-7.560950874496636,0
adam,standard,395,792.0,-7.560697896199331,-7.560697896199331,0
adam,standard,396,794.0,-7.56036905218126,-7.56036905218126,0
adam,standard,397,796.0,-7.560192081151221,-7.560192081151221,0
adam,standard,398,798.0,-7.559594036571726,-7.559594036571726,0
adam,standard,399,800.0,-7.559593240034117,-7.559593240034117,0
adam,standard,400,802.0,-7.560849159811226,-7.560849159811226,0
adam,standard,401,804.0,-7.560924552452975,-7.560924552452975,0
adam,standard,402,806.0,-7.560135981601695,-7.560135981601695,0
adam,standard,403,808.0,-7.560794645766669,-7.560794645766669,0
adam,standard,404,810.0,-7.561220385858158,-7.561220385858158,0
adam,standard,405,812.0,-7.5606047425326794,-7.5606047425326794,0
adam,standard,406,814.0,-7.5610124225329765,-7.5610124225329765,0
adam,standard,407,816.0,-7.5613531648780175,-7.5613531648780175,0
adam,standard,408,818.0,-7.560927990327195,-7.560927990327195,0
adam,standard,409,820.0,-7.561275452442194,-7.561275452442194,0
adam,standard,410,822.0,-7.561464141829926,-7.561464141829926,0
adam,standard,411,824.0,-7.561203120541543,-7.561203120541543,0
adam,standard,412,826.0,-7.561520438000847,-7.561520438000847,0
adam,standard,413,828.0,-7.561581182402848,-7.561581182402848,0
adam,standard,414,830.0,-7.561463851205722,-7.561463851205722,0
adam,standard,415,832.0,-7.561740429664273,-7.561740429664273,0
adam,standard,416,834.0,-7.5617210477548005,-7.5617210477548005,0
adam,standard,417,836.0,-7.561711724775939,-7.561711724775939,0
adam,standard,418,838.0,-7.56194412421883,-7.56194412421883,0
adam,standard,419,840.0,-7.561892873951461,-7.561892873951461,0
adam,standard,420,842.0,-7.561945368391934,-7.561945368391934,0
adam,standard,421,844.0,-7.562141090968383,-7.562141090968383,0
adam,standard,422,846.0,-7.5620954426431855,-7.5620954426431855,0
adam,standard,423,848.0,-7.562170182838163,-7.562170182838163,0
adam,standard,424,850.0,-7.562336135313601,-7.562336135313601,0
adam,standard,425,852.0,-7.562320616375468,-7.562320616375468,0
adam,standard,426,854.0,-7.562396662530768,-7.562396662530768,0
adam,standard,427,856.0,-7.562532889006458,-7.562532889006458,0
adam,standard,428,858.0,-7.562553284159951,-7.562553284159951,0
adam,standard,429,860.0,-7.562629929463,-7.562629929463,0
adam,standard,430,862.0,-7.562741408670101,-7.562741408670101,0
adam,standard,431,864.0,-7.562783024947061,-7.562783024947061,0
adam,standard,432,866.0,-7.5628598183189695,-7.5628598183189695,0
adam,standard,433,868.0,-7.5629640136216,-7.5629640136216,0
adam,standard,434,870.0,-7.563013973249355,-7.563013973249355,0
adam,standard,435,872.0,-7.563079006095664,-7.563079006095664,0
adam,standard,436,874.0,-7.563183439066586,-7.563183439066586,0
adam,standard,437,876.0,-7.563245223007805,-7.563245223007805,0
adam,standard,438,878.0,-7.56329649119886,-7.56329649119886,0
adam,standard,439,880.0,-7.563386874391973,-7.563386874391973,0
adam,standard,440,882.0,-7.563457374761016,-7.563457374761016,0
adam,standard,441,884.0,-7.563507976586881,-7.563507976586881,0
adam,standard,442,886.0,-7.563579466615351,-7.563579466615351,0
adam,standard,443,888.0,-7.563646712771667,-7.563646712771667,0
adam,standard,444,890.0,-7.563695091280403,-7.563695091280403,0
adam,standard,445,892.0,-7.563750904686857,-7.563750904686857,0
adam,standard,446,894.0,-7.5638140888468515,-7.5638140888468515,0
adam,standard,447,896.0,-7.563859020744875,-7.563859020744875,0
adam,standard,448,898.0,-7.563897883814158,-7.563897883814158,0
adam,standard,449,900.0,-7.563947835173049,-7.563947835173049,0
adam,standard,450,902.0,-7.563990986306833,-7.563990986306833,0
adam,standard,451,904.0,-7.564022519920883,-7.564022519920883,0
adam,standard,452,906.0,-7.564055645440329,-7.564055645440329,0
adam,standard,453,908.0,-7.564089666257935,-7.564089666257935,0
adam,standard,454,910.0,-7.564114160502087,-7.564114160502087,0
adam,standard,455,912.0,-7.5641324227600135,-7.5641324227600135,0
adam,standard,456,914.0,-7.564150722535408,-7.564150722535408,0
adam,standard,457,916.0,-7.564157411222103,-7.564157411222103,0
adam,standard,458,918.0,-7.564139224422975,-7.564139224422975,0
adam,standard,459,920.0,-7.564081648370352,-7.564081648370352,0
adam,standard,460,922.0,-7.563941762947098,-7.563941762947098,0
adam,standard,461,924.0,-7.5636279638018085,-7.5636279638018085,0
adam,standard,462,926.0,-7.563014095544549,-7.563014095544549,0
adam,standard,463,928.0,-7.5620872979397795,-7.5620872979397795,0
adam,standard,464,930.0,-7.561383231216572,-7.561383231216572,0
adam,standard,465,932.0,-7.561987484464748,-7.561987484464748,0
adam,standard,466,934.0,-7.563654598393499,-7.563654598393499,0
adam,standard,467,936.0,-7.564241536034124,-7.564241536034124,0
adam,standard,468,938.0,-7.56327025633125,-7.56327025633125,0
adam,standard,469,940.0,-7.562767169761022,-7.562767169761022,0
adam,standard,470,942.0,-7.563703383899318,-7.563703383899318,0
adam,standard,471,944.0,-7.56428496745019,-7.56428496745019,0
adam,standard,472,946.0,-7.563622838875735,-7.563622838875735,0
adam,standard,473,948.0,-7.563371158180202,-7.563371158180202,0
adam,standard,474,950.0,-7.564078802168581,-7.564078802168581,0
adam,standard,475,952.0,-7.564215054637638,-7.564215054637638,0
adam,standard,476,954.0,-7.563699732231924,-7.563699732231924,0
adam,standard,477,956.0,-7.5638396298751385,-7.5638396298751385,0
adam,standard,478,958.0,-7.564285955988287,-7.564285955988287,0
adam,standard,479,960.0,-7.564072877314652,-7.564072877314652,0
adam,standard,480,962.0,-7.563857999749909,-7.563857999749909,0
adam,standard,481,964.0,-7.564174996020038,-7.564174996020038,0
adam,standard,482,966.0,-7.564262322289783,-7.564262322289783,0
adam,standard,483,968.0,-7.5640124060007405,-7.5640124060007405,0
adam,standard,484,970.0,-7.564096124116411,-7.564096124116411,0
adam,standard,485,972.0,-7.564296603830755,-7.564296603830755,0
adam,standard,486,974.0,-7.564165855271438,-7.564165855271438,0
adam,standard,487,976.0,-7.564096287354492,-7.564096287354492,0
adam,standard,488,978.0,-7.564262737783824,-7.564262737783824,0
adam,standard,489,980.0,-7.564261498165847,-7.564261498165847,0
adam,standard,490,982.0,-7.564148949688353,-7.564148949688353,0
adam,standard,491,984.0,-7.564225007680981,-7.564225007680981,0
adam,standard,492,986.0,-7.564296649785375,-7.564296649785375,0
adam,standard,493,988.0,-7.56421519716875,-7.56421519716875,0
adam,standard,494,990.0,-7.564212297064561,-7.564212297064561,0
adam,standard,495,992.0,-7.564292851009872,-7.564292851009872,0
adam,standard,496,994.0,-7.564267325052339,-7.564267325052339,0
adam,standard,497,996.0,-7.564225361547537,-7.564225361547537,0
adam,standard,498,998.0,-7.564276105167566,-7.564276105167566,0
adam,standard,499,1000.0,-7.564294587859913,-7.564294587859913,0
adam,local_global,0,2.0,0.4875628958922866,-4.325947226702578,0
adam,local_global,1,4.0,0.45632857320356235,-4.551339229071949,0
adam,local_global,2,6.0,0.4272605886773734,-4.724854463119448,0
adam,local_global,3,8.0,0.39971229326780494,-4.871423995261326,0
adam,local_global,4,10.0,0.37187935259522525,-4.999172128830863,0
adam,local_global,5,12.0,0.34468066208761444,-5.142353934945774,0
adam,local_global,6,14.0,0.3177527610234852,-5.304837908625143,0
adam,local_global,7,16.0,0.2888879954809091,-5.4839085935137,0
adam,local_global,8,18.0,0.2586363126219404,-5.671053008974645,0
adam,local_global,9,20.0,0.23021631125281278,-5.847388694057098,0
adam,local_global,10,22.0,0.20449870811755405,-5.997180229460687,0
adam,local_global,11,24.0,0.18290805666584078,-6.1351990678853126,0
adam,local_global,12,26.0,0.16539615481163522,-6.277368303758448,0
adam,local_global,13,28.0,0.15003924025764764,-6.432422590882908,0
adam,local_global,14,30.0,0.13530683397554893,-6.611877588517803,0
adam,local_global,15,32.0,0.11983632503610678,-6.80492794037472,0
adam,local_global,16,34.0,0.10373169926243665,-6.98038468485923,0
adam,local_global,17,36.0,0.08867142586900234,-7.126759737945251,0
adam,local_global,18,38.0,0.07505327228386433,-7.2430519009967105,0
adam,local_global,19,40.0,0.06366133754132348,-7.323618252407236,0
adam,local_global,20,42.0,0.05583360411715283,-7.359914011094072,0
adam,local_global,21,44.0,0.052474282780275196,-7.364744713792466,0
adam,local_global,22,46.0,0.052088756485602766,-7.366254224486034,0
adam,local_global,23,48.0,0.05135539057441651,-7.375141334185797,0
adam,local_global,24,50.0,0.04882458919657766,-7.393223024993953,0
adam,local_global,25,52.0,0.044701827669263984,-7.419265168908425,0
adam,local_global,26,54.0,0.03985982671449218,-7.454631266929999,0
adam,local_global,27,56.0,0.03483472446042423,-7.497156460972353,0
adam,local_global,28,58.0,0.030036890370241275,-7.53665379077208,0
adam,local_global,29,60.0,0.026083300048074395,-7.5687433468341805,0
adam,local_global,30,62.0,0.022986261561526503,-7.596627921267606,0
adam,local_global,31,64.0,0.02037377017683547,-7.622586825797099,0
adam,local_global,32,66.0,0.017940306125106952,-7.641388543280212,0
adam,local_global,33,68.0,0.015874097678113933,-7.64691560873821,0
adam,local_global,34,70.0,0.014650197958765715,-7.641176617103214,0
adam,local_global,35,72.0,0.014299882217397383,-7.63635009707158,0
adam,local_global,36,74.0,0.014117711145753598,-7.638347910508185,0
adam,local_global,37,76.0,0.013850173740436322,-7.643580687508222,0
adam,local_global,38,78.0,0.01369974452392857,-7.647822228449924,0
adam,local_global,39,80.0,0.01367725392366965,-7.651456541544064,0
adam,local_global,40,82.0,0.013531523840532633,-7.656804191465472,0
adam,local_global,41,84.0,0.01312936048535404,-7.664777794357204,0
adam,local_global,42,86.0,0.012479990683413688,-7.67286680252868,0
adam,local_global,43,88.0,0.01174837146324024,-7.678786729816513,0
adam,local_global,44,90.0,0.011080026062569328,-7.6832646580071975,0
adam,local_global,45,92.0,0.010510005692993624,-7.688209425081367,0
adam,local_global,46,94.0,0.009984354870518892,-7.693972244789017,0
adam,local_global,47,96.0,0.009472794604248309,-7.699981242922309,0
adam,local_global,48,98.0,0.008922823276671524,-7.704934223031671,0
adam,local_global,49,100.0,0.008420644935618563,-7.708081159463647,0
adam,local_global,50,102.0,0.008104996499162362,-7.709856922382357,0
adam,local_global,51,104.0,0.007936148812215311,-7.7109998432520515,0
adam,local_global,52,106.0,0.00776355330246907,-7.711859951904265,0
adam,local_global,53,108.0,0.007530697186386263,-7.713635541815418,0
adam,local_global,54,110.0,0.007234575669321321,-7.7167791022397845,0
adam,local_global,55,112.0,0.006946124340038683,-7.719532590298375,0
adam,local_global,56,114.0,0.0067642522245339315,-7.720160764034646,0
adam,local_global,57,116.0,0.006720440983704381,-7.719084068251847,0
adam,local_global,58,118.0,0.006766426903999815,-7.718023912402602,0
adam,local_global,59,120.0,0.006824743443126578,-7.717939302811702,0
adam,local_global,60,122.0,0.006828179981439733,-7.718463487563311,0
adam,local_global,61,124.0,0.006773043945171957,-7.719264480338391,0
adam,local_global,62,126.0,0.006692594408707217,-7.720229071038367,0
adam,local_global,63,128.0,0.006623064568224141,-7.72105186604402,0
adam,local_global,64,130.0,0.00658136132512817,-7.721619139007802,0
adam,local_global,65,132.0,-7.721619139007802,-7.6778092479758975,1
adam,local_global,66,134.0,-7.6778092479758975,-7.569929873517402,0
adam,local_global,67,136.0,-7.569929873517402,-7.6823309155216775,0
adam,local_global,68,138.0,-7.6823309155216775,-7.605160719416823,0
adam,local_global,69,140.0,-7.605160719416823,-7.658049334681562,0
adam,local_global,70,142.0,-7.658049334681562,-7.686239706043644,0
adam,local_global,71,144.0,-7.686239706043644,-7.644752417242572,0
adam,local_global,72,146.0,-7.644752417242572,-7.678207777045219,0
adam,local_global,73,148.0,-7.678207777045219,-7.698340983441843,0
adam,local_global,74,150.0,-7.698340983441843,-7.6750941528010586,0
adam,local_global,75,152.0,-7.6750941528010586,-7.686155404003155,0
adam,local_global,76,154.0,-7.686155404003155,-7.706137624038032,0
adam,local_global,77,156.0,-7.706137624038032,-7.696481187037886,0
adam,local_global,78,158.0,-7.696481187037886,-7.6923521068272125,0
adam,local_global,79,160.0,-7.6923521068272125,-7.707749287247698,0
adam,local_global,80,162.0,-7.707749287247698,-7.711747428889425,0
adam,local_global,81,164.0,-7.711747428889425,-7.702406843732214,0
adam,local_global,82,166.0,-7.702406843732214,-7.708685595087664,0
adam,local_global,83,168.0,-7.708685595087664,-7.715898152536394,0
adam,local_global,84,170.0,-7.715898152536394,-7.712222138469629,0
adam,local_global,85,172.0,-7.712222138469629,-7.71195207149,0
adam,local_global,86,174.0,-7.71195207149,-7.716503814469935,0
adam,local_global,87,176.0,-7.716503814469935,-7.718605374005073,0
adam,local_global,88,178.0,-7.718605374005073,-7.71700720616043,0
adam,local_global,89,180.0,-7.71700720616043,-7.717684337645892,0
adam,local_global,90,182.0,-7.717684337645892,-7.720355526383908,0
adam,local_global,91,184.0,-7.720355526383908,-7.720620289123707,0
adam,local_global,92,186.0,-7.720620289123707,-7.719915274523522,0
adam,local_global,93,188.0,-7.719915274523522,-7.721680240409827,0
adam,local_global,94,190.0,-7.721680240409827,-7.722896730824048,0
adam,local_global,95,192.0,-7.722896730824048,-7.721873824644333,0
adam,local_global,96,194.0,-7.721873824644333,-7.722364599158082,0
adam,local_global,97,196.0,-7.722364599158082,-7.723881949197296,0
adam,local_global,98,198.0,-7.723881949197296,-7.723721593050476,0
adam,local_global,99,200.0,-7.723721593050476,-7.7234818248348995,0
adam,local_global,100,202.0,-7.7234818248348995,-7.724317702750928,0
adam,local_global,101,204.0,-7.724317702750928,-7.724903733461428,0
adam,local_global,102,206.0,-7.724903733461428,-7.72443436105764,0
adam,local_global,103,208.0,-7.72443436105764,-7.724372921671963,0
adam,local_global,104,210.0,-7.724372921671963,-7.7255154981741745,0
adam,local_global,105,212.0,-7.7255154981741745,-7.725602469828621,0
adam,local_global,106,214.0,-7.725602469828621,-7.724869080551428,0
adam,local_global,107,216.0,-7.724869080551428,-7.725563606524012,0
adam,local_global,108,218.0,-7.725563606524012,-7.726079960612696,0
adam,local_global,109,220.0,-7.726079960612696,-7.725517992080773,0
adam,local_global,110,222.0,-7.725517992080773,-7.7256561690290235,0
adam,local_global,111,224.0,-7.7256561690290235,-7.726245180044392,0
adam,local_global,112,226.0,-7.726245180044392,-7.72598373896241,0
adam,local_global,113,228.0,-7.72598373896241,-7.725984089561454,0
adam,local_global,114,230.0,-7.725984089561454,-7.726376436751265,0
adam,local_global,115,232.0,-7.726376436751265,-7.726175367226067,0
adam,local_global,116,234.0,-7.726175367226067,-7.72618423908643,0
adam,local_global,117,236.0,-7.72618423908643,-7.726468665814875,0
adam,local_global,118,238.0,-7.726468665814875,-7.726364293878892,0
adam,local_global,119,240.0,-7.726364293878892,-7.726361752940332,0
adam,local_global,120,242.0,-7.726361752940332,-7.726504637362703,0
adam,local_global,121,244.0,-7.726504637362703,-7.726514220147389,0
adam,local_global,122,246.0,-7.726514220147389,-7.726508609485531,0
adam,local_global,123,248.0,-7.726508609485531,-7.726553552665607,0
adam,local_global,124,250.0,-7.726553552665607,-7.726598784040607,0
adam,local_global,125,252.0,-7.726598784040607,-7.726584475913033,0
adam,local_global,126,254.0,-7.726584475913033,-7.726603891279398,0
adam,local_global,127,256.0,-7.726603891279398,-7.726652515251899,0
adam,local_global,128,258.0,-7.726652515251899,-7.726650362058778,0
adam,local_global,129,260.0,-7.726650362058778,-7.726635915090714,0
adam,local_global,130,262.0,-7.726635915090714,-7.72669620037952,0
adam,local_global,131,264.0,-7.72669620037952,-7.726721955393587,0
adam,local_global,132,266.0,-7.726721955393587,-7.726662104053804,0
adam,local_global,133,268.0,-7.726662104053804,-7.7267059917298075,0
adam,local_global,134,270.0,-7.7267059917298075,-7.7267590406820785,0
adam,local_global,135,272.0,-7.7267590406820785,-7.726705979061075,0
adam,local_global,136,274.0,-7.726705979061075,-7.726711485381607,0
adam,local_global,137,276.0,-7.726711485381607,-7.726768552472238,0
adam,local_global,138,278.0,-7.726768552472238,-7.726741370914265,0
adam,local_global,139,280.0,-7.726741370914265,-7.726722830351679,0
adam,local_global,140,282.0,-7.726722830351679,-7.726765872250217,0
adam,local_global,141,284.0,-7.726765872250217,-7.726751074290083,0
adam,local_global,142,286.0,-7.726751074290083,-7.726728387267764,0
adam,local_global,143,288.0,-7.726728387267764,-7.72675978762628,0
adam,local_global,144,290.0,-7.72675978762628,-7.726755170352858,0
adam,local_global,145,292.0,-7.726755170352858,-7.726749188497345,0
adam,local_global,146,294.0,-7.726749188497345,-7.726782523547914,0
adam,local_global,147,296.0,-7.726782523547914,-7.726786485701555,0
adam,local_global,148,298.0,-7.726786485701555,-7.726779611399588,0
adam,local_global,149,300.0,-7.726779611399588,-7.726790619778493,0
adam,local_global,150,302.0,-7.726790619778493,-7.726784257652806,0
adam,local_global,151,304.0,-7.726784257652806,-7.7267775882158904,0
adam,local_global,152,306.0,-7.7267775882158904,-7.726785632387527,0
adam,local_global,153,308.0,-7.726785632387527,-7.7267873710605235,0
adam,local_global,154,310.0,-7.7267873710605235,-7.726792047363659,0
adam,local_global,155,312.0,-7.726792047363659,-7.726800061022673,0
adam,local_global,156,314.0,-7.726800061022673,-7.726797961830871,0
adam,local_global,157,316.0,-7.726797961830871,-7.726797602414597,0
adam,local_global,158,318.0,-7.726797602414597,-7.72679891615159,0
adam,local_global,159,320.0,-7.72679891615159,-7.72679579900562,0
adam,local_global,160,322.0,-7.72679579900562,-7.726795887934363,0
adam,local_global,161,324.0,-7.726795887934363,-7.726799807146563,0
adam,local_global,162,326.0,-7.726799807146563,-7.726801775351319,0
adam,local_global,163,328.0,-7.726801775351319,-7.726802256183052,0
adam,local_global,164,330.0,-7.726802256183052,-7.726805519287688,0
adam,local_global,165,332.0,-7.726805519287688,-7.72680520558065,0
adam,local_global,166,334.0,-7.72680520558065,-7.726803608199595,0
adam,local_global,167,336.0,-7.726803608199595,-7.726804045266678,0
adam,local_global,168,338.0,-7.726804045266678,-7.726802580697992,0
adam,local_global,169,340.0,-7.726802580697992,-7.726800958011038,0
adam,local_global,170,342.0,-7.726800958011038,-7.726801006089869,0
adam,local_global,171,344.0,-7.726801006089869,-7.726798660947998,0
adam,local_global,172,346.0,-7.726798660947998,-7.726795035557498,0
adam,local_global,173,348.0,-7.726795035557498,-7.726789456874449,0
adam,local_global,174,350.0,-7.726789456874449,-7.726780061804601,0
adam,local_global,175,352.0,-7.726780061804601,-7.726774835424027,0
adam,local_global,176,354.0,-7.726774835424027,-7.726780053091628,0
adam,local_global,177,356.0,-7.726780053091628,-7.726786599321016,0
adam,local_global,178,358.0,-7.726786599321016,-7.726781647276313,0
adam,local_global,179,360.0,-7.726781647276313,-7.726775929021489,0
adam,local_global,180,362.0,-7.726775929021489,-7.726784597886428,0
adam,local_global,181,364.0,-7.726784597886428,-7.726798356011283,0
adam,local_global,182,366.0,-7.726798356011283,-7.7267986978350365,0
adam,local_global,183,368.0,-7.7267986978350365,-7.7267880332286945,0
adam,local_global,184,370.0,-7.7267880332286945,-7.726772176844374,0
adam,local_global,185,372.0,-7.726772176844374,-7.726737408379008,0
adam,local_global,186,374.0,-7.726737408379008,-7.726680938076894,0
adam,local_global,187,376.0,-7.726680938076894,-7.726653625901541,0
adam,local_global,188,378.0,-7.726653625901541,-7.726706405524913,0
adam,local_global,189,380.0,-7.726706405524913,-7.726761288811922,0
adam,local_global,190,382.0,-7.726761288811922,-7.726737564807214,0
adam,local_global,191,384.0,-7.726737564807214,-7.726718664917241,0
adam,local_global,192,386.0,-7.726718664917241,-7.726772882249807,0
adam,local_global,193,388.0,-7.726772882249807,-7.726802389818307,0
adam,local_global,194,390.0,-7.726802389818307,-7.726761271721336,0
adam,local_global,195,392.0,-7.726761271721336,-7.726751606098862,0
adam,local_global,196,394.0,-7.726751606098862,-7.7267810200133695,0
adam,local_global,197,396.0,-7.7267810200133695,-7.726771772455629,0
adam,local_global,198,398.0,-7.726771772455629,-7.72675982696221,0
adam,local_global,199,400.0,-7.72675982696221,-7.7267710095001885,0
adam,local_global,200,402.0,-7.7267710095001885,-7.726726989520338,0
adam,local_global,201,404.0,-7.726726989520338,-7.726617797967685,0
adam,local_global,202,406.0,-7.726617797967685,-7.7264866206717056,0
adam,local_global,203,408.0,-7.7264866206717056,-7.726360849898107,0
adam,local_global,204,410.0,-7.726360849898107,-7.726385991192544,0
adam,local_global,205,412.0,-7.726385991192544,-7.726627980605178,0
adam,local_global,206,414.0,-7.726627980605178,-7.726791196531346,0
adam,local_global,207,416.0,-7.726791196531346,-7.726687300397689,0
adam,local_global,208,418.0,-7.726687300397689,-7.7265664596717265,0
adam,local_global,209,420.0,-7.7265664596717265,-7.7266567536500155,0
adam,local_global,210,422.0,-7.7266567536500155,-7.726780460231076,0
adam,local_global,211,424.0,-7.726780460231076,-7.726736769692621,0
adam,local_global,212,426.0,-7.726736769692621,-7.726670653320988,0
adam,local_global,213,428.0,-7.726670653320988,-7.726724213871522,0
adam,local_global,214,430.0,-7.726724213871522,-7.726782573730782,0
adam,local_global,215,432.0,-7.726782573730782,-7.726750361997073,0
adam,local_global,216,434.0,-7.726750361997073,-7.726717571270327,0
adam,local_global,217,436.0,-7.726717571270327,-7.726758635756268,0
adam,local_global,218,438.0,-7.726758635756268,-7.726795638243555,0
adam,local_global,219,440.0,-7.726795638243555,-7.726761355810845,0
adam,local_global,220,442.0,-7.726761355810845,-7.726745051824382,0
adam,local_global,221,444.0,-7.726745051824382,-7.726790641394099,0
adam,local_global,222,446.0,-7.726790641394099,-7.726793440243713,0
adam,local_global,223,448.0,-7.726793440243713,-7.726755440695311,0
adam,local_global,224,450.0,-7.726755440695311,-7.726773392951639,0
adam,local_global,225,452.0,-7.726773392951639,-7.726801853432074,0
adam,local_global,226,454.0,-7.726801853432074,-7.726779499182705,0
adam,local_global,227,456.0,-7.726779499182705,-7.726769998427718,0
adam,local_global,228,458.0,-7.726769998427718,-7.726794414898499,0
adam,local_global,229,460.0,-7.726794414898499,-7.726796540852838,0
adam,local_global,230,462.0,-7.726796540852838,-7.726780243482115,0
adam,local_global,231,464.0,-7.726780243482115,-7.726784870435167,0
adam,local_global,232,466.0,-7.726784870435167,-7.726794887812928,0
adam,local_global,233,468.0,-7.726794887812928,-7.726779812052478,0
adam,local_global,234,470.0,-7.726779812052478,-7.726751768974141,0
adam,local_global,235,472.0,-7.726751768974141,-7.726716552012646,0
adam,local_global,236,474.0,-7.726716552012646,-7.7266317336321695,0
adam,local_global,237,476.0,-7.7266317336321695,-7.726458581352284,0
adam,local_global,238,478.0,-7.726458581352284,-7.726203609433782,0
adam,local_global,239,480.0,-7.726203609433782,-7.725929100323372,0
adam,local_global,240,482.0,-7.725929100323372,-7.725783399250206,0
adam,local_global,241,484.0,-7.725783399250206,-7.725946420722494,0
adam,local_global,242,486.0,-7.725946420722494,-7.7263938072868275,0
adam,local_global,243,488.0,-7.7263938072868275,-7.726671489019172,0
adam,local_global,244,490.0,-7.726671489019172,-7.726511109936312,0
adam,local_global,245,492.0,-7.726511109936312,-7.726308553101701,0
adam,local_global,246,494.0,-7.726308553101701,-7.726414894405503,0
adam,local_global,247,496.0,-7.726414894405503,-7.726529925810934,0
adam,local_global,248,498.0,-7.726529925810934,-7.726422989040994,0
adam,local_global,249,500.0,-7.726422989040994,-7.726480239395497,0
adam,local_global,250,502.0,-7.726480239395497,-7.726692959114772,0
adam,local_global,251,504.0,-7.726692959114772,-7.726622420665123,0
adam,local_global,252,506.0,-7.726622420665123,-7.726491364136479,0
adam,local_global,253,508.0,-7.726491364136479,-7.7266661656953595,0
adam,local_global,254,510.0,-7.7266661656953595,-7.726749217185663,0
adam,local_global,255,512.0,-7.726749217185663,-7.726588116478786,0
adam,local_global,256,514.0,-7.726588116478786,-7.726638459463292,0
adam,local_global,257,516.0,-7.726638459463292,-7.726787734167411,0
adam,local_global,258,518.0,-7.726787734167411,-7.726693194187732,0
adam,local_global,259,520.0,-7.726693194187732,-7.72666288194334,0
adam,local_global,260,522.0,-7.72666288194334,-7.726776748449578,0
adam,local_global,261,524.0,-7.726776748449578,-7.726722144340711,0
adam,local_global,262,526.0,-7.726722144340711,-7.726648764704609,0
adam,local_global,263,528.0,-7.726648764704609,-7.726688016091175,0
adam,local_global,264,530.0,-7.726688016091175,-7.726662193251703,0
adam,local_global,265,532.0,-7.726662193251703,-7.72664756632189,0
adam,local_global,266,534.0,-7.72664756632189,-7.726727562521233,0
adam,local_global,267,536.0,-7.726727562521233,-7.726771503126467,0
adam,local_global,268,538.0,-7.726771503126467,-7.72676618419766,0
adam,local_global,269,540.0,-7.72676618419766,-7.726745914407723,0
adam,local_global,270,542.0,-7.726745914407723,-7.726722747129052,0
adam,local_global,271,544.0,-7.726722747129052,-7.726760017666498,0
adam,local_global,272,546.0,-7.726760017666498,-7.7268025665623234,0
adam,local_global,273,548.0,-7.7268025665623234,-7.726770878637908,0
adam,local_global,274,550.0,-7.726770878637908,-7.72674961360957,0
adam,local_global,275,552.0,-7.72674961360957,-7.72678254561754,0
adam,local_global,276,554.0,-7.72678254561754,-7.726795792722954,0
adam,local_global,277,556.0,-7.726795792722954,-7.726785024800063,0
adam,local_global,278,558.0,-7.726785024800063,-7.726785349626212,0
adam,local_global,279,560.0,-7.726785349626212,-7.726786515168163,0
adam,local_global,280,562.0,-7.726786515168163,-7.726794185850926,0
adam,local_global,281,564.0,-7.726794185850926,-7.726806230922452,0
adam,local_global,282,566.0,-7.726806230922452,-7.726798031010082,0
adam,local_global,283,568.0,-7.726798031010082,-7.72678974321195,0
adam,local_global,284,570.0,-7.72678974321195,-7.7268031932726915,0
adam,local_global,285,572.0,-7.7268031932726915,-7.72681106353552,0
adam,local_global,286,574.0,-7.72681106353552,-7.726802350365798,0
adam,local_global,287,576.0,-7.726802350365798,-7.72680006049729,0
adam,local_global,288,578.0,-7.72680006049729,-7.726807390748155,0
adam,local_global,289,580.0,-7.726807390748155,-7.7268103743503564,0
adam,local_global,290,582.0,-7.7268103743503564,-7.7268083509541245,0
adam,local_global,291,584.0,-7.7268083509541245,-7.7268063566439436,0
adam,local_global,292,586.0,-7.7268063566439436,-7.726806904883748,0
adam,local_global,293,588.0,-7.726806904883748,-7.726811227321655,0
adam,local_global,294,590.0,-7.726811227321655,-7.72681300184388,0
adam,local_global,295,592.0,-7.72681300184388,-7.7268086207611475,0
adam,local_global,296,594.0,-7.7268086207611475,-7.7268070179763155,0
adam,local_global,297,596.0,-7.7268070179763155,-7.726810830862827,0
adam,local_global,298,598.0,-7.726810830862827,-7.72681034930269,0
adam,local_global,299,600.0,-7.72681034930269,-7.7268038791875195,0
adam,local_global,300,602.0,-7.7268038791875195,-7.726797769466229,0
adam,local_global,301,604.0,-7.726797769466229,-7.726790019939478,0
adam,local_global,302,606.0,-7.726790019939478,-7.726773866627916,0
adam,local_global,303,608.0,-7.726773866627916,-7.726748801444771,0
adam,local_global,304,610.0,-7.726748801444771,-7.726721141410485,0
adam,local_global,305,612.0,-7.726721141410485,-7.726703521351412,0
adam,local_global,306,614.0,-7.726703521351412,-7.7267039248264,0
adam,local_global,307,616.0,-7.7267039248264,-7.726704682639982,0
adam,local_global,308,618.0,-7.726704682639982,-7.726689210167427,0
adam,local_global,309,620.0,-7.726689210167427,-7.726691474170261,0
adam,local_global,310,622.0,-7.726691474170261,-7.726737727143726,0
adam,local_global,311,624.0,-7.726737727143726,-7.7267760543784,0
adam,local_global,312,626.0,-7.7267760543784,-7.726766323742585,0
adam,local_global,313,628.0,-7.726766323742585,-7.726746790913832,0
adam,local_global,314,630.0,-7.726746790913832,-7.726763930840363,0
adam,local_global,315,632.0,-7.726763930840363,-7.726789401974242,0
adam,local_global,316,634.0,-7.726789401974242,-7.726780427845254,0
adam,local_global,317,636.0,-7.726780427845254,-7.7267685951884,0
adam,local_global,318,638.0,-7.7267685951884,-7.726788919515083,0
adam,local_global,319,640.0,-7.726788919515083,-7.726805639251877,0
adam,local_global,320,642.0,-7.726805639251877,-7.726788266130705,0
adam,local_global,321,644.0,-7.726788266130705,-7.726777267813091,0
adam,local_global,322,646.0,-7.726777267813091,-7.726797960969821,0
adam,local_global,323,648.0,-7.726797960969821,-7.726807981598305,0
adam,local_global,324,650.0,-7.726807981598305,-7.726785351798079,0
adam,local_global,325,652.0,-7.726785351798079,-7.726769348768134,0
adam,local_global,326,654.0,-7.726769348768134,-7.726780300858301,0
adam,local_global,327,656.0,-7.726780300858301,-7.726792622437069,0
adam,local_global,328,658.0,-7.726792622437069,-7.72679431483414,0
adam,local_global,329,660.0,-7.72679431483414,-7.726795846701272,0
adam,local_global,330,662.0,-7.726795846701272,-7.726795660304512,0
adam,local_global,331,664.0,-7.726795660304512,-7.726787013582606,0
adam,local_global,332,666.0,-7.726787013582606,-7.7267792786278235,0
adam,local_global,333,668.0,-7.7267792786278235,-7.7267734560348895,0
adam,local_global,334,670.0,-7.7267734560348895,-7.726748077047302,0
adam,local_global,335,672.0,-7.726748077047302,-7.726692478363149,0
adam,local_global,336,674.0,-7.726692478363149,-7.726609513329728,0
adam,local_global,337,676.0,-7.726609513329728,-7.726478817153375,0
adam,local_global,338,678.0,-7.726478817153375,-7.72627057745877,0
adam,local_global,339,680.0,-7.72627057745877,-7.726016541618002,0
adam,local_global,340,682.0,-7.726016541618002,-7.725868057556158,0
adam,local_global,341,684.0,-7.725868057556158,-7.726010933072121,0
adam,local_global,342,686.0,-7.726010933072121,-7.726426337573872,0
adam,local_global,343,688.0,-7.726426337573872,-7.7267610450296775,0
adam,local_global,344,690.0,-7.7267610450296775,-7.726728160520555,0
adam,local_global,345,692.0,-7.726728160520555,-7.726469816502038,0
adam,local_global,346,694.0,-7.726469816502038,-7.726361269809411,0
adam,local_global,347,696.0,-7.726361269809411,-7.726542684817452,0
adam,local_global,348,698.0,-7.726542684817452,-7.726734296117165,0
adam,local_global,349,700.0,-7.726734296117165,-7.726660678210806,0
adam,local_global,350,702.0,-7.726660678210806,-7.7264800059770815,0
adam,local_global,351,704.0,-7.7264800059770815,-7.726509213312313,0
adam,local_global,352,706.0,-7.726509213312313,-7.726705136417565,0
adam,local_global,353,708.0,-7.726705136417565,-7.726774429269111,0
adam,local_global,354,710.0,-7.726774429269111,-7.726668198150056,0
adam,local_global,355,712.0,-7.726668198150056,-7.7265990665388635,0
adam,local_global,356,714.0,-7.7265990665388635,-7.726629288305266,0
adam,local_global,357,716.0,-7.726629288305266,-7.7265985797107435,0
adam,local_global,358,718.0,-7.7265985797107435,-7.726442014956879,0
adam,local_global,359,720.0,-7.726442014956879,-7.726303744690764,0
adam,local_global,360,722.0,-7.726303744690764,-7.7263056080464745,0
adam,local_global,361,724.0,-7.7263056080464745,-7.7263233672385345,0
adam,local_global,362,726.0,-7.7263233672385345,-7.726244076189392,0
adam,local_global,363,728.0,-7.726244076189392,-7.726255222910807,0
adam,local_global,364,730.0,-7.726255222910807,-7.726497170374086,0
adam,local_global,365,732.0,-7.726497170374086,-7.726677814633408,0
adam,local_global,366,734.0,-7.726677814633408,-7.72658049478589,0
adam,local_global,367,736.0,-7.72658049478589,-7.726483258955347,0
adam,local_global,368,738.0,-7.726483258955347,-7.7266034787152265,0
adam,local_global,369,740.0,-7.7266034787152265,-7.72671684524687,0
adam,local_global,370,742.0,-7.72671684524687,-7.726651910715158,0
adam,local_global,371,744.0,-7.726651910715158,-7.7265924860636375,0
adam,local_global,372,746.0,-7.7265924860636375,-7.726654581841443,0
adam,local_global,373,748.0,-7.726654581841443,-7.726717669473981,0
adam,local_global,374,750.0,-7.726717669473981,-7.726680962819605,0
adam,local_global,375,752.0,-7.726680962819605,-7.726595624537835,0
adam,local_global,376,754.0,-7.726595624537835,-7.726567688512558,0
adam,local_global,377,756.0,-7.726567688512558,-7.726599370879323,0
adam,local_global,378,758.0,-7.726599370879323,-7.726587551726725,0
adam,local_global,379,760.0,-7.726587551726725,-7.726552103107754,0
adam,local_global,380,762.0,-7.726552103107754,-7.726614112436904,0
adam,local_global,381,764.0,-7.726614112436904,-7.7267145144034775,0
adam,local_global,382,766.0,-7.7267145144034775,-7.726701197951734,0
adam,local_global,383,768.0,-7.726701197951734,-7.7266254406067,0
adam,local_global,384,770.0,-7.7266254406067,-7.726609376925141,0
adam,local_global,385,772.0,-7.726609376925141,-7.726636277473294,0
adam,local_global,386,774.0,-7.726636277473294,-7.726675619406961,0
adam,local_global,387,776.0,-7.726675619406961,-7.726742534904802,0
adam,local_global,388,778.0,-7.726742534904802,-7.726788897249126,0
adam,local_global,389,780.0,-7.726788897249126,-7.726764431489955,0
adam,local_global,390,782.0,-7.726764431489955,-7.726720529175482,0
adam,local_global,391,784.0,-7.726720529175482,-7.726718730016892,0
adam,local_global,392,786.0,-7.726718730016892,-7.726745210462453,0
adam,local_global,393,788.0,-7.726745210462453,-7.726767539139758,0
adam,local_global,394,790.0,-7.726767539139758,-7.726779147472705,0
adam,local_global,395,792.0,-7.726779147472705,-7.726780241988037,0
adam,local_global,396,794.0,-7.726780241988037,-7.726768792347298,0
adam,local_global,397,796.0,-7.726768792347298,-7.72674720673989,0
adam,local_global,398,798.0,-7.72674720673989,-7.7267238195655406,0
adam,local_global,399,800.0,-7.7267238195655406,-7.726704703689941,0
adam,local_global,400,802.0,-7.726704703689941,-7.726684855910428,0
adam,local_global,401,804.0,-7.726684855910428,-7.72666779244296,0
adam,local_global,402,806.0,-7.72666779244296,-7.726684373818649,0
adam,local_global,403,808.0,-7.726684373818649,-7.726742531408732,0
adam,local_global,404,810.0,-7.726742531408732,-7.726785675568322,0
adam,local_global,405,812.0,-7.726785675568322,-7.726770867531448,0
adam,local_global,406,814.0,-7.726770867531448,-7.726733794565604,0
adam,local_global,407,816.0,-7.726733794565604,-7.7267324854306825,0
adam,local_global,408,818.0,-7.7267324854306825,-7.726769350412047,0
adam,local_global,409,820.0,-7.726769350412047,-7.72679353454759,0
adam,local_global,410,822.0,-7.72679353454759,-7.726778222183675,0
adam,local_global,411,824.0,-7.726778222183675,-7.726755065925761,0
adam,local_global,412,826.0,-7.726755065925761,-7.726762428827041,0
adam,local_global,413,828.0,-7.726762428827041,-7.726791572867429,0
adam,local_global,414,830.0,-7.726791572867429,-7.726803951249724,0
adam,local_global,415,832.0,-7.726803951249724,-7.72679170888464,0
adam,local_global,416,834.0,-7.72679170888464,-7.7267835629257124,0
adam,local_global,417,836.0,-7.7267835629257124,-7.726794711881403,0
adam,local_global,418,838.0,-7.726794711881403,-7.726806214287238,0
adam,local_global,419,840.0,-7.726806214287238,-7.7268016097567305,0
adam,local_global,420,842.0,-7.7268016097567305,-7.726792772985873,0
adam,local_global,421,844.0,-7.726792772985873,-7.726795548654332,0
adam,local_global,422,846.0,-7.726795548654332,-7.726803821928932,0
adam,local_global,423,848.0,-7.726803821928932,-7.726803052312979,0
adam,local_global,424,850.0,-7.726803052312979,-7.72679471580597,0
adam,local_global,425,852.0,-7.72679471580597,-7.726791420800405,0
adam,local_global,426,854.0,-7.726791420800405,-7.726796175404446,0
adam,local_global,427,856.0,-7.726796175404446,-7.726800058319912,0
adam,local_global,428,858.0,-7.726800058319912,-7.72679803331364,0
adam,local_global,429,860.0,-7.72679803331364,-7.726795632682715,0
adam,local_global,430,862.0,-7.726795632682715,-7.7267984036883774,0
adam,local_global,431,864.0,-7.7267984036883774,-7.726803433665639,0
adam,local_global,432,866.0,-7.726803433665639,-7.726805283656589,0
adam,local_global,433,868.0,-7.726805283656589,-7.726804654128536,0
adam,local_global,434,870.0,-7.726804654128536,-7.72680594523365,0
adam,local_global,435,872.0,-7.72680594523365,-7.726809472193414,0
adam,local_global,436,874.0,-7.726809472193414,-7.726811109758188,0
adam,local_global,437,876.0,-7.726811109758188,-7.726808578928025,0
adam,local_global,438,878.0,-7.726808578928025,-7.726803724864636,0
adam,local_global,439,880.0,-7.726803724864636,-7.7267982084538565,0
adam,local_global,440,882.0,-7.7267982084538565,-7.726790040636054,0
adam,local_global,441,884.0,-7.726790040636054,-7.726775303647782,0
adam,local_global,442,886.0,-7.726775303647782,-7.72675091250909,0
adam,local_global,443,888.0,-7.72675091250909,-7.726713961175522,0
adam,local_global,444,890.0,-7.726713961175522,-7.726659429758648,0
adam,local_global,445,892.0,-7.726659429758648,-7.726581950966885,0
adam,local_global,446,894.0,-7.726581950966885,-7.72648394274125,0
adam,local_global,447,896.0,-7.72648394274125,-7.726387937214582,0
adam,local_global,448,898.0,-7.726387937214582,-7.726337645586233,0
adam,local_global,449,900.0,-7.726337645586233,-7.7263678276744985,0
adam,local_global,450,902.0,-7.7263678276744985,-7.726443962752282,0
adam,local_global,451,904.0,-7.726443962752282,-7.726460975827829,0
adam,local_global,452,906.0,-7.726460975827829,-7.726327442982051,0
adam,local_global,453,908.0,-7.726327442982051,-7.726073370067489,0
adam,local_global,454,910.0,-7.726073370067489,-7.725844442119913,0
adam,local_global,455,912.0,-7.725844442119913,-7.7258576766563545,0
adam,local_global,456,914.0,-7.7258576766563545,-7.726172323554482,0
adam,local_global,457,916.0,-7.726172323554482,-7.726577418243658,0
adam,local_global,458,918.0,-7.726577418243658,-7.7267341715998334,0
adam,local_global,459,920.0,-7.7267341715998334,-7.726578332810696,0
adam,local_global,460,922.0,-7.726578332810696,-7.726367046892157,0
adam,local_global,461,924.0,-7.726367046892157,-7.726364251328615,0
adam,local_global,462,926.0,-7.726364251328615,-7.726555301567934,0
adam,local_global,463,928.0,-7.726555301567934,-7.726682451455013,0
adam,local_global,464,930.0,-7.726682451455013,-7.726617793256767,0
adam,local_global,465,932.0,-7.726617793256767,-7.726506747178817,0
adam,local_global,466,934.0,-7.726506747178817,-7.726510419086094,0
adam,local_global,467,936.0,-7.726510419086094,-7.726583456270138,0
adam,local_global,468,938.0,-7.726583456270138,-7.726590739784402,0
adam,local_global,469,940.0,-7.726590739784402,-7.7265216645728225,0
adam,local_global,470,942.0,-7.7265216645728225,-7.726456851287785,0
adam,local_global,471,944.0,-7.726456851287785,-7.726415670498637,0
adam,local_global,472,946.0,-7.726415670498637,-7.72634684023797,0
adam,local_global,473,948.0,-7.72634684023797,-7.726263384441749,0
adam,local_global,474,950.0,-7.726263384441749,-7.72625332711309,0
adam,local_global,475,952.0,-7.72625332711309,-7.726398039840823,0
adam,local_global,476,954.0,-7.726398039840823,-7.726626268226937,0
adam,local_global,477,956.0,-7.726626268226937,-7.726733815373894,0
adam,local_global,478,958.0,-7.726733815373894,-7.726661452303643,0
adam,local_global,479,960.0,-7.726661452303643,-7.7265435960158255,0
adam,local_global,480,962.0,-7.7265435960158255,-7.726539198238715,0
adam,local_global,481,964.0,-7.726539198238715,-7.726649025368729,0
adam,local_global,482,966.0,-7.726649025368729,-7.726715570782574,0
adam,local_global,483,968.0,-7.726715570782574,-7.7266744690076665,0
adam,local_global,484,970.0,-7.7266744690076665,-7.7266234647517305,0
adam,local_global,485,972.0,-7.7266234647517305,-7.726648780556401,0
adam,local_global,486,974.0,-7.726648780556401,-7.726700627071288,0
adam,local_global,487,976.0,-7.726700627071288,-7.726697442101226,0
adam,local_global,488,978.0,-7.726697442101226,-7.726669074304953,0
adam,local_global,489,980.0,-7.726669074304953,-7.726685464778841,0
adam,local_global,490,982.0,-7.726685464778841,-7.726730306677041,0
adam,local_global,491,984.0,-7.726730306677041,-7.726738367299622,0
adam,local_global,492,986.0,-7.726738367299622,-7.7267123507590005,0
adam,local_global,493,988.0,-7.7267123507590005,-7.726714268396,0
adam,local_global,494,990.0,-7.726714268396,-7.726757807920075,0
adam,local_global,495,992.0,-7.726757807920075,-7.726789667103895,0
adam,local_global,496,994.0,-7.726789667103895,-7.726780881633814,0
adam,local_global,497,996.0,-7.726780881633814,-7.726762897552547,0
adam,local_global,498,998.0,-7.726762897552547,-7.726766097838352,0
adam,local_global,499,1000.0,-7.726766097838352,-7.7267783491110045,0
adam,adiabatic,0,2.0,0.4875628958922866,-4.325947226702578,0
adam,adiabatic,1,4.0,0.45632857320356235,-4.551339229071949,0
adam,adiabatic,2,6.0,0.4272605886773734,-4.724854463119448,0
adam,adiabatic,3,8.0,0.39971229326780494,-4.871423995261326,0
adam,adiabatic,4,10.0,0.37187935259522525,-4.999172128830863,0
adam,adiabatic,5,12.0,0.34468066208761444,-5.142353934945774,0
adam,adiabatic,6,14.0,0.3177527610234852,-5.304837908625143,0
adam,adiabatic,7,16.0,0.2888879954809091,-5.4839085935137,0
adam,adiabatic,8,18.0,0.2586363126219404,-5.671053008974645,0
adam,adiabatic,9,20.0,0.23021631125281278,-5.847388694057098,0
adam,adiabatic,10,22.0,0.20449870811755405,-5.997180229460687,0
adam,adiabatic,11,24.0,0.18290805666584078,-6.1351990678853126,0
adam,adiabatic,12,26.0,0.16539615481163522,-6.277368303758448,0
adam,adiabatic,13,28.0,0.15003924025764764,-6.432422590882908,0
adam,adiabatic,14,30.0,0.13530683397554893,-6.611877588517803,0
adam,adiabatic,15,32.0,0.11983632503610678,-6.80492794037472,0
adam,adiabatic,16,34.0,0.10373169926243665,-6.98038468485923,0
adam,adiabatic,17,36.0,0.08867142586900234,-7.126759737945251,0
adam,adiabatic,18,38.0,0.07505327228386433,-7.2430519009967105,0
adam,adiabatic,19,40.0,0.06366133754132348,-7.323618252407236,0
adam,adiabatic,20,42.0,0.05583360411715283,-7.359914011094072,0
adam,adiabatic,21,44.0,0.052474282780275196,-7.364744713792466,0
adam,adiabatic,22,46.0,0.052088756485602766,-7.366254224486034,0
adam,adiabatic,23,48.0,0.05135539057441651,-7.375141334185797,0
adam,adiabatic,24,50.0,0.04882458919657766,-7.393223024993953,0
adam,adiabatic,25,52.0,0.044701827669263984,-7.419265168908425,0
adam,adiabatic,26,54.0,0.03985982671449218,-7.454631266929999,0
adam,adiabatic,27,56.0,0.03483472446042423,-7.497156460972353,0
adam,adiabatic,28,58.0,0.030036890370241275,-7.53665379077208,0
adam,adiabatic,29,60.0,0.026083300048074395,-7.5687433468341805,0
adam,adiabatic,30,62.0,0.022986261561526503,-7.596627921267606,0
adam,adiabatic,31,64.0,0.02037377017683547,-7.622586825797099,0
adam,adiabatic,32,66.0,0.017940306125106952,-7.641388543280212,0
adam,adiabatic,33,68.0,0.015874097678113933,-7.64691560873821,0
adam,adiabatic,34,70.0,0.014650197958765715,-7.641176617103214,0
adam,adiabatic,35,72.0,0.014299882217397383,-7.63635009707158,0
adam,adiabatic,36,74.0,0.014117711145753598,-7.638347910508185,0
adam,adiabatic,37,76.0,0.013850173740436322,-7.643580687508222,0
adam,adiabatic,38,78.0,0.01369974452392857,-7.647822228449924,0
adam,adiabatic,39,80.0,0.01367725392366965,-7.651456541544064,0
adam,adiabatic,40,82.0,0.013531523840532633,-7.656804191465472,0
adam,adiabatic,41,84.0,0.01312936048535404,-7.664777794357204,0
adam,adiabatic,42,86.0,0.012479990683413688,-7.67286680252868,0
adam,adiabatic,43,88.0,0.01174837146324024,-7.678786729816513,0
adam,adiabatic,44,90.0,0.011080026062569328,-7.6832646580071975,0
adam,adiabatic,45,92.0,0.010510005692993624,-7.688209425081367,0
adam,adiabatic,46,94.0,0.009984354870518892,-7.693972244789017,0
adam,adiabatic,47,96.0,0.009472794604248309,-7.699981242922309,0
adam,adiabatic,48,98.0,0.008922823276671524,-7.704934223031671,0
adam,adiabatic,49,100.0,0.008420644935618563,-7.708081159463647,0
adam,adiabatic,50,102.0,-0.8492490208300372,-7.712875529567537,0
adam,adiabatic,51,104.0,-0.8501700501766322,-7.713402391236485,0
adam,adiabatic,52,106.0,-0.8504411737042694,-7.7147573862764744,0
adam,adiabatic,53,108.0,-0.8507485664405444,-7.708844887604677,0
adam,adiabatic,54,110.0,-0.8496970091171551,-7.716159442055256,0
adam,adiabatic,55,112.0,-0.8510569934515473,-7.7134062858800645,0
adam,adiabatic,56,114.0,-0.850409398256981,-7.71666433104636,0
adam,adiabatic,57,116.0,-0.8510476214586923,-7.7148094206763185,0
adam,adiabatic,58,118.0,-0.8506754964912192,-7.718906392778037,0
adam,adiabatic,59,120.0,-0.8514496099900486,-7.7175494506718705,0
adam,adiabatic,60,122.0,-0.8513258527557241,-7.718107972961459,0
adam,adiabatic,61,124.0,-0.851326986600717,-7.720242404991746,0
adam,adiabatic,62,126.0,-0.8518225778025103,-7.718365106467274,0
adam,adiabatic,63,128.0,-0.8514503787776745,-7.721289509085871,0
adam,adiabatic,64,130.0,-0.8520871799460541,-7.722267833732252,0
adam,adiabatic,65,132.0,-0.8523079697688458,-7.721840049876495,0
adam,adiabatic,66,134.0,-0.8521866319074318,-7.723874140996153,0
adam,adiabatic,67,136.0,-0.8526407751164844,-7.72283019186028,0
adam,adiabatic,68,138.0,-0.852386856316426,-7.724105068412753,0
adam,adiabatic,69,140.0,-0.8526598403044295,-7.7248809588026415,0
adam,adiabatic,70,142.0,-0.8528717156890384,-7.723814519371791,0
adam,adiabatic,71,144.0,-0.8526236692954579,-7.7251924969807355,0
adam,adiabatic,72,146.0,-0.8529040255445184,-7.7245122118314296,0
adam,adiabatic,73,148.0,-0.8527749956799808,-7.724241086446754,0
adam,adiabatic,74,150.0,-0.8527155402380093,-7.725250326278937,0
adam,adiabatic,75,152.0,-0.8529247938769847,-7.724623177935852,0
adam,adiabatic,76,154.0,-0.8527983140321785,-7.7251647100067125,0
adam,adiabatic,77,156.0,-0.8529221708498659,-7.72574231741737,0
adam,adiabatic,78,158.0,-0.8530386787595907,-7.725297277281597,0
adam,adiabatic,79,160.0,-0.8529460308800947,-7.725911903165395,0
adam,adiabatic,80,162.0,-0.8530789457935931,-7.725996894035666,0
adam,adiabatic,81,164.0,-0.8530902665543808,-7.7258741004639955,0
adam,adiabatic,82,166.0,-0.8530650295586956,-7.72629558557458,0
adam,adiabatic,83,168.0,-0.8531663250888321,-7.726058774943814,0
adam,adiabatic,84,170.0,-0.8531159983602515,-7.726237765548911,0
adam,adiabatic,85,172.0,-0.8531491804437676,-7.7264451479872145,0
adam,adiabatic,86,174.0,-0.8531933055019781,-7.726134609275425,0
adam,adiabatic,87,176.0,-0.8531281054462451,-7.726298198110202,0
adam,adiabatic,88,178.0,-0.8531624773717132,-7.726298450394538,0
adam,adiabatic,89,180.0,-0.8531640997234716,-7.7263256828434566,0
adam,adiabatic,90,182.0,-0.8531682632942947,-7.726548879930961,0
adam,adiabatic,91,184.0,-0.8532155754518893,-7.7264611400917556,0
adam,adiabatic,92,186.0,-0.8531949953769734,-7.726533752274334,0
adam,adiabatic,93,188.0,-0.8532132501569563,-7.726615900052066,0
adam,adiabatic,94,190.0,-0.8532315904855203,-7.7265564580819,0
adam,adiabatic,95,192.0,-0.8532154978933492,-7.726686733941084,0
adam,adiabatic,96,194.0,-0.8532465140785759,-7.726640224962178,0
adam,adiabatic,97,196.0,-0.8532366894324482,-7.726626977530057,0
adam,adiabatic,98,198.0,-0.8532318825745638,-7.726671585940061,0
adam,adiabatic,99,200.0,-0.8532445393119409,-7.726628557417979,0
adam,adiabatic,100,202.0,-1.7124088941372861,-7.726680692301587,0
adam,adiabatic,101,204.0,-1.7124259017845052,-7.726299451072041,0
adam,adiabatic,102,206.0,-1.7123256505656552,-7.722586324777246,0
adam,adiabatic,103,208.0,-1.7113787336835287,-7.706985215120831,0
adam,adiabatic,104,210.0,-1.707287145385575,-7.708033729032458,0
adam,adiabatic,105,212.0,-1.7070660334822978,-7.712557693565348,0
adam,adiabatic,106,214.0,-1.7087005894968328,-7.718858132897169,0
adam,adiabatic,107,216.0,-1.7102242973469508,-7.713741594649474,0
adam,adiabatic,108,218.0,-1.7089293470677522,-7.720553884823328,0
adam,adiabatic,109,220.0,-1.7107196768673016,-7.716970806000331,0
adam,adiabatic,110,222.0,-1.7098320650201457,-7.720496299229442,0
adam,adiabatic,111,224.0,-1.7106983739281687,-7.7206797795597835,0
adam,adiabatic,112,226.0,-1.710806596951899,-7.719459292131177,0
adam,adiabatic,113,228.0,-1.710475275271649,-7.722444447639732,0
adam,adiabatic,114,230.0,-1.7112612718736846,-7.719575890590074,0
adam,adiabatic,115,232.0,-1.7105224271682447,-7.722827324392854,0
adam,adiabatic,116,234.0,-1.7113702657683945,-7.723102852756365,0
adam,adiabatic,117,236.0,-1.7114568277129172,-7.722336752911525,0
adam,adiabatic,118,238.0,-1.7112562161108507,-7.724308928980282,0
adam,adiabatic,119,240.0,-1.7117728061864994,-7.723033108351307,0
adam,adiabatic,120,242.0,-1.711444217893206,-7.724838389557168,0
adam,adiabatic,121,244.0,-1.7119302471684723,-7.723651967322948,0
adam,adiabatic,122,246.0,-1.7115984842325058,-7.725238251913131,0
adam,adiabatic,123,248.0,-1.7120420305917439,-7.724605883660562,0
adam,adiabatic,124,250.0,-1.7118609062275545,-7.724956661289199,0
adam,adiabatic,125,252.0,-1.7119746692544842,-7.725593245743964,0
adam,adiabatic,126,254.0,-1.7121164756907454,-7.72492162085867,0
adam,adiabatic,127,256.0,-1.7119554973775437,-7.725836613805987,0
adam,adiabatic,128,258.0,-1.7122058968931353,-7.72552832960207,0
adam,adiabatic,129,260.0,-1.712104417256586,-7.725780746728297,0
adam,adiabatic,130,262.0,-1.7121972411983661,-7.725919567488125,0
adam,adiabatic,131,264.0,-1.7122079894735245,-7.725952500385364,0
adam,adiabatic,132,266.0,-1.7122444363572267,-7.725899685138742,0
adam,adiabatic,133,268.0,-1.7122106127224002,-7.726345310633087,0
adam,adiabatic,134,270.0,-1.7123352833180538,-7.7259283499199345,0
adam,adiabatic,135,272.0,-1.7122308561807469,-7.726470616185965,0
adam,adiabatic,136,274.0,-1.7123705459677245,-7.7261702102846135,0
adam,adiabatic,137,276.0,-1.7122921494348076,-7.72640727282906,0
adam,adiabatic,138,278.0,-1.7123537901130041,-7.726376689316024,0
adam,adiabatic,139,280.0,-1.712347783772974,-7.72639454851451,0
adam,adiabatic,140,282.0,-1.7123547372862018,-7.7265068030551465,0
adam,adiabatic,141,284.0,-1.7123779224531297,-7.726489894739658,0
adam,adiabatic,142,286.0,-1.7123809642088494,-7.726524542094751,0
adam,adiabatic,143,288.0,-1.7123867047967427,-7.7266085068360395,0
adam,adiabatic,144,290.0,-1.7124116850286069,-7.726520302559925,0
adam,adiabatic,145,292.0,-1.712383808041585,-7.726688536626013,0
adam,adiabatic,146,294.0,-1.7124329951503683,-7.726531033881729,0
adam,adiabatic,147,296.0,-1.7123894138267783,-7.726713714756845,0
adam,adiabatic,148,298.0,-1.7124381018132004,-7.726613829349037,0
adam,adiabatic,149,300.0,-1.71241016226965,-7.726685817307184,0
adam,adiabatic,150,302.0,-2.5716117390437647,-7.726559613048188,0
adam,adiabatic,151,304.0,-2.57156200903083,-7.726415041799172,0
adam,adiabatic,152,306.0,-2.5715078517849848,-7.725294261450729,0
adam,adiabatic,153,308.0,-2.571068168647955,-7.722083270239571,0
adam,adiabatic,154,310.0,-2.569784832359472,-7.722074833773785,0
adam,adiabatic,155,312.0,-2.569807494190901,-7.724773828942228,0
adam,adiabatic,156,314.0,-2.570901072603914,-7.720778890936158,0
adam,adiabatic,157,316.0,-2.5692529216735727,-7.717805760996034,0
adam,adiabatic,158,318.0,-2.568075567047818,-7.716397244265357,0
adam,adiabatic,159,320.0,-2.5675165997913303,-7.72494909915342,0
adam,adiabatic,160,322.0,-2.5709321958409306,-7.720045336702625,0
adam,adiabatic,161,324.0,-2.5689618587132625,-7.722878468204343,0
adam,adiabatic,162,326.0,-2.5700651878343637,-7.723589198888613,0
adam,adiabatic,163,328.0,-2.5703858680553804,-7.722524746098955,0
adam,adiabatic,164,330.0,-2.5699200996443508,-7.725170785897355,0
adam,adiabatic,165,332.0,-2.5709946991883297,-7.7229126231669385,0
adam,adiabatic,166,334.0,-2.5700860900020053,-7.72528268717091,0
adam,adiabatic,167,336.0,-2.5710270963576747,-7.724478101024754,0
adam,adiabatic,168,338.0,-2.5707006371352064,-7.724951075642619,0
adam,adiabatic,169,340.0,-2.570897051958293,-7.725279396225742,0
adam,adiabatic,170,342.0,-2.571032086039589,-7.725106031196764,0
adam,adiabatic,171,344.0,-2.5709508088091284,-7.725863005761511,0
adam,adiabatic,172,346.0,-2.571270481451333,-7.725172879506513,0
adam,adiabatic,173,348.0,-2.5709819161958496,-7.726277848987369,0
adam,adiabatic,174,350.0,-2.571432953366722,-7.725387169349596,0
adam,adiabatic,175,352.0,-2.5710739045156177,-7.726310623105296,0
adam,adiabatic,176,354.0,-2.5714494882024943,-7.725792955219665,0
adam,adiabatic,177,356.0,-2.571234063022246,-7.726372851295429,0
adam,adiabatic,178,358.0,-2.57147638042619,-7.725959420535111,0
adam,adiabatic,179,360.0,-2.5713087283485536,-7.726411957347186,0
adam,adiabatic,180,362.0,-2.571490558986213,-7.726218078971459,0
adam,adiabatic,181,364.0,-2.5714176082464735,-7.726332009185885,0
adam,adiabatic,182,366.0,-2.571460390916673,-7.726497280410856,0
adam,adiabatic,183,368.0,-2.571529553572556,-7.726331570959089,0
adam,adiabatic,184,370.0,-2.5714612315943386,-7.726564749248623,0
adam,adiabatic,185,372.0,-2.5715603842878045,-7.726394403981211,0
adam,adiabatic,186,374.0,-2.5714862569591594,-7.726667669492082,0
adam,adiabatic,187,376.0,-2.5716012793668996,-7.726413566597636,0
adam,adiabatic,188,378.0,-2.57149571692976,-7.726742172790688,0
adam,adiabatic,189,380.0,-2.571629685869328,-7.726489091614805,0
adam,adiabatic,190,382.0,-2.5715262711201468,-7.726717802048432,0
adam,adiabatic,191,384.0,-2.571620484712201,-7.726566570295189,0
adam,adiabatic,192,386.0,-2.5715581755683927,-7.726734950411185,0
adam,adiabatic,193,388.0,-2.571625213362776,-7.726627568245544,0
adam,adiabatic,194,390.0,-2.5715840795205107,-7.726721040919623,0
adam,adiabatic,195,392.0,-2.571619019485693,-7.726707238373948,0
adam,adiabatic,196,394.0,-2.571615651692898,-7.7267000154629155,0
adam,adiabatic,197,396.0,-2.5716111912869617,-7.726735305577896,0
adam,adiabatic,198,398.0,-2.5716274940207735,-7.726704256677348,0
adam,adiabatic,199,400.0,-2.5716126101022674,-7.726764376667495,0
adam,adiabatic,200,402.0,-3.430826323401346,-7.726568556167811,0
adam,adiabatic,201,404.0,-3.4307276596275864,-7.726225345210947,0
adam,adiabatic,202,406.0,-3.4305573866704564,-7.7248849228398955,0
adam,adiabatic,203,408.0,-3.429891149983012,-7.7232715858359064,0
adam,adiabatic,204,410.0,-3.429144379094687,-7.719681841330385,0
adam,adiabatic,205,412.0,-3.4275029314750105,-7.722025841889823,0
adam,adiabatic,206,414.0,-3.428592825573547,-7.725168696928967,0
adam,adiabatic,207,416.0,-3.4300473309171307,-7.720727027904195,0
adam,adiabatic,208,418.0,-3.427971511114242,-7.722916676269369,0
adam,adiabatic,209,420.0,-3.428956418405757,-7.719259612203761,0
adam,adiabatic,210,422.0,-3.427234456895014,-7.722501261320308,0
adam,adiabatic,211,424.0,-3.428763623488493,-7.720234358237306,0
adam,adiabatic,212,426.0,-3.427706252486082,-7.723773957357478,0
adam,adiabatic,213,428.0,-3.429370664752602,-7.723011680557521,0
adam,adiabatic,214,430.0,-3.429005553627655,-7.722986449174446,0
adam,adiabatic,215,432.0,-3.428999535323379,-7.724091877549711,0
adam,adiabatic,216,434.0,-3.429548508923979,-7.723817595547819,0
adam,adiabatic,217,436.0,-3.4293852329541874,-7.724914095252529,0
adam,adiabatic,218,438.0,-3.4299548511718108,-7.724776386849225,0
adam,adiabatic,219,440.0,-3.4298530465571027,-7.724948072140106,0
adam,adiabatic,220,442.0,-3.429959844067625,-7.724901056783063,0
adam,adiabatic,221,444.0,-3.4299152052327684,-7.725303252962436,0
adam,adiabatic,222,446.0,-3.430129085172369,-7.725894347009494,0
adam,adiabatic,223,448.0,-3.430407304869742,-7.725223550683665,0
adam,adiabatic,224,450.0,-3.430087595305276,-7.726022176999471,0
adam,adiabatic,225,452.0,-3.430461579264234,-7.725389694107516,0
adam,adiabatic,226,454.0,-3.4301660656537836,-7.726376797958728,0
adam,adiabatic,227,456.0,-3.430643719611941,-7.725781668628627,0
adam,adiabatic,228,458.0,-3.430351916194682,-7.726335235557575,0
adam,adiabatic,229,460.0,-3.4306162018673545,-7.725883479032085,0
adam,adiabatic,230,462.0,-3.4304044871915336,-7.726513537641798,0
adam,adiabatic,231,464.0,-3.430705483517446,-7.726136298954387,0
adam,adiabatic,232,466.0,-3.4305253484726563,-7.726453575012091,0
adam,adiabatic,233,468.0,-3.43067325790081,-7.726385639131573,0
adam,adiabatic,234,470.0,-3.4306469574578253,-7.726402247028431,0
adam,adiabatic,235,472.0,-3.4306525730655584,-7.726450059292842,0
adam,adiabatic,236,474.0,-3.430676367705077,-7.726512519267705,0
adam,adiabatic,237,476.0,-3.4307021684069525,-7.726547392760539,0
adam,adiabatic,238,478.0,-3.430725277153262,-7.72650838634708,0
adam,adiabatic,239,480.0,-3.4307045477519145,-7.72658940166046,0
adam,adiabatic,240,482.0,-3.4307437089638846,-7.726514812659558,0
adam,adiabatic,241,484.0,-3.4307049602712962,-7.726639393165744,0
adam,adiabatic,242,486.0,-3.4307677966770056,-7.726587168714249,0
adam,adiabatic,243,488.0,-3.4307440344993982,-7.726618014444839,0
adam,adiabatic,244,490.0,-3.430758698047465,-7.726562010301151,0
adam,adiabatic,245,492.0,-3.430728779500824,-7.7266334823864025,0
adam,adiabatic,246,494.0,-3.430764674886467,-7.726591044650876,0
adam,adiabatic,247,496.0,-3.4307467621636665,-7.7266522670771725,0
adam,adiabatic,248,498.0,-3.4307755348841478,-7.726603821374024,0
adam,adiabatic,249,500.0,-3.4307503526289667,-7.726633833624733,0
adam,adiabatic,250,502.0,-4.289937941086378,-7.7263271432684215,0
adam,adiabatic,251,504.0,-4.289761213596264,-7.724740433022292,0
adam,adiabatic,252,506.0,-4.288837067417198,-7.7180364448823955,0
adam,adiabatic,253,508.0,-4.284920265658206,-7.708735479012705,0
adam,adiabatic,254,510.0,-4.27945995814994,-7.717903178387873,0
adam,adiabatic,255,512.0,-4.284770046583413,-7.712997127872519,0
adam,adiabatic,256,514.0,-4.281902633237784,-7.709261913701408,0
adam,adiabatic,257,516.0,-4.279782806686677,-7.716997263252678,0
adam,adiabatic,258,518.0,-4.2842677372320885,-7.7136381508707075,0
adam,adiabatic,259,520.0,-4.2822407009941825,-7.72015108120327,0
adam,adiabatic,260,522.0,-4.2860720093242595,-7.712791418534264,0
adam,adiabatic,261,524.0,-4.281769546714798,-7.721090043814841,0
adam,adiabatic,262,526.0,-4.286626510137739,-7.7168043345229,0
adam,adiabatic,263,528.0,-4.284079101579721,-7.723765255300753,0
adam,adiabatic,264,530.0,-4.288264007522649,-7.718355455363902,0
adam,adiabatic,265,532.0,-4.28501321931948,-7.723331344538203,0
adam,adiabatic,266,534.0,-4.28796758894749,-7.721068420525105,0
adam,adiabatic,267,536.0,-4.286633365583467,-7.723344239423635,0
adam,adiabatic,268,538.0,-4.287983338020723,-7.723087205001444,0
adam,adiabatic,269,540.0,-4.2878320094850935,-7.723357366301969,0
adam,adiabatic,270,542.0,-4.287993517836494,-7.723678970942183,0
adam,adiabatic,271,544.0,-4.2881898388365824,-7.724016225807099,0
adam,adiabatic,272,546.0,-4.288382106573006,-7.7245869697747995,0
adam,adiabatic,273,548.0,-4.288731320623987,-7.724407589762485,0
adam,adiabatic,274,550.0,-4.288613427407116,-7.725198175168808,0
adam,adiabatic,275,552.0,-4.289087902610404,-7.724638319168719,0
adam,adiabatic,276,554.0,-4.28875232174003,-7.725517096853456,0
adam,adiabatic,277,556.0,-4.289280910716373,-7.725135861379673,0
adam,adiabatic,278,558.0,-4.289039367397019,-7.725448609796739,0
adam,adiabatic,279,560.0,-4.2892445558406465,-7.725411825247642,0
adam,adiabatic,280,562.0,-4.289200538521814,-7.725331879130978,0
adam,adiabatic,281,564.0,-4.289165374753255,-7.72536996044506,0
adam,adiabatic,282,566.0,-4.289182779922373,-7.724998297605972,0
adam,adiabatic,283,568.0,-4.2889604579280585,-7.725011489670712,0
adam,adiabatic,284,570.0,-4.288967503310176,-7.725053532322082,0
adam,adiabatic,285,572.0,-4.2889940056374956,-7.725632522190541,0
adam,adiabatic,286,574.0,-4.289334564517405,-7.726022764584219,0
adam,adiabatic,287,576.0,-4.289576455493273,-7.726436244865244,0
adam,adiabatic,288,578.0,-4.289817257233315,-7.726049280032146,0
adam,adiabatic,289,580.0,-4.2895894434329955,-7.72613338860755,0
adam,adiabatic,290,582.0,-4.289637077797295,-7.725819896174424,0
adam,adiabatic,291,584.0,-4.289449754160342,-7.72624284648673,0
adam,adiabatic,292,586.0,-4.289701329414942,-7.726408171474021,0
adam,adiabatic,293,588.0,-4.289803605783767,-7.726532468025078,0
adam,adiabatic,294,590.0,-4.289875664932188,-7.726466046495007,0
adam,adiabatic,295,592.0,-4.289836869847417,-7.726307571999873,0
adam,adiabatic,296,594.0,-4.289740268643009,-7.72636367409985,0
adam,adiabatic,297,596.0,-4.289774823039091,-7.726532931886296,0
adam,adiabatic,298,598.0,-4.2898754474826974,-7.726628253044945,0
adam,adiabatic,299,600.0,-4.2899335938825525,-7.72665491362618,0
adam,adiabatic,300,602.0,-5.149124886832564,-7.726473925677268,0
adam,adiabatic,301,604.0,-5.148999345046938,-7.725892170569922,0
adam,adiabatic,302,606.0,-5.1485918296179305,-7.72466963409862,0
adam,adiabatic,303,608.0,-5.1477372266767984,-7.722059744323056,0
adam,adiabatic,304,610.0,-5.145911427397085,-7.719409344014377,0
adam,adiabatic,305,612.0,-5.14405778183987,-7.720051677083271,0
adam,adiabatic,306,614.0,-5.144503414165315,-7.722587815498267,0
adam,adiabatic,307,616.0,-5.146272367285495,-7.7212239194435455,0
adam,adiabatic,308,618.0,-5.145311544123647,-7.720739075633081,0
adam,adiabatic,309,620.0,-5.144964780526671,-7.724506975575333,0
adam,adiabatic,310,622.0,-5.147610318702192,-7.724328996916492,0
adam,adiabatic,311,624.0,-5.147485212386896,-7.721604523803529,0
adam,adiabatic,312,626.0,-5.1455706933943866,-7.7242448276126,0
adam,adiabatic,313,628.0,-5.147422697949293,-7.724940244197995,0
adam,adiabatic,314,630.0,-5.147916561966962,-7.7228917413401375,0
adam,adiabatic,315,632.0,-5.14647702795016,-7.725017963436677,0
adam,adiabatic,316,634.0,-5.147969341795203,-7.725730708150531,0
adam,adiabatic,317,636.0,-5.148470285239341,-7.724339595164667,0
adam,adiabatic,318,638.0,-5.14749333229905,-7.725457123792514,0
adam,adiabatic,319,640.0,-5.148281967100396,-7.725827730284705,0
adam,adiabatic,320,642.0,-5.148538674738155,-7.725177456722268,0
adam,adiabatic,321,644.0,-5.148082747409907,-7.725938439332497,0
adam,adiabatic,322,646.0,-5.148621855831481,-7.72596728233805,0
adam,adiabatic,323,648.0,-5.148634412824855,-7.725647756142787,0
adam,adiabatic,324,650.0,-5.148416244379091,-7.7262717443897815,0
adam,adiabatic,325,652.0,-5.1488546472190375,-7.7260730304303,0
adam,adiabatic,326,654.0,-5.14870940295303,-7.726064683585712,0
adam,adiabatic,327,656.0,-5.148710013811603,-7.726425794652854,0
adam,adiabatic,328,658.0,-5.14896110146462,-7.726180292283901,0
adam,adiabatic,329,660.0,-5.148785942527087,-7.726384290513601,0
adam,adiabatic,330,662.0,-5.1489348722658566,-7.726469462547991,0
adam,adiabatic,331,664.0,-5.148990525361057,-7.72636226508971,0
adam,adiabatic,332,666.0,-5.148915568326995,-7.726526199629334,0
adam,adiabatic,333,668.0,-5.149034065505735,-7.726531200971409,0
adam,adiabatic,334,670.0,-5.149032901753348,-7.726520704288788,0
adam,adiabatic,335,672.0,-5.149029350356113,-7.72657684977527,0
adam,adiabatic,336,674.0,-5.149068067292138,-7.7266262252024696,0
adam,adiabatic,337,676.0,-5.149100737786378,-7.726592725432686,0
adam,adiabatic,338,678.0,-5.149081041631176,-7.726631940247902,0
adam,adiabatic,339,680.0,-5.149105345050244,-7.726709964365172,0
adam,adiabatic,340,682.0,-5.149161769389085,-7.726616484554992,0
adam,adiabatic,341,684.0,-5.149096578997928,-7.726704312059611,0
adam,adiabatic,342,686.0,-5.149157309336268,-7.726737064337128,0
adam,adiabatic,343,688.0,-5.149181573817247,-7.726655085076291,0
adam,adiabatic,344,690.0,-5.149123304619903,-7.7267594281450425,0
adam,adiabatic,345,692.0,-5.149197396180799,-7.726733516315742,0
adam,adiabatic,346,694.0,-5.14917871941198,-7.726710927127892,0
adam,adiabatic,347,696.0,-5.149163202470865,-7.7267783900034175,0
adam,adiabatic,348,698.0,-5.149210915766756,-7.726744724944769,0
adam,adiabatic,349,700.0,-5.149186799909364,-7.726748732357816,0
adam,adiabatic,350,702.0,-6.008376374672202,-7.726765185029733,0
adam,adiabatic,351,704.0,-6.00838952822859,-7.726768682474081,0
adam,adiabatic,352,706.0,-6.008392304222434,-7.7267493096021544,0
adam,adiabatic,353,708.0,-6.008376874341606,-7.726750357097338,0
adam,adiabatic,354,710.0,-6.008377865837227,-7.7267485952021175,0
adam,adiabatic,355,712.0,-6.008376583800727,-7.726683456569984,0
adam,adiabatic,356,714.0,-6.008325036690019,-7.726476069813023,0
adam,adiabatic,357,716.0,-6.008162177843415,-7.725713874797474,0
adam,adiabatic,358,718.0,-6.007564028595586,-7.723179755853245,0
adam,adiabatic,359,720.0,-6.005575617229506,-7.718038433715466,0
adam,adiabatic,360,722.0,-6.001541421523194,-7.717338779394,0
adam,adiabatic,361,724.0,-6.00098885594642,-7.724201961391374,0
adam,adiabatic,362,726.0,-6.006369780533318,-7.722698255753423,0
adam,adiabatic,363,728.0,-6.005185293699098,-7.72123858011818,0
adam,adiabatic,364,730.0,-6.004029281536646,-7.724015360201276,0
adam,adiabatic,365,732.0,-6.006202420248681,-7.721665962153516,0
adam,adiabatic,366,734.0,-6.004358877304647,-7.725235902805568,0
adam,adiabatic,367,736.0,-6.007171496367202,-7.72332188436702,0
adam,adiabatic,368,738.0,-6.005675966896314,-7.725918230385463,0
adam,adiabatic,369,740.0,-6.007716357869127,-7.72388714967482,0
adam,adiabatic,370,742.0,-6.006116852431732,-7.725703545870831,0
adam,adiabatic,371,744.0,-6.007547105483555,-7.724563039181825,0
adam,adiabatic,372,746.0,-6.006651685438693,-7.725472192500276,0
adam,adiabatic,373,748.0,-6.007362335671579,-7.724517541858613,0
adam,adiabatic,374,750.0,-6.00661635799541,-7.725924881397409,0
adam,adiabatic,375,752.0,-6.007725209655855,-7.72464000541682,0
adam,adiabatic,376,754.0,-6.0067110691545516,-7.725798960441521,0
adam,adiabatic,377,756.0,-6.007623037330644,-7.725404300504586,0
adam,adiabatic,378,758.0,-6.007313304190172,-7.725540520089304,0
adam,adiabatic,379,760.0,-6.0074151121368145,-7.725349251412901,0
adam,adiabatic,380,762.0,-6.007262568785182,-7.725208248826202,0
adam,adiabatic,381,764.0,-6.0071479604287275,-7.725108048003796,0
adam,adiabatic,382,766.0,-6.007068025241602,-7.725411707112193,0
adam,adiabatic,383,768.0,-6.007313691019025,-7.726302777511059,0
adam,adiabatic,384,770.0,-6.008023229465362,-7.726168171758795,0
adam,adiabatic,385,772.0,-6.007918477231558,-7.726380186492782,0
adam,adiabatic,386,774.0,-6.008081848822304,-7.725819431983519,0
adam,adiabatic,387,776.0,-6.007637149968735,-7.7260826628161805,0
adam,adiabatic,388,778.0,-6.00784527044205,-7.726321673393264,0
adam,adiabatic,389,780.0,-6.008039290271738,-7.726565347051057,0
adam,adiabatic,390,782.0,-6.008232393028957,-7.726367341861001,0
adam,adiabatic,391,784.0,-6.008073182055989,-7.726291785742141,0
adam,adiabatic,392,786.0,-6.008012611346791,-7.726482590956782,0
adam,adiabatic,393,788.0,-6.008164601088108,-7.726535682522052,0
adam,adiabatic,394,790.0,-6.008208867371488,-7.726653346045678,0
adam,adiabatic,395,792.0,-6.008301424443834,-7.72642629339921,0
adam,adiabatic,396,794.0,-6.00812042195781,-7.726524832206569,0
adam,adiabatic,397,796.0,-6.008198122166339,-7.7266768393117475,0
adam,adiabatic,398,798.0,-6.008320032999586,-7.7266986918509,0
adam,adiabatic,399,800.0,-6.0083377235207545,-7.72665730682801,0
adam,adiabatic,400,802.0,-6.867480577154501,-7.726419059101582,0
adam,adiabatic,401,804.0,-6.867266720339044,-7.7261861833711185,0
adam,adiabatic,402,806.0,-6.8670571728782335,-7.725744655846017,0
adam,adiabatic,403,808.0,-6.866661157467193,-7.7250488376612605,0
adam,adiabatic,404,810.0,-6.866037361223576,-7.723514680361458,0
adam,adiabatic,405,812.0,-6.864661198339954,-7.721679560878564,0
adam,adiabatic,406,814.0,-6.863014167300971,-7.721060672876931,0
adam,adiabatic,407,816.0,-6.862455600742466,-7.720225619796045,0
adam,adiabatic,408,818.0,-6.86169598080702,-7.717267098071034,0
adam,adiabatic,409,820.0,-6.859031205680884,-7.71525940227228,0
adam,adiabatic,410,822.0,-6.857226375341377,-7.718184857813281,0
adam,adiabatic,411,824.0,-6.85985185273881,-7.721581499961115,0
adam,adiabatic,412,826.0,-6.862910747523134,-7.718873806444133,0
adam,adiabatic,413,828.0,-6.86047213790902,-7.717577476379718,0
adam,adiabatic,414,830.0,-6.85930763559053,-7.720502986024733,0
adam,adiabatic,415,832.0,-6.861939392010881,-7.721866118346752,0
adam,adiabatic,416,834.0,-6.86315928086583,-7.723219317977301,0
adam,adiabatic,417,836.0,-6.8643829597507,-7.723067453324326,0
adam,adiabatic,418,838.0,-6.864245417823372,-7.722834539527719,0
adam,adiabatic,419,840.0,-6.8640311413151744,-7.723364273707994,0
adam,adiabatic,420,842.0,-6.864508490311894,-7.724284457788032,0
adam,adiabatic,421,844.0,-6.865339185289103,-7.724916261049417,0
adam,adiabatic,422,846.0,-6.865910323248796,-7.724309549300002,0
adam,adiabatic,423,848.0,-6.865359043288441,-7.724431307114334,0
adam,adiabatic,424,850.0,-6.865473730985689,-7.7251469311474406,0
adam,adiabatic,425,852.0,-6.8661168394018155,-7.7257601347613765,0
adam,adiabatic,426,854.0,-6.86666909918839,-7.724861360236039,0
adam,adiabatic,427,856.0,-6.865859703204244,-7.725566546389404,0
adam,adiabatic,428,858.0,-6.866497179847629,-7.7257356324846205,0
adam,adiabatic,429,860.0,-6.866647699283673,-7.725864418270426,0
adam,adiabatic,430,862.0,-6.866764782809917,-7.725858056028192,0
adam,adiabatic,431,864.0,-6.866759379399716,-7.72569168153214,0
adam,adiabatic,432,866.0,-6.8666083594515355,-7.726125541091886,0
adam,adiabatic,433,868.0,-6.867001083109421,-7.726145966458491,0
adam,adiabatic,434,870.0,-6.867017556934949,-7.725952916323838,0
adam,adiabatic,435,872.0,-6.866845673841886,-7.72614907837855,0
adam,adiabatic,436,874.0,-6.867021675583245,-7.72617547746812,0
adam,adiabatic,437,876.0,-6.867045782182915,-7.726350165390029,0
adam,adiabatic,438,878.0,-6.867202831896818,-7.726385997014872,0
adam,adiabatic,439,880.0,-6.867235163404463,-7.726366527700902,0
adam,adiabatic,440,882.0,-6.867217401985405,-7.726526566909323,0
adam,adiabatic,441,884.0,-6.867361387596008,-7.7265354867467195,0
adam,adiabatic,442,886.0,-6.867369746223935,-7.726423944532483,0
adam,adiabatic,443,888.0,-6.8672690003163614,-7.7265506012370615,0
adam,adiabatic,444,890.0,-6.867383689802876,-7.7266392858605375,0
adam,adiabatic,445,892.0,-6.867462807054346,-7.726595872351634,0
adam,adiabatic,446,894.0,-6.867424154010272,-7.7266170320105365,0
adam,adiabatic,447,896.0,-6.867443477456371,-7.726600385677892,0
adam,adiabatic,448,898.0,-6.86742813700427,-7.726685332585472,0
adam,adiabatic,449,900.0,-6.86750475636693,-7.72667755059854,0
adam,adiabatic,450,902.0,-7.726677550598545,-7.726618292587182,0
adam,adiabatic,451,904.0,-7.726618292587186,-7.7265413076343865,0
adam,adiabatic,452,906.0,-7.72654130763439,-7.726293969107987,0
adam,adiabatic,453,908.0,-7.726293969107987,-7.725593464522254,0
adam,adiabatic,454,910.0,-7.725593464522254,-7.723746262792294,0
adam,adiabatic,455,912.0,-7.723746262792296,-7.720861617856896,0
adam,adiabatic,456,914.0,-7.7208616178568885,-7.719552295285819,0
adam,adiabatic,457,916.0,-7.719552295285821,-7.718729681267326,0
adam,adiabatic,458,918.0,-7.718729681267326,-7.717924772032591,0
adam,adiabatic,459,920.0,-7.717924772032591,-7.720731214163606,0
adam,adiabatic,460,922.0,-7.720731214163606,-7.720602054054979,0
adam,adiabatic,461,924.0,-7.720602054054977,-7.719604326726363,0
adam,adiabatic,462,926.0,-7.719604326726361,-7.722352742514231,0
adam,adiabatic,463,928.0,-7.722352742514235,-7.72138143188886,0
adam,adiabatic,464,930.0,-7.721381431888856,-7.720904150186798,0
adam,adiabatic,465,932.0,-7.720904150186803,-7.724038881338374,0
adam,adiabatic,466,934.0,-7.724038881338376,-7.7238467281221395,0
adam,adiabatic,467,936.0,-7.723846728122138,-7.722701472289827,0
adam,adiabatic,468,938.0,-7.722701472289831,-7.724365921766039,0
adam,adiabatic,469,940.0,-7.724365921766037,-7.724717998295986,0
adam,adiabatic,470,942.0,-7.7247179982959855,-7.723963857597354,0
adam,adiabatic,471,944.0,-7.723963857597363,-7.724962103614966,0
adam,adiabatic,472,946.0,-7.724962103614958,-7.724780551777514,0
adam,adiabatic,473,948.0,-7.724780551777505,-7.725249353366709,0
adam,adiabatic,474,950.0,-7.725249353366702,-7.725241907217745,0
adam,adiabatic,475,952.0,-7.725241907217747,-7.725363729017136,0
adam,adiabatic,476,954.0,-7.725363729017154,-7.725838143344229,0
adam,adiabatic,477,956.0,-7.7258381433442365,-7.725132486861252,0
adam,adiabatic,478,958.0,-7.725132486861237,-7.725991759911436,0
adam,adiabatic,479,960.0,-7.725991759911439,-7.725650821144943,0
adam,adiabatic,480,962.0,-7.725650821144941,-7.725707060917159,0
adam,adiabatic,481,964.0,-7.7257070609171645,-7.726416332693894,0
adam,adiabatic,482,966.0,-7.726416332693901,-7.725926335604361,0
adam,adiabatic,483,968.0,-7.725926335604357,-7.7262678842322075,0
adam,adiabatic,484,970.0,-7.726267884232201,-7.726496775019773,0
adam,adiabatic,485,972.0,-7.726496775019759,-7.726098567941032,0
adam,adiabatic,486,974.0,-7.726098567941038,-7.726361712325673,0
adam,adiabatic,487,976.0,-7.726361712325669,-7.726332294853961,0
adam,adiabatic,488,978.0,-7.726332294853955,-7.726276734073052,0
adam,adiabatic,489,980.0,-7.726276734073051,-7.726378956424269,0
adam,adiabatic,490,982.0,-7.726378956424264,-7.726358691481248,0
adam,adiabatic,491,984.0,-7.726358691481252,-7.726543758318007,0
adam,adiabatic,492,986.0,-7.726543758318002,-7.726515922880167,0
adam,adiabatic,493,988.0,-7.726515922880169,-7.726619020585913,0
adam,adiabatic,494,990.0,-7.72661902058591,-7.726569361235322,0
adam,adiabatic,495,992.0,-7.7265693612353195,-7.726585238540197,0
adam,adiabatic,496,994.0,-7.726585238540189,-7.726639428576304,0
adam,adiabatic,497,996.0,-7.72663942857631,-7.726598126699665,0
adam,adiabatic,498,998.0,-7.726598126699663,-7.726726254725772,0
adam,adiabatic,499,1000.0,-7.726726254725769,-7.726679707158859,0
adam,sea,0,2.0,-3.984761347028719,-3.984761347028719,0
adam,sea,1,4.0,-4.70413550747104,-4.70413550747104,0
adam,sea,2,6.0,-5.26751385398352,-5.26751385398352,0
adam,sea,3,8.0,-5.780311207186182,-5.780311207186182,0
adam,sea,4,10.0,-6.256861284173385,-6.256861284173385,0
adam,sea,5,12.0,-6.640878317404152,-6.640878317404152,0
adam,sea,6,14.0,-6.8573307692209475,-6.8573307692209475,0
adam,sea,7,16.0,-6.9523216144766895,-6.9523216144766895,0
adam,sea,8,18.0,-7.073279051150356,-7.073279051150356,0
adam,sea,9,20.0,-7.203735375500013,-7.203735375500013,0
adam,sea,10,22.0,-7.252952176111368,-7.252952176111368,0
adam,sea,11,24.0,-7.253647449077528,-7.253647449077528,0
adam,sea,12,26.0,-7.278583185369046,-7.278583185369046,0
adam,sea,13,28.0,-7.31567966650289,-7.31567966650289,0
adam,sea,14,30.0,-7.3427137304627195,-7.3427137304627195,0
adam,sea,15,32.0,-7.3706833656133455,-7.3706833656133455,0
adam,sea,16,34.0,-7.400349899249812,-7.400349899249812,0
adam,sea,17,36.0,-7.416606741001066,-7.416606741001066,0
adam,sea,18,38.0,-7.416832574341701,-7.416832574341701,0
adam,sea,19,40.0,-7.422754072406896,-7.422754072406896,0
adam,sea,20,42.0,-7.443932632138739,-7.443932632138739,0
adam,sea,21,44.0,-7.461719526293318,-7.461719526293318,0
adam,sea,22,46.0,-7.46454896073723,-7.46454896073723,0
adam,sea,23,48.0,-7.465740448689105,-7.465740448689105,0
adam,sea,24,50.0,-7.4769258955984474,-7.4769258955984474,0
adam,sea,25,52.0,-7.4916980618880675,-7.4916980618880675,0
adam,sea,26,54.0,-7.502180205516438,-7.502180205516438,0
adam,sea,27,56.0,-7.505989771933002,-7.505989771933002,0
adam,sea,28,58.0,-7.5022834049689315,-7.5022834049689315,0
adam,sea,29,60.0,-7.498367984192298,-7.498367984192298,0
adam,sea,30,62.0,-7.503649802076759,-7.503649802076759,0
adam,sea,31,64.0,-7.514578701187,-7.514578701187,0
adam,sea,32,66.0,-7.521613611749944,-7.521613611749944,0
adam,sea,33,68.0,-7.521034650618894,-7.521034650618894,0
adam,sea,34,70.0,-7.51608287818412,-7.51608287818412,0
adam,sea,35,72.0,-7.515250583524332,-7.515250583524332,0
adam,sea,36,74.0,-7.522894738984958,-7.522894738984958,0
adam,sea,37,76.0,-7.532433152522229,-7.532433152522229,0
adam,sea,38,78.0,-7.536831213453586,-7.536831213453586,0
adam,sea,39,80.0,-7.537014049923496,-7.537014049923496,0
adam,sea,40,82.0,-7.536409188996144,-7.536409188996144,0
adam,sea,41,84.0,-7.5376248666984,-7.5376248666984,0
adam,sea,42,86.0,-7.5413233479257356,-7.5413233479257356,0
adam,sea,43,88.0,-7.5441390605274155,-7.5441390605274155,0
adam,sea,44,90.0,-7.544234336126653,-7.544234336126653,0
adam,sea,45,92.0,-7.544382575200751,-7.544382575200751,0
adam,sea,46,94.0,-7.546152873339491,-7.546152873339491,0
adam,sea,47,96.0,-7.548691670715527,-7.548691670715527,0
adam,sea,48,98.0,-7.550665417547465,-7.550665417547465,0
adam,sea,49,100.0,-7.551405148780776,-7.551405148780776,0
adam,sea,50,102.0,-7.552454002538083,-7.552454002538083,0
adam,sea,51,104.0,-7.554450713261619,-7.554450713261619,0
adam,sea,52,106.0,-7.555865029875862,-7.555865029875862,0
adam,sea,53,108.0,-7.556466739170119,-7.556466739170119,0
adam,sea,54,110.0,-7.556807335126324,-7.556807335126324,0
adam,sea,55,112.0,-7.557286485387349,-7.557286485387349,0
adam,sea,56,114.0,-7.558283654285948,-7.558283654285948,0
adam,sea,57,116.0,-7.5591167714713565,-7.5591167714713565,0
adam,sea,58,118.0,-7.559504882602161,-7.559504882602161,0
adam,sea,59,120.0,-7.55977934889197,-7.55977934889197,0
adam,sea,60,122.0,-7.560041675633544,-7.560041675633544,0
adam,sea,61,124.0,-7.560464099579276,-7.560464099579276,0
adam,sea,62,126.0,-7.560744202385538,-7.560744202385538,0
adam,sea,63,128.0,-7.560893639498771,-7.560893639498771,0
adam,sea,64,130.0,-7.561142799398534,-7.561142799398534,0
adam,sea,65,132.0,-7.56127666079949,-7.56127666079949,0
adam,sea,66,134.0,-7.561410132191164,-7.561410132191164,0
adam,sea,67,136.0,-7.561602140453584,-7.561602140453584,0
adam,sea,68,138.0,-7.561852816115978,-7.561852816115978,0
adam,sea,69,140.0,-7.56211717498489,-7.56211717498489,0
adam,sea,70,142.0,-7.562377721616688,-7.562377721616688,0
adam,sea,71,144.0,-7.562737689086739,-7.562737689086739,0
adam,sea,72,146.0,-7.562948163077257,-7.562948163077257,0
adam,sea,73,148.0,-7.563061878981288,-7.563061878981288,0
adam,sea,74,150.0,-7.563243237778923,-7.563243237778923,0
adam,sea,75,152.0,-7.563545914519657,-7.563545914519657,0
adam,sea,76,154.0,-7.563864005147428,-7.563864005147428,0
adam,sea,77,156.0,-7.564114486354855,-7.564114486354855,0
adam,sea,78,158.0,-7.5643739956921126,-7.5643739956921126,0
adam,sea,79,160.0,-7.564650494177275,-7.564650494177275,0
adam,sea,80,162.0,-7.564984547199402,-7.564984547199402,0
adam,sea,81,164.0,-7.565265804830014,-7.565265804830014,0
adam,sea,82,166.0,-7.56552388097289,-7.56552388097289,0
adam,sea,83,168.0,-7.565810054177668,-7.565810054177668,0
adam,sea,84,170.0,-7.566140900507275,-7.566140900507275,0
adam,sea,85,172.0,-7.566438505688758,-7.566438505688758,0
adam,sea,86,174.0,-7.566737346239386,-7.566737346239386,0
adam,sea,87,176.0,-7.567062043125141,-7.567062043125141,0
adam,sea,88,178.0,-7.567426003220325,-7.567426003220325,0
adam,sea,89,180.0,-7.567794069875487,-7.567794069875487,0
adam,sea,90,182.0,-7.568135490240602,-7.568135490240602,0
adam,sea,91,184.0,-7.568467509933965,-7.568467509933965,0
adam,sea,92,186.0,-7.568852684592942,-7.568852684592942,0
adam,sea,93,188.0,-7.569286237477156,-7.569286237477156,0
adam,sea,94,190.0,-7.569773606061525,-7.569773606061525,0
adam,sea,95,192.0,-7.570357211503507,-7.570357211503507,0
adam,sea,96,194.0,-7.571138616290221,-7.571138616290221,0
adam,sea,97,196.0,-7.572255833277657,-7.572255833277657,0
adam,sea,98,198.0,-7.573977764189612,-7.573977764189612,0
adam,sea,99,200.0,-7.576803217792696,-7.576803217792696,0
adam,sea,100,202.0,-7.581621382290354,-7.581621382290354,0
adam,sea,101,204.0,-7.589812343732499,-7.589812343732499,0
adam,sea,102,206.0,-7.603164500985711,-7.603164500985711,0
adam,sea,103,208.0,-7.622977392628161,-7.622977392628161,0
adam,sea,104,210.0,-7.648191737738015,-7.648191737738015,0
adam,sea,105,212.0,-7.673901822962239,-7.673901822962239,0
adam,sea,106,214.0,-7.692109727325475,-7.692109727325475,0
adam,sea,107,216.0,-7.696791565763957,-7.696791565763957,0
adam,sea,108,218.0,-7.697623265913233,-7.697623265913233,0
adam,sea,109,220.0,-7.701776921822589,-7.701776921822589,0
adam,sea,110,222.0,-7.70090365454384,-7.70090365454384,0
adam,sea,111,224.0,-7.701407776665312,-7.701407776665312,0
adam,sea,112,226.0,-7.708104756037404,-7.708104756037404,0
adam,sea,113,228.0,-7.714849570732382,-7.714849570732382,0
adam,sea,114,230.0,-7.717658423330159,-7.717658423330159,0
adam,sea,115,232.0,-7.716936976097731,-7.716936976097731,0
adam,sea,116,234.0,-7.714186597073002,-7.714186597073002,0
adam,sea,117,236.0,-7.71243652970721,-7.71243652970721,0
adam,sea,118,238.0,-7.7153804295593,-7.7153804295593,0
adam,sea,119,240.0,-7.720418036618326,-7.720418036618326,0
adam,sea,120,242.0,-7.722099230393207,-7.722099230393207,0
adam,sea,121,244.0,-7.721107050278095,-7.721107050278095,0
adam,sea,122,246.0,-7.720267668103259,-7.720267668103259,0
adam,sea,123,248.0,-7.7200305566046765,-7.7200305566046765,0
adam,sea,124,250.0,-7.721866705043182,-7.721866705043182,0
adam,sea,125,252.0,-7.724051820862502,-7.724051820862502,0
adam,sea,126,254.0,-7.724240108988701,-7.724240108988701,0
adam,sea,127,256.0,-7.724275833574792,-7.724275833574792,0
adam,sea,128,258.0,-7.723997800297515,-7.723997800297515,0
adam,sea,129,260.0,-7.723858138032723,-7.723858138032723,0
adam,sea,130,262.0,-7.7244369233641965,-7.7244369233641965,0
adam,sea,131,264.0,-7.72478742829006,-7.72478742829006,0
adam,sea,132,266.0,-7.725288182669258,-7.725288182669258,0
adam,sea,133,268.0,-7.725645145466922,-7.725645145466922,0
adam,sea,134,270.0,-7.725635492721146,-7.725635492721146,0
adam,sea,135,272.0,-7.72544775078872,-7.72544775078872,0
adam,sea,136,274.0,-7.725259398750949,-7.725259398750949,0
adam,sea,137,276.0,-7.725496903012852,-7.725496903012852,0
adam,sea,138,278.0,-7.72590469098425,-7.72590469098425,0
adam,sea,139,280.0,-7.726295581749046,-7.726295581749046,0
adam,sea,140,282.0,-7.726448120440258,-7.726448120440258,0
adam,sea,141,284.0,-7.726257824562126,-7.726257824562126,0
adam,sea,142,286.0,-7.72622021603441,-7.72622021603441,0
adam,sea,143,288.0,-7.726215135868307,-7.726215135868307,0
adam,sea,144,290.0,-7.726384615918288,-7.726384615918288,0
adam,sea,145,292.0,-7.72653822592915,-7.72653822592915,0
adam,sea,146,294.0,-7.7265086255384015,-7.7265086255384015,0
adam,sea,147,296.0,-7.726550281396014,-7.726550281396014,0
adam,sea,148,298.0,-7.726582735575337,-7.726582735575337,0
adam,sea,149,300.0,-7.726663145405985,-7.726663145405985,0
adam,sea,150,302.0,-7.726713722073744,-7.726713722073744,0
adam,sea,151,304.0,-7.7267356158557154,-7.7267356158557154,0
adam,sea,152,306.0,-7.72676713740431,-7.72676713740431,0
adam,sea,153,308.0,-7.7267901825283545,-7.7267901825283545,0
adam,sea,154,310.0,-7.72681012190731,-7.72681012190731,0
adam,sea,155,312.0,-7.72681117233915,-7.72681117233915,0
adam,sea,156,314.0,-7.726884407838681,-7.726884407838681,0
adam,sea,157,316.0,-7.72694599079244,-7.72694599079244,0
adam,sea,158,318.0,-7.726991672640393,-7.726991672640393,0
adam,sea,159,320.0,-7.7269866686159565,-7.7269866686159565,0
adam,sea,160,322.0,-7.726950247509972,-7.726950247509972,0
adam,sea,161,324.0,-7.7269682086912175,-7.7269682086912175,0
adam,sea,162,326.0,-7.7270025514446905,-7.7270025514446905,0
adam,sea,163,328.0,-7.727053126539963,-7.727053126539963,0
adam,sea,164,330.0,-7.727074580652087,-7.727074580652087,0
adam,sea,165,332.0,-7.7270792922421165,-7.7270792922421165,0
adam,sea,166,334.0,-7.727078469904796,-7.727078469904796,0
adam,sea,167,336.0,-7.727085797079979,-7.727085797079979,0
adam,sea,168,338.0,-7.727094886818145,-7.727094886818145,0
adam,sea,169,340.0,-7.727113434084112,-7.727113434084112,0
adam,sea,170,342.0,-7.727141282135559,-7.727141282135559,0
adam,sea,171,344.0,-7.727161992391928,-7.727161992391928,0
adam,sea,172,346.0,-7.727180858608354,-7.727180858608354,0
adam,sea,173,348.0,-7.727181801176419,-7.727181801176419,0
adam,sea,174,350.0,-7.7271889562640474,-7.7271889562640474,0
adam,sea,175,352.0,-7.727202721211942,-7.727202721211942,0
adam,sea,176,354.0,-7.727224079804954,-7.727224079804954,0
adam,sea,177,356.0,-7.727244916859092,-7.727244916859092,0
adam,sea,178,358.0,-7.727260692470361,-7.727260692470361,0
adam,sea,179,360.0,-7.7272751786270595,-7.7272751786270595,0
adam,sea,180,362.0,-7.727291520481646,-7.727291520481646,0
adam,sea,181,364.0,-7.727307926611298,-7.727307926611298,0
adam,sea,182,366.0,-7.727322653544362,-7.727322653544362,0
adam,sea,183,368.0,-7.727340117959797,-7.727340117959797,0
adam,sea,184,370.0,-7.7273583457086215,-7.7273583457086215,0
adam,sea,185,372.0,-7.727380684552478,-7.727380684552478,0
adam,sea,186,374.0,-7.7273999466904755,-7.7273999466904755,0
adam,sea,187,376.0,-7.727419394933872,-7.727419394933872,0
adam,sea,188,378.0,-7.727438723344964,-7.727438723344964,0
adam,sea,189,380.0,-7.72745967331374,-7.72745967331374,0
adam,sea,190,382.0,-7.7274814170765795,-7.7274814170765795,0
adam,sea,191,384.0,-7.727504067775597,-7.727504067775597,0
adam,sea,192,386.0,-7.727527613768924,-7.727527613768924,0
adam,sea,193,388.0,-7.727552819951347,-7.727552819951347,0
adam,sea,194,390.0,-7.727577596191371,-7.727577596191371,0
adam,sea,195,392.0,-7.7276022369128246,-7.7276022369128246,0
adam,sea,196,394.0,-7.727627627986576,-7.727627627986576,0
adam,sea,197,396.0,-7.727654640073532,-7.727654640073532,0
adam,sea,198,398.0,-7.727683961173804,-7.727683961173804,0
adam,sea,199,400.0,-7.7277137976651105,-7.7277137976651105,0
adam,sea,200,402.0,-7.727744131647673,-7.727744131647673,0
adam,sea,201,404.0,-7.727774711541174,-7.727774711541174,0
adam,sea,202,406.0,-7.7278064678105824,-7.7278064678105824,0
adam,sea,203,408.0,-7.727839694048534,-7.727839694048534,0
adam,sea,204,410.0,-7.727874491883953,-7.727874491883953,0
adam,sea,205,412.0,-7.727910596538914,-7.727910596538914,0
adam,sea,206,414.0,-7.727948135545843,-7.727948135545843,0
adam,sea,207,416.0,-7.727986536873701,-7.727986536873701,0
adam,sea,208,418.0,-7.728026292266066,-7.728026292266066,0
adam,sea,209,420.0,-7.728067299089551,-7.728067299089551,0
adam,sea,210,422.0,-7.7281102801359145,-7.7281102801359145,0
adam,sea,211,424.0,-7.728155086717377,-7.728155086717377,0
adam,sea,212,426.0,-7.728201666654502,-7.728201666654502,0
adam,sea,213,428.0,-7.7282498811397655,-7.7282498811397655,0
adam,sea,214,430.0,-7.728300019975759,-7.728300019975759,0
adam,sea,215,432.0,-7.728352303181278,-7.728352303181278,0
adam,sea,216,434.0,-7.728407021219335,-7.728407021219335,0
adam,sea,217,436.0,-7.728464132360391,-7.728464132360391,0
adam,sea,218,438.0,-7.728523978886951,-7.728523978886951,0
adam,sea,219,440.0,-7.728586641227173,-7.728586641227173,0
adam,sea,220,442.0,-7.728652491788948,-7.728652491788948,0
adam,sea,221,444.0,-7.728721707889578,-7.728721707889578,0
adam,sea,222,446.0,-7.72879465928008,-7.72879465928008,0
adam,sea,223,448.0,-7.728871688661373,-7.728871688661373,0
adam,sea,224,450.0,-7.7289531947191765,-7.7289531947191765,0
adam,sea,225,452.0,-7.729039576715825,-7.729039576715825,0
adam,sea,226,454.0,-7.729131312446812,-7.729131312446812,0
adam,sea,227,456.0,-7.729228904775364,-7.729228904775364,0
adam,sea,228,458.0,-7.729332930102633,-7.729332930102633,0
adam,sea,229,460.0,-7.729443918309501,-7.729443918309501,0
adam,sea,230,462.0,-7.729562501686724,-7.729562501686724,0
adam,sea,231,464.0,-7.729689308981674,-7.729689308981674,0
adam,sea,232,466.0,-7.729824977101888,-7.729824977101888,0
adam,sea,233,468.0,-7.729970092781315,-7.729970092781315,0
adam,sea,234,470.0,-7.730125171846773,-7.730125171846773,0
adam,sea,235,472.0,-7.730290712390258,-7.730290712390258,0
adam,sea,236,474.0,-7.730467045628856,-7.730467045628856,0
adam,sea,237,476.0,-7.73065436426574,-7.73065436426574,0
adam,sea,238,478.0,-7.73085260708238,-7.73085260708238,0
adam,sea,239,480.0,-7.731061489236455,-7.731061489236455,0
adam,sea,240,482.0,-7.731280415421558,-7.731280415421558,0
adam,sea,241,484.0,-7.731508481820417,-7.731508481820417,0
adam,sea,242,486.0,-7.731744451823442,-7.731744451823442,0
adam,sea,243,488.0,-7.731986781879296,-7.731986781879296,0
adam,sea,244,490.0,-7.732233657401286,-7.732233657401286,0
adam,sea,245,492.0,-7.732483087403885,-7.732483087403885,0
adam,sea,246,494.0,-7.732733011972399,-7.732733011972399,0
adam,sea,247,496.0,-7.732981434520544,-7.732981434520544,0
adam,sea,248,498.0,-7.733226557834475,-7.733226557834475,0
adam,sea,249,500.0,-7.733466901668056,-7.733466901668056,0
adam,sea,250,502.0,-7.733701385811661,-7.733701385811661,0
adam,sea,251,504.0,-7.733929353165547,-7.733929353165547,0
adam,sea,252,506.0,-7.734150584274849,-7.734150584274849,0
adam,sea,253,508.0,-7.734365216774382,-7.734365216774382,0
adam,sea,254,510.0,-7.734573647287407,-7.734573647287407,0
adam,sea,255,512.0,-7.734776339034846,-7.734776339034846,0
adam,sea,256,514.0,-7.734973568108973,-7.734973568108973,0
adam,sea,257,516.0,-7.735164624460117,-7.735164624460117,0
adam,sea,258,518.0,-7.735345375508557,-7.735345375508557,0
adam,sea,259,520.0,-7.7354984454326265,-7.7354984454326265,0
adam,sea,260,522.0,-7.735555744584237,-7.735555744584237,0
adam,sea,261,524.0,-7.73525763332653,-7.73525763332653,0
adam,sea,262,526.0,-7.733777454183559,-7.733777454183559,0
adam,sea,263,528.0,-7.730148738864997,-7.730148738864997,0
adam,sea,264,530.0,-7.728957104803693,-7.728957104803693,0
adam,sea,265,532.0,-7.734698443742574,-7.734698443742574,0
adam,sea,266,534.0,-7.733695701932146,-7.733695701932146,0
adam,sea,267,536.0,-7.73040987791066,-7.73040987791066,0
adam,sea,268,538.0,-7.7342342119091745,-7.7342342119091745,0
adam,sea,269,540.0,-7.73247946699839,-7.73247946699839,0
adam,sea,270,542.0,-7.73317110847266,-7.73317110847266,0
adam,sea,271,544.0,-7.736497226724265,-7.736497226724265,0
adam,sea,272,546.0,-7.734862153384061,-7.734862153384061,0
adam,sea,273,548.0,-7.736853567624208,-7.736853567624208,0
adam,sea,274,550.0,-7.735672399398301,-7.735672399398301,0
adam,sea,275,552.0,-7.735342103011805,-7.735342103011805,0
adam,sea,276,554.0,-7.736669012687547,-7.736669012687547,0
adam,sea,277,556.0,-7.736108469043717,-7.736108469043717,0
adam,sea,278,558.0,-7.737769579567163,-7.737769579567163,0
adam,sea,279,560.0,-7.73695646442004,-7.73695646442004,0
adam,sea,280,562.0,-7.737124633829219,-7.737124633829219,0
adam,sea,281,564.0,-7.737217066887947,-7.737217066887947,0
adam,sea,282,566.0,-7.737102738314427,-7.737102738314427,0
adam,sea,283,568.0,-7.73807681828316,-7.73807681828316,0
adam,sea,284,570.0,-7.737650953845318,-7.737650953845318,0
adam,sea,285,572.0,-7.73808598630109,-7.73808598630109,0
adam,sea,286,574.0,-7.737719738290633,-7.737719738290633,0
adam,sea,287,576.0,-7.737836800150884,-7.737836800150884,0
adam,sea,288,578.0,-7.738183632543091,-7.738183632543091,0
adam,sea,289,580.0,-7.7381064520580445,-7.7381064520580445,0
adam,sea,290,582.0,-7.738508894892732,-7.738508894892732,0
adam,sea,291,584.0,-7.738149634365058,-7.738149634365058,0
adam,sea,292,586.0,-7.7383652211985,-7.7383652211985,0
adam,sea,293,588.0,-7.738280097847541,-7.738280097847541,0
adam,sea,294,590.0,-7.738419322187152,-7.738419322187152,0
adam,sea,295,592.0,-7.738610660493503,-7.738610660493503,0
adam,sea,296,594.0,-7.738509701116356,-7.738509701116356,0
adam,sea,297,596.0,-7.7386820901206015,-7.7386820901206015,0
adam,sea,298,598.0,-7.738492531904333,-7.738492531904333,0
adam,sea,299,600.0,-7.7386436839788715,-7.7386436839788715,0
adam,sea,300,602.0,-7.738625584792536,-7.738625584792536,0
adam,sea,301,604.0,-7.738710611697726,-7.738710611697726,0
adam,sea,302,606.0,-7.738797155030623,-7.738797155030623,0
adam,sea,303,608.0,-7.738746635092772,-7.738746635092772,0
adam,sea,304,610.0,-7.738831769937613,-7.738831769937613,0
adam,sea,305,612.0,-7.738751721431951,-7.738751721431951,0
adam,sea,306,614.0,-7.738820509483032,-7.738820509483032,0
adam,sea,307,616.0,-7.738820848036851,-7.738820848036851,0
adam,sea,308,618.0,-7.738856110912975,-7.738856110912975,0
adam,sea,309,620.0,-7.7389120440349055,-7.7389120440349055,0
adam,sea,310,622.0,-7.738899305563019,-7.738899305563019,0
adam,sea,311,624.0,-7.738948625446388,-7.738948625446388,0
adam,sea,312,626.0,-7.738925657267967,-7.738925657267967,0
adam,sea,313,628.0,-7.738943142493804,-7.738943142493804,0
adam,sea,314,630.0,-7.738948713044354,-7.738948713044354,0
adam,sea,315,632.0,-7.738945587245217,-7.738945587245217,0
adam,sea,316,634.0,-7.738976206826271,-7.738976206826271,0
adam,sea,317,636.0,-7.738971291894796,-7.738971291894796,0
adam,sea,318,638.0,-7.738998972303891,-7.738998972303891,0
adam,sea,319,640.0,-7.73900694257956,-7.73900694257956,0
adam,sea,320,642.0,-7.73901486090244,-7.73901486090244,0
adam,sea,321,644.0,-7.739033629738888,-7.739033629738888,0
adam,sea,322,646.0,-7.739028847782379,-7.739028847782379,0
adam,sea,323,648.0,-7.739045369972041,-7.739045369972041,0
adam,sea,324,650.0,-7.739042504374874,-7.739042504374874,0
adam,sea,325,652.0,-7.7390466593615,-7.7390466593615,0
adam,sea,326,654.0,-7.739052361511293,-7.739052361511293,0
adam,sea,327,656.0,-7.739046384094895,-7.739046384094895,0
adam,sea,328,658.0,-7.739054222815436,-7.739054222815436,0
adam,sea,329,660.0,-7.739047554819591,-7.739047554819591,0
adam,sea,330,662.0,-7.7390483027329795,-7.7390483027329795,0
adam,sea,331,664.0,-7.739044596144182,-7.739044596144182,0
adam,sea,332,666.0,-7.739033844525028,-7.739033844525028,0
adam,sea,333,668.0,-7.739025450632279,-7.739025450632279,0
adam,sea,334,670.0,-7.73900037765599,-7.73900037765599,0
adam,sea,335,672.0,-7.738968319474059,-7.738968319474059,0
adam,sea,336,674.0,-7.738912299034294,-7.738912299034294,0
adam,sea,337,676.0,-7.738821716516044,-7.738821716516044,0
adam,sea,338,678.0,-7.73868157910258,-7.73868157910258,0
adam,sea,339,680.0,-7.738459053974187,-7.738459053974187,0
adam,sea,340,682.0,-7.738131470717957,-7.738131470717957,0
adam,sea,341,684.0,-7.7376837425472225,-7.7376837425472225,0
adam,sea,342,686.0,-7.7371579491600055,-7.7371579491600055,0
adam,sea,343,688.0,-7.736734359291123,-7.736734359291123,0
adam,sea,344,690.0,-7.736678352874345,-7.736678352874345,0
adam,sea,345,692.0,-7.737208854107203,-7.737208854107203,0
adam,sea,346,694.0,-7.738110348685948,-7.738110348685948,0
adam,sea,347,696.0,-7.738821620224352,-7.738821620224352,0
adam,sea,348,698.0,-7.738905427970336,-7.738905427970336,0
adam,sea,349,700.0,-7.738444091852022,-7.738444091852022,0
adam,sea,350,702.0,-7.737907190947264,-7.737907190947264,0
adam,sea,351,704.0,-7.737744953099032,-7.737744953099032,0
adam,sea,352,706.0,-7.738038328025099,-7.738038328025099,0
adam,sea,353,708.0,-7.738466085552859,-7.738466085552859,0
adam,sea,354,710.0,-7.738631748860964,-7.738631748860964,0
adam,sea,355,712.0,-7.7384676874522516,-7.7384676874522516,0
adam,sea,356,714.0,-7.73823537252687,-7.73823537252687,0
adam,sea,357,716.0,-7.7382404292209594,-7.7382404292209594,0
adam,sea,358,718.0,-7.738536157249336,-7.738536157249336,0
adam,sea,359,720.0,-7.738909521122232,-7.738909521122232,0
adam,sea,360,722.0,-7.739097719230931,-7.739097719230931,0
adam,sea,361,724.0,-7.739038695466955,-7.739038695466955,0
adam,sea,362,726.0,-7.738878334929411,-7.738878334929411,0
adam,sea,363,728.0,-7.738798806977845,-7.738798806977845,0
adam,sea,364,730.0,-7.73885468807092,-7.73885468807092,0
adam,sea,365,732.0,-7.7389561882479745,-7.7389561882479745,0
adam,sea,366,734.0,-7.738991413255945,-7.738991413255945,0
adam,sea,367,736.0,-7.738936515284191,-7.738936515284191,0
adam,sea,368,738.0,-7.738864543323366,-7.738864543323366,0
adam,sea,369,740.0,-7.738859583266395,-7.738859583266395,0
adam,sea,370,742.0,-7.738940908132449,-7.738940908132449,0
adam,sea,371,744.0,-7.739054884710269,-7.739054884710269,0
adam,sea,372,746.0,-7.739130533058747,-7.739130533058747,0
adam,sea,373,748.0,-7.739137563927519,-7.739137563927519,0
adam,sea,374,750.0,-7.739100106418307,-7.739100106418307,0
adam,sea,375,752.0,-7.739064546055175,-7.739064546055175,0
adam,sea,376,754.0,-7.739060439486198,-7.739060439486198,0
adam,sea,377,756.0,-7.73908358267712,-7.73908358267712,0
adam,sea,378,758.0,-7.7391081182302965,-7.7391081182302965,0
adam,sea,379,760.0,-7.739112079680631,-7.739112079680631,0
adam,sea,380,762.0,-7.7390928442304325,-7.7390928442304325,0
adam,sea,381,764.0,-7.739065223946797,-7.739065223946797,0
adam,sea,382,766.0,-7.739047572811332,-7.739047572811332,0
adam,sea,383,768.0,-7.739049267233437,-7.739049267233437,0
adam,sea,384,770.0,-7.7390660935906785,-7.7390660935906785,0
adam,sea,385,772.0,-7.739086588007702,-7.739086588007702,0
adam,sea,386,774.0,-7.739099563783821,-7.739099563783821,0
adam,sea,387,776.0,-7.739101099623437,-7.739101099623437,0
adam,sea,388,778.0,-7.739094294830928,-7.739094294830928,0
adam,sea,389,780.0,-7.739085827012214,-7.739085827012214,0
adam,sea,390,782.0,-7.739081102895265,-7.739081102895265,0
adam,sea,391,784.0,-7.739081812704301,-7.739081812704301,0
adam,sea,392,786.0,-7.739085466742721,-7.739085466742721,0
adam,sea,393,788.0,-7.739087850726569,-7.739087850726569,0
adam,sea,394,790.0,-7.739084685646823,-7.739084685646823,0
adam,sea,395,792.0,-7.73907361357075,-7.73907361357075,0
adam,sea,396,794.0,-7.739053830422259,-7.739053830422259,0
adam,sea,397,796.0,-7.739025917768447,-7.739025917768447,0
adam,sea,398,798.0,-7.738989964683322,-7.738989964683322,0
adam,sea,399,800.0,-7.73894605981172,-7.73894605981172,0
adam,sea,400,802.0,-7.738892571110321,-7.738892571110321,0
adam,sea,401,804.0,-7.738829248141632,-7.738829248141632,0
adam,sea,402,806.0,-7.738755724458774,-7.738755724458774,0
adam,sea,403,808.0,-7.738677680703396,-7.738677680703396,0
adam,sea,404,810.0,-7.738603683296147,-7.738603683296147,0
adam,sea,405,812.0,-7.738552579665992,-7.738552579665992,0
adam,sea,406,814.0,-7.7385425053307815,-7.7385425053307815,0
adam,sea,407,816.0,-7.738592743603979,-7.738592743603979,0
adam,sea,408,818.0,-7.738703032044508,-7.738703032044508,0
adam,sea,409,820.0,-7.738856053746245,-7.738856053746245,0
adam,sea,410,822.0,-7.739013402400159,-7.739013402400159,0
adam,sea,411,824.0,-7.739136339019336,-7.739136339019336,0
adam,sea,412,826.0,-7.7391996372530025,-7.7391996372530025,0
adam,sea,413,828.0,-7.739201103058282,-7.739201103058282,0
adam,sea,414,830.0,-7.739157516121916,-7.739157516121916,0
adam,sea,415,832.0,-7.739094777747469,-7.739094777747469,0
adam,sea,416,834.0,-7.739038476187442,-7.739038476187442,0
adam,sea,417,836.0,-7.739006824362823,-7.739006824362823,0
adam,sea,418,838.0,-7.7390084081733805,-7.7390084081733805,0
adam,sea,419,840.0,-7.739040106953543,-7.739040106953543,0
adam,sea,420,842.0,-7.7390909905033825,-7.7390909905033825,0
adam,sea,421,844.0,-7.7391453874326395,-7.7391453874326395,0
adam,sea,422,846.0,-7.739189564373746,-7.739189564373746,0
adam,sea,423,848.0,-7.739215099852229,-7.739215099852229,0
adam,sea,424,850.0,-7.739220498539247,-7.739220498539247,0
adam,sea,425,852.0,-7.739209642529987,-7.739209642529987,0
adam,sea,426,854.0,-7.7391891034357165,-7.7391891034357165,0
adam,sea,427,856.0,-7.739165506875608,-7.739165506875608,0
adam,sea,428,858.0,-7.739143634982101,-7.739143634982101,0
adam,sea,429,860.0,-7.739125694692352,-7.739125694692352,0
adam,sea,430,862.0,-7.739110685811574,-7.739110685811574,0
adam,sea,431,864.0,-7.7390948100652475,-7.7390948100652475,0
adam,sea,432,866.0,-7.739070728270883,-7.739070728270883,0
adam,sea,433,868.0,-7.739027604984287,-7.739027604984287,0
adam,sea,434,870.0,-7.738949108040622,-7.738949108040622,0
adam,sea,435,872.0,-7.738811966516851,-7.738811966516851,0
adam,sea,436,874.0,-7.738584078891865,-7.738584078891865,0
adam,sea,437,876.0,-7.738226593392976,-7.738226593392976,0
adam,sea,438,878.0,-7.737713911847905,-7.737713911847905,0
adam,sea,439,880.0,-7.737073248610502,-7.737073248610502,0
adam,sea,440,882.0,-7.736480313732809,-7.736480313732809,0
adam,sea,441,884.0,-7.736262026011544,-7.736262026011544,0
adam,sea,442,886.0,-7.7367576777825775,-7.7367576777825775,0
adam,sea,443,888.0,-7.737838850065258,-7.737838850065258,0
adam,sea,444,890.0,-7.738850577889644,-7.738850577889644,0
adam,sea,445,892.0,-7.739128361559835,-7.739128361559835,0
adam,sea,446,894.0,-7.738651355753906,-7.738651355753906,0
adam,sea,447,896.0,-7.737990457860202,-7.737990457860202,0
adam,sea,448,898.0,-7.737778184746245,-7.737778184746245,0
adam,sea,449,900.0,-7.738164863311367,-7.738164863311367,0
adam,sea,450,902.0,-7.738711214650511,-7.738711214650511,0
adam,sea,451,904.0,-7.738868941723759,-7.738868941723759,0
adam,sea,452,906.0,-7.738564398101016,-7.738564398101016,0
adam,sea,453,908.0,-7.738195939845136,-7.738195939845136,0
adam,sea,454,910.0,-7.738177306737632,-7.738177306737632,0
adam,sea,455,912.0,-7.738507223284477,-7.738507223284477,0
adam,sea,456,914.0,-7.738852230405059,-7.738852230405059,0
adam,sea,457,916.0,-7.738936927972401,-7.738936927972401,0
adam,sea,458,918.0,-7.738832591810804,-7.738832591810804,0
adam,sea,459,920.0,-7.738800529214119,-7.738800529214119,0
adam,sea,460,922.0,-7.738971192750246,-7.738971192750246,0
adam,sea,461,924.0,-7.739214453838073,-7.739214453838073,0
adam,sea,462,926.0,-7.739319538652459,-7.739319538652459,0
adam,sea,463,928.0,-7.739235853822137,-7.739235853822137,0
adam,sea,464,930.0,-7.739100659882723,-7.739100659882723,0
adam,sea,465,932.0,-7.739063370909657,-7.739063370909657,0
adam,sea,466,934.0,-7.739132273886217,-7.739132273886217,0
adam,sea,467,936.0,-7.739200027239997,-7.739200027239997,0
adam,sea,468,938.0,-7.739185751156111,-7.739185751156111,0
adam,sea,469,940.0,-7.7391199425371795,-7.7391199425371795,0
adam,sea,470,942.0,-7.7390902730956626,-7.7390902730956626,0
adam,sea,471,944.0,-7.73913957535849,-7.73913957535849,0
adam,sea,472,946.0,-7.739225738053091,-7.739225738053091,0
adam,sea,473,948.0,-7.739281310766721,-7.739281310766721,0
adam,sea,474,950.0,-7.73928421999115,-7.73928421999115,0
adam,sea,475,952.0,-7.739269783555426,-7.739269783555426,0
adam,sea,476,954.0,-7.739281000770543,-7.739281000770543,0
adam,sea,477,956.0,-7.739322355643771,-7.739322355643771,0
adam,sea,478,958.0,-7.739362546095294,-7.739362546095294,0
adam,sea,479,960.0,-7.739373315696928,-7.739373315696928,0
adam,sea,480,962.0,-7.739357820982767,-7.739357820982767,0
adam,sea,481,964.0,-7.739341888680855,-7.739341888680855,0
adam,sea,482,966.0,-7.739344458957483,-7.739344458957483,0
adam,sea,483,968.0,-7.739360911812696,-7.739360911812696,0
adam,sea,484,970.0,-7.739372499868513,-7.739372499868513,0
adam,sea,485,972.0,-7.739367624082375,-7.739367624082375,0
adam,sea,486,974.0,-7.739351517951761,-7.739351517951761,0
adam,sea,487,976.0,-7.739337401079068,-7.739337401079068,0
adam,sea,488,978.0,-7.739331870202903,-7.739331870202903,0
adam,sea,489,980.0,-7.739328723412891,-7.739328723412891,0
adam,sea,490,982.0,-7.739316470502267,-7.739316470502267,0
adam,sea,491,984.0,-7.739287927249017,-7.739287927249017,0
adam,sea,492,986.0,-7.73924395337767,-7.73924395337767,0
adam,sea,493,988.0,-7.7391872300675635,-7.7391872300675635,0
adam,sea,494,990.0,-7.7391160308223474,-7.7391160308223474,0
adam,sea,495,992.0,-7.739021016054437,-7.739021016054437,0
adam,sea,496,994.0,-7.7388930469843284,-7.7388930469843284,0
adam,sea,497,996.0,-7.7387278443931535,-7.7387278443931535,0
adam,sea,498,998.0,-7.738539621663515,-7.738539621663515,0
adam,sea,499,1000.0,-7.738356780749834,-7.738356780749834,0
adam,pretrained,0,,-4.205352227833288,,0
adam,pretrained,1,,-5.238542238418882,,0
adam,pretrained,2,,-5.777008314973546,,0
adam,pretrained,3,,-6.071818280375549,,0
adam,pretrained,4,,-6.3335866344768075,,0
adam,pretrained,5,,-6.569840941519501,,0
adam,pretrained,6,,-6.711113693034342,,0
adam,pretrained,7,,-6.779960720203603,,0
adam,pretrained,8,,-6.874521196740333,,0
adam,pretrained,9,,-6.993300036261711,,0
adam,pretrained,10,,-7.088171219430115,,0
adam,pretrained,11,,-7.167369868790814,,0
adam,pretrained,12,,-7.233732243926062,,0
adam,pretrained,13,,-7.271433159542225,,0
adam,pretrained,14,,-7.2803723973953485,,0
adam,pretrained,15,,-7.284384831132301,,0
adam,pretrained,16,,-7.310401280447728,,0
adam,pretrained,17,,-7.351918733844364,,0
adam,pretrained,18,,-7.389529797713575,,0
adam,pretrained,19,,-7.409406364302584,,0
adam,pretrained,20,,-7.414597489111773,,0
adam,pretrained,21,,-7.422488640037684,,0
adam,pretrained,22,,-7.442506323651377,,0
adam,pretrained,23,,-7.464642222025273,,0
adam,pretrained,24,,-7.480888025750236,,0
adam,pretrained,25,,-7.492273748259023,,0
adam,pretrained,26,,-7.496054280668636,,0
adam,pretrained,27,,-7.495082983379167,,0
adam,pretrained,28,,-7.500018156795386,,0
adam,pretrained,29,,-7.513453614711696,,0
adam,pretrained,30,,-7.525625140406772,,0
adam,pretrained,31,,-7.529872720611428,,0
adam,pretrained,32,,-7.531510671905017,,0
adam,pretrained,33,,-7.535192410327573,,0
adam,pretrained,34,,-7.539971642545876,,0
adam,pretrained,35,,-7.541366964979413,,0
adam,pretrained,36,,-7.54227431907747,,0
adam,pretrained,37,,-7.543988455828711,,0
adam,pretrained,38,,-7.545091679622361,,0
adam,pretrained,39,,-7.545943394217077,,0
adam,pretrained,40,,-7.547551913500451,,0
adam,pretrained,41,,-7.548158359866104,,0
adam,pretrained,42,,-7.548819458545897,,0
adam,pretrained,43,,-7.550729868113459,,0
adam,pretrained,44,,-7.552440477332317,,0
adam,pretrained,45,,-7.552226255939127,,0
adam,pretrained,46,,-7.551079687839535,,0
adam,pretrained,47,,-7.551190920558654,,0
adam,pretrained,48,,-7.552935747951001,,0
adam,pretrained,49,,-7.554630291203749,,0
adam,pretrained,50,,-7.55600947228063,,0
adam,pretrained,51,,-7.556623793136941,,0
adam,pretrained,52,,-7.556681998919812,,0
adam,pretrained,53,,-7.556986963546117,,0
adam,pretrained,54,,-7.557320121498373,,0
adam,pretrained,55,,-7.557362760504533,,0
adam,pretrained,56,,-7.557867871834342,,0
adam,pretrained,57,,-7.5584405025262145,,0
adam,pretrained,58,,-7.558746507665119,,0
adam,pretrained,59,,-7.5587025458209345,,0
adam,pretrained,60,,-7.558599650430489,,0
adam,pretrained,61,,-7.558689709941648,,0
adam,pretrained,62,,-7.5588843643116075,,0
adam,pretrained,63,,-7.559249139429223,,0
adam,pretrained,64,,-7.55952099121142,,0
adam,pretrained,65,2.0,-3.3451398293107357,-3.3451398293107357,1
adam,pretrained,66,4.0,-3.8024290427196634,-3.8024290427196634,0
adam,pretrained,67,6.0,-4.202952036323514,-4.202952036323514,0
adam,pretrained,68,8.0,-4.516192236400997,-4.516192236400997,0
adam,pretrained,69,10.0,-4.778817229230453,-4.778817229230453,0
adam,pretrained,70,12.0,-5.01261723108353,-5.01261723108353,0
adam,pretrained,71,14.0,-5.223714997701409,-5.223714997701409,0
adam,pretrained,72,16.0,-5.429163460262652,-5.429163460262652,0
adam,pretrained,73,18.0,-5.612475965264679,-5.612475965264679,0
adam,pretrained,74,20.0,-5.77936286060363,-5.77936286060363,0
adam,pretrained,75,22.0,-5.93779479450178,-5.93779479450178,0
adam,pretrained,76,24.0,-6.082457731151047,-6.082457731151047,0
adam,pretrained,77,26.0,-6.208562791284938,-6.208562791284938,0
adam,pretrained,78,28.0,-6.3145791639053,-6.3145791639053,0
adam,pretrained,79,30.0,-6.416295025102925,-6.416295025102925,0
adam,pretrained,80,32.0,-6.529645196107775,-6.529645196107775,0
adam,pretrained,81,34.0,-6.642716455841723,-6.642716455841723,0
adam,pretrained,82,36.0,-6.744574970513896,-6.744574970513896,0
adam,pretrained,83,38.0,-6.834602592119921,-6.834602592119921,0
adam,pretrained,84,40.0,-6.916942789757051,-6.916942789757051,0
adam,pretrained,85,42.0,-6.994570130711742,-6.994570130711742,0
adam,pretrained,86,44.0,-7.059225048533692,-7.059225048533692,0
adam,pretrained,87,46.0,-7.105776693823328,-7.105776693823328,0
adam,pretrained,88,48.0,-7.143066644392096,-7.143066644392096,0
adam,pretrained,89,50.0,-7.180730194441672,-7.180730194441672,0
adam,pretrained,90,52.0,-7.213393252167252,-7.213393252167252,0
adam,pretrained,91,54.0,-7.231778241169361,-7.231778241169361,0
adam,pretrained,92,56.0,-7.240808332610463,-7.240808332610463,0
adam,pretrained,93,58.0,-7.253607011073009,-7.253607011073009,0
adam,pretrained,94,60.0,-7.274767644649969,-7.274767644649969,0
adam,pretrained,95,62.0,-7.297817792107466,-7.297817792107466,0
adam,pretrained,96,64.0,-7.314754018912003,-7.314754018912003,0
adam,pretrained,97,66.0,-7.327333957923663,-7.327333957923663,0
adam,pretrained,98,68.0,-7.345378118658498,-7.345378118658498,0
adam,pretrained,99,70.0,-7.3734092353255045,-7.3734092353255045,0
adam,pretrained,100,72.0,-7.406242078771186,-7.406242078771186,0
adam,pretrained,101,74.0,-7.436856157692932,-7.436856157692932,0
adam,pretrained,102,76.0,-7.463724627337255,-7.463724627337255,0
adam,pretrained,103,78.0,-7.487839422107977,-7.487839422107977,0
adam,pretrained,104,80.0,-7.507789502046098,-7.507789502046098,0
adam,pretrained,105,82.0,-7.520890770073518,-7.520890770073518,0
adam,pretrained,106,84.0,-7.529139320751909,-7.529139320751909,0
adam,pretrained,107,86.0,-7.53698463164778,-7.53698463164778,0
adam,pretrained,108,88.0,-7.544249864244276,-7.544249864244276,0
adam,pretrained,109,90.0,-7.548289735402502,-7.548289735402502,0
adam,pretrained,110,92.0,-7.5501656620925,-7.5501656620925,0
adam,pretrained,111,94.0,-7.555096516195579,-7.555096516195579,0
adam,pretrained,112,96.0,-7.565051979442358,-7.565051979442358,0
adam,pretrained,113,98.0,-7.575702030667106,-7.575702030667106,0
adam,pretrained,114,100.0,-7.5835166440759965,-7.5835166440759965,0
adam,pretrained,115,102.0,-7.588661681831338,-7.588661681831338,0
adam,pretrained,116,104.0,-7.5922090346232975,-7.5922090346232975,0
adam,pretrained,117,106.0,-7.594538731917441,-7.594538731917441,0
adam,pretrained,118,108.0,-7.595757685560043,-7.595757685560043,0
adam,pretrained,119,110.0,-7.59659858271435,-7.59659858271435,0
adam,pretrained,120,112.0,-7.597266269676469,-7.597266269676469,0
adam,pretrained,121,114.0,-7.598134784606199,-7.598134784606199,0
adam,pretrained,122,116.0,-7.599688652645463,-7.599688652645463,0
adam,pretrained,123,118.0,-7.601565301266357,-7.601565301266357,0
adam,pretrained,124,120.0,-7.603057747985353,-7.603057747985353,0
adam,pretrained,125,122.0,-7.603948285062578,-7.603948285062578,0
adam,pretrained,126,124.0,-7.604797067001292,-7.604797067001292,0
adam,pretrained,127,126.0,-7.6054638780745,-7.6054638780745,0
adam,pretrained,128,128.0,-7.605303536744747,-7.605303536744747,0
adam,pretrained,129,130.0,-7.604632190060354,-7.604632190060354,0
adam,pretrained,130,132.0,-7.6044853503406875,-7.6044853503406875,0
adam,pretrained,131,134.0,-7.6048985377636384,-7.6048985377636384,0
adam,pretrained,132,136.0,-7.605240786026541,-7.605240786026541,0
adam,pretrained,133,138.0,-7.605566544461956,-7.605566544461956,0
adam,pretrained,134,140.0,-7.606195289254211,-7.606195289254211,0
adam,pretrained,135,142.0,-7.607022824038548,-7.607022824038548,0
adam,pretrained,136,144.0,-7.60766592205273,-7.60766592205273,0
adam,pretrained,137,146.0,-7.608237183773716,-7.608237183773716,0
adam,pretrained,138,148.0,-7.608730473856455,-7.608730473856455,0
adam,pretrained,139,150.0,-7.608914827923203,-7.608914827923203,0
adam,pretrained,140,152.0,-7.60892166326705,-7.60892166326705,0
adam,pretrained,141,154.0,-7.609130616018721,-7.609130616018721,0
adam,pretrained,142,156.0,-7.609570202361432,-7.609570202361432,0
adam,pretrained,143,158.0,-7.609958901271933,-7.609958901271933,0
adam,pretrained,144,160.0,-7.610240050696079,-7.610240050696079,0
adam,pretrained,145,162.0,-7.610477855188948,-7.610477855188948,0
adam,pretrained,146,164.0,-7.610659847002953,-7.610659847002953,0
adam,pretrained,147,166.0,-7.610787385847279,-7.610787385847279,0
adam,pretrained,148,168.0,-7.610915831101951,-7.610915831101951,0
adam,pretrained,149,170.0,-7.611049809165414,-7.611049809165414,0
adam,pretrained,150,172.0,-7.611184691280109,-7.611184691280109,0
adam,pretrained,151,174.0,-7.611317137859502,-7.611317137859502,0
adam,pretrained,152,176.0,-7.611388434426751,-7.611388434426751,0
adam,pretrained,153,178.0,-7.6113454643136045,-7.6113454643136045,0
adam,pretrained,154,180.0,-7.611299728757447,-7.611299728757447,0
adam,pretrained,155,182.0,-7.611313167689233,-7.611313167689233,0
adam,pretrained,156,184.0,-7.611339065503503,-7.611339065503503,0
adam,pretrained,157,186.0,-7.611356226211336,-7.611356226211336,0
adam,pretrained,158,188.0,-7.611406076199234,-7.611406076199234,0
adam,pretrained,159,190.0,-7.611465618169793,-7.611465618169793,0
adam,pretrained,160,192.0,-7.611502427512326,-7.611502427512326,0
adam,pretrained,161,194.0,-7.611538401782907,-7.611538401782907,0
adam,pretrained,162,196.0,-7.611582472711822,-7.611582472711822,0
adam,pretrained,163,198.0,-7.6116135994584555,-7.6116135994584555,0
adam,pretrained,164,200.0,-7.611640906388928,-7.611640906388928,0
adam,pretrained,165,202.0,-7.61167106381951,-7.61167106381951,0
adam,pretrained,166,204.0,-7.611689463800448,-7.611689463800448,0
adam,pretrained,167,206.0,-7.611706712855008,-7.611706712855008,0
adam,pretrained,168,208.0,-7.611745666070424,-7.611745666070424,0
adam,pretrained,169,210.0,-7.611793140779245,-7.611793140779245,0
adam,pretrained,170,212.0,-7.611832525130253,-7.611832525130253,0
adam,pretrained,171,214.0,-7.611861761570109,-7.611861761570109,0
adam,pretrained,172,216.0,-7.611886446688574,-7.611886446688574,0
adam,pretrained,173,218.0,-7.611912473426624,-7.611912473426624,0
adam,pretrained,174,220.0,-7.6119440431690135,-7.6119440431690135,0
adam,pretrained,175,222.0,-7.611973481260637,-7.611973481260637,0
adam,pretrained,176,224.0,-7.611999413850947,-7.611999413850947,0
adam,pretrained,177,226.0,-7.612028090065248,-7.612028090065248,0
adam,pretrained,178,228.0,-7.612055817562532,-7.612055817562532,0
adam,pretrained,179,230.0,-7.612081697899775,-7.612081697899775,0
adam,pretrained,180,232.0,-7.612113497612402,-7.612113497612402,0
adam,pretrained,181,234.0,-7.612150309214873,-7.612150309214873,0
adam,pretrained,182,236.0,-7.6121852755430846,-7.6121852755430846,0
adam,pretrained,183,238.0,-7.612222298888371,-7.612222298888371,0
adam,pretrained,184,240.0,-7.612264690681542,-7.612264690681542,0
adam,pretrained,185,242.0,-7.612310320923241,-7.612310320923241,0
adam,pretrained,186,244.0,-7.612359092635158,-7.612359092635158,0
adam,pretrained,187,246.0,-7.6124128013472845,-7.6124128013472845,0
adam,pretrained,188,248.0,-7.612471978874138,-7.612471978874138,0
adam,pretrained,189,250.0,-7.612539684850538,-7.612539684850538,0
adam,pretrained,190,252.0,-7.612616597349656,-7.612616597349656,0
adam,pretrained,191,254.0,-7.612700775994376,-7.612700775994376,0
adam,pretrained,192,256.0,-7.612794482594252,-7.612794482594252,0
adam,pretrained,193,258.0,-7.6129020336092825,-7.6129020336092825,0
adam,pretrained,194,260.0,-7.613026297624704,-7.613026297624704,0
adam,pretrained,195,262.0,-7.613170720260364,-7.613170720260364,0
adam,pretrained,196,264.0,-7.613339562880284,-7.613339562880284,0
adam,pretrained,197,266.0,-7.613539209113251,-7.613539209113251,0
adam,pretrained,198,268.0,-7.613779749968445,-7.613779749968445,0
adam,pretrained,199,270.0,-7.614073628690207,-7.614073628690207,0
adam,pretrained,200,272.0,-7.614436053270099,-7.614436053270099,0
adam,pretrained,201,274.0,-7.614889768328863,-7.614889768328863,0
adam,pretrained,202,276.0,-7.61546654649328,-7.61546654649328,0
adam,pretrained,203,278.0,-7.61621081584391,-7.61621081584391,0
adam,pretrained,204,280.0,-7.617185791953454,-7.617185791953454,0
adam,pretrained,205,282.0,-7.618479105979934,-7.618479105979934,0
adam,pretrained,206,284.0,-7.620210926408294,-7.620210926408294,0
adam,pretrained,207,286.0,-7.62254329686528,-7.62254329686528,0
adam,pretrained,208,288.0,-7.6256816857957705,-7.6256816857957705,0
adam,pretrained,209,290.0,-7.629859645611542,-7.629859645611542,0
adam,pretrained,210,292.0,-7.635291191882299,-7.635291191882299,0
adam,pretrained,211,294.0,-7.642078248788934,-7.642078248788934,0
adam,pretrained,212,296.0,-7.6500919511375285,-7.6500919511375285,0
adam,pretrained,213,298.0,-7.6588847735936625,-7.6588847735936625,0
adam,pretrained,214,300.0,-7.667681254305684,-7.667681254305684,0
adam,pretrained,215,302.0,-7.6754604046534025,-7.6754604046534025,0
adam,pretrained,216,304.0,-7.6812463305726,-7.6812463305726,0
adam,pretrained,217,306.0,-7.684721584133159,-7.684721584133159,0
adam,pretrained,218,308.0,-7.686572158430472,-7.686572158430472,0
adam,pretrained,219,310.0,-7.687823377921797,-7.687823377921797,0
adam,pretrained,220,312.0,-7.688881445750295,-7.688881445750295,0
adam,pretrained,221,314.0,-7.68954910890127,-7.68954910890127,0
adam,pretrained,222,316.0,-7.689797662738224,-7.689797662738224,0
adam,pretrained,223,318.0,-7.690067941656916,-7.690067941656916,0
adam,pretrained,224,320.0,-7.6907639061471,-7.6907639061471,0
adam,pretrained,225,322.0,-7.6917973865353915,-7.6917973865353915,0
adam,pretrained,226,324.0,-7.69287188336307,-7.69287188336307,0
adam,pretrained,227,326.0,-7.694033178405233,-7.694033178405233,0
adam,pretrained,228,328.0,-7.6956839423905965,-7.6956839423905965,0
adam,pretrained,229,330.0,-7.698088284236579,-7.698088284236579,0
adam,pretrained,230,332.0,-7.701101488311381,-7.701101488311381,0
adam,pretrained,231,334.0,-7.704456415675223,-7.704456415675223,0
adam,pretrained,232,336.0,-7.708108855658696,-7.708108855658696,0
adam,pretrained,233,338.0,-7.712072504536597,-7.712072504536597,0
adam,pretrained,234,340.0,-7.715980809742665,-7.715980809742665,0
adam,pretrained,235,342.0,-7.719179776346364,-7.719179776346364,0
adam,pretrained,236,344.0,-7.72129872710702,-7.72129872710702,0
adam,pretrained,237,346.0,-7.722444416865219,-7.722444416865219,0
adam,pretrained,238,348.0,-7.722866153389956,-7.722866153389956,0
adam,pretrained,239,350.0,-7.722759966679992,-7.722759966679992,0
adam,pretrained,240,352.0,-7.722386368811223,-7.722386368811223,0
adam,pretrained,241,354.0,-7.722064973480276,-7.722064973480276,0
adam,pretrained,242,356.0,-7.721943456816067,-7.721943456816067,0
adam,pretrained,243,358.0,-7.721957825341334,-7.721957825341334,0
adam,pretrained,244,360.0,-7.7220808826629135,-7.7220808826629135,0
adam,pretrained,245,362.0,-7.722410003087578,-7.722410003087578,0
adam,pretrained,246,364.0,-7.72298950253535,-7.72298950253535,0
adam,pretrained,247,366.0,-7.723715068188912,-7.723715068188912,0
adam,pretrained,248,368.0,-7.72444861133438,-7.72444861133438,0
adam,pretrained,249,370.0,-7.725104788840981,-7.725104788840981,0
adam,pretrained,250,372.0,-7.725594958078762,-7.725594958078762,0
adam,pretrained,251,374.0,-7.72582782286911,-7.72582782286911,0
adam,pretrained,252,376.0,-7.725817556963069,-7.725817556963069,0
adam,pretrained,253,378.0,-7.725695134467677,-7.725695134467677,0
adam,pretrained,254,380.0,-7.7255817688616935,-7.7255817688616935,0
adam,pretrained,255,382.0,-7.7255162009570295,-7.7255162009570295,0
adam,pretrained,256,384.0,-7.725501674398623,-7.725501674398623,0
adam,pretrained,257,386.0,-7.725548690136786,-7.725548690136786,0
adam,pretrained,258,388.0,-7.725649568879523,-7.725649568879523,0
adam,pretrained,259,390.0,-7.7257712314154565,-7.7257712314154565,0
adam,pretrained,260,392.0,-7.72589506164301,-7.72589506164301,0
adam,pretrained,261,394.0,-7.726027664493839,-7.726027664493839,0
adam,pretrained,262,396.0,-7.726170375884654,-7.726170375884654,0
adam,pretrained,263,398.0,-7.726309810989529,-7.726309810989529,0
adam,pretrained,264,400.0,-7.726436608451636,-7.726436608451636,0
adam,pretrained,265,402.0,-7.726548162968393,-7.726548162968393,0
adam,pretrained,266,404.0,-7.726632916211426,-7.726632916211426,0
adam,pretrained,267,406.0,-7.72667542653852,-7.72667542653852,0
adam,pretrained,268,408.0,-7.726677763798721,-7.726677763798721,0
adam,pretrained,269,410.0,-7.726658451769161,-7.726658451769161,0
adam,pretrained,270,412.0,-7.726634059437208,-7.726634059437208,0
adam,pretrained,271,414.0,-7.72661255501992,-7.72661255501992,0
adam,pretrained,272,416.0,-7.726599069619933,-7.726599069619933,0
adam,pretrained,273,418.0,-7.726595167799221,-7.726595167799221,0
adam,pretrained,274,420.0,-7.726595324716431,-7.726595324716431,0
adam,pretrained,275,422.0,-7.726594636435043,-7.726594636435043,0
adam,pretrained,276,424.0,-7.726596780002986,-7.726596780002986,0
adam,pretrained,277,426.0,-7.726608364984138,-7.726608364984138,0
adam,pretrained,278,428.0,-7.7266304951065345,-7.7266304951065345,0
adam,pretrained,279,430.0,-7.726659746584194,-7.726659746584194,0
adam,pretrained,280,432.0,-7.726692170130039,-7.726692170130039,0
adam,pretrained,281,434.0,-7.726722501760074,-7.726722501760074,0
adam,pretrained,282,436.0,-7.726745145875913,-7.726745145875913,0
adam,pretrained,283,438.0,-7.726759078655603,-7.726759078655603,0
adam,pretrained,284,440.0,-7.726767705067135,-7.726767705067135,0
adam,pretrained,285,442.0,-7.726773617881548,-7.726773617881548,0
adam,pretrained,286,444.0,-7.726776845986597,-7.726776845986597,0
adam,pretrained,287,446.0,-7.726777178070557,-7.726777178070557,0
adam,pretrained,288,448.0,-7.726774827467374,-7.726774827467374,0
adam,pretrained,289,450.0,-7.726769624417515,-7.726769624417515,0
adam,pretrained,290,452.0,-7.726762410966003,-7.726762410966003,0
adam,pretrained,291,454.0,-7.726756037745367,-7.726756037745367,0
adam,pretrained,292,456.0,-7.726753041872078,-7.726753041872078,0
adam,pretrained,293,458.0,-7.726753543240139,-7.726753543240139,0
adam,pretrained,294,460.0,-7.726756411657055,-7.726756411657055,0
adam,pretrained,295,462.0,-7.726760863516234,-7.726760863516234,0
adam,pretrained,296,464.0,-7.726765982962111,-7.726765982962111,0
adam,pretrained,297,466.0,-7.726770564606603,-7.726770564606603,0
adam,pretrained,298,468.0,-7.726774370470435,-7.726774370470435,0
adam,pretrained,299,470.0,-7.726778078094559,-7.726778078094559,0
adam,pretrained,300,472.0,-7.72678179441966,-7.72678179441966,0
adam,pretrained,301,474.0,-7.726784848786918,-7.726784848786918,0
adam,pretrained,302,476.0,-7.726786903013765,-7.726786903013765,0
adam,pretrained,303,478.0,-7.726788046996003,-7.726788046996003,0
adam,pretrained,304,480.0,-7.726788156729674,-7.726788156729674,0
adam,pretrained,305,482.0,-7.726787255207321,-7.726787255207321,0
adam,pretrained,306,484.0,-7.726786013416055,-7.726786013416055,0
adam,pretrained,307,486.0,-7.726785112086714,-7.726785112086714,0
adam,pretrained,308,488.0,-7.726784595945264,-7.726784595945264,0
adam,pretrained,309,490.0,-7.72678429120554,-7.72678429120554,0
adam,pretrained,310,492.0,-7.726784262646058,-7.726784262646058,0
adam,pretrained,311,494.0,-7.726784501614363,-7.726784501614363,0
adam,pretrained,312,496.0,-7.726784808006516,-7.726784808006516,0
adam,pretrained,313,498.0,-7.726785184412546,-7.726785184412546,0
adam,pretrained,314,500.0,-7.726785818043392,-7.726785818043392,0
adam,pretrained,315,502.0,-7.726786665131914,-7.726786665131914,0
adam,pretrained,316,504.0,-7.726787473433856,-7.726787473433856,0
adam,pretrained,317,506.0,-7.726788131329765,-7.726788131329765,0
adam,pretrained,318,508.0,-7.726788655146611,-7.726788655146611,0
adam,pretrained,319,510.0,-7.726789000854223,-7.726789000854223,0
adam,pretrained,320,512.0,-7.726789155010298,-7.726789155010298,0
adam,pretrained,321,514.0,-7.726789228758073,-7.726789228758073,0
adam,pretrained,322,516.0,-7.726789293817456,-7.726789293817456,0
adam,pretrained,323,518.0,-7.726789295391379,-7.726789295391379,0
adam,pretrained,324,520.0,-7.726789211623268,-7.726789211623268,0
adam,pretrained,325,522.0,-7.72678911777342,-7.72678911777342,0
adam,pretrained,326,524.0,-7.726789061060621,-7.726789061060621,0
adam,pretrained,327,526.0,-7.726789034799644,-7.726789034799644,0
adam,pretrained,328,528.0,-7.726789055959641,-7.726789055959641,0
adam,pretrained,329,530.0,-7.726789141268254,-7.726789141268254,0
adam,pretrained,330,532.0,-7.726789250025741,-7.726789250025741,0
adam,pretrained,331,534.0,-7.726789342212817,-7.726789342212817,0
adam,pretrained,332,536.0,-7.7267894312307845,-7.7267894312307845,0
adam,pretrained,333,538.0,-7.726789533279999,-7.726789533279999,0
adam,pretrained,334,540.0,-7.726789635831014,-7.726789635831014,0
adam,pretrained,335,542.0,-7.726789731615444,-7.726789731615444,0
adam,pretrained,336,544.0,-7.726789824759548,-7.726789824759548,0
adam,pretrained,337,546.0,-7.726789903407793,-7.726789903407793,0
adam,pretrained,338,548.0,-7.726789953093866,-7.726789953093866,0
adam,pretrained,339,550.0,-7.7267899828753,-7.7267899828753,0
adam,pretrained,340,552.0,-7.726790007518515,-7.726790007518515,0
adam,pretrained,341,554.0,-7.726790027306225,-7.726790027306225,0
adam,pretrained,342,556.0,-7.72679004088284,-7.72679004088284,0
adam,pretrained,343,558.0,-7.726790053489852,-7.726790053489852,0
adam,pretrained,344,560.0,-7.726790065404236,-7.726790065404236,0
adam,pretrained,345,562.0,-7.726790073583005,-7.726790073583005,0
adam,pretrained,346,564.0,-7.7267900826234195,-7.7267900826234195,0
adam,pretrained,347,566.0,-7.726790098879089,-7.726790098879089,0
adam,pretrained,348,568.0,-7.7267901218514625,-7.7267901218514625,0
adam,pretrained,349,570.0,-7.726790149203408,-7.726790149203408,0
adam,pretrained,350,572.0,-7.726790180696211,-7.726790180696211,0
adam,pretrained,351,574.0,-7.726790213750039,-7.726790213750039,0
adam,pretrained,352,576.0,-7.726790244646593,-7.726790244646593,0
adam,pretrained,353,578.0,-7.7267902735515355,-7.7267902735515355,0
adam,pretrained,354,580.0,-7.726790301586012,-7.726790301586012,0
adam,pretrained,355,582.0,-7.726790327085298,-7.726790327085298,0
adam,pretrained,356,584.0,-7.726790348434618,-7.726790348434618,0
adam,pretrained,357,586.0,-7.726790365940042,-7.726790365940042,0
adam,pretrained,358,588.0,-7.726790379781138,-7.726790379781138,0
adam,pretrained,359,590.0,-7.726790390672074,-7.726790390672074,0
adam,pretrained,360,592.0,-7.726790401124545,-7.726790401124545,0
adam,pretrained,361,594.0,-7.726790412899612,-7.726790412899612,0
adam,pretrained,362,596.0,-7.726790425621673,-7.726790425621673,0
adam,pretrained,363,598.0,-7.726790438791911,-7.726790438791911,0
adam,pretrained,364,600.0,-7.726790452523719,-7.726790452523719,0
adam,pretrained,365,602.0,-7.726790466595043,-7.726790466595043,0
adam,pretrained,366,604.0,-7.726790481042888,-7.726790481042888,0
adam,pretrained,367,606.0,-7.726790496548056,-7.726790496548056,0
adam,pretrained,368,608.0,-7.726790513006544,-7.726790513006544,0
adam,pretrained,369,610.0,-7.726790529234954,-7.726790529234954,0
adam,pretrained,370,612.0,-7.726790544453736,-7.726790544453736,0
adam,pretrained,371,614.0,-7.726790558579727,-7.726790558579727,0
adam,pretrained,372,616.0,-7.726790571534364,-7.726790571534364,0
adam,pretrained,373,618.0,-7.72679058356275,-7.72679058356275,0
adam,pretrained,374,620.0,-7.7267905952877065,-7.7267905952877065,0
adam,pretrained,375,622.0,-7.726790606844573,-7.726790606844573,0
adam,pretrained,376,624.0,-7.726790617910162,-7.726790617910162,0
adam,pretrained,377,626.0,-7.72679062852952,-7.72679062852952,0
adam,pretrained,378,628.0,-7.726790638990653,-7.726790638990653,0
adam,pretrained,379,630.0,-7.7267906493710345,-7.7267906493710345,0
adam,pretrained,380,632.0,-7.726790659802734,-7.726790659802734,0
adam,pretrained,381,634.0,-7.726790670509311,-7.726790670509311,0
adam,pretrained,382,636.0,-7.726790681389052,-7.726790681389052,0
adam,pretrained,383,638.0,-7.72679069214266,-7.72679069214266,0
adam,pretrained,384,640.0,-7.7267907026985,-7.7267907026985,0
adam,pretrained,385,642.0,-7.726790713075228,-7.726790713075228,0
adam,pretrained,386,644.0,-7.726790723195627,-7.726790723195627,0
adam,pretrained,387,646.0,-7.726790733070192,-7.726790733070192,0
adam,pretrained,388,648.0,-7.7267907427785625,-7.7267907427785625,0
adam,pretrained,389,650.0,-7.726790752264036,-7.726790752264036,0
adam,pretrained,390,652.0,-7.726790761449201,-7.726790761449201,0
adam,pretrained,391,654.0,-7.726790770401953,-7.726790770401953,0
adam,pretrained,392,656.0,-7.726790779203016,-7.726790779203016,0
adam,pretrained,393,658.0,-7.726790787865731,-7.726790787865731,0
adam,pretrained,394,660.0,-7.726790796428847,-7.726790796428847,0
adam,pretrained,395,662.0,-7.726790804926849,-7.726790804926849,0
adam,pretrained,396,664.0,-7.726790813312323,-7.726790813312323,0
adam,pretrained,397,666.0,-7.726790821547242,-7.726790821547242,0
adam,pretrained,398,668.0,-7.726790829663255,-7.726790829663255,0
adam,pretrained,399,670.0,-7.726790837681181,-7.726790837681181,0
adam,pretrained,400,672.0,-7.726790845591622,-7.726790845591622,0
adam,pretrained,401,674.0,-7.7267908533986835,-7.7267908533986835,0
adam,pretrained,402,676.0,-7.726790861094717,-7.726790861094717,0
adam,pretrained,403,678.0,-7.72679086864841,-7.72679086864841,0
adam,pretrained,404,680.0,-7.726790876057093,-7.726790876057093,0
adam,pretrained,405,682.0,-7.726790883345407,-7.726790883345407,0
adam,pretrained,406,684.0,-7.726790890522278,-7.726790890522278,0
adam,pretrained,407,686.0,-7.7267908975852695,-7.7267908975852695,0
adam,pretrained,408,688.0,-7.72679090453766,-7.72679090453766,0
adam,pretrained,409,690.0,-7.726790911376093,-7.726790911376093,0
adam,pretrained,410,692.0,-7.726790918095186,-7.726790918095186,0
adam,pretrained,411,694.0,-7.726790924704617,-7.726790924704617,0
adam,pretrained,412,696.0,-7.726790931217482,-7.726790931217482,0
adam,pretrained,413,698.0,-7.726790937636488,-7.726790937636488,0
adam,pretrained,414,700.0,-7.726790943962115,-7.726790943962115,0
adam,pretrained,415,702.0,-7.726790950195812,-7.726790950195812,0
adam,pretrained,416,704.0,-7.726790956335121,-7.726790956335121,0
adam,pretrained,417,706.0,-7.726790962379424,-7.726790962379424,0
adam,pretrained,418,708.0,-7.726790968332384,-7.726790968332384,0
adam,pretrained,419,710.0,-7.726790974195252,-7.726790974195252,0
adam,pretrained,420,712.0,-7.726790979966541,-7.726790979966541,0
adam,pretrained,421,714.0,-7.726790985646584,-7.726790985646584,0
adam,pretrained,422,716.0,-7.726790991236214,-7.726790991236214,0
adam,pretrained,423,718.0,-7.726790996735975,-7.726790996735975,0
adam,pretrained,424,720.0,-7.72679100214849,-7.72679100214849,0
adam,pretrained,425,722.0,-7.726791007476506,-7.726791007476506,0
adam,pretrained,426,724.0,-7.726791012721273,-7.726791012721273,0
adam,pretrained,427,726.0,-7.726791017884298,-7.726791017884298,0
adam,pretrained,428,728.0,-7.726791022967534,-7.726791022967534,0
adam,pretrained,429,730.0,-7.726791027972302,-7.726791027972302,0
adam,pretrained,430,732.0,-7.72679103290044,-7.72679103290044,0
adam,pretrained,431,734.0,-7.72679103775383,-7.72679103775383,0
adam,pretrained,432,736.0,-7.726791042533153,-7.726791042533153,0
adam,pretrained,433,738.0,-7.72679104723865,-7.72679104723865,0
adam,pretrained,434,740.0,-7.726791051871024,-7.726791051871024,0
adam,pretrained,435,742.0,-7.7267910564310425,-7.7267910564310425,0
adam,pretrained,436,744.0,-7.726791060919592,-7.726791060919592,0
adam,pretrained,437,746.0,-7.726791065338126,-7.726791065338126,0
adam,pretrained,438,748.0,-7.726791069687668,-7.726791069687668,0
adam,pretrained,439,750.0,-7.72679107396883,-7.72679107396883,0
adam,pretrained,440,752.0,-7.726791078182618,-7.726791078182618,0
adam,pretrained,441,754.0,-7.726791082330368,-7.726791082330368,0
adam,pretrained,442,756.0,-7.7267910864132165,-7.7267910864132165,0
adam,pretrained,443,758.0,-7.726791090432608,-7.726791090432608,0
adam,pretrained,444,760.0,-7.726791094389779,-7.726791094389779,0
adam,pretrained,445,762.0,-7.7267910982854815,-7.7267910982854815,0
adam,pretrained,446,764.0,-7.726791102120387,-7.726791102120387,0
adam,pretrained,447,766.0,-7.726791105895498,-7.726791105895498,0
adam,pretrained,448,768.0,-7.726791109611724,-7.726791109611724,0
adam,pretrained,449,770.0,-7.726791113269801,-7.726791113269801,0
adam,pretrained,450,772.0,-7.726791116870746,-7.726791116870746,0
adam,pretrained,451,774.0,-7.7267911204152675,-7.7267911204152675,0
adam,pretrained,452,776.0,-7.726791123904042,-7.726791123904042,0
adam,pretrained,453,778.0,-7.7267911273380125,-7.7267911273380125,0
adam,pretrained,454,780.0,-7.72679113071811,-7.72679113071811,0
adam,pretrained,455,782.0,-7.726791134045198,-7.726791134045198,0
adam,pretrained,456,784.0,-7.726791137320128,-7.726791137320128,0
adam,pretrained,457,786.0,-7.726791140543688,-7.726791140543688,0
adam,pretrained,458,788.0,-7.726791143716632,-7.726791143716632,0
adam,pretrained,459,790.0,-7.726791146839754,-7.726791146839754,0
adam,pretrained,460,792.0,-7.726791149913852,-7.726791149913852,0
adam,pretrained,461,794.0,-7.726791152939661,-7.726791152939661,0
adam,pretrained,462,796.0,-7.726791155917988,-7.726791155917988,0
adam,pretrained,463,798.0,-7.726791158849453,-7.726791158849453,0
adam,pretrained,464,800.0,-7.726791161734783,-7.726791161734783,0
adam,pretrained,465,802.0,-7.726791164574676,-7.726791164574676,0
adam,pretrained,466,804.0,-7.72679116736984,-7.72679116736984,0
adam,pretrained,467,806.0,-7.726791170121027,-7.726791170121027,0
adam,pretrained,468,808.0,-7.7267911728288565,-7.7267911728288565,0
adam,pretrained,469,810.0,-7.726791175494002,-7.726791175494002,0
adam,pretrained,470,812.0,-7.726791178117125,-7.726791178117125,0
adam,pretrained,471,814.0,-7.726791180698892,-7.726791180698892,0
adam,pretrained,472,816.0,-7.726791183239888,-7.726791183239888,0
adam,pretrained,473,818.0,-7.726791185740806,-7.726791185740806,0
adam,pretrained,474,820.0,-7.7267911882022435,-7.7267911882022435,0
adam,pretrained,475,822.0,-7.726791190624841,-7.726791190624841,0
adam,pretrained,476,824.0,-7.726791193009167,-7.726791193009167,0
adam,pretrained,477,826.0,-7.7267911953558155,-7.7267911953558155,0
adam,pretrained,478,828.0,-7.7267911976653885,-7.7267911976653885,0
adam,pretrained,479,830.0,-7.726791199938479,-7.726791199938479,0
adam,pretrained,480,832.0,-7.726791202175589,-7.726791202175589,0
adam,pretrained,481,834.0,-7.726791204377361,-7.726791204377361,0
adam,pretrained,482,836.0,-7.72679120654428,-7.72679120654428,0
adam,pretrained,483,838.0,-7.726791208676944,-7.726791208676944,0
adam,pretrained,484,840.0,-7.726791210775815,-7.726791210775815,0
adam,pretrained,485,842.0,-7.726791212841488,-7.726791212841488,0
adam,pretrained,486,844.0,-7.726791214874435,-7.726791214874435,0
adam,pretrained,487,846.0,-7.726791216875205,-7.726791216875205,0
adam,pretrained,488,848.0,-7.726791218844266,-7.726791218844266,0
adam,pretrained,489,850.0,-7.726791220782126,-7.726791220782126,0
adam,pretrained,490,852.0,-7.7267912226893225,-7.7267912226893225,0
adam,pretrained,491,854.0,-7.7267912245662815,-7.7267912245662815,0
adam,pretrained,492,856.0,-7.726791226413457,-7.726791226413457,0
adam,pretrained,493,858.0,-7.726791228231392,-7.726791228231392,0
adam,pretrained,494,860.0,-7.7267912300204875,-7.7267912300204875,0
adam,pretrained,495,862.0,-7.726791231781214,-7.726791231781214,0
adam,pretrained,496,864.0,-7.726791233514018,-7.726791233514018,0
adam,pretrained,497,866.0,-7.726791235219366,-7.726791235219366,0
adam,pretrained,498,868.0,-7.726791236897641,-7.726791236897641,0
adam,pretrained,499,870.0,-7.726791238549279,-7.726791238549279,0
cobyla,standard,0,1.0,-4.081831523130387,-4.081831523130387,0
cobyla,standard,1,2.0,-4.112511678096009,-4.112511678096009,0
cobyla,standard,2,3.0,-4.112511678096009,-4.112511678096009,0
cobyla,standard,3,4.0,-4.182616845291258,-4.182616845291258,0
cobyla,standard,4,5.0,-4.182616845291258,-4.182616845291258,0
cobyla,standard,5,6.0,-4.182616845291258,-4.182616845291258,0
cobyla,standard,6,7.0,-4.209129270322078,-4.209129270322078,0
cobyla,standard,7,8.0,-4.209129270322078,-4.209129270322078,0
cobyla,standard,8,9.0,-4.2125293628634175,-4.2125293628634175,0
cobyla,standard,9,10.0,-4.2125293628634175,-4.2125293628634175,0
cobyla,standard,10,11.0,-4.2125293628634175,-4.2125293628634175,0
cobyla,standard,11,12.0,-4.2125293628634175,-4.2125293628634175,0
cobyla,standard,12,13.0,-4.2125293628634175,-4.2125293628634175,0
cobyla,standard,13,14.0,-4.2125293628634175,-4.2125293628634175,0
cobyla,standard,14,15.0,-4.2125293628634175,-4.2125293628634175,0
cobyla,standard,15,16.0,-4.2125293628634175,-4.2125293628634175,0
cobyla,standard,16,17.0,-4.2174803285604225,-4.2174803285604225,0
cobyla,standard,17,18.0,-4.2174803285604225,-4.2174803285604225,0
cobyla,standard,18,19.0,-4.2174803285604225,-4.2174803285604225,0
cobyla,standard,19,20.0,-4.2174803285604225,-4.2174803285604225,0
cobyla,standard,20,21.0,-4.2174803285604225,-4.2174803285604225,0
cobyla,standard,21,22.0,-4.2174803285604225,-4.2174803285604225,0
cobyla,standard,22,23.0,-4.224553964813964,-4.224553964813964,0
cobyla,standard,23,24.0,-4.24612434128274,-4.24612434128274,0
cobyla,standard,24,25.0,-4.286279946278564,-4.286279946278564,0
cobyla,standard,25,26.0,-4.286279946278564,-4.286279946278564,0
cobyla,standard,26,27.0,-4.286279946278564,-4.286279946278564,0
cobyla,standard,27,28.0,-4.286279946278564,-4.286279946278564,0
cobyla,standard,28,29.0,-4.286279946278564,-4.286279946278564,0
cobyla,standard,29,30.0,-4.286279946278564,-4.286279946278564,0
cobyla,standard,30,31.0,-4.286279946278564,-4.286279946278564,0
cobyla,standard,31,32.0,-4.286279946278564,-4.286279946278564,0
cobyla,standard,32,33.0,-4.286279946278564,-4.286279946278564,0
cobyla,standard,33,34.0,-4.286279946278564,-4.286279946278564,0
cobyla,standard,34,35.0,-4.286279946278564,-4.286279946278564,0
cobyla,standard,35,36.0,-4.286279946278564,-4.286279946278564,0
cobyla,standard,36,37.0,-4.319515399730833,-4.319515399730833,0
cobyla,standard,37,38.0,-4.319515399730833,-4.319515399730833,0
cobyla,standard,38,39.0,-4.319515399730833,-4.319515399730833,0
cobyla,standard,39,40.0,-4.319515399730833,-4.319515399730833,0
cobyla,standard,40,41.0,-4.319515399730833,-4.319515399730833,0
cobyla,standard,41,42.0,-4.319515399730833,-4.319515399730833,0
cobyla,standard,42,43.0,-4.361038654392904,-4.361038654392904,0
cobyla,standard,43,44.0,-4.361038654392904,-4.361038654392904,0
cobyla,standard,44,45.0,-4.361038654392904,-4.361038654392904,0
cobyla,standard,45,46.0,-4.361038654392904,-4.361038654392904,0
cobyla,standard,46,47.0,-4.361038654392904,-4.361038654392904,0
cobyla,standard,47,48.0,-4.361038654392904,-4.361038654392904,0
cobyla,standard,48,49.0,-4.376802882416524,-4.376802882416524,0
cobyla,standard,49,50.0,-4.376802882416524,-4.376802882416524,0
cobyla,standard,50,51.0,-4.376802882416524,-4.376802882416524,0
cobyla,standard,51,52.0,-4.376802882416524,-4.376802882416524,0
cobyla,standard,52,53.0,-4.484168243872109,-4.484168243872109,0
cobyla,standard,53,54.0,-4.484168243872109,-4.484168243872109,0
cobyla,standard,54,55.0,-4.484168243872109,-4.484168243872109,0
cobyla,standard,55,56.0,-4.484168243872109,-4.484168243872109,0
cobyla,standard,56,57.0,-4.484168243872109,-4.484168243872109,0
cobyla,standard,57,58.0,-4.505645888397467,-4.505645888397467,0
cobyla,standard,58,59.0,-4.518173229313394,-4.518173229313394,0
cobyla,standard,59,60.0,-4.518173229313394,-4.518173229313394,0
cobyla,standard,60,61.0,-4.518173229313394,-4.518173229313394,0
cobyla,standard,61,62.0,-4.518173229313394,-4.518173229313394,0
cobyla,standard,62,63.0,-4.518173229313394,-4.518173229313394,0
cobyla,standard,63,64.0,-4.518173229313394,-4.518173229313394,0
cobyla,standard,64,65.0,-4.518173229313394,-4.518173229313394,0
cobyla,standard,65,66.0,-4.518173229313394,-4.518173229313394,0
cobyla,standard,66,67.0,-4.518173229313394,-4.518173229313394,0
cobyla,standard,67,68.0,-4.518173229313394,-4.518173229313394,0
cobyla,standard,68,69.0,-4.518173229313394,-4.518173229313394,0
cobyla,standard,69,70.0,-4.518173229313394,-4.518173229313394,0
cobyla,standard,70,71.0,-4.518173229313394,-4.518173229313394,0
cobyla,standard,71,72.0,-4.54245439595861,-4.54245439595861,0
cobyla,standard,72,73.0,-4.54245439595861,-4.54245439595861,0
cobyla,standard,73,74.0,-4.54245439595861,-4.54245439595861,0
cobyla,standard,74,75.0,-4.54245439595861,-4.54245439595861,0
cobyla,standard,75,76.0,-4.54245439595861,-4.54245439595861,0
cobyla,standard,76,77.0,-4.54245439595861,-4.54245439595861,0
cobyla,standard,77,78.0,-4.54245439595861,-4.54245439595861,0
cobyla,standard,78,79.0,-4.54245439595861,-4.54245439595861,0
cobyla,standard,79,80.0,-4.54245439595861,-4.54245439595861,0
cobyla,standard,80,81.0,-4.54245439595861,-4.54245439595861,0
cobyla,standard,81,82.0,-4.54245439595861,-4.54245439595861,0
cobyla,standard,82,83.0,-4.54245439595861,-4.54245439595861,0
cobyla,standard,83,84.0,-4.54245439595861,-4.54245439595861,0
cobyla,standard,84,85.0,-4.54245439595861,-4.54245439595861,0
cobyla,standard,85,86.0,-4.54245439595861,-4.54245439595861,0
cobyla,standard,86,87.0,-4.54245439595861,-4.54245439595861,0
cobyla,standard,87,88.0,-4.54245439595861,-4.54245439595861,0
cobyla,standard,88,89.0,-4.54245439595861,-4.54245439595861,0
cobyla,standard,89,90.0,-4.54245439595861,-4.54245439595861,0
cobyla,standard,90,91.0,-4.54245439595861,-4.54245439595861,0
cobyla,standard,91,92.0,-4.54245439595861,-4.54245439595861,0
cobyla,standard,92,93.0,-4.562335110559787,-4.562335110559787,0
cobyla,standard,93,94.0,-4.562335110559787,-4.562335110559787,0
cobyla,standard,94,95.0,-4.577634445017058,-4.577634445017058,0
cobyla,standard,95,96.0,-4.577634445017058,-4.577634445017058,0
cobyla,standard,96,97.0,-4.577634445017058,-4.577634445017058,0
cobyla,standard,97,98.0,-4.577634445017058,-4.577634445017058,0
cobyla,standard,98,99.0,-4.5800552716126,-4.5800552716126,0
cobyla,standard,99,100.0,-4.5800552716126,-4.5800552716126,0
cobyla,standard,100,101.0,-4.5800552716126,-4.5800552716126,0
cobyla,standard,101,102.0,-4.5800552716126,-4.5800552716126,0
cobyla,standard,102,103.0,-4.582883083664207,-4.582883083664207,0
cobyla,standard,103,104.0,-4.582883083664207,-4.582883083664207,0
cobyla,standard,104,105.0,-4.582883083664207,-4.582883083664207,0
cobyla,standard,105,106.0,-4.582883083664207,-4.582883083664207,0
cobyla,standard,106,107.0,-4.582883083664207,-4.582883083664207,0
cobyla,standard,107,108.0,-4.582883083664207,-4.582883083664207,0
cobyla,standard,108,109.0,-4.582883083664207,-4.582883083664207,0
cobyla,standard,109,110.0,-4.600739420434646,-4.600739420434646,0
cobyla,standard,110,111.0,-4.601164114531228,-4.601164114531228,0
cobyla,standard,111,112.0,-4.602145224634161,-4.602145224634161,0
cobyla,standard,112,113.0,-4.602145224634161,-4.602145224634161,0
cobyla,standard,113,114.0,-4.602145224634161,-4.602145224634161,0
cobyla,standard,114,115.0,-4.602145224634161,-4.602145224634161,0
cobyla,standard,115,116.0,-4.6102198366697404,-4.6102198366697404,0
cobyla,standard,116,117.0,-4.611133558643918,-4.611133558643918,0
cobyla,standard,117,118.0,-4.611133558643918,-4.611133558643918,0
cobyla,standard,118,119.0,-4.611133558643918,-4.611133558643918,0
cobyla,standard,119,120.0,-4.611133558643918,-4.611133558643918,0
cobyla,standard,120,121.0,-4.611133558643918,-4.611133558643918,0
cobyla,standard,121,122.0,-4.68461331203071,-4.68461331203071,0
cobyla,standard,122,123.0,-4.733584254991832,-4.733584254991832,0
cobyla,standard,123,124.0,-4.907243044281644,-4.907243044281644,0
cobyla,standard,124,125.0,-4.907243044281644,-4.907243044281644,0
cobyla,standard,125,126.0,-4.907243044281644,-4.907243044281644,0
cobyla,standard,126,127.0,-4.907243044281644,-4.907243044281644,0
cobyla,standard,127,128.0,-4.907243044281644,-4.907243044281644,0
cobyla,standard,128,129.0,-4.907243044281644,-4.907243044281644,0
cobyla,standard,129,130.0,-4.907243044281644,-4.907243044281644,0
cobyla,standard,130,131.0,-4.907243044281644,-4.907243044281644,0
cobyla,standard,131,132.0,-4.907243044281644,-4.907243044281644,0
cobyla,standard,132,133.0,-4.919823653276018,-4.919823653276018,0
cobyla,standard,133,134.0,-4.919823653276018,-4.919823653276018,0
cobyla,standard,134,135.0,-4.919823653276018,-4.919823653276018,0
cobyla,standard,135,136.0,-4.919823653276018,-4.919823653276018,0
cobyla,standard,136,137.0,-4.919823653276018,-4.919823653276018,0
cobyla,standard,137,138.0,-4.919823653276018,-4.919823653276018,0
cobyla,standard,138,139.0,-4.919823653276018,-4.919823653276018,0
cobyla,standard,139,140.0,-4.919823653276018,-4.919823653276018,0
cobyla,standard,140,141.0,-4.919823653276018,-4.919823653276018,0
cobyla,standard,141,142.0,-4.919823653276018,-4.919823653276018,0
cobyla,standard,142,143.0,-4.919823653276018,-4.919823653276018,0
cobyla,standard,143,144.0,-4.971303656800563,-4.971303656800563,0
cobyla,standard,144,145.0,-4.971303656800563,-4.971303656800563,0
cobyla,standard,145,146.0,-4.971303656800563,-4.971303656800563,0
cobyla,standard,146,147.0,-4.971303656800563,-4.971303656800563,0
cobyla,standard,147,148.0,-4.971303656800563,-4.971303656800563,0
cobyla,standard,148,149.0,-4.971303656800563,-4.971303656800563,0
cobyla,standard,149,150.0,-4.971303656800563,-4.971303656800563,0
cobyla,standard,150,151.0,-4.971303656800563,-4.971303656800563,0
cobyla,standard,151,152.0,-5.0879891545473175,-5.0879891545473175,0
cobyla,standard,152,153.0,-5.102253662984501,-5.102253662984501,0
cobyla,standard,153,154.0,-5.102253662984501,-5.102253662984501,0
cobyla,standard,154,155.0,-5.102253662984501,-5.102253662984501,0
cobyla,standard,155,156.0,-5.102253662984501,-5.102253662984501,0
cobyla,standard,156,157.0,-5.102253662984501,-5.102253662984501,0
cobyla,standard,157,158.0,-5.102253662984501,-5.102253662984501,0
cobyla,standard,158,159.0,-5.102253662984501,-5.102253662984501,0
cobyla,standard,159,160.0,-5.102253662984501,-5.102253662984501,0
cobyla,standard,160,161.0,-5.102253662984501,-5.102253662984501,0
cobyla,standard,161,162.0,-5.102253662984501,-5.102253662984501,0
cobyla,standard,162,163.0,-5.102253662984501,-5.102253662984501,0
cobyla,standard,163,164.0,-5.102253662984501,-5.102253662984501,0
cobyla,standard,164,165.0,-5.102253662984501,-5.102253662984501,0
cobyla,standard,165,166.0,-5.102253662984501,-5.102253662984501,0
cobyla,standard,166,167.0,-5.112886315297143,-5.112886315297143,0
cobyla,standard,167,168.0,-5.112886315297143,-5.112886315297143,0
cobyla,standard,168,169.0,-5.112886315297143,-5.112886315297143,0
cobyla,standard,169,170.0,-5.112886315297143,-5.112886315297143,0
cobyla,standard,170,171.0,-5.112886315297143,-5.112886315297143,0
cobyla,standard,171,172.0,-5.112886315297143,-5.112886315297143,0
cobyla,standard,172,173.0,-5.117022087323537,-5.117022087323537,0
cobyla,standard,173,174.0,-5.117022087323537,-5.117022087323537,0
cobyla,standard,174,175.0,-5.117022087323537,-5.117022087323537,0
cobyla,standard,175,176.0,-5.117022087323537,-5.117022087323537,0
cobyla,standard,176,177.0,-5.117022087323537,-5.117022087323537,0
cobyla,standard,177,178.0,-5.118453281106283,-5.118453281106283,0
cobyla,standard,178,179.0,-5.118453281106283,-5.118453281106283,0
cobyla,standard,179,180.0,-5.118453281106283,-5.118453281106283,0
cobyla,standard,180,181.0,-5.12072881400583,-5.12072881400583,0
cobyla,standard,181,182.0,-5.12072881400583,-5.12072881400583,0
cobyla,standard,182,183.0,-5.138540643087085,-5.138540643087085,0
cobyla,standard,183,184.0,-5.138540643087085,-5.138540643087085,0
cobyla,standard,184,185.0,-5.138540643087085,-5.138540643087085,0
cobyla,standard,185,186.0,-5.138540643087085,-5.138540643087085,0
cobyla,standard,186,187.0,-5.138540643087085,-5.138540643087085,0
cobyla,standard,187,188.0,-5.138540643087085,-5.138540643087085,0
cobyla,standard,188,189.0,-5.138540643087085,-5.138540643087085,0
cobyla,standard,189,190.0,-5.138540643087085,-5.138540643087085,0
cobyla,standard,190,191.0,-5.147002648315137,-5.147002648315137,0
cobyla,standard,191,192.0,-5.147002648315137,-5.147002648315137,0
cobyla,standard,192,193.0,-5.147002648315137,-5.147002648315137,0
cobyla,standard,193,194.0,-5.147002648315137,-5.147002648315137,0
cobyla,standard,194,195.0,-5.147002648315137,-5.147002648315137,0
cobyla,standard,195,196.0,-5.28804115226955,-5.28804115226955,0
cobyla,standard,196,197.0,-5.28804115226955,-5.28804115226955,0
cobyla,standard,197,198.0,-5.28804115226955,-5.28804115226955,0
cobyla,standard,198,199.0,-5.28804115226955,-5.28804115226955,0
cobyla,standard,199,200.0,-5.28804115226955,-5.28804115226955,0
cobyla,standard,200,201.0,-5.28804115226955,-5.28804115226955,0
cobyla,standard,201,202.0,-5.28804115226955,-5.28804115226955,0
cobyla,standard,202,203.0,-5.292397990838905,-5.292397990838905,0
cobyla,standard,203,204.0,-5.292397990838905,-5.292397990838905,0
cobyla,standard,204,205.0,-5.292397990838905,-5.292397990838905,0
cobyla,standard,205,206.0,-5.292397990838905,-5.292397990838905,0
cobyla,standard,206,207.0,-5.292397990838905,-5.292397990838905,0
cobyla,standard,207,208.0,-5.292397990838905,-5.292397990838905,0
cobyla,standard,208,209.0,-5.295851631023178,-5.295851631023178,0
cobyla,standard,209,210.0,-5.295851631023178,-5.295851631023178,0
cobyla,standard,210,211.0,-5.295851631023178,-5.295851631023178,0
cobyla,standard,211,212.0,-5.295851631023178,-5.295851631023178,0
cobyla,standard,212,213.0,-5.3143278219346985,-5.3143278219346985,0
cobyla,standard,213,214.0,-5.3143278219346985,-5.3143278219346985,0
cobyla,standard,214,215.0,-5.319913563025506,-5.319913563025506,0
cobyla,standard,215,216.0,-5.319913563025506,-5.319913563025506,0
cobyla,standard,216,217.0,-5.3613796937682165,-5.3613796937682165,0
cobyla,standard,217,218.0,-5.3613796937682165,-5.3613796937682165,0
cobyla,standard,218,219.0,-5.3613796937682165,-5.3613796937682165,0
cobyla,standard,219,220.0,-5.3613796937682165,-5.3613796937682165,0
cobyla,standard,220,221.0,-5.37617331135573,-5.37617331135573,0
cobyla,standard,221,222.0,-5.37617331135573,-5.37617331135573,0
cobyla,standard,222,223.0,-5.39266569313938,-5.39266569313938,0
cobyla,standard,223,224.0,-5.39266569313938,-5.39266569313938,0
cobyla,standard,224,225.0,-5.393474545940667,-5.393474545940667,0
cobyla,standard,225,226.0,-5.393474545940667,-5.393474545940667,0
cobyla,standard,226,227.0,-5.393474545940667,-5.393474545940667,0
cobyla,standard,227,228.0,-5.393474545940667,-5.393474545940667,0
cobyla,standard,228,229.0,-5.393474545940667,-5.393474545940667,0
cobyla,standard,229,230.0,-5.393474545940667,-5.393474545940667,0
cobyla,standard,230,231.0,-5.393474545940667,-5.393474545940667,0
cobyla,standard,231,232.0,-5.393474545940667,-5.393474545940667,0
cobyla,standard,232,233.0,-5.393475056132392,-5.393475056132392,0
cobyla,standard,233,234.0,-5.393475056132392,-5.393475056132392,0
cobyla,standard,234,235.0,-5.394899357960022,-5.394899357960022,0
cobyla,standard,235,236.0,-5.394899357960022,-5.394899357960022,0
cobyla,standard,236,237.0,-5.403518731564644,-5.403518731564644,0
cobyla,standard,237,238.0,-5.403518731564644,-5.403518731564644,0
cobyla,standard,238,239.0,-5.403518731564644,-5.403518731564644,0
cobyla,standard,239,240.0,-5.403518731564644,-5.403518731564644,0
cobyla,standard,240,241.0,-5.406723800984407,-5.406723800984407,0
cobyla,standard,241,242.0,-5.406723800984407,-5.406723800984407,0
cobyla,standard,242,243.0,-5.411516694871602,-5.411516694871602,0
cobyla,standard,243,244.0,-5.415173001554427,-5.415173001554427,0
cobyla,standard,244,245.0,-5.421789762687531,-5.421789762687531,0
cobyla,standard,245,246.0,-5.421789762687531,-5.421789762687531,0
cobyla,standard,246,247.0,-5.421789762687531,-5.421789762687531,0
cobyla,standard,247,248.0,-5.421789762687531,-5.421789762687531,0
cobyla,standard,248,249.0,-5.421789762687531,-5.421789762687531,0
cobyla,standard,249,250.0,-5.421789762687531,-5.421789762687531,0
cobyla,standard,250,251.0,-5.421789762687531,-5.421789762687531,0
cobyla,standard,251,252.0,-5.421789762687531,-5.421789762687531,0
cobyla,standard,252,253.0,-5.421789762687531,-5.421789762687531,0
cobyla,standard,253,254.0,-5.421789762687531,-5.421789762687531,0
cobyla,standard,254,255.0,-5.421789762687531,-5.421789762687531,0
cobyla,standard,255,256.0,-5.421789762687531,-5.421789762687531,0
cobyla,standard,256,257.0,-5.421789762687531,-5.421789762687531,0
cobyla,standard,257,258.0,-5.421789762687531,-5.421789762687531,0
cobyla,standard,258,259.0,-5.421789762687531,-5.421789762687531,0
cobyla,standard,259,260.0,-5.421789762687531,-5.421789762687531,0
cobyla,standard,260,261.0,-5.421789762687531,-5.421789762687531,0
cobyla,standard,261,262.0,-5.421789762687531,-5.421789762687531,0
cobyla,standard,262,263.0,-5.4258199968005965,-5.4258199968005965,0
cobyla,standard,263,264.0,-5.4258199968005965,-5.4258199968005965,0
cobyla,standard,264,265.0,-5.4258199968005965,-5.4258199968005965,0
cobyla,standard,265,266.0,-5.4258199968005965,-5.4258199968005965,0
cobyla,standard,266,267.0,-5.4258199968005965,-5.4258199968005965,0
cobyla,standard,267,268.0,-5.4258199968005965,-5.4258199968005965,0
cobyla,standard,268,269.0,-5.4258199968005965,-5.4258199968005965,0
cobyla,standard,269,270.0,-5.4258199968005965,-5.4258199968005965,0
cobyla,standard,270,271.0,-5.4258199968005965,-5.4258199968005965,0
cobyla,standard,271,272.0,-5.4258199968005965,-5.4258199968005965,0
cobyla,standard,272,273.0,-5.4258199968005965,-5.4258199968005965,0
cobyla,standard,273,274.0,-5.4258199968005965,-5.4258199968005965,0
cobyla,standard,274,275.0,-5.4258199968005965,-5.4258199968005965,0
cobyla,standard,275,276.0,-5.4258199968005965,-5.4258199968005965,0
cobyla,standard,276,277.0,-5.4258199968005965,-5.4258199968005965,0
cobyla,standard,277,278.0,-5.4258199968005965,-5.4258199968005965,0
cobyla,standard,278,279.0,-5.4258199968005965,-5.4258199968005965,0
cobyla,standard,279,280.0,-5.4258199968005965,-5.4258199968005965,0
cobyla,standard,280,281.0,-5.4258199968005965,-5.4258199968005965,0
cobyla,standard,281,282.0,-5.4258199968005965,-5.4258199968005965,0
cobyla,standard,282,283.0,-5.4258199968005965,-5.4258199968005965,0
cobyla,standard,283,284.0,-5.4258199968005965,-5.4258199968005965,0
cobyla,standard,284,285.0,-5.4258199968005965,-5.4258199968005965,0
cobyla,standard,285,286.0,-5.4258199968005965,-5.4258199968005965,0
cobyla,standard,286,287.0,-5.4258199968005965,-5.4258199968005965,0
cobyla,standard,287,288.0,-5.4258199968005965,-5.4258199968005965,0
cobyla,standard,288,289.0,-5.4258199968005965,-5.4258199968005965,0
cobyla,standard,289,290.0,-5.4258199968005965,-5.4258199968005965,0
cobyla,standard,290,291.0,-5.4258199968005965,-5.4258199968005965,0
cobyla,standard,291,292.0,-5.4258199968005965,-5.4258199968005965,0
cobyla,standard,292,293.0,-5.4258199968005965,-5.4258199968005965,0
cobyla,standard,293,294.0,-5.4258199968005965,-5.4258199968005965,0
cobyla,standard,294,295.0,-5.4258199968005965,-5.4258199968005965,0
cobyla,standard,295,296.0,-5.4258199968005965,-5.4258199968005965,0
cobyla,standard,296,297.0,-5.446890750991015,-5.446890750991015,0
cobyla,standard,297,298.0,-5.446890750991015,-5.446890750991015,0
cobyla,standard,298,299.0,-5.446890750991015,-5.446890750991015,0
cobyla,standard,299,300.0,-5.446890750991015,-5.446890750991015,0
cobyla,standard,300,301.0,-5.446890750991015,-5.446890750991015,0
cobyla,standard,301,302.0,-5.446890750991015,-5.446890750991015,0
cobyla,standard,302,303.0,-5.446890750991015,-5.446890750991015,0
cobyla,standard,303,304.0,-5.446890750991015,-5.446890750991015,0
cobyla,standard,304,305.0,-5.446890750991015,-5.446890750991015,0
cobyla,standard,305,306.0,-5.446890750991015,-5.446890750991015,0
cobyla,standard,306,307.0,-5.446890750991015,-5.446890750991015,0
cobyla,standard,307,308.0,-5.446890750991015,-5.446890750991015,0
cobyla,standard,308,309.0,-5.446890750991015,-5.446890750991015,0
cobyla,standard,309,310.0,-5.446890750991015,-5.446890750991015,0
cobyla,standard,310,311.0,-5.446890750991015,-5.446890750991015,0
cobyla,standard,311,312.0,-5.446890750991015,-5.446890750991015,0
cobyla,standard,312,313.0,-5.446890750991015,-5.446890750991015,0
cobyla,standard,313,314.0,-5.446890750991015,-5.446890750991015,0
cobyla,standard,314,315.0,-5.4562024707483925,-5.4562024707483925,0
cobyla,standard,315,316.0,-5.4562024707483925,-5.4562024707483925,0
cobyla,standard,316,317.0,-5.4562024707483925,-5.4562024707483925,0
cobyla,standard,317,318.0,-5.462579958747783,-5.462579958747783,0
cobyla,standard,318,319.0,-5.462579958747783,-5.462579958747783,0
cobyla,standard,319,320.0,-5.462579958747783,-5.462579958747783,0
cobyla,standard,320,321.0,-5.462579958747783,-5.462579958747783,0
cobyla,standard,321,322.0,-5.462579958747783,-5.462579958747783,0
cobyla,standard,322,323.0,-5.462579958747783,-5.462579958747783,0
cobyla,standard,323,324.0,-5.467086598334259,-5.467086598334259,0
cobyla,standard,324,325.0,-5.467086598334259,-5.467086598334259,0
cobyla,standard,325,326.0,-5.467086598334259,-5.467086598334259,0
cobyla,standard,326,327.0,-5.467086598334259,-5.467086598334259,0
cobyla,standard,327,328.0,-5.467086598334259,-5.467086598334259,0
cobyla,standard,328,329.0,-5.467086598334259,-5.467086598334259,0
cobyla,standard,329,330.0,-5.499700399787231,-5.499700399787231,0
cobyla,standard,330,331.0,-5.506323856094003,-5.506323856094003,0
cobyla,standard,331,332.0,-5.506323856094003,-5.506323856094003,0
cobyla,standard,332,333.0,-5.506323856094003,-5.506323856094003,0
cobyla,standard,333,334.0,-5.506323856094003,-5.506323856094003,0
cobyla,standard,334,335.0,-5.506323856094003,-5.506323856094003,0
cobyla,standard,335,336.0,-5.506323856094003,-5.506323856094003,0
cobyla,standard,336,337.0,-5.506323856094003,-5.506323856094003,0
cobyla,standard,337,338.0,-5.506323856094003,-5.506323856094003,0
cobyla,standard,338,339.0,-5.506323856094003,-5.506323856094003,0
cobyla,standard,339,340.0,-5.506323856094003,-5.506323856094003,0
cobyla,standard,340,341.0,-5.506323856094003,-5.506323856094003,0
cobyla,standard,341,342.0,-5.506323856094003,-5.506323856094003,0
cobyla,standard,342,343.0,-5.506323856094003,-5.506323856094003,0
cobyla,standard,343,344.0,-5.506323856094003,-5.506323856094003,0
cobyla,standard,344,345.0,-5.506323856094003,-5.506323856094003,0
cobyla,standard,345,346.0,-5.506323856094003,-5.506323856094003,0
cobyla,standard,346,347.0,-5.506323856094003,-5.506323856094003,0
cobyla,standard,347,348.0,-5.506323856094003,-5.506323856094003,0
cobyla,standard,348,349.0,-5.506323856094003,-5.506323856094003,0
cobyla,standard,349,350.0,-5.506323856094003,-5.506323856094003,0
cobyla,standard,350,351.0,-5.506323856094003,-5.506323856094003,0
cobyla,standard,351,352.0,-5.506323856094003,-5.506323856094003,0
cobyla,standard,352,353.0,-5.507979420503917,-5.507979420503917,0
cobyla,standard,353,354.0,-5.507979420503917,-5.507979420503917,0
cobyla,standard,354,355.0,-5.507979420503917,-5.507979420503917,0
cobyla,standard,355,356.0,-5.507979420503917,-5.507979420503917,0
cobyla,standard,356,357.0,-5.513088412589481,-5.513088412589481,0
cobyla,standard,357,358.0,-5.513088412589481,-5.513088412589481,0
cobyla,standard,358,359.0,-5.513088412589481,-5.513088412589481,0
cobyla,standard,359,360.0,-5.513088412589481,-5.513088412589481,0
cobyla,standard,360,361.0,-5.513502275851147,-5.513502275851147,0
cobyla,standard,361,362.0,-5.513502275851147,-5.513502275851147,0
cobyla,standard,362,363.0,-5.514661731154025,-5.514661731154025,0
cobyla,standard,363,364.0,-5.514661731154025,-5.514661731154025,0
cobyla,standard,364,365.0,-5.514661731154025,-5.514661731154025,0
cobyla,standard,365,366.0,-5.514661731154025,-5.514661731154025,0
cobyla,standard,366,367.0,-5.514661731154025,-5.514661731154025,0
cobyla,standard,367,368.0,-5.514661731154025,-5.514661731154025,0
cobyla,standard,368,369.0,-5.514661731154025,-5.514661731154025,0
cobyla,standard,369,370.0,-5.514661731154025,-5.514661731154025,0
cobyla,standard,370,371.0,-5.52954658753051,-5.52954658753051,0
cobyla,standard,371,372.0,-5.52954658753051,-5.52954658753051,0
cobyla,standard,372,373.0,-5.52954658753051,-5.52954658753051,0
cobyla,standard,373,374.0,-5.52954658753051,-5.52954658753051,0
cobyla,standard,374,375.0,-5.52954658753051,-5.52954658753051,0
cobyla,standard,375,376.0,-5.52954658753051,-5.52954658753051,0
cobyla,standard,376,377.0,-5.52954658753051,-5.52954658753051,0
cobyla,standard,377,378.0,-5.52954658753051,-5.52954658753051,0
cobyla,standard,378,379.0,-5.52954658753051,-5.52954658753051,0
cobyla,standard,379,380.0,-5.52954658753051,-5.52954658753051,0
cobyla,standard,380,381.0,-5.52954658753051,-5.52954658753051,0
cobyla,standard,381,382.0,-5.52954658753051,-5.52954658753051,0
cobyla,standard,382,383.0,-5.52954658753051,-5.52954658753051,0
cobyla,standard,383,384.0,-5.52954658753051,-5.52954658753051,0
cobyla,standard,384,385.0,-5.52954658753051,-5.52954658753051,0
cobyla,standard,385,386.0,-5.52954658753051,-5.52954658753051,0
cobyla,standard,386,387.0,-5.52954658753051,-5.52954658753051,0
cobyla,standard,387,388.0,-5.52954658753051,-5.52954658753051,0
cobyla,standard,388,389.0,-5.52954658753051,-5.52954658753051,0
cobyla,standard,389,390.0,-5.52954658753051,-5.52954658753051,0
cobyla,standard,390,391.0,-5.52954658753051,-5.52954658753051,0
cobyla,standard,391,392.0,-5.52954658753051,-5.52954658753051,0
cobyla,standard,392,393.0,-5.52954658753051,-5.52954658753051,0
cobyla,standard,393,394.0,-5.52954658753051,-5.52954658753051,0
cobyla,standard,394,395.0,-5.52954658753051,-5.52954658753051,0
cobyla,standard,395,396.0,-5.52954658753051,-5.52954658753051,0
cobyla,standard,396,397.0,-5.52954658753051,-5.52954658753051,0
cobyla,standard,397,398.0,-5.52954658753051,-5.52954658753051,0
cobyla,standard,398,399.0,-5.532730408613394,-5.532730408613394,0
cobyla,standard,399,400.0,-5.532730408613394,-5.532730408613394,0
cobyla,standard,400,401.0,-5.532730408613394,-5.532730408613394,0
cobyla,standard,401,402.0,-5.532730408613394,-5.532730408613394,0
cobyla,standard,402,403.0,-5.532730408613394,-5.532730408613394,0
cobyla,standard,403,404.0,-5.532730408613394,-5.532730408613394,0
cobyla,standard,404,405.0,-5.532730408613394,-5.532730408613394,0
cobyla,standard,405,406.0,-5.532730408613394,-5.532730408613394,0
cobyla,standard,406,407.0,-5.54945138132341,-5.54945138132341,0
cobyla,standard,407,408.0,-5.54945138132341,-5.54945138132341,0
cobyla,standard,408,409.0,-5.54945138132341,-5.54945138132341,0
cobyla,standard,409,410.0,-5.54945138132341,-5.54945138132341,0
cobyla,standard,410,411.0,-5.54945138132341,-5.54945138132341,0
cobyla,standard,411,412.0,-5.54945138132341,-5.54945138132341,0
cobyla,standard,412,413.0,-5.54945138132341,-5.54945138132341,0
cobyla,standard,413,414.0,-5.54945138132341,-5.54945138132341,0
cobyla,standard,414,415.0,-5.54945138132341,-5.54945138132341,0
cobyla,standard,415,416.0,-5.54945138132341,-5.54945138132341,0
cobyla,standard,416,417.0,-5.54945138132341,-5.54945138132341,0
cobyla,standard,417,418.0,-5.54945138132341,-5.54945138132341,0
cobyla,standard,418,419.0,-5.54945138132341,-5.54945138132341,0
cobyla,standard,419,420.0,-5.54945138132341,-5.54945138132341,0
cobyla,standard,420,421.0,-5.54945138132341,-5.54945138132341,0
cobyla,standard,421,422.0,-5.54945138132341,-5.54945138132341,0
cobyla,standard,422,423.0,-5.54945138132341,-5.54945138132341,0
cobyla,standard,423,424.0,-5.54945138132341,-5.54945138132341,0
cobyla,standard,424,425.0,-5.54945138132341,-5.54945138132341,0
cobyla,standard,425,426.0,-5.54945138132341,-5.54945138132341,0
cobyla,standard,426,427.0,-5.553609083341196,-5.553609083341196,0
cobyla,standard,427,428.0,-5.553609083341196,-5.553609083341196,0
cobyla,standard,428,429.0,-5.566472946013846,-5.566472946013846,0
cobyla,standard,429,430.0,-5.566472946013846,-5.566472946013846,0
cobyla,standard,430,431.0,-5.566472946013846,-5.566472946013846,0
cobyla,standard,431,432.0,-5.566472946013846,-5.566472946013846,0
cobyla,standard,432,433.0,-5.566472946013846,-5.566472946013846,0
cobyla,standard,433,434.0,-5.566472946013846,-5.566472946013846,0
cobyla,standard,434,435.0,-5.566472946013846,-5.566472946013846,0
cobyla,standard,435,436.0,-5.566472946013846,-5.566472946013846,0
cobyla,standard,436,437.0,-5.566472946013846,-5.566472946013846,0
cobyla,standard,437,438.0,-5.566472946013846,-5.566472946013846,0
cobyla,standard,438,439.0,-5.566472946013846,-5.566472946013846,0
cobyla,standard,439,440.0,-5.566472946013846,-5.566472946013846,0
cobyla,standard,440,441.0,-5.566472946013846,-5.566472946013846,0
cobyla,standard,441,442.0,-5.566472946013846,-5.566472946013846,0
cobyla,standard,442,443.0,-5.572514417894581,-5.572514417894581,0
cobyla,standard,443,444.0,-5.572514417894581,-5.572514417894581,0
cobyla,standard,444,445.0,-5.572514417894581,-5.572514417894581,0
cobyla,standard,445,446.0,-5.572514417894581,-5.572514417894581,0
cobyla,standard,446,447.0,-5.572514417894581,-5.572514417894581,0
cobyla,standard,447,448.0,-5.572514417894581,-5.572514417894581,0
cobyla,standard,448,449.0,-5.572514417894581,-5.572514417894581,0
cobyla,standard,449,450.0,-5.572514417894581,-5.572514417894581,0
cobyla,standard,450,451.0,-5.572514417894581,-5.572514417894581,0
cobyla,standard,451,452.0,-5.572514417894581,-5.572514417894581,0
cobyla,standard,452,453.0,-5.611581918493747,-5.611581918493747,0
cobyla,standard,453,454.0,-5.611581918493747,-5.611581918493747,0
cobyla,standard,454,455.0,-5.611581918493747,-5.611581918493747,0
cobyla,standard,455,456.0,-5.611581918493747,-5.611581918493747,0
cobyla,standard,456,457.0,-5.611581918493747,-5.611581918493747,0
cobyla,standard,457,458.0,-5.611581918493747,-5.611581918493747,0
cobyla,standard,458,459.0,-5.611581918493747,-5.611581918493747,0
cobyla,standard,459,460.0,-5.611581918493747,-5.611581918493747,0
cobyla,standard,460,461.0,-5.611581918493747,-5.611581918493747,0
cobyla,standard,461,462.0,-5.611581918493747,-5.611581918493747,0
cobyla,standard,462,463.0,-5.611581918493747,-5.611581918493747,0
cobyla,standard,463,464.0,-5.635200689912747,-5.635200689912747,0
cobyla,standard,464,465.0,-5.643295523219633,-5.643295523219633,0
cobyla,standard,465,466.0,-5.648138885864312,-5.648138885864312,0
cobyla,standard,466,467.0,-5.648138885864312,-5.648138885864312,0
cobyla,standard,467,468.0,-5.648138885864312,-5.648138885864312,0
cobyla,standard,468,469.0,-5.648138885864312,-5.648138885864312,0
cobyla,standard,469,470.0,-5.648138885864312,-5.648138885864312,0
cobyla,standard,470,471.0,-5.648138885864312,-5.648138885864312,0
cobyla,standard,471,472.0,-5.648138885864312,-5.648138885864312,0
cobyla,standard,472,473.0,-5.648138885864312,-5.648138885864312,0
cobyla,standard,473,474.0,-5.648138885864312,-5.648138885864312,0
cobyla,standard,474,475.0,-5.648138885864312,-5.648138885864312,0
cobyla,standard,475,476.0,-5.648138885864312,-5.648138885864312,0
cobyla,standard,476,477.0,-5.648138885864312,-5.648138885864312,0
cobyla,standard,477,478.0,-5.656001592683916,-5.656001592683916,0
cobyla,standard,478,479.0,-5.656001592683916,-5.656001592683916,0
cobyla,standard,479,480.0,-5.674488632585272,-5.674488632585272,0
cobyla,standard,480,481.0,-5.707141853618669,-5.707141853618669,0
cobyla,standard,481,482.0,-5.707141853618669,-5.707141853618669,0
cobyla,standard,482,483.0,-5.707141853618669,-5.707141853618669,0
cobyla,standard,483,484.0,-5.707141853618669,-5.707141853618669,0
cobyla,standard,484,485.0,-5.707141853618669,-5.707141853618669,0
cobyla,standard,485,486.0,-5.707141853618669,-5.707141853618669,0
cobyla,standard,486,487.0,-5.707141853618669,-5.707141853618669,0
cobyla,standard,487,488.0,-5.707141853618669,-5.707141853618669,0
cobyla,standard,488,489.0,-5.707141853618669,-5.707141853618669,0
cobyla,standard,489,490.0,-5.707141853618669,-5.707141853618669,0
cobyla,standard,490,491.0,-5.707141853618669,-5.707141853618669,0
cobyla,standard,491,492.0,-5.707141853618669,-5.707141853618669,0
cobyla,standard,492,493.0,-5.707141853618669,-5.707141853618669,0
cobyla,standard,493,494.0,-5.707141853618669,-5.707141853618669,0
cobyla,standard,494,495.0,-5.7605872139484005,-5.7605872139484005,0
cobyla,standard,495,496.0,-5.7605872139484005,-5.7605872139484005,0
cobyla,standard,496,497.0,-5.7605872139484005,-5.7605872139484005,0
cobyla,standard,497,498.0,-5.768564215140101,-5.768564215140101,0
cobyla,standard,498,499.0,-5.768564215140101,-5.768564215140101,0
cobyla,standard,499,500.0,-5.768564215140101,-5.768564215140101,0
cobyla,standard,500,501.0,-5.768564215140101,-5.768564215140101,0
cobyla,standard,501,502.0,-5.768564215140101,-5.768564215140101,0
cobyla,standard,502,503.0,-5.8009826232381885,-5.8009826232381885,0
cobyla,standard,503,504.0,-5.8074979880251085,-5.8074979880251085,0
cobyla,standard,504,505.0,-5.8074979880251085,-5.8074979880251085,0
cobyla,standard,505,506.0,-5.809502042383029,-5.809502042383029,0
cobyla,standard,506,507.0,-5.809502042383029,-5.809502042383029,0
cobyla,standard,507,508.0,-5.809502042383029,-5.809502042383029,0
cobyla,standard,508,509.0,-5.809502042383029,-5.809502042383029,0
cobyla,standard,509,510.0,-5.809502042383029,-5.809502042383029,0
cobyla,standard,510,511.0,-5.809502042383029,-5.809502042383029,0
cobyla,standard,511,512.0,-5.809502042383029,-5.809502042383029,0
cobyla,standard,512,513.0,-5.809502042383029,-5.809502042383029,0
cobyla,standard,513,514.0,-5.8325677801496045,-5.8325677801496045,0
cobyla,standard,514,515.0,-5.8325677801496045,-5.8325677801496045,0
cobyla,standard,515,516.0,-5.8325677801496045,-5.8325677801496045,0
cobyla,standard,516,517.0,-5.8325677801496045,-5.8325677801496045,0
cobyla,standard,517,518.0,-5.8325677801496045,-5.8325677801496045,0
cobyla,standard,518,519.0,-5.8325677801496045,-5.8325677801496045,0
cobyla,standard,519,520.0,-5.8325677801496045,-5.8325677801496045,0
cobyla,standard,520,521.0,-5.8325677801496045,-5.8325677801496045,0
cobyla,standard,521,522.0,-5.840569826670038,-5.840569826670038,0
cobyla,standard,522,523.0,-5.840569826670038,-5.840569826670038,0
cobyla,standard,523,524.0,-5.840842455253164,-5.840842455253164,0
cobyla,standard,524,525.0,-5.855396805657248,-5.855396805657248,0
cobyla,standard,525,526.0,-5.863768913001687,-5.863768913001687,0
cobyla,standard,526,527.0,-5.863768913001687,-5.863768913001687,0
cobyla,standard,527,528.0,-5.863768913001687,-5.863768913001687,0
cobyla,standard,528,529.0,-5.863768913001687,-5.863768913001687,0
cobyla,standard,529,530.0,-5.890997221901084,-5.890997221901084,0
cobyla,standard,530,531.0,-5.890997221901084,-5.890997221901084,0
cobyla,standard,531,532.0,-5.890997221901084,-5.890997221901084,0
cobyla,standard,532,533.0,-5.890997221901084,-5.890997221901084,0
cobyla,standard,533,534.0,-5.890997221901084,-5.890997221901084,0
cobyla,standard,534,535.0,-5.890997221901084,-5.890997221901084,0
cobyla,standard,535,536.0,-5.891822247787573,-5.891822247787573,0
cobyla,standard,536,537.0,-5.891822247787573,-5.891822247787573,0
cobyla,standard,537,538.0,-5.891822247787573,-5.891822247787573,0
cobyla,standard,538,539.0,-5.901294192522594,-5.901294192522594,0
cobyla,standard,539,540.0,-5.901294192522594,-5.901294192522594,0
cobyla,standard,540,541.0,-5.901294192522594,-5.901294192522594,0
cobyla,standard,541,542.0,-5.91431062730181,-5.91431062730181,0
cobyla,standard,542,543.0,-5.91431062730181,-5.91431062730181,0
cobyla,standard,543,544.0,-5.91431062730181,-5.91431062730181,0
cobyla,standard,544,545.0,-5.91431062730181,-5.91431062730181,0
cobyla,standard,545,546.0,-5.91431062730181,-5.91431062730181,0
cobyla,standard,546,547.0,-5.91431062730181,-5.91431062730181,0
cobyla,standard,547,548.0,-5.91431062730181,-5.91431062730181,0
cobyla,standard,548,549.0,-5.91431062730181,-5.91431062730181,0
cobyla,standard,549,550.0,-5.923518968049563,-5.923518968049563,0
cobyla,standard,550,551.0,-5.923518968049563,-5.923518968049563,0
cobyla,standard,551,552.0,-5.923518968049563,-5.923518968049563,0
cobyla,standard,552,553.0,-5.923518968049563,-5.923518968049563,0
cobyla,standard,553,554.0,-5.923518968049563,-5.923518968049563,0
cobyla,standard,554,555.0,-5.923518968049563,-5.923518968049563,0
cobyla,standard,555,556.0,-5.923518968049563,-5.923518968049563,0
cobyla,standard,556,557.0,-5.923518968049563,-5.923518968049563,0
cobyla,standard,557,558.0,-5.928409027826337,-5.928409027826337,0
cobyla,standard,558,559.0,-5.928409027826337,-5.928409027826337,0
cobyla,standard,559,560.0,-5.928409027826337,-5.928409027826337,0
cobyla,standard,560,561.0,-5.928409027826337,-5.928409027826337,0
cobyla,standard,561,562.0,-5.928409027826337,-5.928409027826337,0
cobyla,standard,562,563.0,-5.928409027826337,-5.928409027826337,0
cobyla,standard,563,564.0,-5.928409027826337,-5.928409027826337,0
cobyla,standard,564,565.0,-5.928409027826337,-5.928409027826337,0
cobyla,standard,565,566.0,-5.928409027826337,-5.928409027826337,0
cobyla,standard,566,567.0,-5.928409027826337,-5.928409027826337,0
cobyla,standard,567,568.0,-5.928409027826337,-5.928409027826337,0
cobyla,standard,568,569.0,-5.928409027826337,-5.928409027826337,0
cobyla,standard,569,570.0,-5.928409027826337,-5.928409027826337,0
cobyla,standard,570,571.0,-5.928409027826337,-5.928409027826337,0
cobyla,standard,571,572.0,-5.928409027826337,-5.928409027826337,0
cobyla,standard,572,573.0,-5.928409027826337,-5.928409027826337,0
cobyla,standard,573,574.0,-5.946146615297237,-5.946146615297237,0
cobyla,standard,574,575.0,-5.946146615297237,-5.946146615297237,0
cobyla,standard,575,576.0,-5.946146615297237,-5.946146615297237,0
cobyla,standard,576,577.0,-5.946146615297237,-5.946146615297237,0
cobyla,standard,577,578.0,-5.946146615297237,-5.946146615297237,0
cobyla,standard,578,579.0,-5.946146615297237,-5.946146615297237,0
cobyla,standard,579,580.0,-5.946146615297237,-5.946146615297237,0
cobyla,standard,580,581.0,-5.946146615297237,-5.946146615297237,0
cobyla,standard,581,582.0,-5.946146615297237,-5.946146615297237,0
cobyla,standard,582,583.0,-5.951495190726741,-5.951495190726741,0
cobyla,standard,583,584.0,-5.951495190726741,-5.951495190726741,0
cobyla,standard,584,585.0,-5.951495190726741,-5.951495190726741,0
cobyla,standard,585,586.0,-5.951495190726741,-5.951495190726741,0
cobyla,standard,586,587.0,-5.951495190726741,-5.951495190726741,0
cobyla,standard,587,588.0,-5.951495190726741,-5.951495190726741,0
cobyla,standard,588,589.0,-5.951495190726741,-5.951495190726741,0
cobyla,standard,589,590.0,-5.964840824452705,-5.964840824452705,0
cobyla,standard,590,591.0,-5.964840824452705,-5.964840824452705,0
cobyla,standard,591,592.0,-5.964840824452705,-5.964840824452705,0
cobyla,standard,592,593.0,-5.969995253656299,-5.969995253656299,0
cobyla,standard,593,594.0,-5.969995253656299,-5.969995253656299,0
cobyla,standard,594,595.0,-5.969995253656299,-5.969995253656299,0
cobyla,standard,595,596.0,-5.969995253656299,-5.969995253656299,0
cobyla,standard,596,597.0,-5.969995253656299,-5.969995253656299,0
cobyla,standard,597,598.0,-5.98241814753426,-5.98241814753426,0
cobyla,standard,598,599.0,-5.98241814753426,-5.98241814753426,0
cobyla,standard,599,600.0,-6.002681789538171,-6.002681789538171,0
cobyla,standard,600,601.0,-6.002681789538171,-6.002681789538171,0
cobyla,standard,601,602.0,-6.002681789538171,-6.002681789538171,0
cobyla,standard,602,603.0,-6.002681789538171,-6.002681789538171,0
cobyla,standard,603,604.0,-6.002681789538171,-6.002681789538171,0
cobyla,standard,604,605.0,-6.002681789538171,-6.002681789538171,0
cobyla,standard,605,606.0,-6.012488249100669,-6.012488249100669,0
cobyla,standard,606,607.0,-6.012488249100669,-6.012488249100669,0
cobyla,standard,607,608.0,-6.016682588416551,-6.016682588416551,0
cobyla,standard,608,609.0,-6.016682588416551,-6.016682588416551,0
cobyla,standard,609,610.0,-6.016682588416551,-6.016682588416551,0
cobyla,standard,610,611.0,-6.016682588416551,-6.016682588416551,0
cobyla,standard,611,612.0,-6.016682588416551,-6.016682588416551,0
cobyla,standard,612,613.0,-6.016682588416551,-6.016682588416551,0
cobyla,standard,613,614.0,-6.016682588416551,-6.016682588416551,0
cobyla,standard,614,615.0,-6.016682588416551,-6.016682588416551,0
cobyla,standard,615,616.0,-6.016682588416551,-6.016682588416551,0
cobyla,standard,616,617.0,-6.016682588416551,-6.016682588416551,0
cobyla,standard,617,618.0,-6.016682588416551,-6.016682588416551,0
cobyla,standard,618,619.0,-6.016682588416551,-6.016682588416551,0
cobyla,standard,619,620.0,-6.016682588416551,-6.016682588416551,0
cobyla,standard,620,621.0,-6.016682588416551,-6.016682588416551,0
cobyla,standard,621,622.0,-6.029447334612139,-6.029447334612139,0
cobyla,standard,622,623.0,-6.029447334612139,-6.029447334612139,0
cobyla,standard,623,624.0,-6.032666794977585,-6.032666794977585,0
cobyla,standard,624,625.0,-6.032666794977585,-6.032666794977585,0
cobyla,standard,625,626.0,-6.032666794977585,-6.032666794977585,0
cobyla,standard,626,627.0,-6.032666794977585,-6.032666794977585,0
cobyla,standard,627,628.0,-6.032666794977585,-6.032666794977585,0
cobyla,standard,628,629.0,-6.032666794977585,-6.032666794977585,0
cobyla,standard,629,630.0,-6.032666794977585,-6.032666794977585,0
cobyla,standard,630,631.0,-6.032666794977585,-6.032666794977585,0
cobyla,standard,631,632.0,-6.032666794977585,-6.032666794977585,0
cobyla,standard,632,633.0,-6.032666794977585,-6.032666794977585,0
cobyla,standard,633,634.0,-6.041023093069788,-6.041023093069788,0
cobyla,standard,634,635.0,-6.041023093069788,-6.041023093069788,0
cobyla,standard,635,636.0,-6.043167047455804,-6.043167047455804,0
cobyla,standard,636,637.0,-6.043167047455804,-6.043167047455804,0
cobyla,standard,637,638.0,-6.043167047455804,-6.043167047455804,0
cobyla,standard,638,639.0,-6.043167047455804,-6.043167047455804,0
cobyla,standard,639,640.0,-6.043167047455804,-6.043167047455804,0
cobyla,standard,640,641.0,-6.043167047455804,-6.043167047455804,0
cobyla,standard,641,642.0,-6.043167047455804,-6.043167047455804,0
cobyla,standard,642,643.0,-6.043167047455804,-6.043167047455804,0
cobyla,standard,643,644.0,-6.043434109614086,-6.043434109614086,0
cobyla,standard,644,645.0,-6.043434109614086,-6.043434109614086,0
cobyla,standard,645,646.0,-6.043434109614086,-6.043434109614086,0
cobyla,standard,646,647.0,-6.043434109614086,-6.043434109614086,0
cobyla,standard,647,648.0,-6.043434109614086,-6.043434109614086,0
cobyla,standard,648,649.0,-6.043434109614086,-6.043434109614086,0
cobyla,standard,649,650.0,-6.043434109614086,-6.043434109614086,0
cobyla,standard,650,651.0,-6.043434109614086,-6.043434109614086,0
cobyla,standard,651,652.0,-6.045912581728255,-6.045912581728255,0
cobyla,standard,652,653.0,-6.051564037149971,-6.051564037149971,0
cobyla,standard,653,654.0,-6.051564037149971,-6.051564037149971,0
cobyla,standard,654,655.0,-6.051564037149971,-6.051564037149971,0
cobyla,standard,655,656.0,-6.051564037149971,-6.051564037149971,0
cobyla,standard,656,657.0,-6.051564037149971,-6.051564037149971,0
cobyla,standard,657,658.0,-6.051564037149971,-6.051564037149971,0
cobyla,standard,658,659.0,-6.051564037149971,-6.051564037149971,0
cobyla,standard,659,660.0,-6.051564037149971,-6.051564037149971,0
cobyla,standard,660,661.0,-6.051564037149971,-6.051564037149971,0
cobyla,standard,661,662.0,-6.051564037149971,-6.051564037149971,0
cobyla,standard,662,663.0,-6.051564037149971,-6.051564037149971,0
cobyla,standard,663,664.0,-6.051564037149971,-6.051564037149971,0
cobyla,standard,664,665.0,-6.051564037149971,-6.051564037149971,0
cobyla,standard,665,666.0,-6.051564037149971,-6.051564037149971,0
cobyla,standard,666,667.0,-6.051564037149971,-6.051564037149971,0
cobyla,standard,667,668.0,-6.051564037149971,-6.051564037149971,0
cobyla,standard,668,669.0,-6.051564037149971,-6.051564037149971,0
cobyla,standard,669,670.0,-6.0534266524945215,-6.0534266524945215,0
cobyla,standard,670,671.0,-6.0534266524945215,-6.0534266524945215,0
cobyla,standard,671,672.0,-6.0534266524945215,-6.0534266524945215,0
cobyla,standard,672,673.0,-6.0534266524945215,-6.0534266524945215,0
cobyla,standard,673,674.0,-6.0534266524945215,-6.0534266524945215,0
cobyla,standard,674,675.0,-6.0534266524945215,-6.0534266524945215,0
cobyla,standard,675,676.0,-6.0864770462915905,-6.0864770462915905,0
cobyla,standard,676,677.0,-6.0864770462915905,-6.0864770462915905,0
cobyla,standard,677,678.0,-6.0864770462915905,-6.0864770462915905,0
cobyla,standard,678,679.0,-6.0864770462915905,-6.0864770462915905,0
cobyla,standard,679,680.0,-6.0864770462915905,-6.0864770462915905,0
cobyla,standard,680,681.0,-6.0864770462915905,-6.0864770462915905,0
cobyla,standard,681,682.0,-6.101525965432003,-6.101525965432003,0
cobyla,standard,682,683.0,-6.101525965432003,-6.101525965432003,0
cobyla,standard,683,684.0,-6.101525965432003,-6.101525965432003,0
cobyla,standard,684,685.0,-6.101525965432003,-6.101525965432003,0
cobyla,standard,685,686.0,-6.122937380842842,-6.122937380842842,0
cobyla,standard,686,687.0,-6.122937380842842,-6.122937380842842,0
cobyla,standard,687,688.0,-6.122937380842842,-6.122937380842842,0
cobyla,standard,688,689.0,-6.122937380842842,-6.122937380842842,0
cobyla,standard,689,690.0,-6.122937380842842,-6.122937380842842,0
cobyla,standard,690,691.0,-6.122937380842842,-6.122937380842842,0
cobyla,standard,691,692.0,-6.126660963553917,-6.126660963553917,0
cobyla,standard,692,693.0,-6.126660963553917,-6.126660963553917,0
cobyla,standard,693,694.0,-6.126660963553917,-6.126660963553917,0
cobyla,standard,694,695.0,-6.126660963553917,-6.126660963553917,0
cobyla,standard,695,696.0,-6.129928041381599,-6.129928041381599,0
cobyla,standard,696,697.0,-6.129928041381599,-6.129928041381599,0
cobyla,standard,697,698.0,-6.129928041381599,-6.129928041381599,0
cobyla,standard,698,699.0,-6.129928041381599,-6.129928041381599,0
cobyla,standard,699,700.0,-6.129928041381599,-6.129928041381599,0
cobyla,standard,700,701.0,-6.129928041381599,-6.129928041381599,0
cobyla,standard,701,702.0,-6.134854694293264,-6.134854694293264,0
cobyla,standard,702,703.0,-6.134854694293264,-6.134854694293264,0
cobyla,standard,703,704.0,-6.134854694293264,-6.134854694293264,0
cobyla,standard,704,705.0,-6.134854694293264,-6.134854694293264,0
cobyla,standard,705,706.0,-6.134854694293264,-6.134854694293264,0
cobyla,standard,706,707.0,-6.134854694293264,-6.134854694293264,0
cobyla,standard,707,708.0,-6.140448753716278,-6.140448753716278,0
cobyla,standard,708,709.0,-6.140448753716278,-6.140448753716278,0
cobyla,standard,709,710.0,-6.140448753716278,-6.140448753716278,0
cobyla,standard,710,711.0,-6.140448753716278,-6.140448753716278,0
cobyla,standard,711,712.0,-6.140448753716278,-6.140448753716278,0
cobyla,standard,712,713.0,-6.140448753716278,-6.140448753716278,0
cobyla,standard,713,714.0,-6.140448753716278,-6.140448753716278,0
cobyla,standard,714,715.0,-6.140448753716278,-6.140448753716278,0
cobyla,standard,715,716.0,-6.140448753716278,-6.140448753716278,0
cobyla,standard,716,717.0,-6.140448753716278,-6.140448753716278,0
cobyla,standard,717,718.0,-6.140448753716278,-6.140448753716278,0
cobyla,standard,718,719.0,-6.153803404946051,-6.153803404946051,0
cobyla,standard,719,720.0,-6.153803404946051,-6.153803404946051,0
cobyla,standard,720,721.0,-6.153803404946051,-6.153803404946051,0
cobyla,standard,721,722.0,-6.153803404946051,-6.153803404946051,0
cobyla,standard,722,723.0,-6.160567040753564,-6.160567040753564,0
cobyla,standard,723,724.0,-6.160813177523628,-6.160813177523628,0
cobyla,standard,724,725.0,-6.160813177523628,-6.160813177523628,0
cobyla,standard,725,726.0,-6.160813177523628,-6.160813177523628,0
cobyla,standard,726,727.0,-6.160813177523628,-6.160813177523628,0
cobyla,standard,727,728.0,-6.172897358541499,-6.172897358541499,0
cobyla,standard,728,729.0,-6.172897358541499,-6.172897358541499,0
cobyla,standard,729,730.0,-6.173349890778642,-6.173349890778642,0
cobyla,standard,730,731.0,-6.173349890778642,-6.173349890778642,0
cobyla,standard,731,732.0,-6.176542548904665,-6.176542548904665,0
cobyla,standard,732,733.0,-6.176542548904665,-6.176542548904665,0
cobyla,standard,733,734.0,-6.178204488749192,-6.178204488749192,0
cobyla,standard,734,735.0,-6.178204488749192,-6.178204488749192,0
cobyla,standard,735,736.0,-6.178204488749192,-6.178204488749192,0
cobyla,standard,736,737.0,-6.178204488749192,-6.178204488749192,0
cobyla,standard,737,738.0,-6.178204488749192,-6.178204488749192,0
cobyla,standard,738,739.0,-6.178204488749192,-6.178204488749192,0
cobyla,standard,739,740.0,-6.178204488749192,-6.178204488749192,0
cobyla,standard,740,741.0,-6.1798651003509475,-6.1798651003509475,0
cobyla,standard,741,742.0,-6.1798651003509475,-6.1798651003509475,0
cobyla,standard,742,743.0,-6.1798651003509475,-6.1798651003509475,0
cobyla,standard,743,744.0,-6.1798651003509475,-6.1798651003509475,0
cobyla,standard,744,745.0,-6.1798651003509475,-6.1798651003509475,0
cobyla,standard,745,746.0,-6.1798651003509475,-6.1798651003509475,0
cobyla,standard,746,747.0,-6.1798651003509475,-6.1798651003509475,0
cobyla,standard,747,748.0,-6.192014090876462,-6.192014090876462,0
cobyla,standard,748,749.0,-6.192014090876462,-6.192014090876462,0
cobyla,standard,749,750.0,-6.192014090876462,-6.192014090876462,0
cobyla,standard,750,751.0,-6.192014090876462,-6.192014090876462,0
cobyla,standard,751,752.0,-6.192014090876462,-6.192014090876462,0
cobyla,standard,752,753.0,-6.192014090876462,-6.192014090876462,0
cobyla,standard,753,754.0,-6.192014090876462,-6.192014090876462,0
cobyla,standard,754,755.0,-6.192014090876462,-6.192014090876462,0
cobyla,standard,755,756.0,-6.192014090876462,-6.192014090876462,0
cobyla,standard,756,757.0,-6.192014090876462,-6.192014090876462,0
cobyla,standard,757,758.0,-6.192014090876462,-6.192014090876462,0
cobyla,standard,758,759.0,-6.192014090876462,-6.192014090876462,0
cobyla,standard,759,760.0,-6.192014090876462,-6.192014090876462,0
cobyla,standard,760,761.0,-6.192014090876462,-6.192014090876462,0
cobyla,standard,761,762.0,-6.192014090876462,-6.192014090876462,0
cobyla,standard,762,763.0,-6.192014090876462,-6.192014090876462,0
cobyla,standard,763,764.0,-6.20305927632194,-6.20305927632194,0
cobyla,standard,764,765.0,-6.20305927632194,-6.20305927632194,0
cobyla,standard,765,766.0,-6.204464475927815,-6.204464475927815,0
cobyla,standard,766,767.0,-6.204464475927815,-6.204464475927815,0
cobyla,standard,767,768.0,-6.204464475927815,-6.204464475927815,0
cobyla,standard,768,769.0,-6.204464475927815,-6.204464475927815,0
cobyla,standard,769,770.0,-6.204874909094004,-6.204874909094004,0
cobyla,standard,770,771.0,-6.204874909094004,-6.204874909094004,0
cobyla,standard,771,772.0,-6.204874909094004,-6.204874909094004,0
cobyla,standard,772,773.0,-6.204874909094004,-6.204874909094004,0
cobyla,standard,773,774.0,-6.204874909094004,-6.204874909094004,0
cobyla,standard,774,775.0,-6.204874909094004,-6.204874909094004,0
cobyla,standard,775,776.0,-6.205064925058937,-6.205064925058937,0
cobyla,standard,776,777.0,-6.205064925058937,-6.205064925058937,0
cobyla,standard,777,778.0,-6.205064925058937,-6.205064925058937,0
cobyla,standard,778,779.0,-6.205064925058937,-6.205064925058937,0
cobyla,standard,779,780.0,-6.207827563894525,-6.207827563894525,0
cobyla,standard,780,781.0,-6.207827563894525,-6.207827563894525,0
cobyla,standard,781,782.0,-6.207827563894525,-6.207827563894525,0
cobyla,standard,782,783.0,-6.207827563894525,-6.207827563894525,0
cobyla,standard,783,784.0,-6.207827563894525,-6.207827563894525,0
cobyla,standard,784,785.0,-6.246799372865419,-6.246799372865419,0
cobyla,standard,785,786.0,-6.246799372865419,-6.246799372865419,0
cobyla,standard,786,787.0,-6.246799372865419,-6.246799372865419,0
cobyla,standard,787,788.0,-6.263547723477388,-6.263547723477388,0
cobyla,standard,788,789.0,-6.263547723477388,-6.263547723477388,0
cobyla,standard,789,790.0,-6.263547723477388,-6.263547723477388,0
cobyla,standard,790,791.0,-6.263547723477388,-6.263547723477388,0
cobyla,standard,791,792.0,-6.263547723477388,-6.263547723477388,0
cobyla,standard,792,793.0,-6.263547723477388,-6.263547723477388,0
cobyla,standard,793,794.0,-6.263547723477388,-6.263547723477388,0
cobyla,standard,794,795.0,-6.263547723477388,-6.263547723477388,0
cobyla,standard,795,796.0,-6.263547723477388,-6.263547723477388,0
cobyla,standard,796,797.0,-6.263547723477388,-6.263547723477388,0
cobyla,standard,797,798.0,-6.263547723477388,-6.263547723477388,0
cobyla,standard,798,799.0,-6.263547723477388,-6.263547723477388,0
cobyla,standard,799,800.0,-6.263547723477388,-6.263547723477388,0
cobyla,standard,800,801.0,-6.263547723477388,-6.263547723477388,0
cobyla,standard,801,802.0,-6.263547723477388,-6.263547723477388,0
cobyla,standard,802,803.0,-6.263547723477388,-6.263547723477388,0
cobyla,standard,803,804.0,-6.263547723477388,-6.263547723477388,0
cobyla,standard,804,805.0,-6.263547723477388,-6.263547723477388,0
cobyla,standard,805,806.0,-6.263547723477388,-6.263547723477388,0
cobyla,standard,806,807.0,-6.263547723477388,-6.263547723477388,0
cobyla,standard,807,808.0,-6.264240894130345,-6.264240894130345,0
cobyla,standard,808,809.0,-6.264240894130345,-6.264240894130345,0
cobyla,standard,809,810.0,-6.264240894130345,-6.264240894130345,0
cobyla,standard,810,811.0,-6.264240894130345,-6.264240894130345,0
cobyla,standard,811,812.0,-6.264240894130345,-6.264240894130345,0
cobyla,standard,812,813.0,-6.264240894130345,-6.264240894130345,0
cobyla,standard,813,814.0,-6.264240894130345,-6.264240894130345,0
cobyla,standard,814,815.0,-6.264240894130345,-6.264240894130345,0
cobyla,standard,815,816.0,-6.264240894130345,-6.264240894130345,0
cobyla,standard,816,817.0,-6.264240894130345,-6.264240894130345,0
cobyla,standard,817,818.0,-6.264240894130345,-6.264240894130345,0
cobyla,standard,818,819.0,-6.264240894130345,-6.264240894130345,0
cobyla,standard,819,820.0,-6.272729076937917,-6.272729076937917,0
cobyla,standard,820,821.0,-6.272729076937917,-6.272729076937917,0
cobyla,standard,821,822.0,-6.272729076937917,-6.272729076937917,0
cobyla,standard,822,823.0,-6.272729076937917,-6.272729076937917,0
cobyla,standard,823,824.0,-6.296215934425928,-6.296215934425928,0
cobyla,standard,824,825.0,-6.296215934425928,-6.296215934425928,0
cobyla,standard,825,826.0,-6.296215934425928,-6.296215934425928,0
cobyla,standard,826,827.0,-6.296215934425928,-6.296215934425928,0
cobyla,standard,827,828.0,-6.296215934425928,-6.296215934425928,0
cobyla,standard,828,829.0,-6.296215934425928,-6.296215934425928,0
cobyla,standard,829,830.0,-6.296215934425928,-6.296215934425928,0
cobyla,standard,830,831.0,-6.296215934425928,-6.296215934425928,0
cobyla,standard,831,832.0,-6.296215934425928,-6.296215934425928,0
cobyla,standard,832,833.0,-6.296215934425928,-6.296215934425928,0
cobyla,standard,833,834.0,-6.296215934425928,-6.296215934425928,0
cobyla,standard,834,835.0,-6.296215934425928,-6.296215934425928,0
cobyla,standard,835,836.0,-6.296215934425928,-6.296215934425928,0
cobyla,standard,836,837.0,-6.296215934425928,-6.296215934425928,0
cobyla,standard,837,838.0,-6.296215934425928,-6.296215934425928,0
cobyla,standard,838,839.0,-6.296215934425928,-6.296215934425928,0
cobyla,standard,839,840.0,-6.296215934425928,-6.296215934425928,0
cobyla,standard,840,841.0,-6.296215934425928,-6.296215934425928,0
cobyla,standard,841,842.0,-6.296215934425928,-6.296215934425928,0
cobyla,standard,842,843.0,-6.296215934425928,-6.296215934425928,0
cobyla,standard,843,844.0,-6.296215934425928,-6.296215934425928,0
cobyla,standard,844,845.0,-6.296215934425928,-6.296215934425928,0
cobyla,standard,845,846.0,-6.296215934425928,-6.296215934425928,0
cobyla,standard,846,847.0,-6.296215934425928,-6.296215934425928,0
cobyla,standard,847,848.0,-6.31666191369088,-6.31666191369088,0
cobyla,standard,848,849.0,-6.31666191369088,-6.31666191369088,0
cobyla,standard,849,850.0,-6.31666191369088,-6.31666191369088,0
cobyla,standard,850,851.0,-6.31666191369088,-6.31666191369088,0
cobyla,standard,851,852.0,-6.31666191369088,-6.31666191369088,0
cobyla,standard,852,853.0,-6.31666191369088,-6.31666191369088,0
cobyla,standard,853,854.0,-6.31666191369088,-6.31666191369088,0
cobyla,standard,854,855.0,-6.31666191369088,-6.31666191369088,0
cobyla,standard,855,856.0,-6.31666191369088,-6.31666191369088,0
cobyla,standard,856,857.0,-6.31666191369088,-6.31666191369088,0
cobyla,standard,857,858.0,-6.31666191369088,-6.31666191369088,0
cobyla,standard,858,859.0,-6.31666191369088,-6.31666191369088,0
cobyla,standard,859,860.0,-6.31666191369088,-6.31666191369088,0
cobyla,standard,860,861.0,-6.31666191369088,-6.31666191369088,0
cobyla,standard,861,862.0,-6.31666191369088,-6.31666191369088,0
cobyla,standard,862,863.0,-6.31666191369088,-6.31666191369088,0
cobyla,standard,863,864.0,-6.31666191369088,-6.31666191369088,0
cobyla,standard,864,865.0,-6.31666191369088,-6.31666191369088,0
cobyla,standard,865,866.0,-6.31666191369088,-6.31666191369088,0
cobyla,standard,866,867.0,-6.31666191369088,-6.31666191369088,0
cobyla,standard,867,868.0,-6.321802794861033,-6.321802794861033,0
cobyla,standard,868,869.0,-6.321802794861033,-6.321802794861033,0
cobyla,standard,869,870.0,-6.321802794861033,-6.321802794861033,0
cobyla,standard,870,871.0,-6.321802794861033,-6.321802794861033,0
cobyla,standard,871,872.0,-6.321802794861033,-6.321802794861033,0
cobyla,standard,872,873.0,-6.342216792419654,-6.342216792419654,0
cobyla,standard,873,874.0,-6.342216792419654,-6.342216792419654,0
cobyla,standard,874,875.0,-6.342216792419654,-6.342216792419654,0
cobyla,standard,875,876.0,-6.342216792419654,-6.342216792419654,0
cobyla,standard,876,877.0,-6.342216792419654,-6.342216792419654,0
cobyla,standard,877,878.0,-6.342216792419654,-6.342216792419654,0
cobyla,standard,878,879.0,-6.342216792419654,-6.342216792419654,0
cobyla,standard,879,880.0,-6.342216792419654,-6.342216792419654,0
cobyla,standard,880,881.0,-6.342216792419654,-6.342216792419654,0
cobyla,standard,881,882.0,-6.342216792419654,-6.342216792419654,0
cobyla,standard,882,883.0,-6.342216792419654,-6.342216792419654,0
cobyla,standard,883,884.0,-6.342216792419654,-6.342216792419654,0
cobyla,standard,884,885.0,-6.342216792419654,-6.342216792419654,0
cobyla,standard,885,886.0,-6.342216792419654,-6.342216792419654,0
cobyla,standard,886,887.0,-6.342216792419654,-6.342216792419654,0
cobyla,standard,887,888.0,-6.342216792419654,-6.342216792419654,0
cobyla,standard,888,889.0,-6.342216792419654,-6.342216792419654,0
cobyla,standard,889,890.0,-6.343504128506202,-6.343504128506202,0
cobyla,standard,890,891.0,-6.351029716171501,-6.351029716171501,0
cobyla,standard,891,892.0,-6.361563672118544,-6.361563672118544,0
cobyla,standard,892,893.0,-6.361563672118544,-6.361563672118544,0
cobyla,standard,893,894.0,-6.361563672118544,-6.361563672118544,0
cobyla,standard,894,895.0,-6.361563672118544,-6.361563672118544,0
cobyla,standard,895,896.0,-6.363866419461498,-6.363866419461498,0
cobyla,standard,896,897.0,-6.363866419461498,-6.363866419461498,0
cobyla,standard,897,898.0,-6.36389428560271,-6.36389428560271,0
cobyla,standard,898,899.0,-6.36389428560271,-6.36389428560271,0
cobyla,standard,899,900.0,-6.364537451843954,-6.364537451843954,0
cobyla,standard,900,901.0,-6.364537451843954,-6.364537451843954,0
cobyla,standard,901,902.0,-6.365466440846792,-6.365466440846792,0
cobyla,standard,902,903.0,-6.365466440846792,-6.365466440846792,0
cobyla,standard,903,904.0,-6.365980115948047,-6.365980115948047,0
cobyla,standard,904,905.0,-6.365980115948047,-6.365980115948047,0
cobyla,standard,905,906.0,-6.365980115948047,-6.365980115948047,0
cobyla,standard,906,907.0,-6.365980115948047,-6.365980115948047,0
cobyla,standard,907,908.0,-6.365980115948047,-6.365980115948047,0
cobyla,standard,908,909.0,-6.365980115948047,-6.365980115948047,0
cobyla,standard,909,910.0,-6.365980115948047,-6.365980115948047,0
cobyla,standard,910,911.0,-6.365980115948047,-6.365980115948047,0
cobyla,standard,911,912.0,-6.365980115948047,-6.365980115948047,0
cobyla,standard,912,913.0,-6.365980115948047,-6.365980115948047,0
cobyla,standard,913,914.0,-6.365980115948047,-6.365980115948047,0
cobyla,standard,914,915.0,-6.365980115948047,-6.365980115948047,0
cobyla,standard,915,916.0,-6.365980115948047,-6.365980115948047,0
cobyla,standard,916,917.0,-6.365980115948047,-6.365980115948047,0
cobyla,standard,917,918.0,-6.365980115948047,-6.365980115948047,0
cobyla,standard,918,919.0,-6.365980115948047,-6.365980115948047,0
cobyla,standard,919,920.0,-6.365980115948047,-6.365980115948047,0
cobyla,standard,920,921.0,-6.365980115948047,-6.365980115948047,0
cobyla,standard,921,922.0,-6.365980115948047,-6.365980115948047,0
cobyla,standard,922,923.0,-6.365980115948047,-6.365980115948047,0
cobyla,standard,923,924.0,-6.41284198281061,-6.41284198281061,0
cobyla,standard,924,925.0,-6.41284198281061,-6.41284198281061,0
cobyla,standard,925,926.0,-6.41284198281061,-6.41284198281061,0
cobyla,standard,926,927.0,-6.41284198281061,-6.41284198281061,0
cobyla,standard,927,928.0,-6.41284198281061,-6.41284198281061,0
cobyla,standard,928,929.0,-6.41284198281061,-6.41284198281061,0
cobyla,standard,929,930.0,-6.41284198281061,-6.41284198281061,0
cobyla,standard,930,931.0,-6.41284198281061,-6.41284198281061,0
cobyla,standard,931,932.0,-6.41284198281061,-6.41284198281061,0
cobyla,standard,932,933.0,-6.41284198281061,-6.41284198281061,0
cobyla,standard,933,934.0,-6.41284198281061,-6.41284198281061,0
cobyla,standard,934,935.0,-6.41284198281061,-6.41284198281061,0
cobyla,standard,935,936.0,-6.41284198281061,-6.41284198281061,0
cobyla,standard,936,937.0,-6.41284198281061,-6.41284198281061,0
cobyla,standard,937,938.0,-6.420405581048888,-6.420405581048888,0
cobyla,standard,938,939.0,-6.420405581048888,-6.420405581048888,0
cobyla,standard,939,940.0,-6.420405581048888,-6.420405581048888,0
cobyla,standard,940,941.0,-6.420405581048888,-6.420405581048888,0
cobyla,standard,941,942.0,-6.420405581048888,-6.420405581048888,0
cobyla,standard,942,943.0,-6.420405581048888,-6.420405581048888,0
cobyla,standard,943,944.0,-6.420405581048888,-6.420405581048888,0
cobyla,standard,944,945.0,-6.420405581048888,-6.420405581048888,0
cobyla,standard,945,946.0,-6.420405581048888,-6.420405581048888,0
cobyla,standard,946,947.0,-6.420405581048888,-6.420405581048888,0
cobyla,standard,947,948.0,-6.4380181395222715,-6.4380181395222715,0
cobyla,standard,948,949.0,-6.4380181395222715,-6.4380181395222715,0
cobyla,standard,949,950.0,-6.4380181395222715,-6.4380181395222715,0
cobyla,standard,950,951.0,-6.4380181395222715,-6.4380181395222715,0
cobyla,standard,951,952.0,-6.4380181395222715,-6.4380181395222715,0
cobyla,standard,952,953.0,-6.4380181395222715,-6.4380181395222715,0
cobyla,standard,953,954.0,-6.4380181395222715,-6.4380181395222715,0
cobyla,standard,954,955.0,-6.4380181395222715,-6.4380181395222715,0
cobyla,standard,955,956.0,-6.4380181395222715,-6.4380181395222715,0
cobyla,standard,956,957.0,-6.4380181395222715,-6.4380181395222715,0
cobyla,standard,957,958.0,-6.4380181395222715,-6.4380181395222715,0
cobyla,standard,958,959.0,-6.4380181395222715,-6.4380181395222715,0
cobyla,standard,959,960.0,-6.4380181395222715,-6.4380181395222715,0
cobyla,standard,960,961.0,-6.4380181395222715,-6.4380181395222715,0
cobyla,standard,961,962.0,-6.4380181395222715,-6.4380181395222715,0
cobyla,standard,962,963.0,-6.4380181395222715,-6.4380181395222715,0
cobyla,standard,963,964.0,-6.440914090545228,-6.440914090545228,0
cobyla,standard,964,965.0,-6.440914090545228,-6.440914090545228,0
cobyla,standard,965,966.0,-6.440914090545228,-6.440914090545228,0
cobyla,standard,966,967.0,-6.440914090545228,-6.440914090545228,0
cobyla,standard,967,968.0,-6.462321105836947,-6.462321105836947,0
cobyla,standard,968,969.0,-6.462321105836947,-6.462321105836947,0
cobyla,standard,969,970.0,-6.462321105836947,-6.462321105836947,0
cobyla,standard,970,971.0,-6.462321105836947,-6.462321105836947,0
cobyla,standard,971,972.0,-6.462321105836947,-6.462321105836947,0
cobyla,standard,972,973.0,-6.462321105836947,-6.462321105836947,0
cobyla,standard,973,974.0,-6.462321105836947,-6.462321105836947,0
cobyla,standard,974,975.0,-6.462321105836947,-6.462321105836947,0
cobyla,standard,975,976.0,-6.466688553569675,-6.466688553569675,0
cobyla,standard,976,977.0,-6.466688553569675,-6.466688553569675,0
cobyla,standard,977,978.0,-6.466688553569675,-6.466688553569675,0
cobyla,standard,978,979.0,-6.466688553569675,-6.466688553569675,0
cobyla,standard,979,980.0,-6.466688553569675,-6.466688553569675,0
cobyla,standard,980,981.0,-6.466688553569675,-6.466688553569675,0
cobyla,standard,981,982.0,-6.466688553569675,-6.466688553569675,0
cobyla,standard,982,983.0,-6.466688553569675,-6.466688553569675,0
cobyla,standard,983,984.0,-6.466688553569675,-6.466688553569675,0
cobyla,standard,984,985.0,-6.466688553569675,-6.466688553569675,0
cobyla,standard,985,986.0,-6.466688553569675,-6.466688553569675,0
cobyla,standard,986,987.0,-6.466688553569675,-6.466688553569675,0
cobyla,standard,987,988.0,-6.466688553569675,-6.466688553569675,0
cobyla,standard,988,989.0,-6.466688553569675,-6.466688553569675,0
cobyla,standard,989,990.0,-6.467945012883691,-6.467945012883691,0
cobyla,standard,990,991.0,-6.467945012883691,-6.467945012883691,0
cobyla,standard,991,992.0,-6.47185227038944,-6.47185227038944,0
cobyla,standard,992,993.0,-6.47185227038944,-6.47185227038944,0
cobyla,standard,993,994.0,-6.47185227038944,-6.47185227038944,0
cobyla,standard,994,995.0,-6.47185227038944,-6.47185227038944,0
cobyla,standard,995,996.0,-6.47185227038944,-6.47185227038944,0
cobyla,standard,996,997.0,-6.47185227038944,-6.47185227038944,0
cobyla,standard,997,998.0,-6.47185227038944,-6.47185227038944,0
cobyla,standard,998,999.0,-6.47185227038944,-6.47185227038944,0
cobyla,standard,999,1000.0,-6.47185227038944,-6.47185227038944,0
cobyla,local_global,0,1.0,0.4875628958922866,-4.081831523130387,0
cobyla,local_global,1,2.0,0.4875628958922866,-4.081831523130387,0
cobyla,local_global,2,3.0,0.4875628958922866,-4.081831523130387,0
cobyla,local_global,3,4.0,0.4851812943313451,-4.177719325767252,0
cobyla,local_global,4,5.0,0.4851812943313451,-4.177719325767252,0
cobyla,local_global,5,6.0,0.4851812943313451,-4.177719325767252,0
cobyla,local_global,6,7.0,0.482333960701767,-4.213500063361288,0
cobyla,local_global,7,8.0,0.482333960701767,-4.213500063361288,0
cobyla,local_global,8,9.0,0.4819230030338544,-4.212262021170044,0
cobyla,local_global,9,10.0,0.4815277191151688,-4.1922832857135655,0
cobyla,local_global,10,11.0,0.4815175867667147,-4.15292753187326,0
cobyla,local_global,11,12.0,0.4815175867667147,-4.15292753187326,0
cobyla,local_global,12,13.0,0.4815175867667147,-4.15292753187326,0
cobyla,local_global,13,14.0,0.4815175867667147,-4.15292753187326,0
cobyla,local_global,14,15.0,0.4815175867667147,-4.15292753187326,0
cobyla,local_global,15,16.0,0.4815175867667147,-4.15292753187326,0
cobyla,local_global,16,17.0,0.47424560878611816,-4.167670649661489,0
cobyla,local_global,17,18.0,0.47424560878611816,-4.167670649661489,0
cobyla,local_global,18,19.0,0.47424560878611816,-4.167670649661489,0
cobyla,local_global,19,20.0,0.47424560878611816,-4.167670649661489,0
cobyla,local_global,20,21.0,0.47424560878611816,-4.167670649661489,0
cobyla,local_global,21,22.0,0.47424560878611816,-4.167670649661489,0
cobyla,local_global,22,23.0,0.47292031930907685,-4.17425671883834,0
cobyla,local_global,23,24.0,0.4705526467245708,-4.196907577933345,0
cobyla,local_global,24,25.0,0.46166743636935653,-4.2707827207793585,0
cobyla,local_global,25,26.0,0.46166743636935653,-4.2707827207793585,0
cobyla,local_global,26,27.0,0.46166743636935653,-4.2707827207793585,0
cobyla,local_global,27,28.0,0.46166743636935653,-4.2707827207793585,0
cobyla,local_global,28,29.0,0.46166743636935653,-4.2707827207793585,0
cobyla,local_global,29,30.0,0.46166743636935653,-4.2707827207793585,0
cobyla,local_global,30,31.0,0.46166743636935653,-4.2707827207793585,0
cobyla,local_global,31,32.0,0.46166743636935653,-4.2707827207793585,0
cobyla,local_global,32,33.0,0.46166743636935653,-4.2707827207793585,0
cobyla,local_global,33,34.0,0.46166743636935653,-4.2707827207793585,0
cobyla,local_global,34,35.0,0.46166743636935653,-4.2707827207793585,0
cobyla,local_global,35,36.0,0.46166743636935653,-4.2707827207793585,0
cobyla,local_global,36,37.0,0.4563345139193526,-4.308857302519789,0
cobyla,local_global,37,38.0,0.4563345139193526,-4.308857302519789,0
cobyla,local_global,38,39.0,0.4563345139193526,-4.308857302519789,0
cobyla,local_global,39,40.0,0.4563345139193526,-4.308857302519789,0
cobyla,local_global,40,41.0,0.4563345139193526,-4.308857302519789,0
cobyla,local_global,41,42.0,0.4563345139193526,-4.308857302519789,0
cobyla,local_global,42,43.0,0.45142510664118957,-4.331264804999869,0
cobyla,local_global,43,44.0,0.45142510664118957,-4.331264804999869,0
cobyla,local_global,44,45.0,0.45142510664118957,-4.331264804999869,0
cobyla,local_global,45,46.0,0.44880225731733203,-4.3414915092304085,0
cobyla,local_global,46,47.0,0.44880225731733203,-4.3414915092304085,0
cobyla,local_global,47,48.0,0.44880225731733203,-4.3414915092304085,0
cobyla,local_global,48,49.0,0.4470971320509396,-4.377838712351491,0
cobyla,local_global,49,50.0,0.4470971320509396,-4.377838712351491,0
cobyla,local_global,50,51.0,0.4470971320509396,-4.377838712351491,0
cobyla,local_global,51,52.0,0.4470971320509396,-4.377838712351491,0
cobyla,local_global,52,53.0,0.4429022569813808,-4.430665262563361,0
cobyla,local_global,53,54.0,0.4429022569813808,-4.430665262563361,0
cobyla,local_global,54,55.0,0.4429022569813808,-4.430665262563361,0
cobyla,local_global,55,56.0,0.4429022569813808,-4.430665262563361,0
cobyla,local_global,56,57.0,0.4429022569813808,-4.430665262563361,0
cobyla,local_global,57,58.0,0.4429022569813808,-4.430665262563361,0
cobyla,local_global,58,59.0,0.4429022569813808,-4.430665262563361,0
cobyla,local_global,59,60.0,0.4429022569813808,-4.430665262563361,0
cobyla,local_global,60,61.0,0.4429022569813808,-4.430665262563361,0
cobyla,local_global,61,62.0,0.4429022569813808,-4.430665262563361,0
cobyla,local_global,62,63.0,0.4429022569813808,-4.430665262563361,0
cobyla,local_global,63,64.0,0.4429022569813808,-4.430665262563361,0
cobyla,local_global,64,65.0,0.4429022569813808,-4.430665262563361,0
cobyla,local_global,65,66.0,0.4429022569813808,-4.430665262563361,0
cobyla,local_global,66,67.0,0.4429022569813808,-4.430665262563361,0
cobyla,local_global,67,68.0,0.4429022569813808,-4.430665262563361,0
cobyla,local_global,68,69.0,0.4429022569813808,-4.430665262563361,0
cobyla,local_global,69,70.0,0.4429022569813808,-4.430665262563361,0
cobyla,local_global,70,71.0,0.4429022569813808,-4.430665262563361,0
cobyla,local_global,71,72.0,0.4429022569813808,-4.430665262563361,0
cobyla,local_global,72,73.0,0.4418507191806361,-4.430807409452172,0
cobyla,local_global,73,74.0,0.4418507191806361,-4.430807409452172,0
cobyla,local_global,74,75.0,0.4418507191806361,-4.430807409452172,0
cobyla,local_global,75,76.0,0.4418507191806361,-4.430807409452172,0
cobyla,local_global,76,77.0,0.4418507191806361,-4.430807409452172,0
cobyla,local_global,77,78.0,0.4418507191806361,-4.430807409452172,0
cobyla,local_global,78,79.0,0.4418507191806361,-4.430807409452172,0
cobyla,local_global,79,80.0,0.4418507191806361,-4.430807409452172,0
cobyla,local_global,80,81.0,0.4412055694603029,-4.433594062849326,0
cobyla,local_global,81,82.0,0.4412055694603029,-4.433594062849326,0
cobyla,local_global,82,83.0,0.4412055694603029,-4.433594062849326,0
cobyla,local_global,83,84.0,0.4412055694603029,-4.433594062849326,0
cobyla,local_global,84,85.0,0.4412055694603029,-4.433594062849326,0
cobyla,local_global,85,86.0,0.44039755763536576,-4.420199043891346,0
cobyla,local_global,86,87.0,0.44039755763536576,-4.420199043891346,0
cobyla,local_global,87,88.0,0.44039755763536576,-4.420199043891346,0
cobyla,local_global,88,89.0,0.44039755763536576,-4.420199043891346,0
cobyla,local_global,89,90.0,0.44039755763536576,-4.420199043891346,0
cobyla,local_global,90,91.0,0.44039755763536576,-4.420199043891346,0
cobyla,local_global,91,92.0,0.44039755763536576,-4.420199043891346,0
cobyla,local_global,92,93.0,0.43843281529063277,-4.421551399433868,0
cobyla,local_global,93,94.0,0.43843281529063277,-4.421551399433868,0
cobyla,local_global,94,95.0,0.43843281529063277,-4.421551399433868,0
cobyla,local_global,95,96.0,0.43843281529063277,-4.421551399433868,0
cobyla,local_global,96,97.0,0.43843281529063277,-4.421551399433868,0
cobyla,local_global,97,98.0,0.43843281529063277,-4.421551399433868,0
cobyla,local_global,98,99.0,0.43843281529063266,-4.424574853402978,0
cobyla,local_global,99,100.0,0.43843281529063266,-4.424574853402978,0
cobyla,local_global,100,101.0,0.43843281529063266,-4.424574853402978,0
cobyla,local_global,101,102.0,0.43843281529063266,-4.424574853402978,0
cobyla,local_global,102,103.0,0.43843281529063266,-4.424574853402978,0
cobyla,local_global,103,104.0,0.43843281529063266,-4.424574853402978,0
cobyla,local_global,104,105.0,0.4384328152906326,-4.421836800462057,0
cobyla,local_global,105,106.0,0.4384328152906326,-4.421836800462057,0
cobyla,local_global,106,107.0,0.4384328152906326,-4.421836800462057,0
cobyla,local_global,107,108.0,0.4384328152906326,-4.421836800462057,0
cobyla,local_global,108,109.0,0.4384328152906326,-4.421836800462057,0
cobyla,local_global,109,110.0,0.43000093231232633,-4.448291588127209,0
cobyla,local_global,110,111.0,0.43000093231232633,-4.448291588127209,0
cobyla,local_global,111,112.0,0.42732426310266575,-4.459807885942903,0
cobyla,local_global,112,113.0,0.42732426310266575,-4.459807885942903,0
cobyla,local_global,113,114.0,0.42732426310266575,-4.459807885942903,0
cobyla,local_global,114,115.0,0.42732426310266575,-4.459807885942903,0
cobyla,local_global,115,116.0,0.42732426310266575,-4.459807885942903,0
cobyla,local_global,116,117.0,0.42732426310266575,-4.459807885942903,0
cobyla,local_global,117,118.0,0.42732426310266575,-4.459807885942903,0
cobyla,local_global,118,119.0,0.42732426310266575,-4.459807885942903,0
cobyla,local_global,119,120.0,0.42732426310266575,-4.459807885942903,0
cobyla,local_global,120,121.0,0.42732426310266575,-4.459807885942903,0
cobyla,local_global,121,122.0,0.3994242470328911,-4.6041735571526194,0
cobyla,local_global,122,123.0,0.3994242470328911,-4.6041735571526194,0
cobyla,local_global,123,124.0,0.3994242470328911,-4.6041735571526194,0
cobyla,local_global,124,125.0,0.3994242470328911,-4.6041735571526194,0
cobyla,local_global,125,126.0,0.39928815454183214,-4.592898392392105,0
cobyla,local_global,126,127.0,0.39928815454183214,-4.592898392392105,0
cobyla,local_global,127,128.0,0.39928815454183214,-4.592898392392105,0
cobyla,local_global,128,129.0,0.39928815454183214,-4.592898392392105,0
cobyla,local_global,129,130.0,0.39498846508381863,-4.6922627519192,0
cobyla,local_global,130,131.0,-4.6922627519192,-4.6922627519192,1
cobyla,local_global,131,132.0,-4.695754446922003,-4.695754446922003,0
cobyla,local_global,132,133.0,-4.695754446922003,-4.695754446922003,0
cobyla,local_global,133,134.0,-4.695754446922003,-4.695754446922003,0
cobyla,local_global,134,135.0,-4.695754446922003,-4.695754446922003,0
cobyla,local_global,135,136.0,-4.695754446922003,-4.695754446922003,0
cobyla,local_global,136,137.0,-4.695754446922003,-4.695754446922003,0
cobyla,local_global,137,138.0,-4.695754446922003,-4.695754446922003,0
cobyla,local_global,138,139.0,-4.793405428400956,-4.793405428400956,0
cobyla,local_global,139,140.0,-4.793405428400956,-4.793405428400956,0
cobyla,local_global,140,141.0,-4.793405428400956,-4.793405428400956,0
cobyla,local_global,141,142.0,-4.793405428400956,-4.793405428400956,0
cobyla,local_global,142,143.0,-4.793405428400956,-4.793405428400956,0
cobyla,local_global,143,144.0,-4.793405428400956,-4.793405428400956,0
cobyla,local_global,144,145.0,-4.793405428400956,-4.793405428400956,0
cobyla,local_global,145,146.0,-4.793405428400956,-4.793405428400956,0
cobyla,local_global,146,147.0,-4.793405428400956,-4.793405428400956,0
cobyla,local_global,147,148.0,-4.793405428400956,-4.793405428400956,0
cobyla,local_global,148,149.0,-4.793405428400956,-4.793405428400956,0
cobyla,local_global,149,150.0,-4.793405428400956,-4.793405428400956,0
cobyla,local_global,150,151.0,-4.793427695107459,-4.793427695107459,0
cobyla,local_global,151,152.0,-4.793427695107459,-4.793427695107459,0
cobyla,local_global,152,153.0,-4.795554736667062,-4.795554736667062,0
cobyla,local_global,153,154.0,-4.795554736667062,-4.795554736667062,0
cobyla,local_global,154,155.0,-4.829689928583427,-4.829689928583427,0
cobyla,local_global,155,156.0,-4.829689928583427,-4.829689928583427,0
cobyla,local_global,156,157.0,-4.829689928583427,-4.829689928583427,0
cobyla,local_global,157,158.0,-4.829689928583427,-4.829689928583427,0
cobyla,local_global,158,159.0,-4.829689928583427,-4.829689928583427,0
cobyla,local_global,159,160.0,-4.829689928583427,-4.829689928583427,0
cobyla,local_global,160,161.0,-4.829689928583427,-4.829689928583427,0
cobyla,local_global,161,162.0,-4.829689928583427,-4.829689928583427,0
cobyla,local_global,162,163.0,-4.829689928583427,-4.829689928583427,0
cobyla,local_global,163,164.0,-4.829689928583427,-4.829689928583427,0
cobyla,local_global,164,165.0,-4.929966612888043,-4.929966612888043,0
cobyla,local_global,165,166.0,-4.929966612888043,-4.929966612888043,0
cobyla,local_global,166,167.0,-4.929966612888043,-4.929966612888043,0
cobyla,local_global,167,168.0,-4.929966612888043,-4.929966612888043,0
cobyla,local_global,168,169.0,-4.929966612888043,-4.929966612888043,0
cobyla,local_global,169,170.0,-4.929966612888043,-4.929966612888043,0
cobyla,local_global,170,171.0,-4.929966612888043,-4.929966612888043,0
cobyla,local_global,171,172.0,-4.929966612888043,-4.929966612888043,0
cobyla,local_global,172,173.0,-4.929966612888043,-4.929966612888043,0
cobyla,local_global,173,174.0,-4.929966612888043,-4.929966612888043,0
cobyla,local_global,174,175.0,-4.929966612888043,-4.929966612888043,0
cobyla,local_global,175,176.0,-4.929966612888043,-4.929966612888043,0
cobyla,local_global,176,177.0,-4.929966612888043,-4.929966612888043,0
cobyla,local_global,177,178.0,-4.929966612888043,-4.929966612888043,0
cobyla,local_global,178,179.0,-4.986493649579081,-4.986493649579081,0
cobyla,local_global,179,180.0,-4.986493649579081,-4.986493649579081,0
cobyla,local_global,180,181.0,-4.997086791238453,-4.997086791238453,0
cobyla,local_global,181,182.0,-4.997086791238453,-4.997086791238453,0
cobyla,local_global,182,183.0,-4.997086791238453,-4.997086791238453,0
cobyla,local_global,183,184.0,-4.997086791238453,-4.997086791238453,0
cobyla,local_global,184,185.0,-4.997086791238453,-4.997086791238453,0
cobyla,local_global,185,186.0,-4.997086791238453,-4.997086791238453,0
cobyla,local_global,186,187.0,-4.997086791238453,-4.997086791238453,0
cobyla,local_global,187,188.0,-4.997086791238453,-4.997086791238453,0
cobyla,local_global,188,189.0,-5.0055775532437705,-5.0055775532437705,0
cobyla,local_global,189,190.0,-5.0055775532437705,-5.0055775532437705,0
cobyla,local_global,190,191.0,-5.0055775532437705,-5.0055775532437705,0
cobyla,local_global,191,192.0,-5.0055775532437705,-5.0055775532437705,0
cobyla,local_global,192,193.0,-5.0055775532437705,-5.0055775532437705,0
cobyla,local_global,193,194.0,-5.0055775532437705,-5.0055775532437705,0
cobyla,local_global,194,195.0,-5.0055775532437705,-5.0055775532437705,0
cobyla,local_global,195,196.0,-5.0055775532437705,-5.0055775532437705,0
cobyla,local_global,196,197.0,-5.0055775532437705,-5.0055775532437705,0
cobyla,local_global,197,198.0,-5.0055775532437705,-5.0055775532437705,0
cobyla,local_global,198,199.0,-5.0055775532437705,-5.0055775532437705,0
cobyla,local_global,199,200.0,-5.0055775532437705,-5.0055775532437705,0
cobyla,local_global,200,201.0,-5.0055775532437705,-5.0055775532437705,0
cobyla,local_global,201,202.0,-5.0055775532437705,-5.0055775532437705,0
cobyla,local_global,202,203.0,-5.0055775532437705,-5.0055775532437705,0
cobyla,local_global,203,204.0,-5.0055775532437705,-5.0055775532437705,0
cobyla,local_global,204,205.0,-5.0055775532437705,-5.0055775532437705,0
cobyla,local_global,205,206.0,-5.0055775532437705,-5.0055775532437705,0
cobyla,local_global,206,207.0,-5.0055775532437705,-5.0055775532437705,0
cobyla,local_global,207,208.0,-5.0055775532437705,-5.0055775532437705,0
cobyla,local_global,208,209.0,-5.0055775532437705,-5.0055775532437705,0
cobyla,local_global,209,210.0,-5.010847162679479,-5.010847162679479,0
cobyla,local_global,210,211.0,-5.010847162679479,-5.010847162679479,0
cobyla,local_global,211,212.0,-5.010847162679479,-5.010847162679479,0
cobyla,local_global,212,213.0,-5.010847162679479,-5.010847162679479,0
cobyla,local_global,213,214.0,-5.010847162679479,-5.010847162679479,0
cobyla,local_global,214,215.0,-5.010847162679479,-5.010847162679479,0
cobyla,local_global,215,216.0,-5.010847162679479,-5.010847162679479,0
cobyla,local_global,216,217.0,-5.010847162679479,-5.010847162679479,0
cobyla,local_global,217,218.0,-5.010847162679479,-5.010847162679479,0
cobyla,local_global,218,219.0,-5.017584844162379,-5.017584844162379,0
cobyla,local_global,219,220.0,-5.017584844162379,-5.017584844162379,0
cobyla,local_global,220,221.0,-5.017584844162379,-5.017584844162379,0
cobyla,local_global,221,222.0,-5.017584844162379,-5.017584844162379,0
cobyla,local_global,222,223.0,-5.017584844162379,-5.017584844162379,0
cobyla,local_global,223,224.0,-5.017584844162379,-5.017584844162379,0
cobyla,local_global,224,225.0,-5.017584844162379,-5.017584844162379,0
cobyla,local_global,225,226.0,-5.017584844162379,-5.017584844162379,0
cobyla,local_global,226,227.0,-5.017584844162379,-5.017584844162379,0
cobyla,local_global,227,228.0,-5.017584844162379,-5.017584844162379,0
cobyla,local_global,228,229.0,-5.017752475984147,-5.017752475984147,0
cobyla,local_global,229,230.0,-5.017752475984147,-5.017752475984147,0
cobyla,local_global,230,231.0,-5.019907405668841,-5.019907405668841,0
cobyla,local_global,231,232.0,-5.019907405668841,-5.019907405668841,0
cobyla,local_global,232,233.0,-5.025535065227347,-5.025535065227347,0
cobyla,local_global,233,234.0,-5.025535065227347,-5.025535065227347,0
cobyla,local_global,234,235.0,-5.031748117343566,-5.031748117343566,0
cobyla,local_global,235,236.0,-5.031748117343566,-5.031748117343566,0
cobyla,local_global,236,237.0,-5.031748117343566,-5.031748117343566,0
cobyla,local_global,237,238.0,-5.031748117343566,-5.031748117343566,0
cobyla,local_global,238,239.0,-5.031748117343566,-5.031748117343566,0
cobyla,local_global,239,240.0,-5.031748117343566,-5.031748117343566,0
cobyla,local_global,240,241.0,-5.031748117343566,-5.031748117343566,0
cobyla,local_global,241,242.0,-5.031748117343566,-5.031748117343566,0
cobyla,local_global,242,243.0,-5.031748117343566,-5.031748117343566,0
cobyla,local_global,243,244.0,-5.031748117343566,-5.031748117343566,0
cobyla,local_global,244,245.0,-5.032639058362468,-5.032639058362468,0
cobyla,local_global,245,246.0,-5.039814496507855,-5.039814496507855,0
cobyla,local_global,246,247.0,-5.039814496507855,-5.039814496507855,0
cobyla,local_global,247,248.0,-5.039814496507855,-5.039814496507855,0
cobyla,local_global,248,249.0,-5.039814496507855,-5.039814496507855,0
cobyla,local_global,249,250.0,-5.039814496507855,-5.039814496507855,0
cobyla,local_global,250,251.0,-5.039814496507855,-5.039814496507855,0
cobyla,local_global,251,252.0,-5.114357385742697,-5.114357385742697,0
cobyla,local_global,252,253.0,-5.114357385742697,-5.114357385742697,0
cobyla,local_global,253,254.0,-5.114357385742697,-5.114357385742697,0
cobyla,local_global,254,255.0,-5.114357385742697,-5.114357385742697,0
cobyla,local_global,255,256.0,-5.114357385742697,-5.114357385742697,0
cobyla,local_global,256,257.0,-5.114357385742697,-5.114357385742697,0
cobyla,local_global,257,258.0,-5.114357385742697,-5.114357385742697,0
cobyla,local_global,258,259.0,-5.114357385742697,-5.114357385742697,0
cobyla,local_global,259,260.0,-5.114357385742697,-5.114357385742697,0
cobyla,local_global,260,261.0,-5.114357385742697,-5.114357385742697,0
cobyla,local_global,261,262.0,-5.114357385742697,-5.114357385742697,0
cobyla,local_global,262,263.0,-5.114357385742697,-5.114357385742697,0
cobyla,local_global,263,264.0,-5.114357385742697,-5.114357385742697,0
cobyla,local_global,264,265.0,-5.114357385742697,-5.114357385742697,0
cobyla,local_global,265,266.0,-5.114357385742697,-5.114357385742697,0
cobyla,local_global,266,267.0,-5.114357385742697,-5.114357385742697,0
cobyla,local_global,267,268.0,-5.114357385742697,-5.114357385742697,0
cobyla,local_global,268,269.0,-5.114357385742697,-5.114357385742697,0
cobyla,local_global,269,270.0,-5.114357385742697,-5.114357385742697,0
cobyla,local_global,270,271.0,-5.120315466171821,-5.120315466171821,0
cobyla,local_global,271,272.0,-5.120315466171821,-5.120315466171821,0
cobyla,local_global,272,273.0,-5.120315466171821,-5.120315466171821,0
cobyla,local_global,273,274.0,-5.120315466171821,-5.120315466171821,0
cobyla,local_global,274,275.0,-5.123171138827009,-5.123171138827009,0
cobyla,local_global,275,276.0,-5.123171138827009,-5.123171138827009,0
cobyla,local_global,276,277.0,-5.123171138827009,-5.123171138827009,0
cobyla,local_global,277,278.0,-5.123171138827009,-5.123171138827009,0
cobyla,local_global,278,279.0,-5.123171138827009,-5.123171138827009,0
cobyla,local_global,279,280.0,-5.123171138827009,-5.123171138827009,0
cobyla,local_global,280,281.0,-5.123171138827009,-5.123171138827009,0
cobyla,local_global,281,282.0,-5.123171138827009,-5.123171138827009,0
cobyla,local_global,282,283.0,-5.123171138827009,-5.123171138827009,0
cobyla,local_global,283,284.0,-5.123171138827009,-5.123171138827009,0
cobyla,local_global,284,285.0,-5.123171138827009,-5.123171138827009,0
cobyla,local_global,285,286.0,-5.123171138827009,-5.123171138827009,0
cobyla,local_global,286,287.0,-5.123171138827009,-5.123171138827009,0
cobyla,local_global,287,288.0,-5.123171138827009,-5.123171138827009,0
cobyla,local_global,288,289.0,-5.123171138827009,-5.123171138827009,0
cobyla,local_global,289,290.0,-5.123171138827009,-5.123171138827009,0
cobyla,local_global,290,291.0,-5.123171138827009,-5.123171138827009,0
cobyla,local_global,291,292.0,-5.123171138827009,-5.123171138827009,0
cobyla,local_global,292,293.0,-5.123171138827009,-5.123171138827009,0
cobyla,local_global,293,294.0,-5.123171138827009,-5.123171138827009,0
cobyla,local_global,294,295.0,-5.123171138827009,-5.123171138827009,0
cobyla,local_global,295,296.0,-5.123171138827009,-5.123171138827009,0
cobyla,local_global,296,297.0,-5.123171138827009,-5.123171138827009,0
cobyla,local_global,297,298.0,-5.123171138827009,-5.123171138827009,0
cobyla,local_global,298,299.0,-5.134404559851507,-5.134404559851507,0
cobyla,local_global,299,300.0,-5.134404559851507,-5.134404559851507,0
cobyla,local_global,300,301.0,-5.134404559851507,-5.134404559851507,0
cobyla,local_global,301,302.0,-5.134404559851507,-5.134404559851507,0
cobyla,local_global,302,303.0,-5.134404559851507,-5.134404559851507,0
cobyla,local_global,303,304.0,-5.134404559851507,-5.134404559851507,0
cobyla,local_global,304,305.0,-5.134404559851507,-5.134404559851507,0
cobyla,local_global,305,306.0,-5.134404559851507,-5.134404559851507,0
cobyla,local_global,306,307.0,-5.147535456450218,-5.147535456450218,0
cobyla,local_global,307,308.0,-5.147535456450218,-5.147535456450218,0
cobyla,local_global,308,309.0,-5.147535456450218,-5.147535456450218,0
cobyla,local_global,309,310.0,-5.147535456450218,-5.147535456450218,0
cobyla,local_global,310,311.0,-5.197475667350983,-5.197475667350983,0
cobyla,local_global,311,312.0,-5.197475667350983,-5.197475667350983,0
cobyla,local_global,312,313.0,-5.248136981942948,-5.248136981942948,0
cobyla,local_global,313,314.0,-5.248136981942948,-5.248136981942948,0
cobyla,local_global,314,315.0,-5.248136981942948,-5.248136981942948,0
cobyla,local_global,315,316.0,-5.248136981942948,-5.248136981942948,0
cobyla,local_global,316,317.0,-5.248136981942948,-5.248136981942948,0
cobyla,local_global,317,318.0,-5.248136981942948,-5.248136981942948,0
cobyla,local_global,318,319.0,-5.248136981942948,-5.248136981942948,0
cobyla,local_global,319,320.0,-5.248136981942948,-5.248136981942948,0
cobyla,local_global,320,321.0,-5.250416189406095,-5.250416189406095,0
cobyla,local_global,321,322.0,-5.250416189406095,-5.250416189406095,0
cobyla,local_global,322,323.0,-5.250416189406095,-5.250416189406095,0
cobyla,local_global,323,324.0,-5.250416189406095,-5.250416189406095,0
cobyla,local_global,324,325.0,-5.250416189406095,-5.250416189406095,0
cobyla,local_global,325,326.0,-5.250416189406095,-5.250416189406095,0
cobyla,local_global,326,327.0,-5.250416189406095,-5.250416189406095,0
cobyla,local_global,327,328.0,-5.26654616749184,-5.26654616749184,0
cobyla,local_global,328,329.0,-5.269745263802253,-5.269745263802253,0
cobyla,local_global,329,330.0,-5.298911783692403,-5.298911783692403,0
cobyla,local_global,330,331.0,-5.298911783692403,-5.298911783692403,0
cobyla,local_global,331,332.0,-5.298911783692403,-5.298911783692403,0
cobyla,local_global,332,333.0,-5.298911783692403,-5.298911783692403,0
cobyla,local_global,333,334.0,-5.298911783692403,-5.298911783692403,0
cobyla,local_global,334,335.0,-5.298911783692403,-5.298911783692403,0
cobyla,local_global,335,336.0,-5.298911783692403,-5.298911783692403,0
cobyla,local_global,336,337.0,-5.299234591854797,-5.299234591854797,0
cobyla,local_global,337,338.0,-5.299234591854797,-5.299234591854797,0
cobyla,local_global,338,339.0,-5.299234591854797,-5.299234591854797,0
cobyla,local_global,339,340.0,-5.299234591854797,-5.299234591854797,0
cobyla,local_global,340,341.0,-5.304399406644282,-5.304399406644282,0
cobyla,local_global,341,342.0,-5.304399406644282,-5.304399406644282,0
cobyla,local_global,342,343.0,-5.306385339069381,-5.306385339069381,0
cobyla,local_global,343,344.0,-5.306385339069381,-5.306385339069381,0
cobyla,local_global,344,345.0,-5.306385339069381,-5.306385339069381,0
cobyla,local_global,345,346.0,-5.306385339069381,-5.306385339069381,0
cobyla,local_global,346,347.0,-5.306385339069381,-5.306385339069381,0
cobyla,local_global,347,348.0,-5.306385339069381,-5.306385339069381,0
cobyla,local_global,348,349.0,-5.306385339069381,-5.306385339069381,0
cobyla,local_global,349,350.0,-5.306385339069381,-5.306385339069381,0
cobyla,local_global,350,351.0,-5.307695260328352,-5.307695260328352,0
cobyla,local_global,351,352.0,-5.307695260328352,-5.307695260328352,0
cobyla,local_global,352,353.0,-5.3083919264066415,-5.3083919264066415,0
cobyla,local_global,353,354.0,-5.3083919264066415,-5.3083919264066415,0
cobyla,local_global,354,355.0,-5.3083919264066415,-5.3083919264066415,0
cobyla,local_global,355,356.0,-5.3083919264066415,-5.3083919264066415,0
cobyla,local_global,356,357.0,-5.3083919264066415,-5.3083919264066415,0
cobyla,local_global,357,358.0,-5.3083919264066415,-5.3083919264066415,0
cobyla,local_global,358,359.0,-5.315654960622041,-5.315654960622041,0
cobyla,local_global,359,360.0,-5.322132960813456,-5.322132960813456,0
cobyla,local_global,360,361.0,-5.322132960813456,-5.322132960813456,0
cobyla,local_global,361,362.0,-5.322132960813456,-5.322132960813456,0
cobyla,local_global,362,363.0,-5.322132960813456,-5.322132960813456,0
cobyla,local_global,363,364.0,-5.322132960813456,-5.322132960813456,0
cobyla,local_global,364,365.0,-5.322132960813456,-5.322132960813456,0
cobyla,local_global,365,366.0,-5.322132960813456,-5.322132960813456,0
cobyla,local_global,366,367.0,-5.323183174202041,-5.323183174202041,0
cobyla,local_global,367,368.0,-5.333957325323339,-5.333957325323339,0
cobyla,local_global,368,369.0,-5.334609082337708,-5.334609082337708,0
cobyla,local_global,369,370.0,-5.334609082337708,-5.334609082337708,0
cobyla,local_global,370,371.0,-5.334609082337708,-5.334609082337708,0
cobyla,local_global,371,372.0,-5.334609082337708,-5.334609082337708,0
cobyla,local_global,372,373.0,-5.334609082337708,-5.334609082337708,0
cobyla,local_global,373,374.0,-5.334609082337708,-5.334609082337708,0
cobyla,local_global,374,375.0,-5.334609082337708,-5.334609082337708,0
cobyla,local_global,375,376.0,-5.334609082337708,-5.334609082337708,0
cobyla,local_global,376,377.0,-5.334609082337708,-5.334609082337708,0
cobyla,local_global,377,378.0,-5.334609082337708,-5.334609082337708,0
cobyla,local_global,378,379.0,-5.3373905184601576,-5.3373905184601576,0
cobyla,local_global,379,380.0,-5.3373905184601576,-5.3373905184601576,0
cobyla,local_global,380,381.0,-5.3373905184601576,-5.3373905184601576,0
cobyla,local_global,381,382.0,-5.3373905184601576,-5.3373905184601576,0
cobyla,local_global,382,383.0,-5.3373905184601576,-5.3373905184601576,0
cobyla,local_global,383,384.0,-5.3373905184601576,-5.3373905184601576,0
cobyla,local_global,384,385.0,-5.3373905184601576,-5.3373905184601576,0
cobyla,local_global,385,386.0,-5.3373905184601576,-5.3373905184601576,0
cobyla,local_global,386,387.0,-5.3373905184601576,-5.3373905184601576,0
cobyla,local_global,387,388.0,-5.3373905184601576,-5.3373905184601576,0
cobyla,local_global,388,389.0,-5.339781333769966,-5.339781333769966,0
cobyla,local_global,389,390.0,-5.339781333769966,-5.339781333769966,0
cobyla,local_global,390,391.0,-5.339781333769966,-5.339781333769966,0
cobyla,local_global,391,392.0,-5.339781333769966,-5.339781333769966,0
cobyla,local_global,392,393.0,-5.339781333769966,-5.339781333769966,0
cobyla,local_global,393,394.0,-5.339781333769966,-5.339781333769966,0
cobyla,local_global,394,395.0,-5.339781333769966,-5.339781333769966,0
cobyla,local_global,395,396.0,-5.339781333769966,-5.339781333769966,0
cobyla,local_global,396,397.0,-5.339781333769966,-5.339781333769966,0
cobyla,local_global,397,398.0,-5.339781333769966,-5.339781333769966,0
cobyla,local_global,398,399.0,-5.339781333769966,-5.339781333769966,0
cobyla,local_global,399,400.0,-5.339781333769966,-5.339781333769966,0
cobyla,local_global,400,401.0,-5.339781333769966,-5.339781333769966,0
cobyla,local_global,401,402.0,-5.339781333769966,-5.339781333769966,0
cobyla,local_global,402,403.0,-5.356424142064446,-5.356424142064446,0
cobyla,local_global,403,404.0,-5.356424142064446,-5.356424142064446,0
cobyla,local_global,404,405.0,-5.356424142064446,-5.356424142064446,0
cobyla,local_global,405,406.0,-5.356424142064446,-5.356424142064446,0
cobyla,local_global,406,407.0,-5.356424142064446,-5.356424142064446,0
cobyla,local_global,407,408.0,-5.356424142064446,-5.356424142064446,0
cobyla,local_global,408,409.0,-5.356424142064446,-5.356424142064446,0
cobyla,local_global,409,410.0,-5.356424142064446,-5.356424142064446,0
cobyla,local_global,410,411.0,-5.356424142064446,-5.356424142064446,0
cobyla,local_global,411,412.0,-5.356424142064446,-5.356424142064446,0
cobyla,local_global,412,413.0,-5.356424142064446,-5.356424142064446,0
cobyla,local_global,413,414.0,-5.356424142064446,-5.356424142064446,0
cobyla,local_global,414,415.0,-5.356424142064446,-5.356424142064446,0
cobyla,local_global,415,416.0,-5.356424142064446,-5.356424142064446,0
cobyla,local_global,416,417.0,-5.356424142064446,-5.356424142064446,0
cobyla,local_global,417,418.0,-5.356424142064446,-5.356424142064446,0
cobyla,local_global,418,419.0,-5.356424142064446,-5.356424142064446,0
cobyla,local_global,419,420.0,-5.356424142064446,-5.356424142064446,0
cobyla,local_global,420,421.0,-5.356424142064446,-5.356424142064446,0
cobyla,local_global,421,422.0,-5.356424142064446,-5.356424142064446,0
cobyla,local_global,422,423.0,-5.371892046207144,-5.371892046207144,0
cobyla,local_global,423,424.0,-5.371892046207144,-5.371892046207144,0
cobyla,local_global,424,425.0,-5.371892046207144,-5.371892046207144,0
cobyla,local_global,425,426.0,-5.371892046207144,-5.371892046207144,0
cobyla,local_global,426,427.0,-5.371892046207144,-5.371892046207144,0
cobyla,local_global,427,428.0,-5.371892046207144,-5.371892046207144,0
cobyla,local_global,428,429.0,-5.371892046207144,-5.371892046207144,0
cobyla,local_global,429,430.0,-5.371892046207144,-5.371892046207144,0
cobyla,local_global,430,431.0,-5.371892046207144,-5.371892046207144,0
cobyla,local_global,431,432.0,-5.371892046207144,-5.371892046207144,0
cobyla,local_global,432,433.0,-5.371892046207144,-5.371892046207144,0
cobyla,local_global,433,434.0,-5.371892046207144,-5.371892046207144,0
cobyla,local_global,434,435.0,-5.371892046207144,-5.371892046207144,0
cobyla,local_global,435,436.0,-5.371892046207144,-5.371892046207144,0
cobyla,local_global,436,437.0,-5.371892046207144,-5.371892046207144,0
cobyla,local_global,437,438.0,-5.371892046207144,-5.371892046207144,0
cobyla,local_global,438,439.0,-5.371892046207144,-5.371892046207144,0
cobyla,local_global,439,440.0,-5.371892046207144,-5.371892046207144,0
cobyla,local_global,440,441.0,-5.371892046207144,-5.371892046207144,0
cobyla,local_global,441,442.0,-5.371892046207144,-5.371892046207144,0
cobyla,local_global,442,443.0,-5.371892046207144,-5.371892046207144,0
cobyla,local_global,443,444.0,-5.371892046207144,-5.371892046207144,0
cobyla,local_global,444,445.0,-5.371892046207144,-5.371892046207144,0
cobyla,local_global,445,446.0,-5.371892046207144,-5.371892046207144,0
cobyla,local_global,446,447.0,-5.371892046207144,-5.371892046207144,0
cobyla,local_global,447,448.0,-5.371892046207144,-5.371892046207144,0
cobyla,local_global,448,449.0,-5.382698142756888,-5.382698142756888,0
cobyla,local_global,449,450.0,-5.382698142756888,-5.382698142756888,0
cobyla,local_global,450,451.0,-5.388987043655405,-5.388987043655405,0
cobyla,local_global,451,452.0,-5.388987043655405,-5.388987043655405,0
cobyla,local_global,452,453.0,-5.388987043655405,-5.388987043655405,0
cobyla,local_global,453,454.0,-5.388987043655405,-5.388987043655405,0
cobyla,local_global,454,455.0,-5.388987043655405,-5.388987043655405,0
cobyla,local_global,455,456.0,-5.388987043655405,-5.388987043655405,0
cobyla,local_global,456,457.0,-5.410450978471463,-5.410450978471463,0
cobyla,local_global,457,458.0,-5.410450978471463,-5.410450978471463,0
cobyla,local_global,458,459.0,-5.410450978471463,-5.410450978471463,0
cobyla,local_global,459,460.0,-5.410450978471463,-5.410450978471463,0
cobyla,local_global,460,461.0,-5.410450978471463,-5.410450978471463,0
cobyla,local_global,461,462.0,-5.410450978471463,-5.410450978471463,0
cobyla,local_global,462,463.0,-5.410450978471463,-5.410450978471463,0
cobyla,local_global,463,464.0,-5.410450978471463,-5.410450978471463,0
cobyla,local_global,464,465.0,-5.411762306933319,-5.411762306933319,0
cobyla,local_global,465,466.0,-5.411762306933319,-5.411762306933319,0
cobyla,local_global,466,467.0,-5.411762306933319,-5.411762306933319,0
cobyla,local_global,467,468.0,-5.411762306933319,-5.411762306933319,0
cobyla,local_global,468,469.0,-5.411762306933319,-5.411762306933319,0
cobyla,local_global,469,470.0,-5.411762306933319,-5.411762306933319,0
cobyla,local_global,470,471.0,-5.4118363932248466,-5.4118363932248466,0
cobyla,local_global,471,472.0,-5.4118363932248466,-5.4118363932248466,0
cobyla,local_global,472,473.0,-5.424496990830568,-5.424496990830568,0
cobyla,local_global,473,474.0,-5.424496990830568,-5.424496990830568,0
cobyla,local_global,474,475.0,-5.424496990830568,-5.424496990830568,0
cobyla,local_global,475,476.0,-5.429521057623309,-5.429521057623309,0
cobyla,local_global,476,477.0,-5.429521057623309,-5.429521057623309,0
cobyla,local_global,477,478.0,-5.429521057623309,-5.429521057623309,0
cobyla,local_global,478,479.0,-5.433091363564357,-5.433091363564357,0
cobyla,local_global,479,480.0,-5.433091363564357,-5.433091363564357,0
cobyla,local_global,480,481.0,-5.433091363564357,-5.433091363564357,0
cobyla,local_global,481,482.0,-5.433091363564357,-5.433091363564357,0
cobyla,local_global,482,483.0,-5.433091363564357,-5.433091363564357,0
cobyla,local_global,483,484.0,-5.433091363564357,-5.433091363564357,0
cobyla,local_global,484,485.0,-5.433091363564357,-5.433091363564357,0
cobyla,local_global,485,486.0,-5.433091363564357,-5.433091363564357,0
cobyla,local_global,486,487.0,-5.433332500786381,-5.433332500786381,0
cobyla,local_global,487,488.0,-5.433332500786381,-5.433332500786381,0
cobyla,local_global,488,489.0,-5.433332500786381,-5.433332500786381,0
cobyla,local_global,489,490.0,-5.433332500786381,-5.433332500786381,0
cobyla,local_global,490,491.0,-5.433332500786381,-5.433332500786381,0
cobyla,local_global,491,492.0,-5.433332500786381,-5.433332500786381,0
cobyla,local_global,492,493.0,-5.433332500786381,-5.433332500786381,0
cobyla,local_global,493,494.0,-5.433332500786381,-5.433332500786381,0
cobyla,local_global,494,495.0,-5.433332500786381,-5.433332500786381,0
cobyla,local_global,495,496.0,-5.433332500786381,-5.433332500786381,0
cobyla,local_global,496,497.0,-5.433332500786381,-5.433332500786381,0
cobyla,local_global,497,498.0,-5.433332500786381,-5.433332500786381,0
cobyla,local_global,498,499.0,-5.433332500786381,-5.433332500786381,0
cobyla,local_global,499,500.0,-5.433332500786381,-5.433332500786381,0
cobyla,local_global,500,501.0,-5.433332500786381,-5.433332500786381,0
cobyla,local_global,501,502.0,-5.451245652208591,-5.451245652208591,0
cobyla,local_global,502,503.0,-5.451245652208591,-5.451245652208591,0
cobyla,local_global,503,504.0,-5.451245652208591,-5.451245652208591,0
cobyla,local_global,504,505.0,-5.451245652208591,-5.451245652208591,0
cobyla,local_global,505,506.0,-5.451245652208591,-5.451245652208591,0
cobyla,local_global,506,507.0,-5.474609555285502,-5.474609555285502,0
cobyla,local_global,507,508.0,-5.474609555285502,-5.474609555285502,0
cobyla,local_global,508,509.0,-5.474609555285502,-5.474609555285502,0
cobyla,local_global,509,510.0,-5.474609555285502,-5.474609555285502,0
cobyla,local_global,510,511.0,-5.474609555285502,-5.474609555285502,0
cobyla,local_global,511,512.0,-5.474609555285502,-5.474609555285502,0
cobyla,local_global,512,513.0,-5.474609555285502,-5.474609555285502,0
cobyla,local_global,513,514.0,-5.474609555285502,-5.474609555285502,0
cobyla,local_global,514,515.0,-5.474609555285502,-5.474609555285502,0
cobyla,local_global,515,516.0,-5.474609555285502,-5.474609555285502,0
cobyla,local_global,516,517.0,-5.474609555285502,-5.474609555285502,0
cobyla,local_global,517,518.0,-5.474609555285502,-5.474609555285502,0
cobyla,local_global,518,519.0,-5.474609555285502,-5.474609555285502,0
cobyla,local_global,519,520.0,-5.474609555285502,-5.474609555285502,0
cobyla,local_global,520,521.0,-5.47637566379149,-5.47637566379149,0
cobyla,local_global,521,522.0,-5.47637566379149,-5.47637566379149,0
cobyla,local_global,522,523.0,-5.47637566379149,-5.47637566379149,0
cobyla,local_global,523,524.0,-5.47637566379149,-5.47637566379149,0
cobyla,local_global,524,525.0,-5.476895581624629,-5.476895581624629,0
cobyla,local_global,525,526.0,-5.476895581624629,-5.476895581624629,0
cobyla,local_global,526,527.0,-5.476895581624629,-5.476895581624629,0
cobyla,local_global,527,528.0,-5.476895581624629,-5.476895581624629,0
cobyla,local_global,528,529.0,-5.476895581624629,-5.476895581624629,0
cobyla,local_global,529,530.0,-5.476895581624629,-5.476895581624629,0
cobyla,local_global,530,531.0,-5.476895581624629,-5.476895581624629,0
cobyla,local_global,531,532.0,-5.476895581624629,-5.476895581624629,0
cobyla,local_global,532,533.0,-5.476895581624629,-5.476895581624629,0
cobyla,local_global,533,534.0,-5.476895581624629,-5.476895581624629,0
cobyla,local_global,534,535.0,-5.476895581624629,-5.476895581624629,0
cobyla,local_global,535,536.0,-5.476895581624629,-5.476895581624629,0
cobyla,local_global,536,537.0,-5.479180460496915,-5.479180460496915,0
cobyla,local_global,537,538.0,-5.479180460496915,-5.479180460496915,0
cobyla,local_global,538,539.0,-5.491154553272461,-5.491154553272461,0
cobyla,local_global,539,540.0,-5.491154553272461,-5.491154553272461,0
cobyla,local_global,540,541.0,-5.491154553272461,-5.491154553272461,0
cobyla,local_global,541,542.0,-5.491154553272461,-5.491154553272461,0
cobyla,local_global,542,543.0,-5.491154553272461,-5.491154553272461,0
cobyla,local_global,543,544.0,-5.491154553272461,-5.491154553272461,0
cobyla,local_global,544,545.0,-5.491154553272461,-5.491154553272461,0
cobyla,local_global,545,546.0,-5.491154553272461,-5.491154553272461,0
cobyla,local_global,546,547.0,-5.491154553272461,-5.491154553272461,0
cobyla,local_global,547,548.0,-5.491154553272461,-5.491154553272461,0
cobyla,local_global,548,549.0,-5.491154553272461,-5.491154553272461,0
cobyla,local_global,549,550.0,-5.491154553272461,-5.491154553272461,0
cobyla,local_global,550,551.0,-5.491154553272461,-5.491154553272461,0
cobyla,local_global,551,552.0,-5.491154553272461,-5.491154553272461,0
cobyla,local_global,552,553.0,-5.491154553272461,-5.491154553272461,0
cobyla,local_global,553,554.0,-5.491154553272461,-5.491154553272461,0
cobyla,local_global,554,555.0,-5.491154553272461,-5.491154553272461,0
cobyla,local_global,555,556.0,-5.491154553272461,-5.491154553272461,0
cobyla,local_global,556,557.0,-5.491154553272461,-5.491154553272461,0
cobyla,local_global,557,558.0,-5.491154553272461,-5.491154553272461,0
cobyla,local_global,558,559.0,-5.491154553272461,-5.491154553272461,0
cobyla,local_global,559,560.0,-5.491154553272461,-5.491154553272461,0
cobyla,local_global,560,561.0,-5.491154553272461,-5.491154553272461,0
cobyla,local_global,561,562.0,-5.491154553272461,-5.491154553272461,0
cobyla,local_global,562,563.0,-5.491154553272461,-5.491154553272461,0
cobyla,local_global,563,564.0,-5.491154553272461,-5.491154553272461,0
cobyla,local_global,564,565.0,-5.491154553272461,-5.491154553272461,0
cobyla,local_global,565,566.0,-5.491154553272461,-5.491154553272461,0
cobyla,local_global,566,567.0,-5.491154553272461,-5.491154553272461,0
cobyla,local_global,567,568.0,-5.491154553272461,-5.491154553272461,0
cobyla,local_global,568,569.0,-5.49895526625786,-5.49895526625786,0
cobyla,local_global,569,570.0,-5.49895526625786,-5.49895526625786,0
cobyla,local_global,570,571.0,-5.49895526625786,-5.49895526625786,0
cobyla,local_global,571,572.0,-5.49895526625786,-5.49895526625786,0
cobyla,local_global,572,573.0,-5.49895526625786,-5.49895526625786,0
cobyla,local_global,573,574.0,-5.49895526625786,-5.49895526625786,0
cobyla,local_global,574,575.0,-5.49895526625786,-5.49895526625786,0
cobyla,local_global,575,576.0,-5.49895526625786,-5.49895526625786,0
cobyla,local_global,576,577.0,-5.49895526625786,-5.49895526625786,0
cobyla,local_global,577,578.0,-5.49895526625786,-5.49895526625786,0
cobyla,local_global,578,579.0,-5.49895526625786,-5.49895526625786,0
cobyla,local_global,579,580.0,-5.49895526625786,-5.49895526625786,0
cobyla,local_global,580,581.0,-5.49895526625786,-5.49895526625786,0
cobyla,local_global,581,582.0,-5.49895526625786,-5.49895526625786,0
cobyla,local_global,582,583.0,-5.49895526625786,-5.49895526625786,0
cobyla,local_global,583,584.0,-5.49895526625786,-5.49895526625786,0
cobyla,local_global,584,585.0,-5.49895526625786,-5.49895526625786,0
cobyla,local_global,585,586.0,-5.49895526625786,-5.49895526625786,0
cobyla,local_global,586,587.0,-5.49895526625786,-5.49895526625786,0
cobyla,local_global,587,588.0,-5.49895526625786,-5.49895526625786,0
cobyla,local_global,588,589.0,-5.49895526625786,-5.49895526625786,0
cobyla,local_global,589,590.0,-5.49895526625786,-5.49895526625786,0
cobyla,local_global,590,591.0,-5.49895526625786,-5.49895526625786,0
cobyla,local_global,591,592.0,-5.49895526625786,-5.49895526625786,0
cobyla,local_global,592,593.0,-5.49895526625786,-5.49895526625786,0
cobyla,local_global,593,594.0,-5.49895526625786,-5.49895526625786,0
cobyla,local_global,594,595.0,-5.49895526625786,-5.49895526625786,0
cobyla,local_global,595,596.0,-5.49895526625786,-5.49895526625786,0
cobyla,local_global,596,597.0,-5.49895526625786,-5.49895526625786,0
cobyla,local_global,597,598.0,-5.49895526625786,-5.49895526625786,0
cobyla,local_global,598,599.0,-5.49895526625786,-5.49895526625786,0
cobyla,local_global,599,600.0,-5.49895526625786,-5.49895526625786,0
cobyla,local_global,600,601.0,-5.49895526625786,-5.49895526625786,0
cobyla,local_global,601,602.0,-5.538518537190139,-5.538518537190139,0
cobyla,local_global,602,603.0,-5.538518537190139,-5.538518537190139,0
cobyla,local_global,603,604.0,-5.538518537190139,-5.538518537190139,0
cobyla,local_global,604,605.0,-5.538518537190139,-5.538518537190139,0
cobyla,local_global,605,606.0,-5.538518537190139,-5.538518537190139,0
cobyla,local_global,606,607.0,-5.538518537190139,-5.538518537190139,0
cobyla,local_global,607,608.0,-5.538518537190139,-5.538518537190139,0
cobyla,local_global,608,609.0,-5.540312280863222,-5.540312280863222,0
cobyla,local_global,609,610.0,-5.540312280863222,-5.540312280863222,0
cobyla,local_global,610,611.0,-5.557612449707101,-5.557612449707101,0
cobyla,local_global,611,612.0,-5.6785245413734176,-5.6785245413734176,0
cobyla,local_global,612,613.0,-5.6785245413734176,-5.6785245413734176,0
cobyla,local_global,613,614.0,-5.6850409367252475,-5.6850409367252475,0
cobyla,local_global,614,615.0,-5.6850409367252475,-5.6850409367252475,0
cobyla,local_global,615,616.0,-5.6850409367252475,-5.6850409367252475,0
cobyla,local_global,616,617.0,-5.685386439065983,-5.685386439065983,0
cobyla,local_global,617,618.0,-5.685386439065983,-5.685386439065983,0
cobyla,local_global,618,619.0,-5.685386439065983,-5.685386439065983,0
cobyla,local_global,619,620.0,-5.685386439065983,-5.685386439065983,0
cobyla,local_global,620,621.0,-5.685386439065983,-5.685386439065983,0
cobyla,local_global,621,622.0,-5.685386439065983,-5.685386439065983,0
cobyla,local_global,622,623.0,-5.685386439065983,-5.685386439065983,0
cobyla,local_global,623,624.0,-5.685386439065983,-5.685386439065983,0
cobyla,local_global,624,625.0,-5.685386439065983,-5.685386439065983,0
cobyla,local_global,625,626.0,-5.685386439065983,-5.685386439065983,0
cobyla,local_global,626,627.0,-5.685386439065983,-5.685386439065983,0
cobyla,local_global,627,628.0,-5.685386439065983,-5.685386439065983,0
cobyla,local_global,628,629.0,-5.685386439065983,-5.685386439065983,0
cobyla,local_global,629,630.0,-5.685386439065983,-5.685386439065983,0
cobyla,local_global,630,631.0,-5.685386439065983,-5.685386439065983,0
cobyla,local_global,631,632.0,-5.685386439065983,-5.685386439065983,0
cobyla,local_global,632,633.0,-5.685386439065983,-5.685386439065983,0
cobyla,local_global,633,634.0,-5.782157796347024,-5.782157796347024,0
cobyla,local_global,634,635.0,-5.782157796347024,-5.782157796347024,0
cobyla,local_global,635,636.0,-5.782157796347024,-5.782157796347024,0
cobyla,local_global,636,637.0,-5.782157796347024,-5.782157796347024,0
cobyla,local_global,637,638.0,-5.83053537267071,-5.83053537267071,0
cobyla,local_global,638,639.0,-5.83053537267071,-5.83053537267071,0
cobyla,local_global,639,640.0,-5.83053537267071,-5.83053537267071,0
cobyla,local_global,640,641.0,-5.83053537267071,-5.83053537267071,0
cobyla,local_global,641,642.0,-5.83053537267071,-5.83053537267071,0
cobyla,local_global,642,643.0,-5.84991354712125,-5.84991354712125,0
cobyla,local_global,643,644.0,-5.84991354712125,-5.84991354712125,0
cobyla,local_global,644,645.0,-5.84991354712125,-5.84991354712125,0
cobyla,local_global,645,646.0,-5.84991354712125,-5.84991354712125,0
cobyla,local_global,646,647.0,-5.84991354712125,-5.84991354712125,0
cobyla,local_global,647,648.0,-5.84991354712125,-5.84991354712125,0
cobyla,local_global,648,649.0,-5.88170668179646,-5.88170668179646,0
cobyla,local_global,649,650.0,-5.88170668179646,-5.88170668179646,0
cobyla,local_global,650,651.0,-5.88170668179646,-5.88170668179646,0
cobyla,local_global,651,652.0,-5.88170668179646,-5.88170668179646,0
cobyla,local_global,652,653.0,-5.88170668179646,-5.88170668179646,0
cobyla,local_global,653,654.0,-5.88170668179646,-5.88170668179646,0
cobyla,local_global,654,655.0,-5.88170668179646,-5.88170668179646,0
cobyla,local_global,655,656.0,-5.88170668179646,-5.88170668179646,0
cobyla,local_global,656,657.0,-5.8828249631519105,-5.8828249631519105,0
cobyla,local_global,657,658.0,-5.8828249631519105,-5.8828249631519105,0
cobyla,local_global,658,659.0,-5.8828249631519105,-5.8828249631519105,0
cobyla,local_global,659,660.0,-5.8828249631519105,-5.8828249631519105,0
cobyla,local_global,660,661.0,-5.8828249631519105,-5.8828249631519105,0
cobyla,local_global,661,662.0,-5.8828249631519105,-5.8828249631519105,0
cobyla,local_global,662,663.0,-5.8828249631519105,-5.8828249631519105,0
cobyla,local_global,663,664.0,-5.933550946150551,-5.933550946150551,0
cobyla,local_global,664,665.0,-5.933550946150551,-5.933550946150551,0
cobyla,local_global,665,666.0,-5.933550946150551,-5.933550946150551,0
cobyla,local_global,666,667.0,-5.933550946150551,-5.933550946150551,0
cobyla,local_global,667,668.0,-5.933550946150551,-5.933550946150551,0
cobyla,local_global,668,669.0,-5.933550946150551,-5.933550946150551,0
cobyla,local_global,669,670.0,-5.933550946150551,-5.933550946150551,0
cobyla,local_global,670,671.0,-5.992791183272883,-5.992791183272883,0
cobyla,local_global,671,672.0,-5.992791183272883,-5.992791183272883,0
cobyla,local_global,672,673.0,-5.992791183272883,-5.992791183272883,0
cobyla,local_global,673,674.0,-5.992791183272883,-5.992791183272883,0
cobyla,local_global,674,675.0,-5.992791183272883,-5.992791183272883,0
cobyla,local_global,675,676.0,-5.992791183272883,-5.992791183272883,0
cobyla,local_global,676,677.0,-5.992791183272883,-5.992791183272883,0
cobyla,local_global,677,678.0,-5.992791183272883,-5.992791183272883,0
cobyla,local_global,678,679.0,-5.992791183272883,-5.992791183272883,0
cobyla,local_global,679,680.0,-5.992791183272883,-5.992791183272883,0
cobyla,local_global,680,681.0,-5.992791183272883,-5.992791183272883,0
cobyla,local_global,681,682.0,-5.992791183272883,-5.992791183272883,0
cobyla,local_global,682,683.0,-6.007859381773886,-6.007859381773886,0
cobyla,local_global,683,684.0,-6.007859381773886,-6.007859381773886,0
cobyla,local_global,684,685.0,-6.014032008649762,-6.014032008649762,0
cobyla,local_global,685,686.0,-6.014032008649762,-6.014032008649762,0
cobyla,local_global,686,687.0,-6.014032008649762,-6.014032008649762,0
cobyla,local_global,687,688.0,-6.014032008649762,-6.014032008649762,0
cobyla,local_global,688,689.0,-6.014032008649762,-6.014032008649762,0
cobyla,local_global,689,690.0,-6.014032008649762,-6.014032008649762,0
cobyla,local_global,690,691.0,-6.014032008649762,-6.014032008649762,0
cobyla,local_global,691,692.0,-6.014032008649762,-6.014032008649762,0
cobyla,local_global,692,693.0,-6.014032008649762,-6.014032008649762,0
cobyla,local_global,693,694.0,-6.014032008649762,-6.014032008649762,0
cobyla,local_global,694,695.0,-6.014032008649762,-6.014032008649762,0
cobyla,local_global,695,696.0,-6.014032008649762,-6.014032008649762,0
cobyla,local_global,696,697.0,-6.014032008649762,-6.014032008649762,0
cobyla,local_global,697,698.0,-6.014032008649762,-6.014032008649762,0
cobyla,local_global,698,699.0,-6.014032008649762,-6.014032008649762,0
cobyla,local_global,699,700.0,-6.014032008649762,-6.014032008649762,0
cobyla,local_global,700,701.0,-6.014032008649762,-6.014032008649762,0
cobyla,local_global,701,702.0,-6.014032008649762,-6.014032008649762,0
cobyla,local_global,702,703.0,-6.050563326101033,-6.050563326101033,0
cobyla,local_global,703,704.0,-6.050563326101033,-6.050563326101033,0
cobyla,local_global,704,705.0,-6.050563326101033,-6.050563326101033,0
cobyla,local_global,705,706.0,-6.050563326101033,-6.050563326101033,0
cobyla,local_global,706,707.0,-6.050563326101033,-6.050563326101033,0
cobyla,local_global,707,708.0,-6.050563326101033,-6.050563326101033,0
cobyla,local_global,708,709.0,-6.050563326101033,-6.050563326101033,0
cobyla,local_global,709,710.0,-6.050563326101033,-6.050563326101033,0
cobyla,local_global,710,711.0,-6.050563326101033,-6.050563326101033,0
cobyla,local_global,711,712.0,-6.050563326101033,-6.050563326101033,0
cobyla,local_global,712,713.0,-6.050563326101033,-6.050563326101033,0
cobyla,local_global,713,714.0,-6.050563326101033,-6.050563326101033,0
cobyla,local_global,714,715.0,-6.050563326101033,-6.050563326101033,0
cobyla,local_global,715,716.0,-6.050563326101033,-6.050563326101033,0
cobyla,local_global,716,717.0,-6.050563326101033,-6.050563326101033,0
cobyla,local_global,717,718.0,-6.050563326101033,-6.050563326101033,0
cobyla,local_global,718,719.0,-6.056346112925785,-6.056346112925785,0
cobyla,local_global,719,720.0,-6.056346112925785,-6.056346112925785,0
cobyla,local_global,720,721.0,-6.056346112925785,-6.056346112925785,0
cobyla,local_global,721,722.0,-6.056346112925785,-6.056346112925785,0
cobyla,local_global,722,723.0,-6.06388084312393,-6.06388084312393,0
cobyla,local_global,723,724.0,-6.06388084312393,-6.06388084312393,0
cobyla,local_global,724,725.0,-6.06388084312393,-6.06388084312393,0
cobyla,local_global,725,726.0,-6.06388084312393,-6.06388084312393,0
cobyla,local_global,726,727.0,-6.070108156571246,-6.070108156571246,0
cobyla,local_global,727,728.0,-6.070108156571246,-6.070108156571246,0
cobyla,local_global,728,729.0,-6.070108156571246,-6.070108156571246,0
cobyla,local_global,729,730.0,-6.070108156571246,-6.070108156571246,0
cobyla,local_global,730,731.0,-6.07398533633408,-6.07398533633408,0
cobyla,local_global,731,732.0,-6.07398533633408,-6.07398533633408,0
cobyla,local_global,732,733.0,-6.07398533633408,-6.07398533633408,0
cobyla,local_global,733,734.0,-6.07398533633408,-6.07398533633408,0
cobyla,local_global,734,735.0,-6.07398533633408,-6.07398533633408,0
cobyla,local_global,735,736.0,-6.07398533633408,-6.07398533633408,0
cobyla,local_global,736,737.0,-6.07398533633408,-6.07398533633408,0
cobyla,local_global,737,738.0,-6.07398533633408,-6.07398533633408,0
cobyla,local_global,738,739.0,-6.07398533633408,-6.07398533633408,0
cobyla,local_global,739,740.0,-6.07398533633408,-6.07398533633408,0
cobyla,local_global,740,741.0,-6.07398533633408,-6.07398533633408,0
cobyla,local_global,741,742.0,-6.07398533633408,-6.07398533633408,0
cobyla,local_global,742,743.0,-6.087537022651106,-6.087537022651106,0
cobyla,local_global,743,744.0,-6.087537022651106,-6.087537022651106,0
cobyla,local_global,744,745.0,-6.087537022651106,-6.087537022651106,0
cobyla,local_global,745,746.0,-6.087537022651106,-6.087537022651106,0
cobyla,local_global,746,747.0,-6.087537022651106,-6.087537022651106,0
cobyla,local_global,747,748.0,-6.087537022651106,-6.087537022651106,0
cobyla,local_global,748,749.0,-6.087537022651106,-6.087537022651106,0
cobyla,local_global,749,750.0,-6.087537022651106,-6.087537022651106,0
cobyla,local_global,750,751.0,-6.087537022651106,-6.087537022651106,0
cobyla,local_global,751,752.0,-6.087537022651106,-6.087537022651106,0
cobyla,local_global,752,753.0,-6.087537022651106,-6.087537022651106,0
cobyla,local_global,753,754.0,-6.087537022651106,-6.087537022651106,0
cobyla,local_global,754,755.0,-6.087537022651106,-6.087537022651106,0
cobyla,local_global,755,756.0,-6.087537022651106,-6.087537022651106,0
cobyla,local_global,756,757.0,-6.087537022651106,-6.087537022651106,0
cobyla,local_global,757,758.0,-6.087537022651106,-6.087537022651106,0
cobyla,local_global,758,759.0,-6.087537022651106,-6.087537022651106,0
cobyla,local_global,759,760.0,-6.087537022651106,-6.087537022651106,0
cobyla,local_global,760,761.0,-6.087537022651106,-6.087537022651106,0
cobyla,local_global,761,762.0,-6.087537022651106,-6.087537022651106,0
cobyla,local_global,762,763.0,-6.087537022651106,-6.087537022651106,0
cobyla,local_global,763,764.0,-6.087537022651106,-6.087537022651106,0
cobyla,local_global,764,765.0,-6.087537022651106,-6.087537022651106,0
cobyla,local_global,765,766.0,-6.087537022651106,-6.087537022651106,0
cobyla,local_global,766,767.0,-6.087537022651106,-6.087537022651106,0
cobyla,local_global,767,768.0,-6.087537022651106,-6.087537022651106,0
cobyla,local_global,768,769.0,-6.087537022651106,-6.087537022651106,0
cobyla,local_global,769,770.0,-6.087537022651106,-6.087537022651106,0
cobyla,local_global,770,771.0,-6.087537022651106,-6.087537022651106,0
cobyla,local_global,771,772.0,-6.087537022651106,-6.087537022651106,0
cobyla,local_global,772,773.0,-6.087537022651106,-6.087537022651106,0
cobyla,local_global,773,774.0,-6.087537022651106,-6.087537022651106,0
cobyla,local_global,774,775.0,-6.087537022651106,-6.087537022651106,0
cobyla,local_global,775,776.0,-6.087537022651106,-6.087537022651106,0
cobyla,local_global,776,777.0,-6.087537022651106,-6.087537022651106,0
cobyla,local_global,777,778.0,-6.087537022651106,-6.087537022651106,0
cobyla,local_global,778,779.0,-6.087537022651106,-6.087537022651106,0
cobyla,local_global,779,780.0,-6.087537022651106,-6.087537022651106,0
cobyla,local_global,780,781.0,-6.087537022651106,-6.087537022651106,0
cobyla,local_global,781,782.0,-6.087537022651106,-6.087537022651106,0
cobyla,local_global,782,783.0,-6.087537022651106,-6.087537022651106,0
cobyla,local_global,783,784.0,-6.087537022651106,-6.087537022651106,0
cobyla,local_global,784,785.0,-6.110342198443712,-6.110342198443712,0
cobyla,local_global,785,786.0,-6.110342198443712,-6.110342198443712,0
cobyla,local_global,786,787.0,-6.110342198443712,-6.110342198443712,0
cobyla,local_global,787,788.0,-6.110342198443712,-6.110342198443712,0
cobyla,local_global,788,789.0,-6.110342198443712,-6.110342198443712,0
cobyla,local_global,789,790.0,-6.110342198443712,-6.110342198443712,0
cobyla,local_global,790,791.0,-6.110342198443712,-6.110342198443712,0
cobyla,local_global,791,792.0,-6.110342198443712,-6.110342198443712,0
cobyla,local_global,792,793.0,-6.110342198443712,-6.110342198443712,0
cobyla,local_global,793,794.0,-6.110342198443712,-6.110342198443712,0
cobyla,local_global,794,795.0,-6.110342198443712,-6.110342198443712,0
cobyla,local_global,795,796.0,-6.110342198443712,-6.110342198443712,0
cobyla,local_global,796,797.0,-6.164766435524534,-6.164766435524534,0
cobyla,local_global,797,798.0,-6.170302278934298,-6.170302278934298,0
cobyla,local_global,798,799.0,-6.170302278934298,-6.170302278934298,0
cobyla,local_global,799,800.0,-6.170302278934298,-6.170302278934298,0
cobyla,local_global,800,801.0,-6.170302278934298,-6.170302278934298,0
cobyla,local_global,801,802.0,-6.178182812748996,-6.178182812748996,0
cobyla,local_global,802,803.0,-6.178182812748996,-6.178182812748996,0
cobyla,local_global,803,804.0,-6.178182812748996,-6.178182812748996,0
cobyla,local_global,804,805.0,-6.178182812748996,-6.178182812748996,0
cobyla,local_global,805,806.0,-6.178182812748996,-6.178182812748996,0
cobyla,local_global,806,807.0,-6.178182812748996,-6.178182812748996,0
cobyla,local_global,807,808.0,-6.178182812748996,-6.178182812748996,0
cobyla,local_global,808,809.0,-6.178182812748996,-6.178182812748996,0
cobyla,local_global,809,810.0,-6.178182812748996,-6.178182812748996,0
cobyla,local_global,810,811.0,-6.178182812748996,-6.178182812748996,0
cobyla,local_global,811,812.0,-6.197428058195714,-6.197428058195714,0
cobyla,local_global,812,813.0,-6.197428058195714,-6.197428058195714,0
cobyla,local_global,813,814.0,-6.197428058195714,-6.197428058195714,0
cobyla,local_global,814,815.0,-6.197428058195714,-6.197428058195714,0
cobyla,local_global,815,816.0,-6.197428058195714,-6.197428058195714,0
cobyla,local_global,816,817.0,-6.197428058195714,-6.197428058195714,0
cobyla,local_global,817,818.0,-6.197428058195714,-6.197428058195714,0
cobyla,local_global,818,819.0,-6.197428058195714,-6.197428058195714,0
cobyla,local_global,819,820.0,-6.197428058195714,-6.197428058195714,0
cobyla,local_global,820,821.0,-6.197428058195714,-6.197428058195714,0
cobyla,local_global,821,822.0,-6.197428058195714,-6.197428058195714,0
cobyla,local_global,822,823.0,-6.197428058195714,-6.197428058195714,0
cobyla,local_global,823,824.0,-6.197428058195714,-6.197428058195714,0
cobyla,local_global,824,825.0,-6.197428058195714,-6.197428058195714,0
cobyla,local_global,825,826.0,-6.212771213339393,-6.212771213339393,0
cobyla,local_global,826,827.0,-6.212771213339393,-6.212771213339393,0
cobyla,local_global,827,828.0,-6.212771213339393,-6.212771213339393,0
cobyla,local_global,828,829.0,-6.212771213339393,-6.212771213339393,0
cobyla,local_global,829,830.0,-6.212771213339393,-6.212771213339393,0
cobyla,local_global,830,831.0,-6.26941406665185,-6.26941406665185,0
cobyla,local_global,831,832.0,-6.26941406665185,-6.26941406665185,0
cobyla,local_global,832,833.0,-6.26941406665185,-6.26941406665185,0
cobyla,local_global,833,834.0,-6.280744669768472,-6.280744669768472,0
cobyla,local_global,834,835.0,-6.280744669768472,-6.280744669768472,0
cobyla,local_global,835,836.0,-6.280744669768472,-6.280744669768472,0
cobyla,local_global,836,837.0,-6.280744669768472,-6.280744669768472,0
cobyla,local_global,837,838.0,-6.280744669768472,-6.280744669768472,0
cobyla,local_global,838,839.0,-6.280744669768472,-6.280744669768472,0
cobyla,local_global,839,840.0,-6.280800116173565,-6.280800116173565,0
cobyla,local_global,840,841.0,-6.280800116173565,-6.280800116173565,0
cobyla,local_global,841,842.0,-6.280800116173565,-6.280800116173565,0
cobyla,local_global,842,843.0,-6.286125449437663,-6.286125449437663,0
cobyla,local_global,843,844.0,-6.286125449437663,-6.286125449437663,0
cobyla,local_global,844,845.0,-6.286125449437663,-6.286125449437663,0
cobyla,local_global,845,846.0,-6.29187330282205,-6.29187330282205,0
cobyla,local_global,846,847.0,-6.29187330282205,-6.29187330282205,0
cobyla,local_global,847,848.0,-6.29408536333646,-6.29408536333646,0
cobyla,local_global,848,849.0,-6.29408536333646,-6.29408536333646,0
cobyla,local_global,849,850.0,-6.29408536333646,-6.29408536333646,0
cobyla,local_global,850,851.0,-6.29408536333646,-6.29408536333646,0
cobyla,local_global,851,852.0,-6.29408536333646,-6.29408536333646,0
cobyla,local_global,852,853.0,-6.29408536333646,-6.29408536333646,0
cobyla,local_global,853,854.0,-6.344728787424961,-6.344728787424961,0
cobyla,local_global,854,855.0,-6.344728787424961,-6.344728787424961,0
cobyla,local_global,855,856.0,-6.344728787424961,-6.344728787424961,0
cobyla,local_global,856,857.0,-6.344728787424961,-6.344728787424961,0
cobyla,local_global,857,858.0,-6.393502669152099,-6.393502669152099,0
cobyla,local_global,858,859.0,-6.405815887517279,-6.405815887517279,0
cobyla,local_global,859,860.0,-6.405815887517279,-6.405815887517279,0
cobyla,local_global,860,861.0,-6.405815887517279,-6.405815887517279,0
cobyla,local_global,861,862.0,-6.405815887517279,-6.405815887517279,0
cobyla,local_global,862,863.0,-6.405815887517279,-6.405815887517279,0
cobyla,local_global,863,864.0,-6.406268859193315,-6.406268859193315,0
cobyla,local_global,864,865.0,-6.421253085947751,-6.421253085947751,0
cobyla,local_global,865,866.0,-6.421253085947751,-6.421253085947751,0
cobyla,local_global,866,867.0,-6.427220678781712,-6.427220678781712,0
cobyla,local_global,867,868.0,-6.441166592323379,-6.441166592323379,0
cobyla,local_global,868,869.0,-6.441166592323379,-6.441166592323379,0
cobyla,local_global,869,870.0,-6.450125599408639,-6.450125599408639,0
cobyla,local_global,870,871.0,-6.504935472598514,-6.504935472598514,0
cobyla,local_global,871,872.0,-6.504935472598514,-6.504935472598514,0
cobyla,local_global,872,873.0,-6.504935472598514,-6.504935472598514,0
cobyla,local_global,873,874.0,-6.504935472598514,-6.504935472598514,0
cobyla,local_global,874,875.0,-6.504935472598514,-6.504935472598514,0
cobyla,local_global,875,876.0,-6.504935472598514,-6.504935472598514,0
cobyla,local_global,876,877.0,-6.504935472598514,-6.504935472598514,0
cobyla,local_global,877,878.0,-6.5093212262158495,-6.5093212262158495,0
cobyla,local_global,878,879.0,-6.5093212262158495,-6.5093212262158495,0
cobyla,local_global,879,880.0,-6.520933906384148,-6.520933906384148,0
cobyla,local_global,880,881.0,-6.556940379616086,-6.556940379616086,0
cobyla,local_global,881,882.0,-6.556940379616086,-6.556940379616086,0
cobyla,local_global,882,883.0,-6.556940379616086,-6.556940379616086,0
cobyla,local_global,883,884.0,-6.5716235075952385,-6.5716235075952385,0
cobyla,local_global,884,885.0,-6.5716235075952385,-6.5716235075952385,0
cobyla,local_global,885,886.0,-6.5716235075952385,-6.5716235075952385,0
cobyla,local_global,886,887.0,-6.5716235075952385,-6.5716235075952385,0
cobyla,local_global,887,888.0,-6.5716235075952385,-6.5716235075952385,0
cobyla,local_global,888,889.0,-6.580088227092064,-6.580088227092064,0
cobyla,local_global,889,890.0,-6.583021909276885,-6.583021909276885,0
cobyla,local_global,890,891.0,-6.583021909276885,-6.583021909276885,0
cobyla,local_global,891,892.0,-6.583021909276885,-6.583021909276885,0
cobyla,local_global,892,893.0,-6.583021909276885,-6.583021909276885,0
cobyla,local_global,893,894.0,-6.583021909276885,-6.583021909276885,0
cobyla,local_global,894,895.0,-6.583021909276885,-6.583021909276885,0
cobyla,local_global,895,896.0,-6.583021909276885,-6.583021909276885,0
cobyla,local_global,896,897.0,-6.583021909276885,-6.583021909276885,0
cobyla,local_global,897,898.0,-6.583021909276885,-6.583021909276885,0
cobyla,local_global,898,899.0,-6.583021909276885,-6.583021909276885,0
cobyla,local_global,899,900.0,-6.583021909276885,-6.583021909276885,0
cobyla,local_global,900,901.0,-6.583021909276885,-6.583021909276885,0
cobyla,local_global,901,902.0,-6.583021909276885,-6.583021909276885,0
cobyla,local_global,902,903.0,-6.583021909276885,-6.583021909276885,0
cobyla,local_global,903,904.0,-6.583021909276885,-6.583021909276885,0
cobyla,local_global,904,905.0,-6.583021909276885,-6.583021909276885,0
cobyla,local_global,905,906.0,-6.583021909276885,-6.583021909276885,0
cobyla,local_global,906,907.0,-6.583021909276885,-6.583021909276885,0
cobyla,local_global,907,908.0,-6.58371451523712,-6.58371451523712,0
cobyla,local_global,908,909.0,-6.58371451523712,-6.58371451523712,0
cobyla,local_global,909,910.0,-6.58371451523712,-6.58371451523712,0
cobyla,local_global,910,911.0,-6.58371451523712,-6.58371451523712,0
cobyla,local_global,911,912.0,-6.58371451523712,-6.58371451523712,0
cobyla,local_global,912,913.0,-6.58371451523712,-6.58371451523712,0
cobyla,local_global,913,914.0,-6.58371451523712,-6.58371451523712,0
cobyla,local_global,914,915.0,-6.58371451523712,-6.58371451523712,0
cobyla,local_global,915,916.0,-6.58371451523712,-6.58371451523712,0
cobyla,local_global,916,917.0,-6.58371451523712,-6.58371451523712,0
cobyla,local_global,917,918.0,-6.58371451523712,-6.58371451523712,0
cobyla,local_global,918,919.0,-6.58371451523712,-6.58371451523712,0
cobyla,local_global,919,920.0,-6.58371451523712,-6.58371451523712,0
cobyla,local_global,920,921.0,-6.58371451523712,-6.58371451523712,0
cobyla,local_global,921,922.0,-6.58371451523712,-6.58371451523712,0
cobyla,local_global,922,923.0,-6.58371451523712,-6.58371451523712,0
cobyla,local_global,923,924.0,-6.58371451523712,-6.58371451523712,0
cobyla,local_global,924,925.0,-6.58371451523712,-6.58371451523712,0
cobyla,local_global,925,926.0,-6.586078297877383,-6.586078297877383,0
cobyla,local_global,926,927.0,-6.586078297877383,-6.586078297877383,0
cobyla,local_global,927,928.0,-6.586078297877383,-6.586078297877383,0
cobyla,local_global,928,929.0,-6.586078297877383,-6.586078297877383,0
cobyla,local_global,929,930.0,-6.586078297877383,-6.586078297877383,0
cobyla,local_global,930,931.0,-6.586078297877383,-6.586078297877383,0
cobyla,local_global,931,932.0,-6.586078297877383,-6.586078297877383,0
cobyla,local_global,932,933.0,-6.586078297877383,-6.586078297877383,0
cobyla,local_global,933,934.0,-6.587953757764429,-6.587953757764429,0
cobyla,local_global,934,935.0,-6.587953757764429,-6.587953757764429,0
cobyla,local_global,935,936.0,-6.587953757764429,-6.587953757764429,0
cobyla,local_global,936,937.0,-6.587953757764429,-6.587953757764429,0
cobyla,local_global,937,938.0,-6.587953757764429,-6.587953757764429,0
cobyla,local_global,938,939.0,-6.587953757764429,-6.587953757764429,0
cobyla,local_global,939,940.0,-6.587953757764429,-6.587953757764429,0
cobyla,local_global,940,941.0,-6.587953757764429,-6.587953757764429,0
cobyla,local_global,941,942.0,-6.587953757764429,-6.587953757764429,0
cobyla,local_global,942,943.0,-6.587953757764429,-6.587953757764429,0
cobyla,local_global,943,944.0,-6.587953757764429,-6.587953757764429,0
cobyla,local_global,944,945.0,-6.587953757764429,-6.587953757764429,0
cobyla,local_global,945,946.0,-6.588858483799067,-6.588858483799067,0
cobyla,local_global,946,947.0,-6.588858483799067,-6.588858483799067,0
cobyla,local_global,947,948.0,-6.588858483799067,-6.588858483799067,0
cobyla,local_global,948,949.0,-6.588858483799067,-6.588858483799067,0
cobyla,local_global,949,950.0,-6.588858483799067,-6.588858483799067,0
cobyla,local_global,950,951.0,-6.588858483799067,-6.588858483799067,0
cobyla,local_global,951,952.0,-6.588858483799067,-6.588858483799067,0
cobyla,local_global,952,953.0,-6.588858483799067,-6.588858483799067,0
cobyla,local_global,953,954.0,-6.588858483799067,-6.588858483799067,0
cobyla,local_global,954,955.0,-6.588858483799067,-6.588858483799067,0
cobyla,local_global,955,956.0,-6.599832652371719,-6.599832652371719,0
cobyla,local_global,956,957.0,-6.599832652371719,-6.599832652371719,0
cobyla,local_global,957,958.0,-6.599832652371719,-6.599832652371719,0
cobyla,local_global,958,959.0,-6.599832652371719,-6.599832652371719,0
cobyla,local_global,959,960.0,-6.599832652371719,-6.599832652371719,0
cobyla,local_global,960,961.0,-6.599832652371719,-6.599832652371719,0
cobyla,local_global,961,962.0,-6.599832652371719,-6.599832652371719,0
cobyla,local_global,962,963.0,-6.599832652371719,-6.599832652371719,0
cobyla,local_global,963,964.0,-6.599832652371719,-6.599832652371719,0
cobyla,local_global,964,965.0,-6.599832652371719,-6.599832652371719,0
cobyla,local_global,965,966.0,-6.6050896513231505,-6.6050896513231505,0
cobyla,local_global,966,967.0,-6.6050896513231505,-6.6050896513231505,0
cobyla,local_global,967,968.0,-6.6050896513231505,-6.6050896513231505,0
cobyla,local_global,968,969.0,-6.6050896513231505,-6.6050896513231505,0
cobyla,local_global,969,970.0,-6.6050896513231505,-6.6050896513231505,0
cobyla,local_global,970,971.0,-6.6050896513231505,-6.6050896513231505,0
cobyla,local_global,971,972.0,-6.6089642960190735,-6.6089642960190735,0
cobyla,local_global,972,973.0,-6.6089642960190735,-6.6089642960190735,0
cobyla,local_global,973,974.0,-6.611677635132884,-6.611677635132884,0
cobyla,local_global,974,975.0,-6.611677635132884,-6.611677635132884,0
cobyla,local_global,975,976.0,-6.611677635132884,-6.611677635132884,0
cobyla,local_global,976,977.0,-6.611677635132884,-6.611677635132884,0
cobyla,local_global,977,978.0,-6.611677635132884,-6.611677635132884,0
cobyla,local_global,978,979.0,-6.611677635132884,-6.611677635132884,0
cobyla,local_global,979,980.0,-6.611677635132884,-6.611677635132884,0
cobyla,local_global,980,981.0,-6.631562977396582,-6.631562977396582,0
cobyla,local_global,981,982.0,-6.631562977396582,-6.631562977396582,0
cobyla,local_global,982,983.0,-6.631562977396582,-6.631562977396582,0
cobyla,local_global,983,984.0,-6.631562977396582,-6.631562977396582,0
cobyla,local_global,984,985.0,-6.667648037494014,-6.667648037494014,0
cobyla,local_global,985,986.0,-6.667648037494014,-6.667648037494014,0
cobyla,local_global,986,987.0,-6.667648037494014,-6.667648037494014,0
cobyla,local_global,987,988.0,-6.667648037494014,-6.667648037494014,0
cobyla,local_global,988,989.0,-6.667648037494014,-6.667648037494014,0
cobyla,local_global,989,990.0,-6.667648037494014,-6.667648037494014,0
cobyla,local_global,990,991.0,-6.667648037494014,-6.667648037494014,0
cobyla,local_global,991,992.0,-6.667648037494014,-6.667648037494014,0
cobyla,local_global,992,993.0,-6.667648037494014,-6.667648037494014,0
cobyla,local_global,993,994.0,-6.667648037494014,-6.667648037494014,0
cobyla,local_global,994,995.0,-6.667648037494014,-6.667648037494014,0
cobyla,local_global,995,996.0,-6.667648037494014,-6.667648037494014,0
cobyla,local_global,996,997.0,-6.667648037494014,-6.667648037494014,0
cobyla,local_global,997,998.0,-6.671265761675632,-6.671265761675632,0
cobyla,local_global,998,999.0,-6.671265761675632,-6.671265761675632,0
cobyla,local_global,999,1000.0,-6.671265761675632,-6.671265761675632,0
cobyla,adiabatic,0,1.0,0.4875628958922866,-4.081831523130387,0
cobyla,adiabatic,1,2.0,0.4875628958922866,-4.081831523130387,0
cobyla,adiabatic,2,3.0,0.4875628958922866,-4.081831523130387,0
cobyla,adiabatic,3,4.0,0.4851812943313451,-4.177719325767252,0
cobyla,adiabatic,4,5.0,0.4851812943313451,-4.177719325767252,0
cobyla,adiabatic,5,6.0,0.4851812943313451,-4.177719325767252,0
cobyla,adiabatic,6,7.0,0.482333960701767,-4.213500063361288,0
cobyla,adiabatic,7,8.0,0.482333960701767,-4.213500063361288,0
cobyla,adiabatic,8,9.0,0.4819230030338544,-4.212262021170044,0
cobyla,adiabatic,9,10.0,0.4815277191151688,-4.1922832857135655,0
cobyla,adiabatic,10,11.0,0.4815175867667147,-4.15292753187326,0
cobyla,adiabatic,11,12.0,0.4815175867667147,-4.15292753187326,0
cobyla,adiabatic,12,13.0,0.4815175867667147,-4.15292753187326,0
cobyla,adiabatic,13,14.0,0.4815175867667147,-4.15292753187326,0
cobyla,adiabatic,14,15.0,0.4815175867667147,-4.15292753187326,0
cobyla,adiabatic,15,16.0,0.4815175867667147,-4.15292753187326,0
cobyla,adiabatic,16,17.0,0.47424560878611816,-4.167670649661489,0
cobyla,adiabatic,17,18.0,0.47424560878611816,-4.167670649661489,0
cobyla,adiabatic,18,19.0,0.47424560878611816,-4.167670649661489,0
cobyla,adiabatic,19,20.0,0.47424560878611816,-4.167670649661489,0
cobyla,adiabatic,20,21.0,0.47424560878611816,-4.167670649661489,0
cobyla,adiabatic,21,22.0,0.47424560878611816,-4.167670649661489,0
cobyla,adiabatic,22,23.0,0.47292031930907685,-4.17425671883834,0
cobyla,adiabatic,23,24.0,0.4705526467245708,-4.196907577933345,0
cobyla,adiabatic,24,25.0,0.46166743636935653,-4.2707827207793585,0
cobyla,adiabatic,25,26.0,0.46166743636935653,-4.2707827207793585,0
cobyla,adiabatic,26,27.0,0.46166743636935653,-4.2707827207793585,0
cobyla,adiabatic,27,28.0,0.46166743636935653,-4.2707827207793585,0
cobyla,adiabatic,28,29.0,0.46166743636935653,-4.2707827207793585,0
cobyla,adiabatic,29,30.0,0.46166743636935653,-4.2707827207793585,0
cobyla,adiabatic,30,31.0,0.46166743636935653,-4.2707827207793585,0
cobyla,adiabatic,31,32.0,0.46166743636935653,-4.2707827207793585,0
cobyla,adiabatic,32,33.0,0.46166743636935653,-4.2707827207793585,0
cobyla,adiabatic,33,34.0,0.46166743636935653,-4.2707827207793585,0
cobyla,adiabatic,34,35.0,0.46166743636935653,-4.2707827207793585,0
cobyla,adiabatic,35,36.0,0.46166743636935653,-4.2707827207793585,0
cobyla,adiabatic,36,37.0,0.4563345139193526,-4.308857302519789,0
cobyla,adiabatic,37,38.0,0.4563345139193526,-4.308857302519789,0
cobyla,adiabatic,38,39.0,0.4563345139193526,-4.308857302519789,0
cobyla,adiabatic,39,40.0,0.4563345139193526,-4.308857302519789,0
cobyla,adiabatic,40,41.0,0.4563345139193526,-4.308857302519789,0
cobyla,adiabatic,41,42.0,0.4563345139193526,-4.308857302519789,0
cobyla,adiabatic,42,43.0,0.45142510664118957,-4.331264804999869,0
cobyla,adiabatic,43,44.0,0.45142510664118957,-4.331264804999869,0
cobyla,adiabatic,44,45.0,0.45142510664118957,-4.331264804999869,0
cobyla,adiabatic,45,46.0,0.44880225731733203,-4.3414915092304085,0
cobyla,adiabatic,46,47.0,0.44880225731733203,-4.3414915092304085,0
cobyla,adiabatic,47,48.0,0.44880225731733203,-4.3414915092304085,0
cobyla,adiabatic,48,49.0,0.4470971320509396,-4.377838712351491,0
cobyla,adiabatic,49,50.0,0.4470971320509396,-4.377838712351491,0
cobyla,adiabatic,50,51.0,0.4470971320509396,-4.377838712351491,0
cobyla,adiabatic,51,52.0,0.4470971320509396,-4.377838712351491,0
cobyla,adiabatic,52,53.0,0.4429022569813808,-4.430665262563361,0
cobyla,adiabatic,53,54.0,0.4429022569813808,-4.430665262563361,0
cobyla,adiabatic,54,55.0,0.4429022569813808,-4.430665262563361,0
cobyla,adiabatic,55,56.0,0.4429022569813808,-4.430665262563361,0
cobyla,adiabatic,56,57.0,0.4429022569813808,-4.430665262563361,0
cobyla,adiabatic,57,58.0,0.4429022569813808,-4.430665262563361,0
cobyla,adiabatic,58,59.0,0.4429022569813808,-4.430665262563361,0
cobyla,adiabatic,59,60.0,0.4429022569813808,-4.430665262563361,0
cobyla,adiabatic,60,61.0,0.4429022569813808,-4.430665262563361,0
cobyla,adiabatic,61,62.0,0.4429022569813808,-4.430665262563361,0
cobyla,adiabatic,62,63.0,0.4429022569813808,-4.430665262563361,0
cobyla,adiabatic,63,64.0,0.4429022569813808,-4.430665262563361,0
cobyla,adiabatic,64,65.0,0.4429022569813808,-4.430665262563361,0
cobyla,adiabatic,65,66.0,0.4429022569813808,-4.430665262563361,0
cobyla,adiabatic,66,67.0,0.4429022569813808,-4.430665262563361,0
cobyla,adiabatic,67,68.0,0.4429022569813808,-4.430665262563361,0
cobyla,adiabatic,68,69.0,0.4429022569813808,-4.430665262563361,0
cobyla,adiabatic,69,70.0,0.4429022569813808,-4.430665262563361,0
cobyla,adiabatic,70,71.0,0.4429022569813808,-4.430665262563361,0
cobyla,adiabatic,71,72.0,0.4429022569813808,-4.430665262563361,0
cobyla,adiabatic,72,73.0,0.4418507191806361,-4.430807409452172,0
cobyla,adiabatic,73,74.0,0.4418507191806361,-4.430807409452172,0
cobyla,adiabatic,74,75.0,0.4418507191806361,-4.430807409452172,0
cobyla,adiabatic,75,76.0,0.4418507191806361,-4.430807409452172,0
cobyla,adiabatic,76,77.0,0.4418507191806361,-4.430807409452172,0
cobyla,adiabatic,77,78.0,0.4418507191806361,-4.430807409452172,0
cobyla,adiabatic,78,79.0,0.4418507191806361,-4.430807409452172,0
cobyla,adiabatic,79,80.0,0.4418507191806361,-4.430807409452172,0
cobyla,adiabatic,80,81.0,0.4412055694603029,-4.433594062849326,0
cobyla,adiabatic,81,82.0,0.4412055694603029,-4.433594062849326,0
cobyla,adiabatic,82,83.0,0.4412055694603029,-4.433594062849326,0
cobyla,adiabatic,83,84.0,0.4412055694603029,-4.433594062849326,0
cobyla,adiabatic,84,85.0,0.4412055694603029,-4.433594062849326,0
cobyla,adiabatic,85,86.0,0.44039755763536576,-4.420199043891346,0
cobyla,adiabatic,86,87.0,0.44039755763536576,-4.420199043891346,0
cobyla,adiabatic,87,88.0,0.44039755763536576,-4.420199043891346,0
cobyla,adiabatic,88,89.0,0.44039755763536576,-4.420199043891346,0
cobyla,adiabatic,89,90.0,0.44039755763536576,-4.420199043891346,0
cobyla,adiabatic,90,91.0,0.44039755763536576,-4.420199043891346,0
cobyla,adiabatic,91,92.0,0.44039755763536576,-4.420199043891346,0
cobyla,adiabatic,92,93.0,0.43843281529063277,-4.421551399433868,0
cobyla,adiabatic,93,94.0,0.43843281529063277,-4.421551399433868,0
cobyla,adiabatic,94,95.0,0.43843281529063277,-4.421551399433868,0
cobyla,adiabatic,95,96.0,0.43843281529063277,-4.421551399433868,0
cobyla,adiabatic,96,97.0,0.43843281529063277,-4.421551399433868,0
cobyla,adiabatic,97,98.0,0.43843281529063277,-4.421551399433868,0
cobyla,adiabatic,98,99.0,0.43843281529063266,-4.424574853402978,0
cobyla,adiabatic,99,100.0,0.43843281529063266,-4.424574853402978,0
cobyla,adiabatic,100,101.0,-0.10190137011976977,-4.424574853402978,0
cobyla,adiabatic,101,102.0,-0.10190137011976977,-4.424574853402978,0
cobyla,adiabatic,102,103.0,-0.10190137011976977,-4.424574853402978,0
cobyla,adiabatic,103,104.0,-0.10190137011976977,-4.424574853402978,0
cobyla,adiabatic,104,105.0,-0.10190137011976977,-4.424574853402978,0
cobyla,adiabatic,105,106.0,-0.10190137011976977,-4.424574853402978,0
cobyla,adiabatic,106,107.0,-0.10190137011976977,-4.424574853402978,0
cobyla,adiabatic,107,108.0,-0.10190137011976977,-4.424574853402978,0
cobyla,adiabatic,108,109.0,-0.11942921428681928,-4.537384835420798,0
cobyla,adiabatic,109,110.0,-0.11942921428681928,-4.537384835420798,0
cobyla,adiabatic,110,111.0,-0.11942921428681928,-4.537384835420798,0
cobyla,adiabatic,111,112.0,-0.11942921428681928,-4.537384835420798,0
cobyla,adiabatic,112,113.0,-0.11942921428681928,-4.537384835420798,0
cobyla,adiabatic,113,114.0,-0.11942921428681928,-4.537384835420798,0
cobyla,adiabatic,114,115.0,-0.11942921428681928,-4.537384835420798,0
cobyla,adiabatic,115,116.0,-0.11942921428681928,-4.537384835420798,0
cobyla,adiabatic,116,117.0,-0.11942921428681928,-4.537384835420798,0
cobyla,adiabatic,117,118.0,-0.11942921428681928,-4.537384835420798,0
cobyla,adiabatic,118,119.0,-0.11942921428681928,-4.537384835420798,0
cobyla,adiabatic,119,120.0,-0.11942921428681928,-4.537384835420798,0
cobyla,adiabatic,120,121.0,-0.11942921428681928,-4.537384835420798,0
cobyla,adiabatic,121,122.0,-0.11942921428681928,-4.537384835420798,0
cobyla,adiabatic,122,123.0,-0.12022327737766914,-4.538909131937661,0
cobyla,adiabatic,123,124.0,-0.12022327737766914,-4.538909131937661,0
cobyla,adiabatic,124,125.0,-0.1361751597858933,-4.604763172975631,0
cobyla,adiabatic,125,126.0,-0.1361751597858933,-4.604763172975631,0
cobyla,adiabatic,126,127.0,-0.1361751597858933,-4.604763172975631,0
cobyla,adiabatic,127,128.0,-0.1361751597858933,-4.604763172975631,0
cobyla,adiabatic,128,129.0,-0.1361751597858933,-4.604763172975631,0
cobyla,adiabatic,129,130.0,-0.1361751597858933,-4.604763172975631,0
cobyla,adiabatic,130,131.0,-0.1361751597858933,-4.604763172975631,0
cobyla,adiabatic,131,132.0,-0.1361751597858933,-4.604763172975631,0
cobyla,adiabatic,132,133.0,-0.1361751597858933,-4.604763172975631,0
cobyla,adiabatic,133,134.0,-0.1361751597858933,-4.604763172975631,0
cobyla,adiabatic,134,135.0,-0.1437608360335006,-4.679046349982347,0
cobyla,adiabatic,135,136.0,-0.1437608360335006,-4.679046349982347,0
cobyla,adiabatic,136,137.0,-0.1437608360335006,-4.679046349982347,0
cobyla,adiabatic,137,138.0,-0.1437608360335006,-4.679046349982347,0
cobyla,adiabatic,138,139.0,-0.1437608360335006,-4.679046349982347,0
cobyla,adiabatic,139,140.0,-0.1437608360335006,-4.679046349982347,0
cobyla,adiabatic,140,141.0,-0.1437608360335006,-4.679046349982347,0
cobyla,adiabatic,141,142.0,-0.1437608360335006,-4.679046349982347,0
cobyla,adiabatic,142,143.0,-0.1437608360335006,-4.679046349982347,0
cobyla,adiabatic,143,144.0,-0.14591828050760383,-4.685068659950185,0
cobyla,adiabatic,144,145.0,-0.14591828050760383,-4.685068659950185,0
cobyla,adiabatic,145,146.0,-0.1506481825945487,-4.693965699707701,0
cobyla,adiabatic,146,147.0,-0.1506481825945487,-4.693965699707701,0
cobyla,adiabatic,147,148.0,-0.1506481825945487,-4.693965699707701,0
cobyla,adiabatic,148,149.0,-0.1553052466296501,-4.743425306624439,0
cobyla,adiabatic,149,150.0,-0.1553052466296501,-4.743425306624439,0
cobyla,adiabatic,150,151.0,-0.15664788807664745,-4.747243816980718,0
cobyla,adiabatic,151,152.0,-0.15664788807664745,-4.747243816980718,0
cobyla,adiabatic,152,153.0,-0.15664788807664745,-4.747243816980718,0
cobyla,adiabatic,153,154.0,-0.15664788807664745,-4.747243816980718,0
cobyla,adiabatic,154,155.0,-0.15664788807664745,-4.747243816980718,0
cobyla,adiabatic,155,156.0,-0.15664788807664745,-4.747243816980718,0
cobyla,adiabatic,156,157.0,-0.15664788807664745,-4.747243816980718,0
cobyla,adiabatic,157,158.0,-0.16083477400866777,-4.71738541291004,0
cobyla,adiabatic,158,159.0,-0.16173448148464753,-4.724173076392835,0
cobyla,adiabatic,159,160.0,-0.16173448148464753,-4.724173076392835,0
cobyla,adiabatic,160,161.0,-0.16173448148464753,-4.724173076392835,0
cobyla,adiabatic,161,162.0,-0.16173448148464753,-4.724173076392835,0
cobyla,adiabatic,162,163.0,-0.16173448148464753,-4.724173076392835,0
cobyla,adiabatic,163,164.0,-0.16173448148464753,-4.724173076392835,0
cobyla,adiabatic,164,165.0,-0.16173448148464753,-4.724173076392835,0
cobyla,adiabatic,165,166.0,-0.16173448148464753,-4.724173076392835,0
cobyla,adiabatic,166,167.0,-0.16173448148464753,-4.724173076392835,0
cobyla,adiabatic,167,168.0,-0.16173448148464753,-4.724173076392835,0
cobyla,adiabatic,168,169.0,-0.16173448148464753,-4.724173076392835,0
cobyla,adiabatic,169,170.0,-0.16173448148464753,-4.724173076392835,0
cobyla,adiabatic,170,171.0,-0.16173448148464753,-4.724173076392835,0
cobyla,adiabatic,171,172.0,-0.16173448148464753,-4.724173076392835,0
cobyla,adiabatic,172,173.0,-0.16173448148464753,-4.724173076392835,0
cobyla,adiabatic,173,174.0,-0.16173448148464753,-4.724173076392835,0
cobyla,adiabatic,174,175.0,-0.16173448148464753,-4.724173076392835,0
cobyla,adiabatic,175,176.0,-0.16173448148464753,-4.724173076392835,0
cobyla,adiabatic,176,177.0,-0.16173448148464753,-4.724173076392835,0
cobyla,adiabatic,177,178.0,-0.16173448148464753,-4.724173076392835,0
cobyla,adiabatic,178,179.0,-0.16173448148464753,-4.724173076392835,0
cobyla,adiabatic,179,180.0,-0.16286145338324284,-4.699863567129293,0
cobyla,adiabatic,180,181.0,-0.16286145338324284,-4.699863567129293,0
cobyla,adiabatic,181,182.0,-0.16286145338324284,-4.699863567129293,0
cobyla,adiabatic,182,183.0,-0.16286145338324284,-4.699863567129293,0
cobyla,adiabatic,183,184.0,-0.16286145338324284,-4.699863567129293,0
cobyla,adiabatic,184,185.0,-0.16286145338324284,-4.699863567129293,0
cobyla,adiabatic,185,186.0,-0.1656043369112532,-4.709797360966426,0
cobyla,adiabatic,186,187.0,-0.1656043369112532,-4.709797360966426,0
cobyla,adiabatic,187,188.0,-0.1656043369112532,-4.709797360966426,0
cobyla,adiabatic,188,189.0,-0.1656043369112532,-4.709797360966426,0
cobyla,adiabatic,189,190.0,-0.1656043369112532,-4.709797360966426,0
cobyla,adiabatic,190,191.0,-0.1656043369112532,-4.709797360966426,0
cobyla,adiabatic,191,192.0,-0.1656043369112532,-4.709797360966426,0
cobyla,adiabatic,192,193.0,-0.1656043369112532,-4.709797360966426,0
cobyla,adiabatic,193,194.0,-0.1656043369112532,-4.709797360966426,0
cobyla,adiabatic,194,195.0,-0.1656043369112532,-4.709797360966426,0
cobyla,adiabatic,195,196.0,-0.1656043369112532,-4.709797360966426,0
cobyla,adiabatic,196,197.0,-0.1656043369112532,-4.709797360966426,0
cobyla,adiabatic,197,198.0,-0.1656043369112532,-4.709797360966426,0
cobyla,adiabatic,198,199.0,-0.1656043369112532,-4.709797360966426,0
cobyla,adiabatic,199,200.0,-0.1656043369112532,-4.709797360966426,0
cobyla,adiabatic,200,201.0,-0.7336284649181494,-4.709797360966426,0
cobyla,adiabatic,201,202.0,-0.7336284649181494,-4.709797360966426,0
cobyla,adiabatic,202,203.0,-0.7336284649181494,-4.709797360966426,0
cobyla,adiabatic,203,204.0,-0.7336284649181494,-4.709797360966426,0
cobyla,adiabatic,204,205.0,-0.7383434994600331,-4.720102671212191,0
cobyla,adiabatic,205,206.0,-0.7383434994600331,-4.720102671212191,0
cobyla,adiabatic,206,207.0,-0.7383434994600331,-4.720102671212191,0
cobyla,adiabatic,207,208.0,-0.7383434994600331,-4.720102671212191,0
cobyla,adiabatic,208,209.0,-0.7383434994600331,-4.720102671212191,0
cobyla,adiabatic,209,210.0,-0.7383434994600331,-4.720102671212191,0
cobyla,adiabatic,210,211.0,-0.7383434994600331,-4.720102671212191,0
cobyla,adiabatic,211,212.0,-0.7383434994600331,-4.720102671212191,0
cobyla,adiabatic,212,213.0,-0.7383434994600331,-4.720102671212191,0
cobyla,adiabatic,213,214.0,-0.7383434994600331,-4.720102671212191,0
cobyla,adiabatic,214,215.0,-0.7383434994600331,-4.720102671212191,0
cobyla,adiabatic,215,216.0,-0.7383434994600331,-4.720102671212191,0
cobyla,adiabatic,216,217.0,-0.7383434994600331,-4.720102671212191,0
cobyla,adiabatic,217,218.0,-0.7383434994600331,-4.720102671212191,0
cobyla,adiabatic,218,219.0,-0.7383434994600331,-4.720102671212191,0
cobyla,adiabatic,219,220.0,-0.7383434994600331,-4.720102671212191,0
cobyla,adiabatic,220,221.0,-0.7383434994600331,-4.720102671212191,0
cobyla,adiabatic,221,222.0,-0.7383434994600331,-4.720102671212191,0
cobyla,adiabatic,222,223.0,-0.7398000150979419,-4.7243978925165,0
cobyla,adiabatic,223,224.0,-0.7398000150979419,-4.7243978925165,0
cobyla,adiabatic,224,225.0,-0.7398000150979419,-4.7243978925165,0
cobyla,adiabatic,225,226.0,-0.7398000150979419,-4.7243978925165,0
cobyla,adiabatic,226,227.0,-0.7398000150979419,-4.7243978925165,0
cobyla,adiabatic,227,228.0,-0.7398000150979419,-4.7243978925165,0
cobyla,adiabatic,228,229.0,-0.7398000150979419,-4.7243978925165,0
cobyla,adiabatic,229,230.0,-0.7398000150979419,-4.7243978925165,0
cobyla,adiabatic,230,231.0,-0.7398000150979419,-4.7243978925165,0
cobyla,adiabatic,231,232.0,-0.7398000150979419,-4.7243978925165,0
cobyla,adiabatic,232,233.0,-0.7398000150979419,-4.7243978925165,0
cobyla,adiabatic,233,234.0,-0.7398000150979419,-4.7243978925165,0
cobyla,adiabatic,234,235.0,-0.7398000150979419,-4.7243978925165,0
cobyla,adiabatic,235,236.0,-0.7398000150979419,-4.7243978925165,0
cobyla,adiabatic,236,237.0,-0.7398000150979419,-4.7243978925165,0
cobyla,adiabatic,237,238.0,-0.7398000150979419,-4.7243978925165,0
cobyla,adiabatic,238,239.0,-0.7398000150979419,-4.7243978925165,0
cobyla,adiabatic,239,240.0,-0.7398000150979419,-4.7243978925165,0
cobyla,adiabatic,240,241.0,-0.7398000150979419,-4.7243978925165,0
cobyla,adiabatic,241,242.0,-0.7398000150979419,-4.7243978925165,0
cobyla,adiabatic,242,243.0,-0.7398000150979419,-4.7243978925165,0
cobyla,adiabatic,243,244.0,-0.7398000150979419,-4.7243978925165,0
cobyla,adiabatic,244,245.0,-0.7398000150979419,-4.7243978925165,0
cobyla,adiabatic,245,246.0,-0.7398000150979419,-4.7243978925165,0
cobyla,adiabatic,246,247.0,-0.7398000150979419,-4.7243978925165,0
cobyla,adiabatic,247,248.0,-0.7398000150979419,-4.7243978925165,0
cobyla,adiabatic,248,249.0,-0.7398000150979419,-4.7243978925165,0
cobyla,adiabatic,249,250.0,-0.7445720186497449,-4.751033536714945,0
cobyla,adiabatic,250,251.0,-0.7445720186497449,-4.751033536714945,0
cobyla,adiabatic,251,252.0,-0.7445720186497449,-4.751033536714945,0
cobyla,adiabatic,252,253.0,-0.7445720186497449,-4.751033536714945,0
cobyla,adiabatic,253,254.0,-0.7445720186497449,-4.751033536714945,0
cobyla,adiabatic,254,255.0,-0.7445720186497449,-4.751033536714945,0
cobyla,adiabatic,255,256.0,-0.7445720186497449,-4.751033536714945,0
cobyla,adiabatic,256,257.0,-0.7445720186497449,-4.751033536714945,0
cobyla,adiabatic,257,258.0,-0.7445720186497449,-4.751033536714945,0
cobyla,adiabatic,258,259.0,-0.7445720186497449,-4.751033536714945,0
cobyla,adiabatic,259,260.0,-0.7445720186497449,-4.751033536714945,0
cobyla,adiabatic,260,261.0,-0.7445720186497449,-4.751033536714945,0
cobyla,adiabatic,261,262.0,-0.7445720186497449,-4.751033536714945,0
cobyla,adiabatic,262,263.0,-0.7445720186497449,-4.751033536714945,0
cobyla,adiabatic,263,264.0,-0.7445720186497449,-4.751033536714945,0
cobyla,adiabatic,264,265.0,-0.7445720186497449,-4.751033536714945,0
cobyla,adiabatic,265,266.0,-0.7445720186497449,-4.751033536714945,0
cobyla,adiabatic,266,267.0,-0.7445720186497449,-4.751033536714945,0
cobyla,adiabatic,267,268.0,-0.7445720186497449,-4.751033536714945,0
cobyla,adiabatic,268,269.0,-0.7445720186497449,-4.751033536714945,0
cobyla,adiabatic,269,270.0,-0.7445720186497449,-4.751033536714945,0
cobyla,adiabatic,270,271.0,-0.7445720186497449,-4.751033536714945,0
cobyla,adiabatic,271,272.0,-0.7445720186497449,-4.751033536714945,0
cobyla,adiabatic,272,273.0,-0.7445720186497449,-4.751033536714945,0
cobyla,adiabatic,273,274.0,-0.7445720186497449,-4.751033536714945,0
cobyla,adiabatic,274,275.0,-0.7445720186497449,-4.751033536714945,0
cobyla,adiabatic,275,276.0,-0.7445720186497449,-4.751033536714945,0
cobyla,adiabatic,276,277.0,-0.7445720186497449,-4.751033536714945,0
cobyla,adiabatic,277,278.0,-0.7445720186497449,-4.751033536714945,0
cobyla,adiabatic,278,279.0,-0.7445720186497449,-4.751033536714945,0
cobyla,adiabatic,279,280.0,-0.7445720186497449,-4.751033536714945,0
cobyla,adiabatic,280,281.0,-0.7445720186497449,-4.751033536714945,0
cobyla,adiabatic,281,282.0,-0.7445720186497449,-4.751033536714945,0
cobyla,adiabatic,282,283.0,-0.7445720186497449,-4.751033536714945,0
cobyla,adiabatic,283,284.0,-0.7445720186497449,-4.751033536714945,0
cobyla,adiabatic,284,285.0,-0.7445720186497449,-4.751033536714945,0
cobyla,adiabatic,285,286.0,-0.7445720186497449,-4.751033536714945,0
cobyla,adiabatic,286,287.0,-0.7445720186497449,-4.751033536714945,0
cobyla,adiabatic,287,288.0,-0.7445720186497449,-4.751033536714945,0
cobyla,adiabatic,288,289.0,-0.7445720186497449,-4.751033536714945,0
cobyla,adiabatic,289,290.0,-0.7445720186497449,-4.751033536714945,0
cobyla,adiabatic,290,291.0,-0.7445720186497449,-4.751033536714945,0
cobyla,adiabatic,291,292.0,-0.7445720186497449,-4.751033536714945,0
cobyla,adiabatic,292,293.0,-0.7445720186497449,-4.751033536714945,0
cobyla,adiabatic,293,294.0,-0.7445720186497449,-4.751033536714945,0
cobyla,adiabatic,294,295.0,-0.7465659836506997,-4.755158999109398,0
cobyla,adiabatic,295,296.0,-0.7465659836506997,-4.755158999109398,0
cobyla,adiabatic,296,297.0,-0.7465659836506997,-4.755158999109398,0
cobyla,adiabatic,297,298.0,-0.7465659836506997,-4.755158999109398,0
cobyla,adiabatic,298,299.0,-0.746583699848303,-4.755238721998609,0
cobyla,adiabatic,299,300.0,-0.746583699848303,-4.755238721998609,0
cobyla,adiabatic,300,301.0,-1.3192487030126325,-4.755238721998609,0
cobyla,adiabatic,301,302.0,-1.3192487030126325,-4.755238721998609,0
cobyla,adiabatic,302,303.0,-1.3192487030126325,-4.755238721998609,0
cobyla,adiabatic,303,304.0,-1.3192487030126325,-4.755238721998609,0
cobyla,adiabatic,304,305.0,-1.3192487030126325,-4.755238721998609,0
cobyla,adiabatic,305,306.0,-1.3192487030126325,-4.755238721998609,0
cobyla,adiabatic,306,307.0,-1.3192487030126325,-4.755238721998609,0
cobyla,adiabatic,307,308.0,-1.3192487030126325,-4.755238721998609,0
cobyla,adiabatic,308,309.0,-1.3192487030126325,-4.755238721998609,0
cobyla,adiabatic,309,310.0,-1.3192487030126325,-4.755238721998609,0
cobyla,adiabatic,310,311.0,-1.3192487030126325,-4.755238721998609,0
cobyla,adiabatic,311,312.0,-1.3192487030126325,-4.755238721998609,0
cobyla,adiabatic,312,313.0,-1.3192487030126325,-4.755238721998609,0
cobyla,adiabatic,313,314.0,-1.3192487030126325,-4.755238721998609,0
cobyla,adiabatic,314,315.0,-1.3192487030126325,-4.755238721998609,0
cobyla,adiabatic,315,316.0,-1.3192487030126325,-4.755238721998609,0
cobyla,adiabatic,316,317.0,-1.3192487030126325,-4.755238721998609,0
cobyla,adiabatic,317,318.0,-1.3192487030126325,-4.755238721998609,0
cobyla,adiabatic,318,319.0,-1.3192487030126325,-4.755238721998609,0
cobyla,adiabatic,319,320.0,-1.3192487030126325,-4.755238721998609,0
cobyla,adiabatic,320,321.0,-1.3192487030126325,-4.755238721998609,0
cobyla,adiabatic,321,322.0,-1.3231339031375668,-4.765640852562556,0
cobyla,adiabatic,322,323.0,-1.3231339031375668,-4.765640852562556,0
cobyla,adiabatic,323,324.0,-1.3231339031375668,-4.765640852562556,0
cobyla,adiabatic,324,325.0,-1.3231339031375668,-4.765640852562556,0
cobyla,adiabatic,325,326.0,-1.3231339031375668,-4.765640852562556,0
cobyla,adiabatic,326,327.0,-1.3231339031375668,-4.765640852562556,0
cobyla,adiabatic,327,328.0,-1.3231339031375668,-4.765640852562556,0
cobyla,adiabatic,328,329.0,-1.3231339031375668,-4.765640852562556,0
cobyla,adiabatic,329,330.0,-1.3231339031375668,-4.765640852562556,0
cobyla,adiabatic,330,331.0,-1.3231339031375668,-4.765640852562556,0
cobyla,adiabatic,331,332.0,-1.3231339031375668,-4.765640852562556,0
cobyla,adiabatic,332,333.0,-1.3231339031375668,-4.765640852562556,0
cobyla,adiabatic,333,334.0,-1.3231339031375668,-4.765640852562556,0
cobyla,adiabatic,334,335.0,-1.3231339031375668,-4.765640852562556,0
cobyla,adiabatic,335,336.0,-1.3231339031375668,-4.765640852562556,0
cobyla,adiabatic,336,337.0,-1.3231339031375668,-4.765640852562556,0
cobyla,adiabatic,337,338.0,-1.3231339031375668,-4.765640852562556,0
cobyla,adiabatic,338,339.0,-1.3231339031375668,-4.765640852562556,0
cobyla,adiabatic,339,340.0,-1.3231339031375668,-4.765640852562556,0
cobyla,adiabatic,340,341.0,-1.3231339031375668,-4.765640852562556,0
cobyla,adiabatic,341,342.0,-1.3231339031375668,-4.765640852562556,0
cobyla,adiabatic,342,343.0,-1.3231339031375668,-4.765640852562556,0
cobyla,adiabatic,343,344.0,-1.3231339031375668,-4.765640852562556,0
cobyla,adiabatic,344,345.0,-1.3231339031375668,-4.765640852562556,0
cobyla,adiabatic,345,346.0,-1.3231339031375668,-4.765640852562556,0
cobyla,adiabatic,346,347.0,-1.325153820826972,-4.767332877307395,0
cobyla,adiabatic,347,348.0,-1.325153820826972,-4.767332877307395,0
cobyla,adiabatic,348,349.0,-1.325153820826972,-4.767332877307395,0
cobyla,adiabatic,349,350.0,-1.325153820826972,-4.767332877307395,0
cobyla,adiabatic,350,351.0,-1.325153820826972,-4.767332877307395,0
cobyla,adiabatic,351,352.0,-1.325153820826972,-4.767332877307395,0
cobyla,adiabatic,352,353.0,-1.325153820826972,-4.767332877307395,0
cobyla,adiabatic,353,354.0,-1.325153820826972,-4.767332877307395,0
cobyla,adiabatic,354,355.0,-1.325153820826972,-4.767332877307395,0
cobyla,adiabatic,355,356.0,-1.325153820826972,-4.767332877307395,0
cobyla,adiabatic,356,357.0,-1.325153820826972,-4.767332877307395,0
cobyla,adiabatic,357,358.0,-1.325153820826972,-4.767332877307395,0
cobyla,adiabatic,358,359.0,-1.325153820826972,-4.767332877307395,0
cobyla,adiabatic,359,360.0,-1.325153820826972,-4.767332877307395,0
cobyla,adiabatic,360,361.0,-1.325153820826972,-4.767332877307395,0
cobyla,adiabatic,361,362.0,-1.325153820826972,-4.767332877307395,0
cobyla,adiabatic,362,363.0,-1.325153820826972,-4.767332877307395,0
cobyla,adiabatic,363,364.0,-1.325153820826972,-4.767332877307395,0
cobyla,adiabatic,364,365.0,-1.325153820826972,-4.767332877307395,0
cobyla,adiabatic,365,366.0,-1.325153820826972,-4.767332877307395,0
cobyla,adiabatic,366,367.0,-1.325153820826972,-4.767332877307395,0
cobyla,adiabatic,367,368.0,-1.325153820826972,-4.767332877307395,0
cobyla,adiabatic,368,369.0,-1.325153820826972,-4.767332877307395,0
cobyla,adiabatic,369,370.0,-1.325153820826972,-4.767332877307395,0
cobyla,adiabatic,370,371.0,-1.325153820826972,-4.767332877307395,0
cobyla,adiabatic,371,372.0,-1.325153820826972,-4.767332877307395,0
cobyla,adiabatic,372,373.0,-1.325153820826972,-4.767332877307395,0
cobyla,adiabatic,373,374.0,-1.325153820826972,-4.767332877307395,0
cobyla,adiabatic,374,375.0,-1.325153820826972,-4.767332877307395,0
cobyla,adiabatic,375,376.0,-1.325153820826972,-4.767332877307395,0
cobyla,adiabatic,376,377.0,-1.325153820826972,-4.767332877307395,0
cobyla,adiabatic,377,378.0,-1.325153820826972,-4.767332877307395,0
cobyla,adiabatic,378,379.0,-1.325153820826972,-4.767332877307395,0
cobyla,adiabatic,379,380.0,-1.33064991716145,-4.776939172853126,0
cobyla,adiabatic,380,381.0,-1.33064991716145,-4.776939172853126,0
cobyla,adiabatic,381,382.0,-1.33064991716145,-4.776939172853126,0
cobyla,adiabatic,382,383.0,-1.33064991716145,-4.776939172853126,0
cobyla,adiabatic,383,384.0,-1.33064991716145,-4.776939172853126,0
cobyla,adiabatic,384,385.0,-1.33064991716145,-4.776939172853126,0
cobyla,adiabatic,385,386.0,-1.3327502920092602,-4.780659440691027,0
cobyla,adiabatic,386,387.0,-1.3327502920092602,-4.780659440691027,0
cobyla,adiabatic,387,388.0,-1.3327502920092602,-4.780659440691027,0
cobyla,adiabatic,388,389.0,-1.3327502920092602,-4.780659440691027,0
cobyla,adiabatic,389,390.0,-1.3327502920092602,-4.780659440691027,0
cobyla,adiabatic,390,391.0,-1.3327502920092602,-4.780659440691027,0
cobyla,adiabatic,391,392.0,-1.3327502920092602,-4.780659440691027,0
cobyla,adiabatic,392,393.0,-1.3327502920092602,-4.780659440691027,0
cobyla,adiabatic,393,394.0,-1.3327502920092602,-4.780659440691027,0
cobyla,adiabatic,394,395.0,-1.3327502920092602,-4.780659440691027,0
cobyla,adiabatic,395,396.0,-1.3327502920092602,-4.780659440691027,0
cobyla,adiabatic,396,397.0,-1.3327502920092602,-4.780659440691027,0
cobyla,adiabatic,397,398.0,-1.3327502920092602,-4.780659440691027,0
cobyla,adiabatic,398,399.0,-1.3331253354111512,-4.781784570896703,0
cobyla,adiabatic,399,400.0,-1.3331253354111512,-4.781784570896703,0
cobyla,adiabatic,400,401.0,-1.907901874658747,-4.781784570896703,0
cobyla,adiabatic,401,402.0,-1.907901874658747,-4.781784570896703,0
cobyla,adiabatic,402,403.0,-1.907901874658747,-4.781784570896703,0
cobyla,adiabatic,403,404.0,-1.907901874658747,-4.781784570896703,0
cobyla,adiabatic,404,405.0,-1.907901874658747,-4.781784570896703,0
cobyla,adiabatic,405,406.0,-1.907901874658747,-4.781784570896703,0
cobyla,adiabatic,406,407.0,-1.907901874658747,-4.781784570896703,0
cobyla,adiabatic,407,408.0,-1.907901874658747,-4.781784570896703,0
cobyla,adiabatic,408,409.0,-1.907901874658747,-4.781784570896703,0
cobyla,adiabatic,409,410.0,-1.907901874658747,-4.781784570896703,0
cobyla,adiabatic,410,411.0,-1.907901874658747,-4.781784570896703,0
cobyla,adiabatic,411,412.0,-1.907901874658747,-4.781784570896703,0
cobyla,adiabatic,412,413.0,-1.907901874658747,-4.781784570896703,0
cobyla,adiabatic,413,414.0,-1.907901874658747,-4.781784570896703,0
cobyla,adiabatic,414,415.0,-1.907901874658747,-4.781784570896703,0
cobyla,adiabatic,415,416.0,-1.907901874658747,-4.781784570896703,0
cobyla,adiabatic,416,417.0,-1.907901874658747,-4.781784570896703,0
cobyla,adiabatic,417,418.0,-1.907901874658747,-4.781784570896703,0
cobyla,adiabatic,418,419.0,-1.907901874658747,-4.781784570896703,0
cobyla,adiabatic,419,420.0,-1.907901874658747,-4.781784570896703,0
cobyla,adiabatic,420,421.0,-1.907901874658747,-4.781784570896703,0
cobyla,adiabatic,421,422.0,-1.907901874658747,-4.781784570896703,0
cobyla,adiabatic,422,423.0,-1.907901874658747,-4.781784570896703,0
cobyla,adiabatic,423,424.0,-1.907901874658747,-4.781784570896703,0
cobyla,adiabatic,424,425.0,-1.907901874658747,-4.781784570896703,0
cobyla,adiabatic,425,426.0,-1.907901874658747,-4.781784570896703,0
cobyla,adiabatic,426,427.0,-1.907901874658747,-4.781784570896703,0
cobyla,adiabatic,427,428.0,-1.907901874658747,-4.781784570896703,0
cobyla,adiabatic,428,429.0,-1.907901874658747,-4.781784570896703,0
cobyla,adiabatic,429,430.0,-1.907901874658747,-4.781784570896703,0
cobyla,adiabatic,430,431.0,-1.907901874658747,-4.781784570896703,0
cobyla,adiabatic,431,432.0,-1.907901874658747,-4.781784570896703,0
cobyla,adiabatic,432,433.0,-1.907901874658747,-4.781784570896703,0
cobyla,adiabatic,433,434.0,-1.907901874658747,-4.781784570896703,0
cobyla,adiabatic,434,435.0,-1.907901874658747,-4.781784570896703,0
cobyla,adiabatic,435,436.0,-1.907901874658747,-4.781784570896703,0
cobyla,adiabatic,436,437.0,-1.907901874658747,-4.781784570896703,0
cobyla,adiabatic,437,438.0,-1.907901874658747,-4.781784570896703,0
cobyla,adiabatic,438,439.0,-1.907901874658747,-4.781784570896703,0
cobyla,adiabatic,439,440.0,-1.907901874658747,-4.781784570896703,0
cobyla,adiabatic,440,441.0,-1.907901874658747,-4.781784570896703,0
cobyla,adiabatic,441,442.0,-1.907901874658747,-4.781784570896703,0
cobyla,adiabatic,442,443.0,-1.907901874658747,-4.781784570896703,0
cobyla,adiabatic,443,444.0,-1.907901874658747,-4.781784570896703,0
cobyla,adiabatic,444,445.0,-1.907901874658747,-4.781784570896703,0
cobyla,adiabatic,445,446.0,-1.907901874658747,-4.781784570896703,0
cobyla,adiabatic,446,447.0,-1.907901874658747,-4.781784570896703,0
cobyla,adiabatic,447,448.0,-1.907901874658747,-4.781784570896703,0
cobyla,adiabatic,448,449.0,-1.907901874658747,-4.781784570896703,0
cobyla,adiabatic,449,450.0,-1.907901874658747,-4.781784570896703,0
cobyla,adiabatic,450,451.0,-1.907901874658747,-4.781784570896703,0
cobyla,adiabatic,451,452.0,-1.907901874658747,-4.781784570896703,0
cobyla,adiabatic,452,453.0,-1.907901874658747,-4.781784570896703,0
cobyla,adiabatic,453,454.0,-1.907901874658747,-4.781784570896703,0
cobyla,adiabatic,454,455.0,-1.907901874658747,-4.781784570896703,0
cobyla,adiabatic,455,456.0,-1.907901874658747,-4.781784570896703,0
cobyla,adiabatic,456,457.0,-1.907901874658747,-4.781784570896703,0
cobyla,adiabatic,457,458.0,-1.907901874658747,-4.781784570896703,0
cobyla,adiabatic,458,459.0,-1.907901874658747,-4.781784570896703,0
cobyla,adiabatic,459,460.0,-1.907901874658747,-4.781784570896703,0
cobyla,adiabatic,460,461.0,-1.907901874658747,-4.781784570896703,0
cobyla,adiabatic,461,462.0,-1.907901874658747,-4.781784570896703,0
cobyla,adiabatic,462,463.0,-1.907901874658747,-4.781784570896703,0
cobyla,adiabatic,463,464.0,-1.907901874658747,-4.781784570896703,0
cobyla,adiabatic,464,465.0,-1.907901874658747,-4.781784570896703,0
cobyla,adiabatic,465,466.0,-1.907901874658747,-4.781784570896703,0
cobyla,adiabatic,466,467.0,-1.907901874658747,-4.781784570896703,0
cobyla,adiabatic,467,468.0,-1.907901874658747,-4.781784570896703,0
cobyla,adiabatic,468,469.0,-1.907901874658747,-4.781784570896703,0
cobyla,adiabatic,469,470.0,-1.907901874658747,-4.781784570896703,0
cobyla,adiabatic,470,471.0,-1.907901874658747,-4.781784570896703,0
cobyla,adiabatic,471,472.0,-1.907901874658747,-4.781784570896703,0
cobyla,adiabatic,472,473.0,-1.907901874658747,-4.781784570896703,0
cobyla,adiabatic,473,474.0,-1.907901874658747,-4.781784570896703,0
cobyla,adiabatic,474,475.0,-1.907901874658747,-4.781784570896703,0
cobyla,adiabatic,475,476.0,-1.907901874658747,-4.781784570896703,0
cobyla,adiabatic,476,477.0,-1.907901874658747,-4.781784570896703,0
cobyla,adiabatic,477,478.0,-1.907901874658747,-4.781784570896703,0
cobyla,adiabatic,478,479.0,-1.907901874658747,-4.781784570896703,0
cobyla,adiabatic,479,480.0,-1.907901874658747,-4.781784570896703,0
cobyla,adiabatic,480,481.0,-1.907901874658747,-4.781784570896703,0
cobyla,adiabatic,481,482.0,-1.907901874658747,-4.781784570896703,0
cobyla,adiabatic,482,483.0,-1.907901874658747,-4.781784570896703,0
cobyla,adiabatic,483,484.0,-1.907901874658747,-4.781784570896703,0
cobyla,adiabatic,484,485.0,-1.907901874658747,-4.781784570896703,0
cobyla,adiabatic,485,486.0,-1.907901874658747,-4.781784570896703,0
cobyla,adiabatic,486,487.0,-1.9081075094577957,-4.784258286762904,0
cobyla,adiabatic,487,488.0,-1.9081075094577957,-4.784258286762904,0
cobyla,adiabatic,488,489.0,-1.9081075094577957,-4.784258286762904,0
cobyla,adiabatic,489,490.0,-1.9081075094577957,-4.784258286762904,0
cobyla,adiabatic,490,491.0,-1.9081075094577957,-4.784258286762904,0
cobyla,adiabatic,491,492.0,-1.9081075094577957,-4.784258286762904,0
cobyla,adiabatic,492,493.0,-1.9081075094577957,-4.784258286762904,0
cobyla,adiabatic,493,494.0,-1.9081075094577957,-4.784258286762904,0
cobyla,adiabatic,494,495.0,-1.9081075094577957,-4.784258286762904,0
cobyla,adiabatic,495,496.0,-1.9081075094577957,-4.784258286762904,0
cobyla,adiabatic,496,497.0,-1.9081075094577957,-4.784258286762904,0
cobyla,adiabatic,497,498.0,-1.9081075094577957,-4.784258286762904,0
cobyla,adiabatic,498,499.0,-1.9090377106446919,-4.786351239433422,0
cobyla,adiabatic,499,500.0,-1.9090377106446919,-4.786351239433422,0
cobyla,adiabatic,500,501.0,-2.484500416402431,-4.786351239433422,0
cobyla,adiabatic,501,502.0,-2.484500416402431,-4.786351239433422,0
cobyla,adiabatic,502,503.0,-2.484500416402431,-4.786351239433422,0
cobyla,adiabatic,503,504.0,-2.484500416402431,-4.786351239433422,0
cobyla,adiabatic,504,505.0,-2.484500416402431,-4.786351239433422,0
cobyla,adiabatic,505,506.0,-2.484500416402431,-4.786351239433422,0
cobyla,adiabatic,506,507.0,-2.484500416402431,-4.786351239433422,0
cobyla,adiabatic,507,508.0,-2.484500416402431,-4.786351239433422,0
cobyla,adiabatic,508,509.0,-2.484500416402431,-4.786351239433422,0
cobyla,adiabatic,509,510.0,-2.484500416402431,-4.786351239433422,0
cobyla,adiabatic,510,511.0,-2.484500416402431,-4.786351239433422,0
cobyla,adiabatic,511,512.0,-2.484500416402431,-4.786351239433422,0
cobyla,adiabatic,512,513.0,-2.484500416402431,-4.786351239433422,0
cobyla,adiabatic,513,514.0,-2.484500416402431,-4.786351239433422,0
cobyla,adiabatic,514,515.0,-2.484500416402431,-4.786351239433422,0
cobyla,adiabatic,515,516.0,-2.484500416402431,-4.786351239433422,0
cobyla,adiabatic,516,517.0,-2.484500416402431,-4.786351239433422,0
cobyla,adiabatic,517,518.0,-2.484500416402431,-4.786351239433422,0
cobyla,adiabatic,518,519.0,-2.484500416402431,-4.786351239433422,0
cobyla,adiabatic,519,520.0,-2.484500416402431,-4.786351239433422,0
cobyla,adiabatic,520,521.0,-2.484500416402431,-4.786351239433422,0
cobyla,adiabatic,521,522.0,-2.484500416402431,-4.786351239433422,0
cobyla,adiabatic,522,523.0,-2.484500416402431,-4.786351239433422,0
cobyla,adiabatic,523,524.0,-2.484500416402431,-4.786351239433422,0
cobyla,adiabatic,524,525.0,-2.484500416402431,-4.786351239433422,0
cobyla,adiabatic,525,526.0,-2.484500416402431,-4.786351239433422,0
cobyla,adiabatic,526,527.0,-2.484500416402431,-4.786351239433422,0
cobyla,adiabatic,527,528.0,-2.484500416402431,-4.786351239433422,0
cobyla,adiabatic,528,529.0,-2.484500416402431,-4.786351239433422,0
cobyla,adiabatic,529,530.0,-2.484500416402431,-4.786351239433422,0
cobyla,adiabatic,530,531.0,-2.484500416402431,-4.786351239433422,0
cobyla,adiabatic,531,532.0,-2.484500416402431,-4.786351239433422,0
cobyla,adiabatic,532,533.0,-2.484500416402431,-4.786351239433422,0
cobyla,adiabatic,533,534.0,-2.484500416402431,-4.786351239433422,0
cobyla,adiabatic,534,535.0,-2.484500416402431,-4.786351239433422,0
cobyla,adiabatic,535,536.0,-2.484500416402431,-4.786351239433422,0
cobyla,adiabatic,536,537.0,-2.484500416402431,-4.786351239433422,0
cobyla,adiabatic,537,538.0,-2.484500416402431,-4.786351239433422,0
cobyla,adiabatic,538,539.0,-2.484500416402431,-4.786351239433422,0
cobyla,adiabatic,539,540.0,-2.484500416402431,-4.786351239433422,0
cobyla,adiabatic,540,541.0,-2.484500416402431,-4.786351239433422,0
cobyla,adiabatic,541,542.0,-2.484500416402431,-4.786351239433422,0
cobyla,adiabatic,542,543.0,-2.484500416402431,-4.786351239433422,0
cobyla,adiabatic,543,544.0,-2.484500416402431,-4.786351239433422,0
cobyla,adiabatic,544,545.0,-2.484500416402431,-4.786351239433422,0
cobyla,adiabatic,545,546.0,-2.484500416402431,-4.786351239433422,0
cobyla,adiabatic,546,547.0,-2.484500416402431,-4.786351239433422,0
cobyla,adiabatic,547,548.0,-2.484500416402431,-4.786351239433422,0
cobyla,adiabatic,548,549.0,-2.484500416402431,-4.786351239433422,0
cobyla,adiabatic,549,550.0,-2.484500416402431,-4.786351239433422,0
cobyla,adiabatic,550,551.0,-2.484500416402431,-4.786351239433422,0
cobyla,adiabatic,551,552.0,-2.484500416402431,-4.786351239433422,0
cobyla,adiabatic,552,553.0,-2.484500416402431,-4.786351239433422,0
cobyla,adiabatic,553,554.0,-2.484500416402431,-4.786351239433422,0
cobyla,adiabatic,554,555.0,-2.484500416402431,-4.786351239433422,0
cobyla,adiabatic,555,556.0,-2.484500416402431,-4.786351239433422,0
cobyla,adiabatic,556,557.0,-2.484500416402431,-4.786351239433422,0
cobyla,adiabatic,557,558.0,-2.484500416402431,-4.786351239433422,0
cobyla,adiabatic,558,559.0,-2.484500416402431,-4.786351239433422,0
cobyla,adiabatic,559,560.0,-2.484500416402431,-4.786351239433422,0
cobyla,adiabatic,560,561.0,-2.484500416402431,-4.786351239433422,0
cobyla,adiabatic,561,562.0,-2.484500416402431,-4.786351239433422,0
cobyla,adiabatic,562,563.0,-2.484500416402431,-4.786351239433422,0
cobyla,adiabatic,563,564.0,-2.484500416402431,-4.786351239433422,0
cobyla,adiabatic,564,565.0,-2.484500416402431,-4.786351239433422,0
cobyla,adiabatic,565,566.0,-2.484500416402431,-4.786351239433422,0
cobyla,adiabatic,566,567.0,-2.484500416402431,-4.786351239433422,0
cobyla,adiabatic,567,568.0,-2.484500416402431,-4.786351239433422,0
cobyla,adiabatic,568,569.0,-2.484500416402431,-4.786351239433422,0
cobyla,adiabatic,569,570.0,-2.484500416402431,-4.786351239433422,0
cobyla,adiabatic,570,571.0,-2.484500416402431,-4.786351239433422,0
cobyla,adiabatic,571,572.0,-2.484500416402431,-4.786351239433422,0
cobyla,adiabatic,572,573.0,-2.484500416402431,-4.786351239433422,0
cobyla,adiabatic,573,574.0,-2.484500416402431,-4.786351239433422,0
cobyla,adiabatic,574,575.0,-2.484500416402431,-4.786351239433422,0
cobyla,adiabatic,575,576.0,-2.484500416402431,-4.786351239433422,0
cobyla,adiabatic,576,577.0,-2.484500416402431,-4.786351239433422,0
cobyla,adiabatic,577,578.0,-2.484500416402431,-4.786351239433422,0
cobyla,adiabatic,578,579.0,-2.484500416402431,-4.786351239433422,0
cobyla,adiabatic,579,580.0,-2.484500416402431,-4.786351239433422,0
cobyla,adiabatic,580,581.0,-2.484500416402431,-4.786351239433422,0
cobyla,adiabatic,581,582.0,-2.484500416402431,-4.786351239433422,0
cobyla,adiabatic,582,583.0,-2.484500416402431,-4.786351239433422,0
cobyla,adiabatic,583,584.0,-2.484500416402431,-4.786351239433422,0
cobyla,adiabatic,584,585.0,-2.484500416402431,-4.786351239433422,0
cobyla,adiabatic,585,586.0,-2.484500416402431,-4.786351239433422,0
cobyla,adiabatic,586,587.0,-2.484500416402431,-4.786351239433422,0
cobyla,adiabatic,587,588.0,-2.484500416402431,-4.786351239433422,0
cobyla,adiabatic,588,589.0,-2.484500416402431,-4.786351239433422,0
cobyla,adiabatic,589,590.0,-2.484500416402431,-4.786351239433422,0
cobyla,adiabatic,590,591.0,-2.484500416402431,-4.786351239433422,0
cobyla,adiabatic,591,592.0,-2.484500416402431,-4.786351239433422,0
cobyla,adiabatic,592,593.0,-2.484500416402431,-4.786351239433422,0
cobyla,adiabatic,593,594.0,-2.484500416402431,-4.786351239433422,0
cobyla,adiabatic,594,595.0,-2.484500416402431,-4.786351239433422,0
cobyla,adiabatic,595,596.0,-2.484500416402431,-4.786351239433422,0
cobyla,adiabatic,596,597.0,-2.484500416402431,-4.786351239433422,0
cobyla,adiabatic,597,598.0,-2.484500416402431,-4.786351239433422,0
cobyla,adiabatic,598,599.0,-2.485117130603999,-4.78746132499623,0
cobyla,adiabatic,599,600.0,-2.485117130603999,-4.78746132499623,0
cobyla,adiabatic,600,601.0,-3.0607031792020565,-4.78746132499623,0
cobyla,adiabatic,601,602.0,-3.0607031792020565,-4.78746132499623,0
cobyla,adiabatic,602,603.0,-3.0607031792020565,-4.78746132499623,0
cobyla,adiabatic,603,604.0,-3.0607031792020565,-4.78746132499623,0
cobyla,adiabatic,604,605.0,-3.0607031792020565,-4.78746132499623,0
cobyla,adiabatic,605,606.0,-3.0607031792020565,-4.78746132499623,0
cobyla,adiabatic,606,607.0,-3.0607031792020565,-4.78746132499623,0
cobyla,adiabatic,607,608.0,-3.0607031792020565,-4.78746132499623,0
cobyla,adiabatic,608,609.0,-3.0607031792020565,-4.78746132499623,0
cobyla,adiabatic,609,610.0,-3.0607031792020565,-4.78746132499623,0
cobyla,adiabatic,610,611.0,-3.0607031792020565,-4.78746132499623,0
cobyla,adiabatic,611,612.0,-3.0607031792020565,-4.78746132499623,0
cobyla,adiabatic,612,613.0,-3.0607031792020565,-4.78746132499623,0
cobyla,adiabatic,613,614.0,-3.0607031792020565,-4.78746132499623,0
cobyla,adiabatic,614,615.0,-3.0607031792020565,-4.78746132499623,0
cobyla,adiabatic,615,616.0,-3.0607031792020565,-4.78746132499623,0
cobyla,adiabatic,616,617.0,-3.0607031792020565,-4.78746132499623,0
cobyla,adiabatic,617,618.0,-3.0607031792020565,-4.78746132499623,0
cobyla,adiabatic,618,619.0,-3.0607031792020565,-4.78746132499623,0
cobyla,adiabatic,619,620.0,-3.0607031792020565,-4.78746132499623,0
cobyla,adiabatic,620,621.0,-3.0607031792020565,-4.78746132499623,0
cobyla,adiabatic,621,622.0,-3.0607031792020565,-4.78746132499623,0
cobyla,adiabatic,622,623.0,-3.0607031792020565,-4.78746132499623,0
cobyla,adiabatic,623,624.0,-3.0607031792020565,-4.78746132499623,0
cobyla,adiabatic,624,625.0,-3.0607031792020565,-4.78746132499623,0
cobyla,adiabatic,625,626.0,-3.0607031792020565,-4.78746132499623,0
cobyla,adiabatic,626,627.0,-3.0607031792020565,-4.78746132499623,0
cobyla,adiabatic,627,628.0,-3.0607031792020565,-4.78746132499623,0
cobyla,adiabatic,628,629.0,-3.0607031792020565,-4.78746132499623,0
cobyla,adiabatic,629,630.0,-3.0607031792020565,-4.78746132499623,0
cobyla,adiabatic,630,631.0,-3.0607031792020565,-4.78746132499623,0
cobyla,adiabatic,631,632.0,-3.0607031792020565,-4.78746132499623,0
cobyla,adiabatic,632,633.0,-3.0607031792020565,-4.78746132499623,0
cobyla,adiabatic,633,634.0,-3.0607031792020565,-4.78746132499623,0
cobyla,adiabatic,634,635.0,-3.0607031792020565,-4.78746132499623,0
cobyla,adiabatic,635,636.0,-3.0607031792020565,-4.78746132499623,0
cobyla,adiabatic,636,637.0,-3.0607031792020565,-4.78746132499623,0
cobyla,adiabatic,637,638.0,-3.0607031792020565,-4.78746132499623,0
cobyla,adiabatic,638,639.0,-3.0607031792020565,-4.78746132499623,0
cobyla,adiabatic,639,640.0,-3.0607031792020565,-4.78746132499623,0
cobyla,adiabatic,640,641.0,-3.0607031792020565,-4.78746132499623,0
cobyla,adiabatic,641,642.0,-3.0607031792020565,-4.78746132499623,0
cobyla,adiabatic,642,643.0,-3.0607031792020565,-4.78746132499623,0
cobyla,adiabatic,643,644.0,-3.0607031792020565,-4.78746132499623,0
cobyla,adiabatic,644,645.0,-3.0607031792020565,-4.78746132499623,0
cobyla,adiabatic,645,646.0,-3.0607031792020565,-4.78746132499623,0
cobyla,adiabatic,646,647.0,-3.0607031792020565,-4.78746132499623,0
cobyla,adiabatic,647,648.0,-3.0607031792020565,-4.78746132499623,0
cobyla,adiabatic,648,649.0,-3.0607031792020565,-4.78746132499623,0
cobyla,adiabatic,649,650.0,-3.0607031792020565,-4.78746132499623,0
cobyla,adiabatic,650,651.0,-3.0607031792020565,-4.78746132499623,0
cobyla,adiabatic,651,652.0,-3.0607031792020565,-4.78746132499623,0
cobyla,adiabatic,652,653.0,-3.0607031792020565,-4.78746132499623,0
cobyla,adiabatic,653,654.0,-3.0607031792020565,-4.78746132499623,0
cobyla,adiabatic,654,655.0,-3.0607031792020565,-4.78746132499623,0
cobyla,adiabatic,655,656.0,-3.0607031792020565,-4.78746132499623,0
cobyla,adiabatic,656,657.0,-3.0607031792020565,-4.78746132499623,0
cobyla,adiabatic,657,658.0,-3.0607031792020565,-4.78746132499623,0
cobyla,adiabatic,658,659.0,-3.0607031792020565,-4.78746132499623,0
cobyla,adiabatic,659,660.0,-3.0607031792020565,-4.78746132499623,0
cobyla,adiabatic,660,661.0,-3.0607031792020565,-4.78746132499623,0
cobyla,adiabatic,661,662.0,-3.0607031792020565,-4.78746132499623,0
cobyla,adiabatic,662,663.0,-3.0607031792020565,-4.78746132499623,0
cobyla,adiabatic,663,664.0,-3.0607031792020565,-4.78746132499623,0
cobyla,adiabatic,664,665.0,-3.0607031792020565,-4.78746132499623,0
cobyla,adiabatic,665,666.0,-3.0607031792020565,-4.78746132499623,0
cobyla,adiabatic,666,667.0,-3.0607031792020565,-4.78746132499623,0
cobyla,adiabatic,667,668.0,-3.0607031792020565,-4.78746132499623,0
cobyla,adiabatic,668,669.0,-3.0607031792020565,-4.78746132499623,0
cobyla,adiabatic,669,670.0,-3.0607031792020565,-4.78746132499623,0
cobyla,adiabatic,670,671.0,-3.0607031792020565,-4.78746132499623,0
cobyla,adiabatic,671,672.0,-3.0607031792020565,-4.78746132499623,0
cobyla,adiabatic,672,673.0,-3.0607031792020565,-4.78746132499623,0
cobyla,adiabatic,673,674.0,-3.0607031792020565,-4.78746132499623,0
cobyla,adiabatic,674,675.0,-3.0607031792020565,-4.78746132499623,0
cobyla,adiabatic,675,676.0,-3.0607031792020565,-4.78746132499623,0
cobyla,adiabatic,676,677.0,-3.0607031792020565,-4.78746132499623,0
cobyla,adiabatic,677,678.0,-3.0607031792020565,-4.78746132499623,0
cobyla,adiabatic,678,679.0,-3.0607031792020565,-4.78746132499623,0
cobyla,adiabatic,679,680.0,-3.0607031792020565,-4.78746132499623,0
cobyla,adiabatic,680,681.0,-3.0607031792020565,-4.78746132499623,0
cobyla,adiabatic,681,682.0,-3.0607031792020565,-4.78746132499623,0
cobyla,adiabatic,682,683.0,-3.0607031792020565,-4.78746132499623,0
cobyla,adiabatic,683,684.0,-3.0607031792020565,-4.78746132499623,0
cobyla,adiabatic,684,685.0,-3.0607031792020565,-4.78746132499623,0
cobyla,adiabatic,685,686.0,-3.0607031792020565,-4.78746132499623,0
cobyla,adiabatic,686,687.0,-3.0607031792020565,-4.78746132499623,0
cobyla,adiabatic,687,688.0,-3.0607031792020565,-4.78746132499623,0
cobyla,adiabatic,688,689.0,-3.0607031792020565,-4.78746132499623,0
cobyla,adiabatic,689,690.0,-3.0607031792020565,-4.78746132499623,0
cobyla,adiabatic,690,691.0,-3.0607031792020565,-4.78746132499623,0
cobyla,adiabatic,691,692.0,-3.0607031792020565,-4.78746132499623,0
cobyla,adiabatic,692,693.0,-3.0607031792020565,-4.78746132499623,0
cobyla,adiabatic,693,694.0,-3.0607031792020565,-4.78746132499623,0
cobyla,adiabatic,694,695.0,-3.0607031792020565,-4.78746132499623,0
cobyla,adiabatic,695,696.0,-3.0607031792020565,-4.78746132499623,0
cobyla,adiabatic,696,697.0,-3.0607031792020565,-4.78746132499623,0
cobyla,adiabatic,697,698.0,-3.0607031792020565,-4.78746132499623,0
cobyla,adiabatic,698,699.0,-3.0607031792020565,-4.78746132499623,0
cobyla,adiabatic,699,700.0,-3.0607031792020565,-4.78746132499623,0
cobyla,adiabatic,700,701.0,-3.6362892278001184,-4.78746132499623,0
cobyla,adiabatic,701,702.0,-3.6362892278001184,-4.78746132499623,0
cobyla,adiabatic,702,703.0,-3.6362892278001184,-4.78746132499623,0
cobyla,adiabatic,703,704.0,-3.6362892278001184,-4.78746132499623,0
cobyla,adiabatic,704,705.0,-3.6362892278001184,-4.78746132499623,0
cobyla,adiabatic,705,706.0,-3.6362892278001184,-4.78746132499623,0
cobyla,adiabatic,706,707.0,-3.6362892278001184,-4.78746132499623,0
cobyla,adiabatic,707,708.0,-3.6362892278001184,-4.78746132499623,0
cobyla,adiabatic,708,709.0,-3.6362892278001184,-4.78746132499623,0
cobyla,adiabatic,709,710.0,-3.6362892278001184,-4.78746132499623,0
cobyla,adiabatic,710,711.0,-3.6362892278001184,-4.78746132499623,0
cobyla,adiabatic,711,712.0,-3.6362892278001184,-4.78746132499623,0
cobyla,adiabatic,712,713.0,-3.6362892278001184,-4.78746132499623,0
cobyla,adiabatic,713,714.0,-3.6362892278001184,-4.78746132499623,0
cobyla,adiabatic,714,715.0,-3.6362892278001184,-4.78746132499623,0
cobyla,adiabatic,715,716.0,-3.6362892278001184,-4.78746132499623,0
cobyla,adiabatic,716,717.0,-3.6362892278001184,-4.78746132499623,0
cobyla,adiabatic,717,718.0,-3.6362892278001184,-4.78746132499623,0
cobyla,adiabatic,718,719.0,-3.6362892278001184,-4.78746132499623,0
cobyla,adiabatic,719,720.0,-3.6362892278001184,-4.78746132499623,0
cobyla,adiabatic,720,721.0,-3.6362892278001184,-4.78746132499623,0
cobyla,adiabatic,721,722.0,-3.6362892278001184,-4.78746132499623,0
cobyla,adiabatic,722,723.0,-3.6362892278001184,-4.78746132499623,0
cobyla,adiabatic,723,724.0,-3.6362892278001184,-4.78746132499623,0
cobyla,adiabatic,724,725.0,-3.6362892278001184,-4.78746132499623,0
cobyla,adiabatic,725,726.0,-3.6362892278001184,-4.78746132499623,0
cobyla,adiabatic,726,727.0,-3.6362892278001184,-4.78746132499623,0
cobyla,adiabatic,727,728.0,-3.6362892278001184,-4.78746132499623,0
cobyla,adiabatic,728,729.0,-3.6362892278001184,-4.78746132499623,0
cobyla,adiabatic,729,730.0,-3.6362892278001184,-4.78746132499623,0
cobyla,adiabatic,730,731.0,-3.6362892278001184,-4.78746132499623,0
cobyla,adiabatic,731,732.0,-3.6362892278001184,-4.78746132499623,0
cobyla,adiabatic,732,733.0,-3.6362892278001184,-4.78746132499623,0
cobyla,adiabatic,733,734.0,-3.6362892278001184,-4.78746132499623,0
cobyla,adiabatic,734,735.0,-3.6362892278001184,-4.78746132499623,0
cobyla,adiabatic,735,736.0,-3.6362892278001184,-4.78746132499623,0
cobyla,adiabatic,736,737.0,-3.6362892278001184,-4.78746132499623,0
cobyla,adiabatic,737,738.0,-3.6362892278001184,-4.78746132499623,0
cobyla,adiabatic,738,739.0,-3.6362892278001184,-4.78746132499623,0
cobyla,adiabatic,739,740.0,-3.6362892278001184,-4.78746132499623,0
cobyla,adiabatic,740,741.0,-3.6362892278001184,-4.78746132499623,0
cobyla,adiabatic,741,742.0,-3.6362892278001184,-4.78746132499623,0
cobyla,adiabatic,742,743.0,-3.6362892278001184,-4.78746132499623,0
cobyla,adiabatic,743,744.0,-3.6362892278001184,-4.78746132499623,0
cobyla,adiabatic,744,745.0,-3.6362892278001184,-4.78746132499623,0
cobyla,adiabatic,745,746.0,-3.6362892278001184,-4.78746132499623,0
cobyla,adiabatic,746,747.0,-3.6362892278001184,-4.78746132499623,0
cobyla,adiabatic,747,748.0,-3.6362892278001184,-4.78746132499623,0
cobyla,adiabatic,748,749.0,-3.6362892278001184,-4.78746132499623,0
cobyla,adiabatic,749,750.0,-3.6362892278001184,-4.78746132499623,0
cobyla,adiabatic,750,751.0,-3.6362892278001184,-4.78746132499623,0
cobyla,adiabatic,751,752.0,-3.6362892278001184,-4.78746132499623,0
cobyla,adiabatic,752,753.0,-3.6362892278001184,-4.78746132499623,0
cobyla,adiabatic,753,754.0,-3.6362892278001184,-4.78746132499623,0
cobyla,adiabatic,754,755.0,-3.6362892278001184,-4.78746132499623,0
cobyla,adiabatic,755,756.0,-3.6362892278001184,-4.78746132499623,0
cobyla,adiabatic,756,757.0,-3.6362892278001184,-4.78746132499623,0
cobyla,adiabatic,757,758.0,-3.6362892278001184,-4.78746132499623,0
cobyla,adiabatic,758,759.0,-3.6362892278001184,-4.78746132499623,0
cobyla,adiabatic,759,760.0,-3.6362892278001184,-4.78746132499623,0
cobyla,adiabatic,760,761.0,-3.6362892278001184,-4.78746132499623,0
cobyla,adiabatic,761,762.0,-3.6362892278001184,-4.78746132499623,0
cobyla,adiabatic,762,763.0,-3.6362892278001184,-4.78746132499623,0
cobyla,adiabatic,763,764.0,-3.6362892278001184,-4.78746132499623,0
cobyla,adiabatic,764,765.0,-3.6362892278001184,-4.78746132499623,0
cobyla,adiabatic,765,766.0,-3.6362892278001184,-4.78746132499623,0
cobyla,adiabatic,766,767.0,-3.6362892278001184,-4.78746132499623,0
cobyla,adiabatic,767,768.0,-3.6362892278001184,-4.78746132499623,0
cobyla,adiabatic,768,769.0,-3.6362892278001184,-4.78746132499623,0
cobyla,adiabatic,769,770.0,-3.6362892278001184,-4.78746132499623,0
cobyla,adiabatic,770,771.0,-3.6362892278001184,-4.78746132499623,0
cobyla,adiabatic,771,772.0,-3.6362892278001184,-4.78746132499623,0
cobyla,adiabatic,772,773.0,-3.6362892278001184,-4.78746132499623,0
cobyla,adiabatic,773,774.0,-3.6362892278001184,-4.78746132499623,0
cobyla,adiabatic,774,775.0,-3.6362892278001184,-4.78746132499623,0
cobyla,adiabatic,775,776.0,-3.6362892278001184,-4.78746132499623,0
cobyla,adiabatic,776,777.0,-3.6362892278001184,-4.78746132499623,0
cobyla,adiabatic,777,778.0,-3.6362892278001184,-4.78746132499623,0
cobyla,adiabatic,778,779.0,-3.6362892278001184,-4.78746132499623,0
cobyla,adiabatic,779,780.0,-3.6362892278001184,-4.78746132499623,0
cobyla,adiabatic,780,781.0,-3.6362892278001184,-4.78746132499623,0
cobyla,adiabatic,781,782.0,-3.6362892278001184,-4.78746132499623,0
cobyla,adiabatic,782,783.0,-3.6362892278001184,-4.78746132499623,0
cobyla,adiabatic,783,784.0,-3.6362892278001184,-4.78746132499623,0
cobyla,adiabatic,784,785.0,-3.6362892278001184,-4.78746132499623,0
cobyla,adiabatic,785,786.0,-3.6362892278001184,-4.78746132499623,0
cobyla,adiabatic,786,787.0,-3.6362892278001184,-4.78746132499623,0
cobyla,adiabatic,787,788.0,-3.6362892278001184,-4.78746132499623,0
cobyla,adiabatic,788,789.0,-3.6362892278001184,-4.78746132499623,0
cobyla,adiabatic,789,790.0,-3.6362892278001184,-4.78746132499623,0
cobyla,adiabatic,790,791.0,-3.6362892278001184,-4.78746132499623,0
cobyla,adiabatic,791,792.0,-3.6362892278001184,-4.78746132499623,0
cobyla,adiabatic,792,793.0,-3.6362892278001184,-4.78746132499623,0
cobyla,adiabatic,793,794.0,-3.6362892278001184,-4.78746132499623,0
cobyla,adiabatic,794,795.0,-3.6362892278001184,-4.78746132499623,0
cobyla,adiabatic,795,796.0,-3.6362892278001184,-4.78746132499623,0
cobyla,adiabatic,796,797.0,-3.6362892278001184,-4.78746132499623,0
cobyla,adiabatic,797,798.0,-3.6362892278001184,-4.78746132499623,0
cobyla,adiabatic,798,799.0,-3.6362892278001184,-4.78746132499623,0
cobyla,adiabatic,799,800.0,-3.6362892278001184,-4.78746132499623,0
cobyla,adiabatic,800,801.0,-4.211875276398182,-4.78746132499623,0
cobyla,adiabatic,801,802.0,-4.211875276398182,-4.78746132499623,0
cobyla,adiabatic,802,803.0,-4.211875276398182,-4.78746132499623,0
cobyla,adiabatic,803,804.0,-4.211875276398182,-4.78746132499623,0
cobyla,adiabatic,804,805.0,-4.211875276398182,-4.78746132499623,0
cobyla,adiabatic,805,806.0,-4.211875276398182,-4.78746132499623,0
cobyla,adiabatic,806,807.0,-4.211875276398182,-4.78746132499623,0
cobyla,adiabatic,807,808.0,-4.211875276398182,-4.78746132499623,0
cobyla,adiabatic,808,809.0,-4.211875276398182,-4.78746132499623,0
cobyla,adiabatic,809,810.0,-4.211875276398182,-4.78746132499623,0
cobyla,adiabatic,810,811.0,-4.211875276398182,-4.78746132499623,0
cobyla,adiabatic,811,812.0,-4.211875276398182,-4.78746132499623,0
cobyla,adiabatic,812,813.0,-4.211875276398182,-4.78746132499623,0
cobyla,adiabatic,813,814.0,-4.211875276398182,-4.78746132499623,0
cobyla,adiabatic,814,815.0,-4.211875276398182,-4.78746132499623,0
cobyla,adiabatic,815,816.0,-4.211875276398182,-4.78746132499623,0
cobyla,adiabatic,816,817.0,-4.211875276398182,-4.78746132499623,0
cobyla,adiabatic,817,818.0,-4.211875276398182,-4.78746132499623,0
cobyla,adiabatic,818,819.0,-4.211875276398182,-4.78746132499623,0
cobyla,adiabatic,819,820.0,-4.211875276398182,-4.78746132499623,0
cobyla,adiabatic,820,821.0,-4.211875276398182,-4.78746132499623,0
cobyla,adiabatic,821,822.0,-4.211875276398182,-4.78746132499623,0
cobyla,adiabatic,822,823.0,-4.211875276398182,-4.78746132499623,0
cobyla,adiabatic,823,824.0,-4.211875276398182,-4.78746132499623,0
cobyla,adiabatic,824,825.0,-4.211875276398182,-4.78746132499623,0
cobyla,adiabatic,825,826.0,-4.211875276398182,-4.78746132499623,0
cobyla,adiabatic,826,827.0,-4.211875276398182,-4.78746132499623,0
cobyla,adiabatic,827,828.0,-4.211875276398182,-4.78746132499623,0
cobyla,adiabatic,828,829.0,-4.211875276398182,-4.78746132499623,0
cobyla,adiabatic,829,830.0,-4.211875276398182,-4.78746132499623,0
cobyla,adiabatic,830,831.0,-4.211875276398182,-4.78746132499623,0
cobyla,adiabatic,831,832.0,-4.211875276398182,-4.78746132499623,0
cobyla,adiabatic,832,833.0,-4.211875276398182,-4.78746132499623,0
cobyla,adiabatic,833,834.0,-4.211875276398182,-4.78746132499623,0
cobyla,adiabatic,834,835.0,-4.211875276398182,-4.78746132499623,0
cobyla,adiabatic,835,836.0,-4.211875276398182,-4.78746132499623,0
cobyla,adiabatic,836,837.0,-4.211875276398182,-4.78746132499623,0
cobyla,adiabatic,837,838.0,-4.211875276398182,-4.78746132499623,0
cobyla,adiabatic,838,839.0,-4.211875276398182,-4.78746132499623,0
cobyla,adiabatic,839,840.0,-4.211875276398182,-4.78746132499623,0
cobyla,adiabatic,840,841.0,-4.211875276398182,-4.78746132499623,0
cobyla,adiabatic,841,842.0,-4.211875276398182,-4.78746132499623,0
cobyla,adiabatic,842,843.0,-4.211875276398182,-4.78746132499623,0
cobyla,adiabatic,843,844.0,-4.211875276398182,-4.78746132499623,0
cobyla,adiabatic,844,845.0,-4.211875276398182,-4.78746132499623,0
cobyla,adiabatic,845,846.0,-4.211875276398182,-4.78746132499623,0
cobyla,adiabatic,846,847.0,-4.211875276398182,-4.78746132499623,0
cobyla,adiabatic,847,848.0,-4.211875276398182,-4.78746132499623,0
cobyla,adiabatic,848,849.0,-4.211875276398182,-4.78746132499623,0
cobyla,adiabatic,849,850.0,-4.211875276398182,-4.78746132499623,0
cobyla,adiabatic,850,851.0,-4.211875276398182,-4.78746132499623,0
cobyla,adiabatic,851,852.0,-4.211875276398182,-4.78746132499623,0
cobyla,adiabatic,852,853.0,-4.211875276398182,-4.78746132499623,0
cobyla,adiabatic,853,854.0,-4.211875276398182,-4.78746132499623,0
cobyla,adiabatic,854,855.0,-4.211875276398182,-4.78746132499623,0
cobyla,adiabatic,855,856.0,-4.211875276398182,-4.78746132499623,0
cobyla,adiabatic,856,857.0,-4.211875276398182,-4.78746132499623,0
cobyla,adiabatic,857,858.0,-4.211875276398182,-4.78746132499623,0
cobyla,adiabatic,858,859.0,-4.211875276398182,-4.78746132499623,0
cobyla,adiabatic,859,860.0,-4.211875276398182,-4.78746132499623,0
cobyla,adiabatic,860,861.0,-4.211875276398182,-4.78746132499623,0
cobyla,adiabatic,861,862.0,-4.211875276398182,-4.78746132499623,0
cobyla,adiabatic,862,863.0,-4.211875276398182,-4.78746132499623,0
cobyla,adiabatic,863,864.0,-4.211875276398182,-4.78746132499623,0
cobyla,adiabatic,864,865.0,-4.211875276398182,-4.78746132499623,0
cobyla,adiabatic,865,866.0,-4.211875276398182,-4.78746132499623,0
cobyla,adiabatic,866,867.0,-4.211875276398182,-4.78746132499623,0
cobyla,adiabatic,867,868.0,-4.211875276398182,-4.78746132499623,0
cobyla,adiabatic,868,869.0,-4.211875276398182,-4.78746132499623,0
cobyla,adiabatic,869,870.0,-4.211875276398182,-4.78746132499623,0
cobyla,adiabatic,870,871.0,-4.211875276398182,-4.78746132499623,0
cobyla,adiabatic,871,872.0,-4.211875276398182,-4.78746132499623,0
cobyla,adiabatic,872,873.0,-4.211875276398182,-4.78746132499623,0
cobyla,adiabatic,873,874.0,-4.211875276398182,-4.78746132499623,0
cobyla,adiabatic,874,875.0,-4.211875276398182,-4.78746132499623,0
cobyla,adiabatic,875,876.0,-4.211875276398182,-4.78746132499623,0
cobyla,adiabatic,876,877.0,-4.211875276398182,-4.78746132499623,0
cobyla,adiabatic,877,878.0,-4.211875276398182,-4.78746132499623,0
cobyla,adiabatic,878,879.0,-4.211875276398182,-4.78746132499623,0
cobyla,adiabatic,879,880.0,-4.211875276398182,-4.78746132499623,0
cobyla,adiabatic,880,881.0,-4.211875276398182,-4.78746132499623,0
cobyla,adiabatic,881,882.0,-4.211875276398182,-4.78746132499623,0
cobyla,adiabatic,882,883.0,-4.211875276398182,-4.78746132499623,0
cobyla,adiabatic,883,884.0,-4.211875276398182,-4.78746132499623,0
cobyla,adiabatic,884,885.0,-4.211875276398182,-4.78746132499623,0
cobyla,adiabatic,885,886.0,-4.211875276398182,-4.78746132499623,0
cobyla,adiabatic,886,887.0,-4.211875276398182,-4.78746132499623,0
cobyla,adiabatic,887,888.0,-4.211875276398182,-4.78746132499623,0
cobyla,adiabatic,888,889.0,-4.211875276398182,-4.78746132499623,0
cobyla,adiabatic,889,890.0,-4.211875276398182,-4.78746132499623,0
cobyla,adiabatic,890,891.0,-4.211875276398182,-4.78746132499623,0
cobyla,adiabatic,891,892.0,-4.211875276398182,-4.78746132499623,0
cobyla,adiabatic,892,893.0,-4.211875276398182,-4.78746132499623,0
cobyla,adiabatic,893,894.0,-4.211875276398182,-4.78746132499623,0
cobyla,adiabatic,894,895.0,-4.211875276398182,-4.78746132499623,0
cobyla,adiabatic,895,896.0,-4.211875276398182,-4.78746132499623,0
cobyla,adiabatic,896,897.0,-4.211875276398182,-4.78746132499623,0
cobyla,adiabatic,897,898.0,-4.211875276398182,-4.78746132499623,0
cobyla,adiabatic,898,899.0,-4.211875276398182,-4.78746132499623,0
cobyla,adiabatic,899,900.0,-4.211875276398182,-4.78746132499623,0
cobyla,adiabatic,900,901.0,-4.787461324996231,-4.78746132499623,0
cobyla,adiabatic,901,902.0,-4.787461324996231,-4.78746132499623,0
cobyla,adiabatic,902,903.0,-4.787461324996231,-4.78746132499623,0
cobyla,adiabatic,903,904.0,-4.787461324996231,-4.78746132499623,0
cobyla,adiabatic,904,905.0,-4.787461324996231,-4.78746132499623,0
cobyla,adiabatic,905,906.0,-4.787461324996231,-4.78746132499623,0
cobyla,adiabatic,906,907.0,-4.787461324996231,-4.78746132499623,0
cobyla,adiabatic,907,908.0,-4.787461324996231,-4.78746132499623,0
cobyla,adiabatic,908,909.0,-4.787461324996231,-4.78746132499623,0
cobyla,adiabatic,909,910.0,-4.787461324996231,-4.78746132499623,0
cobyla,adiabatic,910,911.0,-4.787461324996231,-4.78746132499623,0
cobyla,adiabatic,911,912.0,-4.787461324996231,-4.78746132499623,0
cobyla,adiabatic,912,913.0,-4.787461324996231,-4.78746132499623,0
cobyla,adiabatic,913,914.0,-4.787461324996231,-4.78746132499623,0
cobyla,adiabatic,914,915.0,-4.787461324996231,-4.78746132499623,0
cobyla,adiabatic,915,916.0,-4.787461324996231,-4.78746132499623,0
cobyla,adiabatic,916,917.0,-4.787461324996231,-4.78746132499623,0
cobyla,adiabatic,917,918.0,-4.787461324996231,-4.78746132499623,0
cobyla,adiabatic,918,919.0,-4.787461324996231,-4.78746132499623,0
cobyla,adiabatic,919,920.0,-4.787461324996231,-4.78746132499623,0
cobyla,adiabatic,920,921.0,-4.787461324996231,-4.78746132499623,0
cobyla,adiabatic,921,922.0,-4.787461324996231,-4.78746132499623,0
cobyla,adiabatic,922,923.0,-4.787461324996231,-4.78746132499623,0
cobyla,adiabatic,923,924.0,-4.787461324996231,-4.78746132499623,0
cobyla,adiabatic,924,925.0,-4.787461324996231,-4.78746132499623,0
cobyla,adiabatic,925,926.0,-4.787461324996231,-4.78746132499623,0
cobyla,adiabatic,926,927.0,-4.787461324996231,-4.78746132499623,0
cobyla,adiabatic,927,928.0,-4.787461324996231,-4.78746132499623,0
cobyla,adiabatic,928,929.0,-4.787461324996231,-4.78746132499623,0
cobyla,adiabatic,929,930.0,-4.787461324996231,-4.78746132499623,0
cobyla,adiabatic,930,931.0,-4.787461324996231,-4.78746132499623,0
cobyla,adiabatic,931,932.0,-4.787461324996231,-4.78746132499623,0
cobyla,adiabatic,932,933.0,-4.787461324996231,-4.78746132499623,0
cobyla,adiabatic,933,934.0,-4.787461324996231,-4.78746132499623,0
cobyla,adiabatic,934,935.0,-4.787461324996231,-4.78746132499623,0
cobyla,adiabatic,935,936.0,-4.787461324996231,-4.78746132499623,0
cobyla,adiabatic,936,937.0,-4.787461324996231,-4.78746132499623,0
cobyla,adiabatic,937,938.0,-4.787461324996231,-4.78746132499623,0
cobyla,adiabatic,938,939.0,-4.787461324996231,-4.78746132499623,0
cobyla,adiabatic,939,940.0,-4.787461324996231,-4.78746132499623,0
cobyla,adiabatic,940,941.0,-4.787461324996231,-4.78746132499623,0
cobyla,adiabatic,941,942.0,-4.787461324996231,-4.78746132499623,0
cobyla,adiabatic,942,943.0,-4.787461324996231,-4.78746132499623,0
cobyla,adiabatic,943,944.0,-4.787461324996231,-4.78746132499623,0
cobyla,adiabatic,944,945.0,-4.787461324996231,-4.78746132499623,0
cobyla,adiabatic,945,946.0,-4.787461324996231,-4.78746132499623,0
cobyla,adiabatic,946,947.0,-4.787461324996231,-4.78746132499623,0
cobyla,adiabatic,947,948.0,-4.787461324996231,-4.78746132499623,0
cobyla,adiabatic,948,949.0,-4.787461324996231,-4.78746132499623,0
cobyla,adiabatic,949,950.0,-4.787461324996231,-4.78746132499623,0
cobyla,adiabatic,950,951.0,-4.787461324996231,-4.78746132499623,0
cobyla,adiabatic,951,952.0,-4.787461324996231,-4.78746132499623,0
cobyla,adiabatic,952,953.0,-4.787461324996231,-4.78746132499623,0
cobyla,adiabatic,953,954.0,-4.787461324996231,-4.78746132499623,0
cobyla,adiabatic,954,955.0,-4.787461324996231,-4.78746132499623,0
cobyla,adiabatic,955,956.0,-4.787461324996231,-4.78746132499623,0
cobyla,adiabatic,956,957.0,-4.787461324996231,-4.78746132499623,0
cobyla,adiabatic,957,958.0,-4.787461324996231,-4.78746132499623,0
cobyla,adiabatic,958,959.0,-4.787461324996231,-4.78746132499623,0
cobyla,adiabatic,959,960.0,-4.787461324996231,-4.78746132499623,0
cobyla,adiabatic,960,961.0,-4.787461324996231,-4.78746132499623,0
cobyla,adiabatic,961,962.0,-4.787461324996231,-4.78746132499623,0
cobyla,adiabatic,962,963.0,-4.787461324996231,-4.78746132499623,0
cobyla,adiabatic,963,964.0,-4.787461324996231,-4.78746132499623,0
cobyla,adiabatic,964,965.0,-4.787461324996231,-4.78746132499623,0
cobyla,adiabatic,965,966.0,-4.787461324996231,-4.78746132499623,0
cobyla,adiabatic,966,967.0,-4.787461324996231,-4.78746132499623,0
cobyla,adiabatic,967,968.0,-4.787461324996231,-4.78746132499623,0
cobyla,adiabatic,968,969.0,-4.787461324996231,-4.78746132499623,0
cobyla,adiabatic,969,970.0,-4.787461324996231,-4.78746132499623,0
cobyla,adiabatic,970,971.0,-4.787461324996231,-4.78746132499623,0
cobyla,adiabatic,971,972.0,-4.787461324996231,-4.78746132499623,0
cobyla,adiabatic,972,973.0,-4.787461324996231,-4.78746132499623,0
cobyla,adiabatic,973,974.0,-4.787461324996231,-4.78746132499623,0
cobyla,adiabatic,974,975.0,-4.787461324996231,-4.78746132499623,0
cobyla,adiabatic,975,976.0,-4.787461324996231,-4.78746132499623,0
cobyla,adiabatic,976,977.0,-4.787461324996231,-4.78746132499623,0
cobyla,adiabatic,977,978.0,-4.787461324996231,-4.78746132499623,0
cobyla,adiabatic,978,979.0,-4.787461324996231,-4.78746132499623,0
cobyla,adiabatic,979,980.0,-4.787461324996231,-4.78746132499623,0
cobyla,adiabatic,980,981.0,-4.787461324996231,-4.78746132499623,0
cobyla,adiabatic,981,982.0,-4.787461324996231,-4.78746132499623,0
cobyla,adiabatic,982,983.0,-4.787461324996231,-4.78746132499623,0
cobyla,adiabatic,983,984.0,-4.787461324996231,-4.78746132499623,0
cobyla,adiabatic,984,985.0,-4.787461324996231,-4.78746132499623,0
cobyla,adiabatic,985,986.0,-4.787461324996231,-4.78746132499623,0
cobyla,adiabatic,986,987.0,-4.787461324996231,-4.78746132499623,0
cobyla,adiabatic,987,988.0,-4.787461324996231,-4.78746132499623,0
cobyla,adiabatic,988,989.0,-4.787461324996231,-4.78746132499623,0
cobyla,adiabatic,989,990.0,-4.787461324996231,-4.78746132499623,0
cobyla,adiabatic,990,991.0,-4.787461324996231,-4.78746132499623,0
cobyla,adiabatic,991,992.0,-4.787461324996231,-4.78746132499623,0
cobyla,adiabatic,992,993.0,-4.787461324996231,-4.78746132499623,0
cobyla,adiabatic,993,994.0,-4.787461324996231,-4.78746132499623,0
cobyla,adiabatic,994,995.0,-4.787461324996231,-4.78746132499623,0
cobyla,adiabatic,995,996.0,-4.787461324996231,-4.78746132499623,0
cobyla,adiabatic,996,997.0,-4.787461324996231,-4.78746132499623,0
cobyla,adiabatic,997,998.0,-4.787461324996231,-4.78746132499623,0
cobyla,adiabatic,998,999.0,-4.787461324996231,-4.78746132499623,0
cobyla,adiabatic,999,1000.0,-4.787461324996231,-4.78746132499623,0
cobyla,sea,0,1.0,-3.984761347028719,-3.984761347028719,0
cobyla,sea,1,2.0,-3.984761347028719,-3.984761347028719,0
cobyla,sea,2,3.0,-4.275724908094646,-4.275724908094646,0
cobyla,sea,3,4.0,-4.42607330507474,-4.42607330507474,0
cobyla,sea,4,5.0,-4.42607330507474,-4.42607330507474,0
cobyla,sea,5,6.0,-4.42607330507474,-4.42607330507474,0
cobyla,sea,6,7.0,-4.42607330507474,-4.42607330507474,0
cobyla,sea,7,8.0,-4.42607330507474,-4.42607330507474,0
cobyla,sea,8,9.0,-4.500206774742085,-4.500206774742085,0
cobyla,sea,9,10.0,-4.500206774742085,-4.500206774742085,0
cobyla,sea,10,11.0,-4.559500210434853,-4.559500210434853,0
cobyla,sea,11,12.0,-4.559500210434853,-4.559500210434853,0
cobyla,sea,12,13.0,-4.559500210434853,-4.559500210434853,0
cobyla,sea,13,14.0,-4.559500210434853,-4.559500210434853,0
cobyla,sea,14,15.0,-4.559500210434853,-4.559500210434853,0
cobyla,sea,15,16.0,-4.745140923846204,-4.745140923846204,0
cobyla,sea,16,17.0,-4.774191461606623,-4.774191461606623,0
cobyla,sea,17,18.0,-4.774191461606623,-4.774191461606623,0
cobyla,sea,18,19.0,-4.774191461606623,-4.774191461606623,0
cobyla,sea,19,20.0,-4.887566856113498,-4.887566856113498,0
cobyla,sea,20,21.0,-4.887566856113498,-4.887566856113498,0
cobyla,sea,21,22.0,-4.887566856113498,-4.887566856113498,0
cobyla,sea,22,23.0,-4.887566856113498,-4.887566856113498,0
cobyla,sea,23,24.0,-4.887566856113498,-4.887566856113498,0
cobyla,sea,24,25.0,-4.887566856113498,-4.887566856113498,0
cobyla,sea,25,26.0,-4.887566856113498,-4.887566856113498,0
cobyla,sea,26,27.0,-4.887566856113498,-4.887566856113498,0
cobyla,sea,27,28.0,-4.887566856113498,-4.887566856113498,0
cobyla,sea,28,29.0,-4.887566856113498,-4.887566856113498,0
cobyla,sea,29,30.0,-4.9050930914216275,-4.9050930914216275,0
cobyla,sea,30,31.0,-4.9050930914216275,-4.9050930914216275,0
cobyla,sea,31,32.0,-4.9050930914216275,-4.9050930914216275,0
cobyla,sea,32,33.0,-4.9050930914216275,-4.9050930914216275,0
cobyla,sea,33,34.0,-4.960154942876108,-4.960154942876108,0
cobyla,sea,34,35.0,-4.960154942876108,-4.960154942876108,0
cobyla,sea,35,36.0,-5.028702491938651,-5.028702491938651,0
cobyla,sea,36,37.0,-5.028702491938651,-5.028702491938651,0
cobyla,sea,37,38.0,-5.028702491938651,-5.028702491938651,0
cobyla,sea,38,39.0,-5.028702491938651,-5.028702491938651,0
cobyla,sea,39,40.0,-5.028702491938651,-5.028702491938651,0
cobyla,sea,40,41.0,-5.028702491938651,-5.028702491938651,0
cobyla,sea,41,42.0,-5.028702491938651,-5.028702491938651,0
cobyla,sea,42,43.0,-5.028702491938651,-5.028702491938651,0
cobyla,sea,43,44.0,-5.028702491938651,-5.028702491938651,0
cobyla,sea,44,45.0,-5.028702491938651,-5.028702491938651,0
cobyla,sea,45,46.0,-5.028702491938651,-5.028702491938651,0
cobyla,sea,46,47.0,-5.028702491938651,-5.028702491938651,0
cobyla,sea,47,48.0,-5.028702491938651,-5.028702491938651,0
cobyla,sea,48,49.0,-5.028702491938651,-5.028702491938651,0
cobyla,sea,49,50.0,-5.028702491938651,-5.028702491938651,0
cobyla,sea,50,51.0,-5.175974798747046,-5.175974798747046,0
cobyla,sea,51,52.0,-5.195711237218745,-5.195711237218745,0
cobyla,sea,52,53.0,-5.195711237218745,-5.195711237218745,0
cobyla,sea,53,54.0,-5.195711237218745,-5.195711237218745,0
cobyla,sea,54,55.0,-5.195711237218745,-5.195711237218745,0
cobyla,sea,55,56.0,-5.195711237218745,-5.195711237218745,0
cobyla,sea,56,57.0,-5.237318580946953,-5.237318580946953,0
cobyla,sea,57,58.0,-5.237318580946953,-5.237318580946953,0
cobyla,sea,58,59.0,-5.244818782771309,-5.244818782771309,0
cobyla,sea,59,60.0,-5.244818782771309,-5.244818782771309,0
cobyla,sea,60,61.0,-5.244818782771309,-5.244818782771309,0
cobyla,sea,61,62.0,-5.244818782771309,-5.244818782771309,0
cobyla,sea,62,63.0,-5.244818782771309,-5.244818782771309,0
cobyla,sea,63,64.0,-5.244818782771309,-5.244818782771309,0
cobyla,sea,64,65.0,-5.257648281070548,-5.257648281070548,0
cobyla,sea,65,66.0,-5.28743468035671,-5.28743468035671,0
cobyla,sea,66,67.0,-5.28743468035671,-5.28743468035671,0
cobyla,sea,67,68.0,-5.28743468035671,-5.28743468035671,0
cobyla,sea,68,69.0,-5.28743468035671,-5.28743468035671,0
cobyla,sea,69,70.0,-5.28743468035671,-5.28743468035671,0
cobyla,sea,70,71.0,-5.388587238015683,-5.388587238015683,0
cobyla,sea,71,72.0,-5.407865077314758,-5.407865077314758,0
cobyla,sea,72,73.0,-5.407865077314758,-5.407865077314758,0
cobyla,sea,73,74.0,-5.407865077314758,-5.407865077314758,0
cobyla,sea,74,75.0,-5.438149209671973,-5.438149209671973,0
cobyla,sea,75,76.0,-5.438149209671973,-5.438149209671973,0
cobyla,sea,76,77.0,-5.438149209671973,-5.438149209671973,0
cobyla,sea,77,78.0,-5.438149209671973,-5.438149209671973,0
cobyla,sea,78,79.0,-5.438149209671973,-5.438149209671973,0
cobyla,sea,79,80.0,-5.438149209671973,-5.438149209671973,0
cobyla,sea,80,81.0,-5.438149209671973,-5.438149209671973,0
cobyla,sea,81,82.0,-5.438149209671973,-5.438149209671973,0
cobyla,sea,82,83.0,-5.438149209671973,-5.438149209671973,0
cobyla,sea,83,84.0,-5.438149209671973,-5.438149209671973,0
cobyla,sea,84,85.0,-5.4420234572393795,-5.4420234572393795,0
cobyla,sea,85,86.0,-5.4420234572393795,-5.4420234572393795,0
cobyla,sea,86,87.0,-5.4420234572393795,-5.4420234572393795,0
cobyla,sea,87,88.0,-5.4420234572393795,-5.4420234572393795,0
cobyla,sea,88,89.0,-5.4420234572393795,-5.4420234572393795,0
cobyla,sea,89,90.0,-5.4420234572393795,-5.4420234572393795,0
cobyla,sea,90,91.0,-5.4420234572393795,-5.4420234572393795,0
cobyla,sea,91,92.0,-5.4420234572393795,-5.4420234572393795,0
cobyla,sea,92,93.0,-5.4420234572393795,-5.4420234572393795,0
cobyla,sea,93,94.0,-5.4420234572393795,-5.4420234572393795,0
cobyla,sea,94,95.0,-5.477692928686713,-5.477692928686713,0
cobyla,sea,95,96.0,-5.477692928686713,-5.477692928686713,0
cobyla,sea,96,97.0,-5.502961239614356,-5.502961239614356,0
cobyla,sea,97,98.0,-5.502961239614356,-5.502961239614356,0
cobyla,sea,98,99.0,-5.569585835253714,-5.569585835253714,0
cobyla,sea,99,100.0,-5.596062537382794,-5.596062537382794,0
cobyla,sea,100,101.0,-5.596062537382794,-5.596062537382794,0
cobyla,sea,101,102.0,-5.596062537382794,-5.596062537382794,0
cobyla,sea,102,103.0,-5.596062537382794,-5.596062537382794,0
cobyla,sea,103,104.0,-5.596062537382794,-5.596062537382794,0
cobyla,sea,104,105.0,-5.596062537382794,-5.596062537382794,0
cobyla,sea,105,106.0,-5.604735257021832,-5.604735257021832,0
cobyla,sea,106,107.0,-5.604735257021832,-5.604735257021832,0
cobyla,sea,107,108.0,-5.604735257021832,-5.604735257021832,0
cobyla,sea,108,109.0,-5.604735257021832,-5.604735257021832,0
cobyla,sea,109,110.0,-5.604735257021832,-5.604735257021832,0
cobyla,sea,110,111.0,-5.604735257021832,-5.604735257021832,0
cobyla,sea,111,112.0,-5.604735257021832,-5.604735257021832,0
cobyla,sea,112,113.0,-5.604735257021832,-5.604735257021832,0
cobyla,sea,113,114.0,-5.604735257021832,-5.604735257021832,0
cobyla,sea,114,115.0,-5.604735257021832,-5.604735257021832,0
cobyla,sea,115,116.0,-5.604735257021832,-5.604735257021832,0
cobyla,sea,116,117.0,-5.604735257021832,-5.604735257021832,0
cobyla,sea,117,118.0,-5.604735257021832,-5.604735257021832,0
cobyla,sea,118,119.0,-5.604735257021832,-5.604735257021832,0
cobyla,sea,119,120.0,-5.604735257021832,-5.604735257021832,0
cobyla,sea,120,121.0,-5.6195988548147335,-5.6195988548147335,0
cobyla,sea,121,122.0,-5.669902890672691,-5.669902890672691,0
cobyla,sea,122,123.0,-5.669902890672691,-5.669902890672691,0
cobyla,sea,123,124.0,-5.669902890672691,-5.669902890672691,0
cobyla,sea,124,125.0,-5.753202283653367,-5.753202283653367,0
cobyla,sea,125,126.0,-5.768326192832283,-5.768326192832283,0
cobyla,sea,126,127.0,-5.768326192832283,-5.768326192832283,0
cobyla,sea,127,128.0,-5.768326192832283,-5.768326192832283,0
cobyla,sea,128,129.0,-5.779155486359012,-5.779155486359012,0
cobyla,sea,129,130.0,-5.779155486359012,-5.779155486359012,0
cobyla,sea,130,131.0,-5.779155486359012,-5.779155486359012,0
cobyla,sea,131,132.0,-5.779155486359012,-5.779155486359012,0
cobyla,sea,132,133.0,-5.779155486359012,-5.779155486359012,0
cobyla,sea,133,134.0,-5.779155486359012,-5.779155486359012,0
cobyla,sea,134,135.0,-5.779155486359012,-5.779155486359012,0
cobyla,sea,135,136.0,-5.779155486359012,-5.779155486359012,0
cobyla,sea,136,137.0,-5.779155486359012,-5.779155486359012,0
cobyla,sea,137,138.0,-5.779155486359012,-5.779155486359012,0
cobyla,sea,138,139.0,-5.779155486359012,-5.779155486359012,0
cobyla,sea,139,140.0,-5.779155486359012,-5.779155486359012,0
cobyla,sea,140,141.0,-5.779155486359012,-5.779155486359012,0
cobyla,sea,141,142.0,-5.779155486359012,-5.779155486359012,0
cobyla,sea,142,143.0,-5.7894824349025935,-5.7894824349025935,0
cobyla,sea,143,144.0,-5.7894824349025935,-5.7894824349025935,0
cobyla,sea,144,145.0,-5.7894824349025935,-5.7894824349025935,0
cobyla,sea,145,146.0,-5.7894824349025935,-5.7894824349025935,0
cobyla,sea,146,147.0,-5.7894824349025935,-5.7894824349025935,0
cobyla,sea,147,148.0,-5.7894824349025935,-5.7894824349025935,0
cobyla,sea,148,149.0,-5.7894824349025935,-5.7894824349025935,0
cobyla,sea,149,150.0,-5.7894824349025935,-5.7894824349025935,0
cobyla,sea,150,151.0,-5.7894824349025935,-5.7894824349025935,0
cobyla,sea,151,152.0,-5.7894824349025935,-5.7894824349025935,0
cobyla,sea,152,153.0,-5.7894824349025935,-5.7894824349025935,0
cobyla,sea,153,154.0,-5.7894824349025935,-5.7894824349025935,0
cobyla,sea,154,155.0,-5.7894824349025935,-5.7894824349025935,0
cobyla,sea,155,156.0,-5.7894824349025935,-5.7894824349025935,0
cobyla,sea,156,157.0,-5.78991180456296,-5.78991180456296,0
cobyla,sea,157,158.0,-5.78991180456296,-5.78991180456296,0
cobyla,sea,158,159.0,-5.78991180456296,-5.78991180456296,0
cobyla,sea,159,160.0,-5.78991180456296,-5.78991180456296,0
cobyla,sea,160,161.0,-5.795976166670837,-5.795976166670837,0
cobyla,sea,161,162.0,-5.795976166670837,-5.795976166670837,0
cobyla,sea,162,163.0,-5.818499171487572,-5.818499171487572,0
cobyla,sea,163,164.0,-5.818499171487572,-5.818499171487572,0
cobyla,sea,164,165.0,-5.818499171487572,-5.818499171487572,0
cobyla,sea,165,166.0,-5.818499171487572,-5.818499171487572,0
cobyla,sea,166,167.0,-5.818499171487572,-5.818499171487572,0
cobyla,sea,167,168.0,-5.818499171487572,-5.818499171487572,0
cobyla,sea,168,169.0,-5.818499171487572,-5.818499171487572,0
cobyla,sea,169,170.0,-5.818499171487572,-5.818499171487572,0
cobyla,sea,170,171.0,-5.818499171487572,-5.818499171487572,0
cobyla,sea,171,172.0,-5.818499171487572,-5.818499171487572,0
cobyla,sea,172,173.0,-5.818499171487572,-5.818499171487572,0
cobyla,sea,173,174.0,-5.818499171487572,-5.818499171487572,0
cobyla,sea,174,175.0,-5.911382315354711,-5.911382315354711,0
cobyla,sea,175,176.0,-5.911382315354711,-5.911382315354711,0
cobyla,sea,176,177.0,-5.911382315354711,-5.911382315354711,0
cobyla,sea,177,178.0,-5.920951048208555,-5.920951048208555,0
cobyla,sea,178,179.0,-5.942226611668461,-5.942226611668461,0
cobyla,sea,179,180.0,-5.942226611668461,-5.942226611668461,0
cobyla,sea,180,181.0,-5.942226611668461,-5.942226611668461,0
cobyla,sea,181,182.0,-5.942226611668461,-5.942226611668461,0
cobyla,sea,182,183.0,-5.942226611668461,-5.942226611668461,0
cobyla,sea,183,184.0,-5.942226611668461,-5.942226611668461,0
cobyla,sea,184,185.0,-5.942226611668461,-5.942226611668461,0
cobyla,sea,185,186.0,-5.942226611668461,-5.942226611668461,0
cobyla,sea,186,187.0,-5.942226611668461,-5.942226611668461,0
cobyla,sea,187,188.0,-5.942226611668461,-5.942226611668461,0
cobyla,sea,188,189.0,-5.942226611668461,-5.942226611668461,0
cobyla,sea,189,190.0,-5.942226611668461,-5.942226611668461,0
cobyla,sea,190,191.0,-5.942226611668461,-5.942226611668461,0
cobyla,sea,191,192.0,-5.942226611668461,-5.942226611668461,0
cobyla,sea,192,193.0,-5.942226611668461,-5.942226611668461,0
cobyla,sea,193,194.0,-5.942226611668461,-5.942226611668461,0
cobyla,sea,194,195.0,-5.942226611668461,-5.942226611668461,0
cobyla,sea,195,196.0,-6.131405668012745,-6.131405668012745,0
cobyla,sea,196,197.0,-6.131405668012745,-6.131405668012745,0
cobyla,sea,197,198.0,-6.142292533899119,-6.142292533899119,0
cobyla,sea,198,199.0,-6.150343266501281,-6.150343266501281,0
cobyla,sea,199,200.0,-6.150343266501281,-6.150343266501281,0
cobyla,sea,200,201.0,-6.150343266501281,-6.150343266501281,0
cobyla,sea,201,202.0,-6.156826285326227,-6.156826285326227,0
cobyla,sea,202,203.0,-6.171427191901645,-6.171427191901645,0
cobyla,sea,203,204.0,-6.171427191901645,-6.171427191901645,0
cobyla,sea,204,205.0,-6.171427191901645,-6.171427191901645,0
cobyla,sea,205,206.0,-6.171427191901645,-6.171427191901645,0
cobyla,sea,206,207.0,-6.171427191901645,-6.171427191901645,0
cobyla,sea,207,208.0,-6.171427191901645,-6.171427191901645,0
cobyla,sea,208,209.0,-6.171427191901645,-6.171427191901645,0
cobyla,sea,209,210.0,-6.171427191901645,-6.171427191901645,0
cobyla,sea,210,211.0,-6.172184172160582,-6.172184172160582,0
cobyla,sea,211,212.0,-6.172184172160582,-6.172184172160582,0
cobyla,sea,212,213.0,-6.172184172160582,-6.172184172160582,0
cobyla,sea,213,214.0,-6.1997895209672285,-6.1997895209672285,0
cobyla,sea,214,215.0,-6.1997895209672285,-6.1997895209672285,0
cobyla,sea,215,216.0,-6.1997895209672285,-6.1997895209672285,0
cobyla,sea,216,217.0,-6.245757387762889,-6.245757387762889,0
cobyla,sea,217,218.0,-6.245757387762889,-6.245757387762889,0
cobyla,sea,218,219.0,-6.245757387762889,-6.245757387762889,0
cobyla,sea,219,220.0,-6.262047403481286,-6.262047403481286,0
cobyla,sea,220,221.0,-6.262047403481286,-6.262047403481286,0
cobyla,sea,221,222.0,-6.262047403481286,-6.262047403481286,0
cobyla,sea,222,223.0,-6.280457269278892,-6.280457269278892,0
cobyla,sea,223,224.0,-6.280457269278892,-6.280457269278892,0
cobyla,sea,224,225.0,-6.280457269278892,-6.280457269278892,0
cobyla,sea,225,226.0,-6.280457269278892,-6.280457269278892,0
cobyla,sea,226,227.0,-6.280457269278892,-6.280457269278892,0
cobyla,sea,227,228.0,-6.3014154690969315,-6.3014154690969315,0
cobyla,sea,228,229.0,-6.3014154690969315,-6.3014154690969315,0
cobyla,sea,229,230.0,-6.3014154690969315,-6.3014154690969315,0
cobyla,sea,230,231.0,-6.3014154690969315,-6.3014154690969315,0
cobyla,sea,231,232.0,-6.3014154690969315,-6.3014154690969315,0
cobyla,sea,232,233.0,-6.3014154690969315,-6.3014154690969315,0
cobyla,sea,233,234.0,-6.3014154690969315,-6.3014154690969315,0
cobyla,sea,234,235.0,-6.3014154690969315,-6.3014154690969315,0
cobyla,sea,235,236.0,-6.3512150159833,-6.3512150159833,0
cobyla,sea,236,237.0,-6.3512150159833,-6.3512150159833,0
cobyla,sea,237,238.0,-6.3512150159833,-6.3512150159833,0
cobyla,sea,238,239.0,-6.3512150159833,-6.3512150159833,0
cobyla,sea,239,240.0,-6.3512150159833,-6.3512150159833,0
cobyla,sea,240,241.0,-6.3512150159833,-6.3512150159833,0
cobyla,sea,241,242.0,-6.3512150159833,-6.3512150159833,0
cobyla,sea,242,243.0,-6.3512150159833,-6.3512150159833,0
cobyla,sea,243,244.0,-6.3512150159833,-6.3512150159833,0
cobyla,sea,244,245.0,-6.3512150159833,-6.3512150159833,0
cobyla,sea,245,246.0,-6.3512150159833,-6.3512150159833,0
cobyla,sea,246,247.0,-6.3512150159833,-6.3512150159833,0
cobyla,sea,247,248.0,-6.3512150159833,-6.3512150159833,0
cobyla,sea,248,249.0,-6.357392030360353,-6.357392030360353,0
cobyla,sea,249,250.0,-6.357392030360353,-6.357392030360353,0
cobyla,sea,250,251.0,-6.357700487169232,-6.357700487169232,0
cobyla,sea,251,252.0,-6.357700487169232,-6.357700487169232,0
cobyla,sea,252,253.0,-6.357700487169232,-6.357700487169232,0
cobyla,sea,253,254.0,-6.357700487169232,-6.357700487169232,0
cobyla,sea,254,255.0,-6.3829375907851835,-6.3829375907851835,0
cobyla,sea,255,256.0,-6.3829375907851835,-6.3829375907851835,0
cobyla,sea,256,257.0,-6.425905194281074,-6.425905194281074,0
cobyla,sea,257,258.0,-6.428024616852559,-6.428024616852559,0
cobyla,sea,258,259.0,-6.428024616852559,-6.428024616852559,0
cobyla,sea,259,260.0,-6.428024616852559,-6.428024616852559,0
cobyla,sea,260,261.0,-6.428024616852559,-6.428024616852559,0
cobyla,sea,261,262.0,-6.428024616852559,-6.428024616852559,0
cobyla,sea,262,263.0,-6.428024616852559,-6.428024616852559,0
cobyla,sea,263,264.0,-6.428024616852559,-6.428024616852559,0
cobyla,sea,264,265.0,-6.428024616852559,-6.428024616852559,0
cobyla,sea,265,266.0,-6.428024616852559,-6.428024616852559,0
cobyla,sea,266,267.0,-6.428024616852559,-6.428024616852559,0
cobyla,sea,267,268.0,-6.428024616852559,-6.428024616852559,0
cobyla,sea,268,269.0,-6.428024616852559,-6.428024616852559,0
cobyla,sea,269,270.0,-6.428024616852559,-6.428024616852559,0
cobyla,sea,270,271.0,-6.428024616852559,-6.428024616852559,0
cobyla,sea,271,272.0,-6.428024616852559,-6.428024616852559,0
cobyla,sea,272,273.0,-6.428024616852559,-6.428024616852559,0
cobyla,sea,273,274.0,-6.428024616852559,-6.428024616852559,0
cobyla,sea,274,275.0,-6.428024616852559,-6.428024616852559,0
cobyla,sea,275,276.0,-6.428024616852559,-6.428024616852559,0
cobyla,sea,276,277.0,-6.428024616852559,-6.428024616852559,0
cobyla,sea,277,278.0,-6.446995429402875,-6.446995429402875,0
cobyla,sea,278,279.0,-6.446995429402875,-6.446995429402875,0
cobyla,sea,279,280.0,-6.446995429402875,-6.446995429402875,0
cobyla,sea,280,281.0,-6.446995429402875,-6.446995429402875,0
cobyla,sea,281,282.0,-6.446995429402875,-6.446995429402875,0
cobyla,sea,282,283.0,-6.446995429402875,-6.446995429402875,0
cobyla,sea,283,284.0,-6.446995429402875,-6.446995429402875,0
cobyla,sea,284,285.0,-6.446995429402875,-6.446995429402875,0
cobyla,sea,285,286.0,-6.446995429402875,-6.446995429402875,0
cobyla,sea,286,287.0,-6.446995429402875,-6.446995429402875,0
cobyla,sea,287,288.0,-6.446995429402875,-6.446995429402875,0
cobyla,sea,288,289.0,-6.446995429402875,-6.446995429402875,0
cobyla,sea,289,290.0,-6.446995429402875,-6.446995429402875,0
cobyla,sea,290,291.0,-6.446995429402875,-6.446995429402875,0
cobyla,sea,291,292.0,-6.446995429402875,-6.446995429402875,0
cobyla,sea,292,293.0,-6.446995429402875,-6.446995429402875,0
cobyla,sea,293,294.0,-6.446995429402875,-6.446995429402875,0
cobyla,sea,294,295.0,-6.446995429402875,-6.446995429402875,0
cobyla,sea,295,296.0,-6.446995429402875,-6.446995429402875,0
cobyla,sea,296,297.0,-6.446995429402875,-6.446995429402875,0
cobyla,sea,297,298.0,-6.446995429402875,-6.446995429402875,0
cobyla,sea,298,299.0,-6.589032545790369,-6.589032545790369,0
cobyla,sea,299,300.0,-6.589032545790369,-6.589032545790369,0
cobyla,sea,300,301.0,-6.620540969054961,-6.620540969054961,0
cobyla,sea,301,302.0,-6.620540969054961,-6.620540969054961,0
cobyla,sea,302,303.0,-6.620540969054961,-6.620540969054961,0
cobyla,sea,303,304.0,-6.620540969054961,-6.620540969054961,0
cobyla,sea,304,305.0,-6.620540969054961,-6.620540969054961,0
cobyla,sea,305,306.0,-6.620540969054961,-6.620540969054961,0
cobyla,sea,306,307.0,-6.620540969054961,-6.620540969054961,0
cobyla,sea,307,308.0,-6.620540969054961,-6.620540969054961,0
cobyla,sea,308,309.0,-6.620540969054961,-6.620540969054961,0
cobyla,sea,309,310.0,-6.620540969054961,-6.620540969054961,0
cobyla,sea,310,311.0,-6.620540969054961,-6.620540969054961,0
cobyla,sea,311,312.0,-6.620540969054961,-6.620540969054961,0
cobyla,sea,312,313.0,-6.620540969054961,-6.620540969054961,0
cobyla,sea,313,314.0,-6.620540969054961,-6.620540969054961,0
cobyla,sea,314,315.0,-6.622579359108139,-6.622579359108139,0
cobyla,sea,315,316.0,-6.622579359108139,-6.622579359108139,0
cobyla,sea,316,317.0,-6.622579359108139,-6.622579359108139,0
cobyla,sea,317,318.0,-6.622579359108139,-6.622579359108139,0
cobyla,sea,318,319.0,-6.622579359108139,-6.622579359108139,0
cobyla,sea,319,320.0,-6.622579359108139,-6.622579359108139,0
cobyla,sea,320,321.0,-6.622579359108139,-6.622579359108139,0
cobyla,sea,321,322.0,-6.622579359108139,-6.622579359108139,0
cobyla,sea,322,323.0,-6.6356400171540715,-6.6356400171540715,0
cobyla,sea,323,324.0,-6.6356400171540715,-6.6356400171540715,0
cobyla,sea,324,325.0,-6.6356400171540715,-6.6356400171540715,0
cobyla,sea,325,326.0,-6.6356400171540715,-6.6356400171540715,0
cobyla,sea,326,327.0,-6.6356400171540715,-6.6356400171540715,0
cobyla,sea,327,328.0,-6.6356400171540715,-6.6356400171540715,0
cobyla,sea,328,329.0,-6.6356400171540715,-6.6356400171540715,0
cobyla,sea,329,330.0,-6.6356400171540715,-6.6356400171540715,0
cobyla,sea,330,331.0,-6.6356400171540715,-6.6356400171540715,0
cobyla,sea,331,332.0,-6.6356400171540715,-6.6356400171540715,0
cobyla,sea,332,333.0,-6.6356400171540715,-6.6356400171540715,0
cobyla,sea,333,334.0,-6.6356400171540715,-6.6356400171540715,0
cobyla,sea,334,335.0,-6.6356400171540715,-6.6356400171540715,0
cobyla,sea,335,336.0,-6.6356400171540715,-6.6356400171540715,0
cobyla,sea,336,337.0,-6.6356400171540715,-6.6356400171540715,0
cobyla,sea,337,338.0,-6.6356400171540715,-6.6356400171540715,0
cobyla,sea,338,339.0,-6.650106067154428,-6.650106067154428,0
cobyla,sea,339,340.0,-6.650106067154428,-6.650106067154428,0
cobyla,sea,340,341.0,-6.671046749434922,-6.671046749434922,0
cobyla,sea,341,342.0,-6.671046749434922,-6.671046749434922,0
cobyla,sea,342,343.0,-6.692437579286618,-6.692437579286618,0
cobyla,sea,343,344.0,-6.692437579286618,-6.692437579286618,0
cobyla,sea,344,345.0,-6.692437579286618,-6.692437579286618,0
cobyla,sea,345,346.0,-6.692437579286618,-6.692437579286618,0
cobyla,sea,346,347.0,-6.692437579286618,-6.692437579286618,0
cobyla,sea,347,348.0,-6.692437579286618,-6.692437579286618,0
cobyla,sea,348,349.0,-6.692437579286618,-6.692437579286618,0
cobyla,sea,349,350.0,-6.692437579286618,-6.692437579286618,0
cobyla,sea,350,351.0,-6.692437579286618,-6.692437579286618,0
cobyla,sea,351,352.0,-6.692437579286618,-6.692437579286618,0
cobyla,sea,352,353.0,-6.692437579286618,-6.692437579286618,0
cobyla,sea,353,354.0,-6.692437579286618,-6.692437579286618,0
cobyla,sea,354,355.0,-6.692437579286618,-6.692437579286618,0
cobyla,sea,355,356.0,-6.692437579286618,-6.692437579286618,0
cobyla,sea,356,357.0,-6.692437579286618,-6.692437579286618,0
cobyla,sea,357,358.0,-6.692437579286618,-6.692437579286618,0
cobyla,sea,358,359.0,-6.692437579286618,-6.692437579286618,0
cobyla,sea,359,360.0,-6.692437579286618,-6.692437579286618,0
cobyla,sea,360,361.0,-6.692437579286618,-6.692437579286618,0
cobyla,sea,361,362.0,-6.692437579286618,-6.692437579286618,0
cobyla,sea,362,363.0,-6.692437579286618,-6.692437579286618,0
cobyla,sea,363,364.0,-6.723276577250855,-6.723276577250855,0
cobyla,sea,364,365.0,-6.723276577250855,-6.723276577250855,0
cobyla,sea,365,366.0,-6.723276577250855,-6.723276577250855,0
cobyla,sea,366,367.0,-6.723276577250855,-6.723276577250855,0
cobyla,sea,367,368.0,-6.723276577250855,-6.723276577250855,0
cobyla,sea,368,369.0,-6.723369355794613,-6.723369355794613,0
cobyla,sea,369,370.0,-6.723369355794613,-6.723369355794613,0
cobyla,sea,370,371.0,-6.723369355794613,-6.723369355794613,0
cobyla,sea,371,372.0,-6.723369355794613,-6.723369355794613,0
cobyla,sea,372,373.0,-6.7233693557946355,-6.7233693557946355,0
cobyla,sea,373,374.0,-6.7233693557946355,-6.7233693557946355,0
cobyla,sea,374,375.0,-6.7233693557946355,-6.7233693557946355,0
cobyla,sea,375,376.0,-6.7233693557946355,-6.7233693557946355,0
cobyla,sea,376,377.0,-6.7233693557946355,-6.7233693557946355,0
cobyla,sea,377,378.0,-6.7233693557946355,-6.7233693557946355,0
cobyla,sea,378,379.0,-6.7233693557946355,-6.7233693557946355,0
cobyla,sea,379,380.0,-6.7233693557946355,-6.7233693557946355,0
cobyla,sea,380,381.0,-6.7233693557946355,-6.7233693557946355,0
cobyla,sea,381,382.0,-6.7233693557946355,-6.7233693557946355,0
cobyla,sea,382,383.0,-6.7233693557946355,-6.7233693557946355,0
cobyla,sea,383,384.0,-6.7233693557946355,-6.7233693557946355,0
cobyla,sea,384,385.0,-6.7233693557946355,-6.7233693557946355,0
cobyla,sea,385,386.0,-6.7233693557946355,-6.7233693557946355,0
cobyla,sea,386,387.0,-6.7233693557946355,-6.7233693557946355,0
cobyla,sea,387,388.0,-6.7233693557946355,-6.7233693557946355,0
cobyla,sea,388,389.0,-6.7233693557946355,-6.7233693557946355,0
cobyla,sea,389,390.0,-6.7233693557946355,-6.7233693557946355,0
cobyla,sea,390,391.0,-6.7233693557946355,-6.7233693557946355,0
cobyla,sea,391,392.0,-6.7233693557946355,-6.7233693557946355,0
cobyla,sea,392,393.0,-6.7233693557946355,-6.7233693557946355,0
cobyla,sea,393,394.0,-6.7233693557946355,-6.7233693557946355,0
cobyla,sea,394,395.0,-6.745510805709068,-6.745510805709068,0
cobyla,sea,395,396.0,-6.745510805709068,-6.745510805709068,0
cobyla,sea,396,397.0,-6.745510805709068,-6.745510805709068,0
cobyla,sea,397,398.0,-6.745510805709068,-6.745510805709068,0
cobyla,sea,398,399.0,-6.745510805709068,-6.745510805709068,0
cobyla,sea,399,400.0,-6.745510805709068,-6.745510805709068,0
cobyla,sea,400,401.0,-6.745510805709068,-6.745510805709068,0
cobyla,sea,401,402.0,-6.745510805709068,-6.745510805709068,0
cobyla,sea,402,403.0,-6.745510805709068,-6.745510805709068,0
cobyla,sea,403,404.0,-6.745510805709068,-6.745510805709068,0
cobyla,sea,404,405.0,-6.745510805709068,-6.745510805709068,0
cobyla,sea,405,406.0,-6.745510805709068,-6.745510805709068,0
cobyla,sea,406,407.0,-6.762591697498333,-6.762591697498333,0
cobyla,sea,407,408.0,-6.762591697498333,-6.762591697498333,0
cobyla,sea,408,409.0,-6.762591697498333,-6.762591697498333,0
cobyla,sea,409,410.0,-6.762591697498333,-6.762591697498333,0
cobyla,sea,410,411.0,-6.762591697498333,-6.762591697498333,0
cobyla,sea,411,412.0,-6.762591697498333,-6.762591697498333,0
cobyla,sea,412,413.0,-6.762591697498333,-6.762591697498333,0
cobyla,sea,413,414.0,-6.762591697498333,-6.762591697498333,0
cobyla,sea,414,415.0,-6.762591697498333,-6.762591697498333,0
cobyla,sea,415,416.0,-6.762591697498333,-6.762591697498333,0
cobyla,sea,416,417.0,-6.762591697498333,-6.762591697498333,0
cobyla,sea,417,418.0,-6.762591697498333,-6.762591697498333,0
cobyla,sea,418,419.0,-6.762591697498333,-6.762591697498333,0
cobyla,sea,419,420.0,-6.762591697498333,-6.762591697498333,0
cobyla,sea,420,421.0,-6.762591697498333,-6.762591697498333,0
cobyla,sea,421,422.0,-6.762591697498333,-6.762591697498333,0
cobyla,sea,422,423.0,-6.762591697498333,-6.762591697498333,0
cobyla,sea,423,424.0,-6.762591697498333,-6.762591697498333,0
cobyla,sea,424,425.0,-6.762591697498333,-6.762591697498333,0
cobyla,sea,425,426.0,-6.762591697498333,-6.762591697498333,0
cobyla,sea,426,427.0,-6.762591697498333,-6.762591697498333,0
cobyla,sea,427,428.0,-6.762591697498333,-6.762591697498333,0
cobyla,sea,428,429.0,-6.762591697498333,-6.762591697498333,0
cobyla,sea,429,430.0,-6.762591697498333,-6.762591697498333,0
cobyla,sea,430,431.0,-6.762591697498333,-6.762591697498333,0
cobyla,sea,431,432.0,-6.762591697498333,-6.762591697498333,0
cobyla,sea,432,433.0,-6.762591697498333,-6.762591697498333,0
cobyla,sea,433,434.0,-6.762591697498333,-6.762591697498333,0
cobyla,sea,434,435.0,-6.762591697498333,-6.762591697498333,0
cobyla,sea,435,436.0,-6.762591697498333,-6.762591697498333,0
cobyla,sea,436,437.0,-6.780033202216913,-6.780033202216913,0
cobyla,sea,437,438.0,-6.780033202216913,-6.780033202216913,0
cobyla,sea,438,439.0,-6.780033202216913,-6.780033202216913,0
cobyla,sea,439,440.0,-6.780033202216913,-6.780033202216913,0
cobyla,sea,440,441.0,-6.780033202216913,-6.780033202216913,0
cobyla,sea,441,442.0,-6.780033202216913,-6.780033202216913,0
cobyla,sea,442,443.0,-6.780033202216913,-6.780033202216913,0
cobyla,sea,443,444.0,-6.780033202216913,-6.780033202216913,0
cobyla,sea,444,445.0,-6.780033202216913,-6.780033202216913,0
cobyla,sea,445,446.0,-6.780033202216913,-6.780033202216913,0
cobyla,sea,446,447.0,-6.780033202216913,-6.780033202216913,0
cobyla,sea,447,448.0,-6.780033202216913,-6.780033202216913,0
cobyla,sea,448,449.0,-6.780033202216913,-6.780033202216913,0
cobyla,sea,449,450.0,-6.780033202216913,-6.780033202216913,0
cobyla,sea,450,451.0,-6.780033202216913,-6.780033202216913,0
cobyla,sea,451,452.0,-6.781599846297412,-6.781599846297412,0
cobyla,sea,452,453.0,-6.781599846297412,-6.781599846297412,0
cobyla,sea,453,454.0,-6.78642985743596,-6.78642985743596,0
cobyla,sea,454,455.0,-6.78642985743596,-6.78642985743596,0
cobyla,sea,455,456.0,-6.794163140279024,-6.794163140279024,0
cobyla,sea,456,457.0,-6.794163140279024,-6.794163140279024,0
cobyla,sea,457,458.0,-6.794163140279024,-6.794163140279024,0
cobyla,sea,458,459.0,-6.794163140279024,-6.794163140279024,0
cobyla,sea,459,460.0,-6.794163140279024,-6.794163140279024,0
cobyla,sea,460,461.0,-6.794163140279024,-6.794163140279024,0
cobyla,sea,461,462.0,-6.794163140279024,-6.794163140279024,0
cobyla,sea,462,463.0,-6.794163140279024,-6.794163140279024,0
cobyla,sea,463,464.0,-6.794163140279024,-6.794163140279024,0
cobyla,sea,464,465.0,-6.794163140279024,-6.794163140279024,0
cobyla,sea,465,466.0,-6.794163140279024,-6.794163140279024,0
cobyla,sea,466,467.0,-6.794163140279024,-6.794163140279024,0
cobyla,sea,467,468.0,-6.794163140279024,-6.794163140279024,0
cobyla,sea,468,469.0,-6.794163140279024,-6.794163140279024,0
cobyla,sea,469,470.0,-6.794163140279024,-6.794163140279024,0
cobyla,sea,470,471.0,-6.811603204843287,-6.811603204843287,0
cobyla,sea,471,472.0,-6.811603204843287,-6.811603204843287,0
cobyla,sea,472,473.0,-6.811603204843287,-6.811603204843287,0
cobyla,sea,473,474.0,-6.811603204843287,-6.811603204843287,0
cobyla,sea,474,475.0,-6.8136317836964855,-6.8136317836964855,0
cobyla,sea,475,476.0,-6.824897785251284,-6.824897785251284,0
cobyla,sea,476,477.0,-6.824897785251284,-6.824897785251284,0
cobyla,sea,477,478.0,-6.842977687624682,-6.842977687624682,0
cobyla,sea,478,479.0,-6.842977687624682,-6.842977687624682,0
cobyla,sea,479,480.0,-6.851626163467883,-6.851626163467883,0
cobyla,sea,480,481.0,-6.851626163467883,-6.851626163467883,0
cobyla,sea,481,482.0,-6.851626163467883,-6.851626163467883,0
cobyla,sea,482,483.0,-6.851626163467883,-6.851626163467883,0
cobyla,sea,483,484.0,-6.863608598430445,-6.863608598430445,0
cobyla,sea,484,485.0,-6.863608598430445,-6.863608598430445,0
cobyla,sea,485,486.0,-6.863608598430445,-6.863608598430445,0
cobyla,sea,486,487.0,-6.863608598430445,-6.863608598430445,0
cobyla,sea,487,488.0,-6.863608598430445,-6.863608598430445,0
cobyla,sea,488,489.0,-6.863608598430445,-6.863608598430445,0
cobyla,sea,489,490.0,-6.863608598430445,-6.863608598430445,0
cobyla,sea,490,491.0,-6.863608598430445,-6.863608598430445,0
cobyla,sea,491,492.0,-6.8636085984304485,-6.8636085984304485,0
cobyla,sea,492,493.0,-6.8636085984304485,-6.8636085984304485,0
cobyla,sea,493,494.0,-6.8636085984304485,-6.8636085984304485,0
cobyla,sea,494,495.0,-6.869879357713938,-6.869879357713938,0
cobyla,sea,495,496.0,-6.869879357713938,-6.869879357713938,0
cobyla,sea,496,497.0,-6.869879357713938,-6.869879357713938,0
cobyla,sea,497,498.0,-6.869879357713938,-6.869879357713938,0
cobyla,sea,498,499.0,-6.874298322901171,-6.874298322901171,0
cobyla,sea,499,500.0,-6.874298322901171,-6.874298322901171,0
cobyla,sea,500,501.0,-6.874298322901171,-6.874298322901171,0
cobyla,sea,501,502.0,-6.874298322901171,-6.874298322901171,0
cobyla,sea,502,503.0,-6.874298322901171,-6.874298322901171,0
cobyla,sea,503,504.0,-6.874298322901171,-6.874298322901171,0
cobyla,sea,504,505.0,-6.874298322901171,-6.874298322901171,0
cobyla,sea,505,506.0,-6.874298322901171,-6.874298322901171,0
cobyla,sea,506,507.0,-6.874298322901171,-6.874298322901171,0
cobyla,sea,507,508.0,-6.875113615950652,-6.875113615950652,0
cobyla,sea,508,509.0,-6.875113615950652,-6.875113615950652,0
cobyla,sea,509,510.0,-6.875113615950652,-6.875113615950652,0
cobyla,sea,510,511.0,-6.875113615950652,-6.875113615950652,0
cobyla,sea,511,512.0,-6.875113615950652,-6.875113615950652,0
cobyla,sea,512,513.0,-6.875113615950652,-6.875113615950652,0
cobyla,sea,513,514.0,-6.875113615950652,-6.875113615950652,0
cobyla,sea,514,515.0,-6.875113615950652,-6.875113615950652,0
cobyla,sea,515,516.0,-6.875113615950652,-6.875113615950652,0
cobyla,sea,516,517.0,-6.875113615950652,-6.875113615950652,0
cobyla,sea,517,518.0,-6.875113615950652,-6.875113615950652,0
cobyla,sea,518,519.0,-6.875113615950652,-6.875113615950652,0
cobyla,sea,519,520.0,-6.875113615950652,-6.875113615950652,0
cobyla,sea,520,521.0,-6.875113615950652,-6.875113615950652,0
cobyla,sea,521,522.0,-6.875113615950652,-6.875113615950652,0
cobyla,sea,522,523.0,-6.875113615950652,-6.875113615950652,0
cobyla,sea,523,524.0,-6.94405573656603,-6.94405573656603,0
cobyla,sea,524,525.0,-6.94405573656603,-6.94405573656603,0
cobyla,sea,525,526.0,-6.949782449066198,-6.949782449066198,0
cobyla,sea,526,527.0,-6.949782449066198,-6.949782449066198,0
cobyla,sea,527,528.0,-6.951115464513259,-6.951115464513259,0
cobyla,sea,528,529.0,-6.951115464513259,-6.951115464513259,0
cobyla,sea,529,530.0,-6.951115464513259,-6.951115464513259,0
cobyla,sea,530,531.0,-6.951115464513259,-6.951115464513259,0
cobyla,sea,531,532.0,-6.951115464513259,-6.951115464513259,0
cobyla,sea,532,533.0,-6.951115464513259,-6.951115464513259,0
cobyla,sea,533,534.0,-6.951115464513259,-6.951115464513259,0
cobyla,sea,534,535.0,-6.951115464513259,-6.951115464513259,0
cobyla,sea,535,536.0,-6.951774814139376,-6.951774814139376,0
cobyla,sea,536,537.0,-6.951774814139376,-6.951774814139376,0
cobyla,sea,537,538.0,-6.951774814139376,-6.951774814139376,0
cobyla,sea,538,539.0,-6.951774814139376,-6.951774814139376,0
cobyla,sea,539,540.0,-6.951774814139376,-6.951774814139376,0
cobyla,sea,540,541.0,-6.951774814139376,-6.951774814139376,0
cobyla,sea,541,542.0,-6.951774814139376,-6.951774814139376,0
cobyla,sea,542,543.0,-6.951774814139376,-6.951774814139376,0
cobyla,sea,543,544.0,-6.951774814139376,-6.951774814139376,0
cobyla,sea,544,545.0,-6.951774814139376,-6.951774814139376,0
cobyla,sea,545,546.0,-6.951774814139376,-6.951774814139376,0
cobyla,sea,546,547.0,-6.951774814139376,-6.951774814139376,0
cobyla,sea,547,548.0,-6.951774814139376,-6.951774814139376,0
cobyla,sea,548,549.0,-6.951774814139376,-6.951774814139376,0
cobyla,sea,549,550.0,-6.951774814139376,-6.951774814139376,0
cobyla,sea,550,551.0,-6.951774814139376,-6.951774814139376,0
cobyla,sea,551,552.0,-6.951774814139376,-6.951774814139376,0
cobyla,sea,552,553.0,-6.951774814139376,-6.951774814139376,0
cobyla,sea,553,554.0,-6.951774814139376,-6.951774814139376,0
cobyla,sea,554,555.0,-6.951774814139376,-6.951774814139376,0
cobyla,sea,555,556.0,-6.951774814139376,-6.951774814139376,0
cobyla,sea,556,557.0,-6.951774814139376,-6.951774814139376,0
cobyla,sea,557,558.0,-6.951774814139376,-6.951774814139376,0
cobyla,sea,558,559.0,-6.951774814139376,-6.951774814139376,0
cobyla,sea,559,560.0,-6.951774814139376,-6.951774814139376,0
cobyla,sea,560,561.0,-6.955093247450906,-6.955093247450906,0
cobyla,sea,561,562.0,-6.955093247450906,-6.955093247450906,0
cobyla,sea,562,563.0,-6.955093247450906,-6.955093247450906,0
cobyla,sea,563,564.0,-6.95757175978347,-6.95757175978347,0
cobyla,sea,564,565.0,-6.95757175978347,-6.95757175978347,0
cobyla,sea,565,566.0,-6.95757175978347,-6.95757175978347,0
cobyla,sea,566,567.0,-6.95757175978347,-6.95757175978347,0
cobyla,sea,567,568.0,-6.958671989952329,-6.958671989952329,0
cobyla,sea,568,569.0,-6.958671989952329,-6.958671989952329,0
cobyla,sea,569,570.0,-6.958671989952329,-6.958671989952329,0
cobyla,sea,570,571.0,-6.958671989952329,-6.958671989952329,0
cobyla,sea,571,572.0,-6.958671989952329,-6.958671989952329,0
cobyla,sea,572,573.0,-6.958671989952329,-6.958671989952329,0
cobyla,sea,573,574.0,-6.958671989952329,-6.958671989952329,0
cobyla,sea,574,575.0,-6.958671989952329,-6.958671989952329,0
cobyla,sea,575,576.0,-6.958671989952329,-6.958671989952329,0
cobyla,sea,576,577.0,-6.958671989952329,-6.958671989952329,0
cobyla,sea,577,578.0,-6.958671989952329,-6.958671989952329,0
cobyla,sea,578,579.0,-6.958671989952329,-6.958671989952329,0
cobyla,sea,579,580.0,-6.958671989952329,-6.958671989952329,0
cobyla,sea,580,581.0,-6.958671989952329,-6.958671989952329,0
cobyla,sea,581,582.0,-6.958671989952329,-6.958671989952329,0
cobyla,sea,582,583.0,-6.958671989952329,-6.958671989952329,0
cobyla,sea,583,584.0,-6.959880151942838,-6.959880151942838,0
cobyla,sea,584,585.0,-6.959880151942838,-6.959880151942838,0
cobyla,sea,585,586.0,-6.959880151942838,-6.959880151942838,0
cobyla,sea,586,587.0,-6.959880151942838,-6.959880151942838,0
cobyla,sea,587,588.0,-6.959880151942838,-6.959880151942838,0
cobyla,sea,588,589.0,-6.959880151942838,-6.959880151942838,0
cobyla,sea,589,590.0,-6.959880151942838,-6.959880151942838,0
cobyla,sea,590,591.0,-6.959880151942838,-6.959880151942838,0
cobyla,sea,591,592.0,-6.959880151942838,-6.959880151942838,0
cobyla,sea,592,593.0,-6.961858037674188,-6.961858037674188,0
cobyla,sea,593,594.0,-6.961858037674188,-6.961858037674188,0
cobyla,sea,594,595.0,-6.961858037674188,-6.961858037674188,0
cobyla,sea,595,596.0,-6.961858037674188,-6.961858037674188,0
cobyla,sea,596,597.0,-6.961858037674188,-6.961858037674188,0
cobyla,sea,597,598.0,-6.961858037674188,-6.961858037674188,0
cobyla,sea,598,599.0,-6.961858037674188,-6.961858037674188,0
cobyla,sea,599,600.0,-6.961858037674188,-6.961858037674188,0
cobyla,sea,600,601.0,-6.961858037674188,-6.961858037674188,0
cobyla,sea,601,602.0,-6.961858037674188,-6.961858037674188,0
cobyla,sea,602,603.0,-6.961858037674188,-6.961858037674188,0
cobyla,sea,603,604.0,-6.966780599610877,-6.966780599610877,0
cobyla,sea,604,605.0,-6.966780599610877,-6.966780599610877,0
cobyla,sea,605,606.0,-6.966780599610877,-6.966780599610877,0
cobyla,sea,606,607.0,-6.966780599610877,-6.966780599610877,0
cobyla,sea,607,608.0,-6.966780599610877,-6.966780599610877,0
cobyla,sea,608,609.0,-6.966780599610877,-6.966780599610877,0
cobyla,sea,609,610.0,-6.966780599610878,-6.966780599610878,0
cobyla,sea,610,611.0,-6.966780599610878,-6.966780599610878,0
cobyla,sea,611,612.0,-6.966780599610878,-6.966780599610878,0
cobyla,sea,612,613.0,-6.966780599610878,-6.966780599610878,0
cobyla,sea,613,614.0,-6.966780599610878,-6.966780599610878,0
cobyla,sea,614,615.0,-6.966780599610878,-6.966780599610878,0
cobyla,sea,615,616.0,-6.993326310309035,-6.993326310309035,0
cobyla,sea,616,617.0,-6.993326310309035,-6.993326310309035,0
cobyla,sea,617,618.0,-6.993326310309035,-6.993326310309035,0
cobyla,sea,618,619.0,-6.993326310309035,-6.993326310309035,0
cobyla,sea,619,620.0,-6.993326310309035,-6.993326310309035,0
cobyla,sea,620,621.0,-6.993326310309035,-6.993326310309035,0
cobyla,sea,621,622.0,-6.993326310309035,-6.993326310309035,0
cobyla,sea,622,623.0,-6.993326310309035,-6.993326310309035,0
cobyla,sea,623,624.0,-6.993326310309035,-6.993326310309035,0
cobyla,sea,624,625.0,-6.993326310309035,-6.993326310309035,0
cobyla,sea,625,626.0,-6.993326310309035,-6.993326310309035,0
cobyla,sea,626,627.0,-6.993326310309035,-6.993326310309035,0
cobyla,sea,627,628.0,-6.993326310309035,-6.993326310309035,0
cobyla,sea,628,629.0,-6.993326310309035,-6.993326310309035,0
cobyla,sea,629,630.0,-6.993326310309035,-6.993326310309035,0
cobyla,sea,630,631.0,-6.993326310309035,-6.993326310309035,0
cobyla,sea,631,632.0,-6.993326310309035,-6.993326310309035,0
cobyla,sea,632,633.0,-6.993326310309035,-6.993326310309035,0
cobyla,sea,633,634.0,-6.993326310309035,-6.993326310309035,0
cobyla,sea,634,635.0,-6.993326310309035,-6.993326310309035,0
cobyla,sea,635,636.0,-6.994167907461107,-6.994167907461107,0
cobyla,sea,636,637.0,-6.994167907461107,-6.994167907461107,0
cobyla,sea,637,638.0,-6.99741065962581,-6.99741065962581,0
cobyla,sea,638,639.0,-6.99741065962581,-6.99741065962581,0
cobyla,sea,639,640.0,-6.99741065962581,-6.99741065962581,0
cobyla,sea,640,641.0,-6.99741065962581,-6.99741065962581,0
cobyla,sea,641,642.0,-7.000927356068404,-7.000927356068404,0
cobyla,sea,642,643.0,-7.000927356068404,-7.000927356068404,0
cobyla,sea,643,644.0,-7.000927356068404,-7.000927356068404,0
cobyla,sea,644,645.0,-7.000927356068404,-7.000927356068404,0
cobyla,sea,645,646.0,-7.000927356068404,-7.000927356068404,0
cobyla,sea,646,647.0,-7.000927356068404,-7.000927356068404,0
cobyla,sea,647,648.0,-7.000927356068404,-7.000927356068404,0
cobyla,sea,648,649.0,-7.000927356068404,-7.000927356068404,0
cobyla,sea,649,650.0,-7.000927356068404,-7.000927356068404,0
cobyla,sea,650,651.0,-7.000927356068404,-7.000927356068404,0
cobyla,sea,651,652.0,-7.000927356068404,-7.000927356068404,0
cobyla,sea,652,653.0,-7.000927356068404,-7.000927356068404,0
cobyla,sea,653,654.0,-7.010089237352859,-7.010089237352859,0
cobyla,sea,654,655.0,-7.010089237352859,-7.010089237352859,0
cobyla,sea,655,656.0,-7.010089237352859,-7.010089237352859,0
cobyla,sea,656,657.0,-7.010089237352859,-7.010089237352859,0
cobyla,sea,657,658.0,-7.010207535171183,-7.010207535171183,0
cobyla,sea,658,659.0,-7.010207535171183,-7.010207535171183,0
cobyla,sea,659,660.0,-7.010207535171183,-7.010207535171183,0
cobyla,sea,660,661.0,-7.010207535171183,-7.010207535171183,0
cobyla,sea,661,662.0,-7.051578991531194,-7.051578991531194,0
cobyla,sea,662,663.0,-7.051578991531194,-7.051578991531194,0
cobyla,sea,663,664.0,-7.051578991531194,-7.051578991531194,0
cobyla,sea,664,665.0,-7.051578991531194,-7.051578991531194,0
cobyla,sea,665,666.0,-7.051846790729597,-7.051846790729597,0
cobyla,sea,666,667.0,-7.051846790729597,-7.051846790729597,0
cobyla,sea,667,668.0,-7.0541508186526025,-7.0541508186526025,0
cobyla,sea,668,669.0,-7.0541508186526025,-7.0541508186526025,0
cobyla,sea,669,670.0,-7.0541508186526025,-7.0541508186526025,0
cobyla,sea,670,671.0,-7.0541508186526025,-7.0541508186526025,0
cobyla,sea,671,672.0,-7.0541508186526025,-7.0541508186526025,0
cobyla,sea,672,673.0,-7.0541508186526025,-7.0541508186526025,0
cobyla,sea,673,674.0,-7.056145403942211,-7.056145403942211,0
cobyla,sea,674,675.0,-7.056145403942211,-7.056145403942211,0
cobyla,sea,675,676.0,-7.056145403942211,-7.056145403942211,0
cobyla,sea,676,677.0,-7.056145403942211,-7.056145403942211,0
cobyla,sea,677,678.0,-7.056145403942211,-7.056145403942211,0
cobyla,sea,678,679.0,-7.056145403942211,-7.056145403942211,0
cobyla,sea,679,680.0,-7.056145403942211,-7.056145403942211,0
cobyla,sea,680,681.0,-7.056145403942211,-7.056145403942211,0
cobyla,sea,681,682.0,-7.056145403942211,-7.056145403942211,0
cobyla,sea,682,683.0,-7.056145403942211,-7.056145403942211,0
cobyla,sea,683,684.0,-7.057273666536267,-7.057273666536267,0
cobyla,sea,684,685.0,-7.057273666536267,-7.057273666536267,0
cobyla,sea,685,686.0,-7.061118704375458,-7.061118704375458,0
cobyla,sea,686,687.0,-7.061118704375458,-7.061118704375458,0
cobyla,sea,687,688.0,-7.061118704375458,-7.061118704375458,0
cobyla,sea,688,689.0,-7.061118704375458,-7.061118704375458,0
cobyla,sea,689,690.0,-7.095307843122406,-7.095307843122406,0
cobyla,sea,690,691.0,-7.095307843122406,-7.095307843122406,0
cobyla,sea,691,692.0,-7.095307843122406,-7.095307843122406,0
cobyla,sea,692,693.0,-7.095307843122406,-7.095307843122406,0
cobyla,sea,693,694.0,-7.095307843122406,-7.095307843122406,0
cobyla,sea,694,695.0,-7.095307843122406,-7.095307843122406,0
cobyla,sea,695,696.0,-7.095307843122406,-7.095307843122406,0
cobyla,sea,696,697.0,-7.095307843122406,-7.095307843122406,0
cobyla,sea,697,698.0,-7.095307843122406,-7.095307843122406,0
cobyla,sea,698,699.0,-7.095307843122406,-7.095307843122406,0
cobyla,sea,699,700.0,-7.095307843122406,-7.095307843122406,0
cobyla,sea,700,701.0,-7.095307843122406,-7.095307843122406,0
cobyla,sea,701,702.0,-7.097249677646401,-7.097249677646401,0
cobyla,sea,702,703.0,-7.097249677646401,-7.097249677646401,0
cobyla,sea,703,704.0,-7.097249677646401,-7.097249677646401,0
cobyla,sea,704,705.0,-7.097249677646401,-7.097249677646401,0
cobyla,sea,705,706.0,-7.097249677646401,-7.097249677646401,0
cobyla,sea,706,707.0,-7.097249677646401,-7.097249677646401,0
cobyla,sea,707,708.0,-7.097249677646401,-7.097249677646401,0
cobyla,sea,708,709.0,-7.097249677646401,-7.097249677646401,0
cobyla,sea,709,710.0,-7.097249677646401,-7.097249677646401,0
cobyla,sea,710,711.0,-7.104575727089581,-7.104575727089581,0
cobyla,sea,711,712.0,-7.104575727089581,-7.104575727089581,0
cobyla,sea,712,713.0,-7.104575727089581,-7.104575727089581,0
cobyla,sea,713,714.0,-7.104575727089581,-7.104575727089581,0
cobyla,sea,714,715.0,-7.104575727089581,-7.104575727089581,0
cobyla,sea,715,716.0,-7.104575727089583,-7.104575727089583,0
cobyla,sea,716,717.0,-7.104575727089583,-7.104575727089583,0
cobyla,sea,717,718.0,-7.104575727089583,-7.104575727089583,0
cobyla,sea,718,719.0,-7.104575727089583,-7.104575727089583,0
cobyla,sea,719,720.0,-7.105361869890015,-7.105361869890015,0
cobyla,sea,720,721.0,-7.105361869890015,-7.105361869890015,0
cobyla,sea,721,722.0,-7.105361869890015,-7.105361869890015,0
cobyla,sea,722,723.0,-7.105361869890015,-7.105361869890015,0
cobyla,sea,723,724.0,-7.105361869890015,-7.105361869890015,0
cobyla,sea,724,725.0,-7.105361869890015,-7.105361869890015,0
cobyla,sea,725,726.0,-7.105361869890015,-7.105361869890015,0
cobyla,sea,726,727.0,-7.105361869890015,-7.105361869890015,0
cobyla,sea,727,728.0,-7.115922894060197,-7.115922894060197,0
cobyla,sea,728,729.0,-7.115922894060197,-7.115922894060197,0
cobyla,sea,729,730.0,-7.115922894060197,-7.115922894060197,0
cobyla,sea,730,731.0,-7.115922894060197,-7.115922894060197,0
cobyla,sea,731,732.0,-7.118233285283325,-7.118233285283325,0
cobyla,sea,732,733.0,-7.118233285283325,-7.118233285283325,0
cobyla,sea,733,734.0,-7.118233285283325,-7.118233285283325,0
cobyla,sea,734,735.0,-7.118233285283325,-7.118233285283325,0
cobyla,sea,735,736.0,-7.118233285283325,-7.118233285283325,0
cobyla,sea,736,737.0,-7.118233285283325,-7.118233285283325,0
cobyla,sea,737,738.0,-7.118233285283325,-7.118233285283325,0
cobyla,sea,738,739.0,-7.118233285283325,-7.118233285283325,0
cobyla,sea,739,740.0,-7.119063423197805,-7.119063423197805,0
cobyla,sea,740,741.0,-7.119063423197805,-7.119063423197805,0
cobyla,sea,741,742.0,-7.119063423197805,-7.119063423197805,0
cobyla,sea,742,743.0,-7.119063423197805,-7.119063423197805,0
cobyla,sea,743,744.0,-7.119063423197805,-7.119063423197805,0
cobyla,sea,744,745.0,-7.119063423197805,-7.119063423197805,0
cobyla,sea,745,746.0,-7.119063423197805,-7.119063423197805,0
cobyla,sea,746,747.0,-7.119063423197805,-7.119063423197805,0
cobyla,sea,747,748.0,-7.119063423197805,-7.119063423197805,0
cobyla,sea,748,749.0,-7.119063423197805,-7.119063423197805,0
cobyla,sea,749,750.0,-7.119063423197805,-7.119063423197805,0
cobyla,sea,750,751.0,-7.119063423197805,-7.119063423197805,0
cobyla,sea,751,752.0,-7.119063423197805,-7.119063423197805,0
cobyla,sea,752,753.0,-7.119063423197805,-7.119063423197805,0
cobyla,sea,753,754.0,-7.119063423197805,-7.119063423197805,0
cobyla,sea,754,755.0,-7.119063423197805,-7.119063423197805,0
cobyla,sea,755,756.0,-7.119063423197805,-7.119063423197805,0
cobyla,sea,756,757.0,-7.119063423197805,-7.119063423197805,0
cobyla,sea,757,758.0,-7.121997268485287,-7.121997268485287,0
cobyla,sea,758,759.0,-7.121997268485287,-7.121997268485287,0
cobyla,sea,759,760.0,-7.125099347949754,-7.125099347949754,0
cobyla,sea,760,761.0,-7.125099347949754,-7.125099347949754,0
cobyla,sea,761,762.0,-7.125099347949754,-7.125099347949754,0
cobyla,sea,762,763.0,-7.125099347949754,-7.125099347949754,0
cobyla,sea,763,764.0,-7.125099347949778,-7.125099347949778,0
cobyla,sea,764,765.0,-7.125099347949778,-7.125099347949778,0
cobyla,sea,765,766.0,-7.125099347949778,-7.125099347949778,0
cobyla,sea,766,767.0,-7.125099347949778,-7.125099347949778,0
cobyla,sea,767,768.0,-7.125099347949778,-7.125099347949778,0
cobyla,sea,768,769.0,-7.125099347949778,-7.125099347949778,0
cobyla,sea,769,770.0,-7.128952481479827,-7.128952481479827,0
cobyla,sea,770,771.0,-7.128952481479827,-7.128952481479827,0
cobyla,sea,771,772.0,-7.128952481479827,-7.128952481479827,0
cobyla,sea,772,773.0,-7.128952481479827,-7.128952481479827,0
cobyla,sea,773,774.0,-7.137677109022415,-7.137677109022415,0
cobyla,sea,774,775.0,-7.137677109022415,-7.137677109022415,0
cobyla,sea,775,776.0,-7.137677109022415,-7.137677109022415,0
cobyla,sea,776,777.0,-7.137677109022415,-7.137677109022415,0
cobyla,sea,777,778.0,-7.137677109022415,-7.137677109022415,0
cobyla,sea,778,779.0,-7.137677109022415,-7.137677109022415,0
cobyla,sea,779,780.0,-7.138420249888863,-7.138420249888863,0
cobyla,sea,780,781.0,-7.138420249888863,-7.138420249888863,0
cobyla,sea,781,782.0,-7.138420249888863,-7.138420249888863,0
cobyla,sea,782,783.0,-7.138420249888863,-7.138420249888863,0
cobyla,sea,783,784.0,-7.138420249888863,-7.138420249888863,0
cobyla,sea,784,785.0,-7.138420249888863,-7.138420249888863,0
cobyla,sea,785,786.0,-7.138420249888863,-7.138420249888863,0
cobyla,sea,786,787.0,-7.138420249888863,-7.138420249888863,0
cobyla,sea,787,788.0,-7.140659976344233,-7.140659976344233,0
cobyla,sea,788,789.0,-7.140659976344233,-7.140659976344233,0
cobyla,sea,789,790.0,-7.140659976344233,-7.140659976344233,0
cobyla,sea,790,791.0,-7.140659976344233,-7.140659976344233,0
cobyla,sea,791,792.0,-7.140659976344233,-7.140659976344233,0
cobyla,sea,792,793.0,-7.140659976344233,-7.140659976344233,0
cobyla,sea,793,794.0,-7.140659976344233,-7.140659976344233,0
cobyla,sea,794,795.0,-7.140659976344233,-7.140659976344233,0
cobyla,sea,795,796.0,-7.140659976344233,-7.140659976344233,0
cobyla,sea,796,797.0,-7.140659976344233,-7.140659976344233,0
cobyla,sea,797,798.0,-7.140659976344233,-7.140659976344233,0
cobyla,sea,798,799.0,-7.140659976344233,-7.140659976344233,0
cobyla,sea,799,800.0,-7.140659976344233,-7.140659976344233,0
cobyla,sea,800,801.0,-7.140659976344233,-7.140659976344233,0
cobyla,sea,801,802.0,-7.140659976344233,-7.140659976344233,0
cobyla,sea,802,803.0,-7.140659976344233,-7.140659976344233,0
cobyla,sea,803,804.0,-7.140659976344233,-7.140659976344233,0
cobyla,sea,804,805.0,-7.140659976344233,-7.140659976344233,0
cobyla,sea,805,806.0,-7.140659976344233,-7.140659976344233,0
cobyla,sea,806,807.0,-7.140659976344233,-7.140659976344233,0
cobyla,sea,807,808.0,-7.140659976344233,-7.140659976344233,0
cobyla,sea,808,809.0,-7.140659976344233,-7.140659976344233,0
cobyla,sea,809,810.0,-7.143133856881304,-7.143133856881304,0
cobyla,sea,810,811.0,-7.143133856881304,-7.143133856881304,0
cobyla,sea,811,812.0,-7.152407150495514,-7.152407150495514,0
cobyla,sea,812,813.0,-7.152407150495514,-7.152407150495514,0
cobyla,sea,813,814.0,-7.152407150495514,-7.152407150495514,0
cobyla,sea,814,815.0,-7.152407150495514,-7.152407150495514,0
cobyla,sea,815,816.0,-7.152407150495514,-7.152407150495514,0
cobyla,sea,816,817.0,-7.152407150495514,-7.152407150495514,0
cobyla,sea,817,818.0,-7.152407150495514,-7.152407150495514,0
cobyla,sea,818,819.0,-7.152407150495514,-7.152407150495514,0
cobyla,sea,819,820.0,-7.1547377121607365,-7.1547377121607365,0
cobyla,sea,820,821.0,-7.1547377121607365,-7.1547377121607365,0
cobyla,sea,821,822.0,-7.156035771009312,-7.156035771009312,0
cobyla,sea,822,823.0,-7.156035771009312,-7.156035771009312,0
cobyla,sea,823,824.0,-7.156035771009312,-7.156035771009312,0
cobyla,sea,824,825.0,-7.156035771009312,-7.156035771009312,0
cobyla,sea,825,826.0,-7.1586222633191445,-7.1586222633191445,0
cobyla,sea,826,827.0,-7.1586222633191445,-7.1586222633191445,0
cobyla,sea,827,828.0,-7.1586222633191445,-7.1586222633191445,0
cobyla,sea,828,829.0,-7.1586222633191445,-7.1586222633191445,0
cobyla,sea,829,830.0,-7.1586222633191445,-7.1586222633191445,0
cobyla,sea,830,831.0,-7.1586222633191445,-7.1586222633191445,0
cobyla,sea,831,832.0,-7.1586222633191445,-7.1586222633191445,0
cobyla,sea,832,833.0,-7.1586222633191445,-7.1586222633191445,0
cobyla,sea,833,834.0,-7.1586222633191445,-7.1586222633191445,0
cobyla,sea,834,835.0,-7.1586222633191445,-7.1586222633191445,0
cobyla,sea,835,836.0,-7.1586222633191445,-7.1586222633191445,0
cobyla,sea,836,837.0,-7.1586222633191445,-7.1586222633191445,0
cobyla,sea,837,838.0,-7.166798746289759,-7.166798746289759,0
cobyla,sea,838,839.0,-7.166798746289759,-7.166798746289759,0
cobyla,sea,839,840.0,-7.166798746289759,-7.166798746289759,0
cobyla,sea,840,841.0,-7.166798746289759,-7.166798746289759,0
cobyla,sea,841,842.0,-7.180747435553361,-7.180747435553361,0
cobyla,sea,842,843.0,-7.180747435553361,-7.180747435553361,0
cobyla,sea,843,844.0,-7.180747435553361,-7.180747435553361,0
cobyla,sea,844,845.0,-7.180747435553361,-7.180747435553361,0
cobyla,sea,845,846.0,-7.18175106656305,-7.18175106656305,0
cobyla,sea,846,847.0,-7.18175106656305,-7.18175106656305,0
cobyla,sea,847,848.0,-7.18175106656305,-7.18175106656305,0
cobyla,sea,848,849.0,-7.18175106656305,-7.18175106656305,0
cobyla,sea,849,850.0,-7.18190223958872,-7.18190223958872,0
cobyla,sea,850,851.0,-7.18190223958872,-7.18190223958872,0
cobyla,sea,851,852.0,-7.18190223958872,-7.18190223958872,0
cobyla,sea,852,853.0,-7.18190223958872,-7.18190223958872,0
cobyla,sea,853,854.0,-7.182119746594406,-7.182119746594406,0
cobyla,sea,854,855.0,-7.182119746594406,-7.182119746594406,0
cobyla,sea,855,856.0,-7.182119746594406,-7.182119746594406,0
cobyla,sea,856,857.0,-7.182119746594406,-7.182119746594406,0
cobyla,sea,857,858.0,-7.182119746594406,-7.182119746594406,0
cobyla,sea,858,859.0,-7.182119746594406,-7.182119746594406,0
cobyla,sea,859,860.0,-7.182119746594406,-7.182119746594406,0
cobyla,sea,860,861.0,-7.182119746594406,-7.182119746594406,0
cobyla,sea,861,862.0,-7.182119746594406,-7.182119746594406,0
cobyla,sea,862,863.0,-7.182119746594406,-7.182119746594406,0
cobyla,sea,863,864.0,-7.182119746594406,-7.182119746594406,0
cobyla,sea,864,865.0,-7.182119746594406,-7.182119746594406,0
cobyla,sea,865,866.0,-7.182119746594406,-7.182119746594406,0
cobyla,sea,866,867.0,-7.182119746594406,-7.182119746594406,0
cobyla,sea,867,868.0,-7.182119746594406,-7.182119746594406,0
cobyla,sea,868,869.0,-7.182119746594406,-7.182119746594406,0
cobyla,sea,869,870.0,-7.182119746594406,-7.182119746594406,0
cobyla,sea,870,871.0,-7.182119746594406,-7.182119746594406,0
cobyla,sea,871,872.0,-7.182679934976201,-7.182679934976201,0
cobyla,sea,872,873.0,-7.182679934976201,-7.182679934976201,0
cobyla,sea,873,874.0,-7.182679934976201,-7.182679934976201,0
cobyla,sea,874,875.0,-7.182679934976201,-7.182679934976201,0
cobyla,sea,875,876.0,-7.182679934976201,-7.182679934976201,0
cobyla,sea,876,877.0,-7.182679934976201,-7.182679934976201,0
cobyla,sea,877,878.0,-7.182679934976201,-7.182679934976201,0
cobyla,sea,878,879.0,-7.182679934976201,-7.182679934976201,0
cobyla,sea,879,880.0,-7.182679934976201,-7.182679934976201,0
cobyla,sea,880,881.0,-7.182679934976201,-7.182679934976201,0
cobyla,sea,881,882.0,-7.182679934976201,-7.182679934976201,0
cobyla,sea,882,883.0,-7.182679934976201,-7.182679934976201,0
cobyla,sea,883,884.0,-7.184301134382023,-7.184301134382023,0
cobyla,sea,884,885.0,-7.184301134382023,-7.184301134382023,0
cobyla,sea,885,886.0,-7.184301134382023,-7.184301134382023,0
cobyla,sea,886,887.0,-7.184301134382023,-7.184301134382023,0
cobyla,sea,887,888.0,-7.184301134382023,-7.184301134382023,0
cobyla,sea,888,889.0,-7.184301134382023,-7.184301134382023,0
cobyla,sea,889,890.0,-7.184301134382023,-7.184301134382023,0
cobyla,sea,890,891.0,-7.184301134382023,-7.184301134382023,0
cobyla,sea,891,892.0,-7.184301134382023,-7.184301134382023,0
cobyla,sea,892,893.0,-7.184301134382023,-7.184301134382023,0
cobyla,sea,893,894.0,-7.184301134382023,-7.184301134382023,0
cobyla,sea,894,895.0,-7.184301134382023,-7.184301134382023,0
cobyla,sea,895,896.0,-7.184301134382023,-7.184301134382023,0
cobyla,sea,896,897.0,-7.184301134382023,-7.184301134382023,0
cobyla,sea,897,898.0,-7.184301134382023,-7.184301134382023,0
cobyla,sea,898,899.0,-7.184301134382023,-7.184301134382023,0
cobyla,sea,899,900.0,-7.184301134382023,-7.184301134382023,0
cobyla,sea,900,901.0,-7.184301134382023,-7.184301134382023,0
cobyla,sea,901,902.0,-7.187129558840848,-7.187129558840848,0
cobyla,sea,902,903.0,-7.187129558840848,-7.187129558840848,0
cobyla,sea,903,904.0,-7.187129558840848,-7.187129558840848,0
cobyla,sea,904,905.0,-7.187129558840848,-7.187129558840848,0
cobyla,sea,905,906.0,-7.187129558840848,-7.187129558840848,0
cobyla,sea,906,907.0,-7.187129558840848,-7.187129558840848,0
cobyla,sea,907,908.0,-7.187129558840848,-7.187129558840848,0
cobyla,sea,908,909.0,-7.187129558840848,-7.187129558840848,0
cobyla,sea,909,910.0,-7.189410195610273,-7.189410195610273,0
cobyla,sea,910,911.0,-7.189410195610273,-7.189410195610273,0
cobyla,sea,911,912.0,-7.189410195610273,-7.189410195610273,0
cobyla,sea,912,913.0,-7.189410195610273,-7.189410195610273,0
cobyla,sea,913,914.0,-7.189410195610273,-7.189410195610273,0
cobyla,sea,914,915.0,-7.189410195610273,-7.189410195610273,0
cobyla,sea,915,916.0,-7.197090900638536,-7.197090900638536,0
cobyla,sea,916,917.0,-7.197090900638536,-7.197090900638536,0
cobyla,sea,917,918.0,-7.198763108553851,-7.198763108553851,0
cobyla,sea,918,919.0,-7.198763108553851,-7.198763108553851,0
cobyla,sea,919,920.0,-7.205870785195565,-7.205870785195565,0
cobyla,sea,920,921.0,-7.205870785195565,-7.205870785195565,0
cobyla,sea,921,922.0,-7.205870785195565,-7.205870785195565,0
cobyla,sea,922,923.0,-7.205870785195565,-7.205870785195565,0
cobyla,sea,923,924.0,-7.209928083671132,-7.209928083671132,0
cobyla,sea,924,925.0,-7.209928083671132,-7.209928083671132,0
cobyla,sea,925,926.0,-7.209928083671132,-7.209928083671132,0
cobyla,sea,926,927.0,-7.209928083671132,-7.209928083671132,0
cobyla,sea,927,928.0,-7.209928083671132,-7.209928083671132,0
cobyla,sea,928,929.0,-7.209928083671132,-7.209928083671132,0
cobyla,sea,929,930.0,-7.209928083671132,-7.209928083671132,0
cobyla,sea,930,931.0,-7.209928083671132,-7.209928083671132,0
cobyla,sea,931,932.0,-7.209928083671132,-7.209928083671132,0
cobyla,sea,932,933.0,-7.209928083671132,-7.209928083671132,0
cobyla,sea,933,934.0,-7.209928083671132,-7.209928083671132,0
cobyla,sea,934,935.0,-7.209928083671132,-7.209928083671132,0
cobyla,sea,935,936.0,-7.209928083671132,-7.209928083671132,0
cobyla,sea,936,937.0,-7.209928083671132,-7.209928083671132,0
cobyla,sea,937,938.0,-7.2099280836711515,-7.2099280836711515,0
cobyla,sea,938,939.0,-7.2099280836711515,-7.2099280836711515,0
cobyla,sea,939,940.0,-7.2099280836711515,-7.2099280836711515,0
cobyla,sea,940,941.0,-7.2099280836711515,-7.2099280836711515,0
cobyla,sea,941,942.0,-7.2101954678123,-7.2101954678123,0
cobyla,sea,942,943.0,-7.2101954678123,-7.2101954678123,0
cobyla,sea,943,944.0,-7.2101954678123,-7.2101954678123,0
cobyla,sea,944,945.0,-7.2101954678123,-7.2101954678123,0
cobyla,sea,945,946.0,-7.2101954678123,-7.2101954678123,0
cobyla,sea,946,947.0,-7.2101954678123,-7.2101954678123,0
cobyla,sea,947,948.0,-7.2101954678123,-7.2101954678123,0
cobyla,sea,948,949.0,-7.2101954678123,-7.2101954678123,0
cobyla,sea,949,950.0,-7.2101954678123,-7.2101954678123,0
cobyla,sea,950,951.0,-7.2101954678123,-7.2101954678123,0
cobyla,sea,951,952.0,-7.2101954678123,-7.2101954678123,0
cobyla,sea,952,953.0,-7.2101954678123,-7.2101954678123,0
cobyla,sea,953,954.0,-7.2101954678123,-7.2101954678123,0
cobyla,sea,954,955.0,-7.2101954678123,-7.2101954678123,0
cobyla,sea,955,956.0,-7.2101954678123,-7.2101954678123,0
cobyla,sea,956,957.0,-7.2101954678123,-7.2101954678123,0
cobyla,sea,957,958.0,-7.2101954678123,-7.2101954678123,0
cobyla,sea,958,959.0,-7.2101954678123,-7.2101954678123,0
cobyla,sea,959,960.0,-7.2101954678123,-7.2101954678123,0
cobyla,sea,960,961.0,-7.2101954678123,-7.2101954678123,0
cobyla,sea,961,962.0,-7.2101954678123,-7.2101954678123,0
cobyla,sea,962,963.0,-7.2101954678123,-7.2101954678123,0
cobyla,sea,963,964.0,-7.2101954678123,-7.2101954678123,0
cobyla,sea,964,965.0,-7.2101954678123,-7.2101954678123,0
cobyla,sea,965,966.0,-7.2101954678123,-7.2101954678123,0
cobyla,sea,966,967.0,-7.2101954678123,-7.2101954678123,0
cobyla,sea,967,968.0,-7.212670863814442,-7.212670863814442,0
cobyla,sea,968,969.0,-7.212670863814442,-7.212670863814442,0
cobyla,sea,969,970.0,-7.212670863814442,-7.212670863814442,0
cobyla,sea,970,971.0,-7.212670863814442,-7.212670863814442,0
cobyla,sea,971,972.0,-7.212670863814442,-7.212670863814442,0
cobyla,sea,972,973.0,-7.212670863814442,-7.212670863814442,0
cobyla,sea,973,974.0,-7.212670863814442,-7.212670863814442,0
cobyla,sea,974,975.0,-7.212670863814442,-7.212670863814442,0
cobyla,sea,975,976.0,-7.215606673501072,-7.215606673501072,0
cobyla,sea,976,977.0,-7.215606673501072,-7.215606673501072,0
cobyla,sea,977,978.0,-7.215606673501072,-7.215606673501072,0
cobyla,sea,978,979.0,-7.215606673501072,-7.215606673501072,0
cobyla,sea,979,980.0,-7.215606673501072,-7.215606673501072,0
cobyla,sea,980,981.0,-7.215606673501072,-7.215606673501072,0
cobyla,sea,981,982.0,-7.215606673501072,-7.215606673501072,0
cobyla,sea,982,983.0,-7.215606673501072,-7.215606673501072,0
cobyla,sea,983,984.0,-7.215606673501072,-7.215606673501072,0
cobyla,sea,984,985.0,-7.215606673501072,-7.215606673501072,0
cobyla,sea,985,986.0,-7.215606673501072,-7.215606673501072,0
cobyla,sea,986,987.0,-7.215606673501072,-7.215606673501072,0
cobyla,sea,987,988.0,-7.217595762720886,-7.217595762720886,0
cobyla,sea,988,989.0,-7.217595762720886,-7.217595762720886,0
cobyla,sea,989,990.0,-7.220801757870367,-7.220801757870367,0
cobyla,sea,990,991.0,-7.220801757870367,-7.220801757870367,0
cobyla,sea,991,992.0,-7.2341309022872995,-7.2341309022872995,0
cobyla,sea,992,993.0,-7.2341309022872995,-7.2341309022872995,0
cobyla,sea,993,994.0,-7.2341309022872995,-7.2341309022872995,0
cobyla,sea,994,995.0,-7.2341309022872995,-7.2341309022872995,0
cobyla,sea,995,996.0,-7.2341309022872995,-7.2341309022872995,0
cobyla,sea,996,997.0,-7.2341309022872995,-7.2341309022872995,0
cobyla,sea,997,998.0,-7.2514050853932694,-7.2514050853932694,0
cobyla,sea,998,999.0,-7.2514050853932694,-7.2514050853932694,0
cobyla,sea,999,1000.0,-7.2514050853932694,-7.2514050853932694,0
cobyla,pretrained,0,,-4.205352227833288,,0
cobyla,pretrained,1,,-4.9430642109176635,,0
cobyla,pretrained,2,,-4.9430642109176635,,0
cobyla,pretrained,3,,-4.9430642109176635,,0
cobyla,pretrained,4,,-4.995493966104392,,0
cobyla,pretrained,5,,-4.995493966104392,,0
cobyla,pretrained,6,,-4.995493966104392,,0
cobyla,pretrained,7,,-4.995493966104392,,0
cobyla,pretrained,8,,-4.995493966104392,,0
cobyla,pretrained,9,,-5.009223514073722,,0
cobyla,pretrained,10,,-5.009223514073722,,0
cobyla,pretrained,11,,-5.009223514073722,,0
cobyla,pretrained,12,,-5.009223514073722,,0
cobyla,pretrained,13,,-5.031687310674819,,0
cobyla,pretrained,14,,-5.031687310674819,,0
cobyla,pretrained,15,,-5.031687310674819,,0
cobyla,pretrained,16,,-5.031687310674819,,0
cobyla,pretrained,17,,-5.031687310674819,,0
cobyla,pretrained,18,,-5.031687310674819,,0
cobyla,pretrained,19,,-5.0768241563041,,0
cobyla,pretrained,20,,-5.0768241563041,,0
cobyla,pretrained,21,,-5.0768241563041,,0
cobyla,pretrained,22,,-5.084358191999101,,0
cobyla,pretrained,23,,-5.084358191999101,,0
cobyla,pretrained,24,,-5.097120983008531,,0
cobyla,pretrained,25,,-5.097120983008531,,0
cobyla,pretrained,26,,-5.097120983008531,,0
cobyla,pretrained,27,,-5.097120983008531,,0
cobyla,pretrained,28,,-5.097120983008531,,0
cobyla,pretrained,29,,-5.097120983008531,,0
cobyla,pretrained,30,,-5.097120983008531,,0
cobyla,pretrained,31,,-5.097120983008531,,0
cobyla,pretrained,32,,-5.129071307615622,,0
cobyla,pretrained,33,,-5.129071307615622,,0
cobyla,pretrained,34,,-5.129071307615622,,0
cobyla,pretrained,35,,-5.129071307615622,,0
cobyla,pretrained,36,,-5.1341504274750385,,0
cobyla,pretrained,37,,-5.149229470379917,,0
cobyla,pretrained,38,,-5.166145090320199,,0
cobyla,pretrained,39,,-5.166145090320199,,0
cobyla,pretrained,40,,-5.166145090320199,,0
cobyla,pretrained,41,,-5.226409572939776,,0
cobyla,pretrained,42,,-5.233321381760052,,0
cobyla,pretrained,43,,-5.290356410433702,,0
cobyla,pretrained,44,,-5.304405481170349,,0
cobyla,pretrained,45,,-5.304405481170349,,0
cobyla,pretrained,46,,-5.304405481170349,,0
cobyla,pretrained,47,,-5.304405481170349,,0
cobyla,pretrained,48,,-5.3899496959113105,,0
cobyla,pretrained,49,,-5.3899496959113105,,0
cobyla,pretrained,50,,-5.3899496959113105,,0
cobyla,pretrained,51,,-5.3899496959113105,,0
cobyla,pretrained,52,,-5.3899496959113105,,0
cobyla,pretrained,53,,-5.417938042284354,,0
cobyla,pretrained,54,,-5.417938042284354,,0
cobyla,pretrained,55,,-5.427299393788133,,0
cobyla,pretrained,56,,-5.427299393788133,,0
cobyla,pretrained,57,,-5.427299393788133,,0
cobyla,pretrained,58,,-5.427299393788133,,0
cobyla,pretrained,59,,-5.427299393788133,,0
cobyla,pretrained,60,,-5.427299393788133,,0
cobyla,pretrained,61,,-5.427299393788133,,0
cobyla,pretrained,62,,-5.427299393788133,,0
cobyla,pretrained,63,,-5.427299393788133,,0
cobyla,pretrained,64,,-5.474127592880448,,0
cobyla,pretrained,65,,-5.502917855540179,,0
cobyla,pretrained,66,,-5.502917855540179,,0
cobyla,pretrained,67,,-5.502917855540179,,0
cobyla,pretrained,68,,-5.5392224060495305,,0
cobyla,pretrained,69,,-5.5392224060495305,,0
cobyla,pretrained,70,,-5.5392224060495305,,0
cobyla,pretrained,71,,-5.5392224060495305,,0
cobyla,pretrained,72,,-5.5392224060495305,,0
cobyla,pretrained,73,,-5.5392224060495305,,0
cobyla,pretrained,74,,-5.5392224060495305,,0
cobyla,pretrained,75,,-5.5392224060495305,,0
cobyla,pretrained,76,,-5.5392224060495305,,0
cobyla,pretrained,77,,-5.56669427065487,,0
cobyla,pretrained,78,,-5.56669427065487,,0
cobyla,pretrained,79,,-5.595753164923622,,0
cobyla,pretrained,80,,-5.595753164923622,,0
cobyla,pretrained,81,,-5.595753164923622,,0
cobyla,pretrained,82,,-5.595753164923622,,0
cobyla,pretrained,83,,-5.597792584568567,,0
cobyla,pretrained,84,,-5.597792584568567,,0
cobyla,pretrained,85,,-5.605724755980615,,0
cobyla,pretrained,86,,-5.605724755980615,,0
cobyla,pretrained,87,,-5.605724755980615,,0
cobyla,pretrained,88,,-5.605724755980615,,0
cobyla,pretrained,89,,-5.605724755980615,,0
cobyla,pretrained,90,,-5.605724755980615,,0
cobyla,pretrained,91,,-5.605724755980615,,0
cobyla,pretrained,92,,-5.605724755980615,,0
cobyla,pretrained,93,,-5.605724755980615,,0
cobyla,pretrained,94,,-5.605724755980615,,0
cobyla,pretrained,95,,-5.605724755980615,,0
cobyla,pretrained,96,,-5.605724755980615,,0
cobyla,pretrained,97,,-5.620054790075759,,0
cobyla,pretrained,98,,-5.620054790075759,,0
cobyla,pretrained,99,,-5.620054790075759,,0
cobyla,pretrained,100,,-5.620054790075759,,0
cobyla,pretrained,101,,-5.620054790075759,,0
cobyla,pretrained,102,,-5.620054790075759,,0
cobyla,pretrained,103,,-5.620054790075759,,0
cobyla,pretrained,104,,-5.620054790075759,,0
cobyla,pretrained,105,,-5.620054790075759,,0
cobyla,pretrained,106,,-5.625692925834685,,0
cobyla,pretrained,107,,-5.625692925834685,,0
cobyla,pretrained,108,,-5.625692925834685,,0
cobyla,pretrained,109,,-5.655008303043455,,0
cobyla,pretrained,110,,-5.655008303043455,,0
cobyla,pretrained,111,,-5.655008303043455,,0
cobyla,pretrained,112,,-5.655008303043455,,0
cobyla,pretrained,113,,-5.655008303043455,,0
cobyla,pretrained,114,,-5.655008303043455,,0
cobyla,pretrained,115,,-5.655008303043455,,0
cobyla,pretrained,116,,-5.655008303043455,,0
cobyla,pretrained,117,,-5.655008303043455,,0
cobyla,pretrained,118,,-5.655008303043455,,0
cobyla,pretrained,119,,-5.655008303043455,,0
cobyla,pretrained,120,,-5.6586826592673525,,0
cobyla,pretrained,121,,-5.6586826592673525,,0
cobyla,pretrained,122,,-5.6586826592673525,,0
cobyla,pretrained,123,,-5.691546744334168,,0
cobyla,pretrained,124,,-5.691546744334168,,0
cobyla,pretrained,125,,-5.691546744334168,,0
cobyla,pretrained,126,,-5.691546744334168,,0
cobyla,pretrained,127,,-5.691546744334168,,0
cobyla,pretrained,128,,-5.691546744334168,,0
cobyla,pretrained,129,,-5.776141047501827,,0
cobyla,pretrained,130,1.0,-3.8980395445386735,-3.8980395445386735,1
cobyla,pretrained,131,2.0,-3.8980395445386735,-3.8980395445386735,0
cobyla,pretrained,132,3.0,-3.8980395445386735,-3.8980395445386735,0
cobyla,pretrained,133,4.0,-3.8980395445386735,-3.8980395445386735,0
cobyla,pretrained,134,5.0,-3.8980395445386735,-3.8980395445386735,0
cobyla,pretrained,135,6.0,-3.8980395445386735,-3.8980395445386735,0
cobyla,pretrained,136,7.0,-3.8980395445386735,-3.8980395445386735,0
cobyla,pretrained,137,8.0,-3.917861580072715,-3.917861580072715,0
cobyla,pretrained,138,9.0,-3.917861580072715,-3.917861580072715,0
cobyla,pretrained,139,10.0,-3.9505894273225968,-3.9505894273225968,0
cobyla,pretrained,140,11.0,-3.9915505325958334,-3.9915505325958334,0
cobyla,pretrained,141,12.0,-4.0186449714254815,-4.0186449714254815,0
cobyla,pretrained,142,13.0,-4.0222685781750265,-4.0222685781750265,0
cobyla,pretrained,143,14.0,-4.0222685781750265,-4.0222685781750265,0
cobyla,pretrained,144,15.0,-4.025507625254008,-4.025507625254008,0
cobyla,pretrained,145,16.0,-4.05841722123756,-4.05841722123756,0
cobyla,pretrained,146,17.0,-4.05841722123756,-4.05841722123756,0
cobyla,pretrained,147,18.0,-4.0729784186411715,-4.0729784186411715,0
cobyla,pretrained,148,19.0,-4.0729784186411715,-4.0729784186411715,0
cobyla,pretrained,149,20.0,-4.0729784186411715,-4.0729784186411715,0
cobyla,pretrained,150,21.0,-4.078481141048825,-4.078481141048825,0
cobyla,pretrained,151,22.0,-4.078481141048825,-4.078481141048825,0
cobyla,pretrained,152,23.0,-4.082530571304261,-4.082530571304261,0
cobyla,pretrained,153,24.0,-4.082530571304261,-4.082530571304261,0
cobyla,pretrained,154,25.0,-4.082530571304261,-4.082530571304261,0
cobyla,pretrained,155,26.0,-4.082530571304261,-4.082530571304261,0
cobyla,pretrained,156,27.0,-4.082530571304261,-4.082530571304261,0
cobyla,pretrained,157,28.0,-4.228903989415572,-4.228903989415572,0
cobyla,pretrained,158,29.0,-4.228903989415572,-4.228903989415572,0
cobyla,pretrained,159,30.0,-4.250430508766278,-4.250430508766278,0
cobyla,pretrained,160,31.0,-4.250430508766278,-4.250430508766278,0
cobyla,pretrained,161,32.0,-4.263973013077708,-4.263973013077708,0
cobyla,pretrained,162,33.0,-4.263973013077708,-4.263973013077708,0
cobyla,pretrained,163,34.0,-4.26770973028275,-4.26770973028275,0
cobyla,pretrained,164,35.0,-4.303980255178147,-4.303980255178147,0
cobyla,pretrained,165,36.0,-4.351096779354578,-4.351096779354578,0
cobyla,pretrained,166,37.0,-4.351096779354578,-4.351096779354578,0
cobyla,pretrained,167,38.0,-4.351096779354578,-4.351096779354578,0
cobyla,pretrained,168,39.0,-4.351096779354578,-4.351096779354578,0
cobyla,pretrained,169,40.0,-4.351096779354578,-4.351096779354578,0
cobyla,pretrained,170,41.0,-4.351096779354578,-4.351096779354578,0
cobyla,pretrained,171,42.0,-4.351096779354578,-4.351096779354578,0
cobyla,pretrained,172,43.0,-4.368064126011384,-4.368064126011384,0
cobyla,pretrained,173,44.0,-4.368064126011384,-4.368064126011384,0
cobyla,pretrained,174,45.0,-4.368064126011384,-4.368064126011384,0
cobyla,pretrained,175,46.0,-4.368064126011384,-4.368064126011384,0
cobyla,pretrained,176,47.0,-4.368064126011384,-4.368064126011384,0
cobyla,pretrained,177,48.0,-4.383245017671195,-4.383245017671195,0
cobyla,pretrained,178,49.0,-4.392699607467076,-4.392699607467076,0
cobyla,pretrained,179,50.0,-4.392699607467076,-4.392699607467076,0
cobyla,pretrained,180,51.0,-4.392699607467076,-4.392699607467076,0
cobyla,pretrained,181,52.0,-4.392699607467076,-4.392699607467076,0
cobyla,pretrained,182,53.0,-4.392699607467076,-4.392699607467076,0
cobyla,pretrained,183,54.0,-4.392699607467076,-4.392699607467076,0
cobyla,pretrained,184,55.0,-4.392699607467076,-4.392699607467076,0
cobyla,pretrained,185,56.0,-4.392699607467076,-4.392699607467076,0
cobyla,pretrained,186,57.0,-4.392699607467076,-4.392699607467076,0
cobyla,pretrained,187,58.0,-4.392699607467076,-4.392699607467076,0
cobyla,pretrained,188,59.0,-4.405011639753159,-4.405011639753159,0
cobyla,pretrained,189,60.0,-4.405011639753159,-4.405011639753159,0
cobyla,pretrained,190,61.0,-4.417560330155832,-4.417560330155832,0
cobyla,pretrained,191,62.0,-4.417560330155832,-4.417560330155832,0
cobyla,pretrained,192,63.0,-4.437760370384579,-4.437760370384579,0
cobyla,pretrained,193,64.0,-4.437760370384579,-4.437760370384579,0
cobyla,pretrained,194,65.0,-4.437760370384579,-4.437760370384579,0
cobyla,pretrained,195,66.0,-4.437760370384579,-4.437760370384579,0
cobyla,pretrained,196,67.0,-4.437760370384579,-4.437760370384579,0
cobyla,pretrained,197,68.0,-4.437760370384579,-4.437760370384579,0
cobyla,pretrained,198,69.0,-4.437760370384579,-4.437760370384579,0
cobyla,pretrained,199,70.0,-4.437760370384579,-4.437760370384579,0
cobyla,pretrained,200,71.0,-4.437760370384579,-4.437760370384579,0
cobyla,pretrained,201,72.0,-4.437760370384579,-4.437760370384579,0
cobyla,pretrained,202,73.0,-4.437760370384579,-4.437760370384579,0
cobyla,pretrained,203,74.0,-4.437760370384579,-4.437760370384579,0
cobyla,pretrained,204,75.0,-4.437760370384579,-4.437760370384579,0
cobyla,pretrained,205,76.0,-4.472675433595032,-4.472675433595032,0
cobyla,pretrained,206,77.0,-4.472675433595032,-4.472675433595032,0
cobyla,pretrained,207,78.0,-4.472675433595032,-4.472675433595032,0
cobyla,pretrained,208,79.0,-4.528541684904794,-4.528541684904794,0
cobyla,pretrained,209,80.0,-4.530658936598524,-4.530658936598524,0
cobyla,pretrained,210,81.0,-4.530658936598524,-4.530658936598524,0
cobyla,pretrained,211,82.0,-4.530658936598524,-4.530658936598524,0
cobyla,pretrained,212,83.0,-4.530658936598524,-4.530658936598524,0
cobyla,pretrained,213,84.0,-4.530658936598524,-4.530658936598524,0
cobyla,pretrained,214,85.0,-4.59358308042245,-4.59358308042245,0
cobyla,pretrained,215,86.0,-4.59358308042245,-4.59358308042245,0
cobyla,pretrained,216,87.0,-4.59358308042245,-4.59358308042245,0
cobyla,pretrained,217,88.0,-4.59358308042245,-4.59358308042245,0
cobyla,pretrained,218,89.0,-4.593824581557967,-4.593824581557967,0
cobyla,pretrained,219,90.0,-4.593824581557967,-4.593824581557967,0
cobyla,pretrained,220,91.0,-4.593824581557967,-4.593824581557967,0
cobyla,pretrained,221,92.0,-4.593824581557967,-4.593824581557967,0
cobyla,pretrained,222,93.0,-4.600016116607067,-4.600016116607067,0
cobyla,pretrained,223,94.0,-4.600016116607067,-4.600016116607067,0
cobyla,pretrained,224,95.0,-4.600016116607067,-4.600016116607067,0
cobyla,pretrained,225,96.0,-4.600016116607067,-4.600016116607067,0
cobyla,pretrained,226,97.0,-4.600016116607067,-4.600016116607067,0
cobyla,pretrained,227,98.0,-4.600016116607067,-4.600016116607067,0
cobyla,pretrained,228,99.0,-4.600016116607067,-4.600016116607067,0
cobyla,pretrained,229,100.0,-4.600016116607067,-4.600016116607067,0
cobyla,pretrained,230,101.0,-4.600016116607067,-4.600016116607067,0
cobyla,pretrained,231,102.0,-4.600016116607067,-4.600016116607067,0
cobyla,pretrained,232,103.0,-4.601401025103336,-4.601401025103336,0
cobyla,pretrained,233,104.0,-4.601401025103336,-4.601401025103336,0
cobyla,pretrained,234,105.0,-4.604498792714772,-4.604498792714772,0
cobyla,pretrained,235,106.0,-4.604498792714772,-4.604498792714772,0
cobyla,pretrained,236,107.0,-4.604498792714772,-4.604498792714772,0
cobyla,pretrained,237,108.0,-4.604498792714772,-4.604498792714772,0
cobyla,pretrained,238,109.0,-4.604498792714772,-4.604498792714772,0
cobyla,pretrained,239,110.0,-4.604498792714772,-4.604498792714772,0
cobyla,pretrained,240,111.0,-4.604498792714772,-4.604498792714772,0
cobyla,pretrained,241,112.0,-4.606770260598022,-4.606770260598022,0
cobyla,pretrained,242,113.0,-4.606770260598022,-4.606770260598022,0
cobyla,pretrained,243,114.0,-4.606770260598022,-4.606770260598022,0
cobyla,pretrained,244,115.0,-4.607524989810174,-4.607524989810174,0
cobyla,pretrained,245,116.0,-4.607524989810174,-4.607524989810174,0
cobyla,pretrained,246,117.0,-4.607927955330548,-4.607927955330548,0
cobyla,pretrained,247,118.0,-4.616309627050371,-4.616309627050371,0
cobyla,pretrained,248,119.0,-4.619991892555395,-4.619991892555395,0
cobyla,pretrained,249,120.0,-4.619991892555395,-4.619991892555395,0
cobyla,pretrained,250,121.0,-4.619991892555395,-4.619991892555395,0
cobyla,pretrained,251,122.0,-4.7456634018715835,-4.7456634018715835,0
cobyla,pretrained,252,123.0,-4.7456634018715835,-4.7456634018715835,0
cobyla,pretrained,253,124.0,-4.7456634018715835,-4.7456634018715835,0
cobyla,pretrained,254,125.0,-4.7456634018715835,-4.7456634018715835,0
cobyla,pretrained,255,126.0,-4.796090974262617,-4.796090974262617,0
cobyla,pretrained,256,127.0,-4.796090974262617,-4.796090974262617,0
cobyla,pretrained,257,128.0,-4.796090974262617,-4.796090974262617,0
cobyla,pretrained,258,129.0,-4.796090974262617,-4.796090974262617,0
cobyla,pretrained,259,130.0,-4.796090974262617,-4.796090974262617,0
cobyla,pretrained,260,131.0,-4.796090974262617,-4.796090974262617,0
cobyla,pretrained,261,132.0,-4.796090974262617,-4.796090974262617,0
cobyla,pretrained,262,133.0,-4.796090974262617,-4.796090974262617,0
cobyla,pretrained,263,134.0,-4.796090974262617,-4.796090974262617,0
cobyla,pretrained,264,135.0,-4.796090974262617,-4.796090974262617,0
cobyla,pretrained,265,136.0,-4.796090974262617,-4.796090974262617,0
cobyla,pretrained,266,137.0,-4.796090974262617,-4.796090974262617,0
cobyla,pretrained,267,138.0,-4.796090974262617,-4.796090974262617,0
cobyla,pretrained,268,139.0,-4.796090974262617,-4.796090974262617,0
cobyla,pretrained,269,140.0,-4.796090974262617,-4.796090974262617,0
cobyla,pretrained,270,141.0,-4.796090974262617,-4.796090974262617,0
cobyla,pretrained,271,142.0,-4.796090974262617,-4.796090974262617,0
cobyla,pretrained,272,143.0,-4.796090974262617,-4.796090974262617,0
cobyla,pretrained,273,144.0,-4.796394445561039,-4.796394445561039,0
cobyla,pretrained,274,145.0,-4.796394445561039,-4.796394445561039,0
cobyla,pretrained,275,146.0,-4.832654578371062,-4.832654578371062,0
cobyla,pretrained,276,147.0,-4.832654578371062,-4.832654578371062,0
cobyla,pretrained,277,148.0,-4.839427316622319,-4.839427316622319,0
cobyla,pretrained,278,149.0,-4.839427316622319,-4.839427316622319,0
cobyla,pretrained,279,150.0,-4.839427316622319,-4.839427316622319,0
cobyla,pretrained,280,151.0,-4.839427316622319,-4.839427316622319,0
cobyla,pretrained,281,152.0,-4.839427316622319,-4.839427316622319,0
cobyla,pretrained,282,153.0,-4.839427316622319,-4.839427316622319,0
cobyla,pretrained,283,154.0,-4.839427316622319,-4.839427316622319,0
cobyla,pretrained,284,155.0,-4.839427316622319,-4.839427316622319,0
cobyla,pretrained,285,156.0,-4.839427316622319,-4.839427316622319,0
cobyla,pretrained,286,157.0,-4.839427316622319,-4.839427316622319,0
cobyla,pretrained,287,158.0,-4.839427316622319,-4.839427316622319,0
cobyla,pretrained,288,159.0,-4.839427316622319,-4.839427316622319,0
cobyla,pretrained,289,160.0,-4.850877522659841,-4.850877522659841,0
cobyla,pretrained,290,161.0,-4.850877522659841,-4.850877522659841,0
cobyla,pretrained,291,162.0,-4.850877522659841,-4.850877522659841,0
cobyla,pretrained,292,163.0,-4.874353158719222,-4.874353158719222,0
cobyla,pretrained,293,164.0,-4.874353158719222,-4.874353158719222,0
cobyla,pretrained,294,165.0,-4.874353158719222,-4.874353158719222,0
cobyla,pretrained,295,166.0,-4.874353158719222,-4.874353158719222,0
cobyla,pretrained,296,167.0,-4.874353158719222,-4.874353158719222,0
cobyla,pretrained,297,168.0,-4.8750400446001985,-4.8750400446001985,0
cobyla,pretrained,298,169.0,-4.8750400446001985,-4.8750400446001985,0
cobyla,pretrained,299,170.0,-4.8750400446001985,-4.8750400446001985,0
cobyla,pretrained,300,171.0,-4.8750400446001985,-4.8750400446001985,0
cobyla,pretrained,301,172.0,-4.880744432273984,-4.880744432273984,0
cobyla,pretrained,302,173.0,-4.880744432273984,-4.880744432273984,0
cobyla,pretrained,303,174.0,-4.880744432273984,-4.880744432273984,0
cobyla,pretrained,304,175.0,-4.880744432273984,-4.880744432273984,0
cobyla,pretrained,305,176.0,-4.982576560342058,-4.982576560342058,0
cobyla,pretrained,306,177.0,-4.982576560342058,-4.982576560342058,0
cobyla,pretrained,307,178.0,-4.982576560342058,-4.982576560342058,0
cobyla,pretrained,308,179.0,-4.982576560342058,-4.982576560342058,0
cobyla,pretrained,309,180.0,-4.985459696418143,-4.985459696418143,0
cobyla,pretrained,310,181.0,-4.985459696418143,-4.985459696418143,0
cobyla,pretrained,311,182.0,-4.985459696418143,-4.985459696418143,0
cobyla,pretrained,312,183.0,-4.996368730834242,-4.996368730834242,0
cobyla,pretrained,313,184.0,-4.996368730834242,-4.996368730834242,0
cobyla,pretrained,314,185.0,-5.166630674789734,-5.166630674789734,0
cobyla,pretrained,315,186.0,-5.181653139943428,-5.181653139943428,0
cobyla,pretrained,316,187.0,-5.181653139943428,-5.181653139943428,0
cobyla,pretrained,317,188.0,-5.190794428802951,-5.190794428802951,0
cobyla,pretrained,318,189.0,-5.190794428802951,-5.190794428802951,0
cobyla,pretrained,319,190.0,-5.200405293290623,-5.200405293290623,0
cobyla,pretrained,320,191.0,-5.246015289689176,-5.246015289689176,0
cobyla,pretrained,321,192.0,-5.246015289689176,-5.246015289689176,0
cobyla,pretrained,322,193.0,-5.246015289689176,-5.246015289689176,0
cobyla,pretrained,323,194.0,-5.250803331792882,-5.250803331792882,0
cobyla,pretrained,324,195.0,-5.250803331792882,-5.250803331792882,0
cobyla,pretrained,325,196.0,-5.252837689744429,-5.252837689744429,0
cobyla,pretrained,326,197.0,-5.252837689744429,-5.252837689744429,0
cobyla,pretrained,327,198.0,-5.261464240685506,-5.261464240685506,0
cobyla,pretrained,328,199.0,-5.261464240685506,-5.261464240685506,0
cobyla,pretrained,329,200.0,-5.261464240685506,-5.261464240685506,0
cobyla,pretrained,330,201.0,-5.37075520188705,-5.37075520188705,0
cobyla,pretrained,331,202.0,-5.37075520188705,-5.37075520188705,0
cobyla,pretrained,332,203.0,-5.37075520188705,-5.37075520188705,0
cobyla,pretrained,333,204.0,-5.374751045096977,-5.374751045096977,0
cobyla,pretrained,334,205.0,-5.374751045096977,-5.374751045096977,0
cobyla,pretrained,335,206.0,-5.374751045096977,-5.374751045096977,0
cobyla,pretrained,336,207.0,-5.374751045096977,-5.374751045096977,0
cobyla,pretrained,337,208.0,-5.374751045096977,-5.374751045096977,0
cobyla,pretrained,338,209.0,-5.374751045096977,-5.374751045096977,0
cobyla,pretrained,339,210.0,-5.374751045096977,-5.374751045096977,0
cobyla,pretrained,340,211.0,-5.3792756917026425,-5.3792756917026425,0
cobyla,pretrained,341,212.0,-5.3792756917026425,-5.3792756917026425,0
cobyla,pretrained,342,213.0,-5.402512753171303,-5.402512753171303,0
cobyla,pretrained,343,214.0,-5.402512753171303,-5.402512753171303,0
cobyla,pretrained,344,215.0,-5.402512753171303,-5.402512753171303,0
cobyla,pretrained,345,216.0,-5.402512753171303,-5.402512753171303,0
cobyla,pretrained,346,217.0,-5.402512753171303,-5.402512753171303,0
cobyla,pretrained,347,218.0,-5.414317582625514,-5.414317582625514,0
cobyla,pretrained,348,219.0,-5.414317582625514,-5.414317582625514,0
cobyla,pretrained,349,220.0,-5.414317582625514,-5.414317582625514,0
cobyla,pretrained,350,221.0,-5.414317582625514,-5.414317582625514,0
cobyla,pretrained,351,222.0,-5.414317582625514,-5.414317582625514,0
cobyla,pretrained,352,223.0,-5.414317582625514,-5.414317582625514,0
cobyla,pretrained,353,224.0,-5.414317582625514,-5.414317582625514,0
cobyla,pretrained,354,225.0,-5.41600176637741,-5.41600176637741,0
cobyla,pretrained,355,226.0,-5.41600176637741,-5.41600176637741,0
cobyla,pretrained,356,227.0,-5.4434815691270195,-5.4434815691270195,0
cobyla,pretrained,357,228.0,-5.44565984862274,-5.44565984862274,0
cobyla,pretrained,358,229.0,-5.44565984862274,-5.44565984862274,0
cobyla,pretrained,359,230.0,-5.44565984862274,-5.44565984862274,0
cobyla,pretrained,360,231.0,-5.44565984862274,-5.44565984862274,0
cobyla,pretrained,361,232.0,-5.44565984862274,-5.44565984862274,0
cobyla,pretrained,362,233.0,-5.449133629364747,-5.449133629364747,0
cobyla,pretrained,363,234.0,-5.4494616867558285,-5.4494616867558285,0
cobyla,pretrained,364,235.0,-5.4494616867558285,-5.4494616867558285,0
cobyla,pretrained,365,236.0,-5.4494616867558285,-5.4494616867558285,0
cobyla,pretrained,366,237.0,-5.4494616867558285,-5.4494616867558285,0
cobyla,pretrained,367,238.0,-5.449639012882527,-5.449639012882527,0
cobyla,pretrained,368,239.0,-5.449639012882527,-5.449639012882527,0
cobyla,pretrained,369,240.0,-5.449639012882527,-5.449639012882527,0
cobyla,pretrained,370,241.0,-5.449639012882527,-5.449639012882527,0
cobyla,pretrained,371,242.0,-5.449639012882527,-5.449639012882527,0
cobyla,pretrained,372,243.0,-5.449639012882527,-5.449639012882527,0
cobyla,pretrained,373,244.0,-5.449639012882527,-5.449639012882527,0
cobyla,pretrained,374,245.0,-5.449639012882527,-5.449639012882527,0
cobyla,pretrained,375,246.0,-5.459243947201427,-5.459243947201427,0
cobyla,pretrained,376,247.0,-5.459243947201427,-5.459243947201427,0
cobyla,pretrained,377,248.0,-5.459243947201427,-5.459243947201427,0
cobyla,pretrained,378,249.0,-5.459243947201427,-5.459243947201427,0
cobyla,pretrained,379,250.0,-5.47720841999947,-5.47720841999947,0
cobyla,pretrained,380,251.0,-5.47720841999947,-5.47720841999947,0
cobyla,pretrained,381,252.0,-5.47720841999947,-5.47720841999947,0
cobyla,pretrained,382,253.0,-5.47720841999947,-5.47720841999947,0
cobyla,pretrained,383,254.0,-5.47720841999947,-5.47720841999947,0
cobyla,pretrained,384,255.0,-5.47720841999947,-5.47720841999947,0
cobyla,pretrained,385,256.0,-5.47720841999947,-5.47720841999947,0
cobyla,pretrained,386,257.0,-5.47720841999947,-5.47720841999947,0
cobyla,pretrained,387,258.0,-5.47720841999947,-5.47720841999947,0
cobyla,pretrained,388,259.0,-5.47720841999947,-5.47720841999947,0
cobyla,pretrained,389,260.0,-5.47720841999947,-5.47720841999947,0
cobyla,pretrained,390,261.0,-5.47720841999947,-5.47720841999947,0
cobyla,pretrained,391,262.0,-5.47720841999947,-5.47720841999947,0
cobyla,pretrained,392,263.0,-5.47720841999947,-5.47720841999947,0
cobyla,pretrained,393,264.0,-5.47720841999947,-5.47720841999947,0
cobyla,pretrained,394,265.0,-5.47720841999947,-5.47720841999947,0
cobyla,pretrained,395,266.0,-5.482530287618642,-5.482530287618642,0
cobyla,pretrained,396,267.0,-5.482530287618642,-5.482530287618642,0
cobyla,pretrained,397,268.0,-5.482530287618642,-5.482530287618642,0
cobyla,pretrained,398,269.0,-5.482530287618642,-5.482530287618642,0
cobyla,pretrained,399,270.0,-5.486845951112319,-5.486845951112319,0
cobyla,pretrained,400,271.0,-5.516816080016153,-5.516816080016153,0
cobyla,pretrained,401,272.0,-5.516816080016153,-5.516816080016153,0
cobyla,pretrained,402,273.0,-5.516816080016153,-5.516816080016153,0
cobyla,pretrained,403,274.0,-5.516816080016153,-5.516816080016153,0
cobyla,pretrained,404,275.0,-5.516816080016153,-5.516816080016153,0
cobyla,pretrained,405,276.0,-5.516816080016153,-5.516816080016153,0
cobyla,pretrained,406,277.0,-5.516816080016153,-5.516816080016153,0
cobyla,pretrained,407,278.0,-5.516816080016153,-5.516816080016153,0
cobyla,pretrained,408,279.0,-5.516816080016153,-5.516816080016153,0
cobyla,pretrained,409,280.0,-5.5250983725466005,-5.5250983725466005,0
cobyla,pretrained,410,281.0,-5.555190793910942,-5.555190793910942,0
cobyla,pretrained,411,282.0,-5.555190793910942,-5.555190793910942,0
cobyla,pretrained,412,283.0,-5.555190793910942,-5.555190793910942,0
cobyla,pretrained,413,284.0,-5.555190793910942,-5.555190793910942,0
cobyla,pretrained,414,285.0,-5.555190793910942,-5.555190793910942,0
cobyla,pretrained,415,286.0,-5.555190793910942,-5.555190793910942,0
cobyla,pretrained,416,287.0,-5.555190793910942,-5.555190793910942,0
cobyla,pretrained,417,288.0,-5.569458808685314,-5.569458808685314,0
cobyla,pretrained,418,289.0,-5.580974366970931,-5.580974366970931,0
cobyla,pretrained,419,290.0,-5.580974366970931,-5.580974366970931,0
cobyla,pretrained,420,291.0,-5.580974366970931,-5.580974366970931,0
cobyla,pretrained,421,292.0,-5.5862308938481045,-5.5862308938481045,0
cobyla,pretrained,422,293.0,-5.5862308938481045,-5.5862308938481045,0
cobyla,pretrained,423,294.0,-5.644783321640045,-5.644783321640045,0
cobyla,pretrained,424,295.0,-5.7004506291457595,-5.7004506291457595,0
cobyla,pretrained,425,296.0,-5.7004506291457595,-5.7004506291457595,0
cobyla,pretrained,426,297.0,-5.7004506291457595,-5.7004506291457595,0
cobyla,pretrained,427,298.0,-5.7004506291457595,-5.7004506291457595,0
cobyla,pretrained,428,299.0,-5.836224118930202,-5.836224118930202,0
cobyla,pretrained,429,300.0,-5.836224118930202,-5.836224118930202,0
cobyla,pretrained,430,301.0,-5.836224118930202,-5.836224118930202,0
cobyla,pretrained,431,302.0,-5.836224118930202,-5.836224118930202,0
cobyla,pretrained,432,303.0,-5.836224118930202,-5.836224118930202,0
cobyla,pretrained,433,304.0,-5.843028982588756,-5.843028982588756,0
cobyla,pretrained,434,305.0,-5.843028982588756,-5.843028982588756,0
cobyla,pretrained,435,306.0,-5.843028982588756,-5.843028982588756,0
cobyla,pretrained,436,307.0,-5.843028982588756,-5.843028982588756,0
cobyla,pretrained,437,308.0,-5.852025673156076,-5.852025673156076,0
cobyla,pretrained,438,309.0,-5.852025673156076,-5.852025673156076,0
cobyla,pretrained,439,310.0,-5.852025673156076,-5.852025673156076,0
cobyla,pretrained,440,311.0,-5.88717563928809,-5.88717563928809,0
cobyla,pretrained,441,312.0,-5.9134082544014355,-5.9134082544014355,0
cobyla,pretrained,442,313.0,-5.9134082544014355,-5.9134082544014355,0
cobyla,pretrained,443,314.0,-5.9134082544014355,-5.9134082544014355,0
cobyla,pretrained,444,315.0,-5.9134082544014355,-5.9134082544014355,0
cobyla,pretrained,445,316.0,-5.9134082544014355,-5.9134082544014355,0
cobyla,pretrained,446,317.0,-5.9134082544014355,-5.9134082544014355,0
cobyla,pretrained,447,318.0,-5.919647454787242,-5.919647454787242,0
cobyla,pretrained,448,319.0,-5.919647454787242,-5.919647454787242,0
cobyla,pretrained,449,320.0,-5.919647454787242,-5.919647454787242,0
cobyla,pretrained,450,321.0,-5.919647454787242,-5.919647454787242,0
cobyla,pretrained,451,322.0,-5.957664232779557,-5.957664232779557,0
cobyla,pretrained,452,323.0,-5.957664232779557,-5.957664232779557,0
cobyla,pretrained,453,324.0,-5.967763581842254,-5.967763581842254,0
cobyla,pretrained,454,325.0,-5.967763581842254,-5.967763581842254,0
cobyla,pretrained,455,326.0,-5.967763581842254,-5.967763581842254,0
cobyla,pretrained,456,327.0,-5.967763581842254,-5.967763581842254,0
cobyla,pretrained,457,328.0,-5.968929315016012,-5.968929315016012,0
cobyla,pretrained,458,329.0,-5.968929315016012,-5.968929315016012,0
cobyla,pretrained,459,330.0,-5.968929315016012,-5.968929315016012,0
cobyla,pretrained,460,331.0,-5.968929315016012,-5.968929315016012,0
cobyla,pretrained,461,332.0,-5.968929315016012,-5.968929315016012,0
cobyla,pretrained,462,333.0,-5.968929315016012,-5.968929315016012,0
cobyla,pretrained,463,334.0,-5.968929315016012,-5.968929315016012,0
cobyla,pretrained,464,335.0,-5.968929315016012,-5.968929315016012,0
cobyla,pretrained,465,336.0,-5.973813735937808,-5.973813735937808,0
cobyla,pretrained,466,337.0,-5.973813735937808,-5.973813735937808,0
cobyla,pretrained,467,338.0,-5.973813735937808,-5.973813735937808,0
cobyla,pretrained,468,339.0,-5.973813735937808,-5.973813735937808,0
cobyla,pretrained,469,340.0,-5.973813735937808,-5.973813735937808,0
cobyla,pretrained,470,341.0,-5.99152247672644,-5.99152247672644,0
cobyla,pretrained,471,342.0,-5.99152247672644,-5.99152247672644,0
cobyla,pretrained,472,343.0,-5.99152247672644,-5.99152247672644,0
cobyla,pretrained,473,344.0,-5.99152247672644,-5.99152247672644,0
cobyla,pretrained,474,345.0,-6.0205206732923475,-6.0205206732923475,0
cobyla,pretrained,475,346.0,-6.0205206732923475,-6.0205206732923475,0
cobyla,pretrained,476,347.0,-6.0205206732923475,-6.0205206732923475,0
cobyla,pretrained,477,348.0,-6.0205206732923475,-6.0205206732923475,0
cobyla,pretrained,478,349.0,-6.0352029611632485,-6.0352029611632485,0
cobyla,pretrained,479,350.0,-6.0352029611632485,-6.0352029611632485,0
cobyla,pretrained,480,351.0,-6.0352029611632485,-6.0352029611632485,0
cobyla,pretrained,481,352.0,-6.037121883571249,-6.037121883571249,0
cobyla,pretrained,482,353.0,-6.037121883571249,-6.037121883571249,0
cobyla,pretrained,483,354.0,-6.037121883571249,-6.037121883571249,0
cobyla,pretrained,484,355.0,-6.037121883571249,-6.037121883571249,0
cobyla,pretrained,485,356.0,-6.03782744757763,-6.03782744757763,0
cobyla,pretrained,486,357.0,-6.03782744757763,-6.03782744757763,0
cobyla,pretrained,487,358.0,-6.03782744757763,-6.03782744757763,0
cobyla,pretrained,488,359.0,-6.03782744757763,-6.03782744757763,0
cobyla,pretrained,489,360.0,-6.03782744757763,-6.03782744757763,0
cobyla,pretrained,490,361.0,-6.03782744757763,-6.03782744757763,0
cobyla,pretrained,491,362.0,-6.039722424309941,-6.039722424309941,0
cobyla,pretrained,492,363.0,-6.039722424309941,-6.039722424309941,0
cobyla,pretrained,493,364.0,-6.039722424309941,-6.039722424309941,0
cobyla,pretrained,494,365.0,-6.039722424309941,-6.039722424309941,0
cobyla,pretrained,495,366.0,-6.049860970658849,-6.049860970658849,0
cobyla,pretrained,496,367.0,-6.049860970658849,-6.049860970658849,0
cobyla,pretrained,497,368.0,-6.049860970658849,-6.049860970658849,0
cobyla,pretrained,498,369.0,-6.049860970658849,-6.049860970658849,0
cobyla,pretrained,499,370.0,-6.049860970658849,-6.049860970658849,0
cobyla,pretrained,500,371.0,-6.049860970658849,-6.049860970658849,0
cobyla,pretrained,501,372.0,-6.049860970658849,-6.049860970658849,0
cobyla,pretrained,502,373.0,-6.049860970658849,-6.049860970658849,0
cobyla,pretrained,503,374.0,-6.049860970658849,-6.049860970658849,0
cobyla,pretrained,504,375.0,-6.049860970658849,-6.049860970658849,0
cobyla,pretrained,505,376.0,-6.064101967595644,-6.064101967595644,0
cobyla,pretrained,506,377.0,-6.064101967595644,-6.064101967595644,0
cobyla,pretrained,507,378.0,-6.064101967595644,-6.064101967595644,0
cobyla,pretrained,508,379.0,-6.064101967595644,-6.064101967595644,0
cobyla,pretrained,509,380.0,-6.064101967595644,-6.064101967595644,0
cobyla,pretrained,510,381.0,-6.064101967595644,-6.064101967595644,0
cobyla,pretrained,511,382.0,-6.064101967595644,-6.064101967595644,0
cobyla,pretrained,512,383.0,-6.064101967595644,-6.064101967595644,0
cobyla,pretrained,513,384.0,-6.064101967595644,-6.064101967595644,0
cobyla,pretrained,514,385.0,-6.064101967595644,-6.064101967595644,0
cobyla,pretrained,515,386.0,-6.064101967595644,-6.064101967595644,0
cobyla,pretrained,516,387.0,-6.064101967595644,-6.064101967595644,0
cobyla,pretrained,517,388.0,-6.064101967595644,-6.064101967595644,0
cobyla,pretrained,518,389.0,-6.065144480675344,-6.065144480675344,0
cobyla,pretrained,519,390.0,-6.068219058408355,-6.068219058408355,0
cobyla,pretrained,520,391.0,-6.068219058408355,-6.068219058408355,0
cobyla,pretrained,521,392.0,-6.068219058408355,-6.068219058408355,0
cobyla,pretrained,522,393.0,-6.068219058408355,-6.068219058408355,0
cobyla,pretrained,523,394.0,-6.068219058408355,-6.068219058408355,0
cobyla,pretrained,524,395.0,-6.068219058408355,-6.068219058408355,0
cobyla,pretrained,525,396.0,-6.068219058408355,-6.068219058408355,0
cobyla,pretrained,526,397.0,-6.068219058408355,-6.068219058408355,0
cobyla,pretrained,527,398.0,-6.068219058408355,-6.068219058408355,0
cobyla,pretrained,528,399.0,-6.068219058408355,-6.068219058408355,0
cobyla,pretrained,529,400.0,-6.076157378461969,-6.076157378461969,0
cobyla,pretrained,530,401.0,-6.076157378461969,-6.076157378461969,0
cobyla,pretrained,531,402.0,-6.084313102861735,-6.084313102861735,0
cobyla,pretrained,532,403.0,-6.084313102861735,-6.084313102861735,0
cobyla,pretrained,533,404.0,-6.099413581536075,-6.099413581536075,0
cobyla,pretrained,534,405.0,-6.099413581536075,-6.099413581536075,0
cobyla,pretrained,535,406.0,-6.099413581536075,-6.099413581536075,0
cobyla,pretrained,536,407.0,-6.099413581536075,-6.099413581536075,0
cobyla,pretrained,537,408.0,-6.099413581536075,-6.099413581536075,0
cobyla,pretrained,538,409.0,-6.099413581536075,-6.099413581536075,0
cobyla,pretrained,539,410.0,-6.099413581536075,-6.099413581536075,0
cobyla,pretrained,540,411.0,-6.099413581536075,-6.099413581536075,0
cobyla,pretrained,541,412.0,-6.116286892514553,-6.116286892514553,0
cobyla,pretrained,542,413.0,-6.116286892514553,-6.116286892514553,0
cobyla,pretrained,543,414.0,-6.116286892514553,-6.116286892514553,0
cobyla,pretrained,544,415.0,-6.116286892514553,-6.116286892514553,0
cobyla,pretrained,545,416.0,-6.116286892514553,-6.116286892514553,0
cobyla,pretrained,546,417.0,-6.116286892514553,-6.116286892514553,0
cobyla,pretrained,547,418.0,-6.141639277711415,-6.141639277711415,0
cobyla,pretrained,548,419.0,-6.141639277711415,-6.141639277711415,0
cobyla,pretrained,549,420.0,-6.141639277711415,-6.141639277711415,0
cobyla,pretrained,550,421.0,-6.141639277711415,-6.141639277711415,0
cobyla,pretrained,551,422.0,-6.141639277711415,-6.141639277711415,0
cobyla,pretrained,552,423.0,-6.141639277711415,-6.141639277711415,0
cobyla,pretrained,553,424.0,-6.141639277711415,-6.141639277711415,0
cobyla,pretrained,554,425.0,-6.141639277711415,-6.141639277711415,0
cobyla,pretrained,555,426.0,-6.167929581516063,-6.167929581516063,0
cobyla,pretrained,556,427.0,-6.167929581516063,-6.167929581516063,0
cobyla,pretrained,557,428.0,-6.167929581516063,-6.167929581516063,0
cobyla,pretrained,558,429.0,-6.167929581516063,-6.167929581516063,0
cobyla,pretrained,559,430.0,-6.167929581516063,-6.167929581516063,0
cobyla,pretrained,560,431.0,-6.167929581516063,-6.167929581516063,0
cobyla,pretrained,561,432.0,-6.167929581516063,-6.167929581516063,0
cobyla,pretrained,562,433.0,-6.167929581516063,-6.167929581516063,0
cobyla,pretrained,563,434.0,-6.167929581516063,-6.167929581516063,0
cobyla,pretrained,564,435.0,-6.167929581516063,-6.167929581516063,0
cobyla,pretrained,565,436.0,-6.167929581516063,-6.167929581516063,0
cobyla,pretrained,566,437.0,-6.167929581516063,-6.167929581516063,0
cobyla,pretrained,567,438.0,-6.167929581516063,-6.167929581516063,0
cobyla,pretrained,568,439.0,-6.167929581516063,-6.167929581516063,0
cobyla,pretrained,569,440.0,-6.171674831162654,-6.171674831162654,0
cobyla,pretrained,570,441.0,-6.171674831162654,-6.171674831162654,0
cobyla,pretrained,571,442.0,-6.171674831162654,-6.171674831162654,0
cobyla,pretrained,572,443.0,-6.171674831162654,-6.171674831162654,0
cobyla,pretrained,573,444.0,-6.171674831162654,-6.171674831162654,0
cobyla,pretrained,574,445.0,-6.171674831162654,-6.171674831162654,0
cobyla,pretrained,575,446.0,-6.171674831162654,-6.171674831162654,0
cobyla,pretrained,576,447.0,-6.171674831162654,-6.171674831162654,0
cobyla,pretrained,577,448.0,-6.171957770415669,-6.171957770415669,0
cobyla,pretrained,578,449.0,-6.171957770415669,-6.171957770415669,0
cobyla,pretrained,579,450.0,-6.171957770415669,-6.171957770415669,0
cobyla,pretrained,580,451.0,-6.171957770415669,-6.171957770415669,0
cobyla,pretrained,581,452.0,-6.171957770415669,-6.171957770415669,0
cobyla,pretrained,582,453.0,-6.171957770415669,-6.171957770415669,0
cobyla,pretrained,583,454.0,-6.171957770415669,-6.171957770415669,0
cobyla,pretrained,584,455.0,-6.171957770415669,-6.171957770415669,0
cobyla,pretrained,585,456.0,-6.171957770415669,-6.171957770415669,0
cobyla,pretrained,586,457.0,-6.171957770415669,-6.171957770415669,0
cobyla,pretrained,587,458.0,-6.171957770415669,-6.171957770415669,0
cobyla,pretrained,588,459.0,-6.171957770415669,-6.171957770415669,0
cobyla,pretrained,589,460.0,-6.171957770415669,-6.171957770415669,0
cobyla,pretrained,590,461.0,-6.171957770415669,-6.171957770415669,0
cobyla,pretrained,591,462.0,-6.171957770415669,-6.171957770415669,0
cobyla,pretrained,592,463.0,-6.171957770415669,-6.171957770415669,0
cobyla,pretrained,593,464.0,-6.171957770415669,-6.171957770415669,0
cobyla,pretrained,594,465.0,-6.176440745794341,-6.176440745794341,0
cobyla,pretrained,595,466.0,-6.183644566814966,-6.183644566814966,0
cobyla,pretrained,596,467.0,-6.183644566814966,-6.183644566814966,0
cobyla,pretrained,597,468.0,-6.184229641741858,-6.184229641741858,0
cobyla,pretrained,598,469.0,-6.184229641741858,-6.184229641741858,0
cobyla,pretrained,599,470.0,-6.186590123014138,-6.186590123014138,0
cobyla,pretrained,600,471.0,-6.186590123014138,-6.186590123014138,0
cobyla,pretrained,601,472.0,-6.186590123014138,-6.186590123014138,0
cobyla,pretrained,602,473.0,-6.186590123014138,-6.186590123014138,0
cobyla,pretrained,603,474.0,-6.186590123014138,-6.186590123014138,0
cobyla,pretrained,604,475.0,-6.186590123014138,-6.186590123014138,0
cobyla,pretrained,605,476.0,-6.186590123014138,-6.186590123014138,0
cobyla,pretrained,606,477.0,-6.186590123014138,-6.186590123014138,0
cobyla,pretrained,607,478.0,-6.190987098880511,-6.190987098880511,0
cobyla,pretrained,608,479.0,-6.190987098880511,-6.190987098880511,0
cobyla,pretrained,609,480.0,-6.190987098880511,-6.190987098880511,0
cobyla,pretrained,610,481.0,-6.190987098880511,-6.190987098880511,0
cobyla,pretrained,611,482.0,-6.190987098880511,-6.190987098880511,0
cobyla,pretrained,612,483.0,-6.190987098880511,-6.190987098880511,0
cobyla,pretrained,613,484.0,-6.194954083075014,-6.194954083075014,0
cobyla,pretrained,614,485.0,-6.194954083075014,-6.194954083075014,0
cobyla,pretrained,615,486.0,-6.194954083075014,-6.194954083075014,0
cobyla,pretrained,616,487.0,-6.194954083075014,-6.194954083075014,0
cobyla,pretrained,617,488.0,-6.194954083075014,-6.194954083075014,0
cobyla,pretrained,618,489.0,-6.194954083075014,-6.194954083075014,0
cobyla,pretrained,619,490.0,-6.227705966176093,-6.227705966176093,0
cobyla,pretrained,620,491.0,-6.227705966176093,-6.227705966176093,0
cobyla,pretrained,621,492.0,-6.244588978198044,-6.244588978198044,0
cobyla,pretrained,622,493.0,-6.244588978198044,-6.244588978198044,0
cobyla,pretrained,623,494.0,-6.253632218821202,-6.253632218821202,0
cobyla,pretrained,624,495.0,-6.253632218821202,-6.253632218821202,0
cobyla,pretrained,625,496.0,-6.2548397766079,-6.2548397766079,0
cobyla,pretrained,626,497.0,-6.2548397766079,-6.2548397766079,0
cobyla,pretrained,627,498.0,-6.2548397766079,-6.2548397766079,0
cobyla,pretrained,628,499.0,-6.2548397766079,-6.2548397766079,0
cobyla,pretrained,629,500.0,-6.2548397766079,-6.2548397766079,0
cobyla,pretrained,630,501.0,-6.2548397766079,-6.2548397766079,0
cobyla,pretrained,631,502.0,-6.2548397766079,-6.2548397766079,0
cobyla,pretrained,632,503.0,-6.2548397766079,-6.2548397766079,0
cobyla,pretrained,633,504.0,-6.2548397766079,-6.2548397766079,0
cobyla,pretrained,634,505.0,-6.2548397766079,-6.2548397766079,0
cobyla,pretrained,635,506.0,-6.257740403748107,-6.257740403748107,0
cobyla,pretrained,636,507.0,-6.257740403748107,-6.257740403748107,0
cobyla,pretrained,637,508.0,-6.257947789381173,-6.257947789381173,0
cobyla,pretrained,638,509.0,-6.257947789381173,-6.257947789381173,0
cobyla,pretrained,639,510.0,-6.258273927140337,-6.258273927140337,0
cobyla,pretrained,640,511.0,-6.258273927140337,-6.258273927140337,0
cobyla,pretrained,641,512.0,-6.258273927140337,-6.258273927140337,0
cobyla,pretrained,642,513.0,-6.258273927140337,-6.258273927140337,0
cobyla,pretrained,643,514.0,-6.258273927140337,-6.258273927140337,0
cobyla,pretrained,644,515.0,-6.258273927140337,-6.258273927140337,0
cobyla,pretrained,645,516.0,-6.258273927140337,-6.258273927140337,0
cobyla,pretrained,646,517.0,-6.258273927140337,-6.258273927140337,0
cobyla,pretrained,647,518.0,-6.258273927140337,-6.258273927140337,0
cobyla,pretrained,648,519.0,-6.258273927140337,-6.258273927140337,0
cobyla,pretrained,649,520.0,-6.258273927140337,-6.258273927140337,0
cobyla,pretrained,650,521.0,-6.258273927140337,-6.258273927140337,0
cobyla,pretrained,651,522.0,-6.258273927140337,-6.258273927140337,0
cobyla,pretrained,652,523.0,-6.258273927140337,-6.258273927140337,0
cobyla,pretrained,653,524.0,-6.258273927140337,-6.258273927140337,0
cobyla,pretrained,654,525.0,-6.258273927140337,-6.258273927140337,0
cobyla,pretrained,655,526.0,-6.258273927140337,-6.258273927140337,0
cobyla,pretrained,656,527.0,-6.258273927140337,-6.258273927140337,0
cobyla,pretrained,657,528.0,-6.258273927140337,-6.258273927140337,0
cobyla,pretrained,658,529.0,-6.258273927140337,-6.258273927140337,0
cobyla,pretrained,659,530.0,-6.268123681481942,-6.268123681481942,0
cobyla,pretrained,660,531.0,-6.268123681481942,-6.268123681481942,0
cobyla,pretrained,661,532.0,-6.290641251198055,-6.290641251198055,0
cobyla,pretrained,662,533.0,-6.290641251198055,-6.290641251198055,0
cobyla,pretrained,663,534.0,-6.30972410794994,-6.30972410794994,0
cobyla,pretrained,664,535.0,-6.30972410794994,-6.30972410794994,0
cobyla,pretrained,665,536.0,-6.30972410794994,-6.30972410794994,0
cobyla,pretrained,666,537.0,-6.30972410794994,-6.30972410794994,0
cobyla,pretrained,667,538.0,-6.30972410794994,-6.30972410794994,0
cobyla,pretrained,668,539.0,-6.30972410794994,-6.30972410794994,0
cobyla,pretrained,669,540.0,-6.345535945239172,-6.345535945239172,0
cobyla,pretrained,670,541.0,-6.345535945239172,-6.345535945239172,0
cobyla,pretrained,671,542.0,-6.345535945239172,-6.345535945239172,0
cobyla,pretrained,672,543.0,-6.345535945239172,-6.345535945239172,0
cobyla,pretrained,673,544.0,-6.35686430138488,-6.35686430138488,0
cobyla,pretrained,674,545.0,-6.35686430138488,-6.35686430138488,0
cobyla,pretrained,675,546.0,-6.35686430138488,-6.35686430138488,0
cobyla,pretrained,676,547.0,-6.35686430138488,-6.35686430138488,0
cobyla,pretrained,677,548.0,-6.35686430138488,-6.35686430138488,0
cobyla,pretrained,678,549.0,-6.35686430138488,-6.35686430138488,0
cobyla,pretrained,679,550.0,-6.35686430138488,-6.35686430138488,0
cobyla,pretrained,680,551.0,-6.35686430138488,-6.35686430138488,0
cobyla,pretrained,681,552.0,-6.35686430138488,-6.35686430138488,0
cobyla,pretrained,682,553.0,-6.35686430138488,-6.35686430138488,0
cobyla,pretrained,683,554.0,-6.35686430138488,-6.35686430138488,0
cobyla,pretrained,684,555.0,-6.35686430138488,-6.35686430138488,0
cobyla,pretrained,685,556.0,-6.35686430138488,-6.35686430138488,0
cobyla,pretrained,686,557.0,-6.35686430138488,-6.35686430138488,0
cobyla,pretrained,687,558.0,-6.370186593890772,-6.370186593890772,0
cobyla,pretrained,688,559.0,-6.370186593890772,-6.370186593890772,0
cobyla,pretrained,689,560.0,-6.370186593890772,-6.370186593890772,0
cobyla,pretrained,690,561.0,-6.370186593890772,-6.370186593890772,0
cobyla,pretrained,691,562.0,-6.370186593890772,-6.370186593890772,0
cobyla,pretrained,692,563.0,-6.370186593890772,-6.370186593890772,0
cobyla,pretrained,693,564.0,-6.370186593890772,-6.370186593890772,0
cobyla,pretrained,694,565.0,-6.370186593890772,-6.370186593890772,0
cobyla,pretrained,695,566.0,-6.370186593890772,-6.370186593890772,0
cobyla,pretrained,696,567.0,-6.370186593890772,-6.370186593890772,0
cobyla,pretrained,697,568.0,-6.370186593890772,-6.370186593890772,0
cobyla,pretrained,698,569.0,-6.370186593890772,-6.370186593890772,0
cobyla,pretrained,699,570.0,-6.370186593890772,-6.370186593890772,0
cobyla,pretrained,700,571.0,-6.370186593890772,-6.370186593890772,0
cobyla,pretrained,701,572.0,-6.370186593890772,-6.370186593890772,0
cobyla,pretrained,702,573.0,-6.370186593890772,-6.370186593890772,0
cobyla,pretrained,703,574.0,-6.370186593890772,-6.370186593890772,0
cobyla,pretrained,704,575.0,-6.370186593890772,-6.370186593890772,0
cobyla,pretrained,705,576.0,-6.370186593890772,-6.370186593890772,0
cobyla,pretrained,706,577.0,-6.370186593890772,-6.370186593890772,0
cobyla,pretrained,707,578.0,-6.370186593890772,-6.370186593890772,0
cobyla,pretrained,708,579.0,-6.370186593890772,-6.370186593890772,0
cobyla,pretrained,709,580.0,-6.370186593890772,-6.370186593890772,0
cobyla,pretrained,710,581.0,-6.370186593890772,-6.370186593890772,0
cobyla,pretrained,711,582.0,-6.370186593890772,-6.370186593890772,0
cobyla,pretrained,712,583.0,-6.370186593890772,-6.370186593890772,0
cobyla,pretrained,713,584.0,-6.370186593890772,-6.370186593890772,0
cobyla,pretrained,714,585.0,-6.370186593890772,-6.370186593890772,0
cobyla,pretrained,715,586.0,-6.370186593890772,-6.370186593890772,0
cobyla,pretrained,716,587.0,-6.370186593890772,-6.370186593890772,0
cobyla,pretrained,717,588.0,-6.371133675957617,-6.371133675957617,0
cobyla,pretrained,718,589.0,-6.371133675957617,-6.371133675957617,0
cobyla,pretrained,719,590.0,-6.386958511335454,-6.386958511335454,0
cobyla,pretrained,720,591.0,-6.386958511335454,-6.386958511335454,0
cobyla,pretrained,721,592.0,-6.386958511335454,-6.386958511335454,0
cobyla,pretrained,722,593.0,-6.386958511335454,-6.386958511335454,0
cobyla,pretrained,723,594.0,-6.386958511335454,-6.386958511335454,0
cobyla,pretrained,724,595.0,-6.386958511335454,-6.386958511335454,0
cobyla,pretrained,725,596.0,-6.388534484650997,-6.388534484650997,0
cobyla,pretrained,726,597.0,-6.388534484650997,-6.388534484650997,0
cobyla,pretrained,727,598.0,-6.389951776147852,-6.389951776147852,0
cobyla,pretrained,728,599.0,-6.389951776147852,-6.389951776147852,0
cobyla,pretrained,729,600.0,-6.389951776147852,-6.389951776147852,0
cobyla,pretrained,730,601.0,-6.389951776147852,-6.389951776147852,0
cobyla,pretrained,731,602.0,-6.389951776147852,-6.389951776147852,0
cobyla,pretrained,732,603.0,-6.389951776147852,-6.389951776147852,0
cobyla,pretrained,733,604.0,-6.393264947006774,-6.393264947006774,0
cobyla,pretrained,734,605.0,-6.393264947006774,-6.393264947006774,0
cobyla,pretrained,735,606.0,-6.403299515130541,-6.403299515130541,0
cobyla,pretrained,736,607.0,-6.403299515130541,-6.403299515130541,0
cobyla,pretrained,737,608.0,-6.403299515130541,-6.403299515130541,0
cobyla,pretrained,738,609.0,-6.403299515130541,-6.403299515130541,0
cobyla,pretrained,739,610.0,-6.403299515130541,-6.403299515130541,0
cobyla,pretrained,740,611.0,-6.403299515130541,-6.403299515130541,0
cobyla,pretrained,741,612.0,-6.4037805382005955,-6.4037805382005955,0
cobyla,pretrained,742,613.0,-6.4037805382005955,-6.4037805382005955,0
cobyla,pretrained,743,614.0,-6.4037805382005955,-6.4037805382005955,0
cobyla,pretrained,744,615.0,-6.4037805382005955,-6.4037805382005955,0
cobyla,pretrained,745,616.0,-6.4037805382005955,-6.4037805382005955,0
cobyla,pretrained,746,617.0,-6.4037805382005955,-6.4037805382005955,0
cobyla,pretrained,747,618.0,-6.4037805382005955,-6.4037805382005955,0
cobyla,pretrained,748,619.0,-6.4037805382005955,-6.4037805382005955,0
cobyla,pretrained,749,620.0,-6.4037805382005955,-6.4037805382005955,0
cobyla,pretrained,750,621.0,-6.4037805382005955,-6.4037805382005955,0
cobyla,pretrained,751,622.0,-6.4037805382005955,-6.4037805382005955,0
cobyla,pretrained,752,623.0,-6.4037805382005955,-6.4037805382005955,0
cobyla,pretrained,753,624.0,-6.4037805382005955,-6.4037805382005955,0
cobyla,pretrained,754,625.0,-6.4037805382005955,-6.4037805382005955,0
cobyla,pretrained,755,626.0,-6.416588540239786,-6.416588540239786,0
cobyla,pretrained,756,627.0,-6.416588540239786,-6.416588540239786,0
cobyla,pretrained,757,628.0,-6.416588540239786,-6.416588540239786,0
cobyla,pretrained,758,629.0,-6.416588540239786,-6.416588540239786,0
cobyla,pretrained,759,630.0,-6.416588540239786,-6.416588540239786,0
cobyla,pretrained,760,631.0,-6.416588540239786,-6.416588540239786,0
cobyla,pretrained,761,632.0,-6.416588540239786,-6.416588540239786,0
cobyla,pretrained,762,633.0,-6.416588540239786,-6.416588540239786,0
cobyla,pretrained,763,634.0,-6.416588540239786,-6.416588540239786,0
cobyla,pretrained,764,635.0,-6.416588540239786,-6.416588540239786,0
cobyla,pretrained,765,636.0,-6.416588540239786,-6.416588540239786,0
cobyla,pretrained,766,637.0,-6.416588540239786,-6.416588540239786,0
cobyla,pretrained,767,638.0,-6.416588540239786,-6.416588540239786,0
cobyla,pretrained,768,639.0,-6.416588540239786,-6.416588540239786,0
cobyla,pretrained,769,640.0,-6.416588540239786,-6.416588540239786,0
cobyla,pretrained,770,641.0,-6.416588540239786,-6.416588540239786,0
cobyla,pretrained,771,642.0,-6.416588540239786,-6.416588540239786,0
cobyla,pretrained,772,643.0,-6.416588540239786,-6.416588540239786,0
cobyla,pretrained,773,644.0,-6.416588540239786,-6.416588540239786,0
cobyla,pretrained,774,645.0,-6.416588540239786,-6.416588540239786,0
cobyla,pretrained,775,646.0,-6.416588540239786,-6.416588540239786,0
cobyla,pretrained,776,647.0,-6.416588540239786,-6.416588540239786,0
cobyla,pretrained,777,648.0,-6.416588540239786,-6.416588540239786,0
cobyla,pretrained,778,649.0,-6.416588540239786,-6.416588540239786,0
cobyla,pretrained,779,650.0,-6.416588540239786,-6.416588540239786,0
cobyla,pretrained,780,651.0,-6.416588540239786,-6.416588540239786,0
cobyla,pretrained,781,652.0,-6.416588540239786,-6.416588540239786,0
cobyla,pretrained,782,653.0,-6.416588540239786,-6.416588540239786,0
cobyla,pretrained,783,654.0,-6.416588540239786,-6.416588540239786,0
cobyla,pretrained,784,655.0,-6.416588540239786,-6.416588540239786,0
cobyla,pretrained,785,656.0,-6.416588540239786,-6.416588540239786,0
cobyla,pretrained,786,657.0,-6.422643740483219,-6.422643740483219,0
cobyla,pretrained,787,658.0,-6.422643740483219,-6.422643740483219,0
cobyla,pretrained,788,659.0,-6.42792275817968,-6.42792275817968,0
cobyla,pretrained,789,660.0,-6.42792275817968,-6.42792275817968,0
cobyla,pretrained,790,661.0,-6.429502839559056,-6.429502839559056,0
cobyla,pretrained,791,662.0,-6.429502839559056,-6.429502839559056,0
cobyla,pretrained,792,663.0,-6.429502839559056,-6.429502839559056,0
cobyla,pretrained,793,664.0,-6.429502839559056,-6.429502839559056,0
cobyla,pretrained,794,665.0,-6.449134650823547,-6.449134650823547,0
cobyla,pretrained,795,666.0,-6.449134650823547,-6.449134650823547,0
cobyla,pretrained,796,667.0,-6.449134650823547,-6.449134650823547,0
cobyla,pretrained,797,668.0,-6.449134650823547,-6.449134650823547,0
cobyla,pretrained,798,669.0,-6.450160623204783,-6.450160623204783,0
cobyla,pretrained,799,670.0,-6.450160623204783,-6.450160623204783,0
cobyla,pretrained,800,671.0,-6.452699132802816,-6.452699132802816,0
cobyla,pretrained,801,672.0,-6.452699132802816,-6.452699132802816,0
cobyla,pretrained,802,673.0,-6.452699132802816,-6.452699132802816,0
cobyla,pretrained,803,674.0,-6.452699132802816,-6.452699132802816,0
cobyla,pretrained,804,675.0,-6.452699132802816,-6.452699132802816,0
cobyla,pretrained,805,676.0,-6.452699132802816,-6.452699132802816,0
cobyla,pretrained,806,677.0,-6.470309239875853,-6.470309239875853,0
cobyla,pretrained,807,678.0,-6.470309239875853,-6.470309239875853,0
cobyla,pretrained,808,679.0,-6.470309239875853,-6.470309239875853,0
cobyla,pretrained,809,680.0,-6.470309239875853,-6.470309239875853,0
cobyla,pretrained,810,681.0,-6.476468989009749,-6.476468989009749,0
cobyla,pretrained,811,682.0,-6.476468989009749,-6.476468989009749,0
cobyla,pretrained,812,683.0,-6.476468989009749,-6.476468989009749,0
cobyla,pretrained,813,684.0,-6.476468989009749,-6.476468989009749,0
cobyla,pretrained,814,685.0,-6.478394543015858,-6.478394543015858,0
cobyla,pretrained,815,686.0,-6.478394543015858,-6.478394543015858,0
cobyla,pretrained,816,687.0,-6.478394543015858,-6.478394543015858,0
cobyla,pretrained,817,688.0,-6.478394543015858,-6.478394543015858,0
cobyla,pretrained,818,689.0,-6.478394543015858,-6.478394543015858,0
cobyla,pretrained,819,690.0,-6.478394543015858,-6.478394543015858,0
cobyla,pretrained,820,691.0,-6.478394543015858,-6.478394543015858,0
cobyla,pretrained,821,692.0,-6.478394543015858,-6.478394543015858,0
cobyla,pretrained,822,693.0,-6.478394543015858,-6.478394543015858,0
cobyla,pretrained,823,694.0,-6.48626383089737,-6.48626383089737,0
cobyla,pretrained,824,695.0,-6.48626383089737,-6.48626383089737,0
cobyla,pretrained,825,696.0,-6.48626383089737,-6.48626383089737,0
cobyla,pretrained,826,697.0,-6.497314721331111,-6.497314721331111,0
cobyla,pretrained,827,698.0,-6.497314721331111,-6.497314721331111,0
cobyla,pretrained,828,699.0,-6.511491753445638,-6.511491753445638,0
cobyla,pretrained,829,700.0,-6.511491753445638,-6.511491753445638,0
cobyla,pretrained,830,701.0,-6.511491753445638,-6.511491753445638,0
cobyla,pretrained,831,702.0,-6.511491753445638,-6.511491753445638,0
cobyla,pretrained,832,703.0,-6.511491753445638,-6.511491753445638,0
cobyla,pretrained,833,704.0,-6.555554442952476,-6.555554442952476,0
cobyla,pretrained,834,705.0,-6.555554442952476,-6.555554442952476,0
cobyla,pretrained,835,706.0,-6.555554442952476,-6.555554442952476,0
cobyla,pretrained,836,707.0,-6.560422923034119,-6.560422923034119,0
cobyla,pretrained,837,708.0,-6.560422923034119,-6.560422923034119,0
cobyla,pretrained,838,709.0,-6.560422923034119,-6.560422923034119,0
cobyla,pretrained,839,710.0,-6.562205131291866,-6.562205131291866,0
cobyla,pretrained,840,711.0,-6.562205131291866,-6.562205131291866,0
cobyla,pretrained,841,712.0,-6.562205131291866,-6.562205131291866,0
cobyla,pretrained,842,713.0,-6.563136973737724,-6.563136973737724,0
cobyla,pretrained,843,714.0,-6.563136973737724,-6.563136973737724,0
cobyla,pretrained,844,715.0,-6.563136973737724,-6.563136973737724,0
cobyla,pretrained,845,716.0,-6.563136973737724,-6.563136973737724,0
cobyla,pretrained,846,717.0,-6.563136973737724,-6.563136973737724,0
cobyla,pretrained,847,718.0,-6.563136973737724,-6.563136973737724,0
cobyla,pretrained,848,719.0,-6.563136973737724,-6.563136973737724,0
cobyla,pretrained,849,720.0,-6.563136973737724,-6.563136973737724,0
cobyla,pretrained,850,721.0,-6.563136973737724,-6.563136973737724,0
cobyla,pretrained,851,722.0,-6.563136973737724,-6.563136973737724,0
cobyla,pretrained,852,723.0,-6.563136973737724,-6.563136973737724,0
cobyla,pretrained,853,724.0,-6.567295610519794,-6.567295610519794,0
cobyla,pretrained,854,725.0,-6.567295610519794,-6.567295610519794,0
cobyla,pretrained,855,726.0,-6.567295610519794,-6.567295610519794,0
cobyla,pretrained,856,727.0,-6.567295610519794,-6.567295610519794,0
cobyla,pretrained,857,728.0,-6.567295610519794,-6.567295610519794,0
cobyla,pretrained,858,729.0,-6.567295610519794,-6.567295610519794,0
cobyla,pretrained,859,730.0,-6.567295610519794,-6.567295610519794,0
cobyla,pretrained,860,731.0,-6.567295610519794,-6.567295610519794,0
cobyla,pretrained,861,732.0,-6.647907772921213,-6.647907772921213,0
cobyla,pretrained,862,733.0,-6.647907772921213,-6.647907772921213,0
cobyla,pretrained,863,734.0,-6.647907772921213,-6.647907772921213,0
cobyla,pretrained,864,735.0,-6.647907772921213,-6.647907772921213,0
cobyla,pretrained,865,736.0,-6.647907772921213,-6.647907772921213,0
cobyla,pretrained,866,737.0,-6.662226499762775,-6.662226499762775,0
cobyla,pretrained,867,738.0,-6.662226499762775,-6.662226499762775,0
cobyla,pretrained,868,739.0,-6.66301616920424,-6.66301616920424,0
cobyla,pretrained,869,740.0,-6.66301616920424,-6.66301616920424,0
cobyla,pretrained,870,741.0,-6.66301616920424,-6.66301616920424,0
cobyla,pretrained,871,742.0,-6.66301616920424,-6.66301616920424,0
cobyla,pretrained,872,743.0,-6.66301616920424,-6.66301616920424,0
cobyla,pretrained,873,744.0,-6.714039522928357,-6.714039522928357,0
cobyla,pretrained,874,745.0,-6.714039522928357,-6.714039522928357,0
cobyla,pretrained,875,746.0,-6.714039522928357,-6.714039522928357,0
cobyla,pretrained,876,747.0,-6.714039522928357,-6.714039522928357,0
cobyla,pretrained,877,748.0,-6.721616147769809,-6.721616147769809,0
cobyla,pretrained,878,749.0,-6.721616147769809,-6.721616147769809,0
cobyla,pretrained,879,750.0,-6.775322691741955,-6.775322691741955,0
cobyla,pretrained,880,751.0,-6.775322691741955,-6.775322691741955,0
cobyla,pretrained,881,752.0,-6.775322691741955,-6.775322691741955,0
cobyla,pretrained,882,753.0,-6.775322691741955,-6.775322691741955,0
cobyla,pretrained,883,754.0,-6.775322691741955,-6.775322691741955,0
cobyla,pretrained,884,755.0,-6.775322691741955,-6.775322691741955,0
cobyla,pretrained,885,756.0,-6.775322691741955,-6.775322691741955,0
cobyla,pretrained,886,757.0,-6.775322691741955,-6.775322691741955,0
cobyla,pretrained,887,758.0,-6.775322691741955,-6.775322691741955,0
cobyla,pretrained,888,759.0,-6.777942117523183,-6.777942117523183,0
cobyla,pretrained,889,760.0,-6.777942117523183,-6.777942117523183,0
cobyla,pretrained,890,761.0,-6.777942117523183,-6.777942117523183,0
cobyla,pretrained,891,762.0,-6.777942117523183,-6.777942117523183,0
cobyla,pretrained,892,763.0,-6.777942117523183,-6.777942117523183,0
cobyla,pretrained,893,764.0,-6.777942117523183,-6.777942117523183,0
cobyla,pretrained,894,765.0,-6.777942117523183,-6.777942117523183,0
cobyla,pretrained,895,766.0,-6.777942117523183,-6.777942117523183,0
cobyla,pretrained,896,767.0,-6.777942117523183,-6.777942117523183,0
cobyla,pretrained,897,768.0,-6.777942117523183,-6.777942117523183,0
cobyla,pretrained,898,769.0,-6.777942117523183,-6.777942117523183,0
cobyla,pretrained,899,770.0,-6.777942117523183,-6.777942117523183,0
cobyla,pretrained,900,771.0,-6.801867576286446,-6.801867576286446,0
cobyla,pretrained,901,772.0,-6.801867576286446,-6.801867576286446,0
cobyla,pretrained,902,773.0,-6.801867576286446,-6.801867576286446,0
cobyla,pretrained,903,774.0,-6.801867576286446,-6.801867576286446,0
cobyla,pretrained,904,775.0,-6.801867576286446,-6.801867576286446,0
cobyla,pretrained,905,776.0,-6.801867576286446,-6.801867576286446,0
cobyla,pretrained,906,777.0,-6.812767330141912,-6.812767330141912,0
cobyla,pretrained,907,778.0,-6.812767330141912,-6.812767330141912,0
cobyla,pretrained,908,779.0,-6.812796366378236,-6.812796366378236,0
cobyla,pretrained,909,780.0,-6.812796366378236,-6.812796366378236,0
cobyla,pretrained,910,781.0,-6.812796366378236,-6.812796366378236,0
cobyla,pretrained,911,782.0,-6.812796366378236,-6.812796366378236,0
cobyla,pretrained,912,783.0,-6.812796366378236,-6.812796366378236,0
cobyla,pretrained,913,784.0,-6.812796366378236,-6.812796366378236,0
cobyla,pretrained,914,785.0,-6.812796366378236,-6.812796366378236,0
cobyla,pretrained,915,786.0,-6.812796366378236,-6.812796366378236,0
cobyla,pretrained,916,787.0,-6.812796366378236,-6.812796366378236,0
cobyla,pretrained,917,788.0,-6.812796366378236,-6.812796366378236,0
cobyla,pretrained,918,789.0,-6.812796366378236,-6.812796366378236,0
cobyla,pretrained,919,790.0,-6.812796366378236,-6.812796366378236,0
cobyla,pretrained,920,791.0,-6.812796366378236,-6.812796366378236,0
cobyla,pretrained,921,792.0,-6.824178542922335,-6.824178542922335,0
cobyla,pretrained,922,793.0,-6.827325592368426,-6.827325592368426,0
cobyla,pretrained,923,794.0,-6.827325592368426,-6.827325592368426,0
cobyla,pretrained,924,795.0,-6.827325592368426,-6.827325592368426,0
cobyla,pretrained,925,796.0,-6.827325592368426,-6.827325592368426,0
cobyla,pretrained,926,797.0,-6.833449335813421,-6.833449335813421,0
cobyla,pretrained,927,798.0,-6.833449335813421,-6.833449335813421,0
cobyla,pretrained,928,799.0,-6.833449335813421,-6.833449335813421,0
cobyla,pretrained,929,800.0,-6.833449335813421,-6.833449335813421,0
cobyla,pretrained,930,801.0,-6.833449335813421,-6.833449335813421,0
cobyla,pretrained,931,802.0,-6.833449335813421,-6.833449335813421,0
cobyla,pretrained,932,803.0,-6.833449335813421,-6.833449335813421,0
cobyla,pretrained,933,804.0,-6.833449335813421,-6.833449335813421,0
cobyla,pretrained,934,805.0,-6.833449335813421,-6.833449335813421,0
cobyla,pretrained,935,806.0,-6.833449335813421,-6.833449335813421,0
cobyla,pretrained,936,807.0,-6.833449335813421,-6.833449335813421,0
cobyla,pretrained,937,808.0,-6.833449335813421,-6.833449335813421,0
cobyla,pretrained,938,809.0,-6.833449335813421,-6.833449335813421,0
cobyla,pretrained,939,810.0,-6.833449335813421,-6.833449335813421,0
cobyla,pretrained,940,811.0,-6.833449335813421,-6.833449335813421,0
cobyla,pretrained,941,812.0,-6.833449335813421,-6.833449335813421,0
cobyla,pretrained,942,813.0,-6.833449335813421,-6.833449335813421,0
cobyla,pretrained,943,814.0,-6.833449335813421,-6.833449335813421,0
cobyla,pretrained,944,815.0,-6.833449335813421,-6.833449335813421,0
cobyla,pretrained,945,816.0,-6.856687403339931,-6.856687403339931,0
cobyla,pretrained,946,817.0,-6.856687403339931,-6.856687403339931,0
cobyla,pretrained,947,818.0,-6.856687403339931,-6.856687403339931,0
cobyla,pretrained,948,819.0,-6.856687403339931,-6.856687403339931,0
cobyla,pretrained,949,820.0,-6.856687403339931,-6.856687403339931,0
cobyla,pretrained,950,821.0,-6.856687403339931,-6.856687403339931,0
cobyla,pretrained,951,822.0,-6.879534819840821,-6.879534819840821,0
cobyla,pretrained,952,823.0,-6.879534819840821,-6.879534819840821,0
cobyla,pretrained,953,824.0,-6.879534819840821,-6.879534819840821,0
cobyla,pretrained,954,825.0,-6.879534819840821,-6.879534819840821,0
cobyla,pretrained,955,826.0,-6.879534819840821,-6.879534819840821,0
cobyla,pretrained,956,827.0,-6.879534819840821,-6.879534819840821,0
cobyla,pretrained,957,828.0,-6.879534819840821,-6.879534819840821,0
cobyla,pretrained,958,829.0,-6.879534819840821,-6.879534819840821,0
cobyla,pretrained,959,830.0,-6.879534819840821,-6.879534819840821,0
cobyla,pretrained,960,831.0,-6.879534819840821,-6.879534819840821,0
cobyla,pretrained,961,832.0,-6.8896857221475045,-6.8896857221475045,0
cobyla,pretrained,962,833.0,-6.8896857221475045,-6.8896857221475045,0
cobyla,pretrained,963,834.0,-6.8896857221475045,-6.8896857221475045,0
cobyla,pretrained,964,835.0,-6.8896857221475045,-6.8896857221475045,0
cobyla,pretrained,965,836.0,-6.8896857221475045,-6.8896857221475045,0
cobyla,pretrained,966,837.0,-6.8896857221475045,-6.8896857221475045,0
cobyla,pretrained,967,838.0,-6.8896857221475045,-6.8896857221475045,0
cobyla,pretrained,968,839.0,-6.8896857221475045,-6.8896857221475045,0
cobyla,pretrained,969,840.0,-6.8896857221475045,-6.8896857221475045,0
cobyla,pretrained,970,841.0,-6.8896857221475045,-6.8896857221475045,0
cobyla,pretrained,971,842.0,-6.8896857221475045,-6.8896857221475045,0
cobyla,pretrained,972,843.0,-6.892168860122908,-6.892168860122908,0
cobyla,pretrained,973,844.0,-6.892168860122908,-6.892168860122908,0
cobyla,pretrained,974,845.0,-6.892168860122908,-6.892168860122908,0
cobyla,pretrained,975,846.0,-6.892168860122908,-6.892168860122908,0
cobyla,pretrained,976,847.0,-6.892388765372615,-6.892388765372615,0
cobyla,pretrained,977,848.0,-6.892388765372615,-6.892388765372615,0
cobyla,pretrained,978,849.0,-6.892388765372615,-6.892388765372615,0
cobyla,pretrained,979,850.0,-6.892388765372615,-6.892388765372615,0
cobyla,pretrained,980,851.0,-6.895457569194985,-6.895457569194985,0
cobyla,pretrained,981,852.0,-6.895457569194985,-6.895457569194985,0
cobyla,pretrained,982,853.0,-6.895457569194985,-6.895457569194985,0
cobyla,pretrained,983,854.0,-6.895457569194985,-6.895457569194985,0
cobyla,pretrained,984,855.0,-6.895457569194985,-6.895457569194985,0
cobyla,pretrained,985,856.0,-6.895457569194985,-6.895457569194985,0
cobyla,pretrained,986,857.0,-6.895457569194985,-6.895457569194985,0
cobyla,pretrained,987,858.0,-6.895457569194985,-6.895457569194985,0
cobyla,pretrained,988,859.0,-6.895457569194985,-6.895457569194985,0
cobyla,pretrained,989,860.0,-6.895457569194985,-6.895457569194985,0
cobyla,pretrained,990,861.0,-6.917967350827092,-6.917967350827092,0
cobyla,pretrained,991,862.0,-6.917967350827092,-6.917967350827092,0
cobyla,pretrained,992,863.0,-6.917967350827092,-6.917967350827092,0
cobyla,pretrained,993,864.0,-6.917967350827092,-6.917967350827092,0
cobyla,pretrained,994,865.0,-6.919408591137503,-6.919408591137503,0
cobyla,pretrained,995,866.0,-6.919408591137503,-6.919408591137503,0
cobyla,pretrained,996,867.0,-6.919408591137503,-6.919408591137503,0
cobyla,pretrained,997,868.0,-6.919408591137503,-6.919408591137503,0
cobyla,pretrained,998,869.0,-6.919408591137503,-6.919408591137503,0
cobyla,pretrained,999,870.0,-6.919408591137503,-6.919408591137503,0
