optimizer,method,iteration,evals,energy,energy_global,is_stage_boundary
spsa,standard,0,2.0,-35.3579340036748,-35.3579340036748,0
spsa,standard,1,4.0,-34.15886822860925,-34.15886822860925,0
spsa,standard,2,6.0,-33.55126122891738,-33.55126122891738,0
spsa,standard,3,8.0,-33.865564293910076,-33.865564293910076,0
spsa,standard,4,10.0,-33.79325358512086,-33.79325358512086,0
spsa,standard,5,12.0,-34.22178370871845,-34.22178370871845,0
spsa,standard,6,14.0,-32.699658944929524,-32.699658944929524,0
spsa,standard,7,16.0,-32.78282075676718,-32.78282075676718,0
spsa,standard,8,18.0,-33.566621006471806,-33.566621006471806,0
spsa,standard,9,20.0,-34.49905142068653,-34.49905142068653,0
spsa,standard,10,22.0,-33.71921506913063,-33.71921506913063,0
spsa,standard,11,24.0,-34.12786080498759,-34.12786080498759,0
spsa,standard,12,26.0,-34.02505659603296,-34.02505659603296,0
spsa,standard,13,28.0,-34.11106676722552,-34.11106676722552,0
spsa,standard,14,30.0,-34.11227640240833,-34.11227640240833,0
spsa,standard,15,32.0,-34.561715007326235,-34.561715007326235,0
spsa,standard,16,34.0,-34.42141390538352,-34.42141390538352,0
spsa,standard,17,36.0,-33.95670970281067,-33.95670970281067,0
spsa,standard,18,38.0,-34.168084821452354,-34.168084821452354,0
spsa,standard,19,40.0,-34.97288140559991,-34.97288140559991,0
spsa,standard,20,42.0,-33.828537521440424,-33.828537521440424,0
spsa,standard,21,44.0,-33.83602607261287,-33.83602607261287,0
spsa,standard,22,46.0,-34.056319900255914,-34.056319900255914,0
spsa,standard,23,48.0,-34.22569782119926,-34.22569782119926,0
spsa,standard,24,50.0,-34.25044386876198,-34.25044386876198,0
spsa,standard,25,52.0,-34.28041155864018,-34.28041155864018,0
spsa,standard,26,54.0,-32.9401159222801,-32.9401159222801,0
spsa,standard,27,56.0,-34.34532455917235,-34.34532455917235,0
spsa,standard,28,58.0,-34.23952242812995,-34.23952242812995,0
spsa,standard,29,60.0,-34.884292063684235,-34.884292063684235,0
spsa,standard,30,62.0,-34.27381589407743,-34.27381589407743,0
spsa,standard,31,64.0,-34.270326548159915,-34.270326548159915,0
spsa,standard,32,66.0,-34.59291390120816,-34.59291390120816,0
spsa,standard,33,68.0,-34.33613843266503,-34.33613843266503,0
spsa,standard,34,70.0,-35.93270599762778,-35.93270599762778,0
spsa,standard,35,72.0,-35.77820590075309,-35.77820590075309,0
spsa,standard,36,74.0,-34.548872201353504,-34.548872201353504,0
spsa,standard,37,76.0,-34.61003421381438,-34.61003421381438,0
spsa,standard,38,78.0,-36.10164340764529,-36.10164340764529,0
spsa,standard,39,80.0,-35.127234120595986,-35.127234120595986,0
spsa,standard,40,82.0,-33.14657984537766,-33.14657984537766,0
spsa,standard,41,84.0,-33.196902823207765,-33.196902823207765,0
spsa,standard,42,86.0,-33.24798247553333,-33.24798247553333,0
spsa,standard,43,88.0,-34.09174381877024,-34.09174381877024,0
spsa,standard,44,90.0,-34.02858688299992,-34.02858688299992,0
spsa,standard,45,92.0,-34.45618614984358,-34.45618614984358,0
spsa,standard,46,94.0,-34.46826285707225,-34.46826285707225,0
spsa,standard,47,96.0,-34.652227226873265,-34.652227226873265,0
spsa,standard,48,98.0,-35.053641042713714,-35.053641042713714,0
spsa,standard,49,100.0,-34.8813294919655,-34.8813294919655,0
spsa,standard,50,102.0,-34.60235869100232,-34.60235869100232,0
spsa,standard,51,104.0,-34.671305422587565,-34.671305422587565,0
spsa,standard,52,106.0,-34.691478584257595,-34.691478584257595,0
spsa,standard,53,108.0,-34.674432621229414,-34.674432621229414,0
spsa,standard,54,110.0,-34.527378475887716,-34.527378475887716,0
spsa,standard,55,112.0,-34.55009186821726,-34.55009186821726,0
spsa,standard,56,114.0,-34.61909158235509,-34.61909158235509,0
spsa,standard,57,116.0,-34.68781907240669,-34.68781907240669,0
spsa,standard,58,118.0,-35.66924896430341,-35.66924896430341,0
spsa,standard,59,120.0,-34.325400892715784,-34.325400892715784,0
spsa,standard,60,122.0,-34.76207978508374,-34.76207978508374,0
spsa,standard,61,124.0,-34.4392435669165,-34.4392435669165,0
spsa,standard,62,126.0,-34.44108519571391,-34.44108519571391,0
spsa,standard,63,128.0,-34.50219249005643,-34.50219249005643,0
spsa,standard,64,130.0,-34.56746160283855,-34.56746160283855,0
spsa,standard,65,132.0,-34.59337816668434,-34.59337816668434,0
spsa,standard,66,134.0,-34.56450664854427,-34.56450664854427,0
spsa,standard,67,136.0,-34.58599369662451,-34.58599369662451,0
spsa,standard,68,138.0,-34.67653209817234,-34.67653209817234,0
spsa,standard,69,140.0,-33.030849677893414,-33.030849677893414,0
spsa,standard,70,142.0,-33.14845157862132,-33.14845157862132,0
spsa,standard,71,144.0,-33.63047731873353,-33.63047731873353,0
spsa,standard,72,146.0,-33.579201122752316,-33.579201122752316,0
spsa,standard,73,148.0,-33.983102730107454,-33.983102730107454,0
spsa,standard,74,150.0,-34.18244855503233,-34.18244855503233,0
spsa,standard,75,152.0,-34.34848453444597,-34.34848453444597,0
spsa,standard,76,154.0,-35.064159783774684,-35.064159783774684,0
spsa,standard,77,156.0,-35.0959127617396,-35.0959127617396,0
spsa,standard,78,158.0,-35.09275133671565,-35.09275133671565,0
spsa,standard,79,160.0,-35.17763853135813,-35.17763853135813,0
spsa,standard,80,162.0,-33.39951297946341,-33.39951297946341,0
spsa,standard,81,164.0,-33.473101081743835,-33.473101081743835,0
spsa,standard,82,166.0,-34.219403551310975,-34.219403551310975,0
spsa,standard,83,168.0,-34.738960008723076,-34.738960008723076,0
spsa,standard,84,170.0,-35.836462714489144,-35.836462714489144,0
spsa,standard,85,172.0,-35.730542047148326,-35.730542047148326,0
spsa,standard,86,174.0,-35.641154601808196,-35.641154601808196,0
spsa,standard,87,176.0,-35.58440375335343,-35.58440375335343,0
spsa,standard,88,178.0,-35.61495654464717,-35.61495654464717,0
spsa,standard,89,180.0,-35.97868274767433,-35.97868274767433,0
spsa,standard,90,182.0,-35.97554596049115,-35.97554596049115,0
spsa,standard,91,184.0,-36.07254586706851,-36.07254586706851,0
spsa,standard,92,186.0,-36.00268324445223,-36.00268324445223,0
spsa,standard,93,188.0,-35.75235803433108,-35.75235803433108,0
spsa,standard,94,190.0,-35.98768436902934,-35.98768436902934,0
spsa,standard,95,192.0,-35.93250936831724,-35.93250936831724,0
spsa,standard,96,194.0,-34.49199419428341,-34.49199419428341,0
spsa,standard,97,196.0,-34.49175666939337,-34.49175666939337,0
spsa,standard,98,198.0,-34.52684744044947,-34.52684744044947,0
spsa,standard,99,200.0,-34.954344960865214,-34.954344960865214,0
spsa,standard,100,202.0,-35.290884586647465,-35.290884586647465,0
spsa,standard,101,204.0,-35.273340160362196,-35.273340160362196,0
spsa,standard,102,206.0,-34.31109732896924,-34.31109732896924,0
spsa,standard,103,208.0,-34.30718298860361,-34.30718298860361,0
spsa,standard,104,210.0,-34.36124236090441,-34.36124236090441,0
spsa,standard,105,212.0,-34.47908343210413,-34.47908343210413,0
spsa,standard,106,214.0,-34.46064458710737,-34.46064458710737,0
spsa,standard,107,216.0,-34.71237644001342,-34.71237644001342,0
spsa,standard,108,218.0,-34.77242657297979,-34.77242657297979,0
spsa,standard,109,220.0,-35.123826167798,-35.123826167798,0
spsa,standard,110,222.0,-35.23609568258203,-35.23609568258203,0
spsa,standard,111,224.0,-35.219682306815706,-35.219682306815706,0
spsa,standard,112,226.0,-34.61992212793855,-34.61992212793855,0
spsa,standard,113,228.0,-35.666460292876174,-35.666460292876174,0
spsa,standard,114,230.0,-37.638564486497856,-37.638564486497856,0
spsa,standard,115,232.0,-36.139427543429676,-36.139427543429676,0
spsa,standard,116,234.0,-36.507154533610034,-36.507154533610034,0
spsa,standard,117,236.0,-36.429745537090085,-36.429745537090085,0
spsa,standard,118,238.0,-33.254217212040096,-33.254217212040096,0
spsa,standard,119,240.0,-33.4432962844721,-33.4432962844721,0
spsa,standard,120,242.0,-33.5124121232608,-33.5124121232608,0
spsa,standard,121,244.0,-33.54097080323696,-33.54097080323696,0
spsa,standard,122,246.0,-33.88504642496313,-33.88504642496313,0
spsa,standard,123,248.0,-34.08967604364234,-34.08967604364234,0
spsa,standard,124,250.0,-34.315452818557205,-34.315452818557205,0
spsa,standard,125,252.0,-34.37244857314684,-34.37244857314684,0
spsa,standard,126,254.0,-34.47415704474359,-34.47415704474359,0
spsa,standard,127,256.0,-34.4710880963614,-34.4710880963614,0
spsa,standard,128,258.0,-34.52300380938145,-34.52300380938145,0
spsa,standard,129,260.0,-34.72201861766412,-34.72201861766412,0
spsa,standard,130,262.0,-34.76674382392319,-34.76674382392319,0
spsa,standard,131,264.0,-34.82895674957544,-34.82895674957544,0
spsa,standard,132,266.0,-34.801636039644166,-34.801636039644166,0
spsa,standard,133,268.0,-34.84955007595196,-34.84955007595196,0
spsa,standard,134,270.0,-35.054227270328504,-35.054227270328504,0
spsa,standard,135,272.0,-35.02937464419658,-35.02937464419658,0
spsa,standard,136,274.0,-35.10256307021871,-35.10256307021871,0
spsa,standard,137,276.0,-35.101724056331506,-35.101724056331506,0
spsa,standard,138,278.0,-35.138159635779445,-35.138159635779445,0
spsa,standard,139,280.0,-35.161070451299565,-35.161070451299565,0
spsa,standard,140,282.0,-35.40166293174211,-35.40166293174211,0
spsa,standard,141,284.0,-35.338828606642835,-35.338828606642835,0
spsa,standard,142,286.0,-35.32504264986193,-35.32504264986193,0
spsa,standard,143,288.0,-35.344283342539995,-35.344283342539995,0
spsa,standard,144,290.0,-35.35432147566533,-35.35432147566533,0
spsa,standard,145,292.0,-35.380571462959736,-35.380571462959736,0
spsa,standard,146,294.0,-35.50314855369976,-35.50314855369976,0
spsa,standard,147,296.0,-35.44102114003826,-35.44102114003826,0
spsa,standard,148,298.0,-32.7926875652796,-32.7926875652796,0
spsa,standard,149,300.0,-34.270985081956184,-34.270985081956184,0
spsa,standard,150,302.0,-34.623659057851924,-34.623659057851924,0
spsa,standard,151,304.0,-34.687731586833806,-34.687731586833806,0
spsa,standard,152,306.0,-34.956738213142145,-34.956738213142145,0
spsa,standard,153,308.0,-34.97333952978891,-34.97333952978891,0
spsa,standard,154,310.0,-35.056994087679634,-35.056994087679634,0
spsa,standard,155,312.0,-35.206760770724216,-35.206760770724216,0
spsa,standard,156,314.0,-35.289095793139765,-35.289095793139765,0
spsa,standard,157,316.0,-35.255269001470865,-35.255269001470865,0
spsa,standard,158,318.0,-35.3163015881246,-35.3163015881246,0
spsa,standard,159,320.0,-36.175860916545325,-36.175860916545325,0
spsa,standard,160,322.0,-36.30127918373599,-36.30127918373599,0
spsa,standard,161,324.0,-36.33815091241814,-36.33815091241814,0
spsa,standard,162,326.0,-36.326979203695544,-36.326979203695544,0
spsa,standard,163,328.0,-36.29070788597632,-36.29070788597632,0
spsa,standard,164,330.0,-36.269790693829734,-36.269790693829734,0
spsa,standard,165,332.0,-36.31428945159232,-36.31428945159232,0
spsa,standard,166,334.0,-36.22297228546509,-36.22297228546509,0
spsa,standard,167,336.0,-35.72467783909035,-35.72467783909035,0
spsa,standard,168,338.0,-35.47861300858983,-35.47861300858983,0
spsa,standard,169,340.0,-35.59182321870529,-35.59182321870529,0
spsa,standard,170,342.0,-35.61492503527576,-35.61492503527576,0
spsa,standard,171,344.0,-35.882264935338554,-35.882264935338554,0
spsa,standard,172,346.0,-35.76997466449242,-35.76997466449242,0
spsa,standard,173,348.0,-36.082861382639734,-36.082861382639734,0
spsa,standard,174,350.0,-36.4127250144611,-36.4127250144611,0
spsa,standard,175,352.0,-35.762750054342774,-35.762750054342774,0
spsa,standard,176,354.0,-35.69792894935124,-35.69792894935124,0
spsa,standard,177,356.0,-35.64411276652307,-35.64411276652307,0
spsa,standard,178,358.0,-35.60253238238019,-35.60253238238019,0
spsa,standard,179,360.0,-35.66486166847087,-35.66486166847087,0
spsa,standard,180,362.0,-36.3498722868086,-36.3498722868086,0
spsa,standard,181,364.0,-36.36070756848616,-36.36070756848616,0
spsa,standard,182,366.0,-35.46116538918224,-35.46116538918224,0
spsa,standard,183,368.0,-35.52800406870894,-35.52800406870894,0
spsa,standard,184,370.0,-35.88862120830825,-35.88862120830825,0
spsa,standard,185,372.0,-35.991435906358575,-35.991435906358575,0
spsa,standard,186,374.0,-35.79086488309331,-35.79086488309331,0
spsa,standard,187,376.0,-36.0604912083557,-36.0604912083557,0
spsa,standard,188,378.0,-36.08814098778176,-36.08814098778176,0
spsa,standard,189,380.0,-36.0785057814543,-36.0785057814543,0
spsa,standard,190,382.0,-36.12976725865758,-36.12976725865758,0
spsa,standard,191,384.0,-36.22984217442534,-36.22984217442534,0
spsa,standard,192,386.0,-36.23007461550524,-36.23007461550524,0
spsa,standard,193,388.0,-36.24327149422467,-36.24327149422467,0
spsa,standard,194,390.0,-36.16891662496904,-36.16891662496904,0
spsa,standard,195,392.0,-36.82336434145839,-36.82336434145839,0
spsa,standard,196,394.0,-36.315075671545756,-36.315075671545756,0
spsa,standard,197,396.0,-36.139161238977636,-36.139161238977636,0
spsa,standard,198,398.0,-36.39501967332363,-36.39501967332363,0
spsa,standard,199,400.0,-36.54475798202901,-36.54475798202901,0
spsa,standard,200,402.0,-36.787767949363634,-36.787767949363634,0
spsa,standard,201,404.0,-36.99270452557161,-36.99270452557161,0
spsa,standard,202,406.0,-38.31097207785422,-38.31097207785422,0
spsa,standard,203,408.0,-37.055229673049084,-37.055229673049084,0
spsa,standard,204,410.0,-36.96644293280238,-36.96644293280238,0
spsa,standard,205,412.0,-36.989923370816655,-36.989923370816655,0
spsa,standard,206,414.0,-35.986531530089366,-35.986531530089366,0
spsa,standard,207,416.0,-36.70296660914684,-36.70296660914684,0
spsa,standard,208,418.0,-36.73415931835093,-36.73415931835093,0
spsa,standard,209,420.0,-36.60460751263573,-36.60460751263573,0
spsa,standard,210,422.0,-36.980526476256074,-36.980526476256074,0
spsa,standard,211,424.0,-36.888796279386895,-36.888796279386895,0
spsa,standard,212,426.0,-36.14806630200536,-36.14806630200536,0
spsa,standard,213,428.0,-36.1902503927606,-36.1902503927606,0
spsa,standard,214,430.0,-36.09872040863685,-36.09872040863685,0
spsa,standard,215,432.0,-35.42343324271073,-35.42343324271073,0
spsa,standard,216,434.0,-35.54897615733775,-35.54897615733775,0
spsa,standard,217,436.0,-35.70948346280234,-35.70948346280234,0
spsa,standard,218,438.0,-35.712624083164094,-35.712624083164094,0
spsa,standard,219,440.0,-35.717814257443514,-35.717814257443514,0
spsa,standard,220,442.0,-35.727446356992345,-35.727446356992345,0
spsa,standard,221,444.0,-35.84484591696713,-35.84484591696713,0
spsa,standard,222,446.0,-35.9095922821026,-35.9095922821026,0
spsa,standard,223,448.0,-36.41893146140061,-36.41893146140061,0
spsa,standard,224,450.0,-36.443704944148124,-36.443704944148124,0
spsa,standard,225,452.0,-36.49995922567261,-36.49995922567261,0
spsa,standard,226,454.0,-36.55849730942677,-36.55849730942677,0
spsa,standard,227,456.0,-36.59501783598465,-36.59501783598465,0
spsa,standard,228,458.0,-36.59170319117433,-36.59170319117433,0
spsa,standard,229,460.0,-36.31803707415523,-36.31803707415523,0
spsa,standard,230,462.0,-36.306089430762626,-36.306089430762626,0
spsa,standard,231,464.0,-36.19957738479289,-36.19957738479289,0
spsa,standard,232,466.0,-36.20170694746322,-36.20170694746322,0
spsa,standard,233,468.0,-36.23397501101545,-36.23397501101545,0
spsa,standard,234,470.0,-36.32692762780278,-36.32692762780278,0
spsa,standard,235,472.0,-36.48820749180001,-36.48820749180001,0
spsa,standard,236,474.0,-36.46575986258346,-36.46575986258346,0
spsa,standard,237,476.0,-35.90984907208818,-35.90984907208818,0
spsa,standard,238,478.0,-35.98452791608382,-35.98452791608382,0
spsa,standard,239,480.0,-36.49479743057336,-36.49479743057336,0
spsa,standard,240,482.0,-37.966369922608365,-37.966369922608365,0
spsa,standard,241,484.0,-37.27606456776199,-37.27606456776199,0
spsa,standard,242,486.0,-37.34455306121076,-37.34455306121076,0
spsa,standard,243,488.0,-35.94032469319387,-35.94032469319387,0
spsa,standard,244,490.0,-35.979737076853155,-35.979737076853155,0
spsa,standard,245,492.0,-36.53695611567503,-36.53695611567503,0
spsa,standard,246,494.0,-36.59560276015765,-36.59560276015765,0
spsa,standard,247,496.0,-36.67147658424163,-36.67147658424163,0
spsa,standard,248,498.0,-36.75536214345827,-36.75536214345827,0
spsa,standard,249,500.0,-36.70992197371079,-36.70992197371079,0
spsa,standard,250,502.0,-36.6476320479322,-36.6476320479322,0
spsa,standard,251,504.0,-36.156702533280246,-36.156702533280246,0
spsa,standard,252,506.0,-36.697916370082325,-36.697916370082325,0
spsa,standard,253,508.0,-37.05107965121267,-37.05107965121267,0
spsa,standard,254,510.0,-37.39913199711734,-37.39913199711734,0
spsa,standard,255,512.0,-37.869522301899394,-37.869522301899394,0
spsa,standard,256,514.0,-37.605082993569255,-37.605082993569255,0
spsa,standard,257,516.0,-36.383229749985915,-36.383229749985915,0
spsa,standard,258,518.0,-36.44142354659067,-36.44142354659067,0
spsa,standard,259,520.0,-37.450830988810075,-37.450830988810075,0
spsa,standard,260,522.0,-37.47414131223135,-37.47414131223135,0
spsa,standard,261,524.0,-36.885423010929784,-36.885423010929784,0
spsa,standard,262,526.0,-36.87230543739615,-36.87230543739615,0
spsa,standard,263,528.0,-36.33639220415856,-36.33639220415856,0
spsa,standard,264,530.0,-36.33869345125405,-36.33869345125405,0
spsa,standard,265,532.0,-36.316736995403154,-36.316736995403154,0
spsa,standard,266,534.0,-36.35385209354807,-36.35385209354807,0
spsa,standard,267,536.0,-36.43840260079773,-36.43840260079773,0
spsa,standard,268,538.0,-36.4170738106986,-36.4170738106986,0
spsa,standard,269,540.0,-36.40486767955046,-36.40486767955046,0
spsa,standard,270,542.0,-36.39052721112529,-36.39052721112529,0
spsa,standard,271,544.0,-36.34338483920651,-36.34338483920651,0
spsa,standard,272,546.0,-36.83905039419857,-36.83905039419857,0
spsa,standard,273,548.0,-36.85232908870143,-36.85232908870143,0
spsa,standard,274,550.0,-37.13939761649364,-37.13939761649364,0
spsa,standard,275,552.0,-37.20061348247036,-37.20061348247036,0
spsa,standard,276,554.0,-37.55562789198726,-37.55562789198726,0
spsa,standard,277,556.0,-37.48338911712108,-37.48338911712108,0
spsa,standard,278,558.0,-36.74858065583364,-36.74858065583364,0
spsa,standard,279,560.0,-36.76958402682722,-36.76958402682722,0
spsa,standard,280,562.0,-32.93810156854802,-32.93810156854802,0
spsa,standard,281,564.0,-34.02566222110845,-34.02566222110845,0
spsa,standard,282,566.0,-34.033464946606415,-34.033464946606415,0
spsa,standard,283,568.0,-34.31973358600044,-34.31973358600044,0
spsa,standard,284,570.0,-34.36899779461086,-34.36899779461086,0
spsa,standard,285,572.0,-35.05844370397176,-35.05844370397176,0
spsa,standard,286,574.0,-35.09781041081435,-35.09781041081435,0
spsa,standard,287,576.0,-35.13356664597279,-35.13356664597279,0
spsa,standard,288,578.0,-36.05198134781667,-36.05198134781667,0
spsa,standard,289,580.0,-36.198376908551154,-36.198376908551154,0
spsa,standard,290,582.0,-36.14167776715517,-36.14167776715517,0
spsa,standard,291,584.0,-36.15864825494084,-36.15864825494084,0
spsa,standard,292,586.0,-36.19526060536517,-36.19526060536517,0
spsa,standard,293,588.0,-36.3355927685182,-36.3355927685182,0
spsa,standard,294,590.0,-36.50638562699668,-36.50638562699668,0
spsa,standard,295,592.0,-36.50896206964873,-36.50896206964873,0
spsa,standard,296,594.0,-36.48406633824487,-36.48406633824487,0
spsa,standard,297,596.0,-36.604124622715105,-36.604124622715105,0
spsa,standard,298,598.0,-37.24415069089632,-37.24415069089632,0
spsa,standard,299,600.0,-37.26131884158516,-37.26131884158516,0
spsa,standard,300,602.0,-37.31129259285722,-37.31129259285722,0
spsa,standard,301,604.0,-37.49356261708943,-37.49356261708943,0
spsa,standard,302,606.0,-37.54830313725897,-37.54830313725897,0
spsa,standard,303,608.0,-37.612860541287176,-37.612860541287176,0
spsa,standard,304,610.0,-37.65130809485356,-37.65130809485356,0
spsa,standard,305,612.0,-37.66422863312532,-37.66422863312532,0
spsa,standard,306,614.0,-37.67910414739748,-37.67910414739748,0
spsa,standard,307,616.0,-37.71237777385113,-37.71237777385113,0
spsa,standard,308,618.0,-37.655156527405154,-37.655156527405154,0
spsa,standard,309,620.0,-37.46087206113528,-37.46087206113528,0
spsa,standard,310,622.0,-37.607772366069206,-37.607772366069206,0
spsa,standard,311,624.0,-37.63935911332493,-37.63935911332493,0
spsa,standard,312,626.0,-37.66216638911574,-37.66216638911574,0
spsa,standard,313,628.0,-37.75671702286684,-37.75671702286684,0
spsa,standard,314,630.0,-37.91988199018344,-37.91988199018344,0
spsa,standard,315,632.0,-37.93654164502958,-37.93654164502958,0
spsa,standard,316,634.0,-36.65810463283701,-36.65810463283701,0
spsa,standard,317,636.0,-36.6934280609097,-36.6934280609097,0
spsa,standard,318,638.0,-37.30198906986583,-37.30198906986583,0
spsa,standard,319,640.0,-37.31618034363595,-37.31618034363595,0
spsa,standard,320,642.0,-37.24182670832448,-37.24182670832448,0
spsa,standard,321,644.0,-37.22567857615942,-37.22567857615942,0
spsa,standard,322,646.0,-37.23425891601971,-37.23425891601971,0
spsa,standard,323,648.0,-36.338091427367885,-36.338091427367885,0
spsa,standard,324,650.0,-36.0395016412492,-36.0395016412492,0
spsa,standard,325,652.0,-36.12771420881786,-36.12771420881786,0
spsa,standard,326,654.0,-36.2458921608124,-36.2458921608124,0
spsa,standard,327,656.0,-36.780223681406994,-36.780223681406994,0
spsa,standard,328,658.0,-36.82427398447497,-36.82427398447497,0
spsa,standard,329,660.0,-38.286824691030034,-38.286824691030034,0
spsa,standard,330,662.0,-38.25956004559373,-38.25956004559373,0
spsa,standard,331,664.0,-38.24967778118197,-38.24967778118197,0
spsa,standard,332,666.0,-38.20878488446395,-38.20878488446395,0
spsa,standard,333,668.0,-38.237125639302135,-38.237125639302135,0
spsa,standard,334,670.0,-38.41698509978628,-38.41698509978628,0
spsa,standard,335,672.0,-39.112577380816774,-39.112577380816774,0
spsa,standard,336,674.0,-39.060449346062576,-39.060449346062576,0
spsa,standard,337,676.0,-38.908589472616676,-38.908589472616676,0
spsa,standard,338,678.0,-39.17080049628149,-39.17080049628149,0
spsa,standard,339,680.0,-39.165227742417244,-39.165227742417244,0
spsa,standard,340,682.0,-39.01735822038368,-39.01735822038368,0
spsa,standard,341,684.0,-39.08097497559822,-39.08097497559822,0
spsa,standard,342,686.0,-39.0981163601704,-39.0981163601704,0
spsa,standard,343,688.0,-39.15024848473422,-39.15024848473422,0
spsa,standard,344,690.0,-39.21229958220109,-39.21229958220109,0
spsa,standard,345,692.0,-39.26171045194902,-39.26171045194902,0
spsa,standard,346,694.0,-38.538577357001564,-38.538577357001564,0
spsa,standard,347,696.0,-38.668143495486746,-38.668143495486746,0
spsa,standard,348,698.0,-38.558596428370464,-38.558596428370464,0
spsa,standard,349,700.0,-38.26358244650875,-38.26358244650875,0
spsa,standard,350,702.0,-39.060542643004766,-39.060542643004766,0
spsa,standard,351,704.0,-36.99925546739313,-36.99925546739313,0
spsa,standard,352,706.0,-37.18757545259075,-37.18757545259075,0
spsa,standard,353,708.0,-38.153079275990365,-38.153079275990365,0
spsa,standard,354,710.0,-38.26410531171241,-38.26410531171241,0
spsa,standard,355,712.0,-37.32748966921483,-37.32748966921483,0
spsa,standard,356,714.0,-37.172627249840424,-37.172627249840424,0
spsa,standard,357,716.0,-37.18250790232415,-37.18250790232415,0
spsa,standard,358,718.0,-38.06836262773637,-38.06836262773637,0
spsa,standard,359,720.0,-37.409346853349064,-37.409346853349064,0
spsa,standard,360,722.0,-35.872777605484416,-35.872777605484416,0
spsa,standard,361,724.0,-35.87302088206408,-35.87302088206408,0
spsa,standard,362,726.0,-35.86638978515177,-35.86638978515177,0
spsa,standard,363,728.0,-38.233403035260125,-38.233403035260125,0
spsa,standard,364,730.0,-38.25140666974592,-38.25140666974592,0
spsa,standard,365,732.0,-38.502310668570004,-38.502310668570004,0
spsa,standard,366,734.0,-38.66836127793145,-38.66836127793145,0
spsa,standard,367,736.0,-39.676636036342515,-39.676636036342515,0
spsa,standard,368,738.0,-39.68655518470359,-39.68655518470359,0
spsa,standard,369,740.0,-37.52254016242297,-37.52254016242297,0
spsa,standard,370,742.0,-37.55810610474505,-37.55810610474505,0
spsa,standard,371,744.0,-37.604162257576206,-37.604162257576206,0
spsa,standard,372,746.0,-37.55778057414592,-37.55778057414592,0
spsa,standard,373,748.0,-37.538150285200715,-37.538150285200715,0
spsa,standard,374,750.0,-37.63744339814794,-37.63744339814794,0
spsa,standard,375,752.0,-38.19346460510029,-38.19346460510029,0
spsa,standard,376,754.0,-37.247351775731914,-37.247351775731914,0
spsa,standard,377,756.0,-37.10041668852921,-37.10041668852921,0
spsa,standard,378,758.0,-37.11887613644194,-37.11887613644194,0
spsa,standard,379,760.0,-37.208550624153055,-37.208550624153055,0
spsa,standard,380,762.0,-37.89023608838728,-37.89023608838728,0
spsa,standard,381,764.0,-37.86698069280973,-37.86698069280973,0
spsa,standard,382,766.0,-37.72795173823738,-37.72795173823738,0
spsa,standard,383,768.0,-37.62246912587131,-37.62246912587131,0
spsa,standard,384,770.0,-35.05501107327572,-35.05501107327572,0
spsa,standard,385,772.0,-35.45313601482388,-35.45313601482388,0
spsa,standard,386,774.0,-35.83522478364031,-35.83522478364031,0
spsa,standard,387,776.0,-35.89209496262447,-35.89209496262447,0
spsa,standard,388,778.0,-36.47822112847453,-36.47822112847453,0
spsa,standard,389,780.0,-36.61907738439952,-36.61907738439952,0
spsa,standard,390,782.0,-36.745643094636605,-36.745643094636605,0
spsa,standard,391,784.0,-37.30132521004185,-37.30132521004185,0
spsa,standard,392,786.0,-37.47154448534697,-37.47154448534697,0
spsa,standard,393,788.0,-39.594538838900284,-39.594538838900284,0
spsa,standard,394,790.0,-39.35145479933832,-39.35145479933832,0
spsa,standard,395,792.0,-39.45691783190435,-39.45691783190435,0
spsa,standard,396,794.0,-39.68017976774166,-39.68017976774166,0
spsa,standard,397,796.0,-40.813477912575806,-40.813477912575806,0
spsa,standard,398,798.0,-40.8381616141935,-40.8381616141935,0
spsa,standard,399,800.0,-40.89047869648637,-40.89047869648637,0
spsa,standard,400,802.0,-39.95540961715736,-39.95540961715736,0
spsa,standard,401,804.0,-39.93852499025028,-39.93852499025028,0
spsa,standard,402,806.0,-39.68557560122712,-39.68557560122712,0
spsa,standard,403,808.0,-39.70860395397982,-39.70860395397982,0
spsa,standard,404,810.0,-39.643588992440066,-39.643588992440066,0
spsa,standard,405,812.0,-39.56381432482242,-39.56381432482242,0
spsa,standard,406,814.0,-39.46830025778357,-39.46830025778357,0
spsa,standard,407,816.0,-39.587673991965076,-39.587673991965076,0
spsa,standard,408,818.0,-39.484539674698084,-39.484539674698084,0
spsa,standard,409,820.0,-38.01467118495171,-38.01467118495171,0
spsa,standard,410,822.0,-38.0875379690962,-38.0875379690962,0
spsa,standard,411,824.0,-38.11152072500772,-38.11152072500772,0
spsa,standard,412,826.0,-38.234160726251176,-38.234160726251176,0
spsa,standard,413,828.0,-37.90277514280805,-37.90277514280805,0
spsa,standard,414,830.0,-37.898661301161866,-37.898661301161866,0
spsa,standard,415,832.0,-37.956672315376274,-37.956672315376274,0
spsa,standard,416,834.0,-38.09462267096614,-38.09462267096614,0
spsa,standard,417,836.0,-38.110221833267275,-38.110221833267275,0
spsa,standard,418,838.0,-37.94456832631339,-37.94456832631339,0
spsa,standard,419,840.0,-37.961054978476426,-37.961054978476426,0
spsa,standard,420,842.0,-38.0272796934878,-38.0272796934878,0
spsa,standard,421,844.0,-37.98757984254684,-37.98757984254684,0
spsa,standard,422,846.0,-38.0477878713496,-38.0477878713496,0
spsa,standard,423,848.0,-39.03890281089353,-39.03890281089353,0
spsa,standard,424,850.0,-39.51948031828836,-39.51948031828836,0
spsa,standard,425,852.0,-39.513629284375824,-39.513629284375824,0
spsa,standard,426,854.0,-39.63296284418401,-39.63296284418401,0
spsa,standard,427,856.0,-39.755811083895395,-39.755811083895395,0
spsa,standard,428,858.0,-39.770355306437736,-39.770355306437736,0
spsa,standard,429,860.0,-39.74743484422565,-39.74743484422565,0
spsa,standard,430,862.0,-39.68139310254678,-39.68139310254678,0
spsa,standard,431,864.0,-39.74976349270024,-39.74976349270024,0
spsa,standard,432,866.0,-39.72699445859824,-39.72699445859824,0
spsa,standard,433,868.0,-39.37507675670327,-39.37507675670327,0
spsa,standard,434,870.0,-39.637461238610015,-39.637461238610015,0
spsa,standard,435,872.0,-39.5866596477695,-39.5866596477695,0
spsa,standard,436,874.0,-36.13167004971322,-36.13167004971322,0
spsa,standard,437,876.0,-36.69727562709892,-36.69727562709892,0
spsa,standard,438,878.0,-36.75186989058564,-36.75186989058564,0
spsa,standard,439,880.0,-37.02237361401612,-37.02237361401612,0
spsa,standard,440,882.0,-37.100851675300035,-37.100851675300035,0
spsa,standard,441,884.0,-37.12243994301728,-37.12243994301728,0
spsa,standard,442,886.0,-37.89312754037823,-37.89312754037823,0
spsa,standard,443,888.0,-38.36176635614814,-38.36176635614814,0
spsa,standard,444,890.0,-38.4742690948827,-38.4742690948827,0
spsa,standard,445,892.0,-38.459096349621504,-38.459096349621504,0
spsa,standard,446,894.0,-38.48689917282575,-38.48689917282575,0
spsa,standard,447,896.0,-38.53713103602044,-38.53713103602044,0
spsa,standard,448,898.0,-38.54249589870631,-38.54249589870631,0
spsa,standard,449,900.0,-38.49245501696675,-38.49245501696675,0
spsa,standard,450,902.0,-38.537772385764235,-38.537772385764235,0
spsa,standard,451,904.0,-38.64421911838883,-38.64421911838883,0
spsa,standard,452,906.0,-38.73179584819613,-38.73179584819613,0
spsa,standard,453,908.0,-38.87982691374766,-38.87982691374766,0
spsa,standard,454,910.0,-38.91951554006553,-38.91951554006553,0
spsa,standard,455,912.0,-38.9717662433652,-38.9717662433652,0
spsa,standard,456,914.0,-39.239691113816846,-39.239691113816846,0
spsa,standard,457,916.0,-39.317372405269325,-39.317372405269325,0
spsa,standard,458,918.0,-39.15989940965818,-39.15989940965818,0
spsa,standard,459,920.0,-39.20346400471363,-39.20346400471363,0
spsa,standard,460,922.0,-39.22527065691482,-39.22527065691482,0
spsa,standard,461,924.0,-39.26586671585242,-39.26586671585242,0
spsa,standard,462,926.0,-39.317233084621094,-39.317233084621094,0
spsa,standard,463,928.0,-39.094892036147115,-39.094892036147115,0
spsa,standard,464,930.0,-38.242585244016524,-38.242585244016524,0
spsa,standard,465,932.0,-38.225338155394766,-38.225338155394766,0
spsa,standard,466,934.0,-38.13440163248132,-38.13440163248132,0
spsa,standard,467,936.0,-38.08596278469123,-38.08596278469123,0
spsa,standard,468,938.0,-39.32086775381727,-39.32086775381727,0
spsa,standard,469,940.0,-39.15081337957309,-39.15081337957309,0
spsa,standard,470,942.0,-39.10517023420722,-39.10517023420722,0
spsa,standard,471,944.0,-39.0386347175223,-39.0386347175223,0
spsa,standard,472,946.0,-39.066997598921894,-39.066997598921894,0
spsa,standard,473,948.0,-39.14980820836956,-39.14980820836956,0
spsa,standard,474,950.0,-39.88422952796314,-39.88422952796314,0
spsa,standard,475,952.0,-39.93520843188272,-39.93520843188272,0
spsa,standard,476,954.0,-40.18678920146533,-40.18678920146533,0
spsa,standard,477,956.0,-40.31029359170343,-40.31029359170343,0
spsa,standard,478,958.0,-40.06307129851295,-40.06307129851295,0
spsa,standard,479,960.0,-39.430035756868136,-39.430035756868136,0
spsa,standard,480,962.0,-39.50157366738277,-39.50157366738277,0
spsa,standard,481,964.0,-39.568845772262,-39.568845772262,0
spsa,standard,482,966.0,-40.113690879811315,-40.113690879811315,0
spsa,standard,483,968.0,-40.14492844421678,-40.14492844421678,0
spsa,standard,484,970.0,-40.095027882606374,-40.095027882606374,0
spsa,standard,485,972.0,-39.71409010128082,-39.71409010128082,0
spsa,standard,486,974.0,-39.74147489012029,-39.74147489012029,0
spsa,standard,487,976.0,-39.5965166872662,-39.5965166872662,0
spsa,standard,488,978.0,-39.54319742470412,-39.54319742470412,0
spsa,standard,489,980.0,-39.501283179473134,-39.501283179473134,0
spsa,standard,490,982.0,-39.53259867439294,-39.53259867439294,0
spsa,standard,491,984.0,-39.597905815333505,-39.597905815333505,0
spsa,standard,492,986.0,-39.60519309855355,-39.60519309855355,0
spsa,standard,493,988.0,-39.74305890328807,-39.74305890328807,0
spsa,standard,494,990.0,-39.74345446353772,-39.74345446353772,0
spsa,standard,495,992.0,-39.34174043010074,-39.34174043010074,0
spsa,standard,496,994.0,-39.58038146476941,-39.58038146476941,0
spsa,standard,497,996.0,-40.731003888493326,-40.731003888493326,0
spsa,standard,498,998.0,-40.62439320397417,-40.62439320397417,0
spsa,standard,499,1000.0,-40.43443136034138,-40.43443136034138,0
spsa,local_global,0,2.0,0.4958865471384666,-35.59990082612667,0
spsa,local_global,1,4.0,0.4954442524835181,-35.61149555526631,0
spsa,local_global,2,6.0,0.4946638011713018,-35.65159994244981,0
spsa,local_global,3,8.0,0.49292017095163154,-35.64381088182939,0
spsa,local_global,4,10.0,0.49354308883090525,-35.63835928305843,0
spsa,local_global,5,12.0,0.4935154955303057,-35.64584107219745,0
spsa,local_global,6,14.0,0.49209993453916845,-35.707329479616355,0
spsa,local_global,7,16.0,0.49315934702338354,-35.70548923012754,0
spsa,local_global,8,18.0,0.4921785245758664,-35.72588415136344,0
spsa,local_global,9,20.0,0.4921245511881369,-35.72548139395287,0
spsa,local_global,10,22.0,0.49263798279795673,-35.74953045060923,0
spsa,local_global,11,24.0,0.4920043293080877,-35.75662469484276,0
spsa,local_global,12,26.0,0.4916226654396003,-35.765632771350674,0
spsa,local_global,13,28.0,0.49141691630352946,-35.782231709696354,0
spsa,local_global,14,30.0,0.49164657371886267,-35.782818241762456,0
spsa,local_global,15,32.0,0.49099345118995685,-35.78296081407578,0
spsa,local_global,16,34.0,0.49059198861772124,-35.84120762066644,0
spsa,local_global,17,36.0,0.4904121768170602,-35.84307873281824,0
spsa,local_global,18,38.0,0.4904742155432177,-35.8461186351387,0
spsa,local_global,19,40.0,0.49060475371558104,-35.84800822193727,0
spsa,local_global,20,42.0,0.4910549544247692,-35.84732157364728,0
spsa,local_global,21,44.0,0.4906935745166918,-35.83951487993794,0
spsa,local_global,22,46.0,0.49027400516669184,-35.85550027770537,0
spsa,local_global,23,48.0,0.4899072550375795,-35.84859975193522,0
spsa,local_global,24,50.0,0.49096953285805023,-35.849472774596116,0
spsa,local_global,25,52.0,0.49055500311802247,-35.848904200274504,0
spsa,local_global,26,54.0,0.49068023804425215,-35.84926809373816,0
spsa,local_global,27,56.0,0.49024660548815524,-35.85625284437469,0
spsa,local_global,28,58.0,0.49067662735250706,-35.85708409914035,0
spsa,local_global,29,60.0,0.49124417001199633,-35.85360260913073,0
spsa,local_global,30,62.0,0.49045405173839657,-35.859680611129015,0
spsa,local_global,31,64.0,0.49018090371104844,-35.86413685228228,0
spsa,local_global,32,66.0,0.49044052837990465,-35.895100683578484,0
spsa,local_global,33,68.0,0.4897467819784409,-35.909384590583414,0
spsa,local_global,34,70.0,0.4899472288327362,-35.9183178314011,0
spsa,local_global,35,72.0,0.48963797173512236,-35.919607583626686,0
spsa,local_global,36,74.0,0.49018797023358346,-35.93165513743347,0
spsa,local_global,37,76.0,0.4893712319471641,-35.94116785368094,0
spsa,local_global,38,78.0,0.48932982742489695,-35.95199377148321,0
spsa,local_global,39,80.0,0.48999736851350273,-35.951940964356744,0
spsa,local_global,40,82.0,0.48916183222286225,-35.95957365649642,0
spsa,local_global,41,84.0,0.4904815002133558,-35.965589041993475,0
spsa,local_global,42,86.0,0.4899463024172131,-35.983322698473565,0
spsa,local_global,43,88.0,0.4895664126172644,-36.00044652698062,0
spsa,local_global,44,90.0,0.4893516667079598,-35.99899062040649,0
spsa,local_global,45,92.0,0.488918065263519,-36.004014697147944,0
spsa,local_global,46,94.0,0.48912551963582473,-36.0018104190443,0
spsa,local_global,47,96.0,0.48890333448462153,-36.00155959921295,0
spsa,local_global,48,98.0,0.4893891861494769,-36.01974981220503,0
spsa,local_global,49,100.0,0.4892593396922459,-36.02127100177619,0
spsa,local_global,50,102.0,0.4888369468606999,-36.02027514939398,0
spsa,local_global,51,104.0,0.4892461040791232,-36.021545842075994,0
spsa,local_global,52,106.0,0.48833960972006996,-36.024208759731025,0
spsa,local_global,53,108.0,0.489136582360446,-36.039484043102405,0
spsa,local_global,54,110.0,0.4884607172425805,-36.04882367918246,0
spsa,local_global,55,112.0,0.4886896816043691,-36.07372584953557,0
spsa,local_global,56,114.0,0.4882207817918958,-36.07139813285437,0
spsa,local_global,57,116.0,0.4882616677480909,-36.0728380226412,0
spsa,local_global,58,118.0,0.4881911121494018,-36.07053605674528,0
spsa,local_global,59,120.0,0.48799192717065293,-36.106335298626604,0
spsa,local_global,60,122.0,0.48771435034727206,-36.10007804726987,0
spsa,local_global,61,124.0,0.487725887093755,-36.10344717916028,0
spsa,local_global,62,126.0,0.48793098319115413,-36.105254095437125,0
spsa,local_global,63,128.0,0.48835535629102556,-36.105637383406915,0
spsa,local_global,64,130.0,0.48825674365818306,-36.104505827001965,0
spsa,local_global,65,132.0,-36.04859811626284,-35.05923446891425,1
spsa,local_global,66,134.0,-35.01790690153196,-35.07706770681341,0
spsa,local_global,67,136.0,-35.00274974386401,-34.989996368892896,0
spsa,local_global,68,138.0,-34.881137868737625,-34.68159991635507,0
spsa,local_global,69,140.0,-34.72117883881273,-35.7141765092878,0
spsa,local_global,70,142.0,-35.67809917512969,-34.76842220612753,0
spsa,local_global,71,144.0,-34.66772842858581,-34.49605809089493,0
spsa,local_global,72,146.0,-34.52476709226285,-34.83712395697632,0
spsa,local_global,73,148.0,-34.78452132661336,-34.83780806955013,0
spsa,local_global,74,150.0,-34.79752950007071,-34.87928753683521,0
spsa,local_global,75,152.0,-34.83106806006154,-34.88865689269333,0
spsa,local_global,76,154.0,-34.84780326949136,-34.95123604804842,0
spsa,local_global,77,156.0,-34.952965379587056,-35.54656957420536,0
spsa,local_global,78,158.0,-35.462169131644316,-35.43340004864952,0
spsa,local_global,79,160.0,-35.37173398892139,-32.49959754060739,0
spsa,local_global,80,162.0,-32.5834310054242,-32.5253072697498,0
spsa,local_global,81,164.0,-32.61943735702636,-33.905406242543094,0
spsa,local_global,82,166.0,-33.86368727187889,-34.000018440790136,0
spsa,local_global,83,168.0,-34.00025690055158,-34.59947528647967,0
spsa,local_global,84,170.0,-34.596125219744465,-34.68529128265189,0
spsa,local_global,85,172.0,-34.62433105476641,-34.5327170413249,0
spsa,local_global,86,174.0,-34.49600239287672,-34.130146270232956,0
spsa,local_global,87,176.0,-34.143945417133544,-34.90781241860026,0
spsa,local_global,88,178.0,-34.878863912189054,-34.94960047790731,0
spsa,local_global,89,180.0,-34.95244426530189,-35.6802013396933,0
spsa,local_global,90,182.0,-35.72890397410089,-35.92597924629193,0
spsa,local_global,91,184.0,-35.882596804293705,-35.44339490310278,0
spsa,local_global,92,186.0,-35.452335348662004,-35.93989163905508,0
spsa,local_global,93,188.0,-35.81107187580905,-35.48537434797049,0
spsa,local_global,94,190.0,-35.44963242206364,-35.20556134186542,0
spsa,local_global,95,192.0,-35.254826550368804,-36.16652190395831,0
spsa,local_global,96,194.0,-36.1391188432777,-36.380176405744336,0
spsa,local_global,97,196.0,-36.33563631750409,-36.625072449970574,0
spsa,local_global,98,198.0,-36.5123688321316,-35.08449946796982,0
spsa,local_global,99,200.0,-35.110534620100694,-35.56114938846913,0
spsa,local_global,100,202.0,-35.515243689645374,-35.428183551618325,0
spsa,local_global,101,204.0,-35.40814696205419,-35.85420464045133,0
spsa,local_global,102,206.0,-35.7819401546134,-35.598492964347116,0
spsa,local_global,103,208.0,-35.535193521183274,-35.59463521623479,0
spsa,local_global,104,210.0,-35.44563402700078,-34.82443719065394,0
spsa,local_global,105,212.0,-34.85323539733354,-34.90451007219225,0
spsa,local_global,106,214.0,-34.88797163612156,-35.22525628014871,0
spsa,local_global,107,216.0,-35.26745536617041,-35.38207198613364,0
spsa,local_global,108,218.0,-35.31919278067441,-35.3870040626727,0
spsa,local_global,109,220.0,-35.300598960759416,-34.675830568690756,0
spsa,local_global,110,222.0,-34.689685240436674,-34.889717894540176,0
spsa,local_global,111,224.0,-34.88060008435417,-35.00969980489383,0
spsa,local_global,112,226.0,-34.97213147148035,-35.26980535497393,0
spsa,local_global,113,228.0,-35.27987374313217,-35.301057599330726,0
spsa,local_global,114,230.0,-35.299748064158706,-35.439290962674434,0
spsa,local_global,115,232.0,-35.40209395107445,-35.44270287693435,0
spsa,local_global,116,234.0,-35.366403961177,-35.43434778325136,0
spsa,local_global,117,236.0,-35.37967391504721,-35.4405418072987,0
spsa,local_global,118,238.0,-35.448668179460924,-35.533560520546104,0
spsa,local_global,119,240.0,-35.47013253445656,-35.374104455390324,0
spsa,local_global,120,242.0,-35.37336730972055,-36.25418919866513,0
spsa,local_global,121,244.0,-36.17849206824597,-36.13308564116809,0
spsa,local_global,122,246.0,-36.108486617664965,-36.589878850727736,0
spsa,local_global,123,248.0,-36.51737587061285,-36.33814157848252,0
spsa,local_global,124,250.0,-36.285774818170665,-36.223998216838694,0
spsa,local_global,125,252.0,-36.156109949705304,-36.05631872774821,0
spsa,local_global,126,254.0,-36.009133833696936,-36.21958381266875,0
spsa,local_global,127,256.0,-36.17993342024806,-35.70792675570895,0
spsa,local_global,128,258.0,-35.57587627014931,-35.4391046661858,0
spsa,local_global,129,260.0,-35.43854497291434,-36.36719486900899,0
spsa,local_global,130,262.0,-36.298618310238254,-36.10153977129712,0
spsa,local_global,131,264.0,-36.05787129711036,-36.273816290229774,0
spsa,local_global,132,266.0,-36.24692110539541,-36.533145933365965,0
spsa,local_global,133,268.0,-36.410037779130356,-36.49992258076668,0
spsa,local_global,134,270.0,-36.39250345279612,-36.26953725307953,0
spsa,local_global,135,272.0,-36.19694969302378,-35.799266003106396,0
spsa,local_global,136,274.0,-35.775036163190485,-35.93529395764365,0
spsa,local_global,137,276.0,-35.90265550571321,-36.038777523628504,0
spsa,local_global,138,278.0,-35.94870855906908,-35.481490862843984,0
spsa,local_global,139,280.0,-35.43270000830865,-36.037175292373334,0
spsa,local_global,140,282.0,-36.00178706926572,-36.171151722854496,0
spsa,local_global,141,284.0,-36.07564169522158,-36.02201851618904,0
spsa,local_global,142,286.0,-35.98940606721213,-36.489964483116545,0
spsa,local_global,143,288.0,-36.35171542814999,-34.18096069536977,0
spsa,local_global,144,290.0,-34.15470396976623,-34.350407209667075,0
spsa,local_global,145,292.0,-34.40033512086046,-34.53270613797752,0
spsa,local_global,146,294.0,-34.56760599364504,-34.883547320290035,0
spsa,local_global,147,296.0,-34.895678487312324,-34.933554193028286,0
spsa,local_global,148,298.0,-34.95904568606157,-34.933442379289374,0
spsa,local_global,149,300.0,-34.921378630001236,-35.08744133151848,0
spsa,local_global,150,302.0,-35.04938018684997,-35.091092794704736,0
spsa,local_global,151,304.0,-35.09328174730179,-35.53101618501022,0
spsa,local_global,152,306.0,-35.472840928951044,-34.30719942862628,0
spsa,local_global,153,308.0,-34.297063146986204,-34.73462408884607,0
spsa,local_global,154,310.0,-34.71569379050561,-34.536169005445316,0
spsa,local_global,155,312.0,-34.49695002935131,-34.90059907264757,0
spsa,local_global,156,314.0,-34.83340428159063,-34.901396034114356,0
spsa,local_global,157,316.0,-34.877917430060926,-35.04469236513049,0
spsa,local_global,158,318.0,-34.97463123243245,-35.04793404741357,0
spsa,local_global,159,320.0,-35.00485666169378,-35.061553972890984,0
spsa,local_global,160,322.0,-34.996932700346086,-35.068372349969174,0
spsa,local_global,161,324.0,-35.02418746709608,-35.069906767235594,0
spsa,local_global,162,326.0,-35.00400716949606,-35.07278181282916,0
spsa,local_global,163,328.0,-35.01422080940418,-35.07521957986888,0
spsa,local_global,164,330.0,-35.014361582924664,-35.07634617553327,0
spsa,local_global,165,332.0,-35.031545964206046,-35.091950109626524,0
spsa,local_global,166,334.0,-35.056074902856494,-35.155177968622674,0
spsa,local_global,167,336.0,-35.08828608740444,-35.116850431199,0
spsa,local_global,168,338.0,-35.05708759764709,-35.147837885029155,0
spsa,local_global,169,340.0,-35.08072507199917,-35.15658621352562,0
spsa,local_global,170,342.0,-35.13326323108123,-35.60414880489502,0
spsa,local_global,171,344.0,-35.554565518900866,-35.639247863456035,0
spsa,local_global,172,346.0,-35.608108497849415,-36.857096168490024,0
spsa,local_global,173,348.0,-36.83000153212261,-36.86591753800885,0
spsa,local_global,174,350.0,-36.708707363688916,-36.8153492315892,0
spsa,local_global,175,352.0,-36.78299601812817,-36.897119491749315,0
spsa,local_global,176,354.0,-36.88216409682878,-37.242621235391475,0
spsa,local_global,177,356.0,-37.160144487832696,-36.980197037704286,0
spsa,local_global,178,358.0,-36.89333684489209,-36.52417900318073,0
spsa,local_global,179,360.0,-36.488385790580935,-37.037376926696204,0
spsa,local_global,180,362.0,-36.96278330235996,-36.49713510759553,0
spsa,local_global,181,364.0,-36.42777923575811,-35.136653044051236,0
spsa,local_global,182,366.0,-35.09120666818551,-35.15185551654434,0
spsa,local_global,183,368.0,-35.142092063877215,-35.590012729833155,0
spsa,local_global,184,370.0,-35.59829038554227,-35.798280422183204,0
spsa,local_global,185,372.0,-35.74182866509945,-35.83615766013649,0
spsa,local_global,186,374.0,-35.73268106240877,-35.830673252684704,0
spsa,local_global,187,376.0,-35.819743215019685,-36.27171156497912,0
spsa,local_global,188,378.0,-36.17330786495353,-36.198244059305566,0
spsa,local_global,189,380.0,-36.15376795187409,-36.502099287715225,0
spsa,local_global,190,382.0,-36.44370390726185,-36.66846565611944,0
spsa,local_global,191,384.0,-36.59683315504279,-36.749329805526024,0
spsa,local_global,192,386.0,-36.66124414886742,-35.878314261313974,0
spsa,local_global,193,388.0,-35.84471013160142,-35.9684399842966,0
spsa,local_global,194,390.0,-35.90216845715311,-34.56226751837273,0
spsa,local_global,195,392.0,-34.56243619882111,-34.71923132503107,0
spsa,local_global,196,394.0,-34.707862597159576,-35.117750951474186,0
spsa,local_global,197,396.0,-35.10645258470128,-35.45233859199774,0
spsa,local_global,198,398.0,-35.396902463979124,-35.50102394107952,0
spsa,local_global,199,400.0,-35.46993999503721,-35.61785974112368,0
spsa,local_global,200,402.0,-35.5803568417076,-35.78137063173114,0
spsa,local_global,201,404.0,-35.74403065832701,-35.781510633916085,0
spsa,local_global,202,406.0,-35.70368625042802,-35.78791303894974,0
spsa,local_global,203,408.0,-35.70942714819047,-35.791193361311215,0
spsa,local_global,204,410.0,-35.77061077527733,-36.61994763799157,0
spsa,local_global,205,412.0,-36.56323610396382,-36.749398117011665,0
spsa,local_global,206,414.0,-36.67486445150198,-36.76394880110912,0
spsa,local_global,207,416.0,-36.63782554587509,-36.33263638606767,0
spsa,local_global,208,418.0,-36.27415490322723,-36.336981722496105,0
spsa,local_global,209,420.0,-36.2698670306449,-35.538042622009804,0
spsa,local_global,210,422.0,-35.4663744547778,-35.67974616091653,0
spsa,local_global,211,424.0,-35.578452436184484,-35.57787610013844,0
spsa,local_global,212,426.0,-35.55258882294301,-35.78668356176129,0
spsa,local_global,213,428.0,-35.706106263961544,-35.78682752727065,0
spsa,local_global,214,430.0,-35.76889137211491,-36.145140671638615,0
spsa,local_global,215,432.0,-36.03667586369434,-36.131861201878,0
spsa,local_global,216,434.0,-36.05618728233486,-36.12519857992941,0
spsa,local_global,217,436.0,-36.05519730498774,-36.15030255653237,0
spsa,local_global,218,438.0,-36.10601877264237,-36.15030075980645,0
spsa,local_global,219,440.0,-36.12614456559568,-36.522746922474475,0
spsa,local_global,220,442.0,-36.47090851255608,-36.93973453884799,0
spsa,local_global,221,444.0,-36.88667810493419,-36.98934504287724,0
spsa,local_global,222,446.0,-36.948285231089656,-37.15000239681116,0
spsa,local_global,223,448.0,-37.0448215595286,-36.62309858473508,0
spsa,local_global,224,450.0,-36.51156414549503,-36.44317348851524,0
spsa,local_global,225,452.0,-36.36812103410753,-36.325911733290376,0
spsa,local_global,226,454.0,-36.26973339544102,-36.33435597867385,0
spsa,local_global,227,456.0,-36.27984118994108,-36.34619632823693,0
spsa,local_global,228,458.0,-36.28906319028508,-36.34618514141186,0
spsa,local_global,229,460.0,-36.286297402159065,-36.43778267367863,0
spsa,local_global,230,462.0,-36.38561545940924,-36.51350457418333,0
spsa,local_global,231,464.0,-36.46335954830384,-36.521776798896255,0
spsa,local_global,232,466.0,-36.428969970031226,-36.14770699826224,0
spsa,local_global,233,468.0,-36.11091714572684,-36.50202179451468,0
spsa,local_global,234,470.0,-36.433876168645796,-35.69317777113317,0
spsa,local_global,235,472.0,-35.69496770593557,-37.20193250798734,0
spsa,local_global,236,474.0,-37.1256689432028,-37.04816110892114,0
spsa,local_global,237,476.0,-36.987457597074254,-37.05215546204271,0
spsa,local_global,238,478.0,-37.014220834680046,-37.097398287505044,0
spsa,local_global,239,480.0,-36.99394453279699,-37.09306389691071,0
spsa,local_global,240,482.0,-37.04714072910281,-37.388986907432674,0
spsa,local_global,241,484.0,-37.3281140283485,-37.39331073664845,0
spsa,local_global,242,486.0,-37.318656004621836,-37.41997274868782,0
spsa,local_global,243,488.0,-37.35973108982006,-37.48944222031198,0
spsa,local_global,244,490.0,-37.4260328879424,-37.593099008394184,0
spsa,local_global,245,492.0,-37.51980651775098,-37.6309117122152,0
spsa,local_global,246,494.0,-37.5315822041501,-37.100361544567875,0
spsa,local_global,247,496.0,-37.0171584154522,-36.65172430061367,0
spsa,local_global,248,498.0,-36.546425527111225,-36.63814523648367,0
spsa,local_global,249,500.0,-36.5805603345885,-36.76718154573691,0
spsa,local_global,250,502.0,-36.681698532294135,-36.79942370536041,0
spsa,local_global,251,504.0,-36.7185814996389,-36.800196384795754,0
spsa,local_global,252,506.0,-36.721229754583334,-36.80323569113381,0
spsa,local_global,253,508.0,-36.783974481734646,-36.85972229972152,0
spsa,local_global,254,510.0,-36.79224987592709,-36.90717727183814,0
spsa,local_global,255,512.0,-36.873377184584115,-36.91592633963521,0
spsa,local_global,256,514.0,-36.80782725675856,-36.81923540104073,0
spsa,local_global,257,516.0,-36.74960619640357,-36.81966220114821,0
spsa,local_global,258,518.0,-36.768526698025795,-37.03801804819554,0
spsa,local_global,259,520.0,-36.959181607666736,-37.05996473348301,0
spsa,local_global,260,522.0,-37.01111015553707,-37.19155358305508,0
spsa,local_global,261,524.0,-37.14268776179499,-37.21370194397472,0
spsa,local_global,262,526.0,-37.09950196878635,-37.150117115480604,0
spsa,local_global,263,528.0,-37.04741784259478,-36.88627700928378,0
spsa,local_global,264,530.0,-36.809617265714515,-36.77910865231022,0
spsa,local_global,265,532.0,-36.69425631826789,-36.779049873127825,0
spsa,local_global,266,534.0,-36.74345907826204,-37.21304877201211,0
spsa,local_global,267,536.0,-37.20256253855975,-37.21332590223139,0
spsa,local_global,268,538.0,-37.14462385841311,-37.22383671127566,0
spsa,local_global,269,540.0,-37.18827123211639,-37.28894318778533,0
spsa,local_global,270,542.0,-37.16600513939666,-37.050136170903656,0
spsa,local_global,271,544.0,-36.98981828105292,-37.15812121177807,0
spsa,local_global,272,546.0,-37.14431234477773,-37.54934839316276,0
spsa,local_global,273,548.0,-37.40206458149452,-37.24149325472668,0
spsa,local_global,274,550.0,-37.21359892250763,-36.99074066477309,0
spsa,local_global,275,552.0,-36.9647873713102,-37.11004351560602,0
spsa,local_global,276,554.0,-37.063901884977724,-37.296613060986,0
spsa,local_global,277,556.0,-37.26317658696991,-37.77130154964924,0
spsa,local_global,278,558.0,-37.725687353003366,-37.946040198338494,0
spsa,local_global,279,560.0,-37.87659082754092,-38.0128913200899,0
spsa,local_global,280,562.0,-37.883076932424736,-37.90086124638218,0
spsa,local_global,281,564.0,-37.79738931079442,-37.58096039977884,0
spsa,local_global,282,566.0,-37.502297768783635,-37.560639218916215,0
spsa,local_global,283,568.0,-37.503354676035414,-37.869448948411105,0
spsa,local_global,284,570.0,-37.806521530199504,-37.85615630728828,0
spsa,local_global,285,572.0,-37.77588407203461,-37.89412905340607,0
spsa,local_global,286,574.0,-37.82610974099347,-37.642067810814936,0
spsa,local_global,287,576.0,-37.602679809548796,-37.69540773556544,0
spsa,local_global,288,578.0,-37.62444067792043,-37.74829715068514,0
spsa,local_global,289,580.0,-37.651585733451626,-37.043014001357406,0
spsa,local_global,290,582.0,-36.964832951130745,-35.57190088656311,0
spsa,local_global,291,584.0,-35.533410918781925,-35.618794742415304,0
spsa,local_global,292,586.0,-35.56809838645194,-35.62039803236103,0
spsa,local_global,293,588.0,-35.545696340479125,-35.721350183657805,0
spsa,local_global,294,590.0,-35.709579503510355,-35.804087362964765,0
spsa,local_global,295,592.0,-35.797171680646144,-36.83182949085468,0
spsa,local_global,296,594.0,-36.78427723313453,-37.13169321476919,0
spsa,local_global,297,596.0,-37.12655221466136,-38.1654046327293,0
spsa,local_global,298,598.0,-38.066524450381394,-38.10315277164405,0
spsa,local_global,299,600.0,-38.06386730276745,-38.434519802621764,0
spsa,local_global,300,602.0,-38.31765528117681,-38.25477628609138,0
spsa,local_global,301,604.0,-38.1972366838303,-38.317529839767545,0
spsa,local_global,302,606.0,-38.286416820593004,-38.472291026451494,0
spsa,local_global,303,608.0,-38.411155921811684,-38.61310286160187,0
spsa,local_global,304,610.0,-38.48643900797659,-38.61279744602606,0
spsa,local_global,305,612.0,-38.513441931318816,-38.61586423605516,0
spsa,local_global,306,614.0,-38.50113285742033,-38.333121415728705,0
spsa,local_global,307,616.0,-38.28071287737038,-38.38230817497933,0
spsa,local_global,308,618.0,-38.253820389843966,-38.145232942259966,0
spsa,local_global,309,620.0,-38.0189762504474,-38.07615138783434,0
spsa,local_global,310,622.0,-37.95974968106226,-37.996920888737016,0
spsa,local_global,311,624.0,-37.93623862308582,-33.496581445865985,0
spsa,local_global,312,626.0,-33.57956741427266,-34.39459308713004,0
spsa,local_global,313,628.0,-34.44189759744428,-34.55822578979941,0
spsa,local_global,314,630.0,-34.53184241186355,-34.7051302991113,0
spsa,local_global,315,632.0,-34.7271350706329,-36.037291225234746,0
spsa,local_global,316,634.0,-35.975273072535614,-36.18994017676927,0
spsa,local_global,317,636.0,-36.17876019146587,-36.562639565968034,0
spsa,local_global,318,638.0,-36.44449770261158,-36.33947133441805,0
spsa,local_global,319,640.0,-36.31090432101536,-36.724653763283776,0
spsa,local_global,320,642.0,-36.659783475211555,-36.83164204200337,0
spsa,local_global,321,644.0,-36.81851938013629,-37.731953812094794,0
spsa,local_global,322,646.0,-37.68009009096778,-38.22093004446162,0
spsa,local_global,323,648.0,-38.08334450427888,-36.48506527264416,0
spsa,local_global,324,650.0,-36.457831673465975,-36.8520294066801,0
spsa,local_global,325,652.0,-36.83000990067544,-36.95340613425599,0
spsa,local_global,326,654.0,-36.92980230549013,-38.34888484113042,0
spsa,local_global,327,656.0,-38.18521870897366,-37.61399806401908,0
spsa,local_global,328,658.0,-37.56746690942869,-37.9889072613144,0
spsa,local_global,329,660.0,-37.85514191036475,-37.86735016160665,0
spsa,local_global,330,662.0,-37.84133808383196,-38.41199949314437,0
spsa,local_global,331,664.0,-38.259981083455834,-37.33984839646559,0
spsa,local_global,332,666.0,-37.26524950552028,-37.361513629265474,0
spsa,local_global,333,668.0,-37.31692759188686,-37.46791660637795,0
spsa,local_global,334,670.0,-37.3886340119492,-36.78284408703571,0
spsa,local_global,335,672.0,-36.71720176960227,-37.03787469255655,0
spsa,local_global,336,674.0,-36.95246806939565,-37.27855547279091,0
spsa,local_global,337,676.0,-37.17383189473471,-37.24760798485972,0
spsa,local_global,338,678.0,-37.172627009851425,-36.816059877684246,0
spsa,local_global,339,680.0,-36.771357770460384,-37.058837849442895,0
spsa,local_global,340,682.0,-37.035747904315016,-37.77451084327221,0
spsa,local_global,341,684.0,-37.67350342488023,-37.7779963545693,0
spsa,local_global,342,686.0,-37.70158775158929,-37.840206490546315,0
spsa,local_global,343,688.0,-37.85291117030615,-38.57050568121509,0
spsa,local_global,344,690.0,-38.3476152704532,-38.30410615984463,0
spsa,local_global,345,692.0,-38.1992658318404,-37.02378600336273,0
spsa,local_global,346,694.0,-36.91318992944617,-37.016822937255625,0
spsa,local_global,347,696.0,-37.01812940381319,-37.940214826317025,0
spsa,local_global,348,698.0,-37.86608742786184,-37.513991640343015,0
spsa,local_global,349,700.0,-37.509333708089436,-38.21415870073123,0
spsa,local_global,350,702.0,-38.08396731947367,-37.718828861452906,0
spsa,local_global,351,704.0,-37.66392097220647,-37.832217692191264,0
spsa,local_global,352,706.0,-37.79262894512811,-39.33320287906413,0
spsa,local_global,353,708.0,-39.20657920758798,-39.2001833264296,0
spsa,local_global,354,710.0,-39.114338649491046,-39.332036188471136,0
spsa,local_global,355,712.0,-39.30292925625157,-39.81876806999686,0
spsa,local_global,356,714.0,-39.698380613824575,-38.87846459631152,0
spsa,local_global,357,716.0,-38.774184668198785,-37.618329686484294,0
spsa,local_global,358,718.0,-37.507974724390145,-37.59047207227017,0
spsa,local_global,359,720.0,-37.52500784047685,-37.66081339003551,0
spsa,local_global,360,722.0,-37.61169819171154,-37.892795295141106,0
spsa,local_global,361,724.0,-37.80151370051276,-37.89444302433811,0
spsa,local_global,362,726.0,-37.814862397239736,-37.904931400091826,0
spsa,local_global,363,728.0,-37.877752287183014,-38.540349638197426,0
spsa,local_global,364,730.0,-38.47861689183432,-38.54527258712369,0
spsa,local_global,365,732.0,-38.46506384531903,-38.58015307380773,0
spsa,local_global,366,734.0,-38.469169520387055,-38.580972607980016,0
spsa,local_global,367,736.0,-38.49980967485219,-38.66588906675546,0
spsa,local_global,368,738.0,-38.64118174674837,-40.23258933779461,0
spsa,local_global,369,740.0,-40.10248655682325,-36.354700096974554,0
spsa,local_global,370,742.0,-36.33728315590919,-37.33649651407776,0
spsa,local_global,371,744.0,-37.295022691362036,-37.340655815746466,0
spsa,local_global,372,746.0,-37.29323191197507,-37.74547718595773,0
spsa,local_global,373,748.0,-37.67042618755248,-37.893487680642714,0
spsa,local_global,374,750.0,-37.7918359992194,-37.90156922551004,0
spsa,local_global,375,752.0,-37.834649361512106,-37.904096469783674,0
spsa,local_global,376,754.0,-37.85796376025604,-38.2033596807795,0
spsa,local_global,377,756.0,-38.125312381857675,-38.22589697633694,0
spsa,local_global,378,758.0,-38.19580291264927,-39.32907261620283,0
spsa,local_global,379,760.0,-39.20899785861371,-39.18709294786342,0
spsa,local_global,380,762.0,-39.06752100972098,-38.08499280130019,0
spsa,local_global,381,764.0,-37.93135195565611,-36.5247006276901,0
spsa,local_global,382,766.0,-36.516875771012295,-38.90124857366883,0
spsa,local_global,383,768.0,-38.771975183701045,-38.40957141981702,0
spsa,local_global,384,770.0,-38.29363417437179,-38.30365688510387,0
spsa,local_global,385,772.0,-38.19973397799349,-38.311085029597706,0
spsa,local_global,386,774.0,-38.14172821309624,-38.084974996599826,0
spsa,local_global,387,776.0,-38.033368538937864,-38.346699269313284,0
spsa,local_global,388,778.0,-38.25128582903403,-38.36946213824217,0
spsa,local_global,389,780.0,-38.21846447029051,-38.34930518532366,0
spsa,local_global,390,782.0,-38.275227116168985,-38.55708020111063,0
spsa,local_global,391,784.0,-38.51707309973298,-38.7209955070059,0
spsa,local_global,392,786.0,-38.66044575866996,-39.05114944309323,0
spsa,local_global,393,788.0,-38.91333822797367,-39.050629679800295,0
spsa,local_global,394,790.0,-39.017665200632905,-39.69194017569087,0
spsa,local_global,395,792.0,-39.55426057020146,-39.66510300913129,0
spsa,local_global,396,794.0,-39.528242308827615,-39.5892771737568,0
spsa,local_global,397,796.0,-39.449130481734166,-38.06016056763159,0
spsa,local_global,398,798.0,-38.00225366293223,-38.34016707328697,0
spsa,local_global,399,800.0,-38.20589717193482,-38.304225568226755,0
spsa,local_global,400,802.0,-38.23252834835521,-38.46218239760886,0
spsa,local_global,401,804.0,-38.3840520245916,-38.70582981447062,0
spsa,local_global,402,806.0,-38.634904476912794,-38.41573885751653,0
spsa,local_global,403,808.0,-38.356882724413865,-38.89703507900173,0
spsa,local_global,404,810.0,-38.824268304400036,-38.98880280361104,0
spsa,local_global,405,812.0,-38.93222471541952,-39.231100689352836,0
spsa,local_global,406,814.0,-39.050537429404876,-38.81330656516477,0
spsa,local_global,407,816.0,-38.77427695495791,-38.83231878315951,0
spsa,local_global,408,818.0,-38.73619488731521,-38.74545466390438,0
spsa,local_global,409,820.0,-38.726126507556934,-39.02876827743197,0
spsa,local_global,410,822.0,-38.97868470314458,-39.04250704752631,0
spsa,local_global,411,824.0,-38.92311401422664,-39.008331643541936,0
spsa,local_global,412,826.0,-38.868987222484975,-38.98143980593024,0
spsa,local_global,413,828.0,-38.750278722791016,-37.740685476637964,0
spsa,local_global,414,830.0,-37.60643213814102,-37.737717837096724,0
spsa,local_global,415,832.0,-37.671640151543826,-37.74669364255252,0
spsa,local_global,416,834.0,-37.70982286625481,-38.01125157072535,0
spsa,local_global,417,836.0,-37.88022022387841,-37.320635596065685,0
spsa,local_global,418,838.0,-37.2594871471776,-37.53107269007968,0
spsa,local_global,419,840.0,-37.42078955239037,-37.53092964769031,0
spsa,local_global,420,842.0,-37.47238897319084,-37.9509490441417,0
spsa,local_global,421,844.0,-37.87373360302079,-37.95154179521715,0
spsa,local_global,422,846.0,-37.84840839388079,-37.95267945223159,0
spsa,local_global,423,848.0,-37.810031315424126,-37.94698526991104,0
spsa,local_global,424,850.0,-37.94114629201023,-38.46289216710937,0
spsa,local_global,425,852.0,-38.430956672409074,-39.052067737801025,0
spsa,local_global,426,854.0,-38.968127694557474,-39.077460023287074,0
spsa,local_global,427,856.0,-39.00196564051831,-39.18061925097492,0
spsa,local_global,428,858.0,-39.05254175358463,-38.97060898387503,0
spsa,local_global,429,860.0,-38.91441498066621,-38.98404554833518,0
spsa,local_global,430,862.0,-38.976221174185156,-39.162124660020325,0
spsa,local_global,431,864.0,-39.00865889544133,-39.137593272731856,0
spsa,local_global,432,866.0,-39.1004241612375,-39.65742804232173,0
spsa,local_global,433,868.0,-39.58089414588717,-40.06149388088787,0
spsa,local_global,434,870.0,-39.92561196392683,-40.059760186785695,0
spsa,local_global,435,872.0,-39.900941537560584,-39.77413693511719,0
spsa,local_global,436,874.0,-39.62444760781801,-39.77017136452359,0
spsa,local_global,437,876.0,-39.67551002355269,-39.78516243659125,0
spsa,local_global,438,878.0,-39.71723066174236,-39.9491187113332,0
spsa,local_global,439,880.0,-39.83629913325662,-39.251043188912035,0
spsa,local_global,440,882.0,-39.17431884067445,-39.278541811172154,0
spsa,local_global,441,884.0,-39.19617342846757,-39.43070345318017,0
spsa,local_global,442,886.0,-39.36169286629276,-39.74524946924311,0
spsa,local_global,443,888.0,-39.72874449344883,-41.35497854077157,0
spsa,local_global,444,890.0,-41.235335692420165,-41.29313350591561,0
spsa,local_global,445,892.0,-41.084571415785604,-41.244563927968095,0
spsa,local_global,446,894.0,-41.10642582714149,-41.16257345672389,0
spsa,local_global,447,896.0,-41.001121492237324,-40.373450077507115,0
spsa,local_global,448,898.0,-40.259366516104706,-40.37344932495402,0
spsa,local_global,449,900.0,-40.27258786741829,-40.410622640797385,0
spsa,local_global,450,902.0,-40.24716354211165,-40.38842779900603,0
spsa,local_global,451,904.0,-40.18616172305702,-40.38830988859906,0
spsa,local_global,452,906.0,-40.20321566137363,-40.11678065786611,0
spsa,local_global,453,908.0,-40.07301428204842,-40.33233118893463,0
spsa,local_global,454,910.0,-40.244064468746046,-40.3355708506468,0
spsa,local_global,455,912.0,-40.14471764174146,-39.74891192790884,0
spsa,local_global,456,914.0,-39.6928258318761,-39.78040065846552,0
spsa,local_global,457,916.0,-39.6855175969488,-39.85311685915733,0
spsa,local_global,458,918.0,-39.70880786237775,-39.843133834428876,0
spsa,local_global,459,920.0,-39.71591271105559,-39.83226514535336,0
spsa,local_global,460,922.0,-39.723368841626424,-39.84279862723888,0
spsa,local_global,461,924.0,-39.680511962919084,-39.826270278174306,0
spsa,local_global,462,926.0,-39.7311586672174,-39.909610468406456,0
spsa,local_global,463,928.0,-39.814841154167944,-39.98172236770858,0
spsa,local_global,464,930.0,-39.91748290771622,-40.16405153865606,0
spsa,local_global,465,932.0,-40.0515136452387,-40.16753444405294,0
spsa,local_global,466,934.0,-40.00322660165688,-40.23647026810873,0
spsa,local_global,467,936.0,-40.189188573170554,-40.2382356851056,0
spsa,local_global,468,938.0,-40.18077797478884,-40.64518797828143,0
spsa,local_global,469,940.0,-40.54378629971312,-40.648433382526704,0
spsa,local_global,470,942.0,-40.46839090780923,-39.574067083250725,0
spsa,local_global,471,944.0,-39.53061643250917,-40.0332606899414,0
spsa,local_global,472,946.0,-39.913411470293326,-39.836922406423916,0
spsa,local_global,473,948.0,-39.769872880548974,-39.984705256701886,0
spsa,local_global,474,950.0,-39.932031332210386,-39.984851443170136,0
spsa,local_global,475,952.0,-39.906628777679614,-40.248263186705415,0
spsa,local_global,476,954.0,-40.13989418741727,-40.251471847088226,0
spsa,local_global,477,956.0,-40.13025565669845,-40.04978587783345,0
spsa,local_global,478,958.0,-39.87260154552111,-39.45233667995804,0
spsa,local_global,479,960.0,-39.35560289523818,-39.56809891237767,0
spsa,local_global,480,962.0,-39.45065165522086,-39.26278004100751,0
spsa,local_global,481,964.0,-39.181873717885985,-39.27944379875239,0
spsa,local_global,482,966.0,-39.228608921591814,-39.79901387732688,0
spsa,local_global,483,968.0,-39.652778807653874,-39.68474676755591,0
spsa,local_global,484,970.0,-39.56305573342641,-39.140932339412515,0
spsa,local_global,485,972.0,-38.98088488728254,-39.05594762780938,0
spsa,local_global,486,974.0,-38.993936427812336,-39.504625620468865,0
spsa,local_global,487,976.0,-39.451989300380205,-39.893765665789886,0
spsa,local_global,488,978.0,-39.82286723072028,-39.96179934665442,0
spsa,local_global,489,980.0,-39.78443651767875,-39.96119006934714,0
spsa,local_global,490,982.0,-39.92694535519621,-39.967565240966664,0
spsa,local_global,491,984.0,-39.849767872665666,-39.99604559981649,0
spsa,local_global,492,986.0,-39.85483891312868,-39.67177891993988,0
spsa,local_global,493,988.0,-39.58399911867525,-39.434382143598945,0
spsa,local_global,494,990.0,-39.24631359345446,-39.43265330678913,0
spsa,local_global,495,992.0,-39.335719934915154,-39.48083913505799,0
spsa,local_global,496,994.0,-39.389866033155116,-39.520816002957496,0
spsa,local_global,497,996.0,-39.39758118603418,-39.53600365184763,0
spsa,local_global,498,998.0,-39.481607165204814,-39.86767285535491,0
spsa,local_global,499,1000.0,-39.71399217540746,-39.56646011982314,0
spsa,adiabatic,0,2.0,0.4958865471384666,-35.59990082612667,0
spsa,adiabatic,1,4.0,0.4954442524835181,-35.61149555526631,0
spsa,adiabatic,2,6.0,0.4946638011713018,-35.65159994244981,0
spsa,adiabatic,3,8.0,0.49292017095163154,-35.64381088182939,0
spsa,adiabatic,4,10.0,0.49354308883090525,-35.63835928305843,0
spsa,adiabatic,5,12.0,0.4935154955303057,-35.64584107219745,0
spsa,adiabatic,6,14.0,0.49209993453916845,-35.707329479616355,0
spsa,adiabatic,7,16.0,0.49315934702338354,-35.70548923012754,0
spsa,adiabatic,8,18.0,0.4921785245758664,-35.72588415136344,0
spsa,adiabatic,9,20.0,0.4921245511881369,-35.72548139395287,0
spsa,adiabatic,10,22.0,0.49263798279795673,-35.74953045060923,0
spsa,adiabatic,11,24.0,0.4920043293080877,-35.75662469484276,0
spsa,adiabatic,12,26.0,0.4916226654396003,-35.765632771350674,0
spsa,adiabatic,13,28.0,0.49141691630352946,-35.782231709696354,0
spsa,adiabatic,14,30.0,0.49164657371886267,-35.782818241762456,0
spsa,adiabatic,15,32.0,0.49099345118995685,-35.78296081407578,0
spsa,adiabatic,16,34.0,0.49059198861772124,-35.84120762066644,0
spsa,adiabatic,17,36.0,0.4904121768170602,-35.84307873281824,0
spsa,adiabatic,18,38.0,0.4904742155432177,-35.8461186351387,0
spsa,adiabatic,19,40.0,0.49060475371558104,-35.84800822193727,0
spsa,adiabatic,20,42.0,0.4910549544247692,-35.84732157364728,0
spsa,adiabatic,21,44.0,0.4906935745166918,-35.83951487993794,0
spsa,adiabatic,22,46.0,0.49027400516669184,-35.85550027770537,0
spsa,adiabatic,23,48.0,0.4899072550375795,-35.84859975193522,0
spsa,adiabatic,24,50.0,0.49096953285805023,-35.849472774596116,0
spsa,adiabatic,25,52.0,0.49055500311802247,-35.848904200274504,0
spsa,adiabatic,26,54.0,0.49068023804425215,-35.84926809373816,0
spsa,adiabatic,27,56.0,0.49024660548815524,-35.85625284437469,0
spsa,adiabatic,28,58.0,0.49067662735250706,-35.85708409914035,0
spsa,adiabatic,29,60.0,0.49124417001199633,-35.85360260913073,0
spsa,adiabatic,30,62.0,0.49045405173839657,-35.859680611129015,0
spsa,adiabatic,31,64.0,0.49018090371104844,-35.86413685228228,0
spsa,adiabatic,32,66.0,0.49044052837990465,-35.895100683578484,0
spsa,adiabatic,33,68.0,0.4897467819784409,-35.909384590583414,0
spsa,adiabatic,34,70.0,0.4899472288327362,-35.9183178314011,0
spsa,adiabatic,35,72.0,0.48963797173512236,-35.919607583626686,0
spsa,adiabatic,36,74.0,0.49018797023358346,-35.93165513743347,0
spsa,adiabatic,37,76.0,0.4893712319471641,-35.94116785368094,0
spsa,adiabatic,38,78.0,0.48932982742489695,-35.95199377148321,0
spsa,adiabatic,39,80.0,0.48999736851350273,-35.951940964356744,0
spsa,adiabatic,40,82.0,0.48916183222286225,-35.95957365649642,0
spsa,adiabatic,41,84.0,0.4904815002133558,-35.965589041993475,0
spsa,adiabatic,42,86.0,0.4899463024172131,-35.983322698473565,0
spsa,adiabatic,43,88.0,0.4895664126172644,-36.00044652698062,0
spsa,adiabatic,44,90.0,0.4893516667079598,-35.99899062040649,0
spsa,adiabatic,45,92.0,0.488918065263519,-36.004014697147944,0
spsa,adiabatic,46,94.0,0.48912551963582473,-36.0018104190443,0
spsa,adiabatic,47,96.0,0.48890333448462153,-36.00155959921295,0
spsa,adiabatic,48,98.0,0.4893891861494769,-36.01974981220503,0
spsa,adiabatic,49,100.0,0.4892593396922459,-36.02127100177619,0
spsa,adiabatic,50,102.0,-3.5575167158492564,-36.02371671875269,0
spsa,adiabatic,51,104.0,-3.5558078600966345,-36.02681004642882,0
spsa,adiabatic,52,106.0,-3.561657462529164,-36.044738389150325,0
spsa,adiabatic,53,108.0,-3.569070761661041,-36.208424287454356,0
spsa,adiabatic,54,110.0,-3.5848544763813335,-36.3045779062268,0
spsa,adiabatic,55,112.0,-3.5961601272199104,-36.89894974417575,0
spsa,adiabatic,56,114.0,-3.6565067153671693,-36.91945345627347,0
spsa,adiabatic,57,116.0,-3.671860413879415,-37.05658812460145,0
spsa,adiabatic,58,118.0,-3.6758015198694878,-37.069491963897065,0
spsa,adiabatic,59,120.0,-3.6856028929831464,-37.84027260294281,0
spsa,adiabatic,60,122.0,-3.770184144619607,-37.94052197412546,0
spsa,adiabatic,61,124.0,-3.7753992263432323,-38.628900187366355,0
spsa,adiabatic,62,126.0,-3.847040540225246,-38.651592359846205,0
spsa,adiabatic,63,128.0,-3.847842002430856,-38.765879885817064,0
spsa,adiabatic,64,130.0,-3.8645494851067106,-38.794070610555835,0
spsa,adiabatic,65,132.0,-3.8606370194996584,-38.97206150205664,0
spsa,adiabatic,66,134.0,-3.8890001423770237,-38.988976832910275,0
spsa,adiabatic,67,136.0,-3.886681130998511,-39.118852005228625,0
spsa,adiabatic,68,138.0,-3.8979451488209023,-39.197944249976125,0
spsa,adiabatic,69,140.0,-3.9245614885490685,-39.19845714067694,0
spsa,adiabatic,70,142.0,-3.9095529346160003,-39.318213546866914,0
spsa,adiabatic,71,144.0,-3.9229549046105547,-39.630844597939095,0
spsa,adiabatic,72,146.0,-3.96233774987516,-39.79250788969846,0
spsa,adiabatic,73,148.0,-3.985764708080244,-39.792511558861996,0
spsa,adiabatic,74,150.0,-3.9807321831980333,-39.89337020086365,0
spsa,adiabatic,75,152.0,-3.9823368519181015,-39.97679895267617,0
spsa,adiabatic,76,154.0,-4.0021019327593175,-40.001667428304735,0
spsa,adiabatic,77,156.0,-4.006379985293734,-40.038167106507274,0
spsa,adiabatic,78,158.0,-4.013759106271951,-40.065848093693944,0
spsa,adiabatic,79,160.0,-4.014346501525207,-40.24105961474494,0
spsa,adiabatic,80,162.0,-4.03501106906419,-40.27144331954025,0
spsa,adiabatic,81,164.0,-4.040402974448652,-40.31391152326411,0
spsa,adiabatic,82,166.0,-4.039766871809846,-40.319395575808294,0
spsa,adiabatic,83,168.0,-4.043094169673354,-40.37909812953221,0
spsa,adiabatic,84,170.0,-4.0580750199067355,-40.37913796031443,0
spsa,adiabatic,85,172.0,-4.045618066122093,-41.038131242779585,0
spsa,adiabatic,86,174.0,-4.12231996188994,-41.08881866389617,0
spsa,adiabatic,87,176.0,-4.121169901090241,-41.11603871421583,0
spsa,adiabatic,88,178.0,-4.132857805753149,-41.11923592750977,0
spsa,adiabatic,89,180.0,-4.146153351177026,-41.126652295198,0
spsa,adiabatic,90,182.0,-4.131894433025199,-41.18165623133215,0
spsa,adiabatic,91,184.0,-4.135545668273389,-41.466153767421844,0
spsa,adiabatic,92,186.0,-4.172031349085934,-41.46749589837085,0
spsa,adiabatic,93,188.0,-4.164160841005769,-41.47898555482597,0
spsa,adiabatic,94,190.0,-4.170871978913359,-41.60736454508372,0
spsa,adiabatic,95,192.0,-4.199316749335566,-41.655668145528935,0
spsa,adiabatic,96,194.0,-4.20375630565765,-41.65681549061085,0
spsa,adiabatic,97,196.0,-4.202050904080494,-41.70210053930616,0
spsa,adiabatic,98,198.0,-4.2058979737175894,-41.80165339631987,0
spsa,adiabatic,99,200.0,-4.217207358127772,-41.81562749945278,0
spsa,adiabatic,100,202.0,-8.910815927150093,-41.82100690035541,0
spsa,adiabatic,101,204.0,-8.90071111765021,-41.96678839842078,0
spsa,adiabatic,102,206.0,-8.931919341241384,-42.08218453248166,0
spsa,adiabatic,103,208.0,-8.971248193329025,-42.39953066469722,0
spsa,adiabatic,104,210.0,-9.025262254032878,-42.549013517525786,0
spsa,adiabatic,105,212.0,-9.062884588539637,-42.585209515888806,0
spsa,adiabatic,106,214.0,-9.039037995805053,-42.58256816848924,0
spsa,adiabatic,107,216.0,-9.035435524925298,-42.575196520398194,0
spsa,adiabatic,108,218.0,-9.063535127793994,-42.596484025743194,0
spsa,adiabatic,109,220.0,-9.069360811079395,-42.72991093231229,0
spsa,adiabatic,110,222.0,-9.088263015182482,-42.72896101541432,0
spsa,adiabatic,111,224.0,-9.073473471421224,-42.681546356730294,0
spsa,adiabatic,112,226.0,-9.09347704203865,-42.689763051487525,0
spsa,adiabatic,113,228.0,-9.054103534404536,-42.689655420931715,0
spsa,adiabatic,114,230.0,-9.094315083089299,-42.77413237710599,0
spsa,adiabatic,115,232.0,-9.099403745362173,-42.800561710459434,0
spsa,adiabatic,116,234.0,-9.107784135121268,-42.822765075211485,0
spsa,adiabatic,117,236.0,-9.121267769072084,-43.15114886753623,0
spsa,adiabatic,118,238.0,-9.186255059563612,-43.17662143906002,0
spsa,adiabatic,119,240.0,-9.19996198350761,-43.192444916210825,0
spsa,adiabatic,120,242.0,-9.185137070181044,-43.1998627834503,0
spsa,adiabatic,121,244.0,-9.204330199583062,-43.205098984525684,0
spsa,adiabatic,122,246.0,-9.200867766149969,-43.206347348826974,0
spsa,adiabatic,123,248.0,-9.225643134544937,-43.23868366496439,0
spsa,adiabatic,124,250.0,-9.19035571148875,-43.23913528244822,0
spsa,adiabatic,125,252.0,-9.207015296413743,-43.2879593328075,0
spsa,adiabatic,126,254.0,-9.219979526403224,-43.28759308503434,0
spsa,adiabatic,127,256.0,-9.208277173692906,-43.28974555271218,0
spsa,adiabatic,128,258.0,-9.227631467802581,-43.34326699418581,0
spsa,adiabatic,129,260.0,-9.239146009688435,-43.3441970263467,0
spsa,adiabatic,130,262.0,-9.231099343405113,-43.37312780764724,0
spsa,adiabatic,131,264.0,-9.220515610331042,-43.37271389378666,0
spsa,adiabatic,132,266.0,-9.217538704507373,-43.37264669318166,0
spsa,adiabatic,133,268.0,-9.231326167527964,-43.37543784553593,0
spsa,adiabatic,134,270.0,-9.228500934480545,-43.37430400950237,0
spsa,adiabatic,135,272.0,-9.240920279280061,-43.45596362954751,0
spsa,adiabatic,136,274.0,-9.236079084535493,-43.433264492368494,0
spsa,adiabatic,137,276.0,-9.245366900640878,-43.45435408577126,0
spsa,adiabatic,138,278.0,-9.247967173859761,-43.4534484536342,0
spsa,adiabatic,139,280.0,-9.25988867814026,-43.48142476482113,0
spsa,adiabatic,140,282.0,-9.26256043249966,-43.55921061833653,0
spsa,adiabatic,141,284.0,-9.284740332675927,-43.58209837964353,0
spsa,adiabatic,142,286.0,-9.271024273656394,-43.581497979079934,0
spsa,adiabatic,143,288.0,-9.303753909432874,-43.582118971919996,0
spsa,adiabatic,144,290.0,-9.271505478168155,-43.58574973739787,0
spsa,adiabatic,145,292.0,-9.275057468036131,-43.58460671399348,0
spsa,adiabatic,146,294.0,-9.305837367783623,-43.597856594228936,0
spsa,adiabatic,147,296.0,-9.275056673153093,-43.60114237061467,0
spsa,adiabatic,148,298.0,-9.278243980229728,-43.60663234573134,0
spsa,adiabatic,149,300.0,-9.29128434022699,-43.60631842604814,0
spsa,adiabatic,150,302.0,-14.162862340408761,-43.60148295019885,0
spsa,adiabatic,151,304.0,-14.162183716768736,-43.60084149807073,0
spsa,adiabatic,152,306.0,-14.183652096397541,-43.60134608900897,0
spsa,adiabatic,153,308.0,-14.166008190977195,-43.60107082427251,0
spsa,adiabatic,154,310.0,-14.13582561546836,-43.5840420488735,0
spsa,adiabatic,155,312.0,-14.149729327533283,-43.55627541588997,0
spsa,adiabatic,156,314.0,-14.144488971108101,-43.55338675686131,0
spsa,adiabatic,157,316.0,-14.112200719731945,-43.21639942668323,0
spsa,adiabatic,158,318.0,-14.026648239748031,-43.19261556471887,0
spsa,adiabatic,159,320.0,-14.035383135406176,-43.22529137805705,0
spsa,adiabatic,160,322.0,-14.072081548857614,-43.23375374018062,0
spsa,adiabatic,161,324.0,-14.058000355178272,-43.23382172961673,0
spsa,adiabatic,162,326.0,-14.023384757608465,-43.20243686008499,0
spsa,adiabatic,163,328.0,-13.995079497949234,-42.973214494364484,0
spsa,adiabatic,164,330.0,-13.923056606156013,-42.86005588945404,0
spsa,adiabatic,165,332.0,-13.890818748344966,-42.83697834052709,0
spsa,adiabatic,166,334.0,-13.888419257933348,-42.75274494895149,0
spsa,adiabatic,167,336.0,-13.887542619197772,-42.779085210018984,0
spsa,adiabatic,168,338.0,-13.90166007993852,-42.78071123109143,0
spsa,adiabatic,169,340.0,-13.912572375979746,-42.79337596088673,0
spsa,adiabatic,170,342.0,-13.901860724760358,-42.81740636144392,0
spsa,adiabatic,171,344.0,-13.912944374245939,-42.85274909704597,0
spsa,adiabatic,172,346.0,-13.899999782520014,-42.79938750151632,0
spsa,adiabatic,173,348.0,-13.901780663578315,-42.81182126636596,0
spsa,adiabatic,174,350.0,-13.905712623510748,-42.8364919192522,0
spsa,adiabatic,175,352.0,-13.933444361898804,-43.04407816782664,0
spsa,adiabatic,176,354.0,-13.968969114031133,-43.00727135907475,0
spsa,adiabatic,177,356.0,-13.945103882711308,-42.886971662735405,0
spsa,adiabatic,178,358.0,-13.918635690448845,-42.886784639917124,0
spsa,adiabatic,179,360.0,-13.925263772718786,-42.90115941562067,0
spsa,adiabatic,180,362.0,-13.94467634304786,-42.96265570907305,0
spsa,adiabatic,181,364.0,-13.950386644388317,-42.96763458362913,0
spsa,adiabatic,182,366.0,-13.928956696194948,-42.964614770499914,0
spsa,adiabatic,183,368.0,-13.937306081046819,-42.96193786963004,0
spsa,adiabatic,184,370.0,-13.970767623723209,-43.01084241846026,0
spsa,adiabatic,185,372.0,-13.94078989035076,-42.975592961509705,0
spsa,adiabatic,186,374.0,-13.960693969685373,-43.026614412878125,0
spsa,adiabatic,187,376.0,-13.979294165728056,-43.03924216888417,0
spsa,adiabatic,188,378.0,-13.934337057491861,-42.853159375865836,0
spsa,adiabatic,189,380.0,-13.918166854655478,-42.88082353471845,0
spsa,adiabatic,190,382.0,-13.89413192748708,-42.77257791660202,0
spsa,adiabatic,191,384.0,-13.89708502047502,-42.776252040767126,0
spsa,adiabatic,192,386.0,-13.87705451278776,-42.735050239382524,0
spsa,adiabatic,193,388.0,-13.907945951058093,-42.839435631347,0
spsa,adiabatic,194,390.0,-13.913917234099138,-42.88139001451988,0
spsa,adiabatic,195,392.0,-13.929907077902286,-42.89774022142078,0
spsa,adiabatic,196,394.0,-13.940281939293264,-42.901593090852025,0
spsa,adiabatic,197,396.0,-13.943137005668774,-42.91867896702221,0
spsa,adiabatic,198,398.0,-13.952504550143923,-42.96941221391325,0
spsa,adiabatic,199,400.0,-13.938739650206557,-42.92873758823465,0
spsa,adiabatic,200,402.0,-18.74920170039265,-42.84586297515871,0
spsa,adiabatic,201,404.0,-18.683317211443107,-42.844052930073566,0
spsa,adiabatic,202,406.0,-18.676342327704347,-42.72874381042847,0
spsa,adiabatic,203,408.0,-18.616410318303597,-42.11597305526963,0
spsa,adiabatic,204,410.0,-18.369596308045065,-41.57008576017882,0
spsa,adiabatic,205,412.0,-18.101268467647568,-41.56284743888288,0
spsa,adiabatic,206,414.0,-18.090199187998856,-41.5345085274937,0
spsa,adiabatic,207,416.0,-18.10833517580996,-41.48866388398332,0
spsa,adiabatic,208,418.0,-18.096216655951444,-41.482792196316616,0
spsa,adiabatic,209,420.0,-18.154815865250143,-41.87707168461809,0
spsa,adiabatic,210,422.0,-18.239269113816448,-41.87609603222437,0
spsa,adiabatic,211,424.0,-18.251629736534944,-41.876682458622376,0
spsa,adiabatic,212,426.0,-18.25823449700674,-41.819918245416424,0
spsa,adiabatic,213,428.0,-18.26571155112805,-41.89946672755678,0
spsa,adiabatic,214,430.0,-18.265518959561305,-41.896075134171724,0
spsa,adiabatic,215,432.0,-18.273759503504905,-41.895509146006766,0
spsa,adiabatic,216,434.0,-18.266669300048683,-41.89559693293799,0
spsa,adiabatic,217,436.0,-18.288049078480597,-41.91036566683299,0
spsa,adiabatic,218,438.0,-18.25121266833966,-41.695759655420254,0
spsa,adiabatic,219,440.0,-18.147089088368126,-41.120449840062854,0
spsa,adiabatic,220,442.0,-17.94467858094986,-41.1232752035915,0
spsa,adiabatic,221,444.0,-17.93702791956621,-41.1271819677929,0
spsa,adiabatic,222,446.0,-17.91624767726864,-41.10888943063734,0
spsa,adiabatic,223,448.0,-17.938161131075205,-41.11079462410076,0
spsa,adiabatic,224,450.0,-17.88554046591134,-40.72073429947417,0
spsa,adiabatic,225,452.0,-17.784192037568584,-40.783331852996305,0
spsa,adiabatic,226,454.0,-17.777243245908355,-40.7824663561862,0
spsa,adiabatic,227,456.0,-17.799149039524682,-40.91840451565521,0
spsa,adiabatic,228,458.0,-17.888084039275615,-41.36732110840228,0
spsa,adiabatic,229,460.0,-18.065049489762508,-41.57048796473851,0
spsa,adiabatic,230,462.0,-18.134227489214155,-41.5689092838182,0
spsa,adiabatic,231,464.0,-18.161706819222175,-41.59802171454803,0
spsa,adiabatic,232,466.0,-18.16743184247469,-41.59817463604514,0
spsa,adiabatic,233,468.0,-18.112292806967286,-41.597279584503156,0
spsa,adiabatic,234,470.0,-18.13213464477063,-41.51427269227246,0
spsa,adiabatic,235,472.0,-18.09017237684538,-41.50137197645656,0
spsa,adiabatic,236,474.0,-18.09823458073602,-41.499911205092985,0
spsa,adiabatic,237,476.0,-18.10277881626235,-41.49204967128227,0
spsa,adiabatic,238,478.0,-18.111091687455854,-41.57806189486669,0
spsa,adiabatic,239,480.0,-18.141984938121883,-41.578037501568744,0
spsa,adiabatic,240,482.0,-18.141442387406933,-41.57798587586354,0
spsa,adiabatic,241,484.0,-18.1545749024242,-41.599776739996685,0
spsa,adiabatic,242,486.0,-18.148308348331582,-41.59892237182324,0
spsa,adiabatic,243,488.0,-18.09788016514722,-41.03581405399708,0
spsa,adiabatic,244,490.0,-17.932242607760735,-41.16804704713393,0
spsa,adiabatic,245,492.0,-17.936851239950244,-41.084695432393694,0
spsa,adiabatic,246,494.0,-17.956003935137524,-41.520500780934505,0
spsa,adiabatic,247,496.0,-18.121949262570055,-41.520106943804436,0
spsa,adiabatic,248,498.0,-18.132908831544523,-41.57666856661766,0
spsa,adiabatic,249,500.0,-18.165116339442406,-41.5772634519751,0
spsa,adiabatic,250,502.0,-22.764574210890856,-41.57598595129723,0
spsa,adiabatic,251,504.0,-22.83900855762112,-41.6390743786057,0
spsa,adiabatic,252,506.0,-22.876202886904366,-41.99726375193263,0
spsa,adiabatic,253,508.0,-23.027083696515916,-41.91763753744391,0
spsa,adiabatic,254,510.0,-22.950800238950954,-41.57507169464157,0
spsa,adiabatic,255,512.0,-22.763966273714914,-41.570250226526255,0
spsa,adiabatic,256,514.0,-22.78275601162403,-41.57001456627328,0
spsa,adiabatic,257,516.0,-22.795153002764323,-41.557468504907995,0
spsa,adiabatic,258,518.0,-22.771169116785174,-41.30498675501646,0
spsa,adiabatic,259,520.0,-22.6591745610202,-41.323178815780224,0
spsa,adiabatic,260,522.0,-22.65068445752518,-41.325970989707514,0
spsa,adiabatic,261,524.0,-22.694398902956692,-41.729279052776675,0
spsa,adiabatic,262,526.0,-22.855557077798984,-41.52196689812042,0
spsa,adiabatic,263,528.0,-22.714218638533907,-41.503902200588364,0
spsa,adiabatic,264,530.0,-22.71762830684149,-41.44352256549858,0
spsa,adiabatic,265,532.0,-22.716119008603417,-41.44238664552514,0
spsa,adiabatic,266,534.0,-22.745757527096398,-41.57492896511904,0
spsa,adiabatic,267,536.0,-22.76739140041514,-41.50423157757656,0
spsa,adiabatic,268,538.0,-22.75918622955624,-41.52104418402813,0
spsa,adiabatic,269,540.0,-22.7318024800459,-41.49478339187952,0
spsa,adiabatic,270,542.0,-22.75323736673073,-41.37776991226341,0
spsa,adiabatic,271,544.0,-22.670537894019077,-40.847766611319614,0
spsa,adiabatic,272,546.0,-22.373798731206563,-40.83321468690425,0
spsa,adiabatic,273,548.0,-22.37092298021254,-40.69775241445069,0
spsa,adiabatic,274,550.0,-22.28998287163977,-40.65809498019726,0
spsa,adiabatic,275,552.0,-22.295879698591317,-40.538311260986504,0
spsa,adiabatic,276,554.0,-22.19594870630541,-40.15777577791367,0
spsa,adiabatic,277,556.0,-22.006570641638767,-40.15823376127193,0
spsa,adiabatic,278,558.0,-22.051125133487268,-40.3950991560582,0
spsa,adiabatic,279,560.0,-22.1835853916191,-40.55374820464805,0
spsa,adiabatic,280,562.0,-22.231154950687817,-40.558226678070355,0
spsa,adiabatic,281,564.0,-22.294310871195286,-41.461738225952345,0
spsa,adiabatic,282,566.0,-22.77704553133735,-41.54976462342238,0
spsa,adiabatic,283,568.0,-22.76580314628923,-41.53903539940569,0
spsa,adiabatic,284,570.0,-22.80178755710133,-41.74000844150657,0
spsa,adiabatic,285,572.0,-22.889821114139902,-41.73766136759844,0
spsa,adiabatic,286,574.0,-22.87768769792607,-41.39566197543095,0
spsa,adiabatic,287,576.0,-22.661606688198596,-41.134194975585864,0
spsa,adiabatic,288,578.0,-22.560362729349208,-41.13729060159112,0
spsa,adiabatic,289,580.0,-22.55639942621933,-41.14334979275382,0
spsa,adiabatic,290,582.0,-22.524292006161208,-41.140287208004395,0
spsa,adiabatic,291,584.0,-22.59066054098463,-41.383065194642526,0
spsa,adiabatic,292,586.0,-22.679521769974606,-41.37920519387146,0
spsa,adiabatic,293,588.0,-22.688080380374153,-41.378992321414025,0
spsa,adiabatic,294,590.0,-22.690987358227666,-41.313568813524526,0
spsa,adiabatic,295,592.0,-22.653941339484476,-41.313285422681375,0
spsa,adiabatic,296,594.0,-22.682659805608615,-41.572608063021065,0
spsa,adiabatic,297,596.0,-22.78448743187537,-41.57246794136553,0
spsa,adiabatic,298,598.0,-22.783932230131057,-41.56667001304855,0
spsa,adiabatic,299,600.0,-22.767942115016375,-41.506178503578695,0
spsa,adiabatic,300,602.0,-27.388898745610035,-41.127832217021776,0
spsa,adiabatic,301,604.0,-27.194590561573936,-41.229366647671725,0
spsa,adiabatic,302,606.0,-27.260693071962837,-41.27901018052225,0
spsa,adiabatic,303,608.0,-27.236483984787277,-41.23858310290112,0
spsa,adiabatic,304,610.0,-27.22801737316687,-41.21095464606612,0
spsa,adiabatic,305,612.0,-27.14051418497285,-40.59522458453549,0
spsa,adiabatic,306,614.0,-26.78269623001355,-40.57046207932572,0
spsa,adiabatic,307,616.0,-26.8206316313155,-40.64959589874577,0
spsa,adiabatic,308,618.0,-26.792055104601843,-39.79603512788735,0
spsa,adiabatic,309,620.0,-26.246334522271503,-39.789792214175684,0
spsa,adiabatic,310,622.0,-26.28487527802195,-39.81801862496444,0
spsa,adiabatic,311,624.0,-26.34915696498859,-40.20663575959247,0
spsa,adiabatic,312,626.0,-26.558939430867547,-40.21556422176458,0
spsa,adiabatic,313,628.0,-26.524194218574138,-40.180294873755926,0
spsa,adiabatic,314,630.0,-26.51113876456332,-40.17656648413259,0
spsa,adiabatic,315,632.0,-26.5416841610624,-40.18956766940143,0
spsa,adiabatic,316,634.0,-26.44511470761583,-39.20112314339464,0
spsa,adiabatic,317,636.0,-25.90426863867779,-38.835303567879876,0
spsa,adiabatic,318,638.0,-25.614164025851835,-38.744572205982195,0
spsa,adiabatic,319,640.0,-25.603046897454455,-38.74458462030906,0
spsa,adiabatic,320,642.0,-25.581057700949813,-38.55404576951961,0
spsa,adiabatic,321,644.0,-25.44363535725452,-38.541957200830865,0
spsa,adiabatic,322,646.0,-25.45537020096474,-38.54341954190966,0
spsa,adiabatic,323,648.0,-25.467393011823127,-38.553295967231904,0
spsa,adiabatic,324,650.0,-25.5016156007364,-39.121362818531466,0
spsa,adiabatic,325,652.0,-25.850578294581297,-39.29521012394822,0
spsa,adiabatic,326,654.0,-25.984706190359688,-39.83860158868555,0
spsa,adiabatic,327,656.0,-26.283344544946672,-39.827408176852735,0
spsa,adiabatic,328,658.0,-26.313149270555208,-39.868130931257845,0
spsa,adiabatic,329,660.0,-26.353266229747227,-40.08923200535295,0
spsa,adiabatic,330,662.0,-26.48051276401469,-39.90764619313439,0
spsa,adiabatic,331,664.0,-26.325840651441702,-39.79217895635379,0
spsa,adiabatic,332,666.0,-26.26891037812865,-39.78616408729586,0
spsa,adiabatic,333,668.0,-26.306957278861788,-39.83404070580397,0
spsa,adiabatic,334,670.0,-26.335536333276448,-39.834076263644384,0
spsa,adiabatic,335,672.0,-26.307942923394627,-39.925280964292824,0
spsa,adiabatic,336,674.0,-26.364390934750062,-39.92712097832917,0
spsa,adiabatic,337,676.0,-26.352252011964413,-39.85676862108793,0
spsa,adiabatic,338,678.0,-26.318576131581413,-39.9385601494108,0
spsa,adiabatic,339,680.0,-26.370062806354902,-39.9477038683318,0
spsa,adiabatic,340,682.0,-26.378689804279574,-39.97392843490694,0
spsa,adiabatic,341,684.0,-26.367198286737327,-39.91264840457806,0
spsa,adiabatic,342,686.0,-26.365144158975696,-40.010998588287556,0
spsa,adiabatic,343,688.0,-26.41139382954813,-39.958630263253156,0
spsa,adiabatic,344,690.0,-26.428928781740986,-40.09950900459385,0
spsa,adiabatic,345,692.0,-26.493213767730623,-40.28163992320692,0
spsa,adiabatic,346,694.0,-26.536359913026317,-40.188398316872956,0
spsa,adiabatic,347,696.0,-26.52809293277452,-40.1889178242426,0
spsa,adiabatic,348,698.0,-26.539642211999645,-40.25584235296723,0
spsa,adiabatic,349,700.0,-26.57530157779226,-40.257731681565076,0
spsa,adiabatic,350,702.0,-31.038266998673492,-37.59747537023056,0
spsa,adiabatic,351,704.0,-29.0889445479223,-37.707820424711464,0
spsa,adiabatic,352,706.0,-29.17616539236618,-38.07373796295269,0
spsa,adiabatic,353,708.0,-29.418282914417368,-38.07467356512161,0
spsa,adiabatic,354,710.0,-29.399070887525305,-38.071155558251434,0
spsa,adiabatic,355,712.0,-29.456210348328806,-38.59569493020544,0
spsa,adiabatic,356,714.0,-29.79980575539937,-38.596256455182235,0
spsa,adiabatic,357,716.0,-29.738425920929597,-38.18521496338745,0
spsa,adiabatic,358,718.0,-29.53755669524233,-39.50798840085709,0
spsa,adiabatic,359,720.0,-30.529600466246713,-39.53242784118227,0
spsa,adiabatic,360,722.0,-30.544782360374043,-39.54396967860723,0
spsa,adiabatic,361,724.0,-30.55971887867819,-39.549786017974775,0
spsa,adiabatic,362,726.0,-30.547086304012787,-39.34410074848621,0
spsa,adiabatic,363,728.0,-30.37673159193863,-39.344568970637866,0
spsa,adiabatic,364,730.0,-30.40968659212194,-39.37615728881557,0
spsa,adiabatic,365,732.0,-30.420079385833365,-39.25931214133513,0
spsa,adiabatic,366,734.0,-30.329946988604718,-39.26735557919136,0
spsa,adiabatic,367,736.0,-30.310324651794332,-39.228737813266214,0
spsa,adiabatic,368,738.0,-30.284246104368897,-39.19459843232218,0
spsa,adiabatic,369,740.0,-30.2675932335988,-39.058445531188895,0
spsa,adiabatic,370,742.0,-30.14923503053167,-39.04092371762465,0
spsa,adiabatic,371,744.0,-30.167444584966162,-39.050842875114675,0
spsa,adiabatic,372,746.0,-30.159819876247205,-39.05574451426697,0
spsa,adiabatic,373,748.0,-30.2114105148437,-39.12843650794741,0
spsa,adiabatic,374,750.0,-30.190541912050637,-39.128237364102475,0
spsa,adiabatic,375,752.0,-30.202103347025805,-39.091723616278244,0
spsa,adiabatic,376,754.0,-30.23228276339801,-39.36396929407903,0
spsa,adiabatic,377,756.0,-30.44731819343032,-39.93739572644167,0
spsa,adiabatic,378,758.0,-30.823832209000937,-39.61932325718199,0
spsa,adiabatic,379,760.0,-30.57766798259364,-38.77862348463559,0
spsa,adiabatic,380,762.0,-29.969823761234395,-38.80981055739047,0
spsa,adiabatic,381,764.0,-30.002459388343627,-38.9289717201755,0
spsa,adiabatic,382,766.0,-30.082944599207643,-38.51232673221653,0
spsa,adiabatic,383,768.0,-29.815697854302044,-38.59039547774227,0
spsa,adiabatic,384,770.0,-29.900550124964326,-40.362927004247645,0
spsa,adiabatic,385,772.0,-31.210947577972377,-40.41626803200903,0
spsa,adiabatic,386,774.0,-31.22401402309076,-40.421946339119614,0
spsa,adiabatic,387,776.0,-31.2470552457933,-40.46199461878592,0
spsa,adiabatic,388,778.0,-31.23570715983405,-40.41462175706119,0
spsa,adiabatic,389,780.0,-31.2066301931979,-40.29937691343916,0
spsa,adiabatic,390,782.0,-31.096880851720655,-40.27671198592415,0
spsa,adiabatic,391,784.0,-31.120309867374374,-40.29150905972185,0
spsa,adiabatic,392,786.0,-31.110215701318527,-40.29148068923714,0
spsa,adiabatic,393,788.0,-31.115480923442924,-40.28559582597924,0
spsa,adiabatic,394,790.0,-31.078855886234106,-39.855987177976374,0
spsa,adiabatic,395,792.0,-30.80328132071226,-39.88513879906755,0
spsa,adiabatic,396,794.0,-30.817023456899,-39.417550322845464,0
spsa,adiabatic,397,796.0,-30.385878256333598,-39.2849530872182,0
spsa,adiabatic,398,798.0,-30.31696370167014,-39.25068767705333,0
spsa,adiabatic,399,800.0,-30.370415212066213,-39.208906206898575,0
spsa,adiabatic,400,802.0,-34.7451280364115,-39.3849447105187,0
spsa,adiabatic,401,804.0,-34.84947115512894,-38.84490012948391,0
spsa,adiabatic,402,806.0,-34.38967233073821,-38.907979804030575,0
spsa,adiabatic,403,808.0,-34.4020568443918,-38.832300006118984,0
spsa,adiabatic,404,810.0,-34.36159447128769,-38.83137358128912,0
spsa,adiabatic,405,812.0,-34.36363227304706,-38.88449500512913,0
spsa,adiabatic,406,814.0,-34.47812805782861,-39.82518099587224,0
spsa,adiabatic,407,816.0,-35.181658413385684,-39.75269817095609,0
spsa,adiabatic,408,818.0,-35.14067749926275,-39.59507291713053,0
spsa,adiabatic,409,820.0,-34.981122940771385,-38.94311282464387,0
spsa,adiabatic,410,822.0,-34.447218133838824,-38.846836872970776,0
spsa,adiabatic,411,824.0,-34.46529986740909,-38.84797334936115,0
spsa,adiabatic,412,826.0,-34.38249319608498,-38.89039794776995,0
spsa,adiabatic,413,828.0,-34.39344709429406,-38.89103042144195,0
spsa,adiabatic,414,830.0,-34.38855424909113,-38.86100190773384,0
spsa,adiabatic,415,832.0,-34.418462653142214,-38.867477916344576,0
spsa,adiabatic,416,834.0,-34.39969291166473,-38.86758622669727,0
spsa,adiabatic,417,836.0,-34.3839441057736,-38.86595770570524,0
spsa,adiabatic,418,838.0,-34.33137754121603,-38.844391482677445,0
spsa,adiabatic,419,840.0,-34.315626484024634,-38.83899952545969,0
spsa,adiabatic,420,842.0,-34.31691150075416,-38.22277939640781,0
spsa,adiabatic,421,844.0,-33.83048465894806,-38.222803893307216,0
spsa,adiabatic,422,846.0,-33.86820663365561,-38.44662685860138,0
spsa,adiabatic,423,848.0,-34.00761644082686,-37.73898034645437,0
spsa,adiabatic,424,850.0,-33.44662788875476,-38.17424416177809,0
spsa,adiabatic,425,852.0,-33.76796827555381,-38.14533689759149,0
spsa,adiabatic,426,854.0,-33.74042831455213,-37.87183198666546,0
spsa,adiabatic,427,856.0,-33.536240863870105,-38.01165647714485,0
spsa,adiabatic,428,858.0,-33.68173789798827,-38.57892840213045,0
spsa,adiabatic,429,860.0,-34.11356705593586,-38.08211996227159,0
spsa,adiabatic,430,862.0,-33.710471659989665,-38.16082984163159,0
spsa,adiabatic,431,864.0,-33.73896795362775,-37.644288141769266,0
spsa,adiabatic,432,866.0,-33.296093326422266,-37.64662508262198,0
spsa,adiabatic,433,868.0,-33.34114796360548,-37.8398007825559,0
spsa,adiabatic,434,870.0,-33.51523962209289,-37.999592611900546,0
spsa,adiabatic,435,872.0,-33.70401845528816,-38.997894446949935,0
spsa,adiabatic,436,874.0,-34.478701686205056,-38.84809758927298,0
spsa,adiabatic,437,876.0,-34.34050370125348,-38.70912497939837,0
spsa,adiabatic,438,878.0,-34.21066151848467,-38.37337402143727,0
spsa,adiabatic,439,880.0,-34.00021120794236,-38.496045122886045,0
spsa,adiabatic,440,882.0,-34.07762622143197,-38.594262250648114,0
spsa,adiabatic,441,884.0,-34.16746898163163,-38.61878708607146,0
spsa,adiabatic,442,886.0,-34.16199201702992,-38.63904873311321,0
spsa,adiabatic,443,888.0,-34.17715735958714,-38.63583329210684,0
spsa,adiabatic,444,890.0,-34.27931944136774,-39.93597788579771,0
spsa,adiabatic,445,892.0,-35.330002883236595,-39.93749441432618,0
spsa,adiabatic,446,894.0,-35.34642961601919,-39.94501236713901,0
spsa,adiabatic,447,896.0,-35.363120621007184,-40.11181785039763,0
spsa,adiabatic,448,898.0,-35.40926414350079,-39.77647226065054,0
spsa,adiabatic,449,900.0,-35.12173932701807,-39.70190457244355,0
spsa,adiabatic,450,902.0,-39.51955085897504,-37.46410183607504,0
spsa,adiabatic,451,904.0,-37.354537215530485,-36.40389711178815,0
spsa,adiabatic,452,906.0,-36.35457016050198,-36.51285211539096,0
spsa,adiabatic,453,908.0,-36.481337172001645,-36.61707931016111,0
spsa,adiabatic,454,910.0,-36.58203541593514,-37.03686663926148,0
spsa,adiabatic,455,912.0,-36.95882254591746,-37.436735784431086,0
spsa,adiabatic,456,914.0,-37.282297666877106,-37.36305224078278,0
spsa,adiabatic,457,916.0,-37.332581656068385,-37.846204354164065,0
spsa,adiabatic,458,918.0,-37.71909516897091,-37.844470351574586,0
spsa,adiabatic,459,920.0,-37.792913745417216,-38.05361907837848,0
spsa,adiabatic,460,922.0,-37.93672235378503,-37.6440500456668,0
spsa,adiabatic,461,924.0,-37.515235137226185,-37.26737556439678,0
spsa,adiabatic,462,926.0,-37.234050585921544,-38.48246744860191,0
spsa,adiabatic,463,928.0,-38.35328248507495,-38.32551348305909,0
spsa,adiabatic,464,930.0,-38.27439949341489,-38.19151521141635,0
spsa,adiabatic,465,932.0,-38.00579001059596,-37.2733430947848,0
spsa,adiabatic,466,934.0,-37.14930136661859,-37.352757832100686,0
spsa,adiabatic,467,936.0,-37.314862044088336,-37.65441011098726,0
spsa,adiabatic,468,938.0,-37.569617677710795,-37.707255768171244,0
spsa,adiabatic,469,940.0,-37.585458789226195,-37.707196351301825,0
spsa,adiabatic,470,942.0,-37.68490743404858,-38.21401351584418,0
spsa,adiabatic,471,944.0,-38.101053585154126,-38.2188277463961,0
spsa,adiabatic,472,946.0,-38.195438104541736,-38.975236983162375,0
spsa,adiabatic,473,948.0,-38.83767419980947,-38.79937526509361,0
spsa,adiabatic,474,950.0,-38.674720531788225,-38.7872253534341,0
spsa,adiabatic,475,952.0,-38.62016609607765,-37.40222103715915,0
spsa,adiabatic,476,954.0,-37.360275957634904,-37.88809049384875,0
spsa,adiabatic,477,956.0,-37.8354211960042,-38.19374219198217,0
spsa,adiabatic,478,958.0,-38.12950131995244,-38.40217946137692,0
spsa,adiabatic,479,960.0,-38.2744436159617,-38.35287254638807,0
spsa,adiabatic,480,962.0,-38.29251996717092,-38.418652708340744,0
spsa,adiabatic,481,964.0,-38.30504005852032,-38.40363736860794,0
spsa,adiabatic,482,966.0,-38.235317572288615,-38.35289911547312,0
spsa,adiabatic,483,968.0,-38.28258684988417,-38.749107639886205,0
spsa,adiabatic,484,970.0,-38.60346629417391,-38.73256714263556,0
spsa,adiabatic,485,972.0,-38.57166145974509,-38.72992721148061,0
spsa,adiabatic,486,974.0,-38.58174382639294,-38.627469319206355,0
spsa,adiabatic,487,976.0,-38.56745356328232,-38.64074395629319,0
spsa,adiabatic,488,978.0,-38.59949862781061,-38.93540107254532,0
spsa,adiabatic,489,980.0,-38.73428123148449,-38.89062918872502,0
spsa,adiabatic,490,982.0,-38.75260539065391,-38.79698355016621,0
spsa,adiabatic,491,984.0,-38.63911467783075,-38.32847739147579,0
spsa,adiabatic,492,986.0,-38.217352731983866,-38.33819585998803,0
spsa,adiabatic,493,988.0,-38.30161326721395,-38.477541005546634,0
spsa,adiabatic,494,990.0,-38.426474858776544,-39.21685392379917,0
spsa,adiabatic,495,992.0,-39.08204382512807,-39.106497263617925,0
spsa,adiabatic,496,994.0,-39.01128124216786,-39.167400989931124,0
spsa,adiabatic,497,996.0,-39.11252551379506,-39.17050405471437,0
spsa,adiabatic,498,998.0,-39.097664320751576,-39.41509180205852,0
spsa,adiabatic,499,1000.0,-39.26393391641848,-39.36950133769752,0
spsa,sea,0,2.0,-34.80833712056819,-34.80833712056819,0
spsa,sea,1,4.0,-35.042590083063445,-35.042590083063445,0
spsa,sea,2,6.0,-33.964975021867744,-33.964975021867744,0
spsa,sea,3,8.0,-33.398237835028425,-33.398237835028425,0
spsa,sea,4,10.0,-34.80419552815069,-34.80419552815069,0
spsa,sea,5,12.0,-35.38721482711545,-35.38721482711545,0
spsa,sea,6,14.0,-33.4733428014747,-33.4733428014747,0
spsa,sea,7,16.0,-32.73680393544342,-32.73680393544342,0
spsa,sea,8,18.0,-32.353752463418736,-32.353752463418736,0
spsa,sea,9,20.0,-28.83824691836712,-28.83824691836712,0
spsa,sea,10,22.0,-32.31855774608398,-32.31855774608398,0
spsa,sea,11,24.0,-33.67943784795166,-33.67943784795166,0
spsa,sea,12,26.0,-33.24604734382208,-33.24604734382208,0
spsa,sea,13,28.0,-34.682117319495305,-34.682117319495305,0
spsa,sea,14,30.0,-34.64032450125586,-34.64032450125586,0
spsa,sea,15,32.0,-33.770571454061084,-33.770571454061084,0
spsa,sea,16,34.0,-33.93967453750219,-33.93967453750219,0
spsa,sea,17,36.0,-32.82377749797601,-32.82377749797601,0
spsa,sea,18,38.0,-33.89625929444064,-33.89625929444064,0
spsa,sea,19,40.0,-34.001065272079096,-34.001065272079096,0
spsa,sea,20,42.0,-34.06757063899319,-34.06757063899319,0
spsa,sea,21,44.0,-34.07160884139812,-34.07160884139812,0
spsa,sea,22,46.0,-34.20819597772215,-34.20819597772215,0
spsa,sea,23,48.0,-34.3329328192669,-34.3329328192669,0
spsa,sea,24,50.0,-34.15492931508736,-34.15492931508736,0
spsa,sea,25,52.0,-34.29713643078321,-34.29713643078321,0
spsa,sea,26,54.0,-33.66270120536488,-33.66270120536488,0
spsa,sea,27,56.0,-34.2594357370237,-34.2594357370237,0
spsa,sea,28,58.0,-33.538761029148304,-33.538761029148304,0
spsa,sea,29,60.0,-33.561834986163056,-33.561834986163056,0
spsa,sea,30,62.0,-30.373561232837524,-30.373561232837524,0
spsa,sea,31,64.0,-33.89250008614448,-33.89250008614448,0
spsa,sea,32,66.0,-34.95260283527976,-34.95260283527976,0
spsa,sea,33,68.0,-34.70263953800216,-34.70263953800216,0
spsa,sea,34,70.0,-31.763915565074548,-31.763915565074548,0
spsa,sea,35,72.0,-33.420549643906035,-33.420549643906035,0
spsa,sea,36,74.0,-33.40204005087996,-33.40204005087996,0
spsa,sea,37,76.0,-34.81813532450229,-34.81813532450229,0
spsa,sea,38,78.0,-34.55055313611557,-34.55055313611557,0
spsa,sea,39,80.0,-34.499147517140415,-34.499147517140415,0
spsa,sea,40,82.0,-36.117838838048385,-36.117838838048385,0
spsa,sea,41,84.0,-33.57634744734317,-33.57634744734317,0
spsa,sea,42,86.0,-33.83123284698751,-33.83123284698751,0
spsa,sea,43,88.0,-33.54612612984395,-33.54612612984395,0
spsa,sea,44,90.0,-33.57104707704077,-33.57104707704077,0
spsa,sea,45,92.0,-33.64530559354883,-33.64530559354883,0
spsa,sea,46,94.0,-33.81559677409851,-33.81559677409851,0
spsa,sea,47,96.0,-33.416424178029324,-33.416424178029324,0
spsa,sea,48,98.0,-31.8192951019451,-31.8192951019451,0
spsa,sea,49,100.0,-34.50534087732114,-34.50534087732114,0
spsa,sea,50,102.0,-34.35194014383207,-34.35194014383207,0
spsa,sea,51,104.0,-34.46533240779361,-34.46533240779361,0
spsa,sea,52,106.0,-34.355656085022275,-34.355656085022275,0
spsa,sea,53,108.0,-34.48619170343195,-34.48619170343195,0
spsa,sea,54,110.0,-32.37848724405184,-32.37848724405184,0
spsa,sea,55,112.0,-34.07082586111659,-34.07082586111659,0
spsa,sea,56,114.0,-34.02847783669753,-34.02847783669753,0
spsa,sea,57,116.0,-33.83191076161677,-33.83191076161677,0
spsa,sea,58,118.0,-33.74164571317421,-33.74164571317421,0
spsa,sea,59,120.0,-33.82471840591296,-33.82471840591296,0
spsa,sea,60,122.0,-33.56128314152645,-33.56128314152645,0
spsa,sea,61,124.0,-34.60887839256468,-34.60887839256468,0
spsa,sea,62,126.0,-35.51054871745529,-35.51054871745529,0
spsa,sea,63,128.0,-33.89574912833466,-33.89574912833466,0
spsa,sea,64,130.0,-34.48756301840906,-34.48756301840906,0
spsa,sea,65,132.0,-34.319314793228116,-34.319314793228116,0
spsa,sea,66,134.0,-33.84511698741268,-33.84511698741268,0
spsa,sea,67,136.0,-34.43179829011835,-34.43179829011835,0
spsa,sea,68,138.0,-33.84987910226299,-33.84987910226299,0
spsa,sea,69,140.0,-33.767416115449585,-33.767416115449585,0
spsa,sea,70,142.0,-33.76438739077169,-33.76438739077169,0
spsa,sea,71,144.0,-34.209459990839875,-34.209459990839875,0
spsa,sea,72,146.0,-32.069355981167035,-32.069355981167035,0
spsa,sea,73,148.0,-33.16440060611225,-33.16440060611225,0
spsa,sea,74,150.0,-34.724721985999935,-34.724721985999935,0
spsa,sea,75,152.0,-34.956681859437396,-34.956681859437396,0
spsa,sea,76,154.0,-34.059415604241764,-34.059415604241764,0
spsa,sea,77,156.0,-35.762792621999424,-35.762792621999424,0
spsa,sea,78,158.0,-33.43788905529097,-33.43788905529097,0
spsa,sea,79,160.0,-32.31916683193688,-32.31916683193688,0
spsa,sea,80,162.0,-33.957096405545485,-33.957096405545485,0
spsa,sea,81,164.0,-30.772819948653133,-30.772819948653133,0
spsa,sea,82,166.0,-34.08106714187548,-34.08106714187548,0
spsa,sea,83,168.0,-33.50121292616319,-33.50121292616319,0
spsa,sea,84,170.0,-34.38142422108469,-34.38142422108469,0
spsa,sea,85,172.0,-35.006347946478186,-35.006347946478186,0
spsa,sea,86,174.0,-34.23731672781852,-34.23731672781852,0
spsa,sea,87,176.0,-33.50171694679625,-33.50171694679625,0
spsa,sea,88,178.0,-32.50525340751648,-32.50525340751648,0
spsa,sea,89,180.0,-33.09390003078482,-33.09390003078482,0
spsa,sea,90,182.0,-31.450420152939774,-31.450420152939774,0
spsa,sea,91,184.0,-35.05517553879071,-35.05517553879071,0
spsa,sea,92,186.0,-35.03450765246508,-35.03450765246508,0
spsa,sea,93,188.0,-33.49592370516831,-33.49592370516831,0
spsa,sea,94,190.0,-33.64855198012931,-33.64855198012931,0
spsa,sea,95,192.0,-34.255384852030645,-34.255384852030645,0
spsa,sea,96,194.0,-34.247227640667006,-34.247227640667006,0
spsa,sea,97,196.0,-33.97685496867423,-33.97685496867423,0
spsa,sea,98,198.0,-34.98834090495441,-34.98834090495441,0
spsa,sea,99,200.0,-32.00681618703128,-32.00681618703128,0
spsa,sea,100,202.0,-31.913661254873247,-31.913661254873247,0
spsa,sea,101,204.0,-34.00110266188892,-34.00110266188892,0
spsa,sea,102,206.0,-33.60974178213164,-33.60974178213164,0
spsa,sea,103,208.0,-31.740374206418043,-31.740374206418043,0
spsa,sea,104,210.0,-32.56686532355945,-32.56686532355945,0
spsa,sea,105,212.0,-32.683836455391486,-32.683836455391486,0
spsa,sea,106,214.0,-33.40539111285551,-33.40539111285551,0
spsa,sea,107,216.0,-34.02728445775591,-34.02728445775591,0
spsa,sea,108,218.0,-35.63884925895337,-35.63884925895337,0
spsa,sea,109,220.0,-36.08404484282469,-36.08404484282469,0
spsa,sea,110,222.0,-36.41825876128474,-36.41825876128474,0
spsa,sea,111,224.0,-33.341038175673276,-33.341038175673276,0
spsa,sea,112,226.0,-34.018946312205486,-34.018946312205486,0
spsa,sea,113,228.0,-34.481044884208416,-34.481044884208416,0
spsa,sea,114,230.0,-34.75776919662148,-34.75776919662148,0
spsa,sea,115,232.0,-34.57007643373029,-34.57007643373029,0
spsa,sea,116,234.0,-35.18392202361373,-35.18392202361373,0
spsa,sea,117,236.0,-35.09930474601474,-35.09930474601474,0
spsa,sea,118,238.0,-35.0883431407668,-35.0883431407668,0
spsa,sea,119,240.0,-35.348223897005475,-35.348223897005475,0
spsa,sea,120,242.0,-35.323794872104386,-35.323794872104386,0
spsa,sea,121,244.0,-34.305015417072006,-34.305015417072006,0
spsa,sea,122,246.0,-33.77130108971075,-33.77130108971075,0
spsa,sea,123,248.0,-33.923004803879564,-33.923004803879564,0
spsa,sea,124,250.0,-34.08377841243037,-34.08377841243037,0
spsa,sea,125,252.0,-34.04658245372609,-34.04658245372609,0
spsa,sea,126,254.0,-31.043846534085304,-31.043846534085304,0
spsa,sea,127,256.0,-33.97407963054226,-33.97407963054226,0
spsa,sea,128,258.0,-36.127804634706266,-36.127804634706266,0
spsa,sea,129,260.0,-34.123907941507085,-34.123907941507085,0
spsa,sea,130,262.0,-35.71125847141693,-35.71125847141693,0
spsa,sea,131,264.0,-35.74089880322168,-35.74089880322168,0
spsa,sea,132,266.0,-35.66702687978186,-35.66702687978186,0
spsa,sea,133,268.0,-35.120020123751615,-35.120020123751615,0
spsa,sea,134,270.0,-33.80830337461688,-33.80830337461688,0
spsa,sea,135,272.0,-33.911996204254265,-33.911996204254265,0
spsa,sea,136,274.0,-34.23290137151617,-34.23290137151617,0
spsa,sea,137,276.0,-34.285079508971904,-34.285079508971904,0
spsa,sea,138,278.0,-34.21574977011309,-34.21574977011309,0
spsa,sea,139,280.0,-33.31973743361981,-33.31973743361981,0
spsa,sea,140,282.0,-33.57915158033197,-33.57915158033197,0
spsa,sea,141,284.0,-34.6648600540675,-34.6648600540675,0
spsa,sea,142,286.0,-33.78340129445564,-33.78340129445564,0
spsa,sea,143,288.0,-33.399535537599675,-33.399535537599675,0
spsa,sea,144,290.0,-33.52075451824605,-33.52075451824605,0
spsa,sea,145,292.0,-34.77074218109884,-34.77074218109884,0
spsa,sea,146,294.0,-34.54977741073786,-34.54977741073786,0
spsa,sea,147,296.0,-36.17643943747229,-36.17643943747229,0
spsa,sea,148,298.0,-37.04053955711022,-37.04053955711022,0
spsa,sea,149,300.0,-36.89386965959953,-36.89386965959953,0
spsa,sea,150,302.0,-36.92610593228773,-36.92610593228773,0
spsa,sea,151,304.0,-34.863930503664676,-34.863930503664676,0
spsa,sea,152,306.0,-33.72581361467491,-33.72581361467491,0
spsa,sea,153,308.0,-34.15126724699975,-34.15126724699975,0
spsa,sea,154,310.0,-34.03148298458068,-34.03148298458068,0
spsa,sea,155,312.0,-33.726911137401956,-33.726911137401956,0
spsa,sea,156,314.0,-33.858337277817995,-33.858337277817995,0
spsa,sea,157,316.0,-36.677389129312395,-36.677389129312395,0
spsa,sea,158,318.0,-36.654510337479415,-36.654510337479415,0
spsa,sea,159,320.0,-36.32557372458298,-36.32557372458298,0
spsa,sea,160,322.0,-36.4339583591825,-36.4339583591825,0
spsa,sea,161,324.0,-33.166136204761415,-33.166136204761415,0
spsa,sea,162,326.0,-38.333237820646445,-38.333237820646445,0
spsa,sea,163,328.0,-37.97225266443351,-37.97225266443351,0
spsa,sea,164,330.0,-37.923022860557325,-37.923022860557325,0
spsa,sea,165,332.0,-37.59317855048815,-37.59317855048815,0
spsa,sea,166,334.0,-35.34388345812642,-35.34388345812642,0
spsa,sea,167,336.0,-34.85658756816573,-34.85658756816573,0
spsa,sea,168,338.0,-34.97288565672259,-34.97288565672259,0
spsa,sea,169,340.0,-35.03378932915987,-35.03378932915987,0
spsa,sea,170,342.0,-34.78543301294779,-34.78543301294779,0
spsa,sea,171,344.0,-35.11699891247004,-35.11699891247004,0
spsa,sea,172,346.0,-35.139239963164385,-35.139239963164385,0
spsa,sea,173,348.0,-35.845534487126116,-35.845534487126116,0
spsa,sea,174,350.0,-35.88936891611557,-35.88936891611557,0
spsa,sea,175,352.0,-35.68367419890332,-35.68367419890332,0
spsa,sea,176,354.0,-35.02022430443259,-35.02022430443259,0
spsa,sea,177,356.0,-34.991211434277176,-34.991211434277176,0
spsa,sea,178,358.0,-35.41291934435546,-35.41291934435546,0
spsa,sea,179,360.0,-35.56331650655022,-35.56331650655022,0
spsa,sea,180,362.0,-35.89520913323528,-35.89520913323528,0
spsa,sea,181,364.0,-35.45608925663546,-35.45608925663546,0
spsa,sea,182,366.0,-35.32481824486209,-35.32481824486209,0
spsa,sea,183,368.0,-35.28184271409226,-35.28184271409226,0
spsa,sea,184,370.0,-36.75330401839014,-36.75330401839014,0
spsa,sea,185,372.0,-36.52710057581584,-36.52710057581584,0
spsa,sea,186,374.0,-35.74633042700543,-35.74633042700543,0
spsa,sea,187,376.0,-37.096790161005764,-37.096790161005764,0
spsa,sea,188,378.0,-35.94907895872437,-35.94907895872437,0
spsa,sea,189,380.0,-36.00116227392065,-36.00116227392065,0
spsa,sea,190,382.0,-34.81160171721939,-34.81160171721939,0
spsa,sea,191,384.0,-36.41781471519104,-36.41781471519104,0
spsa,sea,192,386.0,-35.683825253401146,-35.683825253401146,0
spsa,sea,193,388.0,-35.74177989994247,-35.74177989994247,0
spsa,sea,194,390.0,-36.011046130890264,-36.011046130890264,0
spsa,sea,195,392.0,-37.95706180906967,-37.95706180906967,0
spsa,sea,196,394.0,-37.85862875942793,-37.85862875942793,0
spsa,sea,197,396.0,-37.37727857237301,-37.37727857237301,0
spsa,sea,198,398.0,-37.504557075812116,-37.504557075812116,0
spsa,sea,199,400.0,-32.151205102780175,-32.151205102780175,0
spsa,sea,200,402.0,-35.02809596414788,-35.02809596414788,0
spsa,sea,201,404.0,-36.71668540884031,-36.71668540884031,0
spsa,sea,202,406.0,-34.08720663629195,-34.08720663629195,0
spsa,sea,203,408.0,-34.319132517731965,-34.319132517731965,0
spsa,sea,204,410.0,-34.59279359093454,-34.59279359093454,0
spsa,sea,205,412.0,-35.315421071324806,-35.315421071324806,0
spsa,sea,206,414.0,-38.41347185908479,-38.41347185908479,0
spsa,sea,207,416.0,-37.50958452352387,-37.50958452352387,0
spsa,sea,208,418.0,-32.9805709519316,-32.9805709519316,0
spsa,sea,209,420.0,-34.41380544729368,-34.41380544729368,0
spsa,sea,210,422.0,-34.09280117351697,-34.09280117351697,0
spsa,sea,211,424.0,-35.225701293226535,-35.225701293226535,0
spsa,sea,212,426.0,-35.48696873637947,-35.48696873637947,0
spsa,sea,213,428.0,-35.41902351291421,-35.41902351291421,0
spsa,sea,214,430.0,-35.51197485466169,-35.51197485466169,0
spsa,sea,215,432.0,-35.663940094926566,-35.663940094926566,0
spsa,sea,216,434.0,-35.860057574040326,-35.860057574040326,0
spsa,sea,217,436.0,-35.93988625544092,-35.93988625544092,0
spsa,sea,218,438.0,-37.94638578652981,-37.94638578652981,0
spsa,sea,219,440.0,-37.424930056389826,-37.424930056389826,0
spsa,sea,220,442.0,-37.22596562514516,-37.22596562514516,0
spsa,sea,221,444.0,-37.25573143063289,-37.25573143063289,0
spsa,sea,222,446.0,-35.29803253138029,-35.29803253138029,0
spsa,sea,223,448.0,-33.62813316301529,-33.62813316301529,0
spsa,sea,224,450.0,-33.73005500220413,-33.73005500220413,0
spsa,sea,225,452.0,-33.98427167517437,-33.98427167517437,0
spsa,sea,226,454.0,-33.962346243311615,-33.962346243311615,0
spsa,sea,227,456.0,-34.048296019042255,-34.048296019042255,0
spsa,sea,228,458.0,-33.87302084290994,-33.87302084290994,0
spsa,sea,229,460.0,-34.051513388531475,-34.051513388531475,0
spsa,sea,230,462.0,-33.45703703566309,-33.45703703566309,0
spsa,sea,231,464.0,-33.79924262218863,-33.79924262218863,0
spsa,sea,232,466.0,-34.12975310780445,-34.12975310780445,0
spsa,sea,233,468.0,-33.93484702547937,-33.93484702547937,0
spsa,sea,234,470.0,-35.20387462214114,-35.20387462214114,0
spsa,sea,235,472.0,-34.6528519584466,-34.6528519584466,0
spsa,sea,236,474.0,-34.83024800022149,-34.83024800022149,0
spsa,sea,237,476.0,-35.050003437137285,-35.050003437137285,0
spsa,sea,238,478.0,-35.102533344737736,-35.102533344737736,0
spsa,sea,239,480.0,-35.22948117377604,-35.22948117377604,0
spsa,sea,240,482.0,-35.4012061285213,-35.4012061285213,0
spsa,sea,241,484.0,-37.05879690024446,-37.05879690024446,0
spsa,sea,242,486.0,-37.28082251798365,-37.28082251798365,0
spsa,sea,243,488.0,-36.95262832422176,-36.95262832422176,0
spsa,sea,244,490.0,-36.944927426587945,-36.944927426587945,0
spsa,sea,245,492.0,-35.958997990300574,-35.958997990300574,0
spsa,sea,246,494.0,-33.96545813749235,-33.96545813749235,0
spsa,sea,247,496.0,-34.73360063773755,-34.73360063773755,0
spsa,sea,248,498.0,-37.4089052836945,-37.4089052836945,0
spsa,sea,249,500.0,-38.72147276515754,-38.72147276515754,0
spsa,sea,250,502.0,-36.69911699519957,-36.69911699519957,0
spsa,sea,251,504.0,-36.73546733461352,-36.73546733461352,0
spsa,sea,252,506.0,-36.69922224773604,-36.69922224773604,0
spsa,sea,253,508.0,-36.73786705324012,-36.73786705324012,0
spsa,sea,254,510.0,-36.83769045668899,-36.83769045668899,0
spsa,sea,255,512.0,-37.79098792708129,-37.79098792708129,0
spsa,sea,256,514.0,-33.23469245430225,-33.23469245430225,0
spsa,sea,257,516.0,-33.9696855031027,-33.9696855031027,0
spsa,sea,258,518.0,-33.5092014599183,-33.5092014599183,0
spsa,sea,259,520.0,-34.879294035145776,-34.879294035145776,0
spsa,sea,260,522.0,-36.33298213917537,-36.33298213917537,0
spsa,sea,261,524.0,-37.269843293293945,-37.269843293293945,0
spsa,sea,262,526.0,-37.183256888973574,-37.183256888973574,0
spsa,sea,263,528.0,-36.14344379962807,-36.14344379962807,0
spsa,sea,264,530.0,-34.77695124514656,-34.77695124514656,0
spsa,sea,265,532.0,-33.81293939249308,-33.81293939249308,0
spsa,sea,266,534.0,-35.38537318452218,-35.38537318452218,0
spsa,sea,267,536.0,-35.33962481473095,-35.33962481473095,0
spsa,sea,268,538.0,-36.00899920559389,-36.00899920559389,0
spsa,sea,269,540.0,-35.199265920622736,-35.199265920622736,0
spsa,sea,270,542.0,-35.56325485150508,-35.56325485150508,0
spsa,sea,271,544.0,-35.83796504260404,-35.83796504260404,0
spsa,sea,272,546.0,-36.124036497281175,-36.124036497281175,0
spsa,sea,273,548.0,-36.50026927673166,-36.50026927673166,0
spsa,sea,274,550.0,-35.487692580364254,-35.487692580364254,0
spsa,sea,275,552.0,-35.94777234024292,-35.94777234024292,0
spsa,sea,276,554.0,-32.980709428254016,-32.980709428254016,0
spsa,sea,277,556.0,-33.36928581558411,-33.36928581558411,0
spsa,sea,278,558.0,-34.45606738079726,-34.45606738079726,0
spsa,sea,279,560.0,-34.494502175126726,-34.494502175126726,0
spsa,sea,280,562.0,-34.60382500718559,-34.60382500718559,0
spsa,sea,281,564.0,-34.55546917227109,-34.55546917227109,0
spsa,sea,282,566.0,-34.637834912224804,-34.637834912224804,0
spsa,sea,283,568.0,-34.744602200921705,-34.744602200921705,0
spsa,sea,284,570.0,-34.81113802791751,-34.81113802791751,0
spsa,sea,285,572.0,-35.175648072220824,-35.175648072220824,0
spsa,sea,286,574.0,-35.468237115164825,-35.468237115164825,0
spsa,sea,287,576.0,-37.89855551606881,-37.89855551606881,0
spsa,sea,288,578.0,-37.88273602511025,-37.88273602511025,0
spsa,sea,289,580.0,-37.35932645558016,-37.35932645558016,0
spsa,sea,290,582.0,-37.44073726703463,-37.44073726703463,0
spsa,sea,291,584.0,-32.52743387589581,-32.52743387589581,0
spsa,sea,292,586.0,-34.60924033771384,-34.60924033771384,0
spsa,sea,293,588.0,-34.85281047534178,-34.85281047534178,0
spsa,sea,294,590.0,-34.985406114017366,-34.985406114017366,0
spsa,sea,295,592.0,-34.77564653562792,-34.77564653562792,0
spsa,sea,296,594.0,-34.23389130475583,-34.23389130475583,0
spsa,sea,297,596.0,-33.56359416734935,-33.56359416734935,0
spsa,sea,298,598.0,-34.61190291537123,-34.61190291537123,0
spsa,sea,299,600.0,-36.07964674547252,-36.07964674547252,0
spsa,sea,300,602.0,-36.094052464712135,-36.094052464712135,0
spsa,sea,301,604.0,-35.95089654481269,-35.95089654481269,0
spsa,sea,302,606.0,-34.55127097283642,-34.55127097283642,0
spsa,sea,303,608.0,-34.74484869529472,-34.74484869529472,0
spsa,sea,304,610.0,-37.7038531418079,-37.7038531418079,0
spsa,sea,305,612.0,-37.61620764646197,-37.61620764646197,0
spsa,sea,306,614.0,-34.496131493519684,-34.496131493519684,0
spsa,sea,307,616.0,-34.125059077330086,-34.125059077330086,0
spsa,sea,308,618.0,-34.344424750532895,-34.344424750532895,0
spsa,sea,309,620.0,-35.20698253167858,-35.20698253167858,0
spsa,sea,310,622.0,-35.867572791138954,-35.867572791138954,0
spsa,sea,311,624.0,-35.74210094320578,-35.74210094320578,0
spsa,sea,312,626.0,-35.8288841546643,-35.8288841546643,0
spsa,sea,313,628.0,-36.02929623534496,-36.02929623534496,0
spsa,sea,314,630.0,-36.168211076670374,-36.168211076670374,0
spsa,sea,315,632.0,-37.413343874106715,-37.413343874106715,0
spsa,sea,316,634.0,-33.61863806698548,-33.61863806698548,0
spsa,sea,317,636.0,-34.70831031082678,-34.70831031082678,0
spsa,sea,318,638.0,-34.592949070029846,-34.592949070029846,0
spsa,sea,319,640.0,-34.77941067155987,-34.77941067155987,0
spsa,sea,320,642.0,-34.90606821593521,-34.90606821593521,0
spsa,sea,321,644.0,-35.533022804908484,-35.533022804908484,0
spsa,sea,322,646.0,-36.62894668666031,-36.62894668666031,0
spsa,sea,323,648.0,-34.853712193593296,-34.853712193593296,0
spsa,sea,324,650.0,-34.96573604957452,-34.96573604957452,0
spsa,sea,325,652.0,-36.17678722242428,-36.17678722242428,0
spsa,sea,326,654.0,-39.858050681346654,-39.858050681346654,0
spsa,sea,327,656.0,-38.11608827457151,-38.11608827457151,0
spsa,sea,328,658.0,-36.10693182640209,-36.10693182640209,0
spsa,sea,329,660.0,-35.30468841773927,-35.30468841773927,0
spsa,sea,330,662.0,-37.34392852367976,-37.34392852367976,0
spsa,sea,331,664.0,-37.57889015677178,-37.57889015677178,0
spsa,sea,332,666.0,-37.63596490465564,-37.63596490465564,0
spsa,sea,333,668.0,-37.58441859656584,-37.58441859656584,0
spsa,sea,334,670.0,-37.19789318655266,-37.19789318655266,0
spsa,sea,335,672.0,-36.47697079088803,-36.47697079088803,0
spsa,sea,336,674.0,-36.35682981521091,-36.35682981521091,0
spsa,sea,337,676.0,-36.4355969267739,-36.4355969267739,0
spsa,sea,338,678.0,-36.683162223229175,-36.683162223229175,0
spsa,sea,339,680.0,-36.41898397365283,-36.41898397365283,0
spsa,sea,340,682.0,-36.10150786427122,-36.10150786427122,0
spsa,sea,341,684.0,-36.1099509673885,-36.1099509673885,0
spsa,sea,342,686.0,-36.14309465386165,-36.14309465386165,0
spsa,sea,343,688.0,-36.27170853524571,-36.27170853524571,0
spsa,sea,344,690.0,-36.14564663255708,-36.14564663255708,0
spsa,sea,345,692.0,-36.252150938688345,-36.252150938688345,0
spsa,sea,346,694.0,-38.542849841758205,-38.542849841758205,0
spsa,sea,347,696.0,-34.62869133295918,-34.62869133295918,0
spsa,sea,348,698.0,-37.170321416552355,-37.170321416552355,0
spsa,sea,349,700.0,-39.87908521686056,-39.87908521686056,0
spsa,sea,350,702.0,-37.56283360198007,-37.56283360198007,0
spsa,sea,351,704.0,-37.36327685673032,-37.36327685673032,0
spsa,sea,352,706.0,-37.110468445080045,-37.110468445080045,0
spsa,sea,353,708.0,-36.965967269161375,-36.965967269161375,0
spsa,sea,354,710.0,-36.17476710900357,-36.17476710900357,0
spsa,sea,355,712.0,-35.899969287097456,-35.899969287097456,0
spsa,sea,356,714.0,-35.674716581379556,-35.674716581379556,0
spsa,sea,357,716.0,-35.86863400084657,-35.86863400084657,0
spsa,sea,358,718.0,-36.04885675488839,-36.04885675488839,0
spsa,sea,359,720.0,-35.547315697570326,-35.547315697570326,0
spsa,sea,360,722.0,-35.593806793201665,-35.593806793201665,0
spsa,sea,361,724.0,-35.65812157892469,-35.65812157892469,0
spsa,sea,362,726.0,-35.51956796895059,-35.51956796895059,0
spsa,sea,363,728.0,-35.79884918147809,-35.79884918147809,0
spsa,sea,364,730.0,-36.083780382425246,-36.083780382425246,0
spsa,sea,365,732.0,-35.43848019152346,-35.43848019152346,0
spsa,sea,366,734.0,-35.54729295582135,-35.54729295582135,0
spsa,sea,367,736.0,-35.71320513657648,-35.71320513657648,0
spsa,sea,368,738.0,-35.88919466044751,-35.88919466044751,0
spsa,sea,369,740.0,-35.83101441185876,-35.83101441185876,0
spsa,sea,370,742.0,-35.65631329317401,-35.65631329317401,0
spsa,sea,371,744.0,-36.259898361751475,-36.259898361751475,0
spsa,sea,372,746.0,-36.360807744063194,-36.360807744063194,0
spsa,sea,373,748.0,-36.18424675718564,-36.18424675718564,0
spsa,sea,374,750.0,-35.65316721005188,-35.65316721005188,0
spsa,sea,375,752.0,-35.86114762200112,-35.86114762200112,0
spsa,sea,376,754.0,-35.77981660183137,-35.77981660183137,0
spsa,sea,377,756.0,-33.32445744892194,-33.32445744892194,0
spsa,sea,378,758.0,-33.445053139503145,-33.445053139503145,0
spsa,sea,379,760.0,-33.996117272694576,-33.996117272694576,0
spsa,sea,380,762.0,-34.27214312748433,-34.27214312748433,0
spsa,sea,381,764.0,-34.89999056818346,-34.89999056818346,0
spsa,sea,382,766.0,-34.34508422448424,-34.34508422448424,0
spsa,sea,383,768.0,-34.68023028714077,-34.68023028714077,0
spsa,sea,384,770.0,-34.6964961479119,-34.6964961479119,0
spsa,sea,385,772.0,-34.7459754055955,-34.7459754055955,0
spsa,sea,386,774.0,-35.119428016757425,-35.119428016757425,0
spsa,sea,387,776.0,-35.30206736657834,-35.30206736657834,0
spsa,sea,388,778.0,-35.48379520571083,-35.48379520571083,0
spsa,sea,389,780.0,-35.93581397377905,-35.93581397377905,0
spsa,sea,390,782.0,-35.81548313606184,-35.81548313606184,0
spsa,sea,391,784.0,-35.56126391761254,-35.56126391761254,0
spsa,sea,392,786.0,-37.2350325050726,-37.2350325050726,0
spsa,sea,393,788.0,-40.35151443280908,-40.35151443280908,0
spsa,sea,394,790.0,-40.42709128126864,-40.42709128126864,0
spsa,sea,395,792.0,-34.359675730471125,-34.359675730471125,0
spsa,sea,396,794.0,-35.24843592466615,-35.24843592466615,0
spsa,sea,397,796.0,-35.3754610909721,-35.3754610909721,0
spsa,sea,398,798.0,-36.497485564599586,-36.497485564599586,0
spsa,sea,399,800.0,-36.527809675758874,-36.527809675758874,0
spsa,sea,400,802.0,-36.82651152878344,-36.82651152878344,0
spsa,sea,401,804.0,-36.71995314913651,-36.71995314913651,0
spsa,sea,402,806.0,-36.7367772699446,-36.7367772699446,0
spsa,sea,403,808.0,-34.49617692865771,-34.49617692865771,0
spsa,sea,404,810.0,-36.09872924200128,-36.09872924200128,0
spsa,sea,405,812.0,-36.05772088016644,-36.05772088016644,0
spsa,sea,406,814.0,-36.260778698612675,-36.260778698612675,0
spsa,sea,407,816.0,-34.3448849658152,-34.3448849658152,0
spsa,sea,408,818.0,-34.818058010370464,-34.818058010370464,0
spsa,sea,409,820.0,-34.855768761100755,-34.855768761100755,0
spsa,sea,410,822.0,-35.00168803102811,-35.00168803102811,0
spsa,sea,411,824.0,-35.10943488000879,-35.10943488000879,0
spsa,sea,412,826.0,-36.91702889562178,-36.91702889562178,0
spsa,sea,413,828.0,-38.55696414200776,-38.55696414200776,0
spsa,sea,414,830.0,-34.33852927304114,-34.33852927304114,0
spsa,sea,415,832.0,-35.90436624009412,-35.90436624009412,0
spsa,sea,416,834.0,-34.47132481532675,-34.47132481532675,0
spsa,sea,417,836.0,-33.27147980849698,-33.27147980849698,0
spsa,sea,418,838.0,-34.051982104119105,-34.051982104119105,0
spsa,sea,419,840.0,-34.0835327162488,-34.0835327162488,0
spsa,sea,420,842.0,-34.16643726186545,-34.16643726186545,0
spsa,sea,421,844.0,-34.54141498518747,-34.54141498518747,0
spsa,sea,422,846.0,-36.00596334079731,-36.00596334079731,0
spsa,sea,423,848.0,-36.111799609304015,-36.111799609304015,0
spsa,sea,424,850.0,-36.216216219236046,-36.216216219236046,0
spsa,sea,425,852.0,-36.90140501629575,-36.90140501629575,0
spsa,sea,426,854.0,-36.95158492551377,-36.95158492551377,0
spsa,sea,427,856.0,-36.95987904661001,-36.95987904661001,0
spsa,sea,428,858.0,-36.4621918160234,-36.4621918160234,0
spsa,sea,429,860.0,-36.38671596518179,-36.38671596518179,0
spsa,sea,430,862.0,-35.69312888845643,-35.69312888845643,0
spsa,sea,431,864.0,-35.93491921250418,-35.93491921250418,0
spsa,sea,432,866.0,-35.989783206895645,-35.989783206895645,0
spsa,sea,433,868.0,-36.15168153968749,-36.15168153968749,0
spsa,sea,434,870.0,-38.84309958066285,-38.84309958066285,0
spsa,sea,435,872.0,-33.49555325887573,-33.49555325887573,0
spsa,sea,436,874.0,-33.403137047520275,-33.403137047520275,0
spsa,sea,437,876.0,-33.79722873802006,-33.79722873802006,0
spsa,sea,438,878.0,-34.731256198126374,-34.731256198126374,0
spsa,sea,439,880.0,-35.039868799419736,-35.039868799419736,0
spsa,sea,440,882.0,-35.3870086281229,-35.3870086281229,0
spsa,sea,441,884.0,-35.4316340739317,-35.4316340739317,0
spsa,sea,442,886.0,-35.69291855748381,-35.69291855748381,0
spsa,sea,443,888.0,-35.83638421138692,-35.83638421138692,0
spsa,sea,444,890.0,-35.89780896171031,-35.89780896171031,0
spsa,sea,445,892.0,-35.93845543425015,-35.93845543425015,0
spsa,sea,446,894.0,-35.26818219753676,-35.26818219753676,0
spsa,sea,447,896.0,-35.323998704189236,-35.323998704189236,0
spsa,sea,448,898.0,-35.334501885115515,-35.334501885115515,0
spsa,sea,449,900.0,-35.68291631015899,-35.68291631015899,0
spsa,sea,450,902.0,-35.98816895716395,-35.98816895716395,0
spsa,sea,451,904.0,-36.10536148366198,-36.10536148366198,0
spsa,sea,452,906.0,-36.17249395204091,-36.17249395204091,0
spsa,sea,453,908.0,-36.4772008528745,-36.4772008528745,0
spsa,sea,454,910.0,-36.777698055907926,-36.777698055907926,0
spsa,sea,455,912.0,-36.5974152973623,-36.5974152973623,0
spsa,sea,456,914.0,-35.96762676484486,-35.96762676484486,0
spsa,sea,457,916.0,-36.303392460841266,-36.303392460841266,0
spsa,sea,458,918.0,-36.020185746222936,-36.020185746222936,0
spsa,sea,459,920.0,-36.769803963587705,-36.769803963587705,0
spsa,sea,460,922.0,-36.855923825504235,-36.855923825504235,0
spsa,sea,461,924.0,-36.90529794142813,-36.90529794142813,0
spsa,sea,462,926.0,-36.783301701413464,-36.783301701413464,0
spsa,sea,463,928.0,-36.81337690803443,-36.81337690803443,0
spsa,sea,464,930.0,-36.77873462689614,-36.77873462689614,0
spsa,sea,465,932.0,-36.5167369314816,-36.5167369314816,0
spsa,sea,466,934.0,-37.12712463510823,-37.12712463510823,0
spsa,sea,467,936.0,-36.59577450207106,-36.59577450207106,0
spsa,sea,468,938.0,-34.33998106565624,-34.33998106565624,0
spsa,sea,469,940.0,-34.86923609952046,-34.86923609952046,0
spsa,sea,470,942.0,-34.823455330797,-34.823455330797,0
spsa,sea,471,944.0,-36.300783667676754,-36.300783667676754,0
spsa,sea,472,946.0,-35.764279653986485,-35.764279653986485,0
spsa,sea,473,948.0,-36.23474142929339,-36.23474142929339,0
spsa,sea,474,950.0,-36.210080953186235,-36.210080953186235,0
spsa,sea,475,952.0,-36.29730959808805,-36.29730959808805,0
spsa,sea,476,954.0,-36.35172938802483,-36.35172938802483,0
spsa,sea,477,956.0,-36.7175060027064,-36.7175060027064,0
spsa,sea,478,958.0,-36.72680999527693,-36.72680999527693,0
spsa,sea,479,960.0,-36.805709079428034,-36.805709079428034,0
spsa,sea,480,962.0,-36.95731579374824,-36.95731579374824,0
spsa,sea,481,964.0,-37.056963767021166,-37.056963767021166,0
spsa,sea,482,966.0,-37.987498380620124,-37.987498380620124,0
spsa,sea,483,968.0,-38.06615047589887,-38.06615047589887,0
spsa,sea,484,970.0,-37.38094628272509,-37.38094628272509,0
spsa,sea,485,972.0,-36.3113065789127,-36.3113065789127,0
spsa,sea,486,974.0,-36.39214363769119,-36.39214363769119,0
spsa,sea,487,976.0,-37.27931046214574,-37.27931046214574,0
spsa,sea,488,978.0,-37.191203593201685,-37.191203593201685,0
spsa,sea,489,980.0,-37.15557832741801,-37.15557832741801,0
spsa,sea,490,982.0,-37.20400584631861,-37.20400584631861,0
spsa,sea,491,984.0,-35.20730526303437,-35.20730526303437,0
spsa,sea,492,986.0,-35.043502933595434,-35.043502933595434,0
spsa,sea,493,988.0,-34.996873397155994,-34.996873397155994,0
spsa,sea,494,990.0,-32.256132700856035,-32.256132700856035,0
spsa,sea,495,992.0,-33.08604136893615,-33.08604136893615,0
spsa,sea,496,994.0,-32.99633402212594,-32.99633402212594,0
spsa,sea,497,996.0,-33.49989998000408,-33.49989998000408,0
spsa,sea,498,998.0,-34.996925674974094,-34.996925674974094,0
spsa,sea,499,1000.0,-35.25616042956507,-35.25616042956507,0
spsa,pretrained,0,,-33.22346734899752,,0
spsa,pretrained,1,,-34.05887005351258,,0
spsa,pretrained,2,,-29.158220577011228,,0
spsa,pretrained,3,,-35.737138281877264,,0
spsa,pretrained,4,,-31.514982456364727,,0
spsa,pretrained,5,,-33.24977955746855,,0
spsa,pretrained,6,,-32.34489805356241,,0
spsa,pretrained,7,,-30.236529350970372,,0
spsa,pretrained,8,,-34.54865979624111,,0
spsa,pretrained,9,,-29.22178074129694,,0
spsa,pretrained,10,,-29.686245300044465,,0
spsa,pretrained,11,,-35.84437166004568,,0
spsa,pretrained,12,,-31.256910263028075,,0
spsa,pretrained,13,,-28.637573107553564,,0
spsa,pretrained,14,,-36.297565103507964,,0
spsa,pretrained,15,,-21.928806140601903,,0
spsa,pretrained,16,,-31.8035156837443,,0
spsa,pretrained,17,,-37.34120854445176,,0
spsa,pretrained,18,,-42.4482207674655,,0
spsa,pretrained,19,,-36.71082158648199,,0
spsa,pretrained,20,,-35.141317858638786,,0
spsa,pretrained,21,,-35.76868617955638,,0
spsa,pretrained,22,,-31.57206422582675,,0
spsa,pretrained,23,,-37.34191348514348,,0
spsa,pretrained,24,,-34.56015530615081,,0
spsa,pretrained,25,,-34.35847561824387,,0
spsa,pretrained,26,,-33.06555286443732,,0
spsa,pretrained,27,,-27.95340655989269,,0
spsa,pretrained,28,,-32.58618741915109,,0
spsa,pretrained,29,,-34.86278020445237,,0
spsa,pretrained,30,,-34.21770320497764,,0
spsa,pretrained,31,,-37.56258919150837,,0
spsa,pretrained,32,,-38.29238590060652,,0
spsa,pretrained,33,,-41.077157139772325,,0
spsa,pretrained,34,,-31.21187816932887,,0
spsa,pretrained,35,,-30.780394383281127,,0
spsa,pretrained,36,,-35.54112169914577,,0
spsa,pretrained,37,,-38.561468654361036,,0
spsa,pretrained,38,,-39.63226254942968,,0
spsa,pretrained,39,,-38.828313902098294,,0
spsa,pretrained,40,,-37.972404351665446,,0
spsa,pretrained,41,,-32.40952788322748,,0
spsa,pretrained,42,,-32.50612939009834,,0
spsa,pretrained,43,,-32.30275322274208,,0
spsa,pretrained,44,,-32.14151125752362,,0
spsa,pretrained,45,,-30.35982816429972,,0
spsa,pretrained,46,,-31.64731932184341,,0
spsa,pretrained,47,,-31.269553784106094,,0
spsa,pretrained,48,,-32.780938278154096,,0
spsa,pretrained,49,,-32.65618428985537,,0
spsa,pretrained,50,,-31.5236304382994,,0
spsa,pretrained,51,,-31.6587669886942,,0
spsa,pretrained,52,,-33.39991979111851,,0
spsa,pretrained,53,,-32.98074728280274,,0
spsa,pretrained,54,,-34.8375623795982,,0
spsa,pretrained,55,,-38.89011424095589,,0
spsa,pretrained,56,,-36.12499483322516,,0
spsa,pretrained,57,,-36.953931673272706,,0
spsa,pretrained,58,,-34.89946688937034,,0
spsa,pretrained,59,,-34.955478129614335,,0
spsa,pretrained,60,,-32.669429129042385,,0
spsa,pretrained,61,,-35.63325396858521,,0
spsa,pretrained,62,,-41.30366538199286,,0
spsa,pretrained,63,,-41.033529637858805,,0
spsa,pretrained,64,,-35.90241656513125,,0
spsa,pretrained,65,2.0,-33.948327087580964,-33.948327087580964,1
spsa,pretrained,66,4.0,-34.16543242650299,-34.16543242650299,0
spsa,pretrained,67,6.0,-33.81581196886892,-33.81581196886892,0
spsa,pretrained,68,8.0,-33.94780018690071,-33.94780018690071,0
spsa,pretrained,69,10.0,-35.30821325257736,-35.30821325257736,0
spsa,pretrained,70,12.0,-35.25572256296681,-35.25572256296681,0
spsa,pretrained,71,14.0,-33.29383054095318,-33.29383054095318,0
spsa,pretrained,72,16.0,-34.4452433374329,-34.4452433374329,0
spsa,pretrained,73,18.0,-34.45278041223579,-34.45278041223579,0
spsa,pretrained,74,20.0,-34.07396636129375,-34.07396636129375,0
spsa,pretrained,75,22.0,-34.39721269292818,-34.39721269292818,0
spsa,pretrained,76,24.0,-34.520973426798406,-34.520973426798406,0
spsa,pretrained,77,26.0,-34.204219982028334,-34.204219982028334,0
spsa,pretrained,78,28.0,-34.32137902664095,-34.32137902664095,0
spsa,pretrained,79,30.0,-34.357949088265116,-34.357949088265116,0
spsa,pretrained,80,32.0,-35.70542069677634,-35.70542069677634,0
spsa,pretrained,81,34.0,-34.543563553135584,-34.543563553135584,0
spsa,pretrained,82,36.0,-34.47023234963383,-34.47023234963383,0
spsa,pretrained,83,38.0,-35.538037925253185,-35.538037925253185,0
spsa,pretrained,84,40.0,-35.497670201890436,-35.497670201890436,0
spsa,pretrained,85,42.0,-35.452774847497594,-35.452774847497594,0
spsa,pretrained,86,44.0,-35.39168003632493,-35.39168003632493,0
spsa,pretrained,87,46.0,-35.324984349535896,-35.324984349535896,0
spsa,pretrained,88,48.0,-33.60198472796488,-33.60198472796488,0
spsa,pretrained,89,50.0,-33.50650452063281,-33.50650452063281,0
spsa,pretrained,90,52.0,-33.55715902544593,-33.55715902544593,0
spsa,pretrained,91,54.0,-33.64932490000128,-33.64932490000128,0
spsa,pretrained,92,56.0,-34.250437451585285,-34.250437451585285,0
spsa,pretrained,93,58.0,-34.31308758865811,-34.31308758865811,0
spsa,pretrained,94,60.0,-35.11146596080478,-35.11146596080478,0
spsa,pretrained,95,62.0,-35.069854515077715,-35.069854515077715,0
spsa,pretrained,96,64.0,-33.61621822186419,-33.61621822186419,0
spsa,pretrained,97,66.0,-33.663528672644254,-33.663528672644254,0
spsa,pretrained,98,68.0,-33.80540472708544,-33.80540472708544,0
spsa,pretrained,99,70.0,-34.08602931573561,-34.08602931573561,0
spsa,pretrained,100,72.0,-34.098176878700116,-34.098176878700116,0
spsa,pretrained,101,74.0,-34.576092709147844,-34.576092709147844,0
spsa,pretrained,102,76.0,-34.71537486811856,-34.71537486811856,0
spsa,pretrained,103,78.0,-34.73660243354759,-34.73660243354759,0
spsa,pretrained,104,80.0,-34.89018220033532,-34.89018220033532,0
spsa,pretrained,105,82.0,-34.356257433773344,-34.356257433773344,0
spsa,pretrained,106,84.0,-34.63003219339596,-34.63003219339596,0
spsa,pretrained,107,86.0,-34.54228592582503,-34.54228592582503,0
spsa,pretrained,108,88.0,-34.48728574346747,-34.48728574346747,0
spsa,pretrained,109,90.0,-34.387535774422254,-34.387535774422254,0
spsa,pretrained,110,92.0,-34.32769350232611,-34.32769350232611,0
spsa,pretrained,111,94.0,-34.35305613902416,-34.35305613902416,0
spsa,pretrained,112,96.0,-34.40082655114433,-34.40082655114433,0
spsa,pretrained,113,98.0,-34.46413393778255,-34.46413393778255,0
spsa,pretrained,114,100.0,-34.501180334292904,-34.501180334292904,0
spsa,pretrained,115,102.0,-34.54628427050109,-34.54628427050109,0
spsa,pretrained,116,104.0,-34.60734958480883,-34.60734958480883,0
spsa,pretrained,117,106.0,-34.958471227787356,-34.958471227787356,0
spsa,pretrained,118,108.0,-34.926613399466746,-34.926613399466746,0
spsa,pretrained,119,110.0,-34.89805981304171,-34.89805981304171,0
spsa,pretrained,120,112.0,-34.96087077220043,-34.96087077220043,0
spsa,pretrained,121,114.0,-35.9657843696699,-35.9657843696699,0
spsa,pretrained,122,116.0,-35.75626795739554,-35.75626795739554,0
spsa,pretrained,123,118.0,-35.6962064506569,-35.6962064506569,0
spsa,pretrained,124,120.0,-35.59173397898647,-35.59173397898647,0
spsa,pretrained,125,122.0,-35.57906783151023,-35.57906783151023,0
spsa,pretrained,126,124.0,-35.53111779000807,-35.53111779000807,0
spsa,pretrained,127,126.0,-35.572401902095145,-35.572401902095145,0
spsa,pretrained,128,128.0,-34.49469288671461,-34.49469288671461,0
spsa,pretrained,129,130.0,-34.696955521113736,-34.696955521113736,0
spsa,pretrained,130,132.0,-34.72580208473109,-34.72580208473109,0
spsa,pretrained,131,134.0,-34.693699573358394,-34.693699573358394,0
spsa,pretrained,132,136.0,-34.789095286283775,-34.789095286283775,0
spsa,pretrained,133,138.0,-35.20824950469016,-35.20824950469016,0
spsa,pretrained,134,140.0,-34.95407955576127,-34.95407955576127,0
spsa,pretrained,135,142.0,-35.350027280087176,-35.350027280087176,0
spsa,pretrained,136,144.0,-35.51464605307706,-35.51464605307706,0
spsa,pretrained,137,146.0,-35.69719903742335,-35.69719903742335,0
spsa,pretrained,138,148.0,-35.672519689213814,-35.672519689213814,0
spsa,pretrained,139,150.0,-35.295627878169995,-35.295627878169995,0
spsa,pretrained,140,152.0,-35.20794013653793,-35.20794013653793,0
spsa,pretrained,141,154.0,-35.09330431159981,-35.09330431159981,0
spsa,pretrained,142,156.0,-35.294371051893464,-35.294371051893464,0
spsa,pretrained,143,158.0,-36.2725432931942,-36.2725432931942,0
spsa,pretrained,144,160.0,-35.314220367830494,-35.314220367830494,0
spsa,pretrained,145,162.0,-35.32739191799438,-35.32739191799438,0
spsa,pretrained,146,164.0,-35.35206455388195,-35.35206455388195,0
spsa,pretrained,147,166.0,-36.17249858278976,-36.17249858278976,0
spsa,pretrained,148,168.0,-35.76789552147176,-35.76789552147176,0
spsa,pretrained,149,170.0,-35.79508722022166,-35.79508722022166,0
spsa,pretrained,150,172.0,-35.350547317686726,-35.350547317686726,0
spsa,pretrained,151,174.0,-35.463248027912925,-35.463248027912925,0
spsa,pretrained,152,176.0,-34.0181627657175,-34.0181627657175,0
spsa,pretrained,153,178.0,-34.94405720243813,-34.94405720243813,0
spsa,pretrained,154,180.0,-34.894226165909245,-34.894226165909245,0
spsa,pretrained,155,182.0,-34.91615120878906,-34.91615120878906,0
spsa,pretrained,156,184.0,-35.07102672834515,-35.07102672834515,0
spsa,pretrained,157,186.0,-34.649035615953345,-34.649035615953345,0
spsa,pretrained,158,188.0,-34.82663335687626,-34.82663335687626,0
spsa,pretrained,159,190.0,-35.23234465766461,-35.23234465766461,0
spsa,pretrained,160,192.0,-35.21037285004914,-35.21037285004914,0
spsa,pretrained,161,194.0,-35.22558290758535,-35.22558290758535,0
spsa,pretrained,162,196.0,-35.317077133267446,-35.317077133267446,0
spsa,pretrained,163,198.0,-35.76518273380722,-35.76518273380722,0
spsa,pretrained,164,200.0,-35.19713189486822,-35.19713189486822,0
spsa,pretrained,165,202.0,-35.16216706169324,-35.16216706169324,0
spsa,pretrained,166,204.0,-35.21979232416906,-35.21979232416906,0
spsa,pretrained,167,206.0,-35.25698095681402,-35.25698095681402,0
spsa,pretrained,168,208.0,-35.42131305001749,-35.42131305001749,0
spsa,pretrained,169,210.0,-34.36697401414626,-34.36697401414626,0
spsa,pretrained,170,212.0,-35.103077321090765,-35.103077321090765,0
spsa,pretrained,171,214.0,-35.08770230953374,-35.08770230953374,0
spsa,pretrained,172,216.0,-35.21094026511035,-35.21094026511035,0
spsa,pretrained,173,218.0,-34.79435764800384,-34.79435764800384,0
spsa,pretrained,174,220.0,-34.80688149867064,-34.80688149867064,0
spsa,pretrained,175,222.0,-35.58999261526699,-35.58999261526699,0
spsa,pretrained,176,224.0,-35.610856201344106,-35.610856201344106,0
spsa,pretrained,177,226.0,-33.36129563892494,-33.36129563892494,0
spsa,pretrained,178,228.0,-33.67661674475663,-33.67661674475663,0
spsa,pretrained,179,230.0,-33.867434470987135,-33.867434470987135,0
spsa,pretrained,180,232.0,-33.877712344472684,-33.877712344472684,0
spsa,pretrained,181,234.0,-34.245356578672315,-34.245356578672315,0
spsa,pretrained,182,236.0,-34.24412812674902,-34.24412812674902,0
spsa,pretrained,183,238.0,-34.265492310271775,-34.265492310271775,0
spsa,pretrained,184,240.0,-34.30292926645732,-34.30292926645732,0
spsa,pretrained,185,242.0,-34.28264173400703,-34.28264173400703,0
spsa,pretrained,186,244.0,-34.36735740773213,-34.36735740773213,0
spsa,pretrained,187,246.0,-34.419906055620295,-34.419906055620295,0
spsa,pretrained,188,248.0,-34.495369719371624,-34.495369719371624,0
spsa,pretrained,189,250.0,-34.60748698284989,-34.60748698284989,0
spsa,pretrained,190,252.0,-34.71464748789998,-34.71464748789998,0
spsa,pretrained,191,254.0,-34.987628264736216,-34.987628264736216,0
spsa,pretrained,192,256.0,-35.149628937007876,-35.149628937007876,0
spsa,pretrained,193,258.0,-35.196474295304746,-35.196474295304746,0
spsa,pretrained,194,260.0,-35.186489506882,-35.186489506882,0
spsa,pretrained,195,262.0,-35.23240894108691,-35.23240894108691,0
spsa,pretrained,196,264.0,-35.277766854465995,-35.277766854465995,0
spsa,pretrained,197,266.0,-35.37820840745098,-35.37820840745098,0
spsa,pretrained,198,268.0,-35.403355786560766,-35.403355786560766,0
spsa,pretrained,199,270.0,-35.430528100741824,-35.430528100741824,0
spsa,pretrained,200,272.0,-35.154958056033365,-35.154958056033365,0
spsa,pretrained,201,274.0,-35.17227011005299,-35.17227011005299,0
spsa,pretrained,202,276.0,-35.40593202672686,-35.40593202672686,0
spsa,pretrained,203,278.0,-36.010113755905785,-36.010113755905785,0
spsa,pretrained,204,280.0,-36.243964739300594,-36.243964739300594,0
spsa,pretrained,205,282.0,-36.71608449349269,-36.71608449349269,0
spsa,pretrained,206,284.0,-36.82219646456156,-36.82219646456156,0
spsa,pretrained,207,286.0,-36.88849105709093,-36.88849105709093,0
spsa,pretrained,208,288.0,-36.89227360933488,-36.89227360933488,0
spsa,pretrained,209,290.0,-34.54894265854523,-34.54894265854523,0
spsa,pretrained,210,292.0,-34.618300903916335,-34.618300903916335,0
spsa,pretrained,211,294.0,-34.66236786117053,-34.66236786117053,0
spsa,pretrained,212,296.0,-34.618853795047556,-34.618853795047556,0
spsa,pretrained,213,298.0,-34.61090192360149,-34.61090192360149,0
spsa,pretrained,214,300.0,-34.678590803331275,-34.678590803331275,0
spsa,pretrained,215,302.0,-34.83240079304528,-34.83240079304528,0
spsa,pretrained,216,304.0,-34.88758548551799,-34.88758548551799,0
spsa,pretrained,217,306.0,-34.633018700893544,-34.633018700893544,0
spsa,pretrained,218,308.0,-34.75739095248173,-34.75739095248173,0
spsa,pretrained,219,310.0,-34.76794722595439,-34.76794722595439,0
spsa,pretrained,220,312.0,-34.87209526712503,-34.87209526712503,0
spsa,pretrained,221,314.0,-34.814584863016975,-34.814584863016975,0
spsa,pretrained,222,316.0,-34.9160272638195,-34.9160272638195,0
spsa,pretrained,223,318.0,-35.11009361668573,-35.11009361668573,0
spsa,pretrained,224,320.0,-35.310065911556585,-35.310065911556585,0
spsa,pretrained,225,322.0,-35.30242764665714,-35.30242764665714,0
spsa,pretrained,226,324.0,-35.1449006896717,-35.1449006896717,0
spsa,pretrained,227,326.0,-35.020667051588234,-35.020667051588234,0
spsa,pretrained,228,328.0,-37.24510296451343,-37.24510296451343,0
spsa,pretrained,229,330.0,-35.70251386165522,-35.70251386165522,0
spsa,pretrained,230,332.0,-35.82546396887733,-35.82546396887733,0
spsa,pretrained,231,334.0,-35.75869511334876,-35.75869511334876,0
spsa,pretrained,232,336.0,-35.51336882826928,-35.51336882826928,0
spsa,pretrained,233,338.0,-35.58802017323547,-35.58802017323547,0
spsa,pretrained,234,340.0,-35.68366524185623,-35.68366524185623,0
spsa,pretrained,235,342.0,-36.68049793312085,-36.68049793312085,0
spsa,pretrained,236,344.0,-36.61216595706833,-36.61216595706833,0
spsa,pretrained,237,346.0,-34.8923163244546,-34.8923163244546,0
spsa,pretrained,238,348.0,-35.42684459912832,-35.42684459912832,0
spsa,pretrained,239,350.0,-34.5579632051943,-34.5579632051943,0
spsa,pretrained,240,352.0,-34.56622422478044,-34.56622422478044,0
spsa,pretrained,241,354.0,-35.425855756782596,-35.425855756782596,0
spsa,pretrained,242,356.0,-35.94481252131722,-35.94481252131722,0
spsa,pretrained,243,358.0,-36.54989067912197,-36.54989067912197,0
spsa,pretrained,244,360.0,-36.56337420490016,-36.56337420490016,0
spsa,pretrained,245,362.0,-36.64777486881965,-36.64777486881965,0
spsa,pretrained,246,364.0,-37.5831536373737,-37.5831536373737,0
spsa,pretrained,247,366.0,-37.649869213069785,-37.649869213069785,0
spsa,pretrained,248,368.0,-37.600317239473,-37.600317239473,0
spsa,pretrained,249,370.0,-38.668675986676035,-38.668675986676035,0
spsa,pretrained,250,372.0,-34.03925610909232,-34.03925610909232,0
spsa,pretrained,251,374.0,-34.07386798526166,-34.07386798526166,0
spsa,pretrained,252,376.0,-34.068924730872126,-34.068924730872126,0
spsa,pretrained,253,378.0,-35.70632818879331,-35.70632818879331,0
spsa,pretrained,254,380.0,-35.847050894432854,-35.847050894432854,0
spsa,pretrained,255,382.0,-35.85397818642385,-35.85397818642385,0
spsa,pretrained,256,384.0,-36.02200417671223,-36.02200417671223,0
spsa,pretrained,257,386.0,-37.209643576995106,-37.209643576995106,0
spsa,pretrained,258,388.0,-37.088226430658665,-37.088226430658665,0
spsa,pretrained,259,390.0,-37.089896197718915,-37.089896197718915,0
spsa,pretrained,260,392.0,-37.065967961539506,-37.065967961539506,0
spsa,pretrained,261,394.0,-36.832401548271115,-36.832401548271115,0
spsa,pretrained,262,396.0,-36.52504304850848,-36.52504304850848,0
spsa,pretrained,263,398.0,-37.31858004436452,-37.31858004436452,0
spsa,pretrained,264,400.0,-37.363856387225674,-37.363856387225674,0
spsa,pretrained,265,402.0,-37.3505165197699,-37.3505165197699,0
spsa,pretrained,266,404.0,-37.39674658662259,-37.39674658662259,0
spsa,pretrained,267,406.0,-37.428491480623975,-37.428491480623975,0
spsa,pretrained,268,408.0,-37.236085477865885,-37.236085477865885,0
spsa,pretrained,269,410.0,-37.3968529034551,-37.3968529034551,0
spsa,pretrained,270,412.0,-37.456351443461614,-37.456351443461614,0
spsa,pretrained,271,414.0,-36.60305713042307,-36.60305713042307,0
spsa,pretrained,272,416.0,-36.61489541052772,-36.61489541052772,0
spsa,pretrained,273,418.0,-36.62268007835774,-36.62268007835774,0
spsa,pretrained,274,420.0,-36.83703702127278,-36.83703702127278,0
spsa,pretrained,275,422.0,-36.99059458712294,-36.99059458712294,0
spsa,pretrained,276,424.0,-37.068650676676214,-37.068650676676214,0
spsa,pretrained,277,426.0,-37.04780974638081,-37.04780974638081,0
spsa,pretrained,278,428.0,-36.90097570804234,-36.90097570804234,0
spsa,pretrained,279,430.0,-36.52539424320021,-36.52539424320021,0
spsa,pretrained,280,432.0,-36.59354920351116,-36.59354920351116,0
spsa,pretrained,281,434.0,-35.167741187553844,-35.167741187553844,0
spsa,pretrained,282,436.0,-35.1625055271445,-35.1625055271445,0
spsa,pretrained,283,438.0,-35.28617499242154,-35.28617499242154,0
spsa,pretrained,284,440.0,-36.094355685410406,-36.094355685410406,0
spsa,pretrained,285,442.0,-36.08267842926028,-36.08267842926028,0
spsa,pretrained,286,444.0,-36.230755632701715,-36.230755632701715,0
spsa,pretrained,287,446.0,-36.10806432052219,-36.10806432052219,0
spsa,pretrained,288,448.0,-36.09046002015001,-36.09046002015001,0
spsa,pretrained,289,450.0,-36.2153670395208,-36.2153670395208,0
spsa,pretrained,290,452.0,-35.72264587397973,-35.72264587397973,0
spsa,pretrained,291,454.0,-35.745818490710086,-35.745818490710086,0
spsa,pretrained,292,456.0,-35.90885583412347,-35.90885583412347,0
spsa,pretrained,293,458.0,-35.355088161226504,-35.355088161226504,0
spsa,pretrained,294,460.0,-35.4325521263985,-35.4325521263985,0
spsa,pretrained,295,462.0,-35.665643383626104,-35.665643383626104,0
spsa,pretrained,296,464.0,-35.64390052955865,-35.64390052955865,0
spsa,pretrained,297,466.0,-37.47500152672957,-37.47500152672957,0
spsa,pretrained,298,468.0,-37.51529339696932,-37.51529339696932,0
spsa,pretrained,299,470.0,-37.86266014494166,-37.86266014494166,0
spsa,pretrained,300,472.0,-35.73228582795839,-35.73228582795839,0
spsa,pretrained,301,474.0,-36.09133074761856,-36.09133074761856,0
spsa,pretrained,302,476.0,-36.15666821117104,-36.15666821117104,0
spsa,pretrained,303,478.0,-35.88517618535468,-35.88517618535468,0
spsa,pretrained,304,480.0,-36.03787356136712,-36.03787356136712,0
spsa,pretrained,305,482.0,-36.26448084584284,-36.26448084584284,0
spsa,pretrained,306,484.0,-35.854517476254046,-35.854517476254046,0
spsa,pretrained,307,486.0,-35.894789933564056,-35.894789933564056,0
spsa,pretrained,308,488.0,-35.56008173051157,-35.56008173051157,0
spsa,pretrained,309,490.0,-35.683659201920264,-35.683659201920264,0
spsa,pretrained,310,492.0,-35.77309283982561,-35.77309283982561,0
spsa,pretrained,311,494.0,-35.55816997486423,-35.55816997486423,0
spsa,pretrained,312,496.0,-35.76010559159076,-35.76010559159076,0
spsa,pretrained,313,498.0,-35.79505678912024,-35.79505678912024,0
spsa,pretrained,314,500.0,-36.03877888487557,-36.03877888487557,0
spsa,pretrained,315,502.0,-36.158524555174715,-36.158524555174715,0
spsa,pretrained,316,504.0,-36.629766159559246,-36.629766159559246,0
spsa,pretrained,317,506.0,-36.65374226047293,-36.65374226047293,0
spsa,pretrained,318,508.0,-37.13869880669915,-37.13869880669915,0
spsa,pretrained,319,510.0,-37.139224350809755,-37.139224350809755,0
spsa,pretrained,320,512.0,-37.142045064916005,-37.142045064916005,0
spsa,pretrained,321,514.0,-37.123928230768215,-37.123928230768215,0
spsa,pretrained,322,516.0,-37.23541206718871,-37.23541206718871,0
spsa,pretrained,323,518.0,-37.847393662458664,-37.847393662458664,0
spsa,pretrained,324,520.0,-37.614939662816795,-37.614939662816795,0
spsa,pretrained,325,522.0,-36.3724488225067,-36.3724488225067,0
spsa,pretrained,326,524.0,-36.194431063596625,-36.194431063596625,0
spsa,pretrained,327,526.0,-36.94898622204614,-36.94898622204614,0
spsa,pretrained,328,528.0,-36.95738960802089,-36.95738960802089,0
spsa,pretrained,329,530.0,-36.92828323720538,-36.92828323720538,0
spsa,pretrained,330,532.0,-37.077512780324554,-37.077512780324554,0
spsa,pretrained,331,534.0,-37.353265285757175,-37.353265285757175,0
spsa,pretrained,332,536.0,-37.34705265260267,-37.34705265260267,0
spsa,pretrained,333,538.0,-36.818138996872364,-36.818138996872364,0
spsa,pretrained,334,540.0,-36.80055753608385,-36.80055753608385,0
spsa,pretrained,335,542.0,-36.3301771499995,-36.3301771499995,0
spsa,pretrained,336,544.0,-36.31662771032909,-36.31662771032909,0
spsa,pretrained,337,546.0,-36.292205986039164,-36.292205986039164,0
spsa,pretrained,338,548.0,-36.74056225734735,-36.74056225734735,0
spsa,pretrained,339,550.0,-36.701406045506374,-36.701406045506374,0
spsa,pretrained,340,552.0,-36.78563255353459,-36.78563255353459,0
spsa,pretrained,341,554.0,-37.15482217079424,-37.15482217079424,0
spsa,pretrained,342,556.0,-36.68126964664817,-36.68126964664817,0
spsa,pretrained,343,558.0,-36.72554177061317,-36.72554177061317,0
spsa,pretrained,344,560.0,-36.728609862319416,-36.728609862319416,0
spsa,pretrained,345,562.0,-36.857426880035916,-36.857426880035916,0
spsa,pretrained,346,564.0,-36.828962665492085,-36.828962665492085,0
spsa,pretrained,347,566.0,-36.96491837900271,-36.96491837900271,0
spsa,pretrained,348,568.0,-35.601005749735776,-35.601005749735776,0
spsa,pretrained,349,570.0,-35.860559213502896,-35.860559213502896,0
spsa,pretrained,350,572.0,-34.00445592125909,-34.00445592125909,0
spsa,pretrained,351,574.0,-34.15700213442924,-34.15700213442924,0
spsa,pretrained,352,576.0,-34.4621241260011,-34.4621241260011,0
spsa,pretrained,353,578.0,-34.55777927529985,-34.55777927529985,0
spsa,pretrained,354,580.0,-34.58432468912291,-34.58432468912291,0
spsa,pretrained,355,582.0,-34.80298223489353,-34.80298223489353,0
spsa,pretrained,356,584.0,-35.26437338468401,-35.26437338468401,0
spsa,pretrained,357,586.0,-35.319562092394065,-35.319562092394065,0
spsa,pretrained,358,588.0,-35.31919247049215,-35.31919247049215,0
spsa,pretrained,359,590.0,-35.62669829561318,-35.62669829561318,0
spsa,pretrained,360,592.0,-36.18974150567618,-36.18974150567618,0
spsa,pretrained,361,594.0,-36.141897564535995,-36.141897564535995,0
spsa,pretrained,362,596.0,-36.17755868887543,-36.17755868887543,0
spsa,pretrained,363,598.0,-36.30259951477703,-36.30259951477703,0
spsa,pretrained,364,600.0,-36.31680754902667,-36.31680754902667,0
spsa,pretrained,365,602.0,-36.370137322420305,-36.370137322420305,0
spsa,pretrained,366,604.0,-36.44069162915024,-36.44069162915024,0
spsa,pretrained,367,606.0,-36.37963023218167,-36.37963023218167,0
spsa,pretrained,368,608.0,-36.4218070736047,-36.4218070736047,0
spsa,pretrained,369,610.0,-36.35518390418651,-36.35518390418651,0
spsa,pretrained,370,612.0,-36.42512550011013,-36.42512550011013,0
spsa,pretrained,371,614.0,-36.651207221519726,-36.651207221519726,0
spsa,pretrained,372,616.0,-37.452228156044434,-37.452228156044434,0
spsa,pretrained,373,618.0,-37.55264052577225,-37.55264052577225,0
spsa,pretrained,374,620.0,-37.54476810991808,-37.54476810991808,0
spsa,pretrained,375,622.0,-37.471213786758625,-37.471213786758625,0
spsa,pretrained,376,624.0,-37.539977948729515,-37.539977948729515,0
spsa,pretrained,377,626.0,-37.9725248811978,-37.9725248811978,0
spsa,pretrained,378,628.0,-38.01194970533835,-38.01194970533835,0
spsa,pretrained,379,630.0,-37.846026065995,-37.846026065995,0
spsa,pretrained,380,632.0,-36.48020709164881,-36.48020709164881,0
spsa,pretrained,381,634.0,-34.99883026430409,-34.99883026430409,0
spsa,pretrained,382,636.0,-35.38682759070197,-35.38682759070197,0
spsa,pretrained,383,638.0,-35.57337554163077,-35.57337554163077,0
spsa,pretrained,384,640.0,-35.645192206340084,-35.645192206340084,0
spsa,pretrained,385,642.0,-35.65486680559195,-35.65486680559195,0
spsa,pretrained,386,644.0,-35.6343782001174,-35.6343782001174,0
spsa,pretrained,387,646.0,-35.84385211666883,-35.84385211666883,0
spsa,pretrained,388,648.0,-35.83173400333558,-35.83173400333558,0
spsa,pretrained,389,650.0,-35.86288305164297,-35.86288305164297,0
spsa,pretrained,390,652.0,-35.8622832313924,-35.8622832313924,0
spsa,pretrained,391,654.0,-35.94011417420964,-35.94011417420964,0
spsa,pretrained,392,656.0,-35.97746940171542,-35.97746940171542,0
spsa,pretrained,393,658.0,-35.97337624851117,-35.97337624851117,0
spsa,pretrained,394,660.0,-35.988276656732225,-35.988276656732225,0
spsa,pretrained,395,662.0,-36.00548892583868,-36.00548892583868,0
spsa,pretrained,396,664.0,-36.16648510611138,-36.16648510611138,0
spsa,pretrained,397,666.0,-36.24232290383425,-36.24232290383425,0
spsa,pretrained,398,668.0,-36.28587250289388,-36.28587250289388,0
spsa,pretrained,399,670.0,-37.16904611656973,-37.16904611656973,0
spsa,pretrained,400,672.0,-37.21753729884618,-37.21753729884618,0
spsa,pretrained,401,674.0,-37.46985049103496,-37.46985049103496,0
spsa,pretrained,402,676.0,-37.48229590262828,-37.48229590262828,0
spsa,pretrained,403,678.0,-37.48693309003116,-37.48693309003116,0
spsa,pretrained,404,680.0,-37.354615800874875,-37.354615800874875,0
spsa,pretrained,405,682.0,-37.35601914939795,-37.35601914939795,0
spsa,pretrained,406,684.0,-37.37618793717104,-37.37618793717104,0
spsa,pretrained,407,686.0,-36.49440029606207,-36.49440029606207,0
spsa,pretrained,408,688.0,-37.88948128196684,-37.88948128196684,0
spsa,pretrained,409,690.0,-38.56129818641183,-38.56129818641183,0
spsa,pretrained,410,692.0,-38.49887839625539,-38.49887839625539,0
spsa,pretrained,411,694.0,-38.64877240163398,-38.64877240163398,0
spsa,pretrained,412,696.0,-38.511580327397425,-38.511580327397425,0
spsa,pretrained,413,698.0,-37.24370653914765,-37.24370653914765,0
spsa,pretrained,414,700.0,-37.457235330505355,-37.457235330505355,0
spsa,pretrained,415,702.0,-37.49985593010941,-37.49985593010941,0
spsa,pretrained,416,704.0,-37.93243565621719,-37.93243565621719,0
spsa,pretrained,417,706.0,-38.435453706126665,-38.435453706126665,0
spsa,pretrained,418,708.0,-38.175985934930964,-38.175985934930964,0
spsa,pretrained,419,710.0,-38.24874201471019,-38.24874201471019,0
spsa,pretrained,420,712.0,-38.55523358610209,-38.55523358610209,0
spsa,pretrained,421,714.0,-38.64136419081544,-38.64136419081544,0
spsa,pretrained,422,716.0,-37.98914183987927,-37.98914183987927,0
spsa,pretrained,423,718.0,-38.04299214237357,-38.04299214237357,0
spsa,pretrained,424,720.0,-38.24199371599158,-38.24199371599158,0
spsa,pretrained,425,722.0,-38.18863918048858,-38.18863918048858,0
spsa,pretrained,426,724.0,-38.258313186579855,-38.258313186579855,0
spsa,pretrained,427,726.0,-38.23346058274009,-38.23346058274009,0
spsa,pretrained,428,728.0,-38.280885676254336,-38.280885676254336,0
spsa,pretrained,429,730.0,-38.51957605116,-38.51957605116,0
spsa,pretrained,430,732.0,-38.543028376141876,-38.543028376141876,0
spsa,pretrained,431,734.0,-38.50419458924665,-38.50419458924665,0
spsa,pretrained,432,736.0,-38.325770584307676,-38.325770584307676,0
spsa,pretrained,433,738.0,-38.266222268936744,-38.266222268936744,0
spsa,pretrained,434,740.0,-38.17164344520084,-38.17164344520084,0
spsa,pretrained,435,742.0,-38.00400445535729,-38.00400445535729,0
spsa,pretrained,436,744.0,-38.00632766036567,-38.00632766036567,0
spsa,pretrained,437,746.0,-38.05603055179611,-38.05603055179611,0
spsa,pretrained,438,748.0,-38.006474803954305,-38.006474803954305,0
spsa,pretrained,439,750.0,-37.61236584547634,-37.61236584547634,0
spsa,pretrained,440,752.0,-37.63540217765873,-37.63540217765873,0
spsa,pretrained,441,754.0,-37.64004191933834,-37.64004191933834,0
spsa,pretrained,442,756.0,-37.690105775061184,-37.690105775061184,0
spsa,pretrained,443,758.0,-38.11510442551178,-38.11510442551178,0
spsa,pretrained,444,760.0,-38.337463856418935,-38.337463856418935,0
spsa,pretrained,445,762.0,-38.02876223123931,-38.02876223123931,0
spsa,pretrained,446,764.0,-38.05804032128722,-38.05804032128722,0
spsa,pretrained,447,766.0,-38.2661103986164,-38.2661103986164,0
spsa,pretrained,448,768.0,-38.5395606362834,-38.5395606362834,0
spsa,pretrained,449,770.0,-38.49693698561357,-38.49693698561357,0
spsa,pretrained,450,772.0,-37.80756436368557,-37.80756436368557,0
spsa,pretrained,451,774.0,-37.795531007586376,-37.795531007586376,0
spsa,pretrained,452,776.0,-37.85950377203466,-37.85950377203466,0
spsa,pretrained,453,778.0,-38.01635962532691,-38.01635962532691,0
spsa,pretrained,454,780.0,-37.92652393999019,-37.92652393999019,0
spsa,pretrained,455,782.0,-37.82363426362765,-37.82363426362765,0
spsa,pretrained,456,784.0,-38.032282566162166,-38.032282566162166,0
spsa,pretrained,457,786.0,-38.04580739420676,-38.04580739420676,0
spsa,pretrained,458,788.0,-38.131813303979456,-38.131813303979456,0
spsa,pretrained,459,790.0,-35.744451398175784,-35.744451398175784,0
spsa,pretrained,460,792.0,-36.45668034230407,-36.45668034230407,0
spsa,pretrained,461,794.0,-37.0926617512675,-37.0926617512675,0
spsa,pretrained,462,796.0,-37.18237517764229,-37.18237517764229,0
spsa,pretrained,463,798.0,-37.55731565524421,-37.55731565524421,0
spsa,pretrained,464,800.0,-38.33504229510257,-38.33504229510257,0
spsa,pretrained,465,802.0,-38.378239285720824,-38.378239285720824,0
spsa,pretrained,466,804.0,-38.423061270371775,-38.423061270371775,0
spsa,pretrained,467,806.0,-39.132900954814275,-39.132900954814275,0
spsa,pretrained,468,808.0,-39.23670761018771,-39.23670761018771,0
spsa,pretrained,469,810.0,-39.50268451663524,-39.50268451663524,0
spsa,pretrained,470,812.0,-39.55570658632627,-39.55570658632627,0
spsa,pretrained,471,814.0,-39.32753903294818,-39.32753903294818,0
spsa,pretrained,472,816.0,-39.3719053977742,-39.3719053977742,0
spsa,pretrained,473,818.0,-39.36370055193471,-39.36370055193471,0
spsa,pretrained,474,820.0,-39.21491983370099,-39.21491983370099,0
spsa,pretrained,475,822.0,-39.25064799113521,-39.25064799113521,0
spsa,pretrained,476,824.0,-39.273823894776015,-39.273823894776015,0
spsa,pretrained,477,826.0,-39.2803039544285,-39.2803039544285,0
spsa,pretrained,478,828.0,-39.200103824455944,-39.200103824455944,0
spsa,pretrained,479,830.0,-39.14680607577232,-39.14680607577232,0
spsa,pretrained,480,832.0,-39.11343697287306,-39.11343697287306,0
spsa,pretrained,481,834.0,-39.120870217823665,-39.120870217823665,0
spsa,pretrained,482,836.0,-39.142866192172924,-39.142866192172924,0
spsa,pretrained,483,838.0,-39.0404096445409,-39.0404096445409,0
spsa,pretrained,484,840.0,-39.205150946535284,-39.205150946535284,0
spsa,pretrained,485,842.0,-39.19966078879946,-39.19966078879946,0
spsa,pretrained,486,844.0,-39.282390415483434,-39.282390415483434,0
spsa,pretrained,487,846.0,-39.27731691620694,-39.27731691620694,0
spsa,pretrained,488,848.0,-39.5503141047418,-39.5503141047418,0
spsa,pretrained,489,850.0,-39.59514286142674,-39.59514286142674,0
spsa,pretrained,490,852.0,-39.54269509607285,-39.54269509607285,0
spsa,pretrained,491,854.0,-39.55848219871406,-39.55848219871406,0
spsa,pretrained,492,856.0,-39.55643854682762,-39.55643854682762,0
spsa,pretrained,493,858.0,-39.57334850003214,-39.57334850003214,0
spsa,pretrained,494,860.0,-39.68591002457859,-39.68591002457859,0
spsa,pretrained,495,862.0,-39.7036044817892,-39.7036044817892,0
spsa,pretrained,496,864.0,-39.75089314146746,-39.75089314146746,0
spsa,pretrained,497,866.0,-39.75360394133076,-39.75360394133076,0
spsa,pretrained,498,868.0,-39.74779973790986,-39.74779973790986,0
spsa,pretrained,499,870.0,-39.75854032999596,-39.75854032999596,0
adam,standard,0,2.0,-35.42848103935217,-35.42848103935217,0
adam,standard,1,4.0,-37.015298423835695,-37.015298423835695,0
adam,standard,2,6.0,-38.45597889159629,-38.45597889159629,0
adam,standard,3,8.0,-39.722075773791765,-39.722075773791765,0
adam,standard,4,10.0,-40.90279282695749,-40.90279282695749,0
adam,standard,5,12.0,-42.03010692403836,-42.03010692403836,0
adam,standard,6,14.0,-43.02615239654273,-43.02615239654273,0
adam,standard,7,16.0,-43.77673341256787,-43.77673341256787,0
adam,standard,8,18.0,-44.29079737906549,-44.29079737906549,0
adam,standard,9,20.0,-44.71365752615673,-44.71365752615673,0
adam,standard,10,22.0,-45.124648881883196,-45.124648881883196,0
adam,standard,11,24.0,-45.62146837643803,-45.62146837643803,0
adam,standard,12,26.0,-46.32383253274101,-46.32383253274101,0
adam,standard,13,28.0,-47.25526224546638,-47.25526224546638,0
adam,standard,14,30.0,-48.19907714906351,-48.19907714906351,0
adam,standard,15,32.0,-49.13444963279137,-49.13444963279137,0
adam,standard,16,34.0,-50.10377526936143,-50.10377526936143,0
adam,standard,17,36.0,-50.94105615720539,-50.94105615720539,0
adam,standard,18,38.0,-51.568144547672084,-51.568144547672084,0
adam,standard,19,40.0,-52.01215740224449,-52.01215740224449,0
adam,standard,20,42.0,-52.34398872281704,-52.34398872281704,0
adam,standard,21,44.0,-52.59460558962378,-52.59460558962378,0
adam,standard,22,46.0,-52.75706122320763,-52.75706122320763,0
adam,standard,23,48.0,-52.82531535449698,-52.82531535449698,0
adam,standard,24,50.0,-52.86784134853958,-52.86784134853958,0
adam,standard,25,52.0,-52.92968682133277,-52.92968682133277,0
adam,standard,26,54.0,-53.01129819408383,-53.01129819408383,0
adam,standard,27,56.0,-53.11425574889585,-53.11425574889585,0
adam,standard,28,58.0,-53.22190697832236,-53.22190697832236,0
adam,standard,29,60.0,-53.29388466841711,-53.29388466841711,0
adam,standard,30,62.0,-53.33497660722471,-53.33497660722471,0
adam,standard,31,64.0,-53.397242315433715,-53.397242315433715,0
adam,standard,32,66.0,-53.49653495201842,-53.49653495201842,0
adam,standard,33,68.0,-53.600642813781185,-53.600642813781185,0
adam,standard,34,70.0,-53.69216358111131,-53.69216358111131,0
adam,standard,35,72.0,-53.7890394253242,-53.7890394253242,0
adam,standard,36,74.0,-53.89362652542284,-53.89362652542284,0
adam,standard,37,76.0,-53.978565196311045,-53.978565196311045,0
adam,standard,38,78.0,-54.03136897446691,-54.03136897446691,0
adam,standard,39,80.0,-54.0680900279087,-54.0680900279087,0
adam,standard,40,82.0,-54.105567102885445,-54.105567102885445,0
adam,standard,41,84.0,-54.15107159357614,-54.15107159357614,0
adam,standard,42,86.0,-54.20577019114473,-54.20577019114473,0
adam,standard,43,88.0,-54.26804003314232,-54.26804003314232,0
adam,standard,44,90.0,-54.33929073564806,-54.33929073564806,0
adam,standard,45,92.0,-54.4240491675758,-54.4240491675758,0
adam,standard,46,94.0,-54.517320590483045,-54.517320590483045,0
adam,standard,47,96.0,-54.60629666552179,-54.60629666552179,0
adam,standard,48,98.0,-54.6849813647167,-54.6849813647167,0
adam,standard,49,100.0,-54.753294360199924,-54.753294360199924,0
adam,standard,50,102.0,-54.81374161061585,-54.81374161061585,0
adam,standard,51,104.0,-54.87501804162371,-54.87501804162371,0
adam,standard,52,106.0,-54.9447902761423,-54.9447902761423,0
adam,standard,53,108.0,-55.02194296859948,-55.02194296859948,0
adam,standard,54,110.0,-55.102867990513694,-55.102867990513694,0
adam,standard,55,112.0,-55.181126967662784,-55.181126967662784,0
adam,standard,56,114.0,-55.24797048715154,-55.24797048715154,0
adam,standard,57,116.0,-55.29756846198585,-55.29756846198585,0
adam,standard,58,118.0,-55.32397325377372,-55.32397325377372,0
adam,standard,59,120.0,-55.33125997369279,-55.33125997369279,0
adam,standard,60,122.0,-55.32914763250627,-55.32914763250627,0
adam,standard,61,124.0,-55.32408835633464,-55.32408835633464,0
adam,standard,62,126.0,-55.32602497198131,-55.32602497198131,0
adam,standard,63,128.0,-55.33911129945775,-55.33911129945775,0
adam,standard,64,130.0,-55.36065581530986,-55.36065581530986,0
adam,standard,65,132.0,-55.385842337690306,-55.385842337690306,0
adam,standard,66,134.0,-55.40582938063666,-55.40582938063666,0
adam,standard,67,136.0,-55.41713654727146,-55.41713654727146,0
adam,standard,68,138.0,-55.42225025234241,-55.42225025234241,0
adam,standard,69,140.0,-55.42332574222689,-55.42332574222689,0
adam,standard,70,142.0,-55.4231120661224,-55.4231120661224,0
adam,standard,71,144.0,-55.4230350538769,-55.4230350538769,0
adam,standard,72,146.0,-55.423522736159946,-55.423522736159946,0
adam,standard,73,148.0,-55.42460514066497,-55.42460514066497,0
adam,standard,74,150.0,-55.42593678450518,-55.42593678450518,0
adam,standard,75,152.0,-55.42787753484706,-55.42787753484706,0
adam,standard,76,154.0,-55.42995338955871,-55.42995338955871,0
adam,standard,77,156.0,-55.43218179934144,-55.43218179934144,0
adam,standard,78,158.0,-55.43534273166269,-55.43534273166269,0
adam,standard,79,160.0,-55.43845844271904,-55.43845844271904,0
adam,standard,80,162.0,-55.440647487253266,-55.440647487253266,0
adam,standard,81,164.0,-55.44199219695161,-55.44199219695161,0
adam,standard,82,166.0,-55.4423565680271,-55.4423565680271,0
adam,standard,83,168.0,-55.442376141639954,-55.442376141639954,0
adam,standard,84,170.0,-55.4428014754022,-55.4428014754022,0
adam,standard,85,172.0,-55.44338901429111,-55.44338901429111,0
adam,standard,86,174.0,-55.44432299822241,-55.44432299822241,0
adam,standard,87,176.0,-55.4458192454841,-55.4458192454841,0
adam,standard,88,178.0,-55.44735019035744,-55.44735019035744,0
adam,standard,89,180.0,-55.44888616713651,-55.44888616713651,0
adam,standard,90,182.0,-55.45023431740749,-55.45023431740749,0
adam,standard,91,184.0,-55.451045084476114,-55.451045084476114,0
adam,standard,92,186.0,-55.45147519922819,-55.45147519922819,0
adam,standard,93,188.0,-55.45137716311549,-55.45137716311549,0
adam,standard,94,190.0,-55.45092340204505,-55.45092340204505,0
adam,standard,95,192.0,-55.45050458778079,-55.45050458778079,0
adam,standard,96,194.0,-55.45024928805036,-55.45024928805036,0
adam,standard,97,196.0,-55.450403029594746,-55.450403029594746,0
adam,standard,98,198.0,-55.450870812699435,-55.450870812699435,0
adam,standard,99,200.0,-55.451410113932575,-55.451410113932575,0
adam,standard,100,202.0,-55.45199047334241,-55.45199047334241,0
adam,standard,101,204.0,-55.4525456261991,-55.4525456261991,0
adam,standard,102,206.0,-55.4529453569967,-55.4529453569967,0
adam,standard,103,208.0,-55.45310841745091,-55.45310841745091,0
adam,standard,104,210.0,-55.45309834947738,-55.45309834947738,0
adam,standard,105,212.0,-55.45303829804526,-55.45303829804526,0
adam,standard,106,214.0,-55.45299209543451,-55.45299209543451,0
adam,standard,107,216.0,-55.45302591208213,-55.45302591208213,0
adam,standard,108,218.0,-55.45318689846928,-55.45318689846928,0
adam,standard,109,220.0,-55.45338701819082,-55.45338701819082,0
adam,standard,110,222.0,-55.453514791933166,-55.453514791933166,0
adam,standard,111,224.0,-55.45355533405487,-55.45355533405487,0
adam,standard,112,226.0,-55.453534851414595,-55.453534851414595,0
adam,standard,113,228.0,-55.453410665521034,-55.453410665521034,0
adam,standard,114,230.0,-55.45310438128253,-55.45310438128253,0
adam,standard,115,232.0,-55.45240402514181,-55.45240402514181,0
adam,standard,116,234.0,-55.45112095665744,-55.45112095665744,0
adam,standard,117,236.0,-55.45045698762131,-55.45045698762131,0
adam,standard,118,238.0,-55.452293474740664,-55.452293474740664,0
adam,standard,119,240.0,-55.45382265546778,-55.45382265546778,0
adam,standard,120,242.0,-55.452533096279005,-55.452533096279005,0
adam,standard,121,244.0,-55.45228772610973,-55.45228772610973,0
adam,standard,122,246.0,-55.45383268671418,-55.45383268671418,0
adam,standard,123,248.0,-55.45326532096714,-55.45326532096714,0
adam,standard,124,250.0,-55.45266300124678,-55.45266300124678,0
adam,standard,125,252.0,-55.45379430034742,-55.45379430034742,0
adam,standard,126,254.0,-55.45346593798563,-55.45346593798563,0
adam,standard,127,256.0,-55.45304989314224,-55.45304989314224,0
adam,standard,128,258.0,-55.45389938410573,-55.45389938410573,0
adam,standard,129,260.0,-55.45357818989383,-55.45357818989383,0
adam,standard,130,262.0,-55.45338798069583,-55.45338798069583,0
adam,standard,131,264.0,-55.45399997578128,-55.45399997578128,0
adam,standard,132,266.0,-55.45364909667963,-55.45364909667963,0
adam,standard,133,268.0,-55.453616251387956,-55.453616251387956,0
adam,standard,134,270.0,-55.45401038619987,-55.45401038619987,0
adam,standard,135,272.0,-55.45368463620622,-55.45368463620622,0
adam,standard,136,274.0,-55.453774686513256,-55.453774686513256,0
adam,standard,137,276.0,-55.45402101812372,-55.45402101812372,0
adam,standard,138,278.0,-55.45376982801269,-55.45376982801269,0
adam,standard,139,280.0,-55.45391134285432,-55.45391134285432,0
adam,standard,140,282.0,-55.45403223635403,-55.45403223635403,0
adam,standard,141,284.0,-55.453842637717074,-55.453842637717074,0
adam,standard,142,286.0,-55.45398491686218,-55.45398491686218,0
adam,standard,143,288.0,-55.45402854057504,-55.45402854057504,0
adam,standard,144,290.0,-55.45388985503531,-55.45388985503531,0
adam,standard,145,292.0,-55.45400926218308,-55.45400926218308,0
adam,standard,146,294.0,-55.454020207267334,-55.454020207267334,0
adam,standard,147,296.0,-55.453934393365394,-55.453934393365394,0
adam,standard,148,298.0,-55.45403627604094,-55.45403627604094,0
adam,standard,149,300.0,-55.45403582423895,-55.45403582423895,0
adam,standard,150,302.0,-55.45397795154174,-55.45397795154174,0
adam,standard,151,304.0,-55.4540537731326,-55.4540537731326,0
adam,standard,152,306.0,-55.45404807640421,-55.45404807640421,0
adam,standard,153,308.0,-55.45400293180473,-55.45400293180473,0
adam,standard,154,310.0,-55.454056653833746,-55.454056653833746,0
adam,standard,155,312.0,-55.45405444636796,-55.45405444636796,0
adam,standard,156,314.0,-55.45401963059699,-55.45401963059699,0
adam,standard,157,316.0,-55.454059107500704,-55.454059107500704,0
adam,standard,158,318.0,-55.45406488008156,-55.45406488008156,0
adam,standard,159,320.0,-55.45403742754398,-55.45403742754398,0
adam,standard,160,322.0,-55.454062071676965,-55.454062071676965,0
adam,standard,161,324.0,-55.45407115128136,-55.45407115128136,0
adam,standard,162,326.0,-55.45404791699187,-55.45404791699187,0
adam,standard,163,328.0,-55.454060435051666,-55.454060435051666,0
adam,standard,164,330.0,-55.45407356561994,-55.45407356561994,0
adam,standard,165,332.0,-55.45405752842544,-55.45405752842544,0
adam,standard,166,334.0,-55.454061142376936,-55.454061142376936,0
adam,standard,167,336.0,-55.45407545355904,-55.45407545355904,0
adam,standard,168,338.0,-55.45406683818287,-55.45406683818287,0
adam,standard,169,340.0,-55.45406356899481,-55.45406356899481,0
adam,standard,170,342.0,-55.45407526237302,-55.45407526237302,0
adam,standard,171,344.0,-55.45407333051995,-55.45407333051995,0
adam,standard,172,346.0,-55.45406635357441,-55.45406635357441,0
adam,standard,173,348.0,-55.45407287459453,-55.45407287459453,0
adam,standard,174,350.0,-55.454076443533424,-55.454076443533424,0
adam,standard,175,352.0,-55.454070503551485,-55.454070503551485,0
adam,standard,176,354.0,-55.45407145952343,-55.45407145952343,0
adam,standard,177,356.0,-55.45407689535301,-55.45407689535301,0
adam,standard,178,358.0,-55.4540747386703,-55.4540747386703,0
adam,standard,179,360.0,-55.45407199827143,-55.45407199827143,0
adam,standard,180,362.0,-55.45407555745631,-55.45407555745631,0
adam,standard,181,364.0,-55.45407717365338,-55.45407717365338,0
adam,standard,182,366.0,-55.45407424731342,-55.45407424731342,0
adam,standard,183,368.0,-55.45407421143763,-55.45407421143763,0
adam,standard,184,370.0,-55.454076648661804,-55.454076648661804,0
adam,standard,185,372.0,-55.45407527747316,-55.45407527747316,0
adam,standard,186,374.0,-55.45407082271059,-55.45407082271059,0
adam,standard,187,376.0,-55.45406488029823,-55.45406488029823,0
adam,standard,188,378.0,-55.454047810041025,-55.454047810041025,0
adam,standard,189,380.0,-55.453996479896816,-55.453996479896816,0
adam,standard,190,382.0,-55.4538582468052,-55.4538582468052,0
adam,standard,191,384.0,-55.45349524068387,-55.45349524068387,0
adam,standard,192,386.0,-55.45262767235695,-55.45262767235695,0
adam,standard,193,388.0,-55.45112782623178,-55.45112782623178,0
adam,standard,194,390.0,-55.45032676870515,-55.45032676870515,0
adam,standard,195,392.0,-55.45225676798393,-55.45225676798393,0
adam,standard,196,394.0,-55.4540755726489,-55.4540755726489,0
adam,standard,197,396.0,-55.452722409285556,-55.452722409285556,0
adam,standard,198,398.0,-55.45199893596478,-55.45199893596478,0
adam,standard,199,400.0,-55.45372747214447,-55.45372747214447,0
adam,standard,200,402.0,-55.453647033767254,-55.453647033767254,0
adam,standard,201,404.0,-55.452569632378314,-55.452569632378314,0
adam,standard,202,406.0,-55.45363160618023,-55.45363160618023,0
adam,standard,203,408.0,-55.45388260437844,-55.45388260437844,0
adam,standard,204,410.0,-55.45300912316101,-55.45300912316101,0
adam,standard,205,412.0,-55.453726109241444,-55.453726109241444,0
adam,standard,206,414.0,-55.45393859151188,-55.45393859151188,0
adam,standard,207,416.0,-55.45329934715356,-55.45329934715356,0
adam,standard,208,418.0,-55.45385167891757,-55.45385167891757,0
adam,standard,209,420.0,-55.45394713810962,-55.45394713810962,0
adam,standard,210,422.0,-55.453505273235514,-55.453505273235514,0
adam,standard,211,424.0,-55.4539519265031,-55.4539519265031,0
adam,standard,212,426.0,-55.453945284691,-55.453945284691,0
adam,standard,213,428.0,-55.45366097009919,-55.45366097009919,0
adam,standard,214,430.0,-55.4540169422593,-55.4540169422593,0
adam,standard,215,432.0,-55.45394706183749,-55.45394706183749,0
adam,standard,216,434.0,-55.453780172288866,-55.453780172288866,0
adam,standard,217,436.0,-55.45405258906646,-55.45405258906646,0
adam,standard,218,438.0,-55.45395600061413,-55.45395600061413,0
adam,standard,219,440.0,-55.45386948472707,-55.45386948472707,0
adam,standard,220,442.0,-55.454069359216994,-55.454069359216994,0
adam,standard,221,444.0,-55.45397094539888,-55.45397094539888,0
adam,standard,222,446.0,-55.45393348548986,-55.45393348548986,0
adam,standard,223,448.0,-55.45407589409229,-55.45407589409229,0
adam,standard,224,450.0,-55.45398921275045,-55.45398921275045,0
adam,standard,225,452.0,-55.45397775624912,-55.45397775624912,0
adam,standard,226,454.0,-55.45407782508231,-55.45407782508231,0
adam,standard,227,456.0,-55.454007555919276,-55.454007555919276,0
adam,standard,228,458.0,-55.4540074339104,-55.4540074339104,0
adam,standard,229,460.0,-55.45407828983164,-55.45407828983164,0
adam,standard,230,462.0,-55.454024314471205,-55.454024314471205,0
adam,standard,231,464.0,-55.45402704658629,-55.45402704658629,0
adam,standard,232,466.0,-55.45407833064814,-55.45407833064814,0
adam,standard,233,468.0,-55.454038508569,-55.454038508569,0
adam,standard,234,470.0,-55.454039972507545,-55.454039972507545,0
adam,standard,235,472.0,-55.45407830696081,-55.45407830696081,0
adam,standard,236,474.0,-55.45405016223439,-55.45405016223439,0
adam,standard,237,476.0,-55.45404874436099,-55.45404874436099,0
adam,standard,238,478.0,-55.454078089905934,-55.454078089905934,0
adam,standard,239,480.0,-55.45405936929404,-55.45405936929404,0
adam,standard,240,482.0,-55.45405495693985,-55.45405495693985,0
adam,standard,241,484.0,-55.45407757682544,-55.45407757682544,0
adam,standard,242,486.0,-55.45406651291493,-55.45406651291493,0
adam,standard,243,488.0,-55.45405978378644,-55.45405978378644,0
adam,standard,244,490.0,-55.45407676809529,-55.45407676809529,0
adam,standard,245,492.0,-55.45407182081467,-55.45407182081467,0
adam,standard,246,494.0,-55.454063852329334,-55.454063852329334,0
adam,standard,247,496.0,-55.45407572100865,-55.45407572100865,0
adam,standard,248,498.0,-55.45407546403159,-55.45407546403159,0
adam,standard,249,500.0,-55.45406756307181,-55.45406756307181,0
adam,standard,250,502.0,-55.45407470024483,-55.45407470024483,0
adam,standard,251,504.0,-55.45407760669159,-55.45407760669159,0
adam,standard,252,506.0,-55.45407102367083,-55.45407102367083,0
adam,standard,253,508.0,-55.454074004603946,-55.454074004603946,0
adam,standard,254,510.0,-55.45407843021531,-55.45407843021531,0
adam,standard,255,512.0,-55.4540740929086,-55.4540740929086,0
adam,standard,256,514.0,-55.45407389334594,-55.45407389334594,0
adam,standard,257,516.0,-55.454078241310135,-55.454078241310135,0
adam,standard,258,518.0,-55.45407649860556,-55.45407649860556,0
adam,standard,259,520.0,-55.45407449490919,-55.45407449490919,0
adam,standard,260,522.0,-55.454077521897,-55.454077521897,0
adam,standard,261,524.0,-55.454077979263815,-55.454077979263815,0
adam,standard,262,526.0,-55.4540756743813,-55.4540756743813,0
adam,standard,263,528.0,-55.45407683270192,-55.45407683270192,0
adam,standard,264,530.0,-55.45407846542013,-55.45407846542013,0
adam,standard,265,532.0,-55.45407702939443,-55.45407702939443,0
adam,standard,266,534.0,-55.45407661707277,-55.45407661707277,0
adam,standard,267,536.0,-55.45407819488742,-55.45407819488742,0
adam,standard,268,538.0,-55.4540780387933,-55.4540780387933,0
adam,standard,269,540.0,-55.45407696983036,-55.45407696983036,0
adam,standard,270,542.0,-55.45407763179096,-55.45407763179096,0
adam,standard,271,544.0,-55.45407828863577,-55.45407828863577,0
adam,standard,272,546.0,-55.45407744676009,-55.45407744676009,0
adam,standard,273,548.0,-55.454076982275126,-55.454076982275126,0
adam,standard,274,550.0,-55.454077296445604,-55.454077296445604,0
adam,standard,275,552.0,-55.4540764820783,-55.4540764820783,0
adam,standard,276,554.0,-55.4540743038532,-55.4540743038532,0
adam,standard,277,556.0,-55.45407129607983,-55.45407129607983,0
adam,standard,278,558.0,-55.45406529395153,-55.45406529395153,0
adam,standard,279,560.0,-55.45405187583538,-55.45405187583538,0
adam,standard,280,562.0,-55.454024244317345,-55.454024244317345,0
adam,standard,281,564.0,-55.45396711165021,-55.45396711165021,0
adam,standard,282,566.0,-55.45384656972522,-55.45384656972522,0
adam,standard,283,568.0,-55.45359656934744,-55.45359656934744,0
adam,standard,284,570.0,-55.45310753156439,-55.45310753156439,0
adam,standard,285,572.0,-55.45227584666075,-55.45227584666075,0
adam,standard,286,574.0,-55.45127490866764,-55.45127490866764,0
adam,standard,287,576.0,-55.45096773863749,-55.45096773863749,0
adam,standard,288,578.0,-55.45219901829805,-55.45219901829805,0
adam,standard,289,580.0,-55.45381992835721,-55.45381992835721,0
adam,standard,290,582.0,-55.453844362585734,-55.453844362585734,0
adam,standard,291,584.0,-55.45271631741205,-55.45271631741205,0
adam,standard,292,586.0,-55.4525299189756,-55.4525299189756,0
adam,standard,293,588.0,-55.453611117896706,-55.453611117896706,0
adam,standard,294,590.0,-55.454042280206295,-55.454042280206295,0
adam,standard,295,592.0,-55.45331801438793,-55.45331801438793,0
adam,standard,296,594.0,-55.453080329443864,-55.453080329443864,0
adam,standard,297,596.0,-55.45379470085894,-55.45379470085894,0
adam,standard,298,598.0,-55.45403553201494,-55.45403553201494,0
adam,standard,299,600.0,-55.45351942066453,-55.45351942066453,0
adam,standard,300,602.0,-55.45346899252044,-55.45346899252044,0
adam,standard,301,604.0,-55.4539711445307,-55.4539711445307,0
adam,standard,302,606.0,-55.45399591410453,-55.45399591410453,0
adam,standard,303,608.0,-55.45364257732452,-55.45364257732452,0
adam,standard,304,610.0,-55.45374097377034,-55.45374097377034,0
adam,standard,305,612.0,-55.45405861296272,-55.45405861296272,0
adam,standard,306,614.0,-55.453958672325065,-55.453958672325065,0
adam,standard,307,616.0,-55.45375959961236,-55.45375959961236,0
adam,standard,308,618.0,-55.453916122495066,-55.453916122495066,0
adam,standard,309,620.0,-55.45407837630366,-55.45407837630366,0
adam,standard,310,622.0,-55.45394702607287,-55.45394702607287,0
adam,standard,311,624.0,-55.45386635327798,-55.45386635327798,0
adam,standard,312,626.0,-55.454011935803145,-55.454011935803145,0
adam,standard,313,628.0,-55.45407086766491,-55.45407086766491,0
adam,standard,314,630.0,-55.453960337542654,-55.453960337542654,0
adam,standard,315,632.0,-55.45394842720291,-55.45394842720291,0
adam,standard,316,634.0,-55.454055382214754,-55.454055382214754,0
adam,standard,317,636.0,-55.45406157668855,-55.45406157668855,0
adam,standard,318,638.0,-55.4539857325876,-55.4539857325876,0
adam,standard,319,640.0,-55.45400226689351,-55.45400226689351,0
adam,standard,320,642.0,-55.454071644785586,-55.454071644785586,0
adam,standard,321,644.0,-55.454058568498105,-55.454058568498105,0
adam,standard,322,646.0,-55.454011515679866,-55.454011515679866,0
adam,standard,323,648.0,-55.45403385383277,-55.45403385383277,0
adam,standard,324,650.0,-55.45407657599848,-55.45407657599848,0
adam,standard,325,652.0,-55.45406092897435,-55.45406092897435,0
adam,standard,326,654.0,-55.454032302632484,-55.454032302632484,0
adam,standard,327,656.0,-55.45405110569892,-55.45405110569892,0
adam,standard,328,658.0,-55.454077817768656,-55.454077817768656,0
adam,standard,329,660.0,-55.454065586875515,-55.454065586875515,0
adam,standard,330,662.0,-55.454047371075404,-55.454047371075404,0
adam,standard,331,664.0,-55.45406026710857,-55.45406026710857,0
adam,standard,332,666.0,-55.454077982820934,-55.454077982820934,0
adam,standard,333,668.0,-55.45407043376607,-55.45407043376607,0
adam,standard,334,670.0,-55.454057871938865,-55.454057871938865,0
adam,standard,335,672.0,-55.45406524072238,-55.45406524072238,0
adam,standard,336,674.0,-55.45407771875469,-55.45407771875469,0
adam,standard,337,676.0,-55.454074379960645,-55.454074379960645,0
adam,standard,338,678.0,-55.45406530919794,-55.45406530919794,0
adam,standard,339,680.0,-55.45406822428122,-55.45406822428122,0
adam,standard,340,682.0,-55.454077111585235,-55.454077111585235,0
adam,standard,341,684.0,-55.45407705102142,-55.45407705102142,0
adam,standard,342,686.0,-55.4540707321731,-55.4540707321731,0
adam,standard,343,688.0,-55.45407048321506,-55.45407048321506,0
adam,standard,344,690.0,-55.45407629448233,-55.45407629448233,0
adam,standard,345,692.0,-55.45407835892862,-55.45407835892862,0
adam,standard,346,694.0,-55.45407468914512,-55.45407468914512,0
adam,standard,347,696.0,-55.45407266137217,-55.45407266137217,0
adam,standard,348,698.0,-55.454075599258026,-55.454075599258026,0
adam,standard,349,700.0,-55.4540784618477,-55.4540784618477,0
adam,standard,350,702.0,-55.45407727649149,-55.45407727649149,0
adam,standard,351,704.0,-55.45407493608527,-55.45407493608527,0
adam,standard,352,706.0,-55.45407545424298,-55.45407545424298,0
adam,standard,353,708.0,-55.45407780112948,-55.45407780112948,0
adam,standard,354,710.0,-55.45407845029826,-55.45407845029826,0
adam,standard,355,712.0,-55.45407700320215,-55.45407700320215,0
adam,standard,356,714.0,-55.45407611773309,-55.45407611773309,0
adam,standard,357,716.0,-55.45407711119699,-55.45407711119699,0
adam,standard,358,718.0,-55.45407840083033,-55.45407840083033,0
adam,standard,359,720.0,-55.454078296664484,-55.454078296664484,0
adam,standard,360,722.0,-55.45407732933414,-55.45407732933414,0
adam,standard,361,724.0,-55.45407707434396,-55.45407707434396,0
adam,standard,362,726.0,-55.454077836108155,-55.454077836108155,0
adam,standard,363,728.0,-55.4540785143268,-55.4540785143268,0
adam,standard,364,730.0,-55.454078329794946,-55.454078329794946,0
adam,standard,365,732.0,-55.454077753636334,-55.454077753636334,0
adam,standard,366,734.0,-55.454077648998215,-55.454077648998215,0
adam,standard,367,736.0,-55.45407811431948,-55.45407811431948,0
adam,standard,368,738.0,-55.454078523563034,-55.454078523563034,0
adam,standard,369,740.0,-55.45407844010812,-55.45407844010812,0
adam,standard,370,742.0,-55.45407809860642,-55.45407809860642,0
adam,standard,371,744.0,-55.45407798483086,-55.45407798483086,0
adam,standard,372,746.0,-55.45407821972983,-55.45407821972983,0
adam,standard,373,748.0,-55.45407849966679,-55.45407849966679,0
adam,standard,374,750.0,-55.45407852917147,-55.45407852917147,0
adam,standard,375,752.0,-55.45407834726993,-55.45407834726993,0
adam,standard,376,754.0,-55.45407821249478,-55.45407821249478,0
adam,standard,377,756.0,-55.45407827803766,-55.45407827803766,0
adam,standard,378,758.0,-55.45407845380994,-55.45407845380994,0
adam,standard,379,760.0,-55.45407855272925,-55.45407855272925,0
adam,standard,380,762.0,-55.454078502750555,-55.454078502750555,0
adam,standard,381,764.0,-55.45407839418012,-55.45407839418012,0
adam,standard,382,766.0,-55.454078354839965,-55.454078354839965,0
adam,standard,383,768.0,-55.45407841856371,-55.45407841856371,0
adam,standard,384,770.0,-55.45407851421311,-55.45407851421311,0
adam,standard,385,772.0,-55.45407855506443,-55.45407855506443,0
adam,standard,386,774.0,-55.454078521520245,-55.454078521520245,0
adam,standard,387,776.0,-55.45407846370413,-55.45407846370413,0
adam,standard,388,778.0,-55.45407844175246,-55.45407844175246,0
adam,standard,389,780.0,-55.45407847210803,-55.45407847210803,0
adam,standard,390,782.0,-55.454078523767464,-55.454078523767464,0
adam,standard,391,784.0,-55.45407855446498,-55.45407855446498,0
adam,standard,392,786.0,-55.45407854731906,-55.45407854731906,0
adam,standard,393,788.0,-55.45407851827294,-55.45407851827294,0
adam,standard,394,790.0,-55.45407849620032,-55.45407849620032,0
adam,standard,395,792.0,-55.454078498393514,-55.454078498393514,0
adam,standard,396,794.0,-55.454078520681065,-55.454078520681065,0
adam,standard,397,796.0,-55.4540785454153,-55.4540785454153,0
adam,standard,398,798.0,-55.45407855694714,-55.45407855694714,0
adam,standard,399,800.0,-55.45407855172595,-55.45407855172595,0
adam,standard,400,802.0,-55.45407853767095,-55.45407853767095,0
adam,standard,401,804.0,-55.45407852637808,-55.45407852637808,0
adam,standard,402,806.0,-55.45407852502874,-55.45407852502874,0
adam,standard,403,808.0,-55.454078533062805,-55.454078533062805,0
adam,standard,404,810.0,-55.45407854433806,-55.45407854433806,0
adam,standard,405,812.0,-55.45407855176591,-55.45407855176591,0
adam,standard,406,814.0,-55.45407855094584,-55.45407855094584,0
adam,standard,407,816.0,-55.45407854095232,-55.45407854095232,0
adam,standard,408,818.0,-55.45407852219075,-55.45407852219075,0
adam,standard,409,820.0,-55.45407849234575,-55.45407849234575,0
adam,standard,410,822.0,-55.45407844107949,-55.45407844107949,0
adam,standard,411,824.0,-55.454078342102655,-55.454078342102655,0
adam,standard,412,826.0,-55.45407813792318,-55.45407813792318,0
adam,standard,413,828.0,-55.45407770643671,-55.45407770643671,0
adam,standard,414,830.0,-55.45407678545648,-55.45407678545648,0
adam,standard,415,832.0,-55.454074801762005,-55.454074801762005,0
adam,standard,416,834.0,-55.45407048278613,-55.45407048278613,0
adam,standard,417,836.0,-55.45406096984072,-55.45406096984072,0
adam,standard,418,838.0,-55.45403978743516,-55.45403978743516,0
adam,standard,419,840.0,-55.45399222498134,-55.45399222498134,0
adam,standard,420,842.0,-55.45388515071714,-55.45388515071714,0
adam,standard,421,844.0,-55.45364653502465,-55.45364653502465,0
adam,standard,422,846.0,-55.45313506730154,-55.45313506730154,0
adam,standard,423,848.0,-55.45214782868711,-55.45214782868711,0
adam,standard,424,850.0,-55.450682890090576,-55.450682890090576,0
adam,standard,425,852.0,-55.44969464908616,-55.44969464908616,0
adam,standard,426,854.0,-55.45090057029056,-55.45090057029056,0
adam,standard,427,856.0,-55.453442572009,-55.453442572009,0
adam,standard,428,858.0,-55.45386458231032,-55.45386458231032,0
adam,standard,429,860.0,-55.45220519204396,-55.45220519204396,0
adam,standard,430,862.0,-55.451933165165414,-55.451933165165414,0
adam,standard,431,864.0,-55.453584579228476,-55.453584579228476,0
adam,standard,432,866.0,-55.453904818189606,-55.453904818189606,0
adam,standard,433,868.0,-55.45273159608821,-55.45273159608821,0
adam,standard,434,870.0,-55.45293234885412,-55.45293234885412,0
adam,standard,435,872.0,-55.45401077647635,-55.45401077647635,0
adam,standard,436,874.0,-55.453652429079426,-55.453652429079426,0
adam,standard,437,876.0,-55.45305564200785,-55.45305564200785,0
adam,standard,438,878.0,-55.45371448146163,-55.45371448146163,0
adam,standard,439,880.0,-55.45403509570018,-55.45403509570018,0
adam,standard,440,882.0,-55.45346273491087,-55.45346273491087,0
adam,standard,441,884.0,-55.45356615688297,-55.45356615688297,0
adam,standard,442,886.0,-55.454066100570905,-55.454066100570905,0
adam,standard,443,888.0,-55.45380936843106,-55.45380936843106,0
adam,standard,444,890.0,-55.4536052102137,-55.4536052102137,0
adam,standard,445,892.0,-55.453982665045736,-55.453982665045736,0
adam,standard,446,894.0,-55.45400466124442,-55.45400466124442,0
adam,standard,447,896.0,-55.45373716004018,-55.45373716004018,0
adam,standard,448,898.0,-55.45390894536842,-55.45390894536842,0
adam,standard,449,900.0,-55.45407375551368,-55.45407375551368,0
adam,standard,450,902.0,-55.453881038519455,-55.453881038519455,0
adam,standard,451,904.0,-55.45388461583355,-55.45388461583355,0
adam,standard,452,906.0,-55.45406749210513,-55.45406749210513,0
adam,standard,453,908.0,-55.45398884476869,-55.45398884476869,0
adam,standard,454,910.0,-55.45390165639085,-55.45390165639085,0
adam,standard,455,912.0,-55.45402421140895,-55.45402421140895,0
adam,standard,456,914.0,-55.454029387191035,-55.454029387191035,0
adam,standard,457,916.0,-55.453907573924106,-55.453907573924106,0
adam,standard,458,918.0,-55.45391223594927,-55.45391223594927,0
adam,standard,459,920.0,-55.45388455784986,-55.45388455784986,0
adam,standard,460,922.0,-55.453640119737386,-55.453640119737386,0
adam,standard,461,924.0,-55.45329096648147,-55.45329096648147,0
adam,standard,462,926.0,-55.45275512481341,-55.45275512481341,0
adam,standard,463,928.0,-55.45181056543071,-55.45181056543071,0
adam,standard,464,930.0,-55.4507396778237,-55.4507396778237,0
adam,standard,465,932.0,-55.45042091800307,-55.45042091800307,0
adam,standard,466,934.0,-55.45154644513514,-55.45154644513514,0
adam,standard,467,936.0,-55.453345872848,-55.453345872848,0
adam,standard,468,938.0,-55.454021284657664,-55.454021284657664,0
adam,standard,469,940.0,-55.453152897310424,-55.453152897310424,0
adam,standard,470,942.0,-55.45226372420684,-55.45226372420684,0
adam,standard,471,944.0,-55.452752009266575,-55.452752009266575,0
adam,standard,472,946.0,-55.45386402777461,-55.45386402777461,0
adam,standard,473,948.0,-55.45393472440632,-55.45393472440632,0
adam,standard,474,950.0,-55.45316787860347,-55.45316787860347,0
adam,standard,475,952.0,-55.45305879280811,-55.45305879280811,0
adam,standard,476,954.0,-55.45376930563354,-55.45376930563354,0
adam,standard,477,956.0,-55.454051881955074,-55.454051881955074,0
adam,standard,478,958.0,-55.453599090543584,-55.453599090543584,0
adam,standard,479,960.0,-55.45340013124726,-55.45340013124726,0
adam,standard,480,962.0,-55.45381466201567,-55.45381466201567,0
adam,standard,481,964.0,-55.454065734977476,-55.454065734977476,0
adam,standard,482,966.0,-55.453802133883535,-55.453802133883535,0
adam,standard,483,968.0,-55.453635047625625,-55.453635047625625,0
adam,standard,484,970.0,-55.453885854597175,-55.453885854597175,0
adam,standard,485,972.0,-55.454070643872896,-55.454070643872896,0
adam,standard,486,974.0,-55.453907913300476,-55.453907913300476,0
adam,standard,487,976.0,-55.4537862016193,-55.4537862016193,0
adam,standard,488,978.0,-55.453945924629636,-55.453945924629636,0
adam,standard,489,980.0,-55.454074182411524,-55.454074182411524,0
adam,standard,490,982.0,-55.453969453913,-55.453969453913,0
adam,standard,491,984.0,-55.453884760224355,-55.453884760224355,0
adam,standard,492,986.0,-55.453988022607824,-55.453988022607824,0
adam,standard,493,988.0,-55.45407610344396,-55.45407610344396,0
adam,standard,494,990.0,-55.454009225499476,-55.454009225499476,0
adam,standard,495,992.0,-55.4539498579286,-55.4539498579286,0
adam,standard,496,994.0,-55.45401518206976,-55.45401518206976,0
adam,standard,497,996.0,-55.45407706936144,-55.45407706936144,0
adam,standard,498,998.0,-55.45403626641477,-55.45403626641477,0
adam,standard,499,1000.0,-55.4539931093872,-55.4539931093872,0
adam,local_global,0,2.0,0.49534461062368057,-36.71575430065879,0
adam,local_global,1,4.0,0.4750039281504981,-38.07195680255706,0
adam,local_global,2,6.0,0.4547974286889537,-39.219683650669516,0
adam,local_global,3,8.0,0.43333054273538923,-40.18830857936102,0
adam,local_global,4,10.0,0.4086167392596621,-41.07175109329983,0
adam,local_global,5,12.0,0.3811580528390014,-41.99315535513541,0
adam,local_global,6,14.0,0.3519714893257559,-42.95375287793949,0
adam,local_global,7,16.0,0.3216480909655273,-43.91542100123951,0
adam,local_global,8,18.0,0.2930242124438833,-44.90061599857759,0
adam,local_global,9,20.0,0.26815242474009565,-45.75395789784351,0
adam,local_global,10,22.0,0.24775621700037054,-46.33398808608517,0
adam,local_global,11,24.0,0.23064693127650115,-46.6652439223738,0
adam,local_global,12,26.0,0.21544861684193065,-46.717105415556,0
adam,local_global,13,28.0,0.20234569362414023,-46.53940025571618,0
adam,local_global,14,30.0,0.1903852882984752,-46.328134737057844,0
adam,local_global,15,32.0,0.17816733101223065,-46.249882466227405,0
adam,local_global,16,34.0,0.16547553913849136,-46.3221881822334,0
adam,local_global,17,36.0,0.15205084674353883,-46.457518713268215,0
adam,local_global,18,38.0,0.1384015717413327,-46.56195678775267,0
adam,local_global,19,40.0,0.12507040432139124,-46.633133983303495,0
adam,local_global,20,42.0,0.1127434356994339,-46.74360274282712,0
adam,local_global,21,44.0,0.10283788878574392,-46.91806211381817,0
adam,local_global,22,46.0,0.09634082661514477,-47.12305006757439,0
adam,local_global,23,48.0,0.09255127598821447,-47.317943167937074,0
adam,local_global,24,50.0,0.08998440558434997,-47.507420944070546,0
adam,local_global,25,52.0,0.08738263763124071,-47.74804110473305,0
adam,local_global,26,54.0,0.08371408957276916,-48.09811971571154,0
adam,local_global,27,56.0,0.0786162887660542,-48.59109207967914,0
adam,local_global,28,58.0,0.07249911857107318,-49.24598407450287,0
adam,local_global,29,60.0,0.06573012087110892,-50.08379854520432,0
adam,local_global,30,62.0,0.05830744679191402,-51.0765615815423,0
adam,local_global,31,64.0,0.050650865661523235,-52.10322085394677,0
adam,local_global,32,66.0,0.043599897440437546,-53.08598095069532,0
adam,local_global,33,68.0,0.03694381222948367,-54.00628109207991,0
adam,local_global,34,70.0,0.030081675083107683,-54.728652543654476,0
adam,local_global,35,72.0,0.02382064474952773,-55.10063025154681,0
adam,local_global,36,74.0,0.019359514739907588,-55.08301623559724,0
adam,local_global,37,76.0,0.017494617868782873,-54.817465556562496,0
adam,local_global,38,78.0,0.017788472638293813,-54.52591424016887,0
adam,local_global,39,80.0,0.018933805814500118,-54.28976210792557,0
adam,local_global,40,82.0,0.020480416306627995,-54.151875403491154,0
adam,local_global,41,84.0,0.02170850578863797,-54.156817812609866,0
adam,local_global,42,86.0,0.021765365272010045,-54.305293003669966,0
adam,local_global,43,88.0,0.02053805008526443,-54.56185314639203,0
adam,local_global,44,90.0,0.01839600079312711,-54.8335562512221,0
adam,local_global,45,92.0,0.016202812288628347,-55.054647288242755,0
adam,local_global,46,94.0,0.01434147838439426,-55.224706921425586,0
adam,local_global,47,96.0,0.012623570874792349,-55.32437076007248,0
adam,local_global,48,98.0,0.01142456381269566,-55.34232316109737,0
adam,local_global,49,100.0,0.011018675312777589,-55.29308679090521,0
adam,local_global,50,102.0,0.011261026268158121,-55.21607348083936,0
adam,local_global,51,104.0,0.011785577409135632,-55.15195506334755,0
adam,local_global,52,106.0,0.012233196797587586,-55.10545460106911,0
adam,local_global,53,108.0,0.012557553279051847,-55.086079924984965,0
adam,local_global,54,110.0,0.01261388244411257,-55.105703612136224,0
adam,local_global,55,112.0,0.01225600622617976,-55.16263250124224,0
adam,local_global,56,114.0,0.011534260018473816,-55.24150736873552,0
adam,local_global,57,116.0,0.0106867947117516,-55.312044527267076,0
adam,local_global,58,118.0,0.010059659152278043,-55.36272991778997,0
adam,local_global,59,120.0,0.009696081114423443,-55.394360976310075,0
adam,local_global,60,122.0,0.009513633762075424,-55.40783992072689,0
adam,local_global,61,124.0,0.009454897810233197,-55.40530208355573,0
adam,local_global,62,126.0,0.009475102394925529,-55.38929494458033,0
adam,local_global,63,128.0,0.009573948633165024,-55.37414544663227,0
adam,local_global,64,130.0,0.009620314206359391,-55.36630409833193,0
adam,local_global,65,132.0,-55.36630409833193,-54.23761203158292,1
adam,local_global,66,134.0,-54.23761203158292,-54.90632206892916,0
adam,local_global,67,136.0,-54.90632206892916,-54.375653674109245,0
adam,local_global,68,138.0,-54.375653674109245,-54.65325647472789,0
adam,local_global,69,140.0,-54.65325647472789,-55.14742058445105,0
adam,local_global,70,142.0,-55.14742058445105,-54.902004024113765,0
adam,local_global,71,144.0,-54.902004024113765,-54.79339073970472,0
adam,local_global,72,146.0,-54.79339073970472,-55.12190577774305,0
adam,local_global,73,148.0,-55.12190577774305,-55.204319998165985,0
adam,local_global,74,150.0,-55.204319998165985,-54.98786672069454,0
adam,local_global,75,152.0,-54.98786672069454,-55.106826183341184,0
adam,local_global,76,154.0,-55.106826183341184,-55.33597231965019,0
adam,local_global,77,156.0,-55.33597231965019,-55.24838218353282,0
adam,local_global,78,158.0,-55.24838218353282,-55.13399070497196,0
adam,local_global,79,160.0,-55.13399070497196,-55.2454621677226,0
adam,local_global,80,162.0,-55.2454621677226,-55.3559421497452,0
adam,local_global,81,164.0,-55.3559421497452,-55.31964865385134,0
adam,local_global,82,166.0,-55.31964865385134,-55.27795390537515,0
adam,local_global,83,168.0,-55.27795390537515,-55.34651594087062,0
adam,local_global,84,170.0,-55.34651594087062,-55.39442896914491,0
adam,local_global,85,172.0,-55.39442896914491,-55.3607422827161,0
adam,local_global,86,174.0,-55.3607422827161,-55.33915617091922,0
adam,local_global,87,176.0,-55.33915617091922,-55.37035662759821,0
adam,local_global,88,178.0,-55.37035662759821,-55.40567826848479,0
adam,local_global,89,180.0,-55.40567826848479,-55.399233416647526,0
adam,local_global,90,182.0,-55.399233416647526,-55.3809889375434,0
adam,local_global,91,184.0,-55.3809889375434,-55.400094681821145,0
adam,local_global,92,186.0,-55.400094681821145,-55.423057275668285,0
adam,local_global,93,188.0,-55.423057275668285,-55.41698881703107,0
adam,local_global,94,190.0,-55.41698881703107,-55.407065675742786,0
adam,local_global,95,192.0,-55.407065675742786,-55.419440034501136,0
adam,local_global,96,194.0,-55.419440034501136,-55.43271348103288,0
adam,local_global,97,196.0,-55.43271348103288,-55.42795074567794,0
adam,local_global,98,198.0,-55.42795074567794,-55.42425000508187,0
adam,local_global,99,200.0,-55.42425000508187,-55.4319606575637,0
adam,local_global,100,202.0,-55.4319606575637,-55.43732656329736,0
adam,local_global,101,204.0,-55.43732656329736,-55.43749114732229,0
adam,local_global,102,206.0,-55.43749114732229,-55.43564160613669,0
adam,local_global,103,208.0,-55.43564160613669,-55.438598728040375,0
adam,local_global,104,210.0,-55.438598728040375,-55.444341788511046,0
adam,local_global,105,212.0,-55.444341788511046,-55.443169742055126,0
adam,local_global,106,214.0,-55.443169742055126,-55.44064961103108,0
adam,local_global,107,216.0,-55.44064961103108,-55.44455037537214,0
adam,local_global,108,218.0,-55.44455037537214,-55.447677912258285,0
adam,local_global,109,220.0,-55.447677912258285,-55.44626003892287,0
adam,local_global,110,222.0,-55.44626003892287,-55.446003085308774,0
adam,local_global,111,224.0,-55.446003085308774,-55.44843295975999,0
adam,local_global,112,226.0,-55.44843295975999,-55.448779194329326,0
adam,local_global,113,228.0,-55.448779194329326,-55.44844764976075,0
adam,local_global,114,230.0,-55.44844764976075,-55.44936345312328,0
adam,local_global,115,232.0,-55.44936345312328,-55.44981312122395,0
adam,local_global,116,234.0,-55.44981312122395,-55.450494630027684,0
adam,local_global,117,236.0,-55.450494630027684,-55.45069939660791,0
adam,local_global,118,238.0,-55.45069939660791,-55.45052033582638,0
adam,local_global,119,240.0,-55.45052033582638,-55.451400934816704,0
adam,local_global,120,242.0,-55.451400934816704,-55.45168401404405,0
adam,local_global,121,244.0,-55.45168401404405,-55.45163655119919,0
adam,local_global,122,246.0,-55.45163655119919,-55.45206473278803,0
adam,local_global,123,248.0,-55.45206473278803,-55.45222317483998,0
adam,local_global,124,250.0,-55.45222317483998,-55.452404025333,0
adam,local_global,125,252.0,-55.452404025333,-55.4526422002878,0
adam,local_global,126,254.0,-55.4526422002878,-55.45261909074088,0
adam,local_global,127,256.0,-55.45261909074088,-55.45281948161926,0
adam,local_global,128,258.0,-55.45281948161926,-55.45314675765209,0
adam,local_global,129,260.0,-55.45314675765209,-55.45300742972035,0
adam,local_global,130,262.0,-55.45300742972035,-55.453124404594206,0
adam,local_global,131,264.0,-55.453124404594206,-55.45339511083495,0
adam,local_global,132,266.0,-55.45339511083495,-55.453278228343024,0
adam,local_global,133,268.0,-55.453278228343024,-55.45342642954114,0
adam,local_global,134,270.0,-55.45342642954114,-55.45352774647584,0
adam,local_global,135,272.0,-55.45352774647584,-55.45351822067438,0
adam,local_global,136,274.0,-55.45351822067438,-55.45365090159829,0
adam,local_global,137,276.0,-55.45365090159829,-55.45362047421037,0
adam,local_global,138,278.0,-55.45362047421037,-55.4536549169694,0
adam,local_global,139,280.0,-55.4536549169694,-55.45377702538,0
adam,local_global,140,282.0,-55.45377702538,-55.45376639323433,0
adam,local_global,141,284.0,-55.45376639323433,-55.45377384738631,0
adam,local_global,142,286.0,-55.45377384738631,-55.45384142692029,0
adam,local_global,143,288.0,-55.45384142692029,-55.45383908289969,0
adam,local_global,144,290.0,-55.45383908289969,-55.45387751933447,0
adam,local_global,145,292.0,-55.45387751933447,-55.45391031410668,0
adam,local_global,146,294.0,-55.45391031410668,-55.45389236972285,0
adam,local_global,147,296.0,-55.45389236972285,-55.45395201599639,0
adam,local_global,148,298.0,-55.45395201599639,-55.453947032461556,0
adam,local_global,149,300.0,-55.453947032461556,-55.45393886187011,0
adam,local_global,150,302.0,-55.45393886187011,-55.45398691084259,0
adam,local_global,151,304.0,-55.45398691084259,-55.45399108630935,0
adam,local_global,152,306.0,-55.45399108630935,-55.453986760169194,0
adam,local_global,153,308.0,-55.453986760169194,-55.4540011502853,0
adam,local_global,154,310.0,-55.4540011502853,-55.45401835443713,0
adam,local_global,155,312.0,-55.45401835443713,-55.45402249241615,0
adam,local_global,156,314.0,-55.45402249241615,-55.454018292030604,0
adam,local_global,157,316.0,-55.454018292030604,-55.45403083167462,0
adam,local_global,158,318.0,-55.45403083167462,-55.454050814985024,0
adam,local_global,159,320.0,-55.454050814985024,-55.454035421096194,0
adam,local_global,160,322.0,-55.454035421096194,-55.45403865240013,0
adam,local_global,161,324.0,-55.45403865240013,-55.45406263686152,0
adam,local_global,162,326.0,-55.45406263686152,-55.45405179527303,0
adam,local_global,163,328.0,-55.45405179527303,-55.454050378917934,0
adam,local_global,164,330.0,-55.454050378917934,-55.4540667161678,0
adam,local_global,165,332.0,-55.4540667161678,-55.45406619357517,0
adam,local_global,166,334.0,-55.45406619357517,-55.45405958793596,0
adam,local_global,167,336.0,-55.45405958793596,-55.454068148106145,0
adam,local_global,168,338.0,-55.454068148106145,-55.45407305135424,0
adam,local_global,169,340.0,-55.45407305135424,-55.45407104083049,0
adam,local_global,170,342.0,-55.45407104083049,-55.45407178903963,0
adam,local_global,171,344.0,-55.45407178903963,-55.4540754855175,0
adam,local_global,172,346.0,-55.4540754855175,-55.454077069424685,0
adam,local_global,173,348.0,-55.454077069424685,-55.45407528457677,0
adam,local_global,174,350.0,-55.45407528457677,-55.454078090781046,0
adam,local_global,175,352.0,-55.454078090781046,-55.45408057282252,0
adam,local_global,176,354.0,-55.45408057282252,-55.45407978672645,0
adam,local_global,177,356.0,-55.45407978672645,-55.45407913988834,0
adam,local_global,178,358.0,-55.45407913988834,-55.454082245695936,0
adam,local_global,179,360.0,-55.454082245695936,-55.454082713974884,0
adam,local_global,180,362.0,-55.454082713974884,-55.45408150598881,0
adam,local_global,181,364.0,-55.45408150598881,-55.45408296583439,0
adam,local_global,182,366.0,-55.45408296583439,-55.45408447137231,0
adam,local_global,183,368.0,-55.45408447137231,-55.45408346800594,0
adam,local_global,184,370.0,-55.45408346800594,-55.454083619457755,0
adam,local_global,185,372.0,-55.454083619457755,-55.454085346602085,0
adam,local_global,186,374.0,-55.454085346602085,-55.45408504022031,0
adam,local_global,187,376.0,-55.45408504022031,-55.45408472691803,0
adam,local_global,188,378.0,-55.45408472691803,-55.45408575159467,0
adam,local_global,189,380.0,-55.45408575159467,-55.45408595834313,0
adam,local_global,190,382.0,-55.45408595834313,-55.454085545839206,0
adam,local_global,191,384.0,-55.454085545839206,-55.45408622438494,0
adam,local_global,192,386.0,-55.45408622438494,-55.45408644434439,0
adam,local_global,193,388.0,-55.45408644434439,-55.454086433425836,0
adam,local_global,194,390.0,-55.454086433425836,-55.45408648787285,0
adam,local_global,195,392.0,-55.45408648787285,-55.45408673510246,0
adam,local_global,196,394.0,-55.45408673510246,-55.454086885618075,0
adam,local_global,197,396.0,-55.454086885618075,-55.45408691947876,0
adam,local_global,198,398.0,-55.45408691947876,-55.454086957411256,0
adam,local_global,199,400.0,-55.454086957411256,-55.4540871962177,0
adam,local_global,200,402.0,-55.4540871962177,-55.45408717132572,0
adam,local_global,201,404.0,-55.45408717132572,-55.454087198820865,0
adam,local_global,202,406.0,-55.454087198820865,-55.45408736332166,0
adam,local_global,203,408.0,-55.45408736332166,-55.45408743840128,0
adam,local_global,204,410.0,-55.45408743840128,-55.45408736234206,0
adam,local_global,205,412.0,-55.45408736234206,-55.454087477500444,0
adam,local_global,206,414.0,-55.454087477500444,-55.45408757509894,0
adam,local_global,207,416.0,-55.45408757509894,-55.45408754732286,0
adam,local_global,208,418.0,-55.45408754732286,-55.45408758645237,0
adam,local_global,209,420.0,-55.45408758645237,-55.45408765004027,0
adam,local_global,210,422.0,-55.45408765004027,-55.45408770332858,0
adam,local_global,211,424.0,-55.45408770332858,-55.45408766281346,0
adam,local_global,212,426.0,-55.45408766281346,-55.45408772108081,0
adam,local_global,213,428.0,-55.45408772108081,-55.45408780813332,0
adam,local_global,214,430.0,-55.45408780813332,-55.45408773452377,0
adam,local_global,215,432.0,-55.45408773452377,-55.45408779292087,0
adam,local_global,216,434.0,-55.45408779292087,-55.454087852573416,0
adam,local_global,217,436.0,-55.454087852573416,-55.454087818985904,0
adam,local_global,218,438.0,-55.454087818985904,-55.45408783970586,0
adam,local_global,219,440.0,-55.45408783970586,-55.454087887242856,0
adam,local_global,220,442.0,-55.454087887242856,-55.45408789353462,0
adam,local_global,221,444.0,-55.45408789353462,-55.45408786516937,0
adam,local_global,222,446.0,-55.45408786516937,-55.45408792753284,0
adam,local_global,223,448.0,-55.45408792753284,-55.45408793470092,0
adam,local_global,224,450.0,-55.45408793470092,-55.45408790820231,0
adam,local_global,225,452.0,-55.45408790820231,-55.45408795622182,0
adam,local_global,226,454.0,-55.45408795622182,-55.45408796212928,0
adam,local_global,227,456.0,-55.45408796212928,-55.454087947614845,0
adam,local_global,228,458.0,-55.454087947614845,-55.454087974650655,0
adam,local_global,229,460.0,-55.454087974650655,-55.45408799378405,0
adam,local_global,230,462.0,-55.45408799378405,-55.454087979884754,0
adam,local_global,231,464.0,-55.454087979884754,-55.45408799254171,0
adam,local_global,232,466.0,-55.45408799254171,-55.454088018763905,0
adam,local_global,233,468.0,-55.454088018763905,-55.454088003591494,0
adam,local_global,234,470.0,-55.454088003591494,-55.45408801797932,0
adam,local_global,235,472.0,-55.45408801797932,-55.454088035348924,0
adam,local_global,236,474.0,-55.454088035348924,-55.45408802600584,0
adam,local_global,237,476.0,-55.45408802600584,-55.45408803933396,0
adam,local_global,238,478.0,-55.45408803933396,-55.45408804883232,0
adam,local_global,239,480.0,-55.45408804883232,-55.45408804931288,0
adam,local_global,240,482.0,-55.45408804931288,-55.454088055475474,0
adam,local_global,241,484.0,-55.454088055475474,-55.454088064964026,0
adam,local_global,242,486.0,-55.454088064964026,-55.45408806660103,0
adam,local_global,243,488.0,-55.45408806660103,-55.4540880717057,0
adam,local_global,244,490.0,-55.4540880717057,-55.45408807979928,0
adam,local_global,245,492.0,-55.45408807979928,-55.45408808263682,0
adam,local_global,246,494.0,-55.45408808263682,-55.45408808743626,0
adam,local_global,247,496.0,-55.45408808743626,-55.45408809335433,0
adam,local_global,248,498.0,-55.45408809335433,-55.45408809710907,0
adam,local_global,249,500.0,-55.45408809710907,-55.45408810185839,0
adam,local_global,250,502.0,-55.45408810185839,-55.45408810674363,0
adam,local_global,251,504.0,-55.45408810674363,-55.45408811101916,0
adam,local_global,252,506.0,-55.45408811101916,-55.45408811493902,0
adam,local_global,253,508.0,-55.45408811493902,-55.454088119759156,0
adam,local_global,254,510.0,-55.454088119759156,-55.4540881236646,0
adam,local_global,255,512.0,-55.4540881236646,-55.45408812802113,0
adam,local_global,256,514.0,-55.45408812802113,-55.45408813193873,0
adam,local_global,257,516.0,-55.45408813193873,-55.45408813588426,0
adam,local_global,258,518.0,-55.45408813588426,-55.454088140059724,0
adam,local_global,259,520.0,-55.454088140059724,-55.45408814379355,0
adam,local_global,260,522.0,-55.45408814379355,-55.454088147690925,0
adam,local_global,261,524.0,-55.454088147690925,-55.454088151555176,0
adam,local_global,262,526.0,-55.454088151555176,-55.45408815524046,0
adam,local_global,263,528.0,-55.45408815524046,-55.454088158857246,0
adam,local_global,264,530.0,-55.454088158857246,-55.45408816279173,0
adam,local_global,265,532.0,-55.45408816279173,-55.45408816613515,0
adam,local_global,266,534.0,-55.45408816613515,-55.45408816982241,0
adam,local_global,267,536.0,-55.45408816982241,-55.45408817347237,0
adam,local_global,268,538.0,-55.45408817347237,-55.4540881767702,0
adam,local_global,269,540.0,-55.4540881767702,-55.45408818035583,0
adam,local_global,270,542.0,-55.45408818035583,-55.454088183829896,0
adam,local_global,271,544.0,-55.454088183829896,-55.45408818710602,0
adam,local_global,272,546.0,-55.45408818710602,-55.45408819054408,0
adam,local_global,273,548.0,-55.45408819054408,-55.4540881938854,0
adam,local_global,274,550.0,-55.4540881938854,-55.454088197134396,0
adam,local_global,275,552.0,-55.454088197134396,-55.45408820044467,0
adam,local_global,276,554.0,-55.45408820044467,-55.45408820368577,0
adam,local_global,277,556.0,-55.45408820368577,-55.45408820686957,0
adam,local_global,278,558.0,-55.45408820686957,-55.45408821004466,0
adam,local_global,279,560.0,-55.45408821004466,-55.454088213253215,0
adam,local_global,280,562.0,-55.454088213253215,-55.454088216311916,0
adam,local_global,281,564.0,-55.454088216311916,-55.45408821945328,0
adam,local_global,282,566.0,-55.45408821945328,-55.45408822251975,0
adam,local_global,283,568.0,-55.45408822251975,-55.45408822555533,0
adam,local_global,284,570.0,-55.45408822555533,-55.4540882286,0
adam,local_global,285,572.0,-55.4540882286,-55.45408823159558,0
adam,local_global,286,574.0,-55.45408823159558,-55.45408823456853,0
adam,local_global,287,576.0,-55.45408823456853,-55.45408823752011,0
adam,local_global,288,578.0,-55.45408823752011,-55.454088240477795,0
adam,local_global,289,580.0,-55.454088240477795,-55.45408824336045,0
adam,local_global,290,582.0,-55.45408824336045,-55.45408824626914,0
adam,local_global,291,584.0,-55.45408824626914,-55.454088249139204,0
adam,local_global,292,586.0,-55.454088249139204,-55.45408825197749,0
adam,local_global,293,588.0,-55.45408825197749,-55.45408825481764,0
adam,local_global,294,590.0,-55.45408825481764,-55.454088257629834,0
adam,local_global,295,592.0,-55.454088257629834,-55.454088260412306,0
adam,local_global,296,594.0,-55.454088260412306,-55.454088263192766,0
adam,local_global,297,596.0,-55.454088263192766,-55.454088265949,0
adam,local_global,298,598.0,-55.454088265949,-55.454088268677125,0
adam,local_global,299,600.0,-55.454088268677125,-55.454088271408864,0
adam,local_global,300,602.0,-55.454088271408864,-55.454088274105274,0
adam,local_global,301,604.0,-55.454088274105274,-55.45408827679127,0
adam,local_global,302,606.0,-55.45408827679127,-55.4540882794647,0
adam,local_global,303,608.0,-55.4540882794647,-55.454088282118434,0
adam,local_global,304,610.0,-55.454088282118434,-55.454088284755116,0
adam,local_global,305,612.0,-55.454088284755116,-55.45408828738288,0
adam,local_global,306,614.0,-55.45408828738288,-55.454088289988796,0
adam,local_global,307,616.0,-55.454088289988796,-55.454088292582924,0
adam,local_global,308,618.0,-55.454088292582924,-55.454088295166585,0
adam,local_global,309,620.0,-55.454088295166585,-55.45408829772972,0
adam,local_global,310,622.0,-55.45408829772972,-55.454088300283395,0
adam,local_global,311,624.0,-55.454088300283395,-55.4540883028235,0
adam,local_global,312,626.0,-55.4540883028235,-55.45408830534933,0
adam,local_global,313,628.0,-55.45408830534933,-55.454088307863,0
adam,local_global,314,630.0,-55.454088307863,-55.454088310365364,0
adam,local_global,315,632.0,-55.454088310365364,-55.45408831285355,0
adam,local_global,316,634.0,-55.45408831285355,-55.45408831533154,0
adam,local_global,317,636.0,-55.45408831533154,-55.45408831779686,0
adam,local_global,318,638.0,-55.45408831779686,-55.454088320251586,0
adam,local_global,319,640.0,-55.454088320251586,-55.454088322694,0
adam,local_global,320,642.0,-55.454088322694,-55.4540883251262,0
adam,local_global,321,644.0,-55.4540883251262,-55.454088327546394,0
adam,local_global,322,646.0,-55.454088327546394,-55.45408832995517,0
adam,local_global,323,648.0,-55.45408832995517,-55.454088332351716,0
adam,local_global,324,650.0,-55.454088332351716,-55.454088334733484,0
adam,local_global,325,652.0,-55.454088334733484,-55.45408833709635,0
adam,local_global,326,654.0,-55.45408833709635,-55.45408833943257,0
adam,local_global,327,656.0,-55.45408833943257,-55.45408834172269,0
adam,local_global,328,658.0,-55.45408834172269,-55.4540883439309,0
adam,local_global,329,660.0,-55.4540883439309,-55.45408834597795,0
adam,local_global,330,662.0,-55.45408834597795,-55.454088347694224,0
adam,local_global,331,664.0,-55.454088347694224,-55.45408834871411,0
adam,local_global,332,666.0,-55.45408834871411,-55.45408834822612,0
adam,local_global,333,668.0,-55.45408834822612,-55.45408834441563,0
adam,local_global,334,670.0,-55.45408834441563,-55.4540883331574,0
adam,local_global,335,672.0,-55.4540883331574,-55.45408830493803,0
adam,local_global,336,674.0,-55.45408830493803,-55.45408823750952,0
adam,local_global,337,676.0,-55.45408823750952,-55.454088078125615,0
adam,local_global,338,678.0,-55.454088078125615,-55.45408770010234,0
adam,local_global,339,680.0,-55.45408770010234,-55.454086795704704,0
adam,local_global,340,682.0,-55.454086795704704,-55.45408461131463,0
adam,local_global,341,684.0,-55.45408461131463,-55.45407930067813,0
adam,local_global,342,686.0,-55.45407930067813,-55.45406642274997,0
adam,local_global,343,688.0,-55.45406642274997,-55.45403597822345,0
adam,local_global,344,690.0,-55.45403597822345,-55.45396958391148,0
adam,local_global,345,692.0,-55.45396958391148,-55.45385243204054,0
adam,local_global,346,694.0,-55.45385243204054,-55.45373149613795,0
adam,local_global,347,696.0,-55.45373149613795,-55.453727918753856,0
adam,local_global,348,698.0,-55.453727918753856,-55.45377204242342,0
adam,local_global,349,700.0,-55.45377204242342,-55.45364216594726,0
adam,local_global,350,702.0,-55.45364216594726,-55.453570391546826,0
adam,local_global,351,704.0,-55.453570391546826,-55.45385640634042,0
adam,local_global,352,706.0,-55.45385640634042,-55.45406278807637,0
adam,local_global,353,708.0,-55.45406278807637,-55.45385884490208,0
adam,local_global,354,710.0,-55.45385884490208,-55.45376001492124,0
adam,local_global,355,712.0,-55.45376001492124,-55.454007607558694,0
adam,local_global,356,714.0,-55.454007607558694,-55.45404750300798,0
adam,local_global,357,716.0,-55.45404750300798,-55.45386371379173,0
adam,local_global,358,718.0,-55.45386371379173,-55.45394863876289,0
adam,local_global,359,720.0,-55.45394863876289,-55.454086568544284,0
adam,local_global,360,722.0,-55.454086568544284,-55.453969475964676,0
adam,local_global,361,724.0,-55.453969475964676,-55.453947959239876,0
adam,local_global,362,726.0,-55.453947959239876,-55.45407766885815,0
adam,local_global,363,728.0,-55.45407766885815,-55.454034945208726,0
adam,local_global,364,730.0,-55.454034945208726,-55.453974316358774,0
adam,local_global,365,732.0,-55.453974316358774,-55.45406376115215,0
adam,local_global,366,734.0,-55.45406376115215,-55.45406832700994,0
adam,local_global,367,736.0,-55.45406832700994,-55.45400567037429,0
adam,local_global,368,738.0,-55.45400567037429,-55.45405570874605,0
adam,local_global,369,740.0,-55.45405570874605,-55.45408301177678,0
adam,local_global,370,742.0,-55.45408301177678,-55.45403310050045,0
adam,local_global,371,744.0,-55.45403310050045,-55.45405341989527,0
adam,local_global,372,746.0,-55.45405341989527,-55.454087785609914,0
adam,local_global,373,748.0,-55.454087785609914,-55.454054718953635,0
adam,local_global,374,750.0,-55.454054718953635,-55.45405535732305,0
adam,local_global,375,752.0,-55.45405535732305,-55.45408733151018,0
adam,local_global,376,754.0,-55.45408733151018,-55.454070324630045,0
adam,local_global,377,756.0,-55.454070324630045,-55.45406017674905,0
adam,local_global,378,758.0,-55.45406017674905,-55.454084763084225,0
adam,local_global,379,760.0,-55.454084763084225,-55.4540804776979,0
adam,local_global,380,762.0,-55.4540804776979,-55.45406646607167,0
adam,local_global,381,764.0,-55.45406646607167,-55.45408180203454,0
adam,local_global,382,766.0,-55.45408180203454,-55.454085959460265,0
adam,local_global,383,768.0,-55.454085959460265,-55.45407303979603,0
adam,local_global,384,770.0,-55.45407303979603,-55.45407931111129,0
adam,local_global,385,772.0,-55.45407931111129,-55.45408680515312,0
adam,local_global,386,774.0,-55.45408680515312,-55.454076896631285,0
adam,local_global,387,776.0,-55.454076896631285,-55.45407417499579,0
adam,local_global,388,778.0,-55.45407417499579,-55.45407642806869,0
adam,local_global,389,780.0,-55.45407642806869,-55.45405988162779,0
adam,local_global,390,782.0,-55.45405988162779,-55.45402849719366,0
adam,local_global,391,784.0,-55.45402849719366,-55.45397273639338,0
adam,local_global,392,786.0,-55.45397273639338,-55.45383608527282,0
adam,local_global,393,788.0,-55.45383608527282,-55.45352646295189,0
adam,local_global,394,790.0,-55.45352646295189,-55.45285527099166,0
adam,local_global,395,792.0,-55.45285527099166,-55.45142611871497,0
adam,local_global,396,794.0,-55.45142611871497,-55.44866655465839,0
adam,local_global,397,796.0,-55.44866655465839,-55.44446529306622,0
adam,local_global,398,798.0,-55.44446529306622,-55.44097790572719,0
adam,local_global,399,800.0,-55.44097790572719,-55.4429479816514,0
adam,local_global,400,802.0,-55.4429479816514,-55.4504130467473,0
adam,local_global,401,804.0,-55.4504130467473,-55.454034266804065,0
adam,local_global,402,806.0,-55.454034266804065,-55.45009319365993,0
adam,local_global,403,808.0,-55.45009319365993,-55.44822786824061,0
adam,local_global,404,810.0,-55.44822786824061,-55.452581498482694,0
adam,local_global,405,812.0,-55.452581498482694,-55.45358278362098,0
adam,local_global,406,814.0,-55.45358278362098,-55.45049442092746,0
adam,local_global,407,816.0,-55.45049442092746,-55.4518614046504,0
adam,local_global,408,818.0,-55.4518614046504,-55.454051618015136,0
adam,local_global,409,820.0,-55.454051618015136,-55.4520928114577,0
adam,local_global,410,822.0,-55.4520928114577,-55.452061688605475,0
adam,local_global,411,824.0,-55.452061688605475,-55.45403678502948,0
adam,local_global,412,826.0,-55.45403678502948,-55.45292750462114,0
adam,local_global,413,828.0,-55.45292750462114,-55.452443010085624,0
adam,local_global,414,830.0,-55.452443010085624,-55.45396661947426,0
adam,local_global,415,832.0,-55.45396661947426,-55.45341953202616,0
adam,local_global,416,834.0,-55.45341953202616,-55.45279697263972,0
adam,local_global,417,836.0,-55.45279697263972,-55.45390944068291,0
adam,local_global,418,838.0,-55.45390944068291,-55.45372218555842,0
adam,local_global,419,840.0,-55.45372218555842,-55.453105334220446,0
adam,local_global,420,842.0,-55.453105334220446,-55.453836112601486,0
adam,local_global,421,844.0,-55.453836112601486,-55.453877507014326,0
adam,local_global,422,846.0,-55.453877507014326,-55.45329838022874,0
adam,local_global,423,848.0,-55.45329838022874,-55.45371901991807,0
adam,local_global,424,850.0,-55.45371901991807,-55.45393086673468,0
adam,local_global,425,852.0,-55.45393086673468,-55.453554498118194,0
adam,local_global,426,854.0,-55.453554498118194,-55.45381522420639,0
adam,local_global,427,856.0,-55.45381522420639,-55.45405964765807,0
adam,local_global,428,858.0,-55.45405964765807,-55.45371773550892,0
adam,local_global,429,860.0,-55.45371773550892,-55.453780493148585,0
adam,local_global,430,862.0,-55.453780493148585,-55.45407580674222,0
adam,local_global,431,864.0,-55.45407580674222,-55.45390041443692,0
adam,local_global,432,866.0,-55.45390041443692,-55.4538275777532,0
adam,local_global,433,868.0,-55.4538275777532,-55.45404147645889,0
adam,local_global,434,870.0,-55.45404147645889,-55.45399148957846,0
adam,local_global,435,872.0,-55.45399148957846,-55.453894622811376,0
adam,local_global,436,874.0,-55.453894622811376,-55.45402955748451,0
adam,local_global,437,876.0,-55.45402955748451,-55.45404001731033,0
adam,local_global,438,878.0,-55.45404001731033,-55.45394761440649,0
adam,local_global,439,880.0,-55.45394761440649,-55.45402309082974,0
adam,local_global,440,882.0,-55.45402309082974,-55.45406848336768,0
adam,local_global,441,884.0,-55.45406848336768,-55.45399258065432,0
adam,local_global,442,886.0,-55.45399258065432,-55.45402049538572,0
adam,local_global,443,888.0,-55.45402049538572,-55.454081556689445,0
adam,local_global,444,890.0,-55.454081556689445,-55.45403171470082,0
adam,local_global,445,892.0,-55.45403171470082,-55.4540203093393,0
adam,local_global,446,894.0,-55.4540203093393,-55.45408090958376,0
adam,local_global,447,896.0,-55.45408090958376,-55.45406617883908,0
adam,local_global,448,898.0,-55.45406617883908,-55.45403067051637,0
adam,local_global,449,900.0,-55.45403067051637,-55.45406749548494,0
adam,local_global,450,902.0,-55.45406749548494,-55.454084181057844,0
adam,local_global,451,904.0,-55.454084181057844,-55.45405121007397,0
adam,local_global,452,906.0,-55.45405121007397,-55.45405617366374,0
adam,local_global,453,908.0,-55.45405617366374,-55.454077758877766,0
adam,local_global,454,910.0,-55.454077758877766,-55.45405532643246,0
adam,local_global,455,912.0,-55.45405532643246,-55.45402752465219,0
adam,local_global,456,914.0,-55.45402752465219,-55.45400820278138,0
adam,local_global,457,916.0,-55.45400820278138,-55.45393117082055,0
adam,local_global,458,918.0,-55.45393117082055,-55.45376682058385,0
adam,local_global,459,920.0,-55.45376682058385,-55.453512032437594,0
adam,local_global,460,922.0,-55.453512032437594,-55.453182717573945,0
adam,local_global,461,924.0,-55.453182717573945,-55.45296874611652,0
adam,local_global,462,926.0,-55.45296874611652,-55.45320632115542,0
adam,local_global,463,928.0,-55.45320632115542,-55.453730747900636,0
adam,local_global,464,930.0,-55.453730747900636,-55.45399119340265,0
adam,local_global,465,932.0,-55.45399119340265,-55.45383323095143,0
adam,local_global,466,934.0,-55.45383323095143,-55.45364293521366,0
adam,local_global,467,936.0,-55.45364293521366,-55.453720985120924,0
adam,local_global,468,938.0,-55.453720985120924,-55.45389383920388,0
adam,local_global,469,940.0,-55.45389383920388,-55.453929917603894,0
adam,local_global,470,942.0,-55.453929917603894,-55.45388057783516,0
adam,local_global,471,944.0,-55.45388057783516,-55.45388564961499,0
adam,local_global,472,946.0,-55.45388564961499,-55.45393705001302,0
adam,local_global,473,948.0,-55.45393705001302,-55.45395225127072,0
adam,local_global,474,950.0,-55.45395225127072,-55.45394234745086,0
adam,local_global,475,952.0,-55.45394234745086,-55.453955401159035,0
adam,local_global,476,954.0,-55.453955401159035,-55.45397408252969,0
adam,local_global,477,956.0,-55.45397408252969,-55.45396963688742,0
adam,local_global,478,958.0,-55.45396963688742,-55.45396559892554,0
adam,local_global,479,960.0,-55.45396559892554,-55.453993863028614,0
adam,local_global,480,962.0,-55.453993863028614,-55.45403091543646,0
adam,local_global,481,964.0,-55.45403091543646,-55.454033714676754,0
adam,local_global,482,966.0,-55.454033714676754,-55.45401316066585,0
adam,local_global,483,968.0,-55.45401316066585,-55.45401357204249,0
adam,local_global,484,970.0,-55.45401357204249,-55.45404062634777,0
adam,local_global,485,972.0,-55.45404062634777,-55.45405557901479,0
adam,local_global,486,974.0,-55.45405557901479,-55.454041379133365,0
adam,local_global,487,976.0,-55.454041379133365,-55.454026937649836,0
adam,local_global,488,978.0,-55.454026937649836,-55.45402841498799,0
adam,local_global,489,980.0,-55.45402841498799,-55.45401200885113,0
adam,local_global,490,982.0,-55.45401200885113,-55.453930852904975,0
adam,local_global,491,984.0,-55.453930852904975,-55.45375001734665,0
adam,local_global,492,986.0,-55.45375001734665,-55.453409303779104,0
adam,local_global,493,988.0,-55.453409303779104,-55.452878969795904,0
adam,local_global,494,990.0,-55.452878969795904,-55.45249682222527,0
adam,local_global,495,992.0,-55.45249682222527,-55.45295722268118,0
adam,local_global,496,994.0,-55.45295722268118,-55.45389320499514,0
adam,local_global,497,996.0,-55.45389320499514,-55.4539459545569,0
adam,local_global,498,998.0,-55.4539459545569,-55.453315438976254,0
adam,local_global,499,1000.0,-55.453315438976254,-55.45338206142383,0
adam,adiabatic,0,2.0,0.49534461062368057,-36.71575430065879,0
adam,adiabatic,1,4.0,0.4750039281504981,-38.07195680255706,0
adam,adiabatic,2,6.0,0.4547974286889537,-39.219683650669516,0
adam,adiabatic,3,8.0,0.43333054273538923,-40.18830857936102,0
adam,adiabatic,4,10.0,0.4086167392596621,-41.07175109329983,0
adam,adiabatic,5,12.0,0.3811580528390014,-41.99315535513541,0
adam,adiabatic,6,14.0,0.3519714893257559,-42.95375287793949,0
adam,adiabatic,7,16.0,0.3216480909655273,-43.91542100123951,0
adam,adiabatic,8,18.0,0.2930242124438833,-44.90061599857759,0
adam,adiabatic,9,20.0,0.26815242474009565,-45.75395789784351,0
adam,adiabatic,10,22.0,0.24775621700037054,-46.33398808608517,0
adam,adiabatic,11,24.0,0.23064693127650115,-46.6652439223738,0
adam,adiabatic,12,26.0,0.21544861684193065,-46.717105415556,0
adam,adiabatic,13,28.0,0.20234569362414023,-46.53940025571618,0
adam,adiabatic,14,30.0,0.1903852882984752,-46.328134737057844,0
adam,adiabatic,15,32.0,0.17816733101223065,-46.249882466227405,0
adam,adiabatic,16,34.0,0.16547553913849136,-46.3221881822334,0
adam,adiabatic,17,36.0,0.15205084674353883,-46.457518713268215,0
adam,adiabatic,18,38.0,0.1384015717413327,-46.56195678775267,0
adam,adiabatic,19,40.0,0.12507040432139124,-46.633133983303495,0
adam,adiabatic,20,42.0,0.1127434356994339,-46.74360274282712,0
adam,adiabatic,21,44.0,0.10283788878574392,-46.91806211381817,0
adam,adiabatic,22,46.0,0.09634082661514477,-47.12305006757439,0
adam,adiabatic,23,48.0,0.09255127598821447,-47.317943167937074,0
adam,adiabatic,24,50.0,0.08998440558434997,-47.507420944070546,0
adam,adiabatic,25,52.0,0.08738263763124071,-47.74804110473305,0
adam,adiabatic,26,54.0,0.08371408957276916,-48.09811971571154,0
adam,adiabatic,27,56.0,0.0786162887660542,-48.59109207967914,0
adam,adiabatic,28,58.0,0.07249911857107318,-49.24598407450287,0
adam,adiabatic,29,60.0,0.06573012087110892,-50.08379854520432,0
adam,adiabatic,30,62.0,0.05830744679191402,-51.0765615815423,0
adam,adiabatic,31,64.0,0.050650865661523235,-52.10322085394677,0
adam,adiabatic,32,66.0,0.043599897440437546,-53.08598095069532,0
adam,adiabatic,33,68.0,0.03694381222948367,-54.00628109207991,0
adam,adiabatic,34,70.0,0.030081675083107683,-54.728652543654476,0
adam,adiabatic,35,72.0,0.02382064474952773,-55.10063025154681,0
adam,adiabatic,36,74.0,0.019359514739907588,-55.08301623559724,0
adam,adiabatic,37,76.0,0.017494617868782873,-54.817465556562496,0
adam,adiabatic,38,78.0,0.017788472638293813,-54.52591424016887,0
adam,adiabatic,39,80.0,0.018933805814500118,-54.28976210792557,0
adam,adiabatic,40,82.0,0.020480416306627995,-54.151875403491154,0
adam,adiabatic,41,84.0,0.02170850578863797,-54.156817812609866,0
adam,adiabatic,42,86.0,0.021765365272010045,-54.305293003669966,0
adam,adiabatic,43,88.0,0.02053805008526443,-54.56185314639203,0
adam,adiabatic,44,90.0,0.01839600079312711,-54.8335562512221,0
adam,adiabatic,45,92.0,0.016202812288628347,-55.054647288242755,0
adam,adiabatic,46,94.0,0.01434147838439426,-55.224706921425586,0
adam,adiabatic,47,96.0,0.012623570874792349,-55.32437076007248,0
adam,adiabatic,48,98.0,0.01142456381269566,-55.34232316109737,0
adam,adiabatic,49,100.0,0.011018675312777589,-55.29308679090521,0
adam,adiabatic,50,102.0,-6.133666508973309,-55.274705399770504,0
adam,adiabatic,51,104.0,-6.131582613652346,-55.022522974700586,0
adam,adiabatic,52,106.0,-6.101575464907994,-55.304675670750825,0
adam,adiabatic,53,108.0,-6.134993793562819,-55.06633486308738,0
adam,adiabatic,54,110.0,-6.106551297241094,-55.25691649919504,0
adam,adiabatic,55,112.0,-6.129339507115748,-55.30480824348541,0
adam,adiabatic,56,114.0,-6.135432936290298,-55.21001056687222,0
adam,adiabatic,57,116.0,-6.123852294100725,-55.34681992195903,0
adam,adiabatic,58,118.0,-6.14064794410921,-55.33197328247737,0
adam,adiabatic,59,120.0,-6.138589913202563,-55.2698002475628,0
adam,adiabatic,60,122.0,-6.131344149576606,-55.35737158521746,0
adam,adiabatic,61,124.0,-6.141967595270472,-55.3914460378779,0
adam,adiabatic,62,126.0,-6.14598633372235,-55.33371331795531,0
adam,adiabatic,63,128.0,-6.139223921961107,-55.37417343074224,0
adam,adiabatic,64,130.0,-6.144132145716725,-55.398909571369835,0
adam,adiabatic,65,132.0,-6.147009601567664,-55.37868686116074,0
adam,adiabatic,66,134.0,-6.14461869730335,-55.38496694813513,0
adam,adiabatic,67,136.0,-6.145425256165862,-55.41003513415345,0
adam,adiabatic,68,138.0,-6.148394274951883,-55.41635372188362,0
adam,adiabatic,69,140.0,-6.149182308681057,-55.3976851844578,0
adam,adiabatic,70,142.0,-6.147059590176306,-55.41295251741835,0
adam,adiabatic,71,144.0,-6.148903010410648,-55.421884514519355,0
adam,adiabatic,72,146.0,-6.149891522613148,-55.42559946941544,0
adam,adiabatic,73,148.0,-6.1504371445030985,-55.4278359325197,0
adam,adiabatic,74,150.0,-6.1507635210114495,-55.42165158867334,0
adam,adiabatic,75,152.0,-6.149944896493732,-55.43408011072411,0
adam,adiabatic,76,154.0,-6.1514509506031905,-55.43446850762669,0
adam,adiabatic,77,156.0,-6.151542818404492,-55.43104284960215,0
adam,adiabatic,78,158.0,-6.151119286127853,-55.440049068659285,0
adam,adiabatic,79,160.0,-6.152195636683655,-55.44059159486912,0
adam,adiabatic,80,162.0,-6.152286748597155,-55.43690433186576,0
adam,adiabatic,81,164.0,-6.1518433279313935,-55.44006555217062,0
adam,adiabatic,82,166.0,-6.152239691885795,-55.446927891729715,0
adam,adiabatic,83,168.0,-6.153066734829604,-55.44394069016622,0
adam,adiabatic,84,170.0,-6.1527054292294565,-55.44225516060636,0
adam,adiabatic,85,172.0,-6.152518533466414,-55.447542051872865,0
adam,adiabatic,86,174.0,-6.153148443065805,-55.4473477163999,0
adam,adiabatic,87,176.0,-6.153118337108862,-55.444766702656715,0
adam,adiabatic,88,178.0,-6.152815577428148,-55.44888252798856,0
adam,adiabatic,89,180.0,-6.1533267436850005,-55.45066092276813,0
adam,adiabatic,90,182.0,-6.153531829168662,-55.447665598412186,0
adam,adiabatic,91,184.0,-6.1531797186158315,-55.44906050858042,0
adam,adiabatic,92,186.0,-6.153360536212776,-55.45088549441764,0
adam,adiabatic,93,188.0,-6.153564824105821,-55.45082101615006,0
adam,adiabatic,94,190.0,-6.153563544240556,-55.45049997272192,0
adam,adiabatic,95,192.0,-6.153529088670324,-55.45069291424757,0
adam,adiabatic,96,194.0,-6.153545531796256,-55.45159362876199,0
adam,adiabatic,97,196.0,-6.153655541823107,-55.45182197766185,0
adam,adiabatic,98,198.0,-6.153689497140495,-55.45176567306895,0
adam,adiabatic,99,200.0,-6.153683505576334,-55.45218206582916,0
adam,adiabatic,100,202.0,-12.316037863084762,-55.452117523630164,0
adam,adiabatic,101,204.0,-12.316025046862528,-55.45163806308654,0
adam,adiabatic,102,206.0,-12.315908188446171,-55.45105733588762,0
adam,adiabatic,103,208.0,-12.315747109410738,-55.443818739884264,0
adam,adiabatic,104,210.0,-12.31399576507924,-55.438916716933235,0
adam,adiabatic,105,212.0,-12.312795529405369,-55.44441171218477,0
adam,adiabatic,106,214.0,-12.314123746540881,-55.44645269107735,0
adam,adiabatic,107,216.0,-12.314640720298875,-55.44811993875248,0
adam,adiabatic,108,218.0,-12.315022867753736,-55.44617974626457,0
adam,adiabatic,109,220.0,-12.31457869325074,-55.44977856631972,0
adam,adiabatic,110,222.0,-12.315423607011503,-55.448244209324386,0
adam,adiabatic,111,224.0,-12.31506862624536,-55.449953701885185,0
adam,adiabatic,112,226.0,-12.315480499469318,-55.450150766978815,0
adam,adiabatic,113,228.0,-12.315527141091776,-55.45018123910269,0
adam,adiabatic,114,230.0,-12.31553861344397,-55.45159580078218,0
adam,adiabatic,115,232.0,-12.315875013992594,-55.450570647546336,0
adam,adiabatic,116,234.0,-12.315638323919941,-55.45200822569793,0
adam,adiabatic,117,236.0,-12.315971741286452,-55.45137328589351,0
adam,adiabatic,118,238.0,-12.315831794699161,-55.45219072582327,0
adam,adiabatic,119,240.0,-12.316022921171115,-55.451940618344345,0
adam,adiabatic,120,242.0,-12.315966861960153,-55.45226383328906,0
adam,adiabatic,121,244.0,-12.316044694668147,-55.452304376335626,0
adam,adiabatic,122,246.0,-12.316056138817336,-55.45233812598166,0
adam,adiabatic,123,248.0,-12.316062871278843,-55.45260199298005,0
adam,adiabatic,124,250.0,-12.316130802880012,-55.45220895206019,0
adam,adiabatic,125,252.0,-12.316038270860044,-55.45219714553573,0
adam,adiabatic,126,254.0,-12.316040206428614,-55.45131554849541,0
adam,adiabatic,127,256.0,-12.315841104202025,-55.451135255783164,0
adam,adiabatic,128,258.0,-12.315798733048606,-55.451816275616686,0
adam,adiabatic,129,260.0,-12.315957392491429,-55.453046366381706,0
adam,adiabatic,130,262.0,-12.316235860904776,-55.453024984863795,0
adam,adiabatic,131,264.0,-12.316231976758656,-55.452554066430814,0
adam,adiabatic,132,266.0,-12.316119828786906,-55.45254349859984,0
adam,adiabatic,133,268.0,-12.316115749417596,-55.45280340195802,0
adam,adiabatic,134,270.0,-12.31616600468276,-55.45284475886849,0
adam,adiabatic,135,272.0,-12.316178918868635,-55.45293834783865,0
adam,adiabatic,136,274.0,-12.316205140769762,-55.45342088301046,0
adam,adiabatic,137,276.0,-12.316328359013427,-55.45339138098941,0
adam,adiabatic,138,278.0,-12.316321139766204,-55.45307824743381,0
adam,adiabatic,139,280.0,-12.316245092900738,-55.45312354336698,0
adam,adiabatic,140,282.0,-12.316250268836388,-55.453555811984735,0
adam,adiabatic,141,284.0,-12.316357705970548,-55.453365483110716,0
adam,adiabatic,142,286.0,-12.316317062561838,-55.453043220832356,0
adam,adiabatic,143,288.0,-12.316241284049841,-55.453098776613245,0
adam,adiabatic,144,290.0,-12.316249983705003,-55.45339372738605,0
adam,adiabatic,145,292.0,-12.316322227603761,-55.45307918950024,0
adam,adiabatic,146,294.0,-12.316253937454684,-55.45233430932947,0
adam,adiabatic,147,296.0,-12.316083391883508,-55.451187830710104,0
adam,adiabatic,148,298.0,-12.315818343180558,-55.449892816174696,0
adam,adiabatic,149,300.0,-12.315529568905069,-55.44868448252195,0
adam,adiabatic,150,302.0,-18.477174498622805,-55.4217015748963,0
adam,adiabatic,151,304.0,-18.468063513694965,-55.357913440608826,0
adam,adiabatic,152,306.0,-18.446460727603657,-55.360237058358685,0
adam,adiabatic,153,308.0,-18.446896350970434,-55.34249983153358,0
adam,adiabatic,154,310.0,-18.44089918975365,-55.348354886312,0
adam,adiabatic,155,312.0,-18.442526887313086,-55.26234283511382,0
adam,adiabatic,156,314.0,-18.413562095456047,-55.351628534647375,0
adam,adiabatic,157,316.0,-18.44374037164203,-55.325878094750756,0
adam,adiabatic,158,318.0,-18.435153473854736,-55.39386080177215,0
adam,adiabatic,159,320.0,-18.45834177564468,-55.34227186718278,0
adam,adiabatic,160,322.0,-18.44078057840737,-55.405893308340495,0
adam,adiabatic,161,324.0,-18.46233489380162,-55.36821015494373,0
adam,adiabatic,162,326.0,-18.449661324623683,-55.41008673994511,0
adam,adiabatic,163,328.0,-18.4638642866925,-55.40281148673512,0
adam,adiabatic,164,330.0,-18.461453950356308,-55.40078840124988,0
adam,adiabatic,165,332.0,-18.460732007238782,-55.42510771881642,0
adam,adiabatic,166,334.0,-18.46900441037417,-55.411650672216204,0
adam,adiabatic,167,336.0,-18.464492801242493,-55.42353756114621,0
adam,adiabatic,168,338.0,-18.468457785839334,-55.42722951440647,0
adam,adiabatic,169,340.0,-18.4697948124679,-55.429119210743764,0
adam,adiabatic,170,342.0,-18.47038954684258,-55.429089061393555,0
adam,adiabatic,171,344.0,-18.47041711377254,-55.43406556407782,0
adam,adiabatic,172,346.0,-18.47209892213809,-55.44014788460235,0
adam,adiabatic,173,348.0,-18.474190413175812,-55.432014162725785,0
adam,adiabatic,174,350.0,-18.471415405798663,-55.44380553454736,0
adam,adiabatic,175,352.0,-18.475439680387975,-55.437906865610316,0
adam,adiabatic,176,354.0,-18.473432955347448,-55.44578433980868,0
adam,adiabatic,177,356.0,-18.476124398339813,-55.43897998421589,0
adam,adiabatic,178,358.0,-18.473800271528035,-55.446249040896944,0
adam,adiabatic,179,360.0,-18.47629887697137,-55.44468747146822,0
adam,adiabatic,180,362.0,-18.475741193327345,-55.44484570221933,0
adam,adiabatic,181,364.0,-18.47580669314887,-55.445028430752764,0
adam,adiabatic,182,366.0,-18.475823717954245,-55.44651720513191,0
adam,adiabatic,183,368.0,-18.476353700666163,-55.44840131201296,0
adam,adiabatic,184,370.0,-18.477034253493866,-55.44878699511906,0
adam,adiabatic,185,372.0,-18.47716122052532,-55.44694360918396,0
adam,adiabatic,186,374.0,-18.47651579811546,-55.45075167907643,0
adam,adiabatic,187,376.0,-18.477833909083316,-55.44946240948115,0
adam,adiabatic,188,378.0,-18.477407246672772,-55.45047418775852,0
adam,adiabatic,189,380.0,-18.477738245959078,-55.44955656968491,0
adam,adiabatic,190,382.0,-18.477429971466037,-55.450591368973505,0
adam,adiabatic,191,384.0,-18.47780004565991,-55.45178680386899,0
adam,adiabatic,192,386.0,-18.47818714078025,-55.45064112689025,0
adam,adiabatic,193,388.0,-18.47780994884996,-55.452312517992546,0
adam,adiabatic,194,390.0,-18.47838425240475,-55.45105466642389,0
adam,adiabatic,195,392.0,-18.477950340074347,-55.452388518704545,0
adam,adiabatic,196,394.0,-18.478407750821646,-55.45212550060158,0
adam,adiabatic,197,396.0,-18.478327042346486,-55.45171983366173,0
adam,adiabatic,198,398.0,-18.478178447501534,-55.452371829041134,0
adam,adiabatic,199,400.0,-18.478405271422787,-55.45218191176247,0
adam,adiabatic,200,402.0,-24.64065068235197,-55.44968471462236,0
adam,adiabatic,201,404.0,-24.639517925940105,-55.4324896531128,0
adam,adiabatic,202,406.0,-24.631742174239708,-55.387075206054675,0
adam,adiabatic,203,408.0,-24.611223277901583,-55.40437984987242,0
adam,adiabatic,204,410.0,-24.618996110092134,-55.39754085729151,0
adam,adiabatic,205,412.0,-24.615841786288506,-55.3914303948576,0
adam,adiabatic,206,414.0,-24.613031307413582,-55.404098634018126,0
adam,adiabatic,207,416.0,-24.61873205503885,-55.40947480629323,0
adam,adiabatic,208,418.0,-24.621254337680213,-55.41479693161981,0
adam,adiabatic,209,420.0,-24.62362302639868,-55.42293422152365,0
adam,adiabatic,210,422.0,-24.627394084102715,-55.41948319939817,0
adam,adiabatic,211,424.0,-24.625741408650132,-55.43294344958966,0
adam,adiabatic,212,426.0,-24.631928795703878,-55.42509482207159,0
adam,adiabatic,213,428.0,-24.6283231807898,-55.43876489515677,0
adam,adiabatic,214,430.0,-24.634550115212576,-55.42926242793112,0
adam,adiabatic,215,432.0,-24.630226898251387,-55.44411581087945,0
adam,adiabatic,216,434.0,-24.636978739184716,-55.43160891043013,0
adam,adiabatic,217,436.0,-24.63129905630098,-55.44846745714814,0
adam,adiabatic,218,438.0,-24.63895465526849,-55.43433786689072,0
adam,adiabatic,219,440.0,-24.632537067766325,-55.45021311338966,0
adam,adiabatic,220,442.0,-24.639748071587334,-55.438301616885035,0
adam,adiabatic,221,444.0,-24.63434155462182,-55.450357965468754,0
adam,adiabatic,222,446.0,-24.639812138110326,-55.44201213395015,0
adam,adiabatic,223,448.0,-24.63602703515566,-55.45006303973704,0
adam,adiabatic,224,450.0,-24.63968041801271,-55.445610230309,0
adam,adiabatic,225,452.0,-24.63766274214466,-55.449449595526595,0
adam,adiabatic,226,454.0,-24.639402836776192,-55.44873601664091,0
adam,adiabatic,227,456.0,-24.639081980312906,-55.44866517775205,0
adam,adiabatic,228,458.0,-24.63904864286567,-55.45120251074551,0
adam,adiabatic,229,460.0,-24.640201630713083,-55.44878047350749,0
adam,adiabatic,230,462.0,-24.639102320288615,-55.45198961518828,0
adam,adiabatic,231,464.0,-24.640557896395666,-55.44992534885929,0
adam,adiabatic,232,466.0,-24.639624931759865,-55.45207635521233,0
adam,adiabatic,233,468.0,-24.640598144706306,-55.45084749068992,0
adam,adiabatic,234,470.0,-24.640043036121636,-55.45225012637758,0
adam,adiabatic,235,472.0,-24.640679313629647,-55.45124361056942,0
adam,adiabatic,236,474.0,-24.640223659800366,-55.45194101092771,0
adam,adiabatic,237,476.0,-24.64054418044305,-55.451159623247996,0
adam,adiabatic,238,478.0,-24.6401894516665,-55.45016953900613,0
adam,adiabatic,239,480.0,-24.63974829338711,-55.44937959962092,0
adam,adiabatic,240,482.0,-24.63939561073827,-55.447471636678905,0
adam,adiabatic,241,484.0,-24.63853890055847,-55.448714603836024,0
adam,adiabatic,242,486.0,-24.6390991474419,-55.45039968142126,0
adam,adiabatic,243,488.0,-24.63985258107468,-55.45339033009447,0
adam,adiabatic,244,490.0,-24.64119801782988,-55.45235291551383,0
adam,adiabatic,245,492.0,-24.640729689216194,-55.45150303669072,0
adam,adiabatic,246,494.0,-24.640353233725016,-55.45069987212065,0
adam,adiabatic,247,496.0,-24.639989849357633,-55.45258792415357,0
adam,adiabatic,248,498.0,-24.640838171371026,-55.45349847099763,0
adam,adiabatic,249,500.0,-24.64124664495284,-55.45267656470888,0
adam,adiabatic,250,502.0,-30.803237431205982,-55.449336975742575,0
adam,adiabatic,251,504.0,-30.80136955688763,-55.44078328629699,0
adam,adiabatic,252,506.0,-30.796581511214946,-55.428094038984234,0
adam,adiabatic,253,508.0,-30.789460676122285,-55.433446492398396,0
adam,adiabatic,254,510.0,-30.79241957690679,-55.44465061774405,0
adam,adiabatic,255,512.0,-30.798663843926967,-55.426720413010656,0
adam,adiabatic,256,514.0,-30.788647916294174,-55.425041620405764,0
adam,adiabatic,257,516.0,-30.78771752956977,-55.44210256412066,0
adam,adiabatic,258,518.0,-30.797239043543893,-55.41303083346671,0
adam,adiabatic,259,520.0,-30.780934933703197,-55.418691399925486,0
adam,adiabatic,260,522.0,-30.78408697906358,-55.43755600218258,0
adam,adiabatic,261,524.0,-30.794666341088085,-55.42441440568875,0
adam,adiabatic,262,526.0,-30.787271705998155,-55.43583118685113,0
adam,adiabatic,263,528.0,-30.79373295573153,-55.43438832740452,0
adam,adiabatic,264,530.0,-30.792925507204522,-55.44286322003097,0
adam,adiabatic,265,532.0,-30.797677647978013,-55.43939254085952,0
adam,adiabatic,266,534.0,-30.7957473180219,-55.44442028337036,0
adam,adiabatic,267,536.0,-30.798572156463027,-55.440351790974354,0
adam,adiabatic,268,538.0,-30.796287333779265,-55.444906340206245,0
adam,adiabatic,269,540.0,-30.798841664500607,-55.44473547844085,0
adam,adiabatic,270,542.0,-30.798769951290144,-55.44652638789186,0
adam,adiabatic,271,544.0,-30.799757024383176,-55.445571652481625,0
adam,adiabatic,272,546.0,-30.799231617274245,-55.447538032514224,0
adam,adiabatic,273,548.0,-30.800337021295576,-55.44792473681865,0
adam,adiabatic,274,550.0,-30.80056204179695,-55.448871033235314,0
adam,adiabatic,275,552.0,-30.80107967808288,-55.451237805445274,0
adam,adiabatic,276,554.0,-30.80242412143047,-55.44922909445929,0
adam,adiabatic,277,556.0,-30.801291810054646,-55.45077877012619,0
adam,adiabatic,278,558.0,-30.802159364587016,-55.45027036135896,0
adam,adiabatic,279,560.0,-30.801880515485024,-55.45172923604009,0
adam,adiabatic,280,562.0,-30.80269830639796,-55.45104594087277,0
adam,adiabatic,281,564.0,-30.80231571969238,-55.45194423503879,0
adam,adiabatic,282,566.0,-30.80282169259903,-55.452088540484915,0
adam,adiabatic,283,568.0,-30.802899401867162,-55.45214171339294,0
adam,adiabatic,284,570.0,-30.80293385514118,-55.45216634249646,0
adam,adiabatic,285,572.0,-30.802948343155713,-55.45300619521293,0
adam,adiabatic,286,574.0,-30.803416822479164,-55.45230262088539,0
adam,adiabatic,287,576.0,-30.803024115301316,-55.453055492371455,0
adam,adiabatic,288,578.0,-30.803448104886055,-55.452770259606034,0
adam,adiabatic,289,580.0,-30.803286778281397,-55.45314431818385,0
adam,adiabatic,290,582.0,-30.803498340922634,-55.452715367295355,0
adam,adiabatic,291,584.0,-30.803255872611413,-55.45300082457287,0
adam,adiabatic,292,586.0,-30.80341832145959,-55.45300198638715,0
adam,adiabatic,293,588.0,-30.803416863584633,-55.45303978639757,0
adam,adiabatic,294,590.0,-30.803438972289715,-55.45266016895909,0
adam,adiabatic,295,592.0,-30.803225718547523,-55.45253663733256,0
adam,adiabatic,296,594.0,-30.803155809772495,-55.45254669369037,0
adam,adiabatic,297,596.0,-30.80316167385993,-55.45308653193549,0
adam,adiabatic,298,598.0,-30.803464135589117,-55.453320967322405,0
adam,adiabatic,299,600.0,-30.803596823512365,-55.45364180747811,0
adam,adiabatic,300,602.0,-36.96624259553811,-55.45322981322786,0
adam,adiabatic,301,604.0,-36.96596240799684,-55.45199030706817,0
adam,adiabatic,302,606.0,-36.96511597166261,-55.44749012649514,0
adam,adiabatic,303,608.0,-36.962054981505645,-55.43646691109526,0
adam,adiabatic,304,610.0,-36.95463585257315,-55.41082184340609,0
adam,adiabatic,305,612.0,-36.9375344168465,-55.37938907442057,0
adam,adiabatic,306,614.0,-36.91646925081337,-55.40021395842129,0
adam,adiabatic,307,616.0,-36.93032101541062,-55.41643200886185,0
adam,adiabatic,308,618.0,-36.9412383351388,-55.4002728867481,0
adam,adiabatic,309,620.0,-36.93035951637392,-55.422995093537615,0
adam,adiabatic,310,622.0,-36.94561464942163,-55.41423536035708,0
adam,adiabatic,311,624.0,-36.939733863934634,-55.42314403931106,0
adam,adiabatic,312,626.0,-36.94571009174311,-55.43481502500804,0
adam,adiabatic,313,628.0,-36.95355365457327,-55.421214920833485,0
adam,adiabatic,314,630.0,-36.94439527890161,-55.4391507601515,0
adam,adiabatic,315,632.0,-36.95642832387287,-55.42863965964296,0
adam,adiabatic,316,634.0,-36.9494330836471,-55.44103437256551,0
adam,adiabatic,317,636.0,-36.957696741979085,-55.43261647953338,0
adam,adiabatic,318,638.0,-36.95206306998085,-55.444128019600186,0
adam,adiabatic,319,640.0,-36.95978674216985,-55.43720554096499,0
adam,adiabatic,320,642.0,-36.95515364464752,-55.44673328416693,0
adam,adiabatic,321,644.0,-36.96158025567846,-55.4414259427008,0
adam,adiabatic,322,646.0,-36.958003885065544,-55.44485110350726,0
adam,adiabatic,323,648.0,-36.96030608531776,-55.44640380731384,0
adam,adiabatic,324,650.0,-36.9613697495632,-55.44634324819962,0
adam,adiabatic,325,652.0,-36.96130961640503,-55.447008606427836,0
adam,adiabatic,326,654.0,-36.96176319012871,-55.447771214902716,0
adam,adiabatic,327,656.0,-36.96228190841346,-55.44936849587421,0
adam,adiabatic,328,658.0,-36.96335116290648,-55.44777259706239,0
adam,adiabatic,329,660.0,-36.9622772756652,-55.45106936907662,0
adam,adiabatic,330,662.0,-36.96450332439805,-55.44897497118314,0
adam,adiabatic,331,664.0,-36.96309070645159,-55.45086638875678,0
adam,adiabatic,332,666.0,-36.96436829874023,-55.450233003087696,0
adam,adiabatic,333,668.0,-36.963946188288716,-55.4513693811926,0
adam,adiabatic,334,670.0,-36.964702927063016,-55.45047960262975,0
adam,adiabatic,335,672.0,-36.96411450814934,-55.45198850467104,0
adam,adiabatic,336,674.0,-36.96512096230026,-55.45092225256741,0
adam,adiabatic,337,676.0,-36.96441118310703,-55.45223380390171,0
adam,adiabatic,338,678.0,-36.965288584790564,-55.45175155442841,0
adam,adiabatic,339,680.0,-36.96496780577478,-55.45217614970221,0
adam,adiabatic,340,682.0,-36.965251792893405,-55.452273829840614,0
adam,adiabatic,341,684.0,-36.96532007559523,-55.452365080469825,0
adam,adiabatic,342,686.0,-36.96538149639905,-55.45264689721918,0
adam,adiabatic,343,688.0,-36.96557273428713,-55.45223725766145,0
adam,adiabatic,344,690.0,-36.965297042208185,-55.452726850410485,0
adam,adiabatic,345,692.0,-36.96562672698024,-55.45242289759251,0
adam,adiabatic,346,694.0,-36.965422328277,-55.452796921656706,0
adam,adiabatic,347,696.0,-36.96567367797809,-55.45284967819153,0
adam,adiabatic,348,698.0,-36.96571074835343,-55.45294665776566,0
adam,adiabatic,349,700.0,-36.965774200929,-55.45327238336414,0
adam,adiabatic,350,702.0,-43.128421079282475,-55.45280638420609,0
adam,adiabatic,351,704.0,-43.12805541319403,-55.451534048331084,0
adam,adiabatic,352,706.0,-43.1270608099831,-55.44781818137533,0
adam,adiabatic,353,708.0,-43.12415614051276,-55.43995261146638,0
adam,adiabatic,354,710.0,-43.118007684918624,-55.4327915602357,0
adam,adiabatic,355,712.0,-43.11241342594718,-55.43481472465285,0
adam,adiabatic,356,714.0,-43.11399073263659,-55.432783676537426,0
adam,adiabatic,357,716.0,-43.11240035671113,-55.408682443133145,0
adam,adiabatic,358,718.0,-43.09358636631785,-55.40036619056397,0
adam,adiabatic,359,720.0,-43.08713476356268,-55.400002287081044,0
adam,adiabatic,360,722.0,-43.086886635853254,-55.4032195666658,0
adam,adiabatic,361,724.0,-43.08937034685918,-55.4361812627018,0
adam,adiabatic,362,726.0,-43.115058917141894,-55.432133638834344,0
adam,adiabatic,363,728.0,-43.11192747394337,-55.416084443549295,0
adam,adiabatic,364,730.0,-43.09940612655893,-55.43800106039339,0
adam,adiabatic,365,732.0,-43.116486879403624,-55.44085439170202,0
adam,adiabatic,366,734.0,-43.11873101754816,-55.42611573111124,0
adam,adiabatic,367,736.0,-43.10722634268803,-55.44550430816771,0
adam,adiabatic,368,738.0,-43.12234786715314,-55.44093485042208,0
adam,adiabatic,369,740.0,-43.11879205436015,-55.43595654169391,0
adam,adiabatic,370,742.0,-43.114906346929345,-55.45060409885669,0
adam,adiabatic,371,744.0,-43.126332254412546,-55.43849674156344,0
adam,adiabatic,372,746.0,-43.11689099512432,-55.445742696181675,0
adam,adiabatic,373,748.0,-43.122538246785744,-55.446454851818615,0
adam,adiabatic,374,750.0,-43.12309648675788,-55.441921832172774,0
adam,adiabatic,375,752.0,-43.11956118581771,-55.44823098741405,0
adam,adiabatic,376,754.0,-43.12447911061344,-55.44433307668611,0
adam,adiabatic,377,756.0,-43.12144214539227,-55.44695977041499,0
adam,adiabatic,378,758.0,-43.12349106281065,-55.44922744721019,0
adam,adiabatic,379,760.0,-43.12526197776309,-55.44833390439705,0
adam,adiabatic,380,762.0,-43.12456846404563,-55.4504028415474,0
adam,adiabatic,381,764.0,-43.1261789449972,-55.44894605041107,0
adam,adiabatic,382,766.0,-43.12504442322828,-55.45089482307133,0
adam,adiabatic,383,768.0,-43.126564760725906,-55.45083596283411,0
adam,adiabatic,384,770.0,-43.126517820003805,-55.45065993935572,0
adam,adiabatic,385,772.0,-43.126382711805896,-55.45131664971714,0
adam,adiabatic,386,774.0,-43.12689141908837,-55.45139189510301,0
adam,adiabatic,387,776.0,-43.12695281232591,-55.45180274183298,0
adam,adiabatic,388,778.0,-43.12727106006611,-55.451620951844234,0
adam,adiabatic,389,780.0,-43.12712781045292,-55.45170551558242,0
adam,adiabatic,390,782.0,-43.12719484625116,-55.452249633725245,0
adam,adiabatic,391,784.0,-43.127616168987544,-55.45166623874869,0
adam,adiabatic,392,786.0,-43.12716247333331,-55.45243806062177,0
adam,adiabatic,393,788.0,-43.12776487043623,-55.45281644997483,0
adam,adiabatic,394,790.0,-43.12806338925496,-55.45257940871639,0
adam,adiabatic,395,792.0,-43.12788061210868,-55.45308223915038,0
adam,adiabatic,396,794.0,-43.12827287841791,-55.452626270197854,0
adam,adiabatic,397,796.0,-43.127917916136056,-55.45285689041245,0
adam,adiabatic,398,798.0,-43.12809611638168,-55.45241394169567,0
adam,adiabatic,399,800.0,-43.12775026974528,-55.45197341043385,0
adam,adiabatic,400,802.0,-49.28968989452173,-55.449860420021416,0
adam,adiabatic,401,804.0,-49.28780841880498,-55.44079261743631,0
adam,adiabatic,402,806.0,-49.279735567651905,-55.41818181376274,0
adam,adiabatic,403,808.0,-49.259606922836184,-55.40467180357314,0
adam,adiabatic,404,810.0,-49.247566378534266,-55.4352627486348,0
adam,adiabatic,405,812.0,-49.2747955784511,-55.429754970619975,0
adam,adiabatic,406,814.0,-49.26989307290874,-55.42459903378025,0
adam,adiabatic,407,816.0,-49.26529963992054,-55.4358622939063,0
adam,adiabatic,408,818.0,-49.27531913894,-55.4064189081089,0
adam,adiabatic,409,820.0,-49.24909945147591,-55.4225278125742,0
adam,adiabatic,410,822.0,-49.26342940715454,-55.41261480476413,0
adam,adiabatic,411,824.0,-49.254610616187556,-55.4110089074643,0
adam,adiabatic,412,826.0,-49.25318324861887,-55.404931498018314,0
adam,adiabatic,413,828.0,-49.24778961935615,-55.40323056354868,0
adam,adiabatic,414,830.0,-49.24626268954904,-55.43322438287903,0
adam,adiabatic,415,832.0,-49.272967998794606,-55.42736351846346,0
adam,adiabatic,416,834.0,-49.26776918511006,-55.420952705864046,0
adam,adiabatic,417,836.0,-49.26204761979828,-55.43982887744092,0
adam,adiabatic,418,838.0,-49.27886057100236,-55.43046882479801,0
adam,adiabatic,419,840.0,-49.27053237502207,-55.434899197649436,0
adam,adiabatic,420,842.0,-49.274471028370996,-55.44179590167656,0
adam,adiabatic,421,844.0,-49.2806223439876,-55.435125995819945,0
adam,adiabatic,422,846.0,-49.27467515155047,-55.44467860355443,0
adam,adiabatic,423,848.0,-49.28318841277084,-55.43948813983775,0
adam,adiabatic,424,850.0,-49.278565659477906,-55.44420206873151,0
adam,adiabatic,425,852.0,-49.28275806900269,-55.444438255373406,0
adam,adiabatic,426,854.0,-49.282974244350434,-55.443939587467824,0
adam,adiabatic,427,856.0,-49.28252826393167,-55.44761011550271,0
adam,adiabatic,428,858.0,-49.285800817336366,-55.445807071302106,0
adam,adiabatic,429,860.0,-49.28419496328687,-55.44843709938775,0
adam,adiabatic,430,862.0,-49.28653616410995,-55.447265906889854,0
adam,adiabatic,431,864.0,-49.285494123993736,-55.45032855554924,0
adam,adiabatic,432,866.0,-49.288221705692756,-55.44787483082834,0
adam,adiabatic,433,868.0,-49.28603680024588,-55.45112933532282,0
adam,adiabatic,434,870.0,-49.28893461395713,-55.44957665164207,0
adam,adiabatic,435,872.0,-49.2875539948209,-55.45031618629565,0
adam,adiabatic,436,874.0,-49.288211532429806,-55.45160846697537,0
adam,adiabatic,437,876.0,-49.28936301065903,-55.4500079345406,0
adam,adiabatic,438,878.0,-49.28793722360113,-55.452766809454815,0
adam,adiabatic,439,880.0,-49.29039468826883,-55.45066019511348,0
adam,adiabatic,440,882.0,-49.28851850827156,-55.452946968411425,0
adam,adiabatic,441,884.0,-49.29055526091855,-55.451493613889376,0
adam,adiabatic,442,886.0,-49.28926178191402,-55.45261130412955,0
adam,adiabatic,443,888.0,-49.290256730812175,-55.45271462049466,0
adam,adiabatic,444,890.0,-49.2903494128744,-55.4522950179205,0
adam,adiabatic,445,892.0,-49.28997526591763,-55.45341605799591,0
adam,adiabatic,446,894.0,-49.290973861512235,-55.45231764119509,0
adam,adiabatic,447,896.0,-49.28999572391589,-55.45341911990219,0
adam,adiabatic,448,898.0,-49.29097656691297,-55.452954173797615,0
adam,adiabatic,449,900.0,-49.29056349791901,-55.45344210346292,0
adam,adiabatic,450,902.0,-55.45344210346292,-55.45327984382443,0
adam,adiabatic,451,904.0,-55.45327984382443,-55.453185910200595,0
adam,adiabatic,452,906.0,-55.453185910200595,-55.45312792050332,0
adam,adiabatic,453,908.0,-55.45312792050332,-55.452473376157776,0
adam,adiabatic,454,910.0,-55.452473376157776,-55.451864677143924,0
adam,adiabatic,455,912.0,-55.451864677143924,-55.44970862281881,0
adam,adiabatic,456,914.0,-55.44970862281881,-55.44444468679772,0
adam,adiabatic,457,916.0,-55.44444468679772,-55.433363660123014,0
adam,adiabatic,458,918.0,-55.433363660123014,-55.427213308709696,0
adam,adiabatic,459,920.0,-55.427213308709696,-55.43515009722669,0
adam,adiabatic,460,922.0,-55.43515009722669,-55.43136935138936,0
adam,adiabatic,461,924.0,-55.43136935138936,-55.4293766816016,0
adam,adiabatic,462,926.0,-55.4293766816016,-55.43311162507696,0
adam,adiabatic,463,928.0,-55.43311162507696,-55.42566853925966,0
adam,adiabatic,464,930.0,-55.42566853925966,-55.43940641984718,0
adam,adiabatic,465,932.0,-55.43940641984718,-55.44400368742223,0
adam,adiabatic,466,934.0,-55.44400368742223,-55.437040101623246,0
adam,adiabatic,467,936.0,-55.437040101623246,-55.44549860328286,0
adam,adiabatic,468,938.0,-55.44549860328286,-55.441812198291764,0
adam,adiabatic,469,940.0,-55.441812198291764,-55.4469652352528,0
adam,adiabatic,470,942.0,-55.4469652352528,-55.44697942657739,0
adam,adiabatic,471,944.0,-55.44697942657739,-55.44364719350306,0
adam,adiabatic,472,946.0,-55.44364719350306,-55.4509077608421,0
adam,adiabatic,473,948.0,-55.4509077608421,-55.44762815547022,0
adam,adiabatic,474,950.0,-55.44762815547022,-55.447824393128,0
adam,adiabatic,475,952.0,-55.447824393128,-55.45055527230118,0
adam,adiabatic,476,954.0,-55.45055527230118,-55.449724518950696,0
adam,adiabatic,477,956.0,-55.449724518950696,-55.450222064221634,0
adam,adiabatic,478,958.0,-55.45022206422164,-55.45054481906828,0
adam,adiabatic,479,960.0,-55.45054481906827,-55.451234743488506,0
adam,adiabatic,480,962.0,-55.45123474348849,-55.451165291075796,0
adam,adiabatic,481,964.0,-55.451165291075796,-55.45097622697833,0
adam,adiabatic,482,966.0,-55.45097622697832,-55.45233262994647,0
adam,adiabatic,483,968.0,-55.452332629946476,-55.45103539043062,0
adam,adiabatic,484,970.0,-55.45103539043062,-55.45198560924374,0
adam,adiabatic,485,972.0,-55.45198560924374,-55.45241790202995,0
adam,adiabatic,486,974.0,-55.45241790202995,-55.451720094235945,0
adam,adiabatic,487,976.0,-55.451720094235945,-55.45273713910533,0
adam,adiabatic,488,978.0,-55.452737139105324,-55.452794854507715,0
adam,adiabatic,489,980.0,-55.452794854507715,-55.453070388168534,0
adam,adiabatic,490,982.0,-55.45307038816853,-55.452898879434045,0
adam,adiabatic,491,984.0,-55.45289887943404,-55.453402766881766,0
adam,adiabatic,492,986.0,-55.45340276688177,-55.45313536821572,0
adam,adiabatic,493,988.0,-55.45313536821573,-55.453100819413365,0
adam,adiabatic,494,990.0,-55.453100819413365,-55.45346196157313,0
adam,adiabatic,495,992.0,-55.45346196157313,-55.45328342258695,0
adam,adiabatic,496,994.0,-55.45328342258695,-55.453535252053534,0
adam,adiabatic,497,996.0,-55.45353525205354,-55.45359766533692,0
adam,adiabatic,498,998.0,-55.45359766533692,-55.453605206887744,0
adam,adiabatic,499,1000.0,-55.45360520688774,-55.45358741725762,0
adam,sea,0,2.0,-34.51781884286448,-34.51781884286448,0
adam,sea,1,4.0,-38.201523604076215,-38.201523604076215,0
adam,sea,2,6.0,-41.924156258395136,-41.924156258395136,0
adam,sea,3,8.0,-44.69889832797797,-44.69889832797797,0
adam,sea,4,10.0,-47.3154333943746,-47.3154333943746,0
adam,sea,5,12.0,-49.07244442013098,-49.07244442013098,0
adam,sea,6,14.0,-49.806199122001374,-49.806199122001374,0
adam,sea,7,16.0,-50.640660130724086,-50.640660130724086,0
adam,sea,8,18.0,-51.606075274203974,-51.606075274203974,0
adam,sea,9,20.0,-52.27225722991124,-52.27225722991124,0
adam,sea,10,22.0,-52.44145671708406,-52.44145671708406,0
adam,sea,11,24.0,-52.36175427562354,-52.36175427562354,0
adam,sea,12,26.0,-52.41784232693698,-52.41784232693698,0
adam,sea,13,28.0,-52.67758269450268,-52.67758269450268,0
adam,sea,14,30.0,-52.993545390239,-52.993545390239,0
adam,sea,15,32.0,-53.41080017061829,-53.41080017061829,0
adam,sea,16,34.0,-53.926211043204844,-53.926211043204844,0
adam,sea,17,36.0,-54.31230063627305,-54.31230063627305,0
adam,sea,18,38.0,-54.4543250117017,-54.4543250117017,0
adam,sea,19,40.0,-54.48494256766142,-54.48494256766142,0
adam,sea,20,42.0,-54.535845100401865,-54.535845100401865,0
adam,sea,21,44.0,-54.62289497002471,-54.62289497002471,0
adam,sea,22,46.0,-54.74166795711507,-54.74166795711507,0
adam,sea,23,48.0,-54.8974520015288,-54.8974520015288,0
adam,sea,24,50.0,-55.02131431630663,-55.02131431630663,0
adam,sea,25,52.0,-55.04952960153736,-55.04952960153736,0
adam,sea,26,54.0,-55.06227673840373,-55.06227673840373,0
adam,sea,27,56.0,-55.09909617676709,-55.09909617676709,0
adam,sea,28,58.0,-55.133214880819,-55.133214880819,0
adam,sea,29,60.0,-55.200550404958165,-55.200550404958165,0
adam,sea,30,62.0,-55.278673709254114,-55.278673709254114,0
adam,sea,31,64.0,-55.29033353161121,-55.29033353161121,0
adam,sea,32,66.0,-55.272012624896654,-55.272012624896654,0
adam,sea,33,68.0,-55.27192295837338,-55.27192295837338,0
adam,sea,34,70.0,-55.28395981384546,-55.28395981384546,0
adam,sea,35,72.0,-55.31004857560572,-55.31004857560572,0
adam,sea,36,74.0,-55.336961062538435,-55.336961062538435,0
adam,sea,37,76.0,-55.351520774392746,-55.351520774392746,0
adam,sea,38,78.0,-55.35594378056867,-55.35594378056867,0
adam,sea,39,80.0,-55.35303180089988,-55.35303180089988,0
adam,sea,40,82.0,-55.36079087625662,-55.36079087625662,0
adam,sea,41,84.0,-55.38254037639864,-55.38254037639864,0
adam,sea,42,86.0,-55.39722496060646,-55.39722496060646,0
adam,sea,43,88.0,-55.409447208576516,-55.409447208576516,0
adam,sea,44,90.0,-55.41921510491779,-55.41921510491779,0
adam,sea,45,92.0,-55.414597592080455,-55.414597592080455,0
adam,sea,46,94.0,-55.411055670948016,-55.411055670948016,0
adam,sea,47,96.0,-55.41157020628758,-55.41157020628758,0
adam,sea,48,98.0,-55.415160078499646,-55.415160078499646,0
adam,sea,49,100.0,-55.427200893710655,-55.427200893710655,0
adam,sea,50,102.0,-55.43499548229127,-55.43499548229127,0
adam,sea,51,104.0,-55.44039863587516,-55.44039863587516,0
adam,sea,52,106.0,-55.441561491989845,-55.441561491989845,0
adam,sea,53,108.0,-55.43560795372543,-55.43560795372543,0
adam,sea,54,110.0,-55.43572839383216,-55.43572839383216,0
adam,sea,55,112.0,-55.43851942036333,-55.43851942036333,0
adam,sea,56,114.0,-55.442250854558495,-55.442250854558495,0
adam,sea,57,116.0,-55.445719337438646,-55.445719337438646,0
adam,sea,58,118.0,-55.44536419442903,-55.44536419442903,0
adam,sea,59,120.0,-55.445785215517596,-55.445785215517596,0
adam,sea,60,122.0,-55.446863120832525,-55.446863120832525,0
adam,sea,61,124.0,-55.44872634522706,-55.44872634522706,0
adam,sea,62,126.0,-55.450714199793225,-55.450714199793225,0
adam,sea,63,128.0,-55.452380801058894,-55.452380801058894,0
adam,sea,64,130.0,-55.45369281230661,-55.45369281230661,0
adam,sea,65,132.0,-55.45331148831474,-55.45331148831474,0
adam,sea,66,134.0,-55.45387882220892,-55.45387882220892,0
adam,sea,67,136.0,-55.45389738904651,-55.45389738904651,0
adam,sea,68,138.0,-55.45384426166356,-55.45384426166356,0
adam,sea,69,140.0,-55.45584159766666,-55.45584159766666,0
adam,sea,70,142.0,-55.456926009851685,-55.456926009851685,0
adam,sea,71,144.0,-55.45837345167205,-55.45837345167205,0
adam,sea,72,146.0,-55.45889485143911,-55.45889485143911,0
adam,sea,73,148.0,-55.45832229278087,-55.45832229278087,0
adam,sea,74,150.0,-55.45855320398628,-55.45855320398628,0
adam,sea,75,152.0,-55.45898194211936,-55.45898194211936,0
adam,sea,76,154.0,-55.459695173434596,-55.459695173434596,0
adam,sea,77,156.0,-55.46032531660813,-55.46032531660813,0
adam,sea,78,158.0,-55.460660223436406,-55.460660223436406,0
adam,sea,79,160.0,-55.46080549141791,-55.46080549141791,0
adam,sea,80,162.0,-55.46121733203761,-55.46121733203761,0
adam,sea,81,164.0,-55.46139957322467,-55.46139957322467,0
adam,sea,82,166.0,-55.461724414993625,-55.461724414993625,0
adam,sea,83,168.0,-55.46221500146889,-55.46221500146889,0
adam,sea,84,170.0,-55.46232704241883,-55.46232704241883,0
adam,sea,85,172.0,-55.462711597606074,-55.462711597606074,0
adam,sea,86,174.0,-55.462789058428335,-55.462789058428335,0
adam,sea,87,176.0,-55.462914192988784,-55.462914192988784,0
adam,sea,88,178.0,-55.463189552389686,-55.463189552389686,0
adam,sea,89,180.0,-55.46343165425313,-55.46343165425313,0
adam,sea,90,182.0,-55.463716224869664,-55.463716224869664,0
adam,sea,91,184.0,-55.463801585237405,-55.463801585237405,0
adam,sea,92,186.0,-55.46384823886919,-55.46384823886919,0
adam,sea,93,188.0,-55.46398269642529,-55.46398269642529,0
adam,sea,94,190.0,-55.46413824763327,-55.46413824763327,0
adam,sea,95,192.0,-55.46427819339202,-55.46427819339202,0
adam,sea,96,194.0,-55.46442981313855,-55.46442981313855,0
adam,sea,97,196.0,-55.46446080138061,-55.46446080138061,0
adam,sea,98,198.0,-55.464547576016464,-55.464547576016464,0
adam,sea,99,200.0,-55.46460193353823,-55.46460193353823,0
adam,sea,100,202.0,-55.46469004261537,-55.46469004261537,0
adam,sea,101,204.0,-55.46478998490363,-55.46478998490363,0
adam,sea,102,206.0,-55.46488253408674,-55.46488253408674,0
adam,sea,103,208.0,-55.464964610301394,-55.464964610301394,0
adam,sea,104,210.0,-55.464971659146876,-55.464971659146876,0
adam,sea,105,212.0,-55.46500002396143,-55.46500002396143,0
adam,sea,106,214.0,-55.46507029050271,-55.46507029050271,0
adam,sea,107,216.0,-55.46514793209395,-55.46514793209395,0
adam,sea,108,218.0,-55.465203384037004,-55.465203384037004,0
adam,sea,109,220.0,-55.46523785522633,-55.46523785522633,0
adam,sea,110,222.0,-55.46526552834648,-55.46526552834648,0
adam,sea,111,224.0,-55.4653120210264,-55.4653120210264,0
adam,sea,112,226.0,-55.4653569155224,-55.4653569155224,0
adam,sea,113,228.0,-55.465400673845274,-55.465400673845274,0
adam,sea,114,230.0,-55.465420548895366,-55.465420548895366,0
adam,sea,115,232.0,-55.46545509930347,-55.46545509930347,0
adam,sea,116,234.0,-55.46548749010909,-55.46548749010909,0
adam,sea,117,236.0,-55.46552470560653,-55.46552470560653,0
adam,sea,118,238.0,-55.465557673381575,-55.465557673381575,0
adam,sea,119,240.0,-55.465594549558816,-55.465594549558816,0
adam,sea,120,242.0,-55.46561928477494,-55.46561928477494,0
adam,sea,121,244.0,-55.46564317001252,-55.46564317001252,0
adam,sea,122,246.0,-55.465666355858,-55.465666355858,0
adam,sea,123,248.0,-55.465695399833464,-55.465695399833464,0
adam,sea,124,250.0,-55.465724653594044,-55.465724653594044,0
adam,sea,125,252.0,-55.46575298065359,-55.46575298065359,0
adam,sea,126,254.0,-55.465776078442055,-55.465776078442055,0
adam,sea,127,256.0,-55.465798464191806,-55.465798464191806,0
adam,sea,128,258.0,-55.46582123783242,-55.46582123783242,0
adam,sea,129,260.0,-55.4658453717072,-55.4658453717072,0
adam,sea,130,262.0,-55.46586766841929,-55.46586766841929,0
adam,sea,131,264.0,-55.4658921626486,-55.4658921626486,0
adam,sea,132,266.0,-55.465912841726,-55.465912841726,0
adam,sea,133,268.0,-55.46593454342849,-55.46593454342849,0
adam,sea,134,270.0,-55.46595591927051,-55.46595591927051,0
adam,sea,135,272.0,-55.46597926821026,-55.46597926821026,0
adam,sea,136,274.0,-55.46600048416369,-55.46600048416369,0
adam,sea,137,276.0,-55.46602025310255,-55.46602025310255,0
adam,sea,138,278.0,-55.46603989564226,-55.46603989564226,0
adam,sea,139,280.0,-55.46606046116155,-55.46606046116155,0
adam,sea,140,282.0,-55.46608215209452,-55.46608215209452,0
adam,sea,141,284.0,-55.46610189996564,-55.46610189996564,0
adam,sea,142,286.0,-55.4661214159809,-55.4661214159809,0
adam,sea,143,288.0,-55.46614024770651,-55.46614024770651,0
adam,sea,144,290.0,-55.46615946586048,-55.46615946586048,0
adam,sea,145,292.0,-55.46617811113097,-55.46617811113097,0
adam,sea,146,294.0,-55.46619724371455,-55.46619724371455,0
adam,sea,147,296.0,-55.46621595418004,-55.46621595418004,0
adam,sea,148,298.0,-55.46623390757993,-55.46623390757993,0
adam,sea,149,300.0,-55.46625149486825,-55.46625149486825,0
adam,sea,150,302.0,-55.46626904835975,-55.46626904835975,0
adam,sea,151,304.0,-55.466286925486024,-55.466286925486024,0
adam,sea,152,306.0,-55.466304294687546,-55.466304294687546,0
adam,sea,153,308.0,-55.46632107179128,-55.46632107179128,0
adam,sea,154,310.0,-55.466337563418215,-55.466337563418215,0
adam,sea,155,312.0,-55.46635434591613,-55.46635434591613,0
adam,sea,156,314.0,-55.4663707987975,-55.4663707987975,0
adam,sea,157,316.0,-55.46638692517927,-55.46638692517927,0
adam,sea,158,318.0,-55.46640277989478,-55.46640277989478,0
adam,sea,159,320.0,-55.46641847436128,-55.46641847436128,0
adam,sea,160,322.0,-55.46643404375016,-55.46643404375016,0
adam,sea,161,324.0,-55.46644945639166,-55.46644945639166,0
adam,sea,162,326.0,-55.46646469920012,-55.46646469920012,0
adam,sea,163,328.0,-55.46647969703879,-55.46647969703879,0
adam,sea,164,330.0,-55.46649454939627,-55.46649454939627,0
adam,sea,165,332.0,-55.46650920048943,-55.46650920048943,0
adam,sea,166,334.0,-55.466523849294916,-55.466523849294916,0
adam,sea,167,336.0,-55.466538318392956,-55.466538318392956,0
adam,sea,168,338.0,-55.46655263813999,-55.46655263813999,0
adam,sea,169,340.0,-55.466566786329565,-55.466566786329565,0
adam,sea,170,342.0,-55.46658086033669,-55.46658086033669,0
adam,sea,171,344.0,-55.46659482863068,-55.46659482863068,0
adam,sea,172,346.0,-55.46660871591557,-55.46660871591557,0
adam,sea,173,348.0,-55.46662250965051,-55.46662250965051,0
adam,sea,174,350.0,-55.466636187044934,-55.466636187044934,0
adam,sea,175,352.0,-55.466649802107995,-55.466649802107995,0
adam,sea,176,354.0,-55.46666334983795,-55.46666334983795,0
adam,sea,177,356.0,-55.46667686009803,-55.46667686009803,0
adam,sea,178,358.0,-55.4666902921027,-55.4666902921027,0
adam,sea,179,360.0,-55.466703656376275,-55.466703656376275,0
adam,sea,180,362.0,-55.466717010839936,-55.466717010839936,0
adam,sea,181,364.0,-55.46673034845627,-55.46673034845627,0
adam,sea,182,366.0,-55.46674367040228,-55.46674367040228,0
adam,sea,183,368.0,-55.466756958291434,-55.466756958291434,0
adam,sea,184,370.0,-55.46677024851223,-55.46677024851223,0
adam,sea,185,372.0,-55.466783544691744,-55.466783544691744,0
adam,sea,186,374.0,-55.46679686124989,-55.46679686124989,0
adam,sea,187,376.0,-55.46681020198655,-55.46681020198655,0
adam,sea,188,378.0,-55.46682357286293,-55.46682357286293,0
adam,sea,189,380.0,-55.46683698165974,-55.46683698165974,0
adam,sea,190,382.0,-55.466850438005345,-55.466850438005345,0
adam,sea,191,384.0,-55.46686395779594,-55.46686395779594,0
adam,sea,192,386.0,-55.46687754996539,-55.46687754996539,0
adam,sea,193,388.0,-55.466891210877705,-55.466891210877705,0
adam,sea,194,390.0,-55.46690496040297,-55.46690496040297,0
adam,sea,195,392.0,-55.46691880521892,-55.46691880521892,0
adam,sea,196,394.0,-55.466932760156446,-55.466932760156446,0
adam,sea,197,396.0,-55.466946830636644,-55.466946830636644,0
adam,sea,198,398.0,-55.466961025505924,-55.466961025505924,0
adam,sea,199,400.0,-55.46697535720531,-55.46697535720531,0
adam,sea,200,402.0,-55.46698983548055,-55.46698983548055,0
adam,sea,201,404.0,-55.46700447141222,-55.46700447141222,0
adam,sea,202,406.0,-55.46701927730442,-55.46701927730442,0
adam,sea,203,408.0,-55.4670342606761,-55.4670342606761,0
adam,sea,204,410.0,-55.46704943571469,-55.46704943571469,0
adam,sea,205,412.0,-55.46706481408408,-55.46706481408408,0
adam,sea,206,414.0,-55.46708040944209,-55.46708040944209,0
adam,sea,207,416.0,-55.4670962323454,-55.4670962323454,0
adam,sea,208,418.0,-55.467112295380936,-55.467112295380936,0
adam,sea,209,420.0,-55.46712861377079,-55.46712861377079,0
adam,sea,210,422.0,-55.46714520200433,-55.46714520200433,0
adam,sea,211,424.0,-55.467162073900894,-55.467162073900894,0
adam,sea,212,426.0,-55.467179245269534,-55.467179245269534,0
adam,sea,213,428.0,-55.46719673032306,-55.46719673032306,0
adam,sea,214,430.0,-55.467214546450734,-55.467214546450734,0
adam,sea,215,432.0,-55.46723271043472,-55.46723271043472,0
adam,sea,216,434.0,-55.467251240419564,-55.467251240419564,0
adam,sea,217,436.0,-55.46727015457764,-55.46727015457764,0
adam,sea,218,438.0,-55.46728947158218,-55.46728947158218,0
adam,sea,219,440.0,-55.46730921175982,-55.46730921175982,0
adam,sea,220,442.0,-55.467329397035556,-55.467329397035556,0
adam,sea,221,444.0,-55.4673500484222,-55.4673500484222,0
adam,sea,222,446.0,-55.46737118922832,-55.46737118922832,0
adam,sea,223,448.0,-55.46739284354173,-55.46739284354173,0
adam,sea,224,450.0,-55.467415036887026,-55.467415036887026,0
adam,sea,225,452.0,-55.467437795910236,-55.467437795910236,0
adam,sea,226,454.0,-55.46746114807083,-55.46746114807083,0
adam,sea,227,456.0,-55.46748512250805,-55.46748512250805,0
adam,sea,228,458.0,-55.46750974996454,-55.46750974996454,0
adam,sea,229,460.0,-55.467535062588325,-55.467535062588325,0
adam,sea,230,462.0,-55.46756109432082,-55.46756109432082,0
adam,sea,231,464.0,-55.46758788064227,-55.46758788064227,0
adam,sea,232,466.0,-55.46761545874858,-55.46761545874858,0
adam,sea,233,468.0,-55.467643868018804,-55.467643868018804,0
adam,sea,234,470.0,-55.46767314984242,-55.46767314984242,0
adam,sea,235,472.0,-55.467703347731366,-55.467703347731366,0
adam,sea,236,474.0,-55.467734507466716,-55.467734507466716,0
adam,sea,237,476.0,-55.46776667718533,-55.46776667718533,0
adam,sea,238,478.0,-55.46779990769151,-55.46779990769151,0
adam,sea,239,480.0,-55.46783425224291,-55.46783425224291,0
adam,sea,240,482.0,-55.46786976691395,-55.46786976691395,0
adam,sea,241,484.0,-55.46790651031157,-55.46790651031157,0
adam,sea,242,486.0,-55.467944544505464,-55.467944544505464,0
adam,sea,243,488.0,-55.467983933676315,-55.467983933676315,0
adam,sea,244,490.0,-55.468024745889906,-55.468024745889906,0
adam,sea,245,492.0,-55.468067048982526,-55.468067048982526,0
adam,sea,246,494.0,-55.46811091245534,-55.46811091245534,0
adam,sea,247,496.0,-55.46815638375415,-55.46815638375415,0
adam,sea,248,498.0,-55.46820345049537,-55.46820345049537,0
adam,sea,249,500.0,-55.468251776850806,-55.468251776850806,0
adam,sea,250,502.0,-55.46829978517193,-55.46829978517193,0
adam,sea,251,504.0,-55.468340134745986,-55.468340134745986,0
adam,sea,252,506.0,-55.4683398445689,-55.4683398445689,0
adam,sea,253,508.0,-55.468143723203056,-55.468143723203056,0
adam,sea,254,510.0,-55.46704146256055,-55.46704146256055,0
adam,sea,255,512.0,-55.46214206756577,-55.46214206756577,0
adam,sea,256,514.0,-55.449644303611414,-55.449644303611414,0
adam,sea,257,516.0,-55.44665158771945,-55.44665158771945,0
adam,sea,258,518.0,-55.466790653138816,-55.466790653138816,0
adam,sea,259,520.0,-55.4579446261998,-55.4579446261998,0
adam,sea,260,522.0,-55.45865046054917,-55.45865046054917,0
adam,sea,261,524.0,-55.46572688115441,-55.46572688115441,0
adam,sea,262,526.0,-55.457970298249755,-55.457970298249755,0
adam,sea,263,528.0,-55.46811453005377,-55.46811453005377,0
adam,sea,264,530.0,-55.45988254716577,-55.45988254716577,0
adam,sea,265,532.0,-55.46711286430175,-55.46711286430175,0
adam,sea,266,534.0,-55.464310786026836,-55.464310786026836,0
adam,sea,267,536.0,-55.46513757940013,-55.46513757940013,0
adam,sea,268,538.0,-55.4669221782522,-55.4669221782522,0
adam,sea,269,540.0,-55.46534866992964,-55.46534866992964,0
adam,sea,270,542.0,-55.46792567690609,-55.46792567690609,0
adam,sea,271,544.0,-55.465687305768874,-55.465687305768874,0
adam,sea,272,546.0,-55.468969416057085,-55.468969416057085,0
adam,sea,273,548.0,-55.46589349367653,-55.46589349367653,0
adam,sea,274,550.0,-55.469391659310816,-55.469391659310816,0
adam,sea,275,552.0,-55.46692054788478,-55.46692054788478,0
adam,sea,276,554.0,-55.46936932417334,-55.46936932417334,0
adam,sea,277,556.0,-55.46769198349057,-55.46769198349057,0
adam,sea,278,558.0,-55.469655965423776,-55.469655965423776,0
adam,sea,279,560.0,-55.46825679071848,-55.46825679071848,0
adam,sea,280,562.0,-55.4697762698907,-55.4697762698907,0
adam,sea,281,564.0,-55.46906775386332,-55.46906775386332,0
adam,sea,282,566.0,-55.46977347608868,-55.46977347608868,0
adam,sea,283,568.0,-55.46972614232427,-55.46972614232427,0
adam,sea,284,570.0,-55.47000255257036,-55.47000255257036,0
adam,sea,285,572.0,-55.470230310476175,-55.470230310476175,0
adam,sea,286,574.0,-55.47018501518219,-55.47018501518219,0
adam,sea,287,576.0,-55.470763609525584,-55.470763609525584,0
adam,sea,288,578.0,-55.470415660062024,-55.470415660062024,0
adam,sea,289,580.0,-55.47115581621795,-55.47115581621795,0
adam,sea,290,582.0,-55.47078138827722,-55.47078138827722,0
adam,sea,291,584.0,-55.47145031034761,-55.47145031034761,0
adam,sea,292,586.0,-55.471155939049325,-55.471155939049325,0
adam,sea,293,588.0,-55.47170452475416,-55.47170452475416,0
adam,sea,294,590.0,-55.471565097075974,-55.471565097075974,0
adam,sea,295,592.0,-55.47191499472629,-55.47191499472629,0
adam,sea,296,594.0,-55.47196576352262,-55.47196576352262,0
adam,sea,297,596.0,-55.472109470489876,-55.472109470489876,0
adam,sea,298,598.0,-55.47234162288471,-55.47234162288471,0
adam,sea,299,600.0,-55.47232502357326,-55.47232502357326,0
adam,sea,300,602.0,-55.472632264935214,-55.472632264935214,0
adam,sea,301,604.0,-55.47258830458006,-55.47258830458006,0
adam,sea,302,606.0,-55.472871441216476,-55.472871441216476,0
adam,sea,303,608.0,-55.47284758939255,-55.47284758939255,0
adam,sea,304,610.0,-55.47306518097861,-55.47306518097861,0
adam,sea,305,612.0,-55.47313413180718,-55.47313413180718,0
adam,sea,306,614.0,-55.47322757535936,-55.47322757535936,0
adam,sea,307,616.0,-55.47337541733083,-55.47337541733083,0
adam,sea,308,618.0,-55.47341969099113,-55.47341969099113,0
adam,sea,309,620.0,-55.47358592810145,-55.47358592810145,0
adam,sea,310,622.0,-55.473601210409406,-55.473601210409406,0
adam,sea,311,624.0,-55.47376295985394,-55.47376295985394,0
adam,sea,312,626.0,-55.47380716079724,-55.47380716079724,0
adam,sea,313,628.0,-55.473910437800576,-55.473910437800576,0
adam,sea,314,630.0,-55.473994310452184,-55.473994310452184,0
adam,sea,315,632.0,-55.47405476591132,-55.47405476591132,0
adam,sea,316,634.0,-55.47415864010925,-55.47415864010925,0
adam,sea,317,636.0,-55.474189806706875,-55.474189806706875,0
adam,sea,318,638.0,-55.47427543606729,-55.47427543606729,0
adam,sea,319,640.0,-55.47428217245812,-55.47428217245812,0
adam,sea,320,642.0,-55.474285619112095,-55.474285619112095,0
adam,sea,321,644.0,-55.4741873924712,-55.4741873924712,0
adam,sea,322,646.0,-55.47389644175116,-55.47389644175116,0
adam,sea,323,648.0,-55.47324378971036,-55.47324378971036,0
adam,sea,324,650.0,-55.471755624946724,-55.471755624946724,0
adam,sea,325,652.0,-55.46867121773719,-55.46867121773719,0
adam,sea,326,654.0,-55.462742412863356,-55.462742412863356,0
adam,sea,327,656.0,-55.45322871029949,-55.45322871029949,0
adam,sea,328,658.0,-55.443914458223965,-55.443914458223965,0
adam,sea,329,660.0,-55.44430237177623,-55.44430237177623,0
adam,sea,330,662.0,-55.460072251783934,-55.460072251783934,0
adam,sea,331,664.0,-55.47410942713665,-55.47410942713665,0
adam,sea,332,666.0,-55.47074662112827,-55.47074662112827,0
adam,sea,333,668.0,-55.45963832767901,-55.45963832767901,0
adam,sea,334,670.0,-55.45992733148064,-55.45992733148064,0
adam,sea,335,672.0,-55.47124310640285,-55.47124310640285,0
adam,sea,336,674.0,-55.47454360332822,-55.47454360332822,0
adam,sea,337,676.0,-55.46719955566677,-55.46719955566677,0
adam,sea,338,678.0,-55.46513051108728,-55.46513051108728,0
adam,sea,339,680.0,-55.47210486134689,-55.47210486134689,0
adam,sea,340,682.0,-55.475023676021465,-55.475023676021465,0
adam,sea,341,684.0,-55.470269104933756,-55.470269104933756,0
adam,sea,342,686.0,-55.46885377660116,-55.46885377660116,0
adam,sea,343,688.0,-55.473580378645124,-55.473580378645124,0
adam,sea,344,690.0,-55.475061756646646,-55.475061756646646,0
adam,sea,345,692.0,-55.471770241805686,-55.471770241805686,0
adam,sea,346,694.0,-55.47142252742385,-55.47142252742385,0
adam,sea,347,696.0,-55.47459851221715,-55.47459851221715,0
adam,sea,348,698.0,-55.47507724456604,-55.47507724456604,0
adam,sea,349,700.0,-55.47291677528924,-55.47291677528924,0
adam,sea,350,702.0,-55.47311157954527,-55.47311157954527,0
adam,sea,351,704.0,-55.47518137921579,-55.47518137921579,0
adam,sea,352,706.0,-55.475146298640475,-55.475146298640475,0
adam,sea,353,708.0,-55.473795135238205,-55.473795135238205,0
adam,sea,354,710.0,-55.47421653804007,-55.47421653804007,0
adam,sea,355,712.0,-55.475490704839395,-55.475490704839395,0
adam,sea,356,714.0,-55.475282968985816,-55.475282968985816,0
adam,sea,357,716.0,-55.47450162627365,-55.47450162627365,0
adam,sea,358,718.0,-55.47490184443011,-55.47490184443011,0
adam,sea,359,720.0,-55.4756679522754,-55.4756679522754,0
adam,sea,360,722.0,-55.47546979969669,-55.47546979969669,0
adam,sea,361,724.0,-55.4750300792144,-55.4750300792144,0
adam,sea,362,726.0,-55.47534559493935,-55.47534559493935,0
adam,sea,363,728.0,-55.47580193470134,-55.47580193470134,0
adam,sea,364,730.0,-55.475662660252155,-55.475662660252155,0
adam,sea,365,732.0,-55.47542313054527,-55.47542313054527,0
adam,sea,366,734.0,-55.475639812852734,-55.475639812852734,0
adam,sea,367,736.0,-55.47592431751503,-55.47592431751503,0
adam,sea,368,738.0,-55.47584680786574,-55.47584680786574,0
adam,sea,369,740.0,-55.47571232577542,-55.47571232577542,0
adam,sea,370,742.0,-55.47585424471708,-55.47585424471708,0
adam,sea,371,744.0,-55.476042443710945,-55.476042443710945,0
adam,sea,372,746.0,-55.47601436809603,-55.47601436809603,0
adam,sea,373,748.0,-55.47593769189848,-55.47593769189848,0
adam,sea,374,750.0,-55.476025509630794,-55.476025509630794,0
adam,sea,375,752.0,-55.476158846635634,-55.476158846635634,0
adam,sea,376,754.0,-55.47616270114341,-55.47616270114341,0
adam,sea,377,756.0,-55.4761191405403,-55.4761191405403,0
adam,sea,378,758.0,-55.47617249051095,-55.47617249051095,0
adam,sea,379,760.0,-55.47627218582195,-55.47627218582195,0
adam,sea,380,762.0,-55.476297662957606,-55.476297662957606,0
adam,sea,381,764.0,-55.47627295738656,-55.47627295738656,0
adam,sea,382,766.0,-55.47629882283075,-55.47629882283075,0
adam,sea,383,768.0,-55.47637115454762,-55.47637115454762,0
adam,sea,384,770.0,-55.47640361974533,-55.47640361974533,0
adam,sea,385,772.0,-55.47637772263918,-55.47637772263918,0
adam,sea,386,774.0,-55.476350663266416,-55.476350663266416,0
adam,sea,387,776.0,-55.476331690814376,-55.476331690814376,0
adam,sea,388,778.0,-55.476246222198,-55.476246222198,0
adam,sea,389,780.0,-55.47602157191295,-55.47602157191295,0
adam,sea,390,782.0,-55.47569569872046,-55.47569569872046,0
adam,sea,391,784.0,-55.47542769206216,-55.47542769206216,0
adam,sea,392,786.0,-55.47554233587753,-55.47554233587753,0
adam,sea,393,788.0,-55.47608684509104,-55.47608684509104,0
adam,sea,394,790.0,-55.47661611051729,-55.47661611051729,0
adam,sea,395,792.0,-55.476631447813745,-55.476631447813745,0
adam,sea,396,794.0,-55.476311185582865,-55.476311185582865,0
adam,sea,397,796.0,-55.476215966893676,-55.476215966893676,0
adam,sea,398,798.0,-55.476520443839064,-55.476520443839064,0
adam,sea,399,800.0,-55.476812758985595,-55.476812758985595,0
adam,sea,400,802.0,-55.4767471784482,-55.4767471784482,0
adam,sea,401,804.0,-55.4765760422358,-55.4765760422358,0
adam,sea,402,806.0,-55.47666769898025,-55.47666769898025,0
adam,sea,403,808.0,-55.476909243265226,-55.476909243265226,0
adam,sea,404,810.0,-55.47696296568333,-55.47696296568333,0
adam,sea,405,812.0,-55.47684617715732,-55.47684617715732,0
adam,sea,406,814.0,-55.476848675029714,-55.476848675029714,0
adam,sea,407,816.0,-55.477022588437,-55.477022588437,0
adam,sea,408,818.0,-55.477128279805946,-55.477128279805946,0
adam,sea,409,820.0,-55.47707335948575,-55.47707335948575,0
adam,sea,410,822.0,-55.477036333721486,-55.477036333721486,0
adam,sea,411,824.0,-55.4771343720417,-55.4771343720417,0
adam,sea,412,826.0,-55.477251685151174,-55.477251685151174,0
adam,sea,413,828.0,-55.47726368179657,-55.47726368179657,0
adam,sea,414,830.0,-55.47723397087159,-55.47723397087159,0
adam,sea,415,832.0,-55.47727646182951,-55.47727646182951,0
adam,sea,416,834.0,-55.47736852194195,-55.47736852194195,0
adam,sea,417,836.0,-55.47741583435046,-55.47741583435046,0
adam,sea,418,838.0,-55.4774121456036,-55.4774121456036,0
adam,sea,419,840.0,-55.47743036428906,-55.47743036428906,0
adam,sea,420,842.0,-55.47749648416846,-55.47749648416846,0
adam,sea,421,844.0,-55.47755941954251,-55.47755941954251,0
adam,sea,422,846.0,-55.477583132013436,-55.477583132013436,0
adam,sea,423,848.0,-55.47759606153462,-55.47759606153462,0
adam,sea,424,850.0,-55.47763616947105,-55.47763616947105,0
adam,sea,425,852.0,-55.477694962699054,-55.477694962699054,0
adam,sea,426,854.0,-55.47773892094225,-55.47773892094225,0
adam,sea,427,856.0,-55.47776245019861,-55.47776245019861,0
adam,sea,428,858.0,-55.47778998759097,-55.47778998759097,0
adam,sea,429,860.0,-55.47783668693149,-55.47783668693149,0
adam,sea,430,862.0,-55.47788990613826,-55.47788990613826,0
adam,sea,431,864.0,-55.47793140663662,-55.47793140663662,0
adam,sea,432,866.0,-55.47796206489079,-55.47796206489079,0
adam,sea,433,868.0,-55.47799668876542,-55.47799668876542,0
adam,sea,434,870.0,-55.47804222206395,-55.47804222206395,0
adam,sea,435,872.0,-55.47809061867834,-55.47809061867834,0
adam,sea,436,874.0,-55.478130863280185,-55.478130863280185,0
adam,sea,437,876.0,-55.47816104188273,-55.47816104188273,0
adam,sea,438,878.0,-55.47818484077498,-55.47818484077498,0
adam,sea,439,880.0,-55.47819833902574,-55.47819833902574,0
adam,sea,440,882.0,-55.47817924314648,-55.47817924314648,0
adam,sea,441,884.0,-55.47807870978119,-55.47807870978119,0
adam,sea,442,886.0,-55.47779763658691,-55.47779763658691,0
adam,sea,443,888.0,-55.47711966902296,-55.47711966902296,0
adam,sea,444,890.0,-55.475545750936035,-55.475545750936035,0
adam,sea,445,892.0,-55.47195967047496,-55.47195967047496,0
adam,sea,446,894.0,-55.46392029287183,-55.46392029287183,0
adam,sea,447,896.0,-55.4469711756748,-55.4469711756748,0
adam,sea,448,898.0,-55.41533544617131,-55.41533544617131,0
adam,sea,449,900.0,-55.37417662488341,-55.37417662488341,0
adam,sea,450,902.0,-55.35829583083881,-55.35829583083881,0
adam,sea,451,904.0,-55.41050265550876,-55.41050265550876,0
adam,sea,452,906.0,-55.47302248249167,-55.47302248249167,0
adam,sea,453,908.0,-55.459768113672915,-55.459768113672915,0
adam,sea,454,910.0,-55.420311754354636,-55.420311754354636,0
adam,sea,455,912.0,-55.44283375584603,-55.44283375584603,0
adam,sea,456,914.0,-55.47436904867053,-55.47436904867053,0
adam,sea,457,916.0,-55.4500417262783,-55.4500417262783,0
adam,sea,458,918.0,-55.43784776482491,-55.43784776482491,0
adam,sea,459,920.0,-55.46167218950511,-55.46167218950511,0
adam,sea,460,922.0,-55.46275246654512,-55.46275246654512,0
adam,sea,461,924.0,-55.455049737809404,-55.455049737809404,0
adam,sea,462,926.0,-55.46337690046423,-55.46337690046423,0
adam,sea,463,928.0,-55.46304120326776,-55.46304120326776,0
adam,sea,464,930.0,-55.46508184633929,-55.46508184633929,0
adam,sea,465,932.0,-55.47111336432662,-55.47111336432662,0
adam,sea,466,934.0,-55.464872632700875,-55.464872632700875,0
adam,sea,467,936.0,-55.46776455679088,-55.46776455679088,0
adam,sea,468,938.0,-55.47364910557091,-55.47364910557091,0
adam,sea,469,940.0,-55.467473515571946,-55.467473515571946,0
adam,sea,470,942.0,-55.47166224165808,-55.47166224165808,0
adam,sea,471,944.0,-55.476785383387245,-55.476785383387245,0
adam,sea,472,946.0,-55.46980307421185,-55.46980307421185,0
adam,sea,473,948.0,-55.472637767938984,-55.472637767938984,0
adam,sea,474,950.0,-55.47790936922989,-55.47790936922989,0
adam,sea,475,952.0,-55.47361853800775,-55.47361853800775,0
adam,sea,476,954.0,-55.47470341245041,-55.47470341245041,0
adam,sea,477,956.0,-55.47765883976214,-55.47765883976214,0
adam,sea,478,958.0,-55.47536614611776,-55.47536614611776,0
adam,sea,479,960.0,-55.47606399268211,-55.47606399268211,0
adam,sea,480,962.0,-55.47768787885885,-55.47768787885885,0
adam,sea,481,964.0,-55.47693982056961,-55.47693982056961,0
adam,sea,482,966.0,-55.47688506254794,-55.47688506254794,0
adam,sea,483,968.0,-55.47656717492696,-55.47656717492696,0
adam,sea,484,970.0,-55.476559166621165,-55.476559166621165,0
adam,sea,485,972.0,-55.47680170145163,-55.47680170145163,0
adam,sea,486,974.0,-55.47498945841568,-55.47498945841568,0
adam,sea,487,976.0,-55.473828828143276,-55.473828828143276,0
adam,sea,488,978.0,-55.47327863415963,-55.47327863415963,0
adam,sea,489,980.0,-55.47064077240928,-55.47064077240928,0
adam,sea,490,982.0,-55.46890482291122,-55.46890482291122,0
adam,sea,491,984.0,-55.469433411295434,-55.469433411295434,0
adam,sea,492,986.0,-55.469497623270236,-55.469497623270236,0
adam,sea,493,988.0,-55.47135048968461,-55.47135048968461,0
adam,sea,494,990.0,-55.47560132148855,-55.47560132148855,0
adam,sea,495,992.0,-55.478697744026356,-55.478697744026356,0
adam,sea,496,994.0,-55.47998149978626,-55.47998149978626,0
adam,sea,497,996.0,-55.48034021663089,-55.48034021663089,0
adam,sea,498,998.0,-55.47902088878427,-55.47902088878427,0
adam,sea,499,1000.0,-55.47708509895633,-55.47708509895633,0
adam,pretrained,0,,-32.87132461888741,,0
adam,pretrained,1,,-37.6718051957159,,0
adam,pretrained,2,,-41.166452057726204,,0
adam,pretrained,3,,-44.2577087789634,,0
adam,pretrained,4,,-46.8203788615,,0
adam,pretrained,5,,-48.82696332499635,,0
adam,pretrained,6,,-50.55634063431532,,0
adam,pretrained,7,,-51.74452834851849,,0
adam,pretrained,8,,-52.42562330902858,,0
adam,pretrained,9,,-52.866116446574964,,0
adam,pretrained,10,,-53.102101829106815,,0
adam,pretrained,11,,-53.15609180021664,,0
adam,pretrained,12,,-53.153012969876315,,0
adam,pretrained,13,,-53.19534947761794,,0
adam,pretrained,14,,-53.312714455526674,,0
adam,pretrained,15,,-53.484878768424984,,0
adam,pretrained,16,,-53.67983346030797,,0
adam,pretrained,17,,-53.907855775075724,,0
adam,pretrained,18,,-54.12060854218958,,0
adam,pretrained,19,,-54.23573112778283,,0
adam,pretrained,20,,-54.32302870733552,,0
adam,pretrained,21,,-54.44699664410572,,0
adam,pretrained,22,,-54.599428052469264,,0
adam,pretrained,23,,-54.74733900885675,,0
adam,pretrained,24,,-54.85764836504496,,0
adam,pretrained,25,,-54.940898122044054,,0
adam,pretrained,26,,-54.99826303336133,,0
adam,pretrained,27,,-55.041188983119994,,0
adam,pretrained,28,,-55.10281834359754,,0
adam,pretrained,29,,-55.17214607272038,,0
adam,pretrained,30,,-55.20430179748022,,0
adam,pretrained,31,,-55.213644694960934,,0
adam,pretrained,32,,-55.23237152957649,,0
adam,pretrained,33,,-55.24459377502048,,0
adam,pretrained,34,,-55.253546651164704,,0
adam,pretrained,35,,-55.27135283373785,,0
adam,pretrained,36,,-55.29414069523821,,0
adam,pretrained,37,,-55.31354359599234,,0
adam,pretrained,38,,-55.33616379658619,,0
adam,pretrained,39,,-55.35743414524802,,0
adam,pretrained,40,,-55.37639462484618,,0
adam,pretrained,41,,-55.38365629040641,,0
adam,pretrained,42,,-55.38697845193093,,0
adam,pretrained,43,,-55.39309194716732,,0
adam,pretrained,44,,-55.39863205922071,,0
adam,pretrained,45,,-55.40044820811282,,0
adam,pretrained,46,,-55.40296922209174,,0
adam,pretrained,47,,-55.407711180791665,,0
adam,pretrained,48,,-55.415772539807406,,0
adam,pretrained,49,,-55.42239471754269,,0
adam,pretrained,50,,-55.42614118798979,,0
adam,pretrained,51,,-55.42426716731339,,0
adam,pretrained,52,,-55.42436049307147,,0
adam,pretrained,53,,-55.42872343772147,,0
adam,pretrained,54,,-55.43282901635289,,0
adam,pretrained,55,,-55.4367292974635,,0
adam,pretrained,56,,-55.438659173787855,,0
adam,pretrained,57,,-55.438529257784644,,0
adam,pretrained,58,,-55.44021638546953,,0
adam,pretrained,59,,-55.44209854299208,,0
adam,pretrained,60,,-55.44368523906257,,0
adam,pretrained,61,,-55.44547929355493,,0
adam,pretrained,62,,-55.44682834837767,,0
adam,pretrained,63,,-55.447000404954906,,0
adam,pretrained,64,,-55.44675040325822,,0
adam,pretrained,65,2.0,-36.719007716206676,-36.719007716206676,1
adam,pretrained,66,4.0,-39.514890326435825,-39.514890326435825,0
adam,pretrained,67,6.0,-41.443362147945585,-41.443362147945585,0
adam,pretrained,68,8.0,-42.49998254933497,-42.49998254933497,0
adam,pretrained,69,10.0,-43.32922286057538,-43.32922286057538,0
adam,pretrained,70,12.0,-44.16362375940408,-44.16362375940408,0
adam,pretrained,71,14.0,-45.055824236777745,-45.055824236777745,0
adam,pretrained,72,16.0,-46.00753013173626,-46.00753013173626,0
adam,pretrained,73,18.0,-46.92501109012161,-46.92501109012161,0
adam,pretrained,74,20.0,-47.6982665899366,-47.6982665899366,0
adam,pretrained,75,22.0,-48.34347080199886,-48.34347080199886,0
adam,pretrained,76,24.0,-48.97605195562804,-48.97605195562804,0
adam,pretrained,77,26.0,-49.74024754716433,-49.74024754716433,0
adam,pretrained,78,28.0,-50.64229984073551,-50.64229984073551,0
adam,pretrained,79,30.0,-51.41681519433264,-51.41681519433264,0
adam,pretrained,80,32.0,-51.795328683437894,-51.795328683437894,0
adam,pretrained,81,34.0,-51.8991887571839,-51.8991887571839,0
adam,pretrained,82,36.0,-51.95095068115417,-51.95095068115417,0
adam,pretrained,83,38.0,-51.98462995890553,-51.98462995890553,0
adam,pretrained,84,40.0,-52.01857440607382,-52.01857440607382,0
adam,pretrained,85,42.0,-52.121478030420604,-52.121478030420604,0
adam,pretrained,86,44.0,-52.3079033161819,-52.3079033161819,0
adam,pretrained,87,46.0,-52.5206662113142,-52.5206662113142,0
adam,pretrained,88,48.0,-52.71537353244856,-52.71537353244856,0
adam,pretrained,89,50.0,-52.90406693865905,-52.90406693865905,0
adam,pretrained,90,52.0,-53.08625093295222,-53.08625093295222,0
adam,pretrained,91,54.0,-53.20652492471872,-53.20652492471872,0
adam,pretrained,92,56.0,-53.25024655972549,-53.25024655972549,0
adam,pretrained,93,58.0,-53.29043958895972,-53.29043958895972,0
adam,pretrained,94,60.0,-53.36073138451188,-53.36073138451188,0
adam,pretrained,95,62.0,-53.41039939873565,-53.41039939873565,0
adam,pretrained,96,64.0,-53.41441437003832,-53.41441437003832,0
adam,pretrained,97,66.0,-53.417297120878736,-53.417297120878736,0
adam,pretrained,98,68.0,-53.463408950289406,-53.463408950289406,0
adam,pretrained,99,70.0,-53.55557940393798,-53.55557940393798,0
adam,pretrained,100,72.0,-53.67463110726229,-53.67463110726229,0
adam,pretrained,101,74.0,-53.793319504621536,-53.793319504621536,0
adam,pretrained,102,76.0,-53.8857848844769,-53.8857848844769,0
adam,pretrained,103,78.0,-53.94769731137768,-53.94769731137768,0
adam,pretrained,104,80.0,-53.99398405173602,-53.99398405173602,0
adam,pretrained,105,82.0,-54.034896714645846,-54.034896714645846,0
adam,pretrained,106,84.0,-54.07163930628562,-54.07163930628562,0
adam,pretrained,107,86.0,-54.100516748066795,-54.100516748066795,0
adam,pretrained,108,88.0,-54.114263993851154,-54.114263993851154,0
adam,pretrained,109,90.0,-54.116486565049634,-54.116486565049634,0
adam,pretrained,110,92.0,-54.125154163105165,-54.125154163105165,0
adam,pretrained,111,94.0,-54.14491584674877,-54.14491584674877,0
adam,pretrained,112,96.0,-54.16061056686451,-54.16061056686451,0
adam,pretrained,113,98.0,-54.16470532419528,-54.16470532419528,0
adam,pretrained,114,100.0,-54.163135344492716,-54.163135344492716,0
adam,pretrained,115,102.0,-54.16321198481324,-54.16321198481324,0
adam,pretrained,116,104.0,-54.17213690407658,-54.17213690407658,0
adam,pretrained,117,106.0,-54.191122163228926,-54.191122163228926,0
adam,pretrained,118,108.0,-54.211788874516884,-54.211788874516884,0
adam,pretrained,119,110.0,-54.22738232389419,-54.22738232389419,0
adam,pretrained,120,112.0,-54.23786298703866,-54.23786298703866,0
adam,pretrained,121,114.0,-54.24374552980919,-54.24374552980919,0
adam,pretrained,122,116.0,-54.24409763682752,-54.24409763682752,0
adam,pretrained,123,118.0,-54.241142167711246,-54.241142167711246,0
adam,pretrained,124,120.0,-54.240261250659806,-54.240261250659806,0
adam,pretrained,125,122.0,-54.24341753641799,-54.24341753641799,0
adam,pretrained,126,124.0,-54.24839451927628,-54.24839451927628,0
adam,pretrained,127,126.0,-54.253437925801556,-54.253437925801556,0
adam,pretrained,128,128.0,-54.258122339875506,-54.258122339875506,0
adam,pretrained,129,130.0,-54.262730189345284,-54.262730189345284,0
adam,pretrained,130,132.0,-54.267093856906676,-54.267093856906676,0
adam,pretrained,131,134.0,-54.26916617179683,-54.26916617179683,0
adam,pretrained,132,136.0,-54.268503766509546,-54.268503766509546,0
adam,pretrained,133,138.0,-54.26787292491536,-54.26787292491536,0
adam,pretrained,134,140.0,-54.2685890845212,-54.2685890845212,0
adam,pretrained,135,142.0,-54.27002324173997,-54.27002324173997,0
adam,pretrained,136,144.0,-54.27181154218365,-54.27181154218365,0
adam,pretrained,137,146.0,-54.273276579532,-54.273276579532,0
adam,pretrained,138,148.0,-54.274349030050715,-54.274349030050715,0
adam,pretrained,139,150.0,-54.27574580161166,-54.27574580161166,0
adam,pretrained,140,152.0,-54.27753262177397,-54.27753262177397,0
adam,pretrained,141,154.0,-54.27922440437367,-54.27922440437367,0
adam,pretrained,142,156.0,-54.280088503533726,-54.280088503533726,0
adam,pretrained,143,158.0,-54.28017084137359,-54.28017084137359,0
adam,pretrained,144,160.0,-54.28044653694667,-54.28044653694667,0
adam,pretrained,145,162.0,-54.2811059967954,-54.2811059967954,0
adam,pretrained,146,164.0,-54.28164718545356,-54.28164718545356,0
adam,pretrained,147,166.0,-54.28201394842111,-54.28201394842111,0
adam,pretrained,148,168.0,-54.28237774366209,-54.28237774366209,0
adam,pretrained,149,170.0,-54.28268093881437,-54.28268093881437,0
adam,pretrained,150,172.0,-54.283003570340675,-54.283003570340675,0
adam,pretrained,151,174.0,-54.28358700799788,-54.28358700799788,0
adam,pretrained,152,176.0,-54.28435148565561,-54.28435148565561,0
adam,pretrained,153,178.0,-54.28507184699922,-54.28507184699922,0
adam,pretrained,154,180.0,-54.28556286951639,-54.28556286951639,0
adam,pretrained,155,182.0,-54.28582682957305,-54.28582682957305,0
adam,pretrained,156,184.0,-54.28611781534622,-54.28611781534622,0
adam,pretrained,157,186.0,-54.28648459716604,-54.28648459716604,0
adam,pretrained,158,188.0,-54.286882391150385,-54.286882391150385,0
adam,pretrained,159,190.0,-54.28731121596695,-54.28731121596695,0
adam,pretrained,160,192.0,-54.287721406877424,-54.287721406877424,0
adam,pretrained,161,194.0,-54.28822500318912,-54.28822500318912,0
adam,pretrained,162,196.0,-54.2888225270287,-54.2888225270287,0
adam,pretrained,163,198.0,-54.28936012779772,-54.28936012779772,0
adam,pretrained,164,200.0,-54.28986181081757,-54.28986181081757,0
adam,pretrained,165,202.0,-54.29038973985531,-54.29038973985531,0
adam,pretrained,166,204.0,-54.29094162413745,-54.29094162413745,0
adam,pretrained,167,206.0,-54.29151983340752,-54.29151983340752,0
adam,pretrained,168,208.0,-54.29212435418764,-54.29212435418764,0
adam,pretrained,169,210.0,-54.29274223229652,-54.29274223229652,0
adam,pretrained,170,212.0,-54.293381858572694,-54.293381858572694,0
adam,pretrained,171,214.0,-54.294059320334604,-54.294059320334604,0
adam,pretrained,172,216.0,-54.29477539880098,-54.29477539880098,0
adam,pretrained,173,218.0,-54.29551427142706,-54.29551427142706,0
adam,pretrained,174,220.0,-54.29624526656351,-54.29624526656351,0
adam,pretrained,175,222.0,-54.296963787806696,-54.296963787806696,0
adam,pretrained,176,224.0,-54.297678154631754,-54.297678154631754,0
adam,pretrained,177,226.0,-54.29840875853742,-54.29840875853742,0
adam,pretrained,178,228.0,-54.29916719443661,-54.29916719443661,0
adam,pretrained,179,230.0,-54.29993823023445,-54.29993823023445,0
adam,pretrained,180,232.0,-54.300712081106006,-54.300712081106006,0
adam,pretrained,181,234.0,-54.301486083141604,-54.301486083141604,0
adam,pretrained,182,236.0,-54.30227237982742,-54.30227237982742,0
adam,pretrained,183,238.0,-54.3030720201288,-54.3030720201288,0
adam,pretrained,184,240.0,-54.30387200807981,-54.30387200807981,0
adam,pretrained,185,242.0,-54.304670653029085,-54.304670653029085,0
adam,pretrained,186,244.0,-54.30547279568169,-54.30547279568169,0
adam,pretrained,187,246.0,-54.306285144750035,-54.306285144750035,0
adam,pretrained,188,248.0,-54.307110861278105,-54.307110861278105,0
adam,pretrained,189,250.0,-54.307944761360936,-54.307944761360936,0
adam,pretrained,190,252.0,-54.308785749155334,-54.308785749155334,0
adam,pretrained,191,254.0,-54.30963497403117,-54.30963497403117,0
adam,pretrained,192,256.0,-54.310487156501175,-54.310487156501175,0
adam,pretrained,193,258.0,-54.311344572562746,-54.311344572562746,0
adam,pretrained,194,260.0,-54.312205291212116,-54.312205291212116,0
adam,pretrained,195,262.0,-54.31306398045247,-54.31306398045247,0
adam,pretrained,196,264.0,-54.313916298366955,-54.313916298366955,0
adam,pretrained,197,266.0,-54.314757695430124,-54.314757695430124,0
adam,pretrained,198,268.0,-54.3155858146741,-54.3155858146741,0
adam,pretrained,199,270.0,-54.31639685648798,-54.31639685648798,0
adam,pretrained,200,272.0,-54.317186138903494,-54.317186138903494,0
adam,pretrained,201,274.0,-54.31795204592539,-54.31795204592539,0
adam,pretrained,202,276.0,-54.31869294974831,-54.31869294974831,0
adam,pretrained,203,278.0,-54.31940433086492,-54.31940433086492,0
adam,pretrained,204,280.0,-54.32008105091397,-54.32008105091397,0
adam,pretrained,205,282.0,-54.32072328308994,-54.32072328308994,0
adam,pretrained,206,284.0,-54.3213334137335,-54.3213334137335,0
adam,pretrained,207,286.0,-54.32190989986066,-54.32190989986066,0
adam,pretrained,208,288.0,-54.32245266620005,-54.32245266620005,0
adam,pretrained,209,290.0,-54.322961962654354,-54.322961962654354,0
adam,pretrained,210,292.0,-54.323436568874264,-54.323436568874264,0
adam,pretrained,211,294.0,-54.32387735613983,-54.32387735613983,0
adam,pretrained,212,296.0,-54.324286900662564,-54.324286900662564,0
adam,pretrained,213,298.0,-54.324667214918584,-54.324667214918584,0
adam,pretrained,214,300.0,-54.325020975105815,-54.325020975105815,0
adam,pretrained,215,302.0,-54.325351696776906,-54.325351696776906,0
adam,pretrained,216,304.0,-54.32566273026112,-54.32566273026112,0
adam,pretrained,217,306.0,-54.32595847650161,-54.32595847650161,0
adam,pretrained,218,308.0,-54.32624457851644,-54.32624457851644,0
adam,pretrained,219,310.0,-54.326527620118625,-54.326527620118625,0
adam,pretrained,220,312.0,-54.326816974708045,-54.326816974708045,0
adam,pretrained,221,314.0,-54.32712465366599,-54.32712465366599,0
adam,pretrained,222,316.0,-54.327466123784774,-54.327466123784774,0
adam,pretrained,223,318.0,-54.32786383162724,-54.32786383162724,0
adam,pretrained,224,320.0,-54.328349892340064,-54.328349892340064,0
adam,pretrained,225,322.0,-54.32897098568686,-54.32897098568686,0
adam,pretrained,226,324.0,-54.32979844324363,-54.32979844324363,0
adam,pretrained,227,326.0,-54.33094461685166,-54.33094461685166,0
adam,pretrained,228,328.0,-54.332590887397046,-54.332590887397046,0
adam,pretrained,229,330.0,-54.335040846516804,-54.335040846516804,0
adam,pretrained,230,332.0,-54.33881713756143,-54.33881713756143,0
adam,pretrained,231,334.0,-54.34484176732821,-54.34484176732821,0
adam,pretrained,232,336.0,-54.35476779474829,-54.35476779474829,0
adam,pretrained,233,338.0,-54.371540045900446,-54.371540045900446,0
adam,pretrained,234,340.0,-54.40014079019719,-54.40014079019719,0
adam,pretrained,235,342.0,-54.447841584754414,-54.447841584754414,0
adam,pretrained,236,344.0,-54.52178456687244,-54.52178456687244,0
adam,pretrained,237,346.0,-54.62109368888811,-54.62109368888811,0
adam,pretrained,238,348.0,-54.72608205727384,-54.72608205727384,0
adam,pretrained,239,350.0,-54.79897215674366,-54.79897215674366,0
adam,pretrained,240,352.0,-54.81332401177815,-54.81332401177815,0
adam,pretrained,241,354.0,-54.7838721230137,-54.7838721230137,0
adam,pretrained,242,356.0,-54.74392605455168,-54.74392605455168,0
adam,pretrained,243,358.0,-54.720100721045945,-54.720100721045945,0
adam,pretrained,244,360.0,-54.71991329101791,-54.71991329101791,0
adam,pretrained,245,362.0,-54.734641641497504,-54.734641641497504,0
adam,pretrained,246,364.0,-54.75355830617956,-54.75355830617956,0
adam,pretrained,247,366.0,-54.773450769763706,-54.773450769763706,0
adam,pretrained,248,368.0,-54.794691246285645,-54.794691246285645,0
adam,pretrained,249,370.0,-54.812875499547474,-54.812875499547474,0
adam,pretrained,250,372.0,-54.821508832565115,-54.821508832565115,0
adam,pretrained,251,374.0,-54.81984711914922,-54.81984711914922,0
adam,pretrained,252,376.0,-54.81304503056411,-54.81304503056411,0
adam,pretrained,253,378.0,-54.806493326141776,-54.806493326141776,0
adam,pretrained,254,380.0,-54.80336566386013,-54.80336566386013,0
adam,pretrained,255,382.0,-54.80492656195855,-54.80492656195855,0
adam,pretrained,256,384.0,-54.81050100348155,-54.81050100348155,0
adam,pretrained,257,386.0,-54.81772559941681,-54.81772559941681,0
adam,pretrained,258,388.0,-54.824372993896766,-54.824372993896766,0
adam,pretrained,259,390.0,-54.82975699262599,-54.82975699262599,0
adam,pretrained,260,392.0,-54.83357238094902,-54.83357238094902,0
adam,pretrained,261,394.0,-54.83472655955632,-54.83472655955632,0
adam,pretrained,262,396.0,-54.83276512710538,-54.83276512710538,0
adam,pretrained,263,398.0,-54.8293556570367,-54.8293556570367,0
adam,pretrained,264,400.0,-54.827058969783074,-54.827058969783074,0
adam,pretrained,265,402.0,-54.82728581052623,-54.82728581052623,0
adam,pretrained,266,404.0,-54.829801142338454,-54.829801142338454,0
adam,pretrained,267,406.0,-54.833244882692796,-54.833244882692796,0
adam,pretrained,268,408.0,-54.83595125440977,-54.83595125440977,0
adam,pretrained,269,410.0,-54.837152021496294,-54.837152021496294,0
adam,pretrained,270,412.0,-54.83737062167924,-54.83737062167924,0
adam,pretrained,271,414.0,-54.837352192377736,-54.837352192377736,0
adam,pretrained,272,416.0,-54.837313577582755,-54.837313577582755,0
adam,pretrained,273,418.0,-54.83735254366264,-54.83735254366264,0
adam,pretrained,274,420.0,-54.837573379055236,-54.837573379055236,0
adam,pretrained,275,422.0,-54.837713197787785,-54.837713197787785,0
adam,pretrained,276,424.0,-54.83750928994117,-54.83750928994117,0
adam,pretrained,277,426.0,-54.83731722015381,-54.83731722015381,0
adam,pretrained,278,428.0,-54.837682024846714,-54.837682024846714,0
adam,pretrained,279,430.0,-54.83856207536873,-54.83856207536873,0
adam,pretrained,280,432.0,-54.83948136700229,-54.83948136700229,0
adam,pretrained,281,434.0,-54.8401022025616,-54.8401022025616,0
adam,pretrained,282,436.0,-54.84030748091689,-54.84030748091689,0
adam,pretrained,283,438.0,-54.84010020406507,-54.84010020406507,0
adam,pretrained,284,440.0,-54.83968452209857,-54.83968452209857,0
adam,pretrained,285,442.0,-54.83937885556765,-54.83937885556765,0
adam,pretrained,286,444.0,-54.839339174763936,-54.839339174763936,0
adam,pretrained,287,446.0,-54.83952034652089,-54.83952034652089,0
adam,pretrained,288,448.0,-54.8398295668057,-54.8398295668057,0
adam,pretrained,289,450.0,-54.84016307211274,-54.84016307211274,0
adam,pretrained,290,452.0,-54.8404106163637,-54.8404106163637,0
adam,pretrained,291,454.0,-54.8405374921266,-54.8405374921266,0
adam,pretrained,292,456.0,-54.84057513927505,-54.84057513927505,0
adam,pretrained,293,458.0,-54.84053549370597,-54.84053549370597,0
adam,pretrained,294,460.0,-54.84043994782587,-54.84043994782587,0
adam,pretrained,295,462.0,-54.84036726025168,-54.84036726025168,0
adam,pretrained,296,464.0,-54.840370267441976,-54.840370267441976,0
adam,pretrained,297,466.0,-54.840420156465825,-54.840420156465825,0
adam,pretrained,298,468.0,-54.840483777672546,-54.840483777672546,0
adam,pretrained,299,470.0,-54.84056396881959,-54.84056396881959,0
adam,pretrained,300,472.0,-54.84064806443887,-54.84064806443887,0
adam,pretrained,301,474.0,-54.84070570349495,-54.84070570349495,0
adam,pretrained,302,476.0,-54.840734289189506,-54.840734289189506,0
adam,pretrained,303,478.0,-54.84074587974197,-54.84074587974197,0
adam,pretrained,304,480.0,-54.84073513983304,-54.84073513983304,0
adam,pretrained,305,482.0,-54.840701193909794,-54.840701193909794,0
adam,pretrained,306,484.0,-54.84066898521695,-54.84066898521695,0
adam,pretrained,307,486.0,-54.84066504417332,-54.84066504417332,0
adam,pretrained,308,488.0,-54.84069484385956,-54.84069484385956,0
adam,pretrained,309,490.0,-54.840745586657484,-54.840745586657484,0
adam,pretrained,310,492.0,-54.84079336001929,-54.84079336001929,0
adam,pretrained,311,494.0,-54.840816656305634,-54.840816656305634,0
adam,pretrained,312,496.0,-54.84081403242216,-54.84081403242216,0
adam,pretrained,313,498.0,-54.8408001601907,-54.8408001601907,0
adam,pretrained,314,500.0,-54.84078759914715,-54.84078759914715,0
adam,pretrained,315,502.0,-54.840783022084345,-54.840783022084345,0
adam,pretrained,316,504.0,-54.84079004149626,-54.84079004149626,0
adam,pretrained,317,506.0,-54.84080397734693,-54.84080397734693,0
adam,pretrained,318,508.0,-54.840814389168145,-54.840814389168145,0
adam,pretrained,319,510.0,-54.84081843220165,-54.84081843220165,0
adam,pretrained,320,512.0,-54.84082175802542,-54.84082175802542,0
adam,pretrained,321,514.0,-54.84082728871591,-54.84082728871591,0
adam,pretrained,322,516.0,-54.840833154321764,-54.840833154321764,0
adam,pretrained,323,518.0,-54.840837850724036,-54.840837850724036,0
adam,pretrained,324,520.0,-54.84084004296449,-54.84084004296449,0
adam,pretrained,325,522.0,-54.840838325564214,-54.840838325564214,0
adam,pretrained,326,524.0,-54.84083479401814,-54.84083479401814,0
adam,pretrained,327,526.0,-54.840833770404835,-54.840833770404835,0
adam,pretrained,328,528.0,-54.84083650966302,-54.84083650966302,0
adam,pretrained,329,530.0,-54.84084075706732,-54.84084075706732,0
adam,pretrained,330,532.0,-54.84084328081554,-54.84084328081554,0
adam,pretrained,331,534.0,-54.8408399775952,-54.8408399775952,0
adam,pretrained,332,536.0,-54.840824442066435,-54.840824442066435,0
adam,pretrained,333,538.0,-54.84078305649532,-54.84078305649532,0
adam,pretrained,334,540.0,-54.840679529908996,-54.840679529908996,0
adam,pretrained,335,542.0,-54.840418282541165,-54.840418282541165,0
adam,pretrained,336,544.0,-54.83975494117161,-54.83975494117161,0
adam,pretrained,337,546.0,-54.838083281688576,-54.838083281688576,0
adam,pretrained,338,548.0,-54.83405398415835,-54.83405398415835,0
adam,pretrained,339,550.0,-54.825597105894566,-54.825597105894566,0
adam,pretrained,340,552.0,-54.813479131045355,-54.813479131045355,0
adam,pretrained,341,554.0,-54.80998982747039,-54.80998982747039,0
adam,pretrained,342,556.0,-54.826808065071916,-54.826808065071916,0
adam,pretrained,343,558.0,-54.84081915351206,-54.84081915351206,0
adam,pretrained,344,560.0,-54.8312881618307,-54.8312881618307,0
adam,pretrained,345,562.0,-54.82291872218602,-54.82291872218602,0
adam,pretrained,346,564.0,-54.83462002662534,-54.83462002662534,0
adam,pretrained,347,566.0,-54.840203748989886,-54.840203748989886,0
adam,pretrained,348,568.0,-54.830530131078156,-54.830530131078156,0
adam,pretrained,349,570.0,-54.83199592017022,-54.83199592017022,0
adam,pretrained,350,572.0,-54.84066162140352,-54.84066162140352,0
adam,pretrained,351,574.0,-54.83613434719883,-54.83613434719883,0
adam,pretrained,352,576.0,-54.83301808424301,-54.83301808424301,0
adam,pretrained,353,578.0,-54.83973037517184,-54.83973037517184,0
adam,pretrained,354,580.0,-54.838967064362855,-54.838967064362855,0
adam,pretrained,355,582.0,-54.834948933199705,-54.834948933199705,0
adam,pretrained,356,584.0,-54.83912433726295,-54.83912433726295,0
adam,pretrained,357,586.0,-54.84022850263065,-54.84022850263065,0
adam,pretrained,358,588.0,-54.83673025863358,-54.83673025863358,0
adam,pretrained,359,590.0,-54.838936047252616,-54.838936047252616,0
adam,pretrained,360,592.0,-54.840731638386586,-54.840731638386586,0
adam,pretrained,361,594.0,-54.83812522046172,-54.83812522046172,0
adam,pretrained,362,596.0,-54.8390051599318,-54.8390051599318,0
adam,pretrained,363,598.0,-54.84087950042972,-54.84087950042972,0
adam,pretrained,364,600.0,-54.83915222206053,-54.83915222206053,0
adam,pretrained,365,602.0,-54.839209338620584,-54.839209338620584,0
adam,pretrained,366,604.0,-54.840864014444364,-54.840864014444364,0
adam,pretrained,367,606.0,-54.83988009771321,-54.83988009771321,0
adam,pretrained,368,608.0,-54.839477837692414,-54.839477837692414,0
adam,pretrained,369,610.0,-54.84077980191043,-54.84077980191043,0
adam,pretrained,370,612.0,-54.84037344448042,-54.84037344448042,0
adam,pretrained,371,614.0,-54.83977215113901,-54.83977215113901,0
adam,pretrained,372,616.0,-54.84067875954052,-54.84067875954052,0
adam,pretrained,373,618.0,-54.840681872930546,-54.840681872930546,0
adam,pretrained,374,620.0,-54.84006753820336,-54.84006753820336,0
adam,pretrained,375,622.0,-54.84059443642617,-54.84059443642617,0
adam,pretrained,376,624.0,-54.840846084695805,-54.840846084695805,0
adam,pretrained,377,626.0,-54.84034386797816,-54.84034386797816,0
adam,pretrained,378,628.0,-54.84054934446326,-54.84054934446326,0
adam,pretrained,379,630.0,-54.8409026820961,-54.8409026820961,0
adam,pretrained,380,632.0,-54.84058060872554,-54.84058060872554,0
adam,pretrained,381,634.0,-54.84055479538914,-54.84055479538914,0
adam,pretrained,382,636.0,-54.840888984910904,-54.840888984910904,0
adam,pretrained,383,638.0,-54.84075969109376,-54.84075969109376,0
adam,pretrained,384,640.0,-54.840609611470356,-54.840609611470356,0
adam,pretrained,385,642.0,-54.84084355926103,-54.84084355926103,0
adam,pretrained,386,644.0,-54.84087034677761,-54.84087034677761,0
adam,pretrained,387,646.0,-54.840698999249774,-54.840698999249774,0
adam,pretrained,388,648.0,-54.840801977085576,-54.840801977085576,0
adam,pretrained,389,650.0,-54.84091465209039,-54.84091465209039,0
adam,pretrained,390,652.0,-54.8407973991617,-54.8407973991617,0
adam,pretrained,391,654.0,-54.840789152517736,-54.840789152517736,0
adam,pretrained,392,656.0,-54.840910170803475,-54.840910170803475,0
adam,pretrained,393,658.0,-54.84087722053498,-54.84087722053498,0
adam,pretrained,394,660.0,-54.840812249112034,-54.840812249112034,0
adam,pretrained,395,662.0,-54.8408856939638,-54.8408856939638,0
adam,pretrained,396,664.0,-54.8409203953196,-54.8409203953196,0
adam,pretrained,397,666.0,-54.840859151666685,-54.840859151666685,0
adam,pretrained,398,668.0,-54.84086991174711,-54.84086991174711,0
adam,pretrained,399,670.0,-54.840927109641406,-54.840927109641406,0
adam,pretrained,400,672.0,-54.84090619178935,-54.84090619178935,0
adam,pretrained,401,674.0,-54.84087793665649,-54.84087793665649,0
adam,pretrained,402,676.0,-54.84091508793857,-54.84091508793857,0
adam,pretrained,403,678.0,-54.840933311315645,-54.840933311315645,0
adam,pretrained,404,680.0,-54.84090487669974,-54.84090487669974,0
adam,pretrained,405,682.0,-54.840907433592086,-54.840907433592086,0
adam,pretrained,406,684.0,-54.84093700795444,-54.84093700795444,0
adam,pretrained,407,686.0,-54.84093249368543,-54.84093249368543,0
adam,pretrained,408,688.0,-54.84091626344293,-54.84091626344293,0
adam,pretrained,409,690.0,-54.84093075382614,-54.84093075382614,0
adam,pretrained,410,692.0,-54.84094582942017,-54.84094582942017,0
adam,pretrained,411,694.0,-54.84093567591508,-54.84093567591508,0
adam,pretrained,412,696.0,-54.84093126242211,-54.84093126242211,0
adam,pretrained,413,698.0,-54.840945676925564,-54.840945676925564,0
adam,pretrained,414,700.0,-54.84095100287777,-54.84095100287777,0
adam,pretrained,415,702.0,-54.840942919214434,-54.840942919214434,0
adam,pretrained,416,704.0,-54.840944746888056,-54.840944746888056,0
adam,pretrained,417,706.0,-54.84095543956179,-54.84095543956179,0
adam,pretrained,418,708.0,-54.840956486846295,-54.840956486846295,0
adam,pretrained,419,710.0,-54.84095183333539,-54.84095183333539,0
adam,pretrained,420,712.0,-54.840955730271375,-54.840955730271375,0
adam,pretrained,421,714.0,-54.84096303115564,-54.84096303115564,0
adam,pretrained,422,716.0,-54.84096296836163,-54.84096296836163,0
adam,pretrained,423,718.0,-54.84096088445668,-54.84096088445668,0
adam,pretrained,424,720.0,-54.84096488763761,-54.84096488763761,0
adam,pretrained,425,722.0,-54.84097001643598,-54.84097001643598,0
adam,pretrained,426,724.0,-54.8409701335113,-54.8409701335113,0
adam,pretrained,427,726.0,-54.840969566047974,-54.840969566047974,0
adam,pretrained,428,728.0,-54.840973046204496,-54.840973046204496,0
adam,pretrained,429,730.0,-54.84097697783524,-54.84097697783524,0
adam,pretrained,430,732.0,-54.84097763112094,-54.84097763112094,0
adam,pretrained,431,734.0,-54.84097788862749,-54.84097788862749,0
adam,pretrained,432,736.0,-54.84098077521992,-54.84098077521992,0
adam,pretrained,433,738.0,-54.840984072379165,-54.840984072379165,0
adam,pretrained,434,740.0,-54.840985271205284,-54.840985271205284,0
adam,pretrained,435,742.0,-54.840986005558925,-54.840986005558925,0
adam,pretrained,436,744.0,-54.84098839724589,-54.84098839724589,0
adam,pretrained,437,746.0,-54.840991323280136,-54.840991323280136,0
adam,pretrained,438,748.0,-54.840992979169776,-54.840992979169776,0
adam,pretrained,439,750.0,-54.84099405719558,-54.84099405719558,0
adam,pretrained,440,752.0,-54.84099608768909,-54.84099608768909,0
adam,pretrained,441,754.0,-54.840998738311335,-54.840998738311335,0
adam,pretrained,442,756.0,-54.84100073703653,-54.84100073703653,0
adam,pretrained,443,758.0,-54.841002130564256,-54.841002130564256,0
adam,pretrained,444,760.0,-54.84100394242646,-54.84100394242646,0
adam,pretrained,445,762.0,-54.84100634264362,-54.84100634264362,0
adam,pretrained,446,764.0,-54.84100855331814,-54.84100855331814,0
adam,pretrained,447,766.0,-54.841010259730034,-54.841010259730034,0
adam,pretrained,448,768.0,-54.84101200427215,-54.84101200427215,0
adam,pretrained,449,770.0,-54.8410141795279,-54.8410141795279,0
adam,pretrained,450,772.0,-54.84101646279606,-54.84101646279606,0
adam,pretrained,451,774.0,-54.841018448375344,-54.841018448375344,0
adam,pretrained,452,776.0,-54.84102026906234,-54.84102026906234,0
adam,pretrained,453,778.0,-54.8410222902823,-54.8410222902823,0
adam,pretrained,454,780.0,-54.841024529703574,-54.841024529703574,0
adam,pretrained,455,782.0,-54.841026703632586,-54.841026703632586,0
adam,pretrained,456,784.0,-54.84102869436804,-54.84102869436804,0
adam,pretrained,457,786.0,-54.84103068238391,-54.84103068238391,0
adam,pretrained,458,788.0,-54.841032832920085,-54.841032832920085,0
adam,pretrained,459,790.0,-54.84103507122201,-54.84103507122201,0
adam,pretrained,460,792.0,-54.841037234578586,-54.841037234578586,0
adam,pretrained,461,794.0,-54.84103931035048,-54.84103931035048,0
adam,pretrained,462,796.0,-54.84104142178031,-54.84104142178031,0
adam,pretrained,463,798.0,-54.841043637438126,-54.841043637438126,0
adam,pretrained,464,800.0,-54.84104589353354,-54.84104589353354,0
adam,pretrained,465,802.0,-54.841048103815716,-54.841048103815716,0
adam,pretrained,466,804.0,-54.84105027399154,-54.84105027399154,0
adam,pretrained,467,806.0,-54.841052475405334,-54.841052475405334,0
adam,pretrained,468,808.0,-54.84105474302643,-54.84105474302643,0
adam,pretrained,469,810.0,-54.84105704051487,-54.84105704051487,0
adam,pretrained,470,812.0,-54.84105931924497,-54.84105931924497,0
adam,pretrained,471,814.0,-54.841061578895896,-54.841061578895896,0
adam,pretrained,472,816.0,-54.841063857703126,-54.841063857703126,0
adam,pretrained,473,818.0,-54.84106618011692,-54.84106618011692,0
adam,pretrained,474,820.0,-54.84106853194601,-54.84106853194601,0
adam,pretrained,475,822.0,-54.841070884686445,-54.841070884686445,0
adam,pretrained,476,824.0,-54.8410732302919,-54.8410732302919,0
adam,pretrained,477,826.0,-54.841075585676705,-54.841075585676705,0
adam,pretrained,478,828.0,-54.841077969245525,-54.841077969245525,0
adam,pretrained,479,830.0,-54.84108038116821,-54.84108038116821,0
adam,pretrained,480,832.0,-54.84108280723791,-54.84108280723791,0
adam,pretrained,481,834.0,-54.84108523665999,-54.84108523665999,0
adam,pretrained,482,836.0,-54.841087672298144,-54.841087672298144,0
adam,pretrained,483,838.0,-54.84109012493455,-54.84109012493455,0
adam,pretrained,484,840.0,-54.84109260108948,-54.84109260108948,0
adam,pretrained,485,842.0,-54.84109509777371,-54.84109509777371,0
adam,pretrained,486,844.0,-54.841097607475774,-54.841097607475774,0
adam,pretrained,487,846.0,-54.841100126189936,-54.841100126189936,0
adam,pretrained,488,848.0,-54.841102656352234,-54.841102656352234,0
adam,pretrained,489,850.0,-54.84110520330035,-54.84110520330035,0
adam,pretrained,490,852.0,-54.84110777001275,-54.84110777001275,0
adam,pretrained,491,854.0,-54.84111035513925,-54.84111035513925,0
adam,pretrained,492,856.0,-54.84111295516756,-54.84111295516756,0
adam,pretrained,493,858.0,-54.84111556786415,-54.84111556786415,0
adam,pretrained,494,860.0,-54.84111819384025,-54.84111819384025,0
adam,pretrained,495,862.0,-54.84112083546977,-54.84112083546977,0
adam,pretrained,496,864.0,-54.84112349469465,-54.84112349469465,0
adam,pretrained,497,866.0,-54.841126171696885,-54.841126171696885,0
adam,pretrained,498,868.0,-54.84112886521035,-54.84112886521035,0
adam,pretrained,499,870.0,-54.841131573808454,-54.841131573808454,0
cobyla,standard,0,1.0,-35.42848103935217,-35.42848103935217,0
cobyla,standard,1,2.0,-35.42848103935217,-35.42848103935217,0
cobyla,standard,2,3.0,-35.42848103935217,-35.42848103935217,0
cobyla,standard,3,4.0,-35.42848103935217,-35.42848103935217,0
cobyla,standard,4,5.0,-35.42848103935217,-35.42848103935217,0
cobyla,standard,5,6.0,-35.42848103935217,-35.42848103935217,0
cobyla,standard,6,7.0,-35.42848103935217,-35.42848103935217,0
cobyla,standard,7,8.0,-36.154001582162365,-36.154001582162365,0
cobyla,standard,8,9.0,-36.154001582162365,-36.154001582162365,0
cobyla,standard,9,10.0,-36.154001582162365,-36.154001582162365,0
cobyla,standard,10,11.0,-36.154001582162365,-36.154001582162365,0
cobyla,standard,11,12.0,-36.154001582162365,-36.154001582162365,0
cobyla,standard,12,13.0,-36.154001582162365,-36.154001582162365,0
cobyla,standard,13,14.0,-36.16396859780222,-36.16396859780222,0
cobyla,standard,14,15.0,-36.16396859780222,-36.16396859780222,0
cobyla,standard,15,16.0,-36.16396859780222,-36.16396859780222,0
cobyla,standard,16,17.0,-36.16396859780222,-36.16396859780222,0
cobyla,standard,17,18.0,-36.16396859780222,-36.16396859780222,0
cobyla,standard,18,19.0,-36.16396859780222,-36.16396859780222,0
cobyla,standard,19,20.0,-36.20310719108264,-36.20310719108264,0
cobyla,standard,20,21.0,-36.20310719108264,-36.20310719108264,0
cobyla,standard,21,22.0,-36.32953994680148,-36.32953994680148,0
cobyla,standard,22,23.0,-36.32953994680148,-36.32953994680148,0
cobyla,standard,23,24.0,-36.32953994680148,-36.32953994680148,0
cobyla,standard,24,25.0,-36.32953994680148,-36.32953994680148,0
cobyla,standard,25,26.0,-36.34386788792626,-36.34386788792626,0
cobyla,standard,26,27.0,-36.349124544798435,-36.349124544798435,0
cobyla,standard,27,28.0,-36.349124544798435,-36.349124544798435,0
cobyla,standard,28,29.0,-36.34917738044812,-36.34917738044812,0
cobyla,standard,29,30.0,-36.34917738044812,-36.34917738044812,0
cobyla,standard,30,31.0,-36.38152740020678,-36.38152740020678,0
cobyla,standard,31,32.0,-36.38152740020678,-36.38152740020678,0
cobyla,standard,32,33.0,-36.38152740020678,-36.38152740020678,0
cobyla,standard,33,34.0,-36.46490847529155,-36.46490847529155,0
cobyla,standard,34,35.0,-36.46490847529155,-36.46490847529155,0
cobyla,standard,35,36.0,-36.46490847529155,-36.46490847529155,0
cobyla,standard,36,37.0,-36.46490847529155,-36.46490847529155,0
cobyla,standard,37,38.0,-36.46490847529155,-36.46490847529155,0
cobyla,standard,38,39.0,-36.46490847529155,-36.46490847529155,0
cobyla,standard,39,40.0,-36.46490847529155,-36.46490847529155,0
cobyla,standard,40,41.0,-36.46490847529155,-36.46490847529155,0
cobyla,standard,41,42.0,-36.46490847529155,-36.46490847529155,0
cobyla,standard,42,43.0,-36.46490847529155,-36.46490847529155,0
cobyla,standard,43,44.0,-36.46490847529155,-36.46490847529155,0
cobyla,standard,44,45.0,-36.46490847529155,-36.46490847529155,0
cobyla,standard,45,46.0,-36.46490847529155,-36.46490847529155,0
cobyla,standard,46,47.0,-36.46490847529155,-36.46490847529155,0
cobyla,standard,47,48.0,-36.46490847529155,-36.46490847529155,0
cobyla,standard,48,49.0,-36.48466291428101,-36.48466291428101,0
cobyla,standard,49,50.0,-36.48466291428101,-36.48466291428101,0
cobyla,standard,50,51.0,-36.48466291428101,-36.48466291428101,0
cobyla,standard,51,52.0,-36.48466291428101,-36.48466291428101,0
cobyla,standard,52,53.0,-36.512400396194124,-36.512400396194124,0
cobyla,standard,53,54.0,-36.512400396194124,-36.512400396194124,0
cobyla,standard,54,55.0,-36.512400396194124,-36.512400396194124,0
cobyla,standard,55,56.0,-36.512400396194124,-36.512400396194124,0
cobyla,standard,56,57.0,-36.512400396194124,-36.512400396194124,0
cobyla,standard,57,58.0,-36.512400396194124,-36.512400396194124,0
cobyla,standard,58,59.0,-36.51825495542047,-36.51825495542047,0
cobyla,standard,59,60.0,-36.51825495542047,-36.51825495542047,0
cobyla,standard,60,61.0,-36.51825495542047,-36.51825495542047,0
cobyla,standard,61,62.0,-36.51825495542047,-36.51825495542047,0
cobyla,standard,62,63.0,-36.51825495542047,-36.51825495542047,0
cobyla,standard,63,64.0,-36.54232806085257,-36.54232806085257,0
cobyla,standard,64,65.0,-36.54242354832519,-36.54242354832519,0
cobyla,standard,65,66.0,-36.54242354832519,-36.54242354832519,0
cobyla,standard,66,67.0,-36.54242354832519,-36.54242354832519,0
cobyla,standard,67,68.0,-36.54242354832519,-36.54242354832519,0
cobyla,standard,68,69.0,-36.54242354832519,-36.54242354832519,0
cobyla,standard,69,70.0,-36.54242354832519,-36.54242354832519,0
cobyla,standard,70,71.0,-36.54242354832519,-36.54242354832519,0
cobyla,standard,71,72.0,-36.54242354832519,-36.54242354832519,0
cobyla,standard,72,73.0,-36.54242354832519,-36.54242354832519,0
cobyla,standard,73,74.0,-36.54242354832519,-36.54242354832519,0
cobyla,standard,74,75.0,-36.55122383987274,-36.55122383987274,0
cobyla,standard,75,76.0,-36.56417681476951,-36.56417681476951,0
cobyla,standard,76,77.0,-36.56417681476951,-36.56417681476951,0
cobyla,standard,77,78.0,-36.57844056964145,-36.57844056964145,0
cobyla,standard,78,79.0,-36.57844056964145,-36.57844056964145,0
cobyla,standard,79,80.0,-36.57844056964145,-36.57844056964145,0
cobyla,standard,80,81.0,-36.57844056964145,-36.57844056964145,0
cobyla,standard,81,82.0,-36.57844056964145,-36.57844056964145,0
cobyla,standard,82,83.0,-36.57844056964145,-36.57844056964145,0
cobyla,standard,83,84.0,-36.652876525505,-36.652876525505,0
cobyla,standard,84,85.0,-36.652876525505,-36.652876525505,0
cobyla,standard,85,86.0,-36.654160363312315,-36.654160363312315,0
cobyla,standard,86,87.0,-36.654160363312315,-36.654160363312315,0
cobyla,standard,87,88.0,-36.669199163242254,-36.669199163242254,0
cobyla,standard,88,89.0,-36.70309089885644,-36.70309089885644,0
cobyla,standard,89,90.0,-36.70309089885644,-36.70309089885644,0
cobyla,standard,90,91.0,-36.70309089885644,-36.70309089885644,0
cobyla,standard,91,92.0,-36.70309089885644,-36.70309089885644,0
cobyla,standard,92,93.0,-36.70309089885644,-36.70309089885644,0
cobyla,standard,93,94.0,-36.70309089885644,-36.70309089885644,0
cobyla,standard,94,95.0,-36.70309089885644,-36.70309089885644,0
cobyla,standard,95,96.0,-36.70309089885644,-36.70309089885644,0
cobyla,standard,96,97.0,-36.70309089885644,-36.70309089885644,0
cobyla,standard,97,98.0,-36.73628338256766,-36.73628338256766,0
cobyla,standard,98,99.0,-36.73789217309321,-36.73789217309321,0
cobyla,standard,99,100.0,-36.73789217309321,-36.73789217309321,0
cobyla,standard,100,101.0,-36.73789217309321,-36.73789217309321,0
cobyla,standard,101,102.0,-36.73789217309321,-36.73789217309321,0
cobyla,standard,102,103.0,-36.73789217309321,-36.73789217309321,0
cobyla,standard,103,104.0,-36.73789217309321,-36.73789217309321,0
cobyla,standard,104,105.0,-36.73789217309321,-36.73789217309321,0
cobyla,standard,105,106.0,-36.73789217309321,-36.73789217309321,0
cobyla,standard,106,107.0,-36.73818629335892,-36.73818629335892,0
cobyla,standard,107,108.0,-36.73818629335892,-36.73818629335892,0
cobyla,standard,108,109.0,-36.73818629335892,-36.73818629335892,0
cobyla,standard,109,110.0,-36.73818629335892,-36.73818629335892,0
cobyla,standard,110,111.0,-36.73818629335892,-36.73818629335892,0
cobyla,standard,111,112.0,-36.80740127225898,-36.80740127225898,0
cobyla,standard,112,113.0,-36.80740127225898,-36.80740127225898,0
cobyla,standard,113,114.0,-36.80740127225898,-36.80740127225898,0
cobyla,standard,114,115.0,-36.80740127225898,-36.80740127225898,0
cobyla,standard,115,116.0,-36.80740127225898,-36.80740127225898,0
cobyla,standard,116,117.0,-36.80740127225898,-36.80740127225898,0
cobyla,standard,117,118.0,-36.81688508813626,-36.81688508813626,0
cobyla,standard,118,119.0,-36.817429980914255,-36.817429980914255,0
cobyla,standard,119,120.0,-36.817429980914255,-36.817429980914255,0
cobyla,standard,120,121.0,-36.817429980914255,-36.817429980914255,0
cobyla,standard,121,122.0,-36.817429980914255,-36.817429980914255,0
cobyla,standard,122,123.0,-36.817429980914255,-36.817429980914255,0
cobyla,standard,123,124.0,-36.817429980914255,-36.817429980914255,0
cobyla,standard,124,125.0,-36.817429980914255,-36.817429980914255,0
cobyla,standard,125,126.0,-36.81818142727139,-36.81818142727139,0
cobyla,standard,126,127.0,-36.81818142727139,-36.81818142727139,0
cobyla,standard,127,128.0,-36.82652533536879,-36.82652533536879,0
cobyla,standard,128,129.0,-36.82652533536879,-36.82652533536879,0
cobyla,standard,129,130.0,-36.82652533536879,-36.82652533536879,0
cobyla,standard,130,131.0,-36.82665750417024,-36.82665750417024,0
cobyla,standard,131,132.0,-38.728475327689544,-38.728475327689544,0
cobyla,standard,132,133.0,-38.73075445699254,-38.73075445699254,0
cobyla,standard,133,134.0,-38.73075445699254,-38.73075445699254,0
cobyla,standard,134,135.0,-38.73075445699254,-38.73075445699254,0
cobyla,standard,135,136.0,-38.73075445699254,-38.73075445699254,0
cobyla,standard,136,137.0,-38.73075445699254,-38.73075445699254,0
cobyla,standard,137,138.0,-38.73075445699254,-38.73075445699254,0
cobyla,standard,138,139.0,-38.73075445699254,-38.73075445699254,0
cobyla,standard,139,140.0,-38.73075445699254,-38.73075445699254,0
cobyla,standard,140,141.0,-38.73244449025508,-38.73244449025508,0
cobyla,standard,141,142.0,-38.73244449025508,-38.73244449025508,0
cobyla,standard,142,143.0,-38.73244449025508,-38.73244449025508,0
cobyla,standard,143,144.0,-38.73244449025508,-38.73244449025508,0
cobyla,standard,144,145.0,-38.73244449025508,-38.73244449025508,0
cobyla,standard,145,146.0,-38.73244449025508,-38.73244449025508,0
cobyla,standard,146,147.0,-38.734649854935505,-38.734649854935505,0
cobyla,standard,147,148.0,-38.734649854935505,-38.734649854935505,0
cobyla,standard,148,149.0,-38.734649854935505,-38.734649854935505,0
cobyla,standard,149,150.0,-38.734649854935505,-38.734649854935505,0
cobyla,standard,150,151.0,-38.734649854935505,-38.734649854935505,0
cobyla,standard,151,152.0,-38.734649854935505,-38.734649854935505,0
cobyla,standard,152,153.0,-38.734649854935505,-38.734649854935505,0
cobyla,standard,153,154.0,-38.737485119087644,-38.737485119087644,0
cobyla,standard,154,155.0,-38.737485119087644,-38.737485119087644,0
cobyla,standard,155,156.0,-38.737485119087644,-38.737485119087644,0
cobyla,standard,156,157.0,-38.737485119087644,-38.737485119087644,0
cobyla,standard,157,158.0,-38.737485119087644,-38.737485119087644,0
cobyla,standard,158,159.0,-38.737485119087644,-38.737485119087644,0
cobyla,standard,159,160.0,-38.737485119087644,-38.737485119087644,0
cobyla,standard,160,161.0,-38.737485119087644,-38.737485119087644,0
cobyla,standard,161,162.0,-39.09553044216711,-39.09553044216711,0
cobyla,standard,162,163.0,-39.09553044216711,-39.09553044216711,0
cobyla,standard,163,164.0,-39.09553044216711,-39.09553044216711,0
cobyla,standard,164,165.0,-39.09553044216711,-39.09553044216711,0
cobyla,standard,165,166.0,-39.09553044216711,-39.09553044216711,0
cobyla,standard,166,167.0,-39.09553044216711,-39.09553044216711,0
cobyla,standard,167,168.0,-39.09553044216711,-39.09553044216711,0
cobyla,standard,168,169.0,-39.265439349702795,-39.265439349702795,0
cobyla,standard,169,170.0,-39.265439349702795,-39.265439349702795,0
cobyla,standard,170,171.0,-39.265439349702795,-39.265439349702795,0
cobyla,standard,171,172.0,-39.265439349702795,-39.265439349702795,0
cobyla,standard,172,173.0,-39.265439349702795,-39.265439349702795,0
cobyla,standard,173,174.0,-39.265439349702795,-39.265439349702795,0
cobyla,standard,174,175.0,-39.311224980471096,-39.311224980471096,0
cobyla,standard,175,176.0,-39.311224980471096,-39.311224980471096,0
cobyla,standard,176,177.0,-39.311224980471096,-39.311224980471096,0
cobyla,standard,177,178.0,-39.311224980471096,-39.311224980471096,0
cobyla,standard,178,179.0,-39.311224980471096,-39.311224980471096,0
cobyla,standard,179,180.0,-39.311224980471096,-39.311224980471096,0
cobyla,standard,180,181.0,-39.311224980471096,-39.311224980471096,0
cobyla,standard,181,182.0,-39.311224980471096,-39.311224980471096,0
cobyla,standard,182,183.0,-39.311224980471096,-39.311224980471096,0
cobyla,standard,183,184.0,-39.311224980471096,-39.311224980471096,0
cobyla,standard,184,185.0,-39.311224980471096,-39.311224980471096,0
cobyla,standard,185,186.0,-39.311224980471096,-39.311224980471096,0
cobyla,standard,186,187.0,-39.311224980471096,-39.311224980471096,0
cobyla,standard,187,188.0,-39.311224980471096,-39.311224980471096,0
cobyla,standard,188,189.0,-39.311224980471096,-39.311224980471096,0
cobyla,standard,189,190.0,-39.311224980471096,-39.311224980471096,0
cobyla,standard,190,191.0,-39.31164620848054,-39.31164620848054,0
cobyla,standard,191,192.0,-39.31164620848054,-39.31164620848054,0
cobyla,standard,192,193.0,-39.31164620848054,-39.31164620848054,0
cobyla,standard,193,194.0,-39.31164620848054,-39.31164620848054,0
cobyla,standard,194,195.0,-39.31164620848054,-39.31164620848054,0
cobyla,standard,195,196.0,-39.31164620848054,-39.31164620848054,0
cobyla,standard,196,197.0,-39.31164620848054,-39.31164620848054,0
cobyla,standard,197,198.0,-39.31164620848054,-39.31164620848054,0
cobyla,standard,198,199.0,-39.31164620848054,-39.31164620848054,0
cobyla,standard,199,200.0,-39.31164620848054,-39.31164620848054,0
cobyla,standard,200,201.0,-39.31164620848054,-39.31164620848054,0
cobyla,standard,201,202.0,-39.69928283220559,-39.69928283220559,0
cobyla,standard,202,203.0,-39.869550476519464,-39.869550476519464,0
cobyla,standard,203,204.0,-40.14622413476891,-40.14622413476891,0
cobyla,standard,204,205.0,-40.14622413476891,-40.14622413476891,0
cobyla,standard,205,206.0,-40.14815553075935,-40.14815553075935,0
cobyla,standard,206,207.0,-40.14815553075935,-40.14815553075935,0
cobyla,standard,207,208.0,-40.153330710059166,-40.153330710059166,0
cobyla,standard,208,209.0,-40.153330710059166,-40.153330710059166,0
cobyla,standard,209,210.0,-40.153330710059166,-40.153330710059166,0
cobyla,standard,210,211.0,-40.16181125000705,-40.16181125000705,0
cobyla,standard,211,212.0,-40.16181125000705,-40.16181125000705,0
cobyla,standard,212,213.0,-40.228389947779576,-40.228389947779576,0
cobyla,standard,213,214.0,-40.263319628479415,-40.263319628479415,0
cobyla,standard,214,215.0,-40.263319628479415,-40.263319628479415,0
cobyla,standard,215,216.0,-40.263319628479415,-40.263319628479415,0
cobyla,standard,216,217.0,-40.32319274355212,-40.32319274355212,0
cobyla,standard,217,218.0,-40.32319274355212,-40.32319274355212,0
cobyla,standard,218,219.0,-40.32319274355212,-40.32319274355212,0
cobyla,standard,219,220.0,-40.32319274355212,-40.32319274355212,0
cobyla,standard,220,221.0,-40.323816332342155,-40.323816332342155,0
cobyla,standard,221,222.0,-40.331121036196265,-40.331121036196265,0
cobyla,standard,222,223.0,-40.331121036196265,-40.331121036196265,0
cobyla,standard,223,224.0,-40.33599367496814,-40.33599367496814,0
cobyla,standard,224,225.0,-40.33922447289022,-40.33922447289022,0
cobyla,standard,225,226.0,-40.33922447289022,-40.33922447289022,0
cobyla,standard,226,227.0,-40.33922447289022,-40.33922447289022,0
cobyla,standard,227,228.0,-40.33922447289022,-40.33922447289022,0
cobyla,standard,228,229.0,-40.33922447289022,-40.33922447289022,0
cobyla,standard,229,230.0,-40.33922447289022,-40.33922447289022,0
cobyla,standard,230,231.0,-40.33922447289022,-40.33922447289022,0
cobyla,standard,231,232.0,-40.33922447289022,-40.33922447289022,0
cobyla,standard,232,233.0,-40.33922447289022,-40.33922447289022,0
cobyla,standard,233,234.0,-40.33922447289022,-40.33922447289022,0
cobyla,standard,234,235.0,-40.33922447289022,-40.33922447289022,0
cobyla,standard,235,236.0,-40.33922447289022,-40.33922447289022,0
cobyla,standard,236,237.0,-40.45021354846056,-40.45021354846056,0
cobyla,standard,237,238.0,-40.45021354846056,-40.45021354846056,0
cobyla,standard,238,239.0,-40.45021354846056,-40.45021354846056,0
cobyla,standard,239,240.0,-40.45021354846056,-40.45021354846056,0
cobyla,standard,240,241.0,-40.49391043028466,-40.49391043028466,0
cobyla,standard,241,242.0,-40.49391043028466,-40.49391043028466,0
cobyla,standard,242,243.0,-40.49391043028466,-40.49391043028466,0
cobyla,standard,243,244.0,-40.49391043028466,-40.49391043028466,0
cobyla,standard,244,245.0,-40.49391043028466,-40.49391043028466,0
cobyla,standard,245,246.0,-40.49391043028466,-40.49391043028466,0
cobyla,standard,246,247.0,-40.49391043028466,-40.49391043028466,0
cobyla,standard,247,248.0,-40.49391043028466,-40.49391043028466,0
cobyla,standard,248,249.0,-40.49519043787837,-40.49519043787837,0
cobyla,standard,249,250.0,-40.49519043787837,-40.49519043787837,0
cobyla,standard,250,251.0,-40.49519043787837,-40.49519043787837,0
cobyla,standard,251,252.0,-40.49519043787837,-40.49519043787837,0
cobyla,standard,252,253.0,-40.49519043787837,-40.49519043787837,0
cobyla,standard,253,254.0,-40.49519043787837,-40.49519043787837,0
cobyla,standard,254,255.0,-40.49519043787837,-40.49519043787837,0
cobyla,standard,255,256.0,-40.49519043787837,-40.49519043787837,0
cobyla,standard,256,257.0,-40.49519043787837,-40.49519043787837,0
cobyla,standard,257,258.0,-40.49519043787837,-40.49519043787837,0
cobyla,standard,258,259.0,-40.49519043787837,-40.49519043787837,0
cobyla,standard,259,260.0,-40.49519043787837,-40.49519043787837,0
cobyla,standard,260,261.0,-40.49519043787837,-40.49519043787837,0
cobyla,standard,261,262.0,-40.49519043787837,-40.49519043787837,0
cobyla,standard,262,263.0,-40.49519043787837,-40.49519043787837,0
cobyla,standard,263,264.0,-40.49519043787837,-40.49519043787837,0
cobyla,standard,264,265.0,-40.49519043787837,-40.49519043787837,0
cobyla,standard,265,266.0,-40.49519043787837,-40.49519043787837,0
cobyla,standard,266,267.0,-40.49519043787837,-40.49519043787837,0
cobyla,standard,267,268.0,-40.5229146301717,-40.5229146301717,0
cobyla,standard,268,269.0,-40.5229146301717,-40.5229146301717,0
cobyla,standard,269,270.0,-40.5229146301717,-40.5229146301717,0
cobyla,standard,270,271.0,-40.546053372761044,-40.546053372761044,0
cobyla,standard,271,272.0,-40.546053372761044,-40.546053372761044,0
cobyla,standard,272,273.0,-40.55286685747967,-40.55286685747967,0
cobyla,standard,273,274.0,-40.55286685747967,-40.55286685747967,0
cobyla,standard,274,275.0,-40.55286685747967,-40.55286685747967,0
cobyla,standard,275,276.0,-40.55286685747967,-40.55286685747967,0
cobyla,standard,276,277.0,-40.55286685747967,-40.55286685747967,0
cobyla,standard,277,278.0,-40.55286685747967,-40.55286685747967,0
cobyla,standard,278,279.0,-40.55286685747967,-40.55286685747967,0
cobyla,standard,279,280.0,-40.55286685747967,-40.55286685747967,0
cobyla,standard,280,281.0,-40.55286685747967,-40.55286685747967,0
cobyla,standard,281,282.0,-40.55286685747967,-40.55286685747967,0
cobyla,standard,282,283.0,-40.55436622679629,-40.55436622679629,0
cobyla,standard,283,284.0,-40.55436622679629,-40.55436622679629,0
cobyla,standard,284,285.0,-40.55436622679629,-40.55436622679629,0
cobyla,standard,285,286.0,-40.55436622679629,-40.55436622679629,0
cobyla,standard,286,287.0,-40.55436622679629,-40.55436622679629,0
cobyla,standard,287,288.0,-40.55436622679629,-40.55436622679629,0
cobyla,standard,288,289.0,-40.55436622679629,-40.55436622679629,0
cobyla,standard,289,290.0,-40.55436622679629,-40.55436622679629,0
cobyla,standard,290,291.0,-40.55436622679629,-40.55436622679629,0
cobyla,standard,291,292.0,-40.55436622679629,-40.55436622679629,0
cobyla,standard,292,293.0,-40.619804322474955,-40.619804322474955,0
cobyla,standard,293,294.0,-40.619804322474955,-40.619804322474955,0
cobyla,standard,294,295.0,-40.619804322474955,-40.619804322474955,0
cobyla,standard,295,296.0,-40.619804322474955,-40.619804322474955,0
cobyla,standard,296,297.0,-40.619804322474955,-40.619804322474955,0
cobyla,standard,297,298.0,-40.619804322474955,-40.619804322474955,0
cobyla,standard,298,299.0,-40.619804322474955,-40.619804322474955,0
cobyla,standard,299,300.0,-40.619804322474955,-40.619804322474955,0
cobyla,standard,300,301.0,-40.62129641688433,-40.62129641688433,0
cobyla,standard,301,302.0,-40.62129641688433,-40.62129641688433,0
cobyla,standard,302,303.0,-40.62316964131539,-40.62316964131539,0
cobyla,standard,303,304.0,-40.62316964131539,-40.62316964131539,0
cobyla,standard,304,305.0,-40.62316964131539,-40.62316964131539,0
cobyla,standard,305,306.0,-40.62316964131539,-40.62316964131539,0
cobyla,standard,306,307.0,-40.62316964131539,-40.62316964131539,0
cobyla,standard,307,308.0,-40.62316964131539,-40.62316964131539,0
cobyla,standard,308,309.0,-40.64383873450171,-40.64383873450171,0
cobyla,standard,309,310.0,-40.64383873450171,-40.64383873450171,0
cobyla,standard,310,311.0,-40.68239493455643,-40.68239493455643,0
cobyla,standard,311,312.0,-40.68239493455643,-40.68239493455643,0
cobyla,standard,312,313.0,-40.83049897852075,-40.83049897852075,0
cobyla,standard,313,314.0,-40.84489767106752,-40.84489767106752,0
cobyla,standard,314,315.0,-40.84489767106752,-40.84489767106752,0
cobyla,standard,315,316.0,-40.85511340092515,-40.85511340092515,0
cobyla,standard,316,317.0,-40.85511340092515,-40.85511340092515,0
cobyla,standard,317,318.0,-40.85769401900321,-40.85769401900321,0
cobyla,standard,318,319.0,-40.85769401900321,-40.85769401900321,0
cobyla,standard,319,320.0,-40.85769401900321,-40.85769401900321,0
cobyla,standard,320,321.0,-40.85899472083837,-40.85899472083837,0
cobyla,standard,321,322.0,-40.85899472083837,-40.85899472083837,0
cobyla,standard,322,323.0,-40.85899472083837,-40.85899472083837,0
cobyla,standard,323,324.0,-40.85899472083837,-40.85899472083837,0
cobyla,standard,324,325.0,-40.8608144410615,-40.8608144410615,0
cobyla,standard,325,326.0,-40.8608144410615,-40.8608144410615,0
cobyla,standard,326,327.0,-40.861732059112995,-40.861732059112995,0
cobyla,standard,327,328.0,-40.861732059112995,-40.861732059112995,0
cobyla,standard,328,329.0,-40.861732059112995,-40.861732059112995,0
cobyla,standard,329,330.0,-40.861732059112995,-40.861732059112995,0
cobyla,standard,330,331.0,-40.861732059112995,-40.861732059112995,0
cobyla,standard,331,332.0,-40.861732059112995,-40.861732059112995,0
cobyla,standard,332,333.0,-40.861732059112995,-40.861732059112995,0
cobyla,standard,333,334.0,-40.861732059112995,-40.861732059112995,0
cobyla,standard,334,335.0,-40.861732059112995,-40.861732059112995,0
cobyla,standard,335,336.0,-40.861732059112995,-40.861732059112995,0
cobyla,standard,336,337.0,-40.861732059112995,-40.861732059112995,0
cobyla,standard,337,338.0,-40.861732059112995,-40.861732059112995,0
cobyla,standard,338,339.0,-40.861732059112995,-40.861732059112995,0
cobyla,standard,339,340.0,-40.98341264450681,-40.98341264450681,0
cobyla,standard,340,341.0,-40.98341264450681,-40.98341264450681,0
cobyla,standard,341,342.0,-41.02687424673805,-41.02687424673805,0
cobyla,standard,342,343.0,-41.02687424673805,-41.02687424673805,0
cobyla,standard,343,344.0,-41.02687424673805,-41.02687424673805,0
cobyla,standard,344,345.0,-41.04377074091195,-41.04377074091195,0
cobyla,standard,345,346.0,-41.04377074091195,-41.04377074091195,0
cobyla,standard,346,347.0,-41.04377074091195,-41.04377074091195,0
cobyla,standard,347,348.0,-41.04377074091195,-41.04377074091195,0
cobyla,standard,348,349.0,-41.074510522236125,-41.074510522236125,0
cobyla,standard,349,350.0,-41.074510522236125,-41.074510522236125,0
cobyla,standard,350,351.0,-41.074510522236125,-41.074510522236125,0
cobyla,standard,351,352.0,-41.074510522236125,-41.074510522236125,0
cobyla,standard,352,353.0,-41.074510522236125,-41.074510522236125,0
cobyla,standard,353,354.0,-41.074510522236125,-41.074510522236125,0
cobyla,standard,354,355.0,-41.074510522236125,-41.074510522236125,0
cobyla,standard,355,356.0,-41.074510522236125,-41.074510522236125,0
cobyla,standard,356,357.0,-41.074510522236125,-41.074510522236125,0
cobyla,standard,357,358.0,-41.074510522236125,-41.074510522236125,0
cobyla,standard,358,359.0,-41.074510522236125,-41.074510522236125,0
cobyla,standard,359,360.0,-41.074510522236125,-41.074510522236125,0
cobyla,standard,360,361.0,-41.074510522236125,-41.074510522236125,0
cobyla,standard,361,362.0,-41.074510522236125,-41.074510522236125,0
cobyla,standard,362,363.0,-41.074510522236125,-41.074510522236125,0
cobyla,standard,363,364.0,-41.074510522236125,-41.074510522236125,0
cobyla,standard,364,365.0,-41.074510522236125,-41.074510522236125,0
cobyla,standard,365,366.0,-41.074510522236125,-41.074510522236125,0
cobyla,standard,366,367.0,-41.074510522236125,-41.074510522236125,0
cobyla,standard,367,368.0,-41.13134360122165,-41.13134360122165,0
cobyla,standard,368,369.0,-41.13134360122165,-41.13134360122165,0
cobyla,standard,369,370.0,-41.13134360122165,-41.13134360122165,0
cobyla,standard,370,371.0,-41.13134360122165,-41.13134360122165,0
cobyla,standard,371,372.0,-41.19437622410746,-41.19437622410746,0
cobyla,standard,372,373.0,-41.19437622410746,-41.19437622410746,0
cobyla,standard,373,374.0,-41.19437622410746,-41.19437622410746,0
cobyla,standard,374,375.0,-41.19437622410746,-41.19437622410746,0
cobyla,standard,375,376.0,-41.19437622410746,-41.19437622410746,0
cobyla,standard,376,377.0,-41.19437622410746,-41.19437622410746,0
cobyla,standard,377,378.0,-41.19437622410746,-41.19437622410746,0
cobyla,standard,378,379.0,-41.19437622410746,-41.19437622410746,0
cobyla,standard,379,380.0,-41.19437622410746,-41.19437622410746,0
cobyla,standard,380,381.0,-41.22274867740751,-41.22274867740751,0
cobyla,standard,381,382.0,-41.22274867740751,-41.22274867740751,0
cobyla,standard,382,383.0,-41.23134789287001,-41.23134789287001,0
cobyla,standard,383,384.0,-41.23134789287001,-41.23134789287001,0
cobyla,standard,384,385.0,-41.23134789287001,-41.23134789287001,0
cobyla,standard,385,386.0,-41.23134789287001,-41.23134789287001,0
cobyla,standard,386,387.0,-41.23134789287001,-41.23134789287001,0
cobyla,standard,387,388.0,-41.23134789287001,-41.23134789287001,0
cobyla,standard,388,389.0,-41.23134789287001,-41.23134789287001,0
cobyla,standard,389,390.0,-41.23134789287001,-41.23134789287001,0
cobyla,standard,390,391.0,-41.23134789287001,-41.23134789287001,0
cobyla,standard,391,392.0,-41.23134789287001,-41.23134789287001,0
cobyla,standard,392,393.0,-41.24177686370026,-41.24177686370026,0
cobyla,standard,393,394.0,-41.24177686370026,-41.24177686370026,0
cobyla,standard,394,395.0,-41.26742469475262,-41.26742469475262,0
cobyla,standard,395,396.0,-41.31306719011736,-41.31306719011736,0
cobyla,standard,396,397.0,-41.31306719011736,-41.31306719011736,0
cobyla,standard,397,398.0,-41.31306719011736,-41.31306719011736,0
cobyla,standard,398,399.0,-41.31306719011736,-41.31306719011736,0
cobyla,standard,399,400.0,-41.31306719011736,-41.31306719011736,0
cobyla,standard,400,401.0,-41.31306719011736,-41.31306719011736,0
cobyla,standard,401,402.0,-41.31306719011736,-41.31306719011736,0
cobyla,standard,402,403.0,-41.31306719011736,-41.31306719011736,0
cobyla,standard,403,404.0,-41.31306719011736,-41.31306719011736,0
cobyla,standard,404,405.0,-41.35429970726549,-41.35429970726549,0
cobyla,standard,405,406.0,-41.35429970726549,-41.35429970726549,0
cobyla,standard,406,407.0,-41.35429970726549,-41.35429970726549,0
cobyla,standard,407,408.0,-41.35429970726549,-41.35429970726549,0
cobyla,standard,408,409.0,-41.35429970726549,-41.35429970726549,0
cobyla,standard,409,410.0,-41.35429970726549,-41.35429970726549,0
cobyla,standard,410,411.0,-41.36858094858682,-41.36858094858682,0
cobyla,standard,411,412.0,-41.41055154478411,-41.41055154478411,0
cobyla,standard,412,413.0,-41.45194955813956,-41.45194955813956,0
cobyla,standard,413,414.0,-41.45194955813956,-41.45194955813956,0
cobyla,standard,414,415.0,-41.45194955813956,-41.45194955813956,0
cobyla,standard,415,416.0,-41.45194955813956,-41.45194955813956,0
cobyla,standard,416,417.0,-41.45194955813956,-41.45194955813956,0
cobyla,standard,417,418.0,-41.45194955813956,-41.45194955813956,0
cobyla,standard,418,419.0,-41.45194955813956,-41.45194955813956,0
cobyla,standard,419,420.0,-41.65437450026916,-41.65437450026916,0
cobyla,standard,420,421.0,-41.69917738979388,-41.69917738979388,0
cobyla,standard,421,422.0,-41.72151426904467,-41.72151426904467,0
cobyla,standard,422,423.0,-41.746880145052444,-41.746880145052444,0
cobyla,standard,423,424.0,-41.746880145052444,-41.746880145052444,0
cobyla,standard,424,425.0,-41.746880145052444,-41.746880145052444,0
cobyla,standard,425,426.0,-41.746880145052444,-41.746880145052444,0
cobyla,standard,426,427.0,-41.75937130397143,-41.75937130397143,0
cobyla,standard,427,428.0,-41.75937130397143,-41.75937130397143,0
cobyla,standard,428,429.0,-41.75937130397143,-41.75937130397143,0
cobyla,standard,429,430.0,-41.75937130397143,-41.75937130397143,0
cobyla,standard,430,431.0,-41.75937130397143,-41.75937130397143,0
cobyla,standard,431,432.0,-41.75937130397143,-41.75937130397143,0
cobyla,standard,432,433.0,-41.75937130397143,-41.75937130397143,0
cobyla,standard,433,434.0,-41.75937130397143,-41.75937130397143,0
cobyla,standard,434,435.0,-41.75937130397143,-41.75937130397143,0
cobyla,standard,435,436.0,-41.75937130397143,-41.75937130397143,0
cobyla,standard,436,437.0,-41.76341297271584,-41.76341297271584,0
cobyla,standard,437,438.0,-41.76341297271584,-41.76341297271584,0
cobyla,standard,438,439.0,-41.76341297271584,-41.76341297271584,0
cobyla,standard,439,440.0,-41.76341297271584,-41.76341297271584,0
cobyla,standard,440,441.0,-41.76341297271584,-41.76341297271584,0
cobyla,standard,441,442.0,-41.76681985297277,-41.76681985297277,0
cobyla,standard,442,443.0,-41.76681985297277,-41.76681985297277,0
cobyla,standard,443,444.0,-41.76681985297277,-41.76681985297277,0
cobyla,standard,444,445.0,-41.76681985297277,-41.76681985297277,0
cobyla,standard,445,446.0,-42.556825901586116,-42.556825901586116,0
cobyla,standard,446,447.0,-42.556825901586116,-42.556825901586116,0
cobyla,standard,447,448.0,-42.556825901586116,-42.556825901586116,0
cobyla,standard,448,449.0,-42.556825901586116,-42.556825901586116,0
cobyla,standard,449,450.0,-42.556825901586116,-42.556825901586116,0
cobyla,standard,450,451.0,-42.556825901586116,-42.556825901586116,0
cobyla,standard,451,452.0,-42.556825901586116,-42.556825901586116,0
cobyla,standard,452,453.0,-42.556825901586116,-42.556825901586116,0
cobyla,standard,453,454.0,-42.556825901586116,-42.556825901586116,0
cobyla,standard,454,455.0,-42.556825901586116,-42.556825901586116,0
cobyla,standard,455,456.0,-42.556825901586116,-42.556825901586116,0
cobyla,standard,456,457.0,-42.556825901586116,-42.556825901586116,0
cobyla,standard,457,458.0,-42.556825901586116,-42.556825901586116,0
cobyla,standard,458,459.0,-42.556825901586116,-42.556825901586116,0
cobyla,standard,459,460.0,-42.556825901586116,-42.556825901586116,0
cobyla,standard,460,461.0,-42.556825901586116,-42.556825901586116,0
cobyla,standard,461,462.0,-42.556825901586116,-42.556825901586116,0
cobyla,standard,462,463.0,-42.556825901586116,-42.556825901586116,0
cobyla,standard,463,464.0,-42.556825901586116,-42.556825901586116,0
cobyla,standard,464,465.0,-42.556825901586116,-42.556825901586116,0
cobyla,standard,465,466.0,-42.57188513884314,-42.57188513884314,0
cobyla,standard,466,467.0,-42.57188513884314,-42.57188513884314,0
cobyla,standard,467,468.0,-42.57188513884314,-42.57188513884314,0
cobyla,standard,468,469.0,-42.57188513884314,-42.57188513884314,0
cobyla,standard,469,470.0,-42.57188513884314,-42.57188513884314,0
cobyla,standard,470,471.0,-42.57188513884314,-42.57188513884314,0
cobyla,standard,471,472.0,-42.5835061363685,-42.5835061363685,0
cobyla,standard,472,473.0,-42.5835061363685,-42.5835061363685,0
cobyla,standard,473,474.0,-42.5835061363685,-42.5835061363685,0
cobyla,standard,474,475.0,-42.58588224967759,-42.58588224967759,0
cobyla,standard,475,476.0,-42.58588224967759,-42.58588224967759,0
cobyla,standard,476,477.0,-42.58689548392259,-42.58689548392259,0
cobyla,standard,477,478.0,-42.58689548392259,-42.58689548392259,0
cobyla,standard,478,479.0,-42.58689548392259,-42.58689548392259,0
cobyla,standard,479,480.0,-42.58689548392259,-42.58689548392259,0
cobyla,standard,480,481.0,-42.588311551387,-42.588311551387,0
cobyla,standard,481,482.0,-42.588311551387,-42.588311551387,0
cobyla,standard,482,483.0,-42.588311551387,-42.588311551387,0
cobyla,standard,483,484.0,-42.588311551387,-42.588311551387,0
cobyla,standard,484,485.0,-42.588311551387,-42.588311551387,0
cobyla,standard,485,486.0,-42.588311551387,-42.588311551387,0
cobyla,standard,486,487.0,-42.588311551387,-42.588311551387,0
cobyla,standard,487,488.0,-42.588311551387,-42.588311551387,0
cobyla,standard,488,489.0,-42.588311551387,-42.588311551387,0
cobyla,standard,489,490.0,-42.588311551387,-42.588311551387,0
cobyla,standard,490,491.0,-42.588330617737434,-42.588330617737434,0
cobyla,standard,491,492.0,-42.588330617737434,-42.588330617737434,0
cobyla,standard,492,493.0,-42.619297214689155,-42.619297214689155,0
cobyla,standard,493,494.0,-42.619297214689155,-42.619297214689155,0
cobyla,standard,494,495.0,-42.619297214689155,-42.619297214689155,0
cobyla,standard,495,496.0,-42.619297214689155,-42.619297214689155,0
cobyla,standard,496,497.0,-42.619297214689155,-42.619297214689155,0
cobyla,standard,497,498.0,-42.619297214689155,-42.619297214689155,0
cobyla,standard,498,499.0,-42.653993008070834,-42.653993008070834,0
cobyla,standard,499,500.0,-42.653993008070834,-42.653993008070834,0
cobyla,standard,500,501.0,-42.6572748259327,-42.6572748259327,0
cobyla,standard,501,502.0,-42.6572748259327,-42.6572748259327,0
cobyla,standard,502,503.0,-42.6572748259327,-42.6572748259327,0
cobyla,standard,503,504.0,-42.6572748259327,-42.6572748259327,0
cobyla,standard,504,505.0,-42.6572748259327,-42.6572748259327,0
cobyla,standard,505,506.0,-42.6572748259327,-42.6572748259327,0
cobyla,standard,506,507.0,-42.6572748259327,-42.6572748259327,0
cobyla,standard,507,508.0,-42.6572748259327,-42.6572748259327,0
cobyla,standard,508,509.0,-42.6572748259327,-42.6572748259327,0
cobyla,standard,509,510.0,-42.6572748259327,-42.6572748259327,0
cobyla,standard,510,511.0,-42.6572748259327,-42.6572748259327,0
cobyla,standard,511,512.0,-42.6572748259327,-42.6572748259327,0
cobyla,standard,512,513.0,-42.6572748259327,-42.6572748259327,0
cobyla,standard,513,514.0,-42.758599846628584,-42.758599846628584,0
cobyla,standard,514,515.0,-42.758599846628584,-42.758599846628584,0
cobyla,standard,515,516.0,-42.758599846628584,-42.758599846628584,0
cobyla,standard,516,517.0,-42.758599846628584,-42.758599846628584,0
cobyla,standard,517,518.0,-42.758599846628584,-42.758599846628584,0
cobyla,standard,518,519.0,-42.758599846628584,-42.758599846628584,0
cobyla,standard,519,520.0,-42.758599846628584,-42.758599846628584,0
cobyla,standard,520,521.0,-42.758599846628584,-42.758599846628584,0
cobyla,standard,521,522.0,-42.758599846628584,-42.758599846628584,0
cobyla,standard,522,523.0,-42.758599846628584,-42.758599846628584,0
cobyla,standard,523,524.0,-42.758599846628584,-42.758599846628584,0
cobyla,standard,524,525.0,-42.758599846628584,-42.758599846628584,0
cobyla,standard,525,526.0,-42.758599846628584,-42.758599846628584,0
cobyla,standard,526,527.0,-42.758599846628584,-42.758599846628584,0
cobyla,standard,527,528.0,-42.758599846628584,-42.758599846628584,0
cobyla,standard,528,529.0,-42.758599846628584,-42.758599846628584,0
cobyla,standard,529,530.0,-42.758599846628584,-42.758599846628584,0
cobyla,standard,530,531.0,-42.78818749572055,-42.78818749572055,0
cobyla,standard,531,532.0,-42.78818749572055,-42.78818749572055,0
cobyla,standard,532,533.0,-42.78818749572055,-42.78818749572055,0
cobyla,standard,533,534.0,-42.78818749572055,-42.78818749572055,0
cobyla,standard,534,535.0,-42.78818749572055,-42.78818749572055,0
cobyla,standard,535,536.0,-42.78818749572055,-42.78818749572055,0
cobyla,standard,536,537.0,-42.78818749572055,-42.78818749572055,0
cobyla,standard,537,538.0,-42.78818749572055,-42.78818749572055,0
cobyla,standard,538,539.0,-42.78818749572055,-42.78818749572055,0
cobyla,standard,539,540.0,-42.78818749572055,-42.78818749572055,0
cobyla,standard,540,541.0,-42.78818749572055,-42.78818749572055,0
cobyla,standard,541,542.0,-42.78818749572055,-42.78818749572055,0
cobyla,standard,542,543.0,-42.78818749572055,-42.78818749572055,0
cobyla,standard,543,544.0,-42.78818749572055,-42.78818749572055,0
cobyla,standard,544,545.0,-42.78818749572055,-42.78818749572055,0
cobyla,standard,545,546.0,-42.78818749572055,-42.78818749572055,0
cobyla,standard,546,547.0,-42.882115241876214,-42.882115241876214,0
cobyla,standard,547,548.0,-42.882115241876214,-42.882115241876214,0
cobyla,standard,548,549.0,-42.924865070461706,-42.924865070461706,0
cobyla,standard,549,550.0,-42.924865070461706,-42.924865070461706,0
cobyla,standard,550,551.0,-42.927899546436485,-42.927899546436485,0
cobyla,standard,551,552.0,-42.927899546436485,-42.927899546436485,0
cobyla,standard,552,553.0,-42.93688221632455,-42.93688221632455,0
cobyla,standard,553,554.0,-42.93688221632455,-42.93688221632455,0
cobyla,standard,554,555.0,-42.93688221632455,-42.93688221632455,0
cobyla,standard,555,556.0,-42.93688221632455,-42.93688221632455,0
cobyla,standard,556,557.0,-42.93688221632455,-42.93688221632455,0
cobyla,standard,557,558.0,-42.93688221632455,-42.93688221632455,0
cobyla,standard,558,559.0,-42.93688221632455,-42.93688221632455,0
cobyla,standard,559,560.0,-42.97782982195899,-42.97782982195899,0
cobyla,standard,560,561.0,-42.97782982195899,-42.97782982195899,0
cobyla,standard,561,562.0,-42.97782982195899,-42.97782982195899,0
cobyla,standard,562,563.0,-42.97782982195899,-42.97782982195899,0
cobyla,standard,563,564.0,-42.97782982195899,-42.97782982195899,0
cobyla,standard,564,565.0,-43.03755505478762,-43.03755505478762,0
cobyla,standard,565,566.0,-43.03755505478762,-43.03755505478762,0
cobyla,standard,566,567.0,-43.03755505478762,-43.03755505478762,0
cobyla,standard,567,568.0,-43.03755505478762,-43.03755505478762,0
cobyla,standard,568,569.0,-43.04799017991626,-43.04799017991626,0
cobyla,standard,569,570.0,-43.04799017991626,-43.04799017991626,0
cobyla,standard,570,571.0,-43.04799017991626,-43.04799017991626,0
cobyla,standard,571,572.0,-43.04799017991626,-43.04799017991626,0
cobyla,standard,572,573.0,-43.04799017991626,-43.04799017991626,0
cobyla,standard,573,574.0,-43.04799017991626,-43.04799017991626,0
cobyla,standard,574,575.0,-43.04799017991626,-43.04799017991626,0
cobyla,standard,575,576.0,-43.04799017991626,-43.04799017991626,0
cobyla,standard,576,577.0,-43.04799017991626,-43.04799017991626,0
cobyla,standard,577,578.0,-43.04799017991626,-43.04799017991626,0
cobyla,standard,578,579.0,-43.06553338318354,-43.06553338318354,0
cobyla,standard,579,580.0,-43.06553338318354,-43.06553338318354,0
cobyla,standard,580,581.0,-43.06553338318354,-43.06553338318354,0
cobyla,standard,581,582.0,-43.06553338318354,-43.06553338318354,0
cobyla,standard,582,583.0,-43.06553338318354,-43.06553338318354,0
cobyla,standard,583,584.0,-43.06553338318354,-43.06553338318354,0
cobyla,standard,584,585.0,-43.06553338318354,-43.06553338318354,0
cobyla,standard,585,586.0,-43.06553338318354,-43.06553338318354,0
cobyla,standard,586,587.0,-43.06553338318354,-43.06553338318354,0
cobyla,standard,587,588.0,-43.06553338318354,-43.06553338318354,0
cobyla,standard,588,589.0,-43.06553338318354,-43.06553338318354,0
cobyla,standard,589,590.0,-43.06553338318354,-43.06553338318354,0
cobyla,standard,590,591.0,-43.06553338318354,-43.06553338318354,0
cobyla,standard,591,592.0,-43.06553338318354,-43.06553338318354,0
cobyla,standard,592,593.0,-43.06553338318354,-43.06553338318354,0
cobyla,standard,593,594.0,-43.06553338318354,-43.06553338318354,0
cobyla,standard,594,595.0,-43.06553338318354,-43.06553338318354,0
cobyla,standard,595,596.0,-43.06553338318354,-43.06553338318354,0
cobyla,standard,596,597.0,-43.07442921074792,-43.07442921074792,0
cobyla,standard,597,598.0,-43.07442921074792,-43.07442921074792,0
cobyla,standard,598,599.0,-43.075038473705035,-43.075038473705035,0
cobyla,standard,599,600.0,-43.075038473705035,-43.075038473705035,0
cobyla,standard,600,601.0,-43.075038473705035,-43.075038473705035,0
cobyla,standard,601,602.0,-43.075038473705035,-43.075038473705035,0
cobyla,standard,602,603.0,-43.075038473705035,-43.075038473705035,0
cobyla,standard,603,604.0,-43.075038473705035,-43.075038473705035,0
cobyla,standard,604,605.0,-43.07817887915661,-43.07817887915661,0
cobyla,standard,605,606.0,-43.07817887915661,-43.07817887915661,0
cobyla,standard,606,607.0,-43.07817887915661,-43.07817887915661,0
cobyla,standard,607,608.0,-43.07817887915661,-43.07817887915661,0
cobyla,standard,608,609.0,-43.07817887915661,-43.07817887915661,0
cobyla,standard,609,610.0,-43.07817887915661,-43.07817887915661,0
cobyla,standard,610,611.0,-43.07817887915661,-43.07817887915661,0
cobyla,standard,611,612.0,-43.07817887915661,-43.07817887915661,0
cobyla,standard,612,613.0,-43.149585413276235,-43.149585413276235,0
cobyla,standard,613,614.0,-43.149585413276235,-43.149585413276235,0
cobyla,standard,614,615.0,-43.149585413276235,-43.149585413276235,0
cobyla,standard,615,616.0,-43.149585413276235,-43.149585413276235,0
cobyla,standard,616,617.0,-43.149585413276235,-43.149585413276235,0
cobyla,standard,617,618.0,-43.149585413276235,-43.149585413276235,0
cobyla,standard,618,619.0,-43.174575046379125,-43.174575046379125,0
cobyla,standard,619,620.0,-43.174575046379125,-43.174575046379125,0
cobyla,standard,620,621.0,-43.2049696583365,-43.2049696583365,0
cobyla,standard,621,622.0,-43.2049696583365,-43.2049696583365,0
cobyla,standard,622,623.0,-43.2049696583365,-43.2049696583365,0
cobyla,standard,623,624.0,-43.2049696583365,-43.2049696583365,0
cobyla,standard,624,625.0,-43.2049696583365,-43.2049696583365,0
cobyla,standard,625,626.0,-43.2049696583365,-43.2049696583365,0
cobyla,standard,626,627.0,-43.2049696583365,-43.2049696583365,0
cobyla,standard,627,628.0,-43.2049696583365,-43.2049696583365,0
cobyla,standard,628,629.0,-43.2049696583365,-43.2049696583365,0
cobyla,standard,629,630.0,-43.2049696583365,-43.2049696583365,0
cobyla,standard,630,631.0,-43.212748902720165,-43.212748902720165,0
cobyla,standard,631,632.0,-43.22172273515113,-43.22172273515113,0
cobyla,standard,632,633.0,-43.22172273515113,-43.22172273515113,0
cobyla,standard,633,634.0,-43.22487561288465,-43.22487561288465,0
cobyla,standard,634,635.0,-43.22487561288465,-43.22487561288465,0
cobyla,standard,635,636.0,-43.22487561288465,-43.22487561288465,0
cobyla,standard,636,637.0,-43.22487561288465,-43.22487561288465,0
cobyla,standard,637,638.0,-43.22487561288465,-43.22487561288465,0
cobyla,standard,638,639.0,-43.22487561288465,-43.22487561288465,0
cobyla,standard,639,640.0,-43.22487561288465,-43.22487561288465,0
cobyla,standard,640,641.0,-43.22487561288465,-43.22487561288465,0
cobyla,standard,641,642.0,-43.22487561288465,-43.22487561288465,0
cobyla,standard,642,643.0,-43.228833690403704,-43.228833690403704,0
cobyla,standard,643,644.0,-43.228833690403704,-43.228833690403704,0
cobyla,standard,644,645.0,-43.231340722756514,-43.231340722756514,0
cobyla,standard,645,646.0,-43.231340722756514,-43.231340722756514,0
cobyla,standard,646,647.0,-43.231340722756514,-43.231340722756514,0
cobyla,standard,647,648.0,-43.231340722756514,-43.231340722756514,0
cobyla,standard,648,649.0,-43.231340722756514,-43.231340722756514,0
cobyla,standard,649,650.0,-43.231340722756514,-43.231340722756514,0
cobyla,standard,650,651.0,-43.231340722756514,-43.231340722756514,0
cobyla,standard,651,652.0,-43.231340722756514,-43.231340722756514,0
cobyla,standard,652,653.0,-43.231340722756514,-43.231340722756514,0
cobyla,standard,653,654.0,-43.231340722756514,-43.231340722756514,0
cobyla,standard,654,655.0,-43.23922911321707,-43.23922911321707,0
cobyla,standard,655,656.0,-43.23922911321707,-43.23922911321707,0
cobyla,standard,656,657.0,-43.23922911321707,-43.23922911321707,0
cobyla,standard,657,658.0,-43.23922911321707,-43.23922911321707,0
cobyla,standard,658,659.0,-43.23922911321707,-43.23922911321707,0
cobyla,standard,659,660.0,-43.23922911321707,-43.23922911321707,0
cobyla,standard,660,661.0,-43.23922911321707,-43.23922911321707,0
cobyla,standard,661,662.0,-43.23922911321707,-43.23922911321707,0
cobyla,standard,662,663.0,-43.241730551505555,-43.241730551505555,0
cobyla,standard,663,664.0,-43.241730551505555,-43.241730551505555,0
cobyla,standard,664,665.0,-43.24257235572146,-43.24257235572146,0
cobyla,standard,665,666.0,-43.24257235572146,-43.24257235572146,0
cobyla,standard,666,667.0,-43.24257235572146,-43.24257235572146,0
cobyla,standard,667,668.0,-43.24257235572146,-43.24257235572146,0
cobyla,standard,668,669.0,-43.24257235572146,-43.24257235572146,0
cobyla,standard,669,670.0,-43.24257235572146,-43.24257235572146,0
cobyla,standard,670,671.0,-43.24257235572146,-43.24257235572146,0
cobyla,standard,671,672.0,-43.24257235572146,-43.24257235572146,0
cobyla,standard,672,673.0,-43.24328273612231,-43.24328273612231,0
cobyla,standard,673,674.0,-43.24328273612231,-43.24328273612231,0
cobyla,standard,674,675.0,-43.24508564255161,-43.24508564255161,0
cobyla,standard,675,676.0,-43.24508564255161,-43.24508564255161,0
cobyla,standard,676,677.0,-43.246779990126115,-43.246779990126115,0
cobyla,standard,677,678.0,-43.246779990126115,-43.246779990126115,0
cobyla,standard,678,679.0,-43.246779990126115,-43.246779990126115,0
cobyla,standard,679,680.0,-43.246779990126115,-43.246779990126115,0
cobyla,standard,680,681.0,-43.246779990126115,-43.246779990126115,0
cobyla,standard,681,682.0,-43.246779990126115,-43.246779990126115,0
cobyla,standard,682,683.0,-43.246779990126115,-43.246779990126115,0
cobyla,standard,683,684.0,-43.246779990126115,-43.246779990126115,0
cobyla,standard,684,685.0,-43.246779990126115,-43.246779990126115,0
cobyla,standard,685,686.0,-43.246779990126115,-43.246779990126115,0
cobyla,standard,686,687.0,-43.31916436649714,-43.31916436649714,0
cobyla,standard,687,688.0,-43.31916436649714,-43.31916436649714,0
cobyla,standard,688,689.0,-43.31916436649714,-43.31916436649714,0
cobyla,standard,689,690.0,-43.31916436649714,-43.31916436649714,0
cobyla,standard,690,691.0,-43.31916436649714,-43.31916436649714,0
cobyla,standard,691,692.0,-43.31916436649714,-43.31916436649714,0
cobyla,standard,692,693.0,-43.31916436649714,-43.31916436649714,0
cobyla,standard,693,694.0,-43.31916436649714,-43.31916436649714,0
cobyla,standard,694,695.0,-43.31916436649714,-43.31916436649714,0
cobyla,standard,695,696.0,-43.31916436649714,-43.31916436649714,0
cobyla,standard,696,697.0,-43.31916436649714,-43.31916436649714,0
cobyla,standard,697,698.0,-43.31916436649714,-43.31916436649714,0
cobyla,standard,698,699.0,-43.31916436649714,-43.31916436649714,0
cobyla,standard,699,700.0,-43.31916436649714,-43.31916436649714,0
cobyla,standard,700,701.0,-43.31916436649714,-43.31916436649714,0
cobyla,standard,701,702.0,-43.31916436649714,-43.31916436649714,0
cobyla,standard,702,703.0,-43.31916436649714,-43.31916436649714,0
cobyla,standard,703,704.0,-43.31916436649714,-43.31916436649714,0
cobyla,standard,704,705.0,-43.31916436649714,-43.31916436649714,0
cobyla,standard,705,706.0,-43.31916436649714,-43.31916436649714,0
cobyla,standard,706,707.0,-43.31916436649714,-43.31916436649714,0
cobyla,standard,707,708.0,-43.31916436649714,-43.31916436649714,0
cobyla,standard,708,709.0,-43.338934249395415,-43.338934249395415,0
cobyla,standard,709,710.0,-43.338934249395415,-43.338934249395415,0
cobyla,standard,710,711.0,-43.338934249395415,-43.338934249395415,0
cobyla,standard,711,712.0,-43.338934249395415,-43.338934249395415,0
cobyla,standard,712,713.0,-43.338934249395415,-43.338934249395415,0
cobyla,standard,713,714.0,-43.338934249395415,-43.338934249395415,0
cobyla,standard,714,715.0,-43.338934249395415,-43.338934249395415,0
cobyla,standard,715,716.0,-43.338934249395415,-43.338934249395415,0
cobyla,standard,716,717.0,-43.338934249395415,-43.338934249395415,0
cobyla,standard,717,718.0,-43.338934249395415,-43.338934249395415,0
cobyla,standard,718,719.0,-43.338934249395415,-43.338934249395415,0
cobyla,standard,719,720.0,-43.338934249395415,-43.338934249395415,0
cobyla,standard,720,721.0,-43.34034812795475,-43.34034812795475,0
cobyla,standard,721,722.0,-43.34034812795475,-43.34034812795475,0
cobyla,standard,722,723.0,-43.34034812795475,-43.34034812795475,0
cobyla,standard,723,724.0,-43.34034812795475,-43.34034812795475,0
cobyla,standard,724,725.0,-43.34034812795475,-43.34034812795475,0
cobyla,standard,725,726.0,-43.34034812795475,-43.34034812795475,0
cobyla,standard,726,727.0,-43.34034812795475,-43.34034812795475,0
cobyla,standard,727,728.0,-43.34034812795475,-43.34034812795475,0
cobyla,standard,728,729.0,-43.34034812795475,-43.34034812795475,0
cobyla,standard,729,730.0,-43.34034812795475,-43.34034812795475,0
cobyla,standard,730,731.0,-43.34034812795475,-43.34034812795475,0
cobyla,standard,731,732.0,-43.34034812795475,-43.34034812795475,0
cobyla,standard,732,733.0,-43.34034812795475,-43.34034812795475,0
cobyla,standard,733,734.0,-43.34034812795475,-43.34034812795475,0
cobyla,standard,734,735.0,-43.34034812795475,-43.34034812795475,0
cobyla,standard,735,736.0,-43.34034812795475,-43.34034812795475,0
cobyla,standard,736,737.0,-43.34034812795475,-43.34034812795475,0
cobyla,standard,737,738.0,-43.34034812795475,-43.34034812795475,0
cobyla,standard,738,739.0,-43.34034812795475,-43.34034812795475,0
cobyla,standard,739,740.0,-43.34034812795475,-43.34034812795475,0
cobyla,standard,740,741.0,-43.35056595701853,-43.35056595701853,0
cobyla,standard,741,742.0,-43.35056595701853,-43.35056595701853,0
cobyla,standard,742,743.0,-43.36178717862912,-43.36178717862912,0
cobyla,standard,743,744.0,-43.36178717862912,-43.36178717862912,0
cobyla,standard,744,745.0,-43.36178717862912,-43.36178717862912,0
cobyla,standard,745,746.0,-43.36178717862912,-43.36178717862912,0
cobyla,standard,746,747.0,-43.47567929528163,-43.47567929528163,0
cobyla,standard,747,748.0,-43.47567929528163,-43.47567929528163,0
cobyla,standard,748,749.0,-43.47567929528163,-43.47567929528163,0
cobyla,standard,749,750.0,-43.47567929528163,-43.47567929528163,0
cobyla,standard,750,751.0,-43.47567929528163,-43.47567929528163,0
cobyla,standard,751,752.0,-43.47567929528163,-43.47567929528163,0
cobyla,standard,752,753.0,-43.47567929528163,-43.47567929528163,0
cobyla,standard,753,754.0,-43.47567929528163,-43.47567929528163,0
cobyla,standard,754,755.0,-43.47567929528163,-43.47567929528163,0
cobyla,standard,755,756.0,-43.47567929528163,-43.47567929528163,0
cobyla,standard,756,757.0,-43.49668254054508,-43.49668254054508,0
cobyla,standard,757,758.0,-43.49668254054508,-43.49668254054508,0
cobyla,standard,758,759.0,-43.49668254054508,-43.49668254054508,0
cobyla,standard,759,760.0,-43.49668254054508,-43.49668254054508,0
cobyla,standard,760,761.0,-43.53914585316887,-43.53914585316887,0
cobyla,standard,761,762.0,-43.53914585316887,-43.53914585316887,0
cobyla,standard,762,763.0,-43.56764360129419,-43.56764360129419,0
cobyla,standard,763,764.0,-43.56764360129419,-43.56764360129419,0
cobyla,standard,764,765.0,-43.56764360129419,-43.56764360129419,0
cobyla,standard,765,766.0,-43.56764360129419,-43.56764360129419,0
cobyla,standard,766,767.0,-43.56764360129419,-43.56764360129419,0
cobyla,standard,767,768.0,-43.56764360129419,-43.56764360129419,0
cobyla,standard,768,769.0,-43.56764360129419,-43.56764360129419,0
cobyla,standard,769,770.0,-43.56764360129419,-43.56764360129419,0
cobyla,standard,770,771.0,-43.56764360129419,-43.56764360129419,0
cobyla,standard,771,772.0,-43.56764360129419,-43.56764360129419,0
cobyla,standard,772,773.0,-43.56764360129419,-43.56764360129419,0
cobyla,standard,773,774.0,-43.56764360129419,-43.56764360129419,0
cobyla,standard,774,775.0,-43.586691536335366,-43.586691536335366,0
cobyla,standard,775,776.0,-43.586691536335366,-43.586691536335366,0
cobyla,standard,776,777.0,-43.586691536335366,-43.586691536335366,0
cobyla,standard,777,778.0,-43.586691536335366,-43.586691536335366,0
cobyla,standard,778,779.0,-43.586691536335366,-43.586691536335366,0
cobyla,standard,779,780.0,-43.586691536335366,-43.586691536335366,0
cobyla,standard,780,781.0,-43.586691536335366,-43.586691536335366,0
cobyla,standard,781,782.0,-43.586691536335366,-43.586691536335366,0
cobyla,standard,782,783.0,-43.59072183887919,-43.59072183887919,0
cobyla,standard,783,784.0,-43.59072183887919,-43.59072183887919,0
cobyla,standard,784,785.0,-43.59072183887919,-43.59072183887919,0
cobyla,standard,785,786.0,-43.59072183887919,-43.59072183887919,0
cobyla,standard,786,787.0,-43.595219155467795,-43.595219155467795,0
cobyla,standard,787,788.0,-43.595219155467795,-43.595219155467795,0
cobyla,standard,788,789.0,-43.595219155467795,-43.595219155467795,0
cobyla,standard,789,790.0,-43.595219155467795,-43.595219155467795,0
cobyla,standard,790,791.0,-43.595219155467795,-43.595219155467795,0
cobyla,standard,791,792.0,-43.595219155467795,-43.595219155467795,0
cobyla,standard,792,793.0,-43.595219155467795,-43.595219155467795,0
cobyla,standard,793,794.0,-43.595219155467795,-43.595219155467795,0
cobyla,standard,794,795.0,-43.59759790990057,-43.59759790990057,0
cobyla,standard,795,796.0,-43.59759790990057,-43.59759790990057,0
cobyla,standard,796,797.0,-43.60053110412378,-43.60053110412378,0
cobyla,standard,797,798.0,-43.60053110412378,-43.60053110412378,0
cobyla,standard,798,799.0,-43.60053110412378,-43.60053110412378,0
cobyla,standard,799,800.0,-43.60053110412378,-43.60053110412378,0
cobyla,standard,800,801.0,-43.60324079853484,-43.60324079853484,0
cobyla,standard,801,802.0,-43.60324079853484,-43.60324079853484,0
cobyla,standard,802,803.0,-43.60324079853484,-43.60324079853484,0
cobyla,standard,803,804.0,-43.60324079853484,-43.60324079853484,0
cobyla,standard,804,805.0,-43.61127391488008,-43.61127391488008,0
cobyla,standard,805,806.0,-43.61127391488008,-43.61127391488008,0
cobyla,standard,806,807.0,-43.61127391488008,-43.61127391488008,0
cobyla,standard,807,808.0,-43.61127391488008,-43.61127391488008,0
cobyla,standard,808,809.0,-43.61689852905255,-43.61689852905255,0
cobyla,standard,809,810.0,-43.61689852905255,-43.61689852905255,0
cobyla,standard,810,811.0,-43.61689852905255,-43.61689852905255,0
cobyla,standard,811,812.0,-43.61689852905255,-43.61689852905255,0
cobyla,standard,812,813.0,-43.61689852905255,-43.61689852905255,0
cobyla,standard,813,814.0,-43.61689852905255,-43.61689852905255,0
cobyla,standard,814,815.0,-43.61689852905255,-43.61689852905255,0
cobyla,standard,815,816.0,-43.61689852905255,-43.61689852905255,0
cobyla,standard,816,817.0,-43.62603239767224,-43.62603239767224,0
cobyla,standard,817,818.0,-43.62603239767224,-43.62603239767224,0
cobyla,standard,818,819.0,-43.62603239767224,-43.62603239767224,0
cobyla,standard,819,820.0,-43.62603239767224,-43.62603239767224,0
cobyla,standard,820,821.0,-43.62603239767224,-43.62603239767224,0
cobyla,standard,821,822.0,-43.62603239767224,-43.62603239767224,0
cobyla,standard,822,823.0,-43.62603239767224,-43.62603239767224,0
cobyla,standard,823,824.0,-43.62603239767224,-43.62603239767224,0
cobyla,standard,824,825.0,-43.62685085078571,-43.62685085078571,0
cobyla,standard,825,826.0,-43.62685085078571,-43.62685085078571,0
cobyla,standard,826,827.0,-43.63781103763788,-43.63781103763788,0
cobyla,standard,827,828.0,-43.63781103763788,-43.63781103763788,0
cobyla,standard,828,829.0,-43.63868910286238,-43.63868910286238,0
cobyla,standard,829,830.0,-43.63868910286238,-43.63868910286238,0
cobyla,standard,830,831.0,-43.639248596171754,-43.639248596171754,0
cobyla,standard,831,832.0,-43.639248596171754,-43.639248596171754,0
cobyla,standard,832,833.0,-43.643015604549504,-43.643015604549504,0
cobyla,standard,833,834.0,-43.643015604549504,-43.643015604549504,0
cobyla,standard,834,835.0,-43.64562155451893,-43.64562155451893,0
cobyla,standard,835,836.0,-43.64562155451893,-43.64562155451893,0
cobyla,standard,836,837.0,-43.6463765910943,-43.6463765910943,0
cobyla,standard,837,838.0,-43.6463765910943,-43.6463765910943,0
cobyla,standard,838,839.0,-43.6463765910943,-43.6463765910943,0
cobyla,standard,839,840.0,-43.6463765910943,-43.6463765910943,0
cobyla,standard,840,841.0,-43.65616467239818,-43.65616467239818,0
cobyla,standard,841,842.0,-43.65616467239818,-43.65616467239818,0
cobyla,standard,842,843.0,-43.65616467239818,-43.65616467239818,0
cobyla,standard,843,844.0,-43.65616467239818,-43.65616467239818,0
cobyla,standard,844,845.0,-43.65616467239818,-43.65616467239818,0
cobyla,standard,845,846.0,-43.65616467239818,-43.65616467239818,0
cobyla,standard,846,847.0,-43.65616467239818,-43.65616467239818,0
cobyla,standard,847,848.0,-43.65616467239818,-43.65616467239818,0
cobyla,standard,848,849.0,-43.65616467239818,-43.65616467239818,0
cobyla,standard,849,850.0,-43.65616467239818,-43.65616467239818,0
cobyla,standard,850,851.0,-43.65616467239818,-43.65616467239818,0
cobyla,standard,851,852.0,-43.65616467239818,-43.65616467239818,0
cobyla,standard,852,853.0,-43.65616467239818,-43.65616467239818,0
cobyla,standard,853,854.0,-43.65616467239818,-43.65616467239818,0
cobyla,standard,854,855.0,-43.666284409918845,-43.666284409918845,0
cobyla,standard,855,856.0,-43.666284409918845,-43.666284409918845,0
cobyla,standard,856,857.0,-43.666284409918845,-43.666284409918845,0
cobyla,standard,857,858.0,-43.666284409918845,-43.666284409918845,0
cobyla,standard,858,859.0,-43.666284409918845,-43.666284409918845,0
cobyla,standard,859,860.0,-43.666284409918845,-43.666284409918845,0
cobyla,standard,860,861.0,-43.666284409918845,-43.666284409918845,0
cobyla,standard,861,862.0,-43.666284409918845,-43.666284409918845,0
cobyla,standard,862,863.0,-43.666284409918845,-43.666284409918845,0
cobyla,standard,863,864.0,-43.666284409918845,-43.666284409918845,0
cobyla,standard,864,865.0,-43.666284409918845,-43.666284409918845,0
cobyla,standard,865,866.0,-43.666284409918845,-43.666284409918845,0
cobyla,standard,866,867.0,-43.666284409918845,-43.666284409918845,0
cobyla,standard,867,868.0,-43.666284409918845,-43.666284409918845,0
cobyla,standard,868,869.0,-43.666284409918845,-43.666284409918845,0
cobyla,standard,869,870.0,-43.666284409918845,-43.666284409918845,0
cobyla,standard,870,871.0,-43.70060823966997,-43.70060823966997,0
cobyla,standard,871,872.0,-43.70060823966997,-43.70060823966997,0
cobyla,standard,872,873.0,-43.70060823966997,-43.70060823966997,0
cobyla,standard,873,874.0,-43.73787892887565,-43.73787892887565,0
cobyla,standard,874,875.0,-43.75144864504549,-43.75144864504549,0
cobyla,standard,875,876.0,-43.75144864504549,-43.75144864504549,0
cobyla,standard,876,877.0,-43.75144864504549,-43.75144864504549,0
cobyla,standard,877,878.0,-43.75144864504549,-43.75144864504549,0
cobyla,standard,878,879.0,-43.75144864504549,-43.75144864504549,0
cobyla,standard,879,880.0,-43.75144864504549,-43.75144864504549,0
cobyla,standard,880,881.0,-43.75144864504549,-43.75144864504549,0
cobyla,standard,881,882.0,-43.75144864504549,-43.75144864504549,0
cobyla,standard,882,883.0,-43.77736971054003,-43.77736971054003,0
cobyla,standard,883,884.0,-43.77736971054003,-43.77736971054003,0
cobyla,standard,884,885.0,-43.79719192512592,-43.79719192512592,0
cobyla,standard,885,886.0,-43.79719192512592,-43.79719192512592,0
cobyla,standard,886,887.0,-43.79719192512592,-43.79719192512592,0
cobyla,standard,887,888.0,-43.79719192512592,-43.79719192512592,0
cobyla,standard,888,889.0,-43.79719192512592,-43.79719192512592,0
cobyla,standard,889,890.0,-43.79719192512592,-43.79719192512592,0
cobyla,standard,890,891.0,-43.79719192512592,-43.79719192512592,0
cobyla,standard,891,892.0,-43.79719192512592,-43.79719192512592,0
cobyla,standard,892,893.0,-43.79719192512592,-43.79719192512592,0
cobyla,standard,893,894.0,-43.79719192512592,-43.79719192512592,0
cobyla,standard,894,895.0,-43.79719192512592,-43.79719192512592,0
cobyla,standard,895,896.0,-43.79719192512592,-43.79719192512592,0
cobyla,standard,896,897.0,-43.79719192512592,-43.79719192512592,0
cobyla,standard,897,898.0,-43.79719192512592,-43.79719192512592,0
cobyla,standard,898,899.0,-43.834843436717144,-43.834843436717144,0
cobyla,standard,899,900.0,-43.834843436717144,-43.834843436717144,0
cobyla,standard,900,901.0,-43.927047800174655,-43.927047800174655,0
cobyla,standard,901,902.0,-43.927047800174655,-43.927047800174655,0
cobyla,standard,902,903.0,-43.972572858538136,-43.972572858538136,0
cobyla,standard,903,904.0,-43.972572858538136,-43.972572858538136,0
cobyla,standard,904,905.0,-44.00038192283207,-44.00038192283207,0
cobyla,standard,905,906.0,-44.00038192283207,-44.00038192283207,0
cobyla,standard,906,907.0,-44.00038192283207,-44.00038192283207,0
cobyla,standard,907,908.0,-44.00038192283207,-44.00038192283207,0
cobyla,standard,908,909.0,-44.00038192283207,-44.00038192283207,0
cobyla,standard,909,910.0,-44.00038192283207,-44.00038192283207,0
cobyla,standard,910,911.0,-44.11534593049876,-44.11534593049876,0
cobyla,standard,911,912.0,-44.11534593049876,-44.11534593049876,0
cobyla,standard,912,913.0,-44.11534593049876,-44.11534593049876,0
cobyla,standard,913,914.0,-44.11534593049876,-44.11534593049876,0
cobyla,standard,914,915.0,-44.11534593049876,-44.11534593049876,0
cobyla,standard,915,916.0,-44.11534593049876,-44.11534593049876,0
cobyla,standard,916,917.0,-44.11534593049876,-44.11534593049876,0
cobyla,standard,917,918.0,-44.19688675099577,-44.19688675099577,0
cobyla,standard,918,919.0,-44.19688675099577,-44.19688675099577,0
cobyla,standard,919,920.0,-44.19688675099577,-44.19688675099577,0
cobyla,standard,920,921.0,-44.315737673361184,-44.315737673361184,0
cobyla,standard,921,922.0,-44.315737673361184,-44.315737673361184,0
cobyla,standard,922,923.0,-44.315737673361184,-44.315737673361184,0
cobyla,standard,923,924.0,-44.315737673361184,-44.315737673361184,0
cobyla,standard,924,925.0,-44.315737673361184,-44.315737673361184,0
cobyla,standard,925,926.0,-44.315737673361184,-44.315737673361184,0
cobyla,standard,926,927.0,-44.315737673361184,-44.315737673361184,0
cobyla,standard,927,928.0,-44.315737673361184,-44.315737673361184,0
cobyla,standard,928,929.0,-44.315737673361184,-44.315737673361184,0
cobyla,standard,929,930.0,-44.315737673361184,-44.315737673361184,0
cobyla,standard,930,931.0,-44.315737673361184,-44.315737673361184,0
cobyla,standard,931,932.0,-44.315737673361184,-44.315737673361184,0
cobyla,standard,932,933.0,-44.315737673361184,-44.315737673361184,0
cobyla,standard,933,934.0,-44.315737673361184,-44.315737673361184,0
cobyla,standard,934,935.0,-44.32710325374982,-44.32710325374982,0
cobyla,standard,935,936.0,-44.32710325374982,-44.32710325374982,0
cobyla,standard,936,937.0,-44.33179139699878,-44.33179139699878,0
cobyla,standard,937,938.0,-44.33179139699878,-44.33179139699878,0
cobyla,standard,938,939.0,-44.33179139699878,-44.33179139699878,0
cobyla,standard,939,940.0,-44.33179139699878,-44.33179139699878,0
cobyla,standard,940,941.0,-44.33179139699878,-44.33179139699878,0
cobyla,standard,941,942.0,-44.33179139699878,-44.33179139699878,0
cobyla,standard,942,943.0,-44.33179139699878,-44.33179139699878,0
cobyla,standard,943,944.0,-44.33179139699878,-44.33179139699878,0
cobyla,standard,944,945.0,-44.33179139699878,-44.33179139699878,0
cobyla,standard,945,946.0,-44.33179139699878,-44.33179139699878,0
cobyla,standard,946,947.0,-44.33179139699878,-44.33179139699878,0
cobyla,standard,947,948.0,-44.33179139699878,-44.33179139699878,0
cobyla,standard,948,949.0,-44.36175455523288,-44.36175455523288,0
cobyla,standard,949,950.0,-44.36175455523288,-44.36175455523288,0
cobyla,standard,950,951.0,-44.38372664820325,-44.38372664820325,0
cobyla,standard,951,952.0,-44.38372664820325,-44.38372664820325,0
cobyla,standard,952,953.0,-44.39547206762247,-44.39547206762247,0
cobyla,standard,953,954.0,-44.39547206762247,-44.39547206762247,0
cobyla,standard,954,955.0,-44.39547206762247,-44.39547206762247,0
cobyla,standard,955,956.0,-44.39547206762247,-44.39547206762247,0
cobyla,standard,956,957.0,-44.39784050847587,-44.39784050847587,0
cobyla,standard,957,958.0,-44.39784050847587,-44.39784050847587,0
cobyla,standard,958,959.0,-44.42270054483059,-44.42270054483059,0
cobyla,standard,959,960.0,-44.42270054483059,-44.42270054483059,0
cobyla,standard,960,961.0,-44.42270054483059,-44.42270054483059,0
cobyla,standard,961,962.0,-44.42270054483059,-44.42270054483059,0
cobyla,standard,962,963.0,-44.42657426563506,-44.42657426563506,0
cobyla,standard,963,964.0,-44.42657426563506,-44.42657426563506,0
cobyla,standard,964,965.0,-44.42657426563506,-44.42657426563506,0
cobyla,standard,965,966.0,-44.42657426563506,-44.42657426563506,0
cobyla,standard,966,967.0,-44.43329496544118,-44.43329496544118,0
cobyla,standard,967,968.0,-44.43329496544118,-44.43329496544118,0
cobyla,standard,968,969.0,-44.43329496544118,-44.43329496544118,0
cobyla,standard,969,970.0,-44.43329496544118,-44.43329496544118,0
cobyla,standard,970,971.0,-44.43329496544118,-44.43329496544118,0
cobyla,standard,971,972.0,-44.43329496544118,-44.43329496544118,0
cobyla,standard,972,973.0,-44.49918110108024,-44.49918110108024,0
cobyla,standard,973,974.0,-44.49918110108024,-44.49918110108024,0
cobyla,standard,974,975.0,-44.49918110108024,-44.49918110108024,0
cobyla,standard,975,976.0,-44.49918110108024,-44.49918110108024,0
cobyla,standard,976,977.0,-44.49918110108024,-44.49918110108024,0
cobyla,standard,977,978.0,-44.49918110108024,-44.49918110108024,0
cobyla,standard,978,979.0,-44.49918110108024,-44.49918110108024,0
cobyla,standard,979,980.0,-44.49918110108024,-44.49918110108024,0
cobyla,standard,980,981.0,-44.49918110108024,-44.49918110108024,0
cobyla,standard,981,982.0,-44.49918110108024,-44.49918110108024,0
cobyla,standard,982,983.0,-44.49918110108024,-44.49918110108024,0
cobyla,standard,983,984.0,-44.49918110108024,-44.49918110108024,0
cobyla,standard,984,985.0,-44.49918110108024,-44.49918110108024,0
cobyla,standard,985,986.0,-44.49918110108024,-44.49918110108024,0
cobyla,standard,986,987.0,-44.49918110108024,-44.49918110108024,0
cobyla,standard,987,988.0,-44.49918110108024,-44.49918110108024,0
cobyla,standard,988,989.0,-44.504433206666384,-44.504433206666384,0
cobyla,standard,989,990.0,-44.504433206666384,-44.504433206666384,0
cobyla,standard,990,991.0,-44.50537704630492,-44.50537704630492,0
cobyla,standard,991,992.0,-44.50537704630492,-44.50537704630492,0
cobyla,standard,992,993.0,-44.50537704630492,-44.50537704630492,0
cobyla,standard,993,994.0,-44.50537704630492,-44.50537704630492,0
cobyla,standard,994,995.0,-44.50537704630492,-44.50537704630492,0
cobyla,standard,995,996.0,-44.50537704630492,-44.50537704630492,0
cobyla,standard,996,997.0,-44.51180312381355,-44.51180312381355,0
cobyla,standard,997,998.0,-44.51180312381355,-44.51180312381355,0
cobyla,standard,998,999.0,-44.51306804553296,-44.51306804553296,0
cobyla,standard,999,1000.0,-44.51306804553296,-44.51306804553296,0
cobyla,local_global,0,1.0,0.49534461062368057,-35.42848103935217,0
cobyla,local_global,1,2.0,0.4938578354633078,-35.32645104712144,0
cobyla,local_global,2,3.0,0.492191909171227,-35.21877170589768,0
cobyla,local_global,3,4.0,0.4893319578354917,-35.36217289870499,0
cobyla,local_global,4,5.0,0.4893319578354917,-35.36217289870499,0
cobyla,local_global,5,6.0,0.47942600286991904,-35.93766623728866,0
cobyla,local_global,6,7.0,0.4790412344187708,-35.98379975769023,0
cobyla,local_global,7,8.0,0.4790412344187708,-35.98379975769023,0
cobyla,local_global,8,9.0,0.4790412344187708,-35.98379975769023,0
cobyla,local_global,9,10.0,0.4790412344187708,-35.98379975769023,0
cobyla,local_global,10,11.0,0.4790412344187708,-35.98379975769023,0
cobyla,local_global,11,12.0,0.4790412344187708,-35.98379975769023,0
cobyla,local_global,12,13.0,0.4790412344187708,-35.98379975769023,0
cobyla,local_global,13,14.0,0.4790412344187708,-35.98379975769023,0
cobyla,local_global,14,15.0,0.4790412344187708,-35.98379975769023,0
cobyla,local_global,15,16.0,0.4790412344187708,-35.98379975769023,0
cobyla,local_global,16,17.0,0.4790412344187708,-35.98379975769023,0
cobyla,local_global,17,18.0,0.4790412344187708,-35.98379975769023,0
cobyla,local_global,18,19.0,0.47679030385512056,-35.999145346358524,0
cobyla,local_global,19,20.0,0.47679030385512056,-35.999145346358524,0
cobyla,local_global,20,21.0,0.47679030385512056,-35.999145346358524,0
cobyla,local_global,21,22.0,0.4739075774771874,-36.0396304196572,0
cobyla,local_global,22,23.0,0.4739075774771874,-36.0396304196572,0
cobyla,local_global,23,24.0,0.47361882883196527,-36.02294365675222,0
cobyla,local_global,24,25.0,0.47361882883196527,-36.02294365675222,0
cobyla,local_global,25,26.0,0.47361882883196527,-36.02294365675222,0
cobyla,local_global,26,27.0,0.473617047654218,-36.05664888809774,0
cobyla,local_global,27,28.0,0.47195717936815557,-36.05237686192785,0
cobyla,local_global,28,29.0,0.4703460852533382,-36.033607885900935,0
cobyla,local_global,29,30.0,0.4703460852533382,-36.033607885900935,0
cobyla,local_global,30,31.0,0.4703460852533382,-36.033607885900935,0
cobyla,local_global,31,32.0,0.46972420057448194,-36.018980763113035,0
cobyla,local_global,32,33.0,0.4683247079904253,-36.03419761146818,0
cobyla,local_global,33,34.0,0.46618175556993036,-36.46464612427576,0
cobyla,local_global,34,35.0,0.4657850850723844,-36.43538096629581,0
cobyla,local_global,35,36.0,0.4657850850723844,-36.43538096629581,0
cobyla,local_global,36,37.0,0.465330607596377,-36.6196293688971,0
cobyla,local_global,37,38.0,0.465330607596377,-36.6196293688971,0
cobyla,local_global,38,39.0,0.465330607596377,-36.6196293688971,0
cobyla,local_global,39,40.0,0.465330607596377,-36.6196293688971,0
cobyla,local_global,40,41.0,0.465330607596377,-36.6196293688971,0
cobyla,local_global,41,42.0,0.465330607596377,-36.6196293688971,0
cobyla,local_global,42,43.0,0.465330607596377,-36.6196293688971,0
cobyla,local_global,43,44.0,0.465330607596377,-36.6196293688971,0
cobyla,local_global,44,45.0,0.465330607596377,-36.6196293688971,0
cobyla,local_global,45,46.0,0.46298678225123424,-36.64951872849769,0
cobyla,local_global,46,47.0,0.46298678225123424,-36.64951872849769,0
cobyla,local_global,47,48.0,0.46298678225123424,-36.64951872849769,0
cobyla,local_global,48,49.0,0.46298678225123424,-36.64951872849769,0
cobyla,local_global,49,50.0,0.4620072503681337,-36.70372854543645,0
cobyla,local_global,50,51.0,0.4620072503681337,-36.70372854543645,0
cobyla,local_global,51,52.0,0.4620072503681337,-36.70372854543645,0
cobyla,local_global,52,53.0,0.4620072503681337,-36.70372854543645,0
cobyla,local_global,53,54.0,0.4620072503681337,-36.70372854543645,0
cobyla,local_global,54,55.0,0.4620072503681337,-36.70372854543645,0
cobyla,local_global,55,56.0,0.4620072503681337,-36.70372854543645,0
cobyla,local_global,56,57.0,0.4620072503681337,-36.70372854543645,0
cobyla,local_global,57,58.0,0.46195902042504744,-36.66668628890432,0
cobyla,local_global,58,59.0,0.46185364917998534,-36.64388457275752,0
cobyla,local_global,59,60.0,0.4618005174343469,-36.694434640782724,0
cobyla,local_global,60,61.0,0.4618005174343469,-36.694434640782724,0
cobyla,local_global,61,62.0,0.4618005174343469,-36.694434640782724,0
cobyla,local_global,62,63.0,0.4618005174343469,-36.694434640782724,0
cobyla,local_global,63,64.0,0.4618005174343469,-36.694434640782724,0
cobyla,local_global,64,65.0,0.4618005174343469,-36.694434640782724,0
cobyla,local_global,65,66.0,0.4618005174343469,-36.694434640782724,0
cobyla,local_global,66,67.0,0.4618005174343469,-36.694434640782724,0
cobyla,local_global,67,68.0,0.4618005174343469,-36.694434640782724,0
cobyla,local_global,68,69.0,0.4618005174343469,-36.694434640782724,0
cobyla,local_global,69,70.0,0.4591626656307258,-37.515649550089464,0
cobyla,local_global,70,71.0,0.45894554043446206,-37.557627898283,0
cobyla,local_global,71,72.0,0.45894554043446206,-37.557627898283,0
cobyla,local_global,72,73.0,0.45894554043446206,-37.557627898283,0
cobyla,local_global,73,74.0,0.45894554043446206,-37.557627898283,0
cobyla,local_global,74,75.0,0.45848850038263916,-37.56157932251654,0
cobyla,local_global,75,76.0,0.45797086632906214,-37.58018748765492,0
cobyla,local_global,76,77.0,0.45797086632906214,-37.58018748765492,0
cobyla,local_global,77,78.0,0.457477463768772,-37.62273171682993,0
cobyla,local_global,78,79.0,0.457477463768772,-37.62273171682993,0
cobyla,local_global,79,80.0,0.457477463768772,-37.62273171682993,0
cobyla,local_global,80,81.0,0.457477463768772,-37.62273171682993,0
cobyla,local_global,81,82.0,0.4561885615821384,-37.57594221352044,0
cobyla,local_global,82,83.0,0.4561885615821384,-37.57594221352044,0
cobyla,local_global,83,84.0,0.45451038262917004,-37.65384079587128,0
cobyla,local_global,84,85.0,0.45443851816188785,-37.63361689657994,0
cobyla,local_global,85,86.0,0.45443851816188785,-37.63361689657994,0
cobyla,local_global,86,87.0,0.45443851816188785,-37.63361689657994,0
cobyla,local_global,87,88.0,0.45291323900917013,-37.631757127773746,0
cobyla,local_global,88,89.0,0.45291323900917013,-37.631757127773746,0
cobyla,local_global,89,90.0,0.45291323900917013,-37.631757127773746,0
cobyla,local_global,90,91.0,0.45291323900917013,-37.631757127773746,0
cobyla,local_global,91,92.0,0.45283569481065605,-37.64883099783636,0
cobyla,local_global,92,93.0,0.4520273491334494,-37.654284080520284,0
cobyla,local_global,93,94.0,0.45056485075660363,-37.677702750122506,0
cobyla,local_global,94,95.0,0.45056485075660363,-37.677702750122506,0
cobyla,local_global,95,96.0,0.45053915780808595,-37.674829542775996,0
cobyla,local_global,96,97.0,0.45053915780808595,-37.674829542775996,0
cobyla,local_global,97,98.0,0.4502074772057524,-37.680204040603414,0
cobyla,local_global,98,99.0,0.4502074772057524,-37.680204040603414,0
cobyla,local_global,99,100.0,0.4493309952698083,-37.63072009168699,0
cobyla,local_global,100,101.0,0.4493309952698083,-37.63072009168699,0
cobyla,local_global,101,102.0,0.44919882077022966,-37.71690204925053,0
cobyla,local_global,102,103.0,0.44919882077022966,-37.71690204925053,0
cobyla,local_global,103,104.0,0.44919882077022966,-37.71690204925053,0
cobyla,local_global,104,105.0,0.44919882077022966,-37.71690204925053,0
cobyla,local_global,105,106.0,0.44919882077022966,-37.71690204925053,0
cobyla,local_global,106,107.0,0.44919882077022966,-37.71690204925053,0
cobyla,local_global,107,108.0,0.44919882077022966,-37.71690204925053,0
cobyla,local_global,108,109.0,0.44919882077022966,-37.71690204925053,0
cobyla,local_global,109,110.0,0.44919882077022966,-37.71690204925053,0
cobyla,local_global,110,111.0,0.44919882077022966,-37.71690204925053,0
cobyla,local_global,111,112.0,0.4476546257144716,-37.78820468372965,0
cobyla,local_global,112,113.0,0.4476546257144716,-37.78820468372965,0
cobyla,local_global,113,114.0,0.4476546257144716,-37.78820468372965,0
cobyla,local_global,114,115.0,0.4476546257144716,-37.78820468372965,0
cobyla,local_global,115,116.0,0.4476546257144716,-37.78820468372965,0
cobyla,local_global,116,117.0,0.4476546257144716,-37.78820468372965,0
cobyla,local_global,117,118.0,0.4452826262822212,-37.748723702134825,0
cobyla,local_global,118,119.0,0.4443855238504104,-37.78596799441197,0
cobyla,local_global,119,120.0,0.4443855238504104,-37.78596799441197,0
cobyla,local_global,120,121.0,0.4443855238504104,-37.78596799441197,0
cobyla,local_global,121,122.0,0.44417621093794596,-37.7690706465823,0
cobyla,local_global,122,123.0,0.44417621093794596,-37.7690706465823,0
cobyla,local_global,123,124.0,0.44417621093794596,-37.7690706465823,0
cobyla,local_global,124,125.0,0.44417621093794596,-37.7690706465823,0
cobyla,local_global,125,126.0,0.44409124913738846,-37.76877967275673,0
cobyla,local_global,126,127.0,0.44409124913738846,-37.76877967275673,0
cobyla,local_global,127,128.0,0.44409124913738846,-37.76877967275673,0
cobyla,local_global,128,129.0,0.44409124913738846,-37.76877967275673,0
cobyla,local_global,129,130.0,0.4439576226619228,-37.7735613414135,0
cobyla,local_global,130,131.0,-37.7735613414135,-37.7735613414135,1
cobyla,local_global,131,132.0,-37.7735613414135,-37.7735613414135,0
cobyla,local_global,132,133.0,-37.7735613414135,-37.7735613414135,0
cobyla,local_global,133,134.0,-37.7735613414135,-37.7735613414135,0
cobyla,local_global,134,135.0,-37.7735613414135,-37.7735613414135,0
cobyla,local_global,135,136.0,-37.7735613414135,-37.7735613414135,0
cobyla,local_global,136,137.0,-37.79199722707562,-37.79199722707562,0
cobyla,local_global,137,138.0,-37.79199722707562,-37.79199722707562,0
cobyla,local_global,138,139.0,-37.79199722707562,-37.79199722707562,0
cobyla,local_global,139,140.0,-37.79199722707562,-37.79199722707562,0
cobyla,local_global,140,141.0,-37.79199722707562,-37.79199722707562,0
cobyla,local_global,141,142.0,-37.79199722707562,-37.79199722707562,0
cobyla,local_global,142,143.0,-37.79199722707562,-37.79199722707562,0
cobyla,local_global,143,144.0,-37.79199722707562,-37.79199722707562,0
cobyla,local_global,144,145.0,-37.79199722707562,-37.79199722707562,0
cobyla,local_global,145,146.0,-37.79199722707562,-37.79199722707562,0
cobyla,local_global,146,147.0,-37.79199722707562,-37.79199722707562,0
cobyla,local_global,147,148.0,-37.79199722707562,-37.79199722707562,0
cobyla,local_global,148,149.0,-37.79199722707562,-37.79199722707562,0
cobyla,local_global,149,150.0,-37.79199722707562,-37.79199722707562,0
cobyla,local_global,150,151.0,-37.79199722707562,-37.79199722707562,0
cobyla,local_global,151,152.0,-37.835825640062225,-37.835825640062225,0
cobyla,local_global,152,153.0,-37.835825640062225,-37.835825640062225,0
cobyla,local_global,153,154.0,-37.835825640062225,-37.835825640062225,0
cobyla,local_global,154,155.0,-37.835825640062225,-37.835825640062225,0
cobyla,local_global,155,156.0,-37.835825640062225,-37.835825640062225,0
cobyla,local_global,156,157.0,-37.835825640062225,-37.835825640062225,0
cobyla,local_global,157,158.0,-37.86598809141989,-37.86598809141989,0
cobyla,local_global,158,159.0,-37.86677049299824,-37.86677049299824,0
cobyla,local_global,159,160.0,-37.896369601751985,-37.896369601751985,0
cobyla,local_global,160,161.0,-37.896369601751985,-37.896369601751985,0
cobyla,local_global,161,162.0,-37.896369601751985,-37.896369601751985,0
cobyla,local_global,162,163.0,-37.896369601751985,-37.896369601751985,0
cobyla,local_global,163,164.0,-37.896369601751985,-37.896369601751985,0
cobyla,local_global,164,165.0,-37.916746615282904,-37.916746615282904,0
cobyla,local_global,165,166.0,-37.916746615282904,-37.916746615282904,0
cobyla,local_global,166,167.0,-37.916746615282904,-37.916746615282904,0
cobyla,local_global,167,168.0,-37.916746615282904,-37.916746615282904,0
cobyla,local_global,168,169.0,-37.916746615282904,-37.916746615282904,0
cobyla,local_global,169,170.0,-37.916746615282904,-37.916746615282904,0
cobyla,local_global,170,171.0,-37.916746615282904,-37.916746615282904,0
cobyla,local_global,171,172.0,-37.916746615282904,-37.916746615282904,0
cobyla,local_global,172,173.0,-37.916746615282904,-37.916746615282904,0
cobyla,local_global,173,174.0,-37.916746615282904,-37.916746615282904,0
cobyla,local_global,174,175.0,-37.916746615282904,-37.916746615282904,0
cobyla,local_global,175,176.0,-37.99759699380563,-37.99759699380563,0
cobyla,local_global,176,177.0,-37.99759699380563,-37.99759699380563,0
cobyla,local_global,177,178.0,-37.99759699380563,-37.99759699380563,0
cobyla,local_global,178,179.0,-37.99759699380563,-37.99759699380563,0
cobyla,local_global,179,180.0,-37.99759699380563,-37.99759699380563,0
cobyla,local_global,180,181.0,-37.99759699380563,-37.99759699380563,0
cobyla,local_global,181,182.0,-37.99759699380563,-37.99759699380563,0
cobyla,local_global,182,183.0,-37.99759699380563,-37.99759699380563,0
cobyla,local_global,183,184.0,-37.99759699380563,-37.99759699380563,0
cobyla,local_global,184,185.0,-37.99759699380563,-37.99759699380563,0
cobyla,local_global,185,186.0,-37.99759699380563,-37.99759699380563,0
cobyla,local_global,186,187.0,-38.00238965944613,-38.00238965944613,0
cobyla,local_global,187,188.0,-38.00238965944613,-38.00238965944613,0
cobyla,local_global,188,189.0,-38.00238965944613,-38.00238965944613,0
cobyla,local_global,189,190.0,-38.00238965944613,-38.00238965944613,0
cobyla,local_global,190,191.0,-38.00238965944613,-38.00238965944613,0
cobyla,local_global,191,192.0,-38.00238965944613,-38.00238965944613,0
cobyla,local_global,192,193.0,-38.00238965944613,-38.00238965944613,0
cobyla,local_global,193,194.0,-38.00238965944613,-38.00238965944613,0
cobyla,local_global,194,195.0,-38.00238965944613,-38.00238965944613,0
cobyla,local_global,195,196.0,-38.00238965944613,-38.00238965944613,0
cobyla,local_global,196,197.0,-38.00238965944613,-38.00238965944613,0
cobyla,local_global,197,198.0,-38.00238965944613,-38.00238965944613,0
cobyla,local_global,198,199.0,-38.00238965944613,-38.00238965944613,0
cobyla,local_global,199,200.0,-38.00238965944613,-38.00238965944613,0
cobyla,local_global,200,201.0,-38.00238965944613,-38.00238965944613,0
cobyla,local_global,201,202.0,-38.00238965944613,-38.00238965944613,0
cobyla,local_global,202,203.0,-38.00238965944613,-38.00238965944613,0
cobyla,local_global,203,204.0,-38.00238965944613,-38.00238965944613,0
cobyla,local_global,204,205.0,-38.00238965944613,-38.00238965944613,0
cobyla,local_global,205,206.0,-38.00238965944613,-38.00238965944613,0
cobyla,local_global,206,207.0,-38.00238965944613,-38.00238965944613,0
cobyla,local_global,207,208.0,-38.00238965944613,-38.00238965944613,0
cobyla,local_global,208,209.0,-38.00238965944613,-38.00238965944613,0
cobyla,local_global,209,210.0,-38.00238965944613,-38.00238965944613,0
cobyla,local_global,210,211.0,-38.00238965944613,-38.00238965944613,0
cobyla,local_global,211,212.0,-38.00238965944613,-38.00238965944613,0
cobyla,local_global,212,213.0,-38.00238965944613,-38.00238965944613,0
cobyla,local_global,213,214.0,-38.00238965944613,-38.00238965944613,0
cobyla,local_global,214,215.0,-38.00903678562014,-38.00903678562014,0
cobyla,local_global,215,216.0,-38.00903678562014,-38.00903678562014,0
cobyla,local_global,216,217.0,-38.00903678562014,-38.00903678562014,0
cobyla,local_global,217,218.0,-38.039091361635805,-38.039091361635805,0
cobyla,local_global,218,219.0,-38.039091361635805,-38.039091361635805,0
cobyla,local_global,219,220.0,-38.0411769709419,-38.0411769709419,0
cobyla,local_global,220,221.0,-38.0411769709419,-38.0411769709419,0
cobyla,local_global,221,222.0,-38.0411769709419,-38.0411769709419,0
cobyla,local_global,222,223.0,-38.04513264928607,-38.04513264928607,0
cobyla,local_global,223,224.0,-38.060153037226165,-38.060153037226165,0
cobyla,local_global,224,225.0,-38.060153037226165,-38.060153037226165,0
cobyla,local_global,225,226.0,-38.060153037226165,-38.060153037226165,0
cobyla,local_global,226,227.0,-38.060153037226165,-38.060153037226165,0
cobyla,local_global,227,228.0,-38.060153037226165,-38.060153037226165,0
cobyla,local_global,228,229.0,-38.08002580284852,-38.08002580284852,0
cobyla,local_global,229,230.0,-38.20262234770612,-38.20262234770612,0
cobyla,local_global,230,231.0,-38.20262234770612,-38.20262234770612,0
cobyla,local_global,231,232.0,-38.272870418337035,-38.272870418337035,0
cobyla,local_global,232,233.0,-38.272870418337035,-38.272870418337035,0
cobyla,local_global,233,234.0,-38.272870418337035,-38.272870418337035,0
cobyla,local_global,234,235.0,-38.272870418337035,-38.272870418337035,0
cobyla,local_global,235,236.0,-38.272870418337035,-38.272870418337035,0
cobyla,local_global,236,237.0,-38.272870418337035,-38.272870418337035,0
cobyla,local_global,237,238.0,-38.272870418337035,-38.272870418337035,0
cobyla,local_global,238,239.0,-38.272870418337035,-38.272870418337035,0
cobyla,local_global,239,240.0,-38.27957364598863,-38.27957364598863,0
cobyla,local_global,240,241.0,-38.27957364598863,-38.27957364598863,0
cobyla,local_global,241,242.0,-38.27957364598863,-38.27957364598863,0
cobyla,local_global,242,243.0,-38.27957364598863,-38.27957364598863,0
cobyla,local_global,243,244.0,-38.27957364598863,-38.27957364598863,0
cobyla,local_global,244,245.0,-38.27957364598863,-38.27957364598863,0
cobyla,local_global,245,246.0,-38.27957364598863,-38.27957364598863,0
cobyla,local_global,246,247.0,-38.27957364598863,-38.27957364598863,0
cobyla,local_global,247,248.0,-38.27957364598863,-38.27957364598863,0
cobyla,local_global,248,249.0,-38.2882332886817,-38.2882332886817,0
cobyla,local_global,249,250.0,-38.296868795645395,-38.296868795645395,0
cobyla,local_global,250,251.0,-38.296868795645395,-38.296868795645395,0
cobyla,local_global,251,252.0,-38.296868795645395,-38.296868795645395,0
cobyla,local_global,252,253.0,-38.30885383486668,-38.30885383486668,0
cobyla,local_global,253,254.0,-38.318924919906436,-38.318924919906436,0
cobyla,local_global,254,255.0,-38.318924919906436,-38.318924919906436,0
cobyla,local_global,255,256.0,-38.32007142711694,-38.32007142711694,0
cobyla,local_global,256,257.0,-38.32007142711694,-38.32007142711694,0
cobyla,local_global,257,258.0,-38.32575251986585,-38.32575251986585,0
cobyla,local_global,258,259.0,-38.32575251986585,-38.32575251986585,0
cobyla,local_global,259,260.0,-38.32575251986585,-38.32575251986585,0
cobyla,local_global,260,261.0,-38.32716306362795,-38.32716306362795,0
cobyla,local_global,261,262.0,-40.947168816686904,-40.947168816686904,0
cobyla,local_global,262,263.0,-40.94910293569524,-40.94910293569524,0
cobyla,local_global,263,264.0,-40.94910293569524,-40.94910293569524,0
cobyla,local_global,264,265.0,-40.94910293569524,-40.94910293569524,0
cobyla,local_global,265,266.0,-40.94910293569524,-40.94910293569524,0
cobyla,local_global,266,267.0,-40.94910293569524,-40.94910293569524,0
cobyla,local_global,267,268.0,-40.94910293569524,-40.94910293569524,0
cobyla,local_global,268,269.0,-40.955298086450085,-40.955298086450085,0
cobyla,local_global,269,270.0,-40.955298086450085,-40.955298086450085,0
cobyla,local_global,270,271.0,-40.955298086450085,-40.955298086450085,0
cobyla,local_global,271,272.0,-41.076391029672486,-41.076391029672486,0
cobyla,local_global,272,273.0,-41.076391029672486,-41.076391029672486,0
cobyla,local_global,273,274.0,-41.076391029672486,-41.076391029672486,0
cobyla,local_global,274,275.0,-41.076391029672486,-41.076391029672486,0
cobyla,local_global,275,276.0,-41.076391029672486,-41.076391029672486,0
cobyla,local_global,276,277.0,-41.07860335506639,-41.07860335506639,0
cobyla,local_global,277,278.0,-41.11954041844677,-41.11954041844677,0
cobyla,local_global,278,279.0,-41.120842799191664,-41.120842799191664,0
cobyla,local_global,279,280.0,-41.120842799191664,-41.120842799191664,0
cobyla,local_global,280,281.0,-41.12895933235327,-41.12895933235327,0
cobyla,local_global,281,282.0,-41.13324819919828,-41.13324819919828,0
cobyla,local_global,282,283.0,-41.13650190417289,-41.13650190417289,0
cobyla,local_global,283,284.0,-41.13650190417289,-41.13650190417289,0
cobyla,local_global,284,285.0,-41.13650190417289,-41.13650190417289,0
cobyla,local_global,285,286.0,-41.13650190417289,-41.13650190417289,0
cobyla,local_global,286,287.0,-41.14065337906433,-41.14065337906433,0
cobyla,local_global,287,288.0,-41.14065337906433,-41.14065337906433,0
cobyla,local_global,288,289.0,-41.14065337906433,-41.14065337906433,0
cobyla,local_global,289,290.0,-41.14316845321549,-41.14316845321549,0
cobyla,local_global,290,291.0,-41.14316845321549,-41.14316845321549,0
cobyla,local_global,291,292.0,-41.63911733535938,-41.63911733535938,0
cobyla,local_global,292,293.0,-41.63911733535938,-41.63911733535938,0
cobyla,local_global,293,294.0,-41.63911733535938,-41.63911733535938,0
cobyla,local_global,294,295.0,-41.63911733535938,-41.63911733535938,0
cobyla,local_global,295,296.0,-41.63911733535938,-41.63911733535938,0
cobyla,local_global,296,297.0,-42.30746708337709,-42.30746708337709,0
cobyla,local_global,297,298.0,-42.30746708337709,-42.30746708337709,0
cobyla,local_global,298,299.0,-42.30746708337709,-42.30746708337709,0
cobyla,local_global,299,300.0,-42.30746708337709,-42.30746708337709,0
cobyla,local_global,300,301.0,-42.38593007174581,-42.38593007174581,0
cobyla,local_global,301,302.0,-42.38593007174581,-42.38593007174581,0
cobyla,local_global,302,303.0,-42.39191308177241,-42.39191308177241,0
cobyla,local_global,303,304.0,-42.39191308177241,-42.39191308177241,0
cobyla,local_global,304,305.0,-42.39191308177241,-42.39191308177241,0
cobyla,local_global,305,306.0,-42.39191308177241,-42.39191308177241,0
cobyla,local_global,306,307.0,-42.39191308177241,-42.39191308177241,0
cobyla,local_global,307,308.0,-42.39191308177241,-42.39191308177241,0
cobyla,local_global,308,309.0,-42.39191308177241,-42.39191308177241,0
cobyla,local_global,309,310.0,-42.39191308177241,-42.39191308177241,0
cobyla,local_global,310,311.0,-42.39191308177241,-42.39191308177241,0
cobyla,local_global,311,312.0,-42.47554950206609,-42.47554950206609,0
cobyla,local_global,312,313.0,-42.47554950206609,-42.47554950206609,0
cobyla,local_global,313,314.0,-42.47554950206609,-42.47554950206609,0
cobyla,local_global,314,315.0,-42.5087485037339,-42.5087485037339,0
cobyla,local_global,315,316.0,-42.5087485037339,-42.5087485037339,0
cobyla,local_global,316,317.0,-42.52574029417381,-42.52574029417381,0
cobyla,local_global,317,318.0,-42.52574029417381,-42.52574029417381,0
cobyla,local_global,318,319.0,-42.52574029417381,-42.52574029417381,0
cobyla,local_global,319,320.0,-42.52574029417381,-42.52574029417381,0
cobyla,local_global,320,321.0,-42.52574029417381,-42.52574029417381,0
cobyla,local_global,321,322.0,-42.52574029417381,-42.52574029417381,0
cobyla,local_global,322,323.0,-42.563145910153594,-42.563145910153594,0
cobyla,local_global,323,324.0,-42.563145910153594,-42.563145910153594,0
cobyla,local_global,324,325.0,-42.56429628643925,-42.56429628643925,0
cobyla,local_global,325,326.0,-42.56429628643925,-42.56429628643925,0
cobyla,local_global,326,327.0,-42.56429628643925,-42.56429628643925,0
cobyla,local_global,327,328.0,-42.56429628643925,-42.56429628643925,0
cobyla,local_global,328,329.0,-42.56429628643925,-42.56429628643925,0
cobyla,local_global,329,330.0,-42.56429628643925,-42.56429628643925,0
cobyla,local_global,330,331.0,-42.56429628643925,-42.56429628643925,0
cobyla,local_global,331,332.0,-42.56429628643925,-42.56429628643925,0
cobyla,local_global,332,333.0,-42.56429628643925,-42.56429628643925,0
cobyla,local_global,333,334.0,-42.56429628643925,-42.56429628643925,0
cobyla,local_global,334,335.0,-42.56429628643925,-42.56429628643925,0
cobyla,local_global,335,336.0,-42.5806551575882,-42.5806551575882,0
cobyla,local_global,336,337.0,-42.5806551575882,-42.5806551575882,0
cobyla,local_global,337,338.0,-42.5806551575882,-42.5806551575882,0
cobyla,local_global,338,339.0,-42.58422870072256,-42.58422870072256,0
cobyla,local_global,339,340.0,-42.58422870072256,-42.58422870072256,0
cobyla,local_global,340,341.0,-42.58422870072256,-42.58422870072256,0
cobyla,local_global,341,342.0,-42.58422870072256,-42.58422870072256,0
cobyla,local_global,342,343.0,-42.58422870072256,-42.58422870072256,0
cobyla,local_global,343,344.0,-42.58422870072256,-42.58422870072256,0
cobyla,local_global,344,345.0,-42.58422870072256,-42.58422870072256,0
cobyla,local_global,345,346.0,-42.58422870072256,-42.58422870072256,0
cobyla,local_global,346,347.0,-42.58422870072256,-42.58422870072256,0
cobyla,local_global,347,348.0,-42.58422870072256,-42.58422870072256,0
cobyla,local_global,348,349.0,-42.58422870072256,-42.58422870072256,0
cobyla,local_global,349,350.0,-42.58422870072256,-42.58422870072256,0
cobyla,local_global,350,351.0,-42.58422870072256,-42.58422870072256,0
cobyla,local_global,351,352.0,-42.58422870072256,-42.58422870072256,0
cobyla,local_global,352,353.0,-42.598656702354276,-42.598656702354276,0
cobyla,local_global,353,354.0,-42.598656702354276,-42.598656702354276,0
cobyla,local_global,354,355.0,-42.598656702354276,-42.598656702354276,0
cobyla,local_global,355,356.0,-42.598656702354276,-42.598656702354276,0
cobyla,local_global,356,357.0,-42.598656702354276,-42.598656702354276,0
cobyla,local_global,357,358.0,-42.598656702354276,-42.598656702354276,0
cobyla,local_global,358,359.0,-42.598656702354276,-42.598656702354276,0
cobyla,local_global,359,360.0,-42.598656702354276,-42.598656702354276,0
cobyla,local_global,360,361.0,-42.598656702354276,-42.598656702354276,0
cobyla,local_global,361,362.0,-42.598656702354276,-42.598656702354276,0
cobyla,local_global,362,363.0,-42.598656702354276,-42.598656702354276,0
cobyla,local_global,363,364.0,-42.598656702354276,-42.598656702354276,0
cobyla,local_global,364,365.0,-42.598656702354276,-42.598656702354276,0
cobyla,local_global,365,366.0,-42.598656702354276,-42.598656702354276,0
cobyla,local_global,366,367.0,-42.60099483713477,-42.60099483713477,0
cobyla,local_global,367,368.0,-42.60099483713477,-42.60099483713477,0
cobyla,local_global,368,369.0,-42.616924927472915,-42.616924927472915,0
cobyla,local_global,369,370.0,-42.616924927472915,-42.616924927472915,0
cobyla,local_global,370,371.0,-42.616924927472915,-42.616924927472915,0
cobyla,local_global,371,372.0,-42.616924927472915,-42.616924927472915,0
cobyla,local_global,372,373.0,-42.616924927472915,-42.616924927472915,0
cobyla,local_global,373,374.0,-42.616924927472915,-42.616924927472915,0
cobyla,local_global,374,375.0,-42.63435572849899,-42.63435572849899,0
cobyla,local_global,375,376.0,-42.639578456013204,-42.639578456013204,0
cobyla,local_global,376,377.0,-42.639578456013204,-42.639578456013204,0
cobyla,local_global,377,378.0,-42.639578456013204,-42.639578456013204,0
cobyla,local_global,378,379.0,-42.639578456013204,-42.639578456013204,0
cobyla,local_global,379,380.0,-42.639578456013204,-42.639578456013204,0
cobyla,local_global,380,381.0,-42.639578456013204,-42.639578456013204,0
cobyla,local_global,381,382.0,-42.639578456013204,-42.639578456013204,0
cobyla,local_global,382,383.0,-42.639578456013204,-42.639578456013204,0
cobyla,local_global,383,384.0,-42.639578456013204,-42.639578456013204,0
cobyla,local_global,384,385.0,-42.639578456013204,-42.639578456013204,0
cobyla,local_global,385,386.0,-42.639578456013204,-42.639578456013204,0
cobyla,local_global,386,387.0,-42.639578456013204,-42.639578456013204,0
cobyla,local_global,387,388.0,-42.657210552062836,-42.657210552062836,0
cobyla,local_global,388,389.0,-42.657210552062836,-42.657210552062836,0
cobyla,local_global,389,390.0,-42.657210552062836,-42.657210552062836,0
cobyla,local_global,390,391.0,-42.657210552062836,-42.657210552062836,0
cobyla,local_global,391,392.0,-42.657210552062836,-42.657210552062836,0
cobyla,local_global,392,393.0,-42.79837913165966,-42.79837913165966,0
cobyla,local_global,393,394.0,-42.79837913165966,-42.79837913165966,0
cobyla,local_global,394,395.0,-42.931178213497205,-42.931178213497205,0
cobyla,local_global,395,396.0,-42.931178213497205,-42.931178213497205,0
cobyla,local_global,396,397.0,-42.97655609789892,-42.97655609789892,0
cobyla,local_global,397,398.0,-42.998281958745004,-42.998281958745004,0
cobyla,local_global,398,399.0,-43.046651238168224,-43.046651238168224,0
cobyla,local_global,399,400.0,-43.046651238168224,-43.046651238168224,0
cobyla,local_global,400,401.0,-43.046651238168224,-43.046651238168224,0
cobyla,local_global,401,402.0,-43.046651238168224,-43.046651238168224,0
cobyla,local_global,402,403.0,-43.100428136276186,-43.100428136276186,0
cobyla,local_global,403,404.0,-43.100428136276186,-43.100428136276186,0
cobyla,local_global,404,405.0,-43.100428136276186,-43.100428136276186,0
cobyla,local_global,405,406.0,-43.100428136276186,-43.100428136276186,0
cobyla,local_global,406,407.0,-43.100428136276186,-43.100428136276186,0
cobyla,local_global,407,408.0,-43.100428136276186,-43.100428136276186,0
cobyla,local_global,408,409.0,-43.100428136276186,-43.100428136276186,0
cobyla,local_global,409,410.0,-43.100428136276186,-43.100428136276186,0
cobyla,local_global,410,411.0,-43.100428136276186,-43.100428136276186,0
cobyla,local_global,411,412.0,-43.100428136276186,-43.100428136276186,0
cobyla,local_global,412,413.0,-43.100428136276186,-43.100428136276186,0
cobyla,local_global,413,414.0,-43.100428136276186,-43.100428136276186,0
cobyla,local_global,414,415.0,-43.100428136276186,-43.100428136276186,0
cobyla,local_global,415,416.0,-43.10436422529792,-43.10436422529792,0
cobyla,local_global,416,417.0,-43.10436422529792,-43.10436422529792,0
cobyla,local_global,417,418.0,-43.10436422529792,-43.10436422529792,0
cobyla,local_global,418,419.0,-43.10436422529792,-43.10436422529792,0
cobyla,local_global,419,420.0,-43.10436422529792,-43.10436422529792,0
cobyla,local_global,420,421.0,-43.10436422529792,-43.10436422529792,0
cobyla,local_global,421,422.0,-43.10436422529792,-43.10436422529792,0
cobyla,local_global,422,423.0,-43.10551615158661,-43.10551615158661,0
cobyla,local_global,423,424.0,-43.10551615158661,-43.10551615158661,0
cobyla,local_global,424,425.0,-43.12941289032462,-43.12941289032462,0
cobyla,local_global,425,426.0,-43.12941289032462,-43.12941289032462,0
cobyla,local_global,426,427.0,-43.1355980601673,-43.1355980601673,0
cobyla,local_global,427,428.0,-43.1355980601673,-43.1355980601673,0
cobyla,local_global,428,429.0,-43.137211579143184,-43.137211579143184,0
cobyla,local_global,429,430.0,-43.137211579143184,-43.137211579143184,0
cobyla,local_global,430,431.0,-43.13741301049349,-43.13741301049349,0
cobyla,local_global,431,432.0,-43.13741301049349,-43.13741301049349,0
cobyla,local_global,432,433.0,-43.13898684175608,-43.13898684175608,0
cobyla,local_global,433,434.0,-43.13898684175608,-43.13898684175608,0
cobyla,local_global,434,435.0,-43.13898684175608,-43.13898684175608,0
cobyla,local_global,435,436.0,-43.13898684175608,-43.13898684175608,0
cobyla,local_global,436,437.0,-43.13921926296053,-43.13921926296053,0
cobyla,local_global,437,438.0,-43.13921926296053,-43.13921926296053,0
cobyla,local_global,438,439.0,-43.14028582529128,-43.14028582529128,0
cobyla,local_global,439,440.0,-43.14028582529128,-43.14028582529128,0
cobyla,local_global,440,441.0,-43.45048233471987,-43.45048233471987,0
cobyla,local_global,441,442.0,-43.45048233471987,-43.45048233471987,0
cobyla,local_global,442,443.0,-43.45048233471987,-43.45048233471987,0
cobyla,local_global,443,444.0,-43.45048233471987,-43.45048233471987,0
cobyla,local_global,444,445.0,-43.452359238110525,-43.452359238110525,0
cobyla,local_global,445,446.0,-43.452359238110525,-43.452359238110525,0
cobyla,local_global,446,447.0,-43.45401756361123,-43.45401756361123,0
cobyla,local_global,447,448.0,-43.59135576623236,-43.59135576623236,0
cobyla,local_global,448,449.0,-43.59135576623236,-43.59135576623236,0
cobyla,local_global,449,450.0,-43.59135576623236,-43.59135576623236,0
cobyla,local_global,450,451.0,-43.59292333442975,-43.59292333442975,0
cobyla,local_global,451,452.0,-43.59292333442975,-43.59292333442975,0
cobyla,local_global,452,453.0,-43.59292333442975,-43.59292333442975,0
cobyla,local_global,453,454.0,-43.59292333442975,-43.59292333442975,0
cobyla,local_global,454,455.0,-43.604286108919425,-43.604286108919425,0
cobyla,local_global,455,456.0,-43.604286108919425,-43.604286108919425,0
cobyla,local_global,456,457.0,-43.60692267032434,-43.60692267032434,0
cobyla,local_global,457,458.0,-43.60692267032434,-43.60692267032434,0
cobyla,local_global,458,459.0,-43.61208777614548,-43.61208777614548,0
cobyla,local_global,459,460.0,-43.61208777614548,-43.61208777614548,0
cobyla,local_global,460,461.0,-43.61208777614548,-43.61208777614548,0
cobyla,local_global,461,462.0,-43.61208777614548,-43.61208777614548,0
cobyla,local_global,462,463.0,-43.638531240335496,-43.638531240335496,0
cobyla,local_global,463,464.0,-43.638531240335496,-43.638531240335496,0
cobyla,local_global,464,465.0,-43.67855810664546,-43.67855810664546,0
cobyla,local_global,465,466.0,-43.67855810664546,-43.67855810664546,0
cobyla,local_global,466,467.0,-43.67855810664546,-43.67855810664546,0
cobyla,local_global,467,468.0,-43.67855810664546,-43.67855810664546,0
cobyla,local_global,468,469.0,-43.67855810664546,-43.67855810664546,0
cobyla,local_global,469,470.0,-43.67855810664546,-43.67855810664546,0
cobyla,local_global,470,471.0,-43.68187890791879,-43.68187890791879,0
cobyla,local_global,471,472.0,-43.68187890791879,-43.68187890791879,0
cobyla,local_global,472,473.0,-43.68919721841016,-43.68919721841016,0
cobyla,local_global,473,474.0,-43.68919721841016,-43.68919721841016,0
cobyla,local_global,474,475.0,-43.68919721841016,-43.68919721841016,0
cobyla,local_global,475,476.0,-43.68919721841016,-43.68919721841016,0
cobyla,local_global,476,477.0,-43.68919721841016,-43.68919721841016,0
cobyla,local_global,477,478.0,-43.68919721841016,-43.68919721841016,0
cobyla,local_global,478,479.0,-43.68919721841016,-43.68919721841016,0
cobyla,local_global,479,480.0,-43.68919721841016,-43.68919721841016,0
cobyla,local_global,480,481.0,-43.68919721841016,-43.68919721841016,0
cobyla,local_global,481,482.0,-43.68919721841016,-43.68919721841016,0
cobyla,local_global,482,483.0,-43.68919721841016,-43.68919721841016,0
cobyla,local_global,483,484.0,-43.68919721841016,-43.68919721841016,0
cobyla,local_global,484,485.0,-43.68919721841016,-43.68919721841016,0
cobyla,local_global,485,486.0,-43.68919721841016,-43.68919721841016,0
cobyla,local_global,486,487.0,-43.68919721841016,-43.68919721841016,0
cobyla,local_global,487,488.0,-43.68919721841016,-43.68919721841016,0
cobyla,local_global,488,489.0,-43.71048142967147,-43.71048142967147,0
cobyla,local_global,489,490.0,-43.71048142967147,-43.71048142967147,0
cobyla,local_global,490,491.0,-43.71048142967147,-43.71048142967147,0
cobyla,local_global,491,492.0,-43.71048142967147,-43.71048142967147,0
cobyla,local_global,492,493.0,-43.71048142967147,-43.71048142967147,0
cobyla,local_global,493,494.0,-43.71048142967147,-43.71048142967147,0
cobyla,local_global,494,495.0,-43.76017101976759,-43.76017101976759,0
cobyla,local_global,495,496.0,-43.76017101976759,-43.76017101976759,0
cobyla,local_global,496,497.0,-43.78258193203507,-43.78258193203507,0
cobyla,local_global,497,498.0,-43.78258193203507,-43.78258193203507,0
cobyla,local_global,498,499.0,-43.78258193203507,-43.78258193203507,0
cobyla,local_global,499,500.0,-43.78258193203507,-43.78258193203507,0
cobyla,local_global,500,501.0,-43.791476138314856,-43.791476138314856,0
cobyla,local_global,501,502.0,-43.791476138314856,-43.791476138314856,0
cobyla,local_global,502,503.0,-43.799043522229546,-43.799043522229546,0
cobyla,local_global,503,504.0,-43.799043522229546,-43.799043522229546,0
cobyla,local_global,504,505.0,-43.808288194631395,-43.808288194631395,0
cobyla,local_global,505,506.0,-43.808288194631395,-43.808288194631395,0
cobyla,local_global,506,507.0,-43.808288194631395,-43.808288194631395,0
cobyla,local_global,507,508.0,-43.808288194631395,-43.808288194631395,0
cobyla,local_global,508,509.0,-43.8270072755477,-43.8270072755477,0
cobyla,local_global,509,510.0,-43.89367375552753,-43.89367375552753,0
cobyla,local_global,510,511.0,-43.898135523492094,-43.898135523492094,0
cobyla,local_global,511,512.0,-43.898135523492094,-43.898135523492094,0
cobyla,local_global,512,513.0,-43.89979332672176,-43.89979332672176,0
cobyla,local_global,513,514.0,-43.89979332672176,-43.89979332672176,0
cobyla,local_global,514,515.0,-43.91204177301132,-43.91204177301132,0
cobyla,local_global,515,516.0,-43.91204177301132,-43.91204177301132,0
cobyla,local_global,516,517.0,-43.91204177301132,-43.91204177301132,0
cobyla,local_global,517,518.0,-43.91204177301132,-43.91204177301132,0
cobyla,local_global,518,519.0,-43.91204177301132,-43.91204177301132,0
cobyla,local_global,519,520.0,-43.91204177301132,-43.91204177301132,0
cobyla,local_global,520,521.0,-43.91204177301132,-43.91204177301132,0
cobyla,local_global,521,522.0,-43.95170207752361,-43.95170207752361,0
cobyla,local_global,522,523.0,-43.95170207752361,-43.95170207752361,0
cobyla,local_global,523,524.0,-43.95170207752361,-43.95170207752361,0
cobyla,local_global,524,525.0,-43.95170207752361,-43.95170207752361,0
cobyla,local_global,525,526.0,-43.95170207752361,-43.95170207752361,0
cobyla,local_global,526,527.0,-43.95170207752361,-43.95170207752361,0
cobyla,local_global,527,528.0,-43.95170207752361,-43.95170207752361,0
cobyla,local_global,528,529.0,-44.0166310437221,-44.0166310437221,0
cobyla,local_global,529,530.0,-44.0166310437221,-44.0166310437221,0
cobyla,local_global,530,531.0,-44.0166310437221,-44.0166310437221,0
cobyla,local_global,531,532.0,-44.0166310437221,-44.0166310437221,0
cobyla,local_global,532,533.0,-44.0166310437221,-44.0166310437221,0
cobyla,local_global,533,534.0,-44.02946763386641,-44.02946763386641,0
cobyla,local_global,534,535.0,-44.02946763386641,-44.02946763386641,0
cobyla,local_global,535,536.0,-44.02946763386641,-44.02946763386641,0
cobyla,local_global,536,537.0,-44.02946763386641,-44.02946763386641,0
cobyla,local_global,537,538.0,-44.02946763386641,-44.02946763386641,0
cobyla,local_global,538,539.0,-44.03633684251466,-44.03633684251466,0
cobyla,local_global,539,540.0,-44.03633684251466,-44.03633684251466,0
cobyla,local_global,540,541.0,-44.03873907358459,-44.03873907358459,0
cobyla,local_global,541,542.0,-44.03873907358459,-44.03873907358459,0
cobyla,local_global,542,543.0,-44.03873907358459,-44.03873907358459,0
cobyla,local_global,543,544.0,-44.03873907358459,-44.03873907358459,0
cobyla,local_global,544,545.0,-44.06914062738309,-44.06914062738309,0
cobyla,local_global,545,546.0,-44.06914062738309,-44.06914062738309,0
cobyla,local_global,546,547.0,-44.06914062738309,-44.06914062738309,0
cobyla,local_global,547,548.0,-44.06914062738309,-44.06914062738309,0
cobyla,local_global,548,549.0,-44.076229398509966,-44.076229398509966,0
cobyla,local_global,549,550.0,-44.076229398509966,-44.076229398509966,0
cobyla,local_global,550,551.0,-44.08152370649608,-44.08152370649608,0
cobyla,local_global,551,552.0,-44.08152370649608,-44.08152370649608,0
cobyla,local_global,552,553.0,-44.08152370649608,-44.08152370649608,0
cobyla,local_global,553,554.0,-44.08152370649608,-44.08152370649608,0
cobyla,local_global,554,555.0,-44.08152370649608,-44.08152370649608,0
cobyla,local_global,555,556.0,-44.08152370649608,-44.08152370649608,0
cobyla,local_global,556,557.0,-44.09764460912625,-44.09764460912625,0
cobyla,local_global,557,558.0,-44.09764460912625,-44.09764460912625,0
cobyla,local_global,558,559.0,-44.09764460912625,-44.09764460912625,0
cobyla,local_global,559,560.0,-44.09764460912625,-44.09764460912625,0
cobyla,local_global,560,561.0,-44.13824827084975,-44.13824827084975,0
cobyla,local_global,561,562.0,-44.13824827084975,-44.13824827084975,0
cobyla,local_global,562,563.0,-44.13824827084975,-44.13824827084975,0
cobyla,local_global,563,564.0,-44.13824827084975,-44.13824827084975,0
cobyla,local_global,564,565.0,-44.13824827084975,-44.13824827084975,0
cobyla,local_global,565,566.0,-44.15311650502703,-44.15311650502703,0
cobyla,local_global,566,567.0,-44.15311650502703,-44.15311650502703,0
cobyla,local_global,567,568.0,-44.15311650502703,-44.15311650502703,0
cobyla,local_global,568,569.0,-44.299041441578865,-44.299041441578865,0
cobyla,local_global,569,570.0,-44.299041441578865,-44.299041441578865,0
cobyla,local_global,570,571.0,-44.299041441578865,-44.299041441578865,0
cobyla,local_global,571,572.0,-44.299041441578865,-44.299041441578865,0
cobyla,local_global,572,573.0,-44.299041441578865,-44.299041441578865,0
cobyla,local_global,573,574.0,-44.299041441578865,-44.299041441578865,0
cobyla,local_global,574,575.0,-44.299041441578865,-44.299041441578865,0
cobyla,local_global,575,576.0,-44.299041441578865,-44.299041441578865,0
cobyla,local_global,576,577.0,-44.299041441578865,-44.299041441578865,0
cobyla,local_global,577,578.0,-44.299041441578865,-44.299041441578865,0
cobyla,local_global,578,579.0,-44.299041441578865,-44.299041441578865,0
cobyla,local_global,579,580.0,-44.299041441578865,-44.299041441578865,0
cobyla,local_global,580,581.0,-44.302011780776944,-44.302011780776944,0
cobyla,local_global,581,582.0,-44.302011780776944,-44.302011780776944,0
cobyla,local_global,582,583.0,-44.302011780776944,-44.302011780776944,0
cobyla,local_global,583,584.0,-44.302011780776944,-44.302011780776944,0
cobyla,local_global,584,585.0,-44.37371471002034,-44.37371471002034,0
cobyla,local_global,585,586.0,-44.37371471002034,-44.37371471002034,0
cobyla,local_global,586,587.0,-44.37371471002034,-44.37371471002034,0
cobyla,local_global,587,588.0,-44.37371471002034,-44.37371471002034,0
cobyla,local_global,588,589.0,-44.43244537314968,-44.43244537314968,0
cobyla,local_global,589,590.0,-44.43244537314968,-44.43244537314968,0
cobyla,local_global,590,591.0,-44.43244537314968,-44.43244537314968,0
cobyla,local_global,591,592.0,-44.43244537314968,-44.43244537314968,0
cobyla,local_global,592,593.0,-44.43244537314968,-44.43244537314968,0
cobyla,local_global,593,594.0,-44.43244537314968,-44.43244537314968,0
cobyla,local_global,594,595.0,-44.43244537314968,-44.43244537314968,0
cobyla,local_global,595,596.0,-44.43244537314968,-44.43244537314968,0
cobyla,local_global,596,597.0,-44.43244537314968,-44.43244537314968,0
cobyla,local_global,597,598.0,-44.43244537314968,-44.43244537314968,0
cobyla,local_global,598,599.0,-44.43495097418069,-44.43495097418069,0
cobyla,local_global,599,600.0,-44.43495097418069,-44.43495097418069,0
cobyla,local_global,600,601.0,-44.435504167293104,-44.435504167293104,0
cobyla,local_global,601,602.0,-44.435504167293104,-44.435504167293104,0
cobyla,local_global,602,603.0,-44.435504167293104,-44.435504167293104,0
cobyla,local_global,603,604.0,-44.435504167293104,-44.435504167293104,0
cobyla,local_global,604,605.0,-44.435504167293104,-44.435504167293104,0
cobyla,local_global,605,606.0,-44.435504167293104,-44.435504167293104,0
cobyla,local_global,606,607.0,-44.435504167293104,-44.435504167293104,0
cobyla,local_global,607,608.0,-44.435504167293104,-44.435504167293104,0
cobyla,local_global,608,609.0,-44.43587734103987,-44.43587734103987,0
cobyla,local_global,609,610.0,-44.43587734103987,-44.43587734103987,0
cobyla,local_global,610,611.0,-44.444039265930776,-44.444039265930776,0
cobyla,local_global,611,612.0,-44.444039265930776,-44.444039265930776,0
cobyla,local_global,612,613.0,-44.44506839786018,-44.44506839786018,0
cobyla,local_global,613,614.0,-44.44506839786018,-44.44506839786018,0
cobyla,local_global,614,615.0,-44.44529800549233,-44.44529800549233,0
cobyla,local_global,615,616.0,-44.44529800549233,-44.44529800549233,0
cobyla,local_global,616,617.0,-44.44529800549233,-44.44529800549233,0
cobyla,local_global,617,618.0,-44.44529800549233,-44.44529800549233,0
cobyla,local_global,618,619.0,-44.451693893353315,-44.451693893353315,0
cobyla,local_global,619,620.0,-44.451693893353315,-44.451693893353315,0
cobyla,local_global,620,621.0,-44.451693893353315,-44.451693893353315,0
cobyla,local_global,621,622.0,-44.451693893353315,-44.451693893353315,0
cobyla,local_global,622,623.0,-44.451693893353315,-44.451693893353315,0
cobyla,local_global,623,624.0,-44.451693893353315,-44.451693893353315,0
cobyla,local_global,624,625.0,-44.451693893353315,-44.451693893353315,0
cobyla,local_global,625,626.0,-44.451693893353315,-44.451693893353315,0
cobyla,local_global,626,627.0,-44.45423755699655,-44.45423755699655,0
cobyla,local_global,627,628.0,-44.45423755699655,-44.45423755699655,0
cobyla,local_global,628,629.0,-44.45423755699655,-44.45423755699655,0
cobyla,local_global,629,630.0,-44.45423755699655,-44.45423755699655,0
cobyla,local_global,630,631.0,-44.45423755699655,-44.45423755699655,0
cobyla,local_global,631,632.0,-44.45423755699655,-44.45423755699655,0
cobyla,local_global,632,633.0,-44.48858056430172,-44.48858056430172,0
cobyla,local_global,633,634.0,-44.48858056430172,-44.48858056430172,0
cobyla,local_global,634,635.0,-44.48858056430172,-44.48858056430172,0
cobyla,local_global,635,636.0,-44.48858056430172,-44.48858056430172,0
cobyla,local_global,636,637.0,-44.48858056430172,-44.48858056430172,0
cobyla,local_global,637,638.0,-44.48858056430172,-44.48858056430172,0
cobyla,local_global,638,639.0,-44.48858056430172,-44.48858056430172,0
cobyla,local_global,639,640.0,-44.48858056430172,-44.48858056430172,0
cobyla,local_global,640,641.0,-44.519075024895756,-44.519075024895756,0
cobyla,local_global,641,642.0,-44.519075024895756,-44.519075024895756,0
cobyla,local_global,642,643.0,-44.52634608570421,-44.52634608570421,0
cobyla,local_global,643,644.0,-44.52634608570421,-44.52634608570421,0
cobyla,local_global,644,645.0,-44.52634608570421,-44.52634608570421,0
cobyla,local_global,645,646.0,-44.52634608570421,-44.52634608570421,0
cobyla,local_global,646,647.0,-44.52634608570421,-44.52634608570421,0
cobyla,local_global,647,648.0,-44.52634608570421,-44.52634608570421,0
cobyla,local_global,648,649.0,-44.52634608570421,-44.52634608570421,0
cobyla,local_global,649,650.0,-44.52634608570421,-44.52634608570421,0
cobyla,local_global,650,651.0,-44.63529483428335,-44.63529483428335,0
cobyla,local_global,651,652.0,-44.63529483428335,-44.63529483428335,0
cobyla,local_global,652,653.0,-44.63529483428335,-44.63529483428335,0
cobyla,local_global,653,654.0,-44.63529483428335,-44.63529483428335,0
cobyla,local_global,654,655.0,-44.63529483428335,-44.63529483428335,0
cobyla,local_global,655,656.0,-44.63529483428335,-44.63529483428335,0
cobyla,local_global,656,657.0,-44.63529483428335,-44.63529483428335,0
cobyla,local_global,657,658.0,-44.63529483428335,-44.63529483428335,0
cobyla,local_global,658,659.0,-44.63529483428335,-44.63529483428335,0
cobyla,local_global,659,660.0,-44.63529483428335,-44.63529483428335,0
cobyla,local_global,660,661.0,-44.63529483428335,-44.63529483428335,0
cobyla,local_global,661,662.0,-44.63529483428335,-44.63529483428335,0
cobyla,local_global,662,663.0,-44.63529483428335,-44.63529483428335,0
cobyla,local_global,663,664.0,-44.63529483428335,-44.63529483428335,0
cobyla,local_global,664,665.0,-44.63529483428335,-44.63529483428335,0
cobyla,local_global,665,666.0,-44.63529483428335,-44.63529483428335,0
cobyla,local_global,666,667.0,-44.63529483428335,-44.63529483428335,0
cobyla,local_global,667,668.0,-44.63529483428335,-44.63529483428335,0
cobyla,local_global,668,669.0,-44.63529483428335,-44.63529483428335,0
cobyla,local_global,669,670.0,-44.63529483428335,-44.63529483428335,0
cobyla,local_global,670,671.0,-44.63529483428335,-44.63529483428335,0
cobyla,local_global,671,672.0,-44.63529483428335,-44.63529483428335,0
cobyla,local_global,672,673.0,-44.63529483428335,-44.63529483428335,0
cobyla,local_global,673,674.0,-44.63529483428335,-44.63529483428335,0
cobyla,local_global,674,675.0,-44.63529483428335,-44.63529483428335,0
cobyla,local_global,675,676.0,-44.63529483428335,-44.63529483428335,0
cobyla,local_global,676,677.0,-44.63529483428335,-44.63529483428335,0
cobyla,local_global,677,678.0,-44.63529483428335,-44.63529483428335,0
cobyla,local_global,678,679.0,-44.657659349216694,-44.657659349216694,0
cobyla,local_global,679,680.0,-44.657659349216694,-44.657659349216694,0
cobyla,local_global,680,681.0,-44.657659349216694,-44.657659349216694,0
cobyla,local_global,681,682.0,-44.657659349216694,-44.657659349216694,0
cobyla,local_global,682,683.0,-44.658311164391435,-44.658311164391435,0
cobyla,local_global,683,684.0,-44.658311164391435,-44.658311164391435,0
cobyla,local_global,684,685.0,-44.75586179733735,-44.75586179733735,0
cobyla,local_global,685,686.0,-44.75586179733735,-44.75586179733735,0
cobyla,local_global,686,687.0,-44.76734026745689,-44.76734026745689,0
cobyla,local_global,687,688.0,-44.76734026745689,-44.76734026745689,0
cobyla,local_global,688,689.0,-44.76734026745689,-44.76734026745689,0
cobyla,local_global,689,690.0,-44.76734026745689,-44.76734026745689,0
cobyla,local_global,690,691.0,-44.76734026745689,-44.76734026745689,0
cobyla,local_global,691,692.0,-44.76734026745689,-44.76734026745689,0
cobyla,local_global,692,693.0,-44.76734026745689,-44.76734026745689,0
cobyla,local_global,693,694.0,-44.76734026745689,-44.76734026745689,0
cobyla,local_global,694,695.0,-44.76734026745689,-44.76734026745689,0
cobyla,local_global,695,696.0,-44.76734026745689,-44.76734026745689,0
cobyla,local_global,696,697.0,-44.76734026745689,-44.76734026745689,0
cobyla,local_global,697,698.0,-44.76734026745689,-44.76734026745689,0
cobyla,local_global,698,699.0,-44.76734026745689,-44.76734026745689,0
cobyla,local_global,699,700.0,-44.76734026745689,-44.76734026745689,0
cobyla,local_global,700,701.0,-44.76734026745689,-44.76734026745689,0
cobyla,local_global,701,702.0,-44.76734026745689,-44.76734026745689,0
cobyla,local_global,702,703.0,-44.76734026745689,-44.76734026745689,0
cobyla,local_global,703,704.0,-44.76734026745689,-44.76734026745689,0
cobyla,local_global,704,705.0,-44.78513650778559,-44.78513650778559,0
cobyla,local_global,705,706.0,-44.82229698617466,-44.82229698617466,0
cobyla,local_global,706,707.0,-44.89550199924641,-44.89550199924641,0
cobyla,local_global,707,708.0,-44.89550199924641,-44.89550199924641,0
cobyla,local_global,708,709.0,-44.91198600364805,-44.91198600364805,0
cobyla,local_global,709,710.0,-44.91198600364805,-44.91198600364805,0
cobyla,local_global,710,711.0,-44.91198600364805,-44.91198600364805,0
cobyla,local_global,711,712.0,-44.91198600364805,-44.91198600364805,0
cobyla,local_global,712,713.0,-44.91198600364805,-44.91198600364805,0
cobyla,local_global,713,714.0,-44.91198600364805,-44.91198600364805,0
cobyla,local_global,714,715.0,-44.91198600364805,-44.91198600364805,0
cobyla,local_global,715,716.0,-44.91198600364805,-44.91198600364805,0
cobyla,local_global,716,717.0,-44.91198600364805,-44.91198600364805,0
cobyla,local_global,717,718.0,-44.91198600364805,-44.91198600364805,0
cobyla,local_global,718,719.0,-44.91198600364805,-44.91198600364805,0
cobyla,local_global,719,720.0,-44.91198600364805,-44.91198600364805,0
cobyla,local_global,720,721.0,-44.91198600364805,-44.91198600364805,0
cobyla,local_global,721,722.0,-44.91198600364805,-44.91198600364805,0
cobyla,local_global,722,723.0,-45.037401808426885,-45.037401808426885,0
cobyla,local_global,723,724.0,-45.91334939907416,-45.91334939907416,0
cobyla,local_global,724,725.0,-45.91334939907416,-45.91334939907416,0
cobyla,local_global,725,726.0,-45.91334939907416,-45.91334939907416,0
cobyla,local_global,726,727.0,-45.93569587634036,-45.93569587634036,0
cobyla,local_global,727,728.0,-45.93569587634036,-45.93569587634036,0
cobyla,local_global,728,729.0,-45.93569587634036,-45.93569587634036,0
cobyla,local_global,729,730.0,-45.93569587634036,-45.93569587634036,0
cobyla,local_global,730,731.0,-45.93569587634036,-45.93569587634036,0
cobyla,local_global,731,732.0,-45.93569587634036,-45.93569587634036,0
cobyla,local_global,732,733.0,-45.93569587634036,-45.93569587634036,0
cobyla,local_global,733,734.0,-45.93569587634036,-45.93569587634036,0
cobyla,local_global,734,735.0,-45.93569587634036,-45.93569587634036,0
cobyla,local_global,735,736.0,-45.93569587634036,-45.93569587634036,0
cobyla,local_global,736,737.0,-45.93569587634036,-45.93569587634036,0
cobyla,local_global,737,738.0,-45.93569587634036,-45.93569587634036,0
cobyla,local_global,738,739.0,-45.93569587634036,-45.93569587634036,0
cobyla,local_global,739,740.0,-45.93569587634036,-45.93569587634036,0
cobyla,local_global,740,741.0,-45.93569587634036,-45.93569587634036,0
cobyla,local_global,741,742.0,-45.93569587634036,-45.93569587634036,0
cobyla,local_global,742,743.0,-45.93569587634036,-45.93569587634036,0
cobyla,local_global,743,744.0,-45.93569587634036,-45.93569587634036,0
cobyla,local_global,744,745.0,-45.93569587634036,-45.93569587634036,0
cobyla,local_global,745,746.0,-45.93569587634036,-45.93569587634036,0
cobyla,local_global,746,747.0,-45.93569587634036,-45.93569587634036,0
cobyla,local_global,747,748.0,-45.93569587634036,-45.93569587634036,0
cobyla,local_global,748,749.0,-45.99027400934414,-45.99027400934414,0
cobyla,local_global,749,750.0,-45.99027400934414,-45.99027400934414,0
cobyla,local_global,750,751.0,-46.00530986258295,-46.00530986258295,0
cobyla,local_global,751,752.0,-46.00530986258295,-46.00530986258295,0
cobyla,local_global,752,753.0,-46.02281779596149,-46.02281779596149,0
cobyla,local_global,753,754.0,-46.02281779596149,-46.02281779596149,0
cobyla,local_global,754,755.0,-46.02281779596149,-46.02281779596149,0
cobyla,local_global,755,756.0,-46.02281779596149,-46.02281779596149,0
cobyla,local_global,756,757.0,-46.02281779596149,-46.02281779596149,0
cobyla,local_global,757,758.0,-46.02281779596149,-46.02281779596149,0
cobyla,local_global,758,759.0,-46.04268084098228,-46.04268084098228,0
cobyla,local_global,759,760.0,-46.04268084098228,-46.04268084098228,0
cobyla,local_global,760,761.0,-46.04268084098228,-46.04268084098228,0
cobyla,local_global,761,762.0,-46.04268084098228,-46.04268084098228,0
cobyla,local_global,762,763.0,-46.049329397890894,-46.049329397890894,0
cobyla,local_global,763,764.0,-46.049329397890894,-46.049329397890894,0
cobyla,local_global,764,765.0,-46.05133900184267,-46.05133900184267,0
cobyla,local_global,765,766.0,-46.05133900184267,-46.05133900184267,0
cobyla,local_global,766,767.0,-46.05161700287917,-46.05161700287917,0
cobyla,local_global,767,768.0,-46.05161700287917,-46.05161700287917,0
cobyla,local_global,768,769.0,-46.072631156687976,-46.072631156687976,0
cobyla,local_global,769,770.0,-46.072631156687976,-46.072631156687976,0
cobyla,local_global,770,771.0,-46.07386635711822,-46.07386635711822,0
cobyla,local_global,771,772.0,-46.07386635711822,-46.07386635711822,0
cobyla,local_global,772,773.0,-46.07386635711822,-46.07386635711822,0
cobyla,local_global,773,774.0,-46.07386635711822,-46.07386635711822,0
cobyla,local_global,774,775.0,-46.07386635711822,-46.07386635711822,0
cobyla,local_global,775,776.0,-46.07386635711822,-46.07386635711822,0
cobyla,local_global,776,777.0,-46.07422331633341,-46.07422331633341,0
cobyla,local_global,777,778.0,-46.07422331633341,-46.07422331633341,0
cobyla,local_global,778,779.0,-46.07422331633341,-46.07422331633341,0
cobyla,local_global,779,780.0,-46.07422331633341,-46.07422331633341,0
cobyla,local_global,780,781.0,-46.080721489576064,-46.080721489576064,0
cobyla,local_global,781,782.0,-46.080721489576064,-46.080721489576064,0
cobyla,local_global,782,783.0,-46.08126709386224,-46.08126709386224,0
cobyla,local_global,783,784.0,-46.08126709386224,-46.08126709386224,0
cobyla,local_global,784,785.0,-46.08126709386224,-46.08126709386224,0
cobyla,local_global,785,786.0,-46.08126709386224,-46.08126709386224,0
cobyla,local_global,786,787.0,-46.08126709386224,-46.08126709386224,0
cobyla,local_global,787,788.0,-46.08126709386224,-46.08126709386224,0
cobyla,local_global,788,789.0,-46.08126709386224,-46.08126709386224,0
cobyla,local_global,789,790.0,-46.08126709386224,-46.08126709386224,0
cobyla,local_global,790,791.0,-46.08126709386224,-46.08126709386224,0
cobyla,local_global,791,792.0,-46.08126709386224,-46.08126709386224,0
cobyla,local_global,792,793.0,-46.08360267137,-46.08360267137,0
cobyla,local_global,793,794.0,-46.08360267137,-46.08360267137,0
cobyla,local_global,794,795.0,-46.08360267137,-46.08360267137,0
cobyla,local_global,795,796.0,-46.08360267137,-46.08360267137,0
cobyla,local_global,796,797.0,-46.08360267137,-46.08360267137,0
cobyla,local_global,797,798.0,-46.08360267137,-46.08360267137,0
cobyla,local_global,798,799.0,-46.08360267137,-46.08360267137,0
cobyla,local_global,799,800.0,-46.08360267137,-46.08360267137,0
cobyla,local_global,800,801.0,-46.08360267137,-46.08360267137,0
cobyla,local_global,801,802.0,-46.08360267137,-46.08360267137,0
cobyla,local_global,802,803.0,-46.08457119728825,-46.08457119728825,0
cobyla,local_global,803,804.0,-46.08457119728825,-46.08457119728825,0
cobyla,local_global,804,805.0,-46.08457119728825,-46.08457119728825,0
cobyla,local_global,805,806.0,-46.08457119728825,-46.08457119728825,0
cobyla,local_global,806,807.0,-46.08457119728825,-46.08457119728825,0
cobyla,local_global,807,808.0,-46.08457119728825,-46.08457119728825,0
cobyla,local_global,808,809.0,-46.08457119728825,-46.08457119728825,0
cobyla,local_global,809,810.0,-46.08457119728825,-46.08457119728825,0
cobyla,local_global,810,811.0,-46.08457119728825,-46.08457119728825,0
cobyla,local_global,811,812.0,-46.08457119728825,-46.08457119728825,0
cobyla,local_global,812,813.0,-46.08457119728825,-46.08457119728825,0
cobyla,local_global,813,814.0,-46.08457119728825,-46.08457119728825,0
cobyla,local_global,814,815.0,-46.08457119728825,-46.08457119728825,0
cobyla,local_global,815,816.0,-46.08457119728825,-46.08457119728825,0
cobyla,local_global,816,817.0,-46.08457119728825,-46.08457119728825,0
cobyla,local_global,817,818.0,-46.08457119728825,-46.08457119728825,0
cobyla,local_global,818,819.0,-46.08457119728825,-46.08457119728825,0
cobyla,local_global,819,820.0,-46.08457119728825,-46.08457119728825,0
cobyla,local_global,820,821.0,-46.08457119728825,-46.08457119728825,0
cobyla,local_global,821,822.0,-46.08457119728825,-46.08457119728825,0
cobyla,local_global,822,823.0,-46.08457119728825,-46.08457119728825,0
cobyla,local_global,823,824.0,-46.08457119728825,-46.08457119728825,0
cobyla,local_global,824,825.0,-46.08457119728825,-46.08457119728825,0
cobyla,local_global,825,826.0,-46.08457119728825,-46.08457119728825,0
cobyla,local_global,826,827.0,-46.12604264053731,-46.12604264053731,0
cobyla,local_global,827,828.0,-46.12604264053731,-46.12604264053731,0
cobyla,local_global,828,829.0,-46.16765589627736,-46.16765589627736,0
cobyla,local_global,829,830.0,-46.16765589627736,-46.16765589627736,0
cobyla,local_global,830,831.0,-46.16765589627736,-46.16765589627736,0
cobyla,local_global,831,832.0,-46.16765589627736,-46.16765589627736,0
cobyla,local_global,832,833.0,-46.16765589627736,-46.16765589627736,0
cobyla,local_global,833,834.0,-46.16765589627736,-46.16765589627736,0
cobyla,local_global,834,835.0,-46.20536945642482,-46.20536945642482,0
cobyla,local_global,835,836.0,-46.20536945642482,-46.20536945642482,0
cobyla,local_global,836,837.0,-46.20536945642482,-46.20536945642482,0
cobyla,local_global,837,838.0,-46.20536945642482,-46.20536945642482,0
cobyla,local_global,838,839.0,-46.20536945642482,-46.20536945642482,0
cobyla,local_global,839,840.0,-46.20536945642482,-46.20536945642482,0
cobyla,local_global,840,841.0,-46.25645243446737,-46.25645243446737,0
cobyla,local_global,841,842.0,-46.25645243446737,-46.25645243446737,0
cobyla,local_global,842,843.0,-46.25645243446737,-46.25645243446737,0
cobyla,local_global,843,844.0,-46.25645243446737,-46.25645243446737,0
cobyla,local_global,844,845.0,-46.25645243446737,-46.25645243446737,0
cobyla,local_global,845,846.0,-46.25645243446737,-46.25645243446737,0
cobyla,local_global,846,847.0,-46.25645243446737,-46.25645243446737,0
cobyla,local_global,847,848.0,-46.25645243446737,-46.25645243446737,0
cobyla,local_global,848,849.0,-46.25645243446737,-46.25645243446737,0
cobyla,local_global,849,850.0,-46.25645243446737,-46.25645243446737,0
cobyla,local_global,850,851.0,-46.25645243446737,-46.25645243446737,0
cobyla,local_global,851,852.0,-46.25645243446737,-46.25645243446737,0
cobyla,local_global,852,853.0,-46.25645243446737,-46.25645243446737,0
cobyla,local_global,853,854.0,-46.25645243446737,-46.25645243446737,0
cobyla,local_global,854,855.0,-46.25645243446737,-46.25645243446737,0
cobyla,local_global,855,856.0,-46.25645243446737,-46.25645243446737,0
cobyla,local_global,856,857.0,-46.25645243446737,-46.25645243446737,0
cobyla,local_global,857,858.0,-46.25645243446737,-46.25645243446737,0
cobyla,local_global,858,859.0,-46.25645243446737,-46.25645243446737,0
cobyla,local_global,859,860.0,-46.25645243446737,-46.25645243446737,0
cobyla,local_global,860,861.0,-46.25645243446737,-46.25645243446737,0
cobyla,local_global,861,862.0,-46.25645243446737,-46.25645243446737,0
cobyla,local_global,862,863.0,-46.25645243446737,-46.25645243446737,0
cobyla,local_global,863,864.0,-46.25645243446737,-46.25645243446737,0
cobyla,local_global,864,865.0,-46.25645243446737,-46.25645243446737,0
cobyla,local_global,865,866.0,-46.25645243446737,-46.25645243446737,0
cobyla,local_global,866,867.0,-46.25645243446737,-46.25645243446737,0
cobyla,local_global,867,868.0,-46.25645243446737,-46.25645243446737,0
cobyla,local_global,868,869.0,-46.25645243446737,-46.25645243446737,0
cobyla,local_global,869,870.0,-46.25645243446737,-46.25645243446737,0
cobyla,local_global,870,871.0,-46.31632555454074,-46.31632555454074,0
cobyla,local_global,871,872.0,-46.31632555454074,-46.31632555454074,0
cobyla,local_global,872,873.0,-46.31632555454074,-46.31632555454074,0
cobyla,local_global,873,874.0,-46.31632555454074,-46.31632555454074,0
cobyla,local_global,874,875.0,-46.31632555454074,-46.31632555454074,0
cobyla,local_global,875,876.0,-46.31632555454074,-46.31632555454074,0
cobyla,local_global,876,877.0,-46.31632555454074,-46.31632555454074,0
cobyla,local_global,877,878.0,-46.31632555454074,-46.31632555454074,0
cobyla,local_global,878,879.0,-46.33523549098701,-46.33523549098701,0
cobyla,local_global,879,880.0,-46.33523549098701,-46.33523549098701,0
cobyla,local_global,880,881.0,-46.33523549098701,-46.33523549098701,0
cobyla,local_global,881,882.0,-46.33523549098701,-46.33523549098701,0
cobyla,local_global,882,883.0,-46.33523549098701,-46.33523549098701,0
cobyla,local_global,883,884.0,-46.33523549098701,-46.33523549098701,0
cobyla,local_global,884,885.0,-46.33523549098701,-46.33523549098701,0
cobyla,local_global,885,886.0,-46.33523549098701,-46.33523549098701,0
cobyla,local_global,886,887.0,-46.33523549098701,-46.33523549098701,0
cobyla,local_global,887,888.0,-46.33523549098701,-46.33523549098701,0
cobyla,local_global,888,889.0,-46.33523549098701,-46.33523549098701,0
cobyla,local_global,889,890.0,-46.33523549098701,-46.33523549098701,0
cobyla,local_global,890,891.0,-46.33523549098701,-46.33523549098701,0
cobyla,local_global,891,892.0,-46.33523549098701,-46.33523549098701,0
cobyla,local_global,892,893.0,-46.33523549098701,-46.33523549098701,0
cobyla,local_global,893,894.0,-46.33523549098701,-46.33523549098701,0
cobyla,local_global,894,895.0,-46.33523549098701,-46.33523549098701,0
cobyla,local_global,895,896.0,-46.33523549098701,-46.33523549098701,0
cobyla,local_global,896,897.0,-46.33523549098701,-46.33523549098701,0
cobyla,local_global,897,898.0,-46.33523549098701,-46.33523549098701,0
cobyla,local_global,898,899.0,-46.33523549098701,-46.33523549098701,0
cobyla,local_global,899,900.0,-46.33523549098701,-46.33523549098701,0
cobyla,local_global,900,901.0,-46.33523549098701,-46.33523549098701,0
cobyla,local_global,901,902.0,-46.33523549098701,-46.33523549098701,0
cobyla,local_global,902,903.0,-46.33523549098701,-46.33523549098701,0
cobyla,local_global,903,904.0,-46.33523549098701,-46.33523549098701,0
cobyla,local_global,904,905.0,-46.33523549098701,-46.33523549098701,0
cobyla,local_global,905,906.0,-46.33523549098701,-46.33523549098701,0
cobyla,local_global,906,907.0,-46.33523549098701,-46.33523549098701,0
cobyla,local_global,907,908.0,-46.33523549098701,-46.33523549098701,0
cobyla,local_global,908,909.0,-46.33523549098701,-46.33523549098701,0
cobyla,local_global,909,910.0,-46.33523549098701,-46.33523549098701,0
cobyla,local_global,910,911.0,-46.33523549098701,-46.33523549098701,0
cobyla,local_global,911,912.0,-46.33523549098701,-46.33523549098701,0
cobyla,local_global,912,913.0,-46.33523549098701,-46.33523549098701,0
cobyla,local_global,913,914.0,-46.33523549098701,-46.33523549098701,0
cobyla,local_global,914,915.0,-46.33523549098701,-46.33523549098701,0
cobyla,local_global,915,916.0,-46.33523549098701,-46.33523549098701,0
cobyla,local_global,916,917.0,-46.33523549098701,-46.33523549098701,0
cobyla,local_global,917,918.0,-46.33523549098701,-46.33523549098701,0
cobyla,local_global,918,919.0,-46.365148423995926,-46.365148423995926,0
cobyla,local_global,919,920.0,-46.365148423995926,-46.365148423995926,0
cobyla,local_global,920,921.0,-46.365148423995926,-46.365148423995926,0
cobyla,local_global,921,922.0,-46.365148423995926,-46.365148423995926,0
cobyla,local_global,922,923.0,-46.38297930001654,-46.38297930001654,0
cobyla,local_global,923,924.0,-46.38297930001654,-46.38297930001654,0
cobyla,local_global,924,925.0,-46.39342289826041,-46.39342289826041,0
cobyla,local_global,925,926.0,-46.39342289826041,-46.39342289826041,0
cobyla,local_global,926,927.0,-46.42107513836942,-46.42107513836942,0
cobyla,local_global,927,928.0,-46.42107513836942,-46.42107513836942,0
cobyla,local_global,928,929.0,-46.423367554264594,-46.423367554264594,0
cobyla,local_global,929,930.0,-46.423367554264594,-46.423367554264594,0
cobyla,local_global,930,931.0,-46.42376406190779,-46.42376406190779,0
cobyla,local_global,931,932.0,-46.42376406190779,-46.42376406190779,0
cobyla,local_global,932,933.0,-46.42376406190779,-46.42376406190779,0
cobyla,local_global,933,934.0,-46.42376406190779,-46.42376406190779,0
cobyla,local_global,934,935.0,-46.42376406190779,-46.42376406190779,0
cobyla,local_global,935,936.0,-46.42376406190779,-46.42376406190779,0
cobyla,local_global,936,937.0,-46.42376406190779,-46.42376406190779,0
cobyla,local_global,937,938.0,-46.42376406190779,-46.42376406190779,0
cobyla,local_global,938,939.0,-46.42397609725704,-46.42397609725704,0
cobyla,local_global,939,940.0,-46.42397609725704,-46.42397609725704,0
cobyla,local_global,940,941.0,-46.42397609725704,-46.42397609725704,0
cobyla,local_global,941,942.0,-46.42397609725704,-46.42397609725704,0
cobyla,local_global,942,943.0,-46.42458765533958,-46.42458765533958,0
cobyla,local_global,943,944.0,-46.42458765533958,-46.42458765533958,0
cobyla,local_global,944,945.0,-46.43235318744319,-46.43235318744319,0
cobyla,local_global,945,946.0,-46.43235318744319,-46.43235318744319,0
cobyla,local_global,946,947.0,-46.46658715412502,-46.46658715412502,0
cobyla,local_global,947,948.0,-46.46658715412502,-46.46658715412502,0
cobyla,local_global,948,949.0,-46.46658715412502,-46.46658715412502,0
cobyla,local_global,949,950.0,-46.46658715412502,-46.46658715412502,0
cobyla,local_global,950,951.0,-46.46658715412502,-46.46658715412502,0
cobyla,local_global,951,952.0,-46.46658715412502,-46.46658715412502,0
cobyla,local_global,952,953.0,-46.46658715412502,-46.46658715412502,0
cobyla,local_global,953,954.0,-46.46658715412502,-46.46658715412502,0
cobyla,local_global,954,955.0,-46.49560574462275,-46.49560574462275,0
cobyla,local_global,955,956.0,-46.49560574462275,-46.49560574462275,0
cobyla,local_global,956,957.0,-46.49560574462275,-46.49560574462275,0
cobyla,local_global,957,958.0,-46.49560574462275,-46.49560574462275,0
cobyla,local_global,958,959.0,-46.49560574462275,-46.49560574462275,0
cobyla,local_global,959,960.0,-46.49560574462275,-46.49560574462275,0
cobyla,local_global,960,961.0,-46.50235907770308,-46.50235907770308,0
cobyla,local_global,961,962.0,-46.50235907770308,-46.50235907770308,0
cobyla,local_global,962,963.0,-46.50235907770308,-46.50235907770308,0
cobyla,local_global,963,964.0,-46.50235907770308,-46.50235907770308,0
cobyla,local_global,964,965.0,-46.50235907770308,-46.50235907770308,0
cobyla,local_global,965,966.0,-46.50235907770308,-46.50235907770308,0
cobyla,local_global,966,967.0,-46.50242497594615,-46.50242497594615,0
cobyla,local_global,967,968.0,-46.50242497594615,-46.50242497594615,0
cobyla,local_global,968,969.0,-46.50242497594615,-46.50242497594615,0
cobyla,local_global,969,970.0,-46.50242497594615,-46.50242497594615,0
cobyla,local_global,970,971.0,-46.50280726612975,-46.50280726612975,0
cobyla,local_global,971,972.0,-46.50280726612975,-46.50280726612975,0
cobyla,local_global,972,973.0,-46.50280726612975,-46.50280726612975,0
cobyla,local_global,973,974.0,-46.50280726612975,-46.50280726612975,0
cobyla,local_global,974,975.0,-46.50429474680911,-46.50429474680911,0
cobyla,local_global,975,976.0,-46.50429474680911,-46.50429474680911,0
cobyla,local_global,976,977.0,-46.50429474680911,-46.50429474680911,0
cobyla,local_global,977,978.0,-46.50429474680911,-46.50429474680911,0
cobyla,local_global,978,979.0,-46.50429474680911,-46.50429474680911,0
cobyla,local_global,979,980.0,-46.50429474680911,-46.50429474680911,0
cobyla,local_global,980,981.0,-46.50429474680911,-46.50429474680911,0
cobyla,local_global,981,982.0,-46.50429474680911,-46.50429474680911,0
cobyla,local_global,982,983.0,-46.50429474680911,-46.50429474680911,0
cobyla,local_global,983,984.0,-46.50429474680911,-46.50429474680911,0
cobyla,local_global,984,985.0,-46.50429474680911,-46.50429474680911,0
cobyla,local_global,985,986.0,-46.50429474680911,-46.50429474680911,0
cobyla,local_global,986,987.0,-46.50429474680911,-46.50429474680911,0
cobyla,local_global,987,988.0,-46.50429474680911,-46.50429474680911,0
cobyla,local_global,988,989.0,-46.50429474680911,-46.50429474680911,0
cobyla,local_global,989,990.0,-46.50429474680911,-46.50429474680911,0
cobyla,local_global,990,991.0,-46.50429474680911,-46.50429474680911,0
cobyla,local_global,991,992.0,-46.50429474680911,-46.50429474680911,0
cobyla,local_global,992,993.0,-46.50429474680911,-46.50429474680911,0
cobyla,local_global,993,994.0,-46.50429474680911,-46.50429474680911,0
cobyla,local_global,994,995.0,-46.50429474680911,-46.50429474680911,0
cobyla,local_global,995,996.0,-46.50429474680911,-46.50429474680911,0
cobyla,local_global,996,997.0,-46.50429474680911,-46.50429474680911,0
cobyla,local_global,997,998.0,-46.50429474680911,-46.50429474680911,0
cobyla,local_global,998,999.0,-46.50429474680911,-46.50429474680911,0
cobyla,local_global,999,1000.0,-46.50429474680911,-46.50429474680911,0
cobyla,adiabatic,0,1.0,0.49534461062368057,-35.42848103935217,0
cobyla,adiabatic,1,2.0,0.4938578354633078,-35.32645104712144,0
cobyla,adiabatic,2,3.0,0.492191909171227,-35.21877170589768,0
cobyla,adiabatic,3,4.0,0.4893319578354917,-35.36217289870499,0
cobyla,adiabatic,4,5.0,0.4893319578354917,-35.36217289870499,0
cobyla,adiabatic,5,6.0,0.47942600286991904,-35.93766623728866,0
cobyla,adiabatic,6,7.0,0.4790412344187708,-35.98379975769023,0
cobyla,adiabatic,7,8.0,0.4790412344187708,-35.98379975769023,0
cobyla,adiabatic,8,9.0,0.4790412344187708,-35.98379975769023,0
cobyla,adiabatic,9,10.0,0.4790412344187708,-35.98379975769023,0
cobyla,adiabatic,10,11.0,0.4790412344187708,-35.98379975769023,0
cobyla,adiabatic,11,12.0,0.4790412344187708,-35.98379975769023,0
cobyla,adiabatic,12,13.0,0.4790412344187708,-35.98379975769023,0
cobyla,adiabatic,13,14.0,0.4790412344187708,-35.98379975769023,0
cobyla,adiabatic,14,15.0,0.4790412344187708,-35.98379975769023,0
cobyla,adiabatic,15,16.0,0.4790412344187708,-35.98379975769023,0
cobyla,adiabatic,16,17.0,0.4790412344187708,-35.98379975769023,0
cobyla,adiabatic,17,18.0,0.4790412344187708,-35.98379975769023,0
cobyla,adiabatic,18,19.0,0.47679030385512056,-35.999145346358524,0
cobyla,adiabatic,19,20.0,0.47679030385512056,-35.999145346358524,0
cobyla,adiabatic,20,21.0,0.47679030385512056,-35.999145346358524,0
cobyla,adiabatic,21,22.0,0.4739075774771874,-36.0396304196572,0
cobyla,adiabatic,22,23.0,0.4739075774771874,-36.0396304196572,0
cobyla,adiabatic,23,24.0,0.47361882883196527,-36.02294365675222,0
cobyla,adiabatic,24,25.0,0.47361882883196527,-36.02294365675222,0
cobyla,adiabatic,25,26.0,0.47361882883196527,-36.02294365675222,0
cobyla,adiabatic,26,27.0,0.473617047654218,-36.05664888809774,0
cobyla,adiabatic,27,28.0,0.47195717936815557,-36.05237686192785,0
cobyla,adiabatic,28,29.0,0.4703460852533382,-36.033607885900935,0
cobyla,adiabatic,29,30.0,0.4703460852533382,-36.033607885900935,0
cobyla,adiabatic,30,31.0,0.4703460852533382,-36.033607885900935,0
cobyla,adiabatic,31,32.0,0.46972420057448194,-36.018980763113035,0
cobyla,adiabatic,32,33.0,0.4683247079904253,-36.03419761146818,0
cobyla,adiabatic,33,34.0,0.46618175556993036,-36.46464612427576,0
cobyla,adiabatic,34,35.0,0.4657850850723844,-36.43538096629581,0
cobyla,adiabatic,35,36.0,0.4657850850723844,-36.43538096629581,0
cobyla,adiabatic,36,37.0,0.465330607596377,-36.6196293688971,0
cobyla,adiabatic,37,38.0,0.465330607596377,-36.6196293688971,0
cobyla,adiabatic,38,39.0,0.465330607596377,-36.6196293688971,0
cobyla,adiabatic,39,40.0,0.465330607596377,-36.6196293688971,0
cobyla,adiabatic,40,41.0,0.465330607596377,-36.6196293688971,0
cobyla,adiabatic,41,42.0,0.465330607596377,-36.6196293688971,0
cobyla,adiabatic,42,43.0,0.465330607596377,-36.6196293688971,0
cobyla,adiabatic,43,44.0,0.465330607596377,-36.6196293688971,0
cobyla,adiabatic,44,45.0,0.465330607596377,-36.6196293688971,0
cobyla,adiabatic,45,46.0,0.46298678225123424,-36.64951872849769,0
cobyla,adiabatic,46,47.0,0.46298678225123424,-36.64951872849769,0
cobyla,adiabatic,47,48.0,0.46298678225123424,-36.64951872849769,0
cobyla,adiabatic,48,49.0,0.46298678225123424,-36.64951872849769,0
cobyla,adiabatic,49,50.0,0.4620072503681337,-36.70372854543645,0
cobyla,adiabatic,50,51.0,0.4620072503681337,-36.70372854543645,0
cobyla,adiabatic,51,52.0,0.4620072503681337,-36.70372854543645,0
cobyla,adiabatic,52,53.0,0.4620072503681337,-36.70372854543645,0
cobyla,adiabatic,53,54.0,0.4620072503681337,-36.70372854543645,0
cobyla,adiabatic,54,55.0,0.4620072503681337,-36.70372854543645,0
cobyla,adiabatic,55,56.0,0.4620072503681337,-36.70372854543645,0
cobyla,adiabatic,56,57.0,0.4620072503681337,-36.70372854543645,0
cobyla,adiabatic,57,58.0,0.46195902042504744,-36.66668628890432,0
cobyla,adiabatic,58,59.0,0.46185364917998534,-36.64388457275752,0
cobyla,adiabatic,59,60.0,0.4618005174343469,-36.694434640782724,0
cobyla,adiabatic,60,61.0,0.4618005174343469,-36.694434640782724,0
cobyla,adiabatic,61,62.0,0.4618005174343469,-36.694434640782724,0
cobyla,adiabatic,62,63.0,0.4618005174343469,-36.694434640782724,0
cobyla,adiabatic,63,64.0,0.4618005174343469,-36.694434640782724,0
cobyla,adiabatic,64,65.0,0.4618005174343469,-36.694434640782724,0
cobyla,adiabatic,65,66.0,0.4618005174343469,-36.694434640782724,0
cobyla,adiabatic,66,67.0,0.4618005174343469,-36.694434640782724,0
cobyla,adiabatic,67,68.0,0.4618005174343469,-36.694434640782724,0
cobyla,adiabatic,68,69.0,0.4618005174343469,-36.694434640782724,0
cobyla,adiabatic,69,70.0,0.4591626656307258,-37.515649550089464,0
cobyla,adiabatic,70,71.0,0.45894554043446206,-37.557627898283,0
cobyla,adiabatic,71,72.0,0.45894554043446206,-37.557627898283,0
cobyla,adiabatic,72,73.0,0.45894554043446206,-37.557627898283,0
cobyla,adiabatic,73,74.0,0.45894554043446206,-37.557627898283,0
cobyla,adiabatic,74,75.0,0.45848850038263916,-37.56157932251654,0
cobyla,adiabatic,75,76.0,0.45797086632906214,-37.58018748765492,0
cobyla,adiabatic,76,77.0,0.45797086632906214,-37.58018748765492,0
cobyla,adiabatic,77,78.0,0.457477463768772,-37.62273171682993,0
cobyla,adiabatic,78,79.0,0.457477463768772,-37.62273171682993,0
cobyla,adiabatic,79,80.0,0.457477463768772,-37.62273171682993,0
cobyla,adiabatic,80,81.0,0.457477463768772,-37.62273171682993,0
cobyla,adiabatic,81,82.0,0.4561885615821384,-37.57594221352044,0
cobyla,adiabatic,82,83.0,0.4561885615821384,-37.57594221352044,0
cobyla,adiabatic,83,84.0,0.45451038262917004,-37.65384079587128,0
cobyla,adiabatic,84,85.0,0.45443851816188785,-37.63361689657994,0
cobyla,adiabatic,85,86.0,0.45443851816188785,-37.63361689657994,0
cobyla,adiabatic,86,87.0,0.45443851816188785,-37.63361689657994,0
cobyla,adiabatic,87,88.0,0.45291323900917013,-37.631757127773746,0
cobyla,adiabatic,88,89.0,0.45291323900917013,-37.631757127773746,0
cobyla,adiabatic,89,90.0,0.45291323900917013,-37.631757127773746,0
cobyla,adiabatic,90,91.0,0.45291323900917013,-37.631757127773746,0
cobyla,adiabatic,91,92.0,0.45283569481065605,-37.64883099783636,0
cobyla,adiabatic,92,93.0,0.4520273491334494,-37.654284080520284,0
cobyla,adiabatic,93,94.0,0.45056485075660363,-37.677702750122506,0
cobyla,adiabatic,94,95.0,0.45056485075660363,-37.677702750122506,0
cobyla,adiabatic,95,96.0,0.45053915780808595,-37.674829542775996,0
cobyla,adiabatic,96,97.0,0.45053915780808595,-37.674829542775996,0
cobyla,adiabatic,97,98.0,0.4502074772057524,-37.680204040603414,0
cobyla,adiabatic,98,99.0,0.4502074772057524,-37.680204040603414,0
cobyla,adiabatic,99,100.0,0.4493309952698083,-37.63072009168699,0
cobyla,adiabatic,100,101.0,-3.781785792169819,-37.63072009168699,0
cobyla,adiabatic,101,102.0,-3.781785792169819,-37.63072009168699,0
cobyla,adiabatic,102,103.0,-3.781785792169819,-37.63072009168699,0
cobyla,adiabatic,103,104.0,-3.781785792169819,-37.63072009168699,0
cobyla,adiabatic,104,105.0,-3.781785792169819,-37.63072009168699,0
cobyla,adiabatic,105,106.0,-3.781785792169819,-37.63072009168699,0
cobyla,adiabatic,106,107.0,-3.7829097131971996,-37.64076587821447,0
cobyla,adiabatic,107,108.0,-3.7829097131971996,-37.64076587821447,0
cobyla,adiabatic,108,109.0,-3.7829097131971996,-37.64076587821447,0
cobyla,adiabatic,109,110.0,-3.7829097131971996,-37.64076587821447,0
cobyla,adiabatic,110,111.0,-3.7829097131971996,-37.64076587821447,0
cobyla,adiabatic,111,112.0,-3.7829097131971996,-37.64076587821447,0
cobyla,adiabatic,112,113.0,-3.7829097131971996,-37.64076587821447,0
cobyla,adiabatic,113,114.0,-3.7829097131971996,-37.64076587821447,0
cobyla,adiabatic,114,115.0,-3.7829097131971996,-37.64076587821447,0
cobyla,adiabatic,115,116.0,-3.7829097131971996,-37.64076587821447,0
cobyla,adiabatic,116,117.0,-3.7829097131971996,-37.64076587821447,0
cobyla,adiabatic,117,118.0,-3.7829097131971996,-37.64076587821447,0
cobyla,adiabatic,118,119.0,-3.7829097131971996,-37.64076587821447,0
cobyla,adiabatic,119,120.0,-3.7829097131971996,-37.64076587821447,0
cobyla,adiabatic,120,121.0,-3.7829097131971996,-37.64076587821447,0
cobyla,adiabatic,121,122.0,-3.787035152186167,-37.66081455708038,0
cobyla,adiabatic,122,123.0,-3.787035152186167,-37.66081455708038,0
cobyla,adiabatic,123,124.0,-3.787035152186167,-37.66081455708038,0
cobyla,adiabatic,124,125.0,-3.787035152186167,-37.66081455708038,0
cobyla,adiabatic,125,126.0,-3.787035152186167,-37.66081455708038,0
cobyla,adiabatic,126,127.0,-3.787035152186167,-37.66081455708038,0
cobyla,adiabatic,127,128.0,-3.787035152186167,-37.66081455708038,0
cobyla,adiabatic,128,129.0,-3.787035152186167,-37.66081455708038,0
cobyla,adiabatic,129,130.0,-3.7920986209577947,-37.71592673562267,0
cobyla,adiabatic,130,131.0,-3.798464816688876,-37.747448383334785,0
cobyla,adiabatic,131,132.0,-3.798464816688876,-37.747448383334785,0
cobyla,adiabatic,132,133.0,-3.798464816688876,-37.747448383334785,0
cobyla,adiabatic,133,134.0,-3.798464816688876,-37.747448383334785,0
cobyla,adiabatic,134,135.0,-3.798464816688876,-37.747448383334785,0
cobyla,adiabatic,135,136.0,-3.798464816688876,-37.747448383334785,0
cobyla,adiabatic,136,137.0,-3.798464816688876,-37.747448383334785,0
cobyla,adiabatic,137,138.0,-3.798464816688876,-37.747448383334785,0
cobyla,adiabatic,138,139.0,-3.798464816688876,-37.747448383334785,0
cobyla,adiabatic,139,140.0,-3.798464816688876,-37.747448383334785,0
cobyla,adiabatic,140,141.0,-3.798464816688876,-37.747448383334785,0
cobyla,adiabatic,141,142.0,-3.798464816688876,-37.747448383334785,0
cobyla,adiabatic,142,143.0,-3.798464816688876,-37.747448383334785,0
cobyla,adiabatic,143,144.0,-3.798464816688876,-37.747448383334785,0
cobyla,adiabatic,144,145.0,-3.798464816688876,-37.747448383334785,0
cobyla,adiabatic,145,146.0,-3.80860253353857,-37.81760441110045,0
cobyla,adiabatic,146,147.0,-3.812501479185166,-37.84317823804655,0
cobyla,adiabatic,147,148.0,-3.812501479185166,-37.84317823804655,0
cobyla,adiabatic,148,149.0,-3.812501479185166,-37.84317823804655,0
cobyla,adiabatic,149,150.0,-3.812501479185166,-37.84317823804655,0
cobyla,adiabatic,150,151.0,-3.812501479185166,-37.84317823804655,0
cobyla,adiabatic,151,152.0,-3.812501479185166,-37.84317823804655,0
cobyla,adiabatic,152,153.0,-3.812501479185166,-37.84317823804655,0
cobyla,adiabatic,153,154.0,-3.812501479185166,-37.84317823804655,0
cobyla,adiabatic,154,155.0,-3.812501479185166,-37.84317823804655,0
cobyla,adiabatic,155,156.0,-3.812501479185166,-37.84317823804655,0
cobyla,adiabatic,156,157.0,-3.812501479185166,-37.84317823804655,0
cobyla,adiabatic,157,158.0,-3.812501479185166,-37.84317823804655,0
cobyla,adiabatic,158,159.0,-3.8132609821960273,-37.87598771097485,0
cobyla,adiabatic,159,160.0,-3.8132609821960273,-37.87598771097485,0
cobyla,adiabatic,160,161.0,-3.8132609821960273,-37.87598771097485,0
cobyla,adiabatic,161,162.0,-3.8132609821960273,-37.87598771097485,0
cobyla,adiabatic,162,163.0,-3.8132609821960273,-37.87598771097485,0
cobyla,adiabatic,163,164.0,-3.8132609821960273,-37.87598771097485,0
cobyla,adiabatic,164,165.0,-3.8141586100925564,-37.877323859083965,0
cobyla,adiabatic,165,166.0,-3.8141586100925564,-37.877323859083965,0
cobyla,adiabatic,166,167.0,-3.8141586100925564,-37.877323859083965,0
cobyla,adiabatic,167,168.0,-3.8141586100925564,-37.877323859083965,0
cobyla,adiabatic,168,169.0,-3.8141586100925564,-37.877323859083965,0
cobyla,adiabatic,169,170.0,-3.8141586100925564,-37.877323859083965,0
cobyla,adiabatic,170,171.0,-3.8141586100925564,-37.877323859083965,0
cobyla,adiabatic,171,172.0,-3.8141586100925564,-37.877323859083965,0
cobyla,adiabatic,172,173.0,-3.8141586100925564,-37.877323859083965,0
cobyla,adiabatic,173,174.0,-3.8141586100925564,-37.877323859083965,0
cobyla,adiabatic,174,175.0,-3.8141586100925564,-37.877323859083965,0
cobyla,adiabatic,175,176.0,-3.8141586100925564,-37.877323859083965,0
cobyla,adiabatic,176,177.0,-3.8141586100925564,-37.877323859083965,0
cobyla,adiabatic,177,178.0,-3.8141586100925564,-37.877323859083965,0
cobyla,adiabatic,178,179.0,-3.8141586100925564,-37.877323859083965,0
cobyla,adiabatic,179,180.0,-3.8141586100925564,-37.877323859083965,0
cobyla,adiabatic,180,181.0,-3.8141586100925564,-37.877323859083965,0
cobyla,adiabatic,181,182.0,-3.8141586100925564,-37.877323859083965,0
cobyla,adiabatic,182,183.0,-3.8141586100925564,-37.877323859083965,0
cobyla,adiabatic,183,184.0,-3.8141586100925564,-37.877323859083965,0
cobyla,adiabatic,184,185.0,-3.8141586100925564,-37.877323859083965,0
cobyla,adiabatic,185,186.0,-3.8141586100925564,-37.877323859083965,0
cobyla,adiabatic,186,187.0,-3.8141586100925564,-37.877323859083965,0
cobyla,adiabatic,187,188.0,-3.8141586100925564,-37.877323859083965,0
cobyla,adiabatic,188,189.0,-3.8141586100925564,-37.877323859083965,0
cobyla,adiabatic,189,190.0,-3.8141586100925564,-37.877323859083965,0
cobyla,adiabatic,190,191.0,-3.8176308650058823,-37.875703346917724,0
cobyla,adiabatic,191,192.0,-3.8176308650058823,-37.875703346917724,0
cobyla,adiabatic,192,193.0,-3.8176308650058823,-37.875703346917724,0
cobyla,adiabatic,193,194.0,-3.8176308650058823,-37.875703346917724,0
cobyla,adiabatic,194,195.0,-3.8176308650058823,-37.875703346917724,0
cobyla,adiabatic,195,196.0,-3.8176308650058823,-37.875703346917724,0
cobyla,adiabatic,196,197.0,-3.8176308650058823,-37.875703346917724,0
cobyla,adiabatic,197,198.0,-3.8176308650058823,-37.875703346917724,0
cobyla,adiabatic,198,199.0,-3.8176308650058823,-37.875703346917724,0
cobyla,adiabatic,199,200.0,-3.833813720482822,-38.04009692177043,0
cobyla,adiabatic,200,201.0,-8.109599120643733,-38.04009692177043,0
cobyla,adiabatic,201,202.0,-8.109599120643733,-38.04009692177043,0
cobyla,adiabatic,202,203.0,-8.109599120643733,-38.04009692177043,0
cobyla,adiabatic,203,204.0,-8.109599120643733,-38.04009692177043,0
cobyla,adiabatic,204,205.0,-8.109599120643733,-38.04009692177043,0
cobyla,adiabatic,205,206.0,-8.109599120643733,-38.04009692177043,0
cobyla,adiabatic,206,207.0,-8.1147233785181,-38.06392093206274,0
cobyla,adiabatic,207,208.0,-8.1147233785181,-38.06392093206274,0
cobyla,adiabatic,208,209.0,-8.1147233785181,-38.06392093206274,0
cobyla,adiabatic,209,210.0,-8.1147233785181,-38.06392093206274,0
cobyla,adiabatic,210,211.0,-8.1147233785181,-38.06392093206274,0
cobyla,adiabatic,211,212.0,-8.1147233785181,-38.06392093206274,0
cobyla,adiabatic,212,213.0,-8.1147233785181,-38.06392093206274,0
cobyla,adiabatic,213,214.0,-8.1147233785181,-38.06392093206274,0
cobyla,adiabatic,214,215.0,-8.135562440966533,-38.14865888489867,0
cobyla,adiabatic,215,216.0,-8.135562440966533,-38.14865888489867,0
cobyla,adiabatic,216,217.0,-8.135562440966533,-38.14865888489867,0
cobyla,adiabatic,217,218.0,-8.135562440966533,-38.14865888489867,0
cobyla,adiabatic,218,219.0,-8.135562440966533,-38.14865888489867,0
cobyla,adiabatic,219,220.0,-8.135562440966533,-38.14865888489867,0
cobyla,adiabatic,220,221.0,-8.135562440966533,-38.14865888489867,0
cobyla,adiabatic,221,222.0,-8.135562440966533,-38.14865888489867,0
cobyla,adiabatic,222,223.0,-8.135562440966533,-38.14865888489867,0
cobyla,adiabatic,223,224.0,-8.135562440966533,-38.14865888489867,0
cobyla,adiabatic,224,225.0,-8.135562440966533,-38.14865888489867,0
cobyla,adiabatic,225,226.0,-8.135562440966533,-38.14865888489867,0
cobyla,adiabatic,226,227.0,-8.135562440966533,-38.14865888489867,0
cobyla,adiabatic,227,228.0,-8.135562440966533,-38.14865888489867,0
cobyla,adiabatic,228,229.0,-8.135562440966533,-38.14865888489867,0
cobyla,adiabatic,229,230.0,-8.135562440966533,-38.14865888489867,0
cobyla,adiabatic,230,231.0,-8.135562440966533,-38.14865888489867,0
cobyla,adiabatic,231,232.0,-8.135562440966533,-38.14865888489867,0
cobyla,adiabatic,232,233.0,-8.135562440966533,-38.14865888489867,0
cobyla,adiabatic,233,234.0,-8.135562440966533,-38.14865888489867,0
cobyla,adiabatic,234,235.0,-8.135562440966533,-38.14865888489867,0
cobyla,adiabatic,235,236.0,-8.135562440966533,-38.14865888489867,0
cobyla,adiabatic,236,237.0,-8.135562440966533,-38.14865888489867,0
cobyla,adiabatic,237,238.0,-8.135562440966533,-38.14865888489867,0
cobyla,adiabatic,238,239.0,-8.135562440966533,-38.14865888489867,0
cobyla,adiabatic,239,240.0,-8.161823454157696,-38.274208394980306,0
cobyla,adiabatic,240,241.0,-8.161823454157696,-38.274208394980306,0
cobyla,adiabatic,241,242.0,-8.161823454157696,-38.274208394980306,0
cobyla,adiabatic,242,243.0,-8.161823454157696,-38.274208394980306,0
cobyla,adiabatic,243,244.0,-8.205010561752603,-38.45346473455339,0
cobyla,adiabatic,244,245.0,-8.205010561752603,-38.45346473455339,0
cobyla,adiabatic,245,246.0,-8.205010561752603,-38.45346473455339,0
cobyla,adiabatic,246,247.0,-8.205010561752603,-38.45346473455339,0
cobyla,adiabatic,247,248.0,-8.205010561752603,-38.45346473455339,0
cobyla,adiabatic,248,249.0,-8.205010561752603,-38.45346473455339,0
cobyla,adiabatic,249,250.0,-8.205010561752603,-38.45346473455339,0
cobyla,adiabatic,250,251.0,-8.205010561752603,-38.45346473455339,0
cobyla,adiabatic,251,252.0,-8.205010561752603,-38.45346473455339,0
cobyla,adiabatic,252,253.0,-8.205010561752603,-38.45346473455339,0
cobyla,adiabatic,253,254.0,-8.205010561752603,-38.45346473455339,0
cobyla,adiabatic,254,255.0,-8.205010561752603,-38.45346473455339,0
cobyla,adiabatic,255,256.0,-8.205010561752603,-38.45346473455339,0
cobyla,adiabatic,256,257.0,-8.205010561752603,-38.45346473455339,0
cobyla,adiabatic,257,258.0,-8.205010561752603,-38.45346473455339,0
cobyla,adiabatic,258,259.0,-8.205088107294143,-38.46785738255377,0
cobyla,adiabatic,259,260.0,-8.205088107294143,-38.46785738255377,0
cobyla,adiabatic,260,261.0,-8.205088107294143,-38.46785738255377,0
cobyla,adiabatic,261,262.0,-8.205088107294143,-38.46785738255377,0
cobyla,adiabatic,262,263.0,-8.205088107294143,-38.46785738255377,0
cobyla,adiabatic,263,264.0,-8.205088107294143,-38.46785738255377,0
cobyla,adiabatic,264,265.0,-8.205088107294143,-38.46785738255377,0
cobyla,adiabatic,265,266.0,-8.207482330317452,-38.48225793655188,0
cobyla,adiabatic,266,267.0,-8.207482330317452,-38.48225793655188,0
cobyla,adiabatic,267,268.0,-8.207482330317452,-38.48225793655188,0
cobyla,adiabatic,268,269.0,-8.207482330317452,-38.48225793655188,0
cobyla,adiabatic,269,270.0,-8.207482330317452,-38.48225793655188,0
cobyla,adiabatic,270,271.0,-8.207482330317452,-38.48225793655188,0
cobyla,adiabatic,271,272.0,-8.207482330317452,-38.48225793655188,0
cobyla,adiabatic,272,273.0,-8.207482330317452,-38.48225793655188,0
cobyla,adiabatic,273,274.0,-8.207482330317452,-38.48225793655188,0
cobyla,adiabatic,274,275.0,-8.2100496044838,-38.49253482914568,0
cobyla,adiabatic,275,276.0,-8.2100496044838,-38.49253482914568,0
cobyla,adiabatic,276,277.0,-8.2100496044838,-38.49253482914568,0
cobyla,adiabatic,277,278.0,-8.2100496044838,-38.49253482914568,0
cobyla,adiabatic,278,279.0,-8.2100496044838,-38.49253482914568,0
cobyla,adiabatic,279,280.0,-8.2100496044838,-38.49253482914568,0
cobyla,adiabatic,280,281.0,-8.2100496044838,-38.49253482914568,0
cobyla,adiabatic,281,282.0,-8.2100496044838,-38.49253482914568,0
cobyla,adiabatic,282,283.0,-8.2100496044838,-38.49253482914568,0
cobyla,adiabatic,283,284.0,-8.2100496044838,-38.49253482914568,0
cobyla,adiabatic,284,285.0,-8.212376390873338,-38.50147213305478,0
cobyla,adiabatic,285,286.0,-8.212376390873338,-38.50147213305478,0
cobyla,adiabatic,286,287.0,-8.212376390873338,-38.50147213305478,0
cobyla,adiabatic,287,288.0,-8.212376390873338,-38.50147213305478,0
cobyla,adiabatic,288,289.0,-8.212376390873338,-38.50147213305478,0
cobyla,adiabatic,289,290.0,-8.216506410270737,-38.52011338802348,0
cobyla,adiabatic,290,291.0,-8.216506410270737,-38.52011338802348,0
cobyla,adiabatic,291,292.0,-8.216506410270737,-38.52011338802348,0
cobyla,adiabatic,292,293.0,-8.216506410270737,-38.52011338802348,0
cobyla,adiabatic,293,294.0,-8.216506410270737,-38.52011338802348,0
cobyla,adiabatic,294,295.0,-8.216506410270737,-38.52011338802348,0
cobyla,adiabatic,295,296.0,-8.223253993529552,-38.549594073039536,0
cobyla,adiabatic,296,297.0,-8.223253993529552,-38.549594073039536,0
cobyla,adiabatic,297,298.0,-8.223253993529552,-38.549594073039536,0
cobyla,adiabatic,298,299.0,-8.223253993529552,-38.549594073039536,0
cobyla,adiabatic,299,300.0,-8.265499561087568,-38.74306953322203,0
cobyla,adiabatic,300,301.0,-12.619438128535274,-38.74306953322203,0
cobyla,adiabatic,301,302.0,-12.619438128535274,-38.74306953322203,0
cobyla,adiabatic,302,303.0,-12.619438128535274,-38.74306953322203,0
cobyla,adiabatic,303,304.0,-12.619438128535274,-38.74306953322203,0
cobyla,adiabatic,304,305.0,-12.619438128535274,-38.74306953322203,0
cobyla,adiabatic,305,306.0,-12.619438128535274,-38.74306953322203,0
cobyla,adiabatic,306,307.0,-12.634439492470294,-38.78770414743061,0
cobyla,adiabatic,307,308.0,-12.634439492470294,-38.78770414743061,0
cobyla,adiabatic,308,309.0,-12.634439492470294,-38.78770414743061,0
cobyla,adiabatic,309,310.0,-12.634439492470294,-38.78770414743061,0
cobyla,adiabatic,310,311.0,-12.634439492470294,-38.78770414743061,0
cobyla,adiabatic,311,312.0,-12.634439492470294,-38.78770414743061,0
cobyla,adiabatic,312,313.0,-12.634439492470294,-38.78770414743061,0
cobyla,adiabatic,313,314.0,-12.634439492470294,-38.78770414743061,0
cobyla,adiabatic,314,315.0,-12.634439492470294,-38.78770414743061,0
cobyla,adiabatic,315,316.0,-12.634439492470294,-38.78770414743061,0
cobyla,adiabatic,316,317.0,-12.634439492470294,-38.78770414743061,0
cobyla,adiabatic,317,318.0,-12.634439492470294,-38.78770414743061,0
cobyla,adiabatic,318,319.0,-12.634439492470294,-38.78770414743061,0
cobyla,adiabatic,319,320.0,-12.634439492470294,-38.78770414743061,0
cobyla,adiabatic,320,321.0,-12.634439492470294,-38.78770414743061,0
cobyla,adiabatic,321,322.0,-12.634439492470294,-38.78770414743061,0
cobyla,adiabatic,322,323.0,-12.634439492470294,-38.78770414743061,0
cobyla,adiabatic,323,324.0,-12.634439492470294,-38.78770414743061,0
cobyla,adiabatic,324,325.0,-12.634439492470294,-38.78770414743061,0
cobyla,adiabatic,325,326.0,-12.634439492470294,-38.78770414743061,0
cobyla,adiabatic,326,327.0,-12.634439492470294,-38.78770414743061,0
cobyla,adiabatic,327,328.0,-12.634439492470294,-38.78770414743061,0
cobyla,adiabatic,328,329.0,-12.634439492470294,-38.78770414743061,0
cobyla,adiabatic,329,330.0,-12.634439492470294,-38.78770414743061,0
cobyla,adiabatic,330,331.0,-12.641902560880135,-38.81200301657308,0
cobyla,adiabatic,331,332.0,-12.641902560880135,-38.81200301657308,0
cobyla,adiabatic,332,333.0,-12.641902560880135,-38.81200301657308,0
cobyla,adiabatic,333,334.0,-12.641902560880135,-38.81200301657308,0
cobyla,adiabatic,334,335.0,-12.641902560880135,-38.81200301657308,0
cobyla,adiabatic,335,336.0,-12.641902560880135,-38.81200301657308,0
cobyla,adiabatic,336,337.0,-12.641902560880135,-38.81200301657308,0
cobyla,adiabatic,337,338.0,-12.641902560880135,-38.81200301657308,0
cobyla,adiabatic,338,339.0,-12.641902560880135,-38.81200301657308,0
cobyla,adiabatic,339,340.0,-12.641902560880135,-38.81200301657308,0
cobyla,adiabatic,340,341.0,-12.641902560880135,-38.81200301657308,0
cobyla,adiabatic,341,342.0,-12.641902560880135,-38.81200301657308,0
cobyla,adiabatic,342,343.0,-12.641902560880135,-38.81200301657308,0
cobyla,adiabatic,343,344.0,-12.641902560880135,-38.81200301657308,0
cobyla,adiabatic,344,345.0,-12.641902560880135,-38.81200301657308,0
cobyla,adiabatic,345,346.0,-12.641902560880135,-38.81200301657308,0
cobyla,adiabatic,346,347.0,-12.641902560880135,-38.81200301657308,0
cobyla,adiabatic,347,348.0,-12.641902560880135,-38.81200301657308,0
cobyla,adiabatic,348,349.0,-12.641902560880135,-38.81200301657308,0
cobyla,adiabatic,349,350.0,-12.641902560880135,-38.81200301657308,0
cobyla,adiabatic,350,351.0,-12.641902560880135,-38.81200301657308,0
cobyla,adiabatic,351,352.0,-12.641902560880135,-38.81200301657308,0
cobyla,adiabatic,352,353.0,-12.641902560880135,-38.81200301657308,0
cobyla,adiabatic,353,354.0,-12.641902560880135,-38.81200301657308,0
cobyla,adiabatic,354,355.0,-12.641902560880135,-38.81200301657308,0
cobyla,adiabatic,355,356.0,-12.641902560880135,-38.81200301657308,0
cobyla,adiabatic,356,357.0,-12.641902560880135,-38.81200301657308,0
cobyla,adiabatic,357,358.0,-12.641902560880135,-38.81200301657308,0
cobyla,adiabatic,358,359.0,-12.641902560880135,-38.81200301657308,0
cobyla,adiabatic,359,360.0,-12.641902560880135,-38.81200301657308,0
cobyla,adiabatic,360,361.0,-12.641902560880135,-38.81200301657308,0
cobyla,adiabatic,361,362.0,-12.641902560880135,-38.81200301657308,0
cobyla,adiabatic,362,363.0,-12.641902560880135,-38.81200301657308,0
cobyla,adiabatic,363,364.0,-12.641902560880135,-38.81200301657308,0
cobyla,adiabatic,364,365.0,-12.6439464158901,-38.82145148991932,0
cobyla,adiabatic,365,366.0,-12.6439464158901,-38.82145148991932,0
cobyla,adiabatic,366,367.0,-12.652632706259023,-38.849129294053256,0
cobyla,adiabatic,367,368.0,-12.652632706259023,-38.849129294053256,0
cobyla,adiabatic,368,369.0,-12.652632706259023,-38.849129294053256,0
cobyla,adiabatic,369,370.0,-12.652632706259023,-38.849129294053256,0
cobyla,adiabatic,370,371.0,-12.652632706259023,-38.849129294053256,0
cobyla,adiabatic,371,372.0,-12.652632706259023,-38.849129294053256,0
cobyla,adiabatic,372,373.0,-12.652632706259023,-38.849129294053256,0
cobyla,adiabatic,373,374.0,-12.652632706259023,-38.849129294053256,0
cobyla,adiabatic,374,375.0,-12.652632706259023,-38.849129294053256,0
cobyla,adiabatic,375,376.0,-12.652632706259023,-38.849129294053256,0
cobyla,adiabatic,376,377.0,-12.652632706259023,-38.849129294053256,0
cobyla,adiabatic,377,378.0,-12.652632706259023,-38.849129294053256,0
cobyla,adiabatic,378,379.0,-12.652632706259023,-38.849129294053256,0
cobyla,adiabatic,379,380.0,-12.652632706259023,-38.849129294053256,0
cobyla,adiabatic,380,381.0,-12.652632706259023,-38.849129294053256,0
cobyla,adiabatic,381,382.0,-12.652632706259023,-38.849129294053256,0
cobyla,adiabatic,382,383.0,-12.652632706259023,-38.849129294053256,0
cobyla,adiabatic,383,384.0,-12.652632706259023,-38.849129294053256,0
cobyla,adiabatic,384,385.0,-12.65872762992433,-38.866930374173386,0
cobyla,adiabatic,385,386.0,-12.65872762992433,-38.866930374173386,0
cobyla,adiabatic,386,387.0,-12.65872762992433,-38.866930374173386,0
cobyla,adiabatic,387,388.0,-12.65872762992433,-38.866930374173386,0
cobyla,adiabatic,388,389.0,-12.65872762992433,-38.866930374173386,0
cobyla,adiabatic,389,390.0,-12.65872762992433,-38.866930374173386,0
cobyla,adiabatic,390,391.0,-12.65872762992433,-38.866930374173386,0
cobyla,adiabatic,391,392.0,-12.65872762992433,-38.866930374173386,0
cobyla,adiabatic,392,393.0,-12.65872762992433,-38.866930374173386,0
cobyla,adiabatic,393,394.0,-12.65872762992433,-38.866930374173386,0
cobyla,adiabatic,394,395.0,-12.65872762992433,-38.866930374173386,0
cobyla,adiabatic,395,396.0,-12.65872762992433,-38.866930374173386,0
cobyla,adiabatic,396,397.0,-12.65872762992433,-38.866930374173386,0
cobyla,adiabatic,397,398.0,-12.65872762992433,-38.866930374173386,0
cobyla,adiabatic,398,399.0,-12.65872762992433,-38.866930374173386,0
cobyla,adiabatic,399,400.0,-12.65872762992433,-38.866930374173386,0
cobyla,adiabatic,400,401.0,-17.02676142063244,-38.866930374173386,0
cobyla,adiabatic,401,402.0,-17.02676142063244,-38.866930374173386,0
cobyla,adiabatic,402,403.0,-17.02676142063244,-38.866930374173386,0
cobyla,adiabatic,403,404.0,-17.02676142063244,-38.866930374173386,0
cobyla,adiabatic,404,405.0,-17.02676142063244,-38.866930374173386,0
cobyla,adiabatic,405,406.0,-17.02676142063244,-38.866930374173386,0
cobyla,adiabatic,406,407.0,-17.037757517524568,-38.89211942888699,0
cobyla,adiabatic,407,408.0,-17.037757517524568,-38.89211942888699,0
cobyla,adiabatic,408,409.0,-17.037757517524568,-38.89211942888699,0
cobyla,adiabatic,409,410.0,-17.037757517524568,-38.89211942888699,0
cobyla,adiabatic,410,411.0,-17.037757517524568,-38.89211942888699,0
cobyla,adiabatic,411,412.0,-17.037757517524568,-38.89211942888699,0
cobyla,adiabatic,412,413.0,-17.037757517524568,-38.89211942888699,0
cobyla,adiabatic,413,414.0,-17.037757517524568,-38.89211942888699,0
cobyla,adiabatic,414,415.0,-17.037757517524568,-38.89211942888699,0
cobyla,adiabatic,415,416.0,-17.037757517524568,-38.89211942888699,0
cobyla,adiabatic,416,417.0,-17.037757517524568,-38.89211942888699,0
cobyla,adiabatic,417,418.0,-17.037757517524568,-38.89211942888699,0
cobyla,adiabatic,418,419.0,-17.037757517524568,-38.89211942888699,0
cobyla,adiabatic,419,420.0,-17.037757517524568,-38.89211942888699,0
cobyla,adiabatic,420,421.0,-17.037757517524568,-38.89211942888699,0
cobyla,adiabatic,421,422.0,-17.037757517524568,-38.89211942888699,0
cobyla,adiabatic,422,423.0,-17.037757517524568,-38.89211942888699,0
cobyla,adiabatic,423,424.0,-17.037757517524568,-38.89211942888699,0
cobyla,adiabatic,424,425.0,-17.037757517524568,-38.89211942888699,0
cobyla,adiabatic,425,426.0,-17.054134563672932,-38.9280761232463,0
cobyla,adiabatic,426,427.0,-17.054134563672932,-38.9280761232463,0
cobyla,adiabatic,427,428.0,-17.054134563672932,-38.9280761232463,0
cobyla,adiabatic,428,429.0,-17.054134563672932,-38.9280761232463,0
cobyla,adiabatic,429,430.0,-17.054134563672932,-38.9280761232463,0
cobyla,adiabatic,430,431.0,-17.054134563672932,-38.9280761232463,0
cobyla,adiabatic,431,432.0,-17.054134563672932,-38.9280761232463,0
cobyla,adiabatic,432,433.0,-17.054134563672932,-38.9280761232463,0
cobyla,adiabatic,433,434.0,-17.054134563672932,-38.9280761232463,0
cobyla,adiabatic,434,435.0,-17.054134563672932,-38.9280761232463,0
cobyla,adiabatic,435,436.0,-17.054134563672932,-38.9280761232463,0
cobyla,adiabatic,436,437.0,-17.054134563672932,-38.9280761232463,0
cobyla,adiabatic,437,438.0,-17.054134563672932,-38.9280761232463,0
cobyla,adiabatic,438,439.0,-17.054134563672932,-38.9280761232463,0
cobyla,adiabatic,439,440.0,-17.054134563672932,-38.9280761232463,0
cobyla,adiabatic,440,441.0,-17.054134563672932,-38.9280761232463,0
cobyla,adiabatic,441,442.0,-17.054134563672932,-38.9280761232463,0
cobyla,adiabatic,442,443.0,-17.054134563672932,-38.9280761232463,0
cobyla,adiabatic,443,444.0,-17.054134563672932,-38.9280761232463,0
cobyla,adiabatic,444,445.0,-17.054134563672932,-38.9280761232463,0
cobyla,adiabatic,445,446.0,-17.054134563672932,-38.9280761232463,0
cobyla,adiabatic,446,447.0,-17.054134563672932,-38.9280761232463,0
cobyla,adiabatic,447,448.0,-17.054134563672932,-38.9280761232463,0
cobyla,adiabatic,448,449.0,-17.054134563672932,-38.9280761232463,0
cobyla,adiabatic,449,450.0,-17.054134563672932,-38.9280761232463,0
cobyla,adiabatic,450,451.0,-17.054134563672932,-38.9280761232463,0
cobyla,adiabatic,451,452.0,-17.054134563672932,-38.9280761232463,0
cobyla,adiabatic,452,453.0,-17.054134563672932,-38.9280761232463,0
cobyla,adiabatic,453,454.0,-17.054134563672932,-38.9280761232463,0
cobyla,adiabatic,454,455.0,-17.054134563672932,-38.9280761232463,0
cobyla,adiabatic,455,456.0,-17.054134563672932,-38.9280761232463,0
cobyla,adiabatic,456,457.0,-17.054134563672932,-38.9280761232463,0
cobyla,adiabatic,457,458.0,-17.054134563672932,-38.9280761232463,0
cobyla,adiabatic,458,459.0,-17.054134563672932,-38.9280761232463,0
cobyla,adiabatic,459,460.0,-17.054134563672932,-38.9280761232463,0
cobyla,adiabatic,460,461.0,-17.054134563672932,-38.9280761232463,0
cobyla,adiabatic,461,462.0,-17.054134563672932,-38.9280761232463,0
cobyla,adiabatic,462,463.0,-17.054134563672932,-38.9280761232463,0
cobyla,adiabatic,463,464.0,-17.054134563672932,-38.9280761232463,0
cobyla,adiabatic,464,465.0,-17.054152573391942,-38.93034406919411,0
cobyla,adiabatic,465,466.0,-17.054152573391942,-38.93034406919411,0
cobyla,adiabatic,466,467.0,-17.054152573391942,-38.93034406919411,0
cobyla,adiabatic,467,468.0,-17.054152573391942,-38.93034406919411,0
cobyla,adiabatic,468,469.0,-17.054152573391942,-38.93034406919411,0
cobyla,adiabatic,469,470.0,-17.054152573391942,-38.93034406919411,0
cobyla,adiabatic,470,471.0,-17.054152573391942,-38.93034406919411,0
cobyla,adiabatic,471,472.0,-17.054152573391942,-38.93034406919411,0
cobyla,adiabatic,472,473.0,-17.054152573391942,-38.93034406919411,0
cobyla,adiabatic,473,474.0,-17.054152573391942,-38.93034406919411,0
cobyla,adiabatic,474,475.0,-17.054152573391942,-38.93034406919411,0
cobyla,adiabatic,475,476.0,-17.05692798449086,-38.93741572518779,0
cobyla,adiabatic,476,477.0,-17.05692798449086,-38.93741572518779,0
cobyla,adiabatic,477,478.0,-17.05692798449086,-38.93741572518779,0
cobyla,adiabatic,478,479.0,-17.05692798449086,-38.93741572518779,0
cobyla,adiabatic,479,480.0,-17.05692798449086,-38.93741572518779,0
cobyla,adiabatic,480,481.0,-17.05692798449086,-38.93741572518779,0
cobyla,adiabatic,481,482.0,-17.05692798449086,-38.93741572518779,0
cobyla,adiabatic,482,483.0,-17.05692798449086,-38.93741572518779,0
cobyla,adiabatic,483,484.0,-17.05692798449086,-38.93741572518779,0
cobyla,adiabatic,484,485.0,-17.06514054769357,-38.95632192047951,0
cobyla,adiabatic,485,486.0,-17.06514054769357,-38.95632192047951,0
cobyla,adiabatic,486,487.0,-17.06514054769357,-38.95632192047951,0
cobyla,adiabatic,487,488.0,-17.06514054769357,-38.95632192047951,0
cobyla,adiabatic,488,489.0,-17.06514054769357,-38.95632192047951,0
cobyla,adiabatic,489,490.0,-17.071207834068993,-38.97303006245488,0
cobyla,adiabatic,490,491.0,-17.071207834068993,-38.97303006245488,0
cobyla,adiabatic,491,492.0,-17.071207834068993,-38.97303006245488,0
cobyla,adiabatic,492,493.0,-17.07165632472291,-38.97172780167767,0
cobyla,adiabatic,493,494.0,-17.074277877306415,-38.979109761584766,0
cobyla,adiabatic,494,495.0,-17.074277877306415,-38.979109761584766,0
cobyla,adiabatic,495,496.0,-17.074277877306415,-38.979109761584766,0
cobyla,adiabatic,496,497.0,-17.074277877306415,-38.979109761584766,0
cobyla,adiabatic,497,498.0,-17.074277877306415,-38.979109761584766,0
cobyla,adiabatic,498,499.0,-17.074277877306415,-38.979109761584766,0
cobyla,adiabatic,499,500.0,-17.074277877306415,-38.979109761584766,0
cobyla,adiabatic,500,501.0,-21.455244254161975,-38.979109761584766,0
cobyla,adiabatic,501,502.0,-21.455244254161975,-38.979109761584766,0
cobyla,adiabatic,502,503.0,-21.455244254161975,-38.979109761584766,0
cobyla,adiabatic,503,504.0,-21.455244254161975,-38.979109761584766,0
cobyla,adiabatic,504,505.0,-21.455244254161975,-38.979109761584766,0
cobyla,adiabatic,505,506.0,-21.455244254161975,-38.979109761584766,0
cobyla,adiabatic,506,507.0,-21.459613199797914,-38.98728536934711,0
cobyla,adiabatic,507,508.0,-21.459613199797914,-38.98728536934711,0
cobyla,adiabatic,508,509.0,-21.459613199797914,-38.98728536934711,0
cobyla,adiabatic,509,510.0,-21.459613199797914,-38.98728536934711,0
cobyla,adiabatic,510,511.0,-21.459613199797914,-38.98728536934711,0
cobyla,adiabatic,511,512.0,-21.459613199797914,-38.98728536934711,0
cobyla,adiabatic,512,513.0,-21.459613199797914,-38.98728536934711,0
cobyla,adiabatic,513,514.0,-21.459613199797914,-38.98728536934711,0
cobyla,adiabatic,514,515.0,-21.459613199797914,-38.98728536934711,0
cobyla,adiabatic,515,516.0,-21.459613199797914,-38.98728536934711,0
cobyla,adiabatic,516,517.0,-21.459613199797914,-38.98728536934711,0
cobyla,adiabatic,517,518.0,-21.459613199797914,-38.98728536934711,0
cobyla,adiabatic,518,519.0,-21.459613199797914,-38.98728536934711,0
cobyla,adiabatic,519,520.0,-21.459613199797914,-38.98728536934711,0
cobyla,adiabatic,520,521.0,-21.459613199797914,-38.98728536934711,0
cobyla,adiabatic,521,522.0,-21.459613199797914,-38.98728536934711,0
cobyla,adiabatic,522,523.0,-21.459613199797914,-38.98728536934711,0
cobyla,adiabatic,523,524.0,-21.459613199797914,-38.98728536934711,0
cobyla,adiabatic,524,525.0,-21.459613199797914,-38.98728536934711,0
cobyla,adiabatic,525,526.0,-21.459613199797914,-38.98728536934711,0
cobyla,adiabatic,526,527.0,-21.459613199797914,-38.98728536934711,0
cobyla,adiabatic,527,528.0,-21.459613199797914,-38.98728536934711,0
cobyla,adiabatic,528,529.0,-21.459613199797914,-38.98728536934711,0
cobyla,adiabatic,529,530.0,-21.459613199797914,-38.98728536934711,0
cobyla,adiabatic,530,531.0,-21.459613199797914,-38.98728536934711,0
cobyla,adiabatic,531,532.0,-21.459613199797914,-38.98728536934711,0
cobyla,adiabatic,532,533.0,-21.459613199797914,-38.98728536934711,0
cobyla,adiabatic,533,534.0,-21.459613199797914,-38.98728536934711,0
cobyla,adiabatic,534,535.0,-21.459613199797914,-38.98728536934711,0
cobyla,adiabatic,535,536.0,-21.459613199797914,-38.98728536934711,0
cobyla,adiabatic,536,537.0,-21.459613199797914,-38.98728536934711,0
cobyla,adiabatic,537,538.0,-21.459613199797914,-38.98728536934711,0
cobyla,adiabatic,538,539.0,-21.459613199797914,-38.98728536934711,0
cobyla,adiabatic,539,540.0,-21.459613199797914,-38.98728536934711,0
cobyla,adiabatic,540,541.0,-21.459613199797914,-38.98728536934711,0
cobyla,adiabatic,541,542.0,-21.459613199797914,-38.98728536934711,0
cobyla,adiabatic,542,543.0,-21.459613199797914,-38.98728536934711,0
cobyla,adiabatic,543,544.0,-21.459613199797914,-38.98728536934711,0
cobyla,adiabatic,544,545.0,-21.459613199797914,-38.98728536934711,0
cobyla,adiabatic,545,546.0,-21.459613199797914,-38.98728536934711,0
cobyla,adiabatic,546,547.0,-21.459613199797914,-38.98728536934711,0
cobyla,adiabatic,547,548.0,-21.459613199797914,-38.98728536934711,0
cobyla,adiabatic,548,549.0,-21.459613199797914,-38.98728536934711,0
cobyla,adiabatic,549,550.0,-21.459613199797914,-38.98728536934711,0
cobyla,adiabatic,550,551.0,-21.459613199797914,-38.98728536934711,0
cobyla,adiabatic,551,552.0,-21.459613199797914,-38.98728536934711,0
cobyla,adiabatic,552,553.0,-21.459613199797914,-38.98728536934711,0
cobyla,adiabatic,553,554.0,-21.459613199797914,-38.98728536934711,0
cobyla,adiabatic,554,555.0,-21.459613199797914,-38.98728536934711,0
cobyla,adiabatic,555,556.0,-21.459613199797914,-38.98728536934711,0
cobyla,adiabatic,556,557.0,-21.459613199797914,-38.98728536934711,0
cobyla,adiabatic,557,558.0,-21.459613199797914,-38.98728536934711,0
cobyla,adiabatic,558,559.0,-21.459613199797914,-38.98728536934711,0
cobyla,adiabatic,559,560.0,-21.459613199797914,-38.98728536934711,0
cobyla,adiabatic,560,561.0,-21.459613199797914,-38.98728536934711,0
cobyla,adiabatic,561,562.0,-21.459613199797914,-38.98728536934711,0
cobyla,adiabatic,562,563.0,-21.459613199797914,-38.98728536934711,0
cobyla,adiabatic,563,564.0,-21.459613199797914,-38.98728536934711,0
cobyla,adiabatic,564,565.0,-21.46386012784365,-38.99317139990915,0
cobyla,adiabatic,565,566.0,-21.46386012784365,-38.99317139990915,0
cobyla,adiabatic,566,567.0,-21.46386012784365,-38.99317139990915,0
cobyla,adiabatic,567,568.0,-21.46386012784365,-38.99317139990915,0
cobyla,adiabatic,568,569.0,-21.46386012784365,-38.99317139990915,0
cobyla,adiabatic,569,570.0,-21.46386012784365,-38.99317139990915,0
cobyla,adiabatic,570,571.0,-21.46386012784365,-38.99317139990915,0
cobyla,adiabatic,571,572.0,-21.46386012784365,-38.99317139990915,0
cobyla,adiabatic,572,573.0,-21.46386012784365,-38.99317139990915,0
cobyla,adiabatic,573,574.0,-21.46386012784365,-38.99317139990915,0
cobyla,adiabatic,574,575.0,-21.46386012784365,-38.99317139990915,0
cobyla,adiabatic,575,576.0,-21.46386012784365,-38.99317139990915,0
cobyla,adiabatic,576,577.0,-21.46386012784365,-38.99317139990915,0
cobyla,adiabatic,577,578.0,-21.46386012784365,-38.99317139990915,0
cobyla,adiabatic,578,579.0,-21.46386012784365,-38.99317139990915,0
cobyla,adiabatic,579,580.0,-21.46386012784365,-38.99317139990915,0
cobyla,adiabatic,580,581.0,-21.478380429417797,-39.017136891657046,0
cobyla,adiabatic,581,582.0,-21.478380429417797,-39.017136891657046,0
cobyla,adiabatic,582,583.0,-21.478380429417797,-39.017136891657046,0
cobyla,adiabatic,583,584.0,-21.478380429417797,-39.017136891657046,0
cobyla,adiabatic,584,585.0,-21.49338539649473,-39.0443297391666,0
cobyla,adiabatic,585,586.0,-21.49338539649473,-39.0443297391666,0
cobyla,adiabatic,586,587.0,-21.49338539649473,-39.0443297391666,0
cobyla,adiabatic,587,588.0,-21.49338539649473,-39.0443297391666,0
cobyla,adiabatic,588,589.0,-21.49338539649473,-39.0443297391666,0
cobyla,adiabatic,589,590.0,-21.496342242863896,-39.051583580939024,0
cobyla,adiabatic,590,591.0,-21.496342242863896,-39.051583580939024,0
cobyla,adiabatic,591,592.0,-21.52209866714526,-39.096454774204545,0
cobyla,adiabatic,592,593.0,-21.52209866714526,-39.096454774204545,0
cobyla,adiabatic,593,594.0,-21.52209866714526,-39.096454774204545,0
cobyla,adiabatic,594,595.0,-21.52209866714526,-39.096454774204545,0
cobyla,adiabatic,595,596.0,-21.52209866714526,-39.096454774204545,0
cobyla,adiabatic,596,597.0,-21.52209866714526,-39.096454774204545,0
cobyla,adiabatic,597,598.0,-21.52209866714526,-39.096454774204545,0
cobyla,adiabatic,598,599.0,-21.52209866714526,-39.096454774204545,0
cobyla,adiabatic,599,600.0,-21.52209866714526,-39.096454774204545,0
cobyla,adiabatic,600,601.0,-25.91568769390999,-39.096454774204545,0
cobyla,adiabatic,601,602.0,-25.91568769390999,-39.096454774204545,0
cobyla,adiabatic,602,603.0,-25.91568769390999,-39.096454774204545,0
cobyla,adiabatic,603,604.0,-25.91568769390999,-39.096454774204545,0
cobyla,adiabatic,604,605.0,-25.91568769390999,-39.096454774204545,0
cobyla,adiabatic,605,606.0,-25.91568769390999,-39.096454774204545,0
cobyla,adiabatic,606,607.0,-25.91568769390999,-39.096454774204545,0
cobyla,adiabatic,607,608.0,-25.91568769390999,-39.096454774204545,0
cobyla,adiabatic,608,609.0,-25.91568769390999,-39.096454774204545,0
cobyla,adiabatic,609,610.0,-25.91568769390999,-39.096454774204545,0
cobyla,adiabatic,610,611.0,-25.91568769390999,-39.096454774204545,0
cobyla,adiabatic,611,612.0,-25.91568769390999,-39.096454774204545,0
cobyla,adiabatic,612,613.0,-25.91568769390999,-39.096454774204545,0
cobyla,adiabatic,613,614.0,-25.91568769390999,-39.096454774204545,0
cobyla,adiabatic,614,615.0,-25.92044111208145,-39.10301589827018,0
cobyla,adiabatic,615,616.0,-25.92044111208145,-39.10301589827018,0
cobyla,adiabatic,616,617.0,-25.92044111208145,-39.10301589827018,0
cobyla,adiabatic,617,618.0,-25.92044111208145,-39.10301589827018,0
cobyla,adiabatic,618,619.0,-25.92044111208145,-39.10301589827018,0
cobyla,adiabatic,619,620.0,-25.92044111208145,-39.10301589827018,0
cobyla,adiabatic,620,621.0,-25.92044111208145,-39.10301589827018,0
cobyla,adiabatic,621,622.0,-25.92044111208145,-39.10301589827018,0
cobyla,adiabatic,622,623.0,-25.92044111208145,-39.10301589827018,0
cobyla,adiabatic,623,624.0,-25.92044111208145,-39.10301589827018,0
cobyla,adiabatic,624,625.0,-25.92044111208145,-39.10301589827018,0
cobyla,adiabatic,625,626.0,-25.92044111208145,-39.10301589827018,0
cobyla,adiabatic,626,627.0,-25.92044111208145,-39.10301589827018,0
cobyla,adiabatic,627,628.0,-25.92044111208145,-39.10301589827018,0
cobyla,adiabatic,628,629.0,-25.92044111208145,-39.10301589827018,0
cobyla,adiabatic,629,630.0,-25.92044111208145,-39.10301589827018,0
cobyla,adiabatic,630,631.0,-25.92044111208145,-39.10301589827018,0
cobyla,adiabatic,631,632.0,-25.92044111208145,-39.10301589827018,0
cobyla,adiabatic,632,633.0,-25.92044111208145,-39.10301589827018,0
cobyla,adiabatic,633,634.0,-25.92044111208145,-39.10301589827018,0
cobyla,adiabatic,634,635.0,-25.92044111208145,-39.10301589827018,0
cobyla,adiabatic,635,636.0,-25.92044111208145,-39.10301589827018,0
cobyla,adiabatic,636,637.0,-25.92044111208145,-39.10301589827018,0
cobyla,adiabatic,637,638.0,-25.92044111208145,-39.10301589827018,0
cobyla,adiabatic,638,639.0,-25.92044111208145,-39.10301589827018,0
cobyla,adiabatic,639,640.0,-25.92044111208145,-39.10301589827018,0
cobyla,adiabatic,640,641.0,-25.92044111208145,-39.10301589827018,0
cobyla,adiabatic,641,642.0,-25.92044111208145,-39.10301589827018,0
cobyla,adiabatic,642,643.0,-25.92044111208145,-39.10301589827018,0
cobyla,adiabatic,643,644.0,-25.92044111208145,-39.10301589827018,0
cobyla,adiabatic,644,645.0,-25.92044111208145,-39.10301589827018,0
cobyla,adiabatic,645,646.0,-25.92044111208145,-39.10301589827018,0
cobyla,adiabatic,646,647.0,-25.92044111208145,-39.10301589827018,0
cobyla,adiabatic,647,648.0,-25.92044111208145,-39.10301589827018,0
cobyla,adiabatic,648,649.0,-25.92044111208145,-39.10301589827018,0
cobyla,adiabatic,649,650.0,-25.92044111208145,-39.10301589827018,0
cobyla,adiabatic,650,651.0,-25.92044111208145,-39.10301589827018,0
cobyla,adiabatic,651,652.0,-25.92044111208145,-39.10301589827018,0
cobyla,adiabatic,652,653.0,-25.92044111208145,-39.10301589827018,0
cobyla,adiabatic,653,654.0,-25.92044111208145,-39.10301589827018,0
cobyla,adiabatic,654,655.0,-25.92044111208145,-39.10301589827018,0
cobyla,adiabatic,655,656.0,-25.92044111208145,-39.10301589827018,0
cobyla,adiabatic,656,657.0,-25.92044111208145,-39.10301589827018,0
cobyla,adiabatic,657,658.0,-25.92044111208145,-39.10301589827018,0
cobyla,adiabatic,658,659.0,-25.92044111208145,-39.10301589827018,0
cobyla,adiabatic,659,660.0,-25.92044111208145,-39.10301589827018,0
cobyla,adiabatic,660,661.0,-25.92044111208145,-39.10301589827018,0
cobyla,adiabatic,661,662.0,-25.92044111208145,-39.10301589827018,0
cobyla,adiabatic,662,663.0,-25.92044111208145,-39.10301589827018,0
cobyla,adiabatic,663,664.0,-25.92044111208145,-39.10301589827018,0
cobyla,adiabatic,664,665.0,-25.923037514450524,-39.10729214436432,0
cobyla,adiabatic,665,666.0,-25.923037514450524,-39.10729214436432,0
cobyla,adiabatic,666,667.0,-25.923037514450524,-39.10729214436432,0
cobyla,adiabatic,667,668.0,-25.923037514450524,-39.10729214436432,0
cobyla,adiabatic,668,669.0,-25.923037514450524,-39.10729214436432,0
cobyla,adiabatic,669,670.0,-25.923037514450524,-39.10729214436432,0
cobyla,adiabatic,670,671.0,-25.923037514450524,-39.10729214436432,0
cobyla,adiabatic,671,672.0,-25.923037514450524,-39.10729214436432,0
cobyla,adiabatic,672,673.0,-25.923037514450524,-39.10729214436432,0
cobyla,adiabatic,673,674.0,-25.923037514450524,-39.10729214436432,0
cobyla,adiabatic,674,675.0,-25.923037514450524,-39.10729214436432,0
cobyla,adiabatic,675,676.0,-25.923037514450524,-39.10729214436432,0
cobyla,adiabatic,676,677.0,-25.923037514450524,-39.10729214436432,0
cobyla,adiabatic,677,678.0,-25.923037514450524,-39.10729214436432,0
cobyla,adiabatic,678,679.0,-25.923037514450524,-39.10729214436432,0
cobyla,adiabatic,679,680.0,-25.923037514450524,-39.10729214436432,0
cobyla,adiabatic,680,681.0,-25.923037514450524,-39.10729214436432,0
cobyla,adiabatic,681,682.0,-25.923037514450524,-39.10729214436432,0
cobyla,adiabatic,682,683.0,-25.923037514450524,-39.10729214436432,0
cobyla,adiabatic,683,684.0,-25.923037514450524,-39.10729214436432,0
cobyla,adiabatic,684,685.0,-25.923037514450524,-39.10729214436432,0
cobyla,adiabatic,685,686.0,-25.923037514450524,-39.10729214436432,0
cobyla,adiabatic,686,687.0,-25.923037514450524,-39.10729214436432,0
cobyla,adiabatic,687,688.0,-25.923037514450524,-39.10729214436432,0
cobyla,adiabatic,688,689.0,-25.930035046798405,-39.11939946670132,0
cobyla,adiabatic,689,690.0,-25.930035046798405,-39.11939946670132,0
cobyla,adiabatic,690,691.0,-25.930035046798405,-39.11939946670132,0
cobyla,adiabatic,691,692.0,-25.930035046798405,-39.11939946670132,0
cobyla,adiabatic,692,693.0,-25.93216166954434,-39.1218434803058,0
cobyla,adiabatic,693,694.0,-25.93216166954434,-39.1218434803058,0
cobyla,adiabatic,694,695.0,-25.934998933951903,-39.12764387501274,0
cobyla,adiabatic,695,696.0,-25.934998933951903,-39.12764387501274,0
cobyla,adiabatic,696,697.0,-25.934998933951903,-39.12764387501274,0
cobyla,adiabatic,697,698.0,-25.934998933951903,-39.12764387501274,0
cobyla,adiabatic,698,699.0,-25.934998933951903,-39.12764387501274,0
cobyla,adiabatic,699,700.0,-25.934998933951903,-39.12764387501274,0
cobyla,adiabatic,700,701.0,-30.332547247638956,-39.12764387501274,0
cobyla,adiabatic,701,702.0,-30.332547247638956,-39.12764387501274,0
cobyla,adiabatic,702,703.0,-30.332547247638956,-39.12764387501274,0
cobyla,adiabatic,703,704.0,-30.332547247638956,-39.12764387501274,0
cobyla,adiabatic,704,705.0,-30.332547247638956,-39.12764387501274,0
cobyla,adiabatic,705,706.0,-30.332547247638956,-39.12764387501274,0
cobyla,adiabatic,706,707.0,-30.332547247638956,-39.12764387501274,0
cobyla,adiabatic,707,708.0,-30.332547247638956,-39.12764387501274,0
cobyla,adiabatic,708,709.0,-30.332547247638956,-39.12764387501274,0
cobyla,adiabatic,709,710.0,-30.332547247638956,-39.12764387501274,0
cobyla,adiabatic,710,711.0,-30.332547247638956,-39.12764387501274,0
cobyla,adiabatic,711,712.0,-30.332547247638956,-39.12764387501274,0
cobyla,adiabatic,712,713.0,-30.332547247638956,-39.12764387501274,0
cobyla,adiabatic,713,714.0,-30.332547247638956,-39.12764387501274,0
cobyla,adiabatic,714,715.0,-30.332547247638956,-39.12764387501274,0
cobyla,adiabatic,715,716.0,-30.332547247638956,-39.12764387501274,0
cobyla,adiabatic,716,717.0,-30.332547247638956,-39.12764387501274,0
cobyla,adiabatic,717,718.0,-30.332547247638956,-39.12764387501274,0
cobyla,adiabatic,718,719.0,-30.332547247638956,-39.12764387501274,0
cobyla,adiabatic,719,720.0,-30.332547247638956,-39.12764387501274,0
cobyla,adiabatic,720,721.0,-30.332547247638956,-39.12764387501274,0
cobyla,adiabatic,721,722.0,-30.332547247638956,-39.12764387501274,0
cobyla,adiabatic,722,723.0,-30.332547247638956,-39.12764387501274,0
cobyla,adiabatic,723,724.0,-30.332547247638956,-39.12764387501274,0
cobyla,adiabatic,724,725.0,-30.332547247638956,-39.12764387501274,0
cobyla,adiabatic,725,726.0,-30.332547247638956,-39.12764387501274,0
cobyla,adiabatic,726,727.0,-30.332547247638956,-39.12764387501274,0
cobyla,adiabatic,727,728.0,-30.332547247638956,-39.12764387501274,0
cobyla,adiabatic,728,729.0,-30.332547247638956,-39.12764387501274,0
cobyla,adiabatic,729,730.0,-30.332547247638956,-39.12764387501274,0
cobyla,adiabatic,730,731.0,-30.332547247638956,-39.12764387501274,0
cobyla,adiabatic,731,732.0,-30.332547247638956,-39.12764387501274,0
cobyla,adiabatic,732,733.0,-30.332547247638956,-39.12764387501274,0
cobyla,adiabatic,733,734.0,-30.332547247638956,-39.12764387501274,0
cobyla,adiabatic,734,735.0,-30.332547247638956,-39.12764387501274,0
cobyla,adiabatic,735,736.0,-30.332547247638956,-39.12764387501274,0
cobyla,adiabatic,736,737.0,-30.332547247638956,-39.12764387501274,0
cobyla,adiabatic,737,738.0,-30.332547247638956,-39.12764387501274,0
cobyla,adiabatic,738,739.0,-30.332547247638956,-39.12764387501274,0
cobyla,adiabatic,739,740.0,-30.332547247638956,-39.12764387501274,0
cobyla,adiabatic,740,741.0,-30.332547247638956,-39.12764387501274,0
cobyla,adiabatic,741,742.0,-30.332547247638956,-39.12764387501274,0
cobyla,adiabatic,742,743.0,-30.332547247638956,-39.12764387501274,0
cobyla,adiabatic,743,744.0,-30.332547247638956,-39.12764387501274,0
cobyla,adiabatic,744,745.0,-30.332547247638956,-39.12764387501274,0
cobyla,adiabatic,745,746.0,-30.332547247638956,-39.12764387501274,0
cobyla,adiabatic,746,747.0,-30.332547247638956,-39.12764387501274,0
cobyla,adiabatic,747,748.0,-30.332547247638956,-39.12764387501274,0
cobyla,adiabatic,748,749.0,-30.332547247638956,-39.12764387501274,0
cobyla,adiabatic,749,750.0,-30.332547247638956,-39.12764387501274,0
cobyla,adiabatic,750,751.0,-30.332547247638956,-39.12764387501274,0
cobyla,adiabatic,751,752.0,-30.332547247638956,-39.12764387501274,0
cobyla,adiabatic,752,753.0,-30.332547247638956,-39.12764387501274,0
cobyla,adiabatic,753,754.0,-30.332547247638956,-39.12764387501274,0
cobyla,adiabatic,754,755.0,-30.332547247638956,-39.12764387501274,0
cobyla,adiabatic,755,756.0,-30.332547247638956,-39.12764387501274,0
cobyla,adiabatic,756,757.0,-30.332547247638956,-39.12764387501274,0
cobyla,adiabatic,757,758.0,-30.332547247638956,-39.12764387501274,0
cobyla,adiabatic,758,759.0,-30.332547247638956,-39.12764387501274,0
cobyla,adiabatic,759,760.0,-30.332547247638956,-39.12764387501274,0
cobyla,adiabatic,760,761.0,-30.332547247638956,-39.12764387501274,0
cobyla,adiabatic,761,762.0,-30.332547247638956,-39.12764387501274,0
cobyla,adiabatic,762,763.0,-30.332547247638956,-39.12764387501274,0
cobyla,adiabatic,763,764.0,-30.332547247638956,-39.12764387501274,0
cobyla,adiabatic,764,765.0,-30.332547247638956,-39.12764387501274,0
cobyla,adiabatic,765,766.0,-30.332547247638956,-39.12764387501274,0
cobyla,adiabatic,766,767.0,-30.332547247638956,-39.12764387501274,0
cobyla,adiabatic,767,768.0,-30.332547247638956,-39.12764387501274,0
cobyla,adiabatic,768,769.0,-30.332547247638956,-39.12764387501274,0
cobyla,adiabatic,769,770.0,-30.332547247638956,-39.12764387501274,0
cobyla,adiabatic,770,771.0,-30.332547247638956,-39.12764387501274,0
cobyla,adiabatic,771,772.0,-30.332547247638956,-39.12764387501274,0
cobyla,adiabatic,772,773.0,-30.332547247638956,-39.12764387501274,0
cobyla,adiabatic,773,774.0,-30.332547247638956,-39.12764387501274,0
cobyla,adiabatic,774,775.0,-30.332547247638956,-39.12764387501274,0
cobyla,adiabatic,775,776.0,-30.332547247638956,-39.12764387501274,0
cobyla,adiabatic,776,777.0,-30.332547247638956,-39.12764387501274,0
cobyla,adiabatic,777,778.0,-30.332547247638956,-39.12764387501274,0
cobyla,adiabatic,778,779.0,-30.332547247638956,-39.12764387501274,0
cobyla,adiabatic,779,780.0,-30.332547247638956,-39.12764387501274,0
cobyla,adiabatic,780,781.0,-30.332547247638956,-39.12764387501274,0
cobyla,adiabatic,781,782.0,-30.332547247638956,-39.12764387501274,0
cobyla,adiabatic,782,783.0,-30.332547247638956,-39.12764387501274,0
cobyla,adiabatic,783,784.0,-30.332547247638956,-39.12764387501274,0
cobyla,adiabatic,784,785.0,-30.332547247638956,-39.12764387501274,0
cobyla,adiabatic,785,786.0,-30.332547247638956,-39.12764387501274,0
cobyla,adiabatic,786,787.0,-30.332547247638956,-39.12764387501274,0
cobyla,adiabatic,787,788.0,-30.332547247638956,-39.12764387501274,0
cobyla,adiabatic,788,789.0,-30.332547247638956,-39.12764387501274,0
cobyla,adiabatic,789,790.0,-30.332547247638956,-39.12764387501274,0
cobyla,adiabatic,790,791.0,-30.332547247638956,-39.12764387501274,0
cobyla,adiabatic,791,792.0,-30.332547247638956,-39.12764387501274,0
cobyla,adiabatic,792,793.0,-30.332547247638956,-39.12764387501274,0
cobyla,adiabatic,793,794.0,-30.332547247638956,-39.12764387501274,0
cobyla,adiabatic,794,795.0,-30.332547247638956,-39.12764387501274,0
cobyla,adiabatic,795,796.0,-30.332547247638956,-39.12764387501274,0
cobyla,adiabatic,796,797.0,-30.332547247638956,-39.12764387501274,0
cobyla,adiabatic,797,798.0,-30.332547247638956,-39.12764387501274,0
cobyla,adiabatic,798,799.0,-30.332547247638956,-39.12764387501274,0
cobyla,adiabatic,799,800.0,-30.332547247638956,-39.12764387501274,0
cobyla,adiabatic,800,801.0,-34.73009556132552,-39.12764387501274,0
cobyla,adiabatic,801,802.0,-34.73009556132552,-39.12764387501274,0
cobyla,adiabatic,802,803.0,-34.73009556132552,-39.12764387501274,0
cobyla,adiabatic,803,804.0,-34.73009556132552,-39.12764387501274,0
cobyla,adiabatic,804,805.0,-34.73009556132552,-39.12764387501274,0
cobyla,adiabatic,805,806.0,-34.73009556132552,-39.12764387501274,0
cobyla,adiabatic,806,807.0,-34.73009556132552,-39.12764387501274,0
cobyla,adiabatic,807,808.0,-34.73009556132552,-39.12764387501274,0
cobyla,adiabatic,808,809.0,-34.73009556132552,-39.12764387501274,0
cobyla,adiabatic,809,810.0,-34.73009556132552,-39.12764387501274,0
cobyla,adiabatic,810,811.0,-34.73009556132552,-39.12764387501274,0
cobyla,adiabatic,811,812.0,-34.73009556132552,-39.12764387501274,0
cobyla,adiabatic,812,813.0,-34.73009556132552,-39.12764387501274,0
cobyla,adiabatic,813,814.0,-34.73009556132552,-39.12764387501274,0
cobyla,adiabatic,814,815.0,-34.73009556132552,-39.12764387501274,0
cobyla,adiabatic,815,816.0,-34.73009556132552,-39.12764387501274,0
cobyla,adiabatic,816,817.0,-34.73009556132552,-39.12764387501274,0
cobyla,adiabatic,817,818.0,-34.73009556132552,-39.12764387501274,0
cobyla,adiabatic,818,819.0,-34.73009556132552,-39.12764387501274,0
cobyla,adiabatic,819,820.0,-34.73009556132552,-39.12764387501274,0
cobyla,adiabatic,820,821.0,-34.73009556132552,-39.12764387501274,0
cobyla,adiabatic,821,822.0,-34.73009556132552,-39.12764387501274,0
cobyla,adiabatic,822,823.0,-34.73009556132552,-39.12764387501274,0
cobyla,adiabatic,823,824.0,-34.73009556132552,-39.12764387501274,0
cobyla,adiabatic,824,825.0,-34.73009556132552,-39.12764387501274,0
cobyla,adiabatic,825,826.0,-34.73009556132552,-39.12764387501274,0
cobyla,adiabatic,826,827.0,-34.73009556132552,-39.12764387501274,0
cobyla,adiabatic,827,828.0,-34.73009556132552,-39.12764387501274,0
cobyla,adiabatic,828,829.0,-34.73009556132552,-39.12764387501274,0
cobyla,adiabatic,829,830.0,-34.73009556132552,-39.12764387501274,0
cobyla,adiabatic,830,831.0,-34.73009556132552,-39.12764387501274,0
cobyla,adiabatic,831,832.0,-34.73009556132552,-39.12764387501274,0
cobyla,adiabatic,832,833.0,-34.73009556132552,-39.12764387501274,0
cobyla,adiabatic,833,834.0,-34.73009556132552,-39.12764387501274,0
cobyla,adiabatic,834,835.0,-34.73009556132552,-39.12764387501274,0
cobyla,adiabatic,835,836.0,-34.73009556132552,-39.12764387501274,0
cobyla,adiabatic,836,837.0,-34.73009556132552,-39.12764387501274,0
cobyla,adiabatic,837,838.0,-34.73009556132552,-39.12764387501274,0
cobyla,adiabatic,838,839.0,-34.73009556132552,-39.12764387501274,0
cobyla,adiabatic,839,840.0,-34.73009556132552,-39.12764387501274,0
cobyla,adiabatic,840,841.0,-34.73009556132552,-39.12764387501274,0
cobyla,adiabatic,841,842.0,-34.73009556132552,-39.12764387501274,0
cobyla,adiabatic,842,843.0,-34.73009556132552,-39.12764387501274,0
cobyla,adiabatic,843,844.0,-34.73009556132552,-39.12764387501274,0
cobyla,adiabatic,844,845.0,-34.73009556132552,-39.12764387501274,0
cobyla,adiabatic,845,846.0,-34.73009556132552,-39.12764387501274,0
cobyla,adiabatic,846,847.0,-34.73009556132552,-39.12764387501274,0
cobyla,adiabatic,847,848.0,-34.73009556132552,-39.12764387501274,0
cobyla,adiabatic,848,849.0,-34.73009556132552,-39.12764387501274,0
cobyla,adiabatic,849,850.0,-34.73009556132552,-39.12764387501274,0
cobyla,adiabatic,850,851.0,-34.73009556132552,-39.12764387501274,0
cobyla,adiabatic,851,852.0,-34.73009556132552,-39.12764387501274,0
cobyla,adiabatic,852,853.0,-34.73009556132552,-39.12764387501274,0
cobyla,adiabatic,853,854.0,-34.73009556132552,-39.12764387501274,0
cobyla,adiabatic,854,855.0,-34.73009556132552,-39.12764387501274,0
cobyla,adiabatic,855,856.0,-34.73009556132552,-39.12764387501274,0
cobyla,adiabatic,856,857.0,-34.73009556132552,-39.12764387501274,0
cobyla,adiabatic,857,858.0,-34.73009556132552,-39.12764387501274,0
cobyla,adiabatic,858,859.0,-34.73009556132552,-39.12764387501274,0
cobyla,adiabatic,859,860.0,-34.73009556132552,-39.12764387501274,0
cobyla,adiabatic,860,861.0,-34.73009556132552,-39.12764387501274,0
cobyla,adiabatic,861,862.0,-34.73009556132552,-39.12764387501274,0
cobyla,adiabatic,862,863.0,-34.73009556132552,-39.12764387501274,0
cobyla,adiabatic,863,864.0,-34.73009556132552,-39.12764387501274,0
cobyla,adiabatic,864,865.0,-34.73009556132552,-39.12764387501274,0
cobyla,adiabatic,865,866.0,-34.73009556132552,-39.12764387501274,0
cobyla,adiabatic,866,867.0,-34.73009556132552,-39.12764387501274,0
cobyla,adiabatic,867,868.0,-34.73009556132552,-39.12764387501274,0
cobyla,adiabatic,868,869.0,-34.73009556132552,-39.12764387501274,0
cobyla,adiabatic,869,870.0,-34.73009556132552,-39.12764387501274,0
cobyla,adiabatic,870,871.0,-34.73009556132552,-39.12764387501274,0
cobyla,adiabatic,871,872.0,-34.73009556132552,-39.12764387501274,0
cobyla,adiabatic,872,873.0,-34.73009556132552,-39.12764387501274,0
cobyla,adiabatic,873,874.0,-34.73009556132552,-39.12764387501274,0
cobyla,adiabatic,874,875.0,-34.73009556132552,-39.12764387501274,0
cobyla,adiabatic,875,876.0,-34.73009556132552,-39.12764387501274,0
cobyla,adiabatic,876,877.0,-34.73009556132552,-39.12764387501274,0
cobyla,adiabatic,877,878.0,-34.73009556132552,-39.12764387501274,0
cobyla,adiabatic,878,879.0,-34.73009556132552,-39.12764387501274,0
cobyla,adiabatic,879,880.0,-34.73009556132552,-39.12764387501274,0
cobyla,adiabatic,880,881.0,-34.73009556132552,-39.12764387501274,0
cobyla,adiabatic,881,882.0,-34.73009556132552,-39.12764387501274,0
cobyla,adiabatic,882,883.0,-34.73009556132552,-39.12764387501274,0
cobyla,adiabatic,883,884.0,-34.73009556132552,-39.12764387501274,0
cobyla,adiabatic,884,885.0,-34.73009556132552,-39.12764387501274,0
cobyla,adiabatic,885,886.0,-34.73009556132552,-39.12764387501274,0
cobyla,adiabatic,886,887.0,-34.73009556132552,-39.12764387501274,0
cobyla,adiabatic,887,888.0,-34.73009556132552,-39.12764387501274,0
cobyla,adiabatic,888,889.0,-34.73009556132552,-39.12764387501274,0
cobyla,adiabatic,889,890.0,-34.73009556132552,-39.12764387501274,0
cobyla,adiabatic,890,891.0,-34.73009556132552,-39.12764387501274,0
cobyla,adiabatic,891,892.0,-34.73009556132552,-39.12764387501274,0
cobyla,adiabatic,892,893.0,-34.73009556132552,-39.12764387501274,0
cobyla,adiabatic,893,894.0,-34.73009556132552,-39.12764387501274,0
cobyla,adiabatic,894,895.0,-34.73009556132552,-39.12764387501274,0
cobyla,adiabatic,895,896.0,-34.73009556132552,-39.12764387501274,0
cobyla,adiabatic,896,897.0,-34.73009556132552,-39.12764387501274,0
cobyla,adiabatic,897,898.0,-34.73009556132552,-39.12764387501274,0
cobyla,adiabatic,898,899.0,-34.73009556132552,-39.12764387501274,0
cobyla,adiabatic,899,900.0,-34.73009556132552,-39.12764387501274,0
cobyla,adiabatic,900,901.0,-39.12764387501274,-39.12764387501274,0
cobyla,adiabatic,901,902.0,-39.12764387501274,-39.12764387501274,0
cobyla,adiabatic,902,903.0,-39.12764387501274,-39.12764387501274,0
cobyla,adiabatic,903,904.0,-39.12764387501274,-39.12764387501274,0
cobyla,adiabatic,904,905.0,-39.12764387501274,-39.12764387501274,0
cobyla,adiabatic,905,906.0,-39.12764387501274,-39.12764387501274,0
cobyla,adiabatic,906,907.0,-39.12764387501274,-39.12764387501274,0
cobyla,adiabatic,907,908.0,-39.12764387501274,-39.12764387501274,0
cobyla,adiabatic,908,909.0,-39.12764387501274,-39.12764387501274,0
cobyla,adiabatic,909,910.0,-39.12764387501274,-39.12764387501274,0
cobyla,adiabatic,910,911.0,-39.12764387501274,-39.12764387501274,0
cobyla,adiabatic,911,912.0,-39.12764387501274,-39.12764387501274,0
cobyla,adiabatic,912,913.0,-39.12764387501274,-39.12764387501274,0
cobyla,adiabatic,913,914.0,-39.12764387501274,-39.12764387501274,0
cobyla,adiabatic,914,915.0,-39.12764387501274,-39.12764387501274,0
cobyla,adiabatic,915,916.0,-39.12764387501274,-39.12764387501274,0
cobyla,adiabatic,916,917.0,-39.12764387501274,-39.12764387501274,0
cobyla,adiabatic,917,918.0,-39.12764387501274,-39.12764387501274,0
cobyla,adiabatic,918,919.0,-39.12764387501274,-39.12764387501274,0
cobyla,adiabatic,919,920.0,-39.12764387501274,-39.12764387501274,0
cobyla,adiabatic,920,921.0,-39.12764387501274,-39.12764387501274,0
cobyla,adiabatic,921,922.0,-39.12764387501274,-39.12764387501274,0
cobyla,adiabatic,922,923.0,-39.12764387501274,-39.12764387501274,0
cobyla,adiabatic,923,924.0,-39.12764387501274,-39.12764387501274,0
cobyla,adiabatic,924,925.0,-39.12764387501274,-39.12764387501274,0
cobyla,adiabatic,925,926.0,-39.12764387501274,-39.12764387501274,0
cobyla,adiabatic,926,927.0,-39.12764387501274,-39.12764387501274,0
cobyla,adiabatic,927,928.0,-39.12764387501274,-39.12764387501274,0
cobyla,adiabatic,928,929.0,-39.12764387501274,-39.12764387501274,0
cobyla,adiabatic,929,930.0,-39.12764387501274,-39.12764387501274,0
cobyla,adiabatic,930,931.0,-39.12764387501274,-39.12764387501274,0
cobyla,adiabatic,931,932.0,-39.12764387501274,-39.12764387501274,0
cobyla,adiabatic,932,933.0,-39.12764387501274,-39.12764387501274,0
cobyla,adiabatic,933,934.0,-39.12764387501274,-39.12764387501274,0
cobyla,adiabatic,934,935.0,-39.12764387501274,-39.12764387501274,0
cobyla,adiabatic,935,936.0,-39.12764387501274,-39.12764387501274,0
cobyla,adiabatic,936,937.0,-39.12764387501274,-39.12764387501274,0
cobyla,adiabatic,937,938.0,-39.12764387501274,-39.12764387501274,0
cobyla,adiabatic,938,939.0,-39.12764387501274,-39.12764387501274,0
cobyla,adiabatic,939,940.0,-39.12764387501274,-39.12764387501274,0
cobyla,adiabatic,940,941.0,-39.12764387501274,-39.12764387501274,0
cobyla,adiabatic,941,942.0,-39.12764387501274,-39.12764387501274,0
cobyla,adiabatic,942,943.0,-39.12764387501274,-39.12764387501274,0
cobyla,adiabatic,943,944.0,-39.12764387501274,-39.12764387501274,0
cobyla,adiabatic,944,945.0,-39.12764387501274,-39.12764387501274,0
cobyla,adiabatic,945,946.0,-39.12764387501274,-39.12764387501274,0
cobyla,adiabatic,946,947.0,-39.12764387501274,-39.12764387501274,0
cobyla,adiabatic,947,948.0,-39.12764387501274,-39.12764387501274,0
cobyla,adiabatic,948,949.0,-39.12764387501274,-39.12764387501274,0
cobyla,adiabatic,949,950.0,-39.12764387501274,-39.12764387501274,0
cobyla,adiabatic,950,951.0,-39.12764387501274,-39.12764387501274,0
cobyla,adiabatic,951,952.0,-39.12764387501274,-39.12764387501274,0
cobyla,adiabatic,952,953.0,-39.12764387501274,-39.12764387501274,0
cobyla,adiabatic,953,954.0,-39.12764387501274,-39.12764387501274,0
cobyla,adiabatic,954,955.0,-39.12764387501274,-39.12764387501274,0
cobyla,adiabatic,955,956.0,-39.12764387501274,-39.12764387501274,0
cobyla,adiabatic,956,957.0,-39.12764387501274,-39.12764387501274,0
cobyla,adiabatic,957,958.0,-39.12764387501274,-39.12764387501274,0
cobyla,adiabatic,958,959.0,-39.12764387501274,-39.12764387501274,0
cobyla,adiabatic,959,960.0,-39.12764387501274,-39.12764387501274,0
cobyla,adiabatic,960,961.0,-39.12764387501274,-39.12764387501274,0
cobyla,adiabatic,961,962.0,-39.12764387501274,-39.12764387501274,0
cobyla,adiabatic,962,963.0,-39.12764387501274,-39.12764387501274,0
cobyla,adiabatic,963,964.0,-39.12764387501274,-39.12764387501274,0
cobyla,adiabatic,964,965.0,-39.12764387501274,-39.12764387501274,0
cobyla,adiabatic,965,966.0,-39.12764387501274,-39.12764387501274,0
cobyla,adiabatic,966,967.0,-39.12764387501274,-39.12764387501274,0
cobyla,adiabatic,967,968.0,-39.12764387501274,-39.12764387501274,0
cobyla,adiabatic,968,969.0,-39.12764387501274,-39.12764387501274,0
cobyla,adiabatic,969,970.0,-39.12764387501274,-39.12764387501274,0
cobyla,adiabatic,970,971.0,-39.12764387501274,-39.12764387501274,0
cobyla,adiabatic,971,972.0,-39.12764387501274,-39.12764387501274,0
cobyla,adiabatic,972,973.0,-39.12764387501274,-39.12764387501274,0
cobyla,adiabatic,973,974.0,-39.12764387501274,-39.12764387501274,0
cobyla,adiabatic,974,975.0,-39.12764387501274,-39.12764387501274,0
cobyla,adiabatic,975,976.0,-39.12764387501274,-39.12764387501274,0
cobyla,adiabatic,976,977.0,-39.12764387501274,-39.12764387501274,0
cobyla,adiabatic,977,978.0,-39.12764387501274,-39.12764387501274,0
cobyla,adiabatic,978,979.0,-39.12764387501274,-39.12764387501274,0
cobyla,adiabatic,979,980.0,-39.12764387501274,-39.12764387501274,0
cobyla,adiabatic,980,981.0,-39.12764387501274,-39.12764387501274,0
cobyla,adiabatic,981,982.0,-39.12764387501274,-39.12764387501274,0
cobyla,adiabatic,982,983.0,-39.12764387501274,-39.12764387501274,0
cobyla,adiabatic,983,984.0,-39.12764387501274,-39.12764387501274,0
cobyla,adiabatic,984,985.0,-39.12764387501274,-39.12764387501274,0
cobyla,adiabatic,985,986.0,-39.12764387501274,-39.12764387501274,0
cobyla,adiabatic,986,987.0,-39.12764387501274,-39.12764387501274,0
cobyla,adiabatic,987,988.0,-39.12764387501274,-39.12764387501274,0
cobyla,adiabatic,988,989.0,-39.12764387501274,-39.12764387501274,0
cobyla,adiabatic,989,990.0,-39.12764387501274,-39.12764387501274,0
cobyla,adiabatic,990,991.0,-39.12764387501274,-39.12764387501274,0
cobyla,adiabatic,991,992.0,-39.12764387501274,-39.12764387501274,0
cobyla,adiabatic,992,993.0,-39.12764387501274,-39.12764387501274,0
cobyla,adiabatic,993,994.0,-39.12764387501274,-39.12764387501274,0
cobyla,adiabatic,994,995.0,-39.12764387501274,-39.12764387501274,0
cobyla,adiabatic,995,996.0,-39.12764387501274,-39.12764387501274,0
cobyla,adiabatic,996,997.0,-39.12764387501274,-39.12764387501274,0
cobyla,adiabatic,997,998.0,-39.12764387501274,-39.12764387501274,0
cobyla,adiabatic,998,999.0,-39.12764387501274,-39.12764387501274,0
cobyla,adiabatic,999,1000.0,-39.12764387501274,-39.12764387501274,0
cobyla,sea,0,1.0,-34.51781884286448,-34.51781884286448,0
cobyla,sea,1,2.0,-34.51781884286448,-34.51781884286448,0
cobyla,sea,2,3.0,-35.035633837514276,-35.035633837514276,0
cobyla,sea,3,4.0,-35.798959567549446,-35.798959567549446,0
cobyla,sea,4,5.0,-36.4228666358905,-36.4228666358905,0
cobyla,sea,5,6.0,-36.4228666358905,-36.4228666358905,0
cobyla,sea,6,7.0,-36.4228666358905,-36.4228666358905,0
cobyla,sea,7,8.0,-36.4228666358905,-36.4228666358905,0
cobyla,sea,8,9.0,-36.4228666358905,-36.4228666358905,0
cobyla,sea,9,10.0,-36.4228666358905,-36.4228666358905,0
cobyla,sea,10,11.0,-36.4228666358905,-36.4228666358905,0
cobyla,sea,11,12.0,-36.4228666358905,-36.4228666358905,0
cobyla,sea,12,13.0,-36.4228666358905,-36.4228666358905,0
cobyla,sea,13,14.0,-36.4228666358905,-36.4228666358905,0
cobyla,sea,14,15.0,-36.4228666358905,-36.4228666358905,0
cobyla,sea,15,16.0,-36.44450468362376,-36.44450468362376,0
cobyla,sea,16,17.0,-36.445680492504735,-36.445680492504735,0
cobyla,sea,17,18.0,-36.445680492504735,-36.445680492504735,0
cobyla,sea,18,19.0,-36.445680492504735,-36.445680492504735,0
cobyla,sea,19,20.0,-36.445680492504735,-36.445680492504735,0
cobyla,sea,20,21.0,-36.445680492504735,-36.445680492504735,0
cobyla,sea,21,22.0,-36.445680492504735,-36.445680492504735,0
cobyla,sea,22,23.0,-36.445680492504735,-36.445680492504735,0
cobyla,sea,23,24.0,-36.445680492504735,-36.445680492504735,0
cobyla,sea,24,25.0,-36.445680492504735,-36.445680492504735,0
cobyla,sea,25,26.0,-36.445680492504735,-36.445680492504735,0
cobyla,sea,26,27.0,-36.445680492504735,-36.445680492504735,0
cobyla,sea,27,28.0,-36.445680492504735,-36.445680492504735,0
cobyla,sea,28,29.0,-36.445680492504735,-36.445680492504735,0
cobyla,sea,29,30.0,-36.445680492504735,-36.445680492504735,0
cobyla,sea,30,31.0,-36.46862342054118,-36.46862342054118,0
cobyla,sea,31,32.0,-36.46862342054118,-36.46862342054118,0
cobyla,sea,32,33.0,-36.73165618323623,-36.73165618323623,0
cobyla,sea,33,34.0,-36.73165618323623,-36.73165618323623,0
cobyla,sea,34,35.0,-36.73165618323623,-36.73165618323623,0
cobyla,sea,35,36.0,-36.73165618323623,-36.73165618323623,0
cobyla,sea,36,37.0,-36.73165618323623,-36.73165618323623,0
cobyla,sea,37,38.0,-36.73165618323623,-36.73165618323623,0
cobyla,sea,38,39.0,-36.736156841816,-36.736156841816,0
cobyla,sea,39,40.0,-36.736156841816,-36.736156841816,0
cobyla,sea,40,41.0,-36.736156841816,-36.736156841816,0
cobyla,sea,41,42.0,-36.771723685790874,-36.771723685790874,0
cobyla,sea,42,43.0,-36.771723685790874,-36.771723685790874,0
cobyla,sea,43,44.0,-36.771723685790874,-36.771723685790874,0
cobyla,sea,44,45.0,-36.771723685790874,-36.771723685790874,0
cobyla,sea,45,46.0,-36.771723685790874,-36.771723685790874,0
cobyla,sea,46,47.0,-36.79551561110644,-36.79551561110644,0
cobyla,sea,47,48.0,-36.79551561110644,-36.79551561110644,0
cobyla,sea,48,49.0,-36.79551561110644,-36.79551561110644,0
cobyla,sea,49,50.0,-36.79551561110644,-36.79551561110644,0
cobyla,sea,50,51.0,-36.79551561110644,-36.79551561110644,0
cobyla,sea,51,52.0,-36.79551561110644,-36.79551561110644,0
cobyla,sea,52,53.0,-36.79551561110644,-36.79551561110644,0
cobyla,sea,53,54.0,-36.79551561110644,-36.79551561110644,0
cobyla,sea,54,55.0,-36.79551561110644,-36.79551561110644,0
cobyla,sea,55,56.0,-36.79551561110644,-36.79551561110644,0
cobyla,sea,56,57.0,-36.79551561110644,-36.79551561110644,0
cobyla,sea,57,58.0,-36.79551561110644,-36.79551561110644,0
cobyla,sea,58,59.0,-36.79551561110644,-36.79551561110644,0
cobyla,sea,59,60.0,-36.79551561110644,-36.79551561110644,0
cobyla,sea,60,61.0,-36.79551561110644,-36.79551561110644,0
cobyla,sea,61,62.0,-36.79551561110644,-36.79551561110644,0
cobyla,sea,62,63.0,-36.79551561110644,-36.79551561110644,0
cobyla,sea,63,64.0,-36.79551561110644,-36.79551561110644,0
cobyla,sea,64,65.0,-36.79551561110644,-36.79551561110644,0
cobyla,sea,65,66.0,-36.79551561110644,-36.79551561110644,0
cobyla,sea,66,67.0,-36.79551561110644,-36.79551561110644,0
cobyla,sea,67,68.0,-36.82259745367794,-36.82259745367794,0
cobyla,sea,68,69.0,-36.82259745367794,-36.82259745367794,0
cobyla,sea,69,70.0,-36.82259745367794,-36.82259745367794,0
cobyla,sea,70,71.0,-36.82259745367794,-36.82259745367794,0
cobyla,sea,71,72.0,-36.82259745367794,-36.82259745367794,0
cobyla,sea,72,73.0,-36.82893981612055,-36.82893981612055,0
cobyla,sea,73,74.0,-36.82893981612055,-36.82893981612055,0
cobyla,sea,74,75.0,-39.34179570187655,-39.34179570187655,0
cobyla,sea,75,76.0,-39.34179570187655,-39.34179570187655,0
cobyla,sea,76,77.0,-39.34179570187655,-39.34179570187655,0
cobyla,sea,77,78.0,-39.34179570187655,-39.34179570187655,0
cobyla,sea,78,79.0,-39.34179570187655,-39.34179570187655,0
cobyla,sea,79,80.0,-39.34179570187655,-39.34179570187655,0
cobyla,sea,80,81.0,-39.34179570187655,-39.34179570187655,0
cobyla,sea,81,82.0,-41.33658690239488,-41.33658690239488,0
cobyla,sea,82,83.0,-41.33658690239488,-41.33658690239488,0
cobyla,sea,83,84.0,-41.36220069774319,-41.36220069774319,0
cobyla,sea,84,85.0,-41.36220069774319,-41.36220069774319,0
cobyla,sea,85,86.0,-41.36220069774319,-41.36220069774319,0
cobyla,sea,86,87.0,-41.8481503259045,-41.8481503259045,0
cobyla,sea,87,88.0,-41.8481503259045,-41.8481503259045,0
cobyla,sea,88,89.0,-41.851416730654776,-41.851416730654776,0
cobyla,sea,89,90.0,-41.87898555165994,-41.87898555165994,0
cobyla,sea,90,91.0,-41.87898555165994,-41.87898555165994,0
cobyla,sea,91,92.0,-41.87898555165994,-41.87898555165994,0
cobyla,sea,92,93.0,-41.87898555165994,-41.87898555165994,0
cobyla,sea,93,94.0,-41.87898555165994,-41.87898555165994,0
cobyla,sea,94,95.0,-41.87898555165994,-41.87898555165994,0
cobyla,sea,95,96.0,-41.87898555165994,-41.87898555165994,0
cobyla,sea,96,97.0,-41.87898555165994,-41.87898555165994,0
cobyla,sea,97,98.0,-41.87898555165994,-41.87898555165994,0
cobyla,sea,98,99.0,-41.87898555165994,-41.87898555165994,0
cobyla,sea,99,100.0,-41.87898555165994,-41.87898555165994,0
cobyla,sea,100,101.0,-41.87898555165994,-41.87898555165994,0
cobyla,sea,101,102.0,-41.87898555165994,-41.87898555165994,0
cobyla,sea,102,103.0,-41.87898555165994,-41.87898555165994,0
cobyla,sea,103,104.0,-41.87898555165994,-41.87898555165994,0
cobyla,sea,104,105.0,-41.87898555165994,-41.87898555165994,0
cobyla,sea,105,106.0,-41.87898555165994,-41.87898555165994,0
cobyla,sea,106,107.0,-41.87898555165994,-41.87898555165994,0
cobyla,sea,107,108.0,-41.87898555165994,-41.87898555165994,0
cobyla,sea,108,109.0,-42.159497066702684,-42.159497066702684,0
cobyla,sea,109,110.0,-42.159497066702684,-42.159497066702684,0
cobyla,sea,110,111.0,-42.159497066702684,-42.159497066702684,0
cobyla,sea,111,112.0,-42.159497066702684,-42.159497066702684,0
cobyla,sea,112,113.0,-42.21159402065376,-42.21159402065376,0
cobyla,sea,113,114.0,-42.21159402065376,-42.21159402065376,0
cobyla,sea,114,115.0,-42.61549423885982,-42.61549423885982,0
cobyla,sea,115,116.0,-42.63242357786263,-42.63242357786263,0
cobyla,sea,116,117.0,-42.63242357786263,-42.63242357786263,0
cobyla,sea,117,118.0,-42.63242357786263,-42.63242357786263,0
cobyla,sea,118,119.0,-42.63242357786263,-42.63242357786263,0
cobyla,sea,119,120.0,-42.63242357786263,-42.63242357786263,0
cobyla,sea,120,121.0,-42.63242357786263,-42.63242357786263,0
cobyla,sea,121,122.0,-42.63242357786263,-42.63242357786263,0
cobyla,sea,122,123.0,-42.63242357786263,-42.63242357786263,0
cobyla,sea,123,124.0,-42.63242357786263,-42.63242357786263,0
cobyla,sea,124,125.0,-42.63242357786263,-42.63242357786263,0
cobyla,sea,125,126.0,-42.63242357786263,-42.63242357786263,0
cobyla,sea,126,127.0,-42.63242357786263,-42.63242357786263,0
cobyla,sea,127,128.0,-42.63242357786263,-42.63242357786263,0
cobyla,sea,128,129.0,-42.63242357786263,-42.63242357786263,0
cobyla,sea,129,130.0,-42.63242357786263,-42.63242357786263,0
cobyla,sea,130,131.0,-42.74382080106468,-42.74382080106468,0
cobyla,sea,131,132.0,-42.78825943345978,-42.78825943345978,0
cobyla,sea,132,133.0,-42.81887691296848,-42.81887691296848,0
cobyla,sea,133,134.0,-42.84727513230968,-42.84727513230968,0
cobyla,sea,134,135.0,-42.89605508823567,-42.89605508823567,0
cobyla,sea,135,136.0,-42.89605508823567,-42.89605508823567,0
cobyla,sea,136,137.0,-42.89605508823567,-42.89605508823567,0
cobyla,sea,137,138.0,-42.89605508823567,-42.89605508823567,0
cobyla,sea,138,139.0,-42.89605508823567,-42.89605508823567,0
cobyla,sea,139,140.0,-42.89605508823567,-42.89605508823567,0
cobyla,sea,140,141.0,-42.89605508823567,-42.89605508823567,0
cobyla,sea,141,142.0,-42.89605508823567,-42.89605508823567,0
cobyla,sea,142,143.0,-42.940909977066966,-42.940909977066966,0
cobyla,sea,143,144.0,-42.940909977066966,-42.940909977066966,0
cobyla,sea,144,145.0,-42.940909977066966,-42.940909977066966,0
cobyla,sea,145,146.0,-42.95177076863294,-42.95177076863294,0
cobyla,sea,146,147.0,-42.95177076863294,-42.95177076863294,0
cobyla,sea,147,148.0,-42.95177076863294,-42.95177076863294,0
cobyla,sea,148,149.0,-42.95177076863294,-42.95177076863294,0
cobyla,sea,149,150.0,-42.95177076863294,-42.95177076863294,0
cobyla,sea,150,151.0,-42.95177076863294,-42.95177076863294,0
cobyla,sea,151,152.0,-42.964925821721174,-42.964925821721174,0
cobyla,sea,152,153.0,-42.964925821721174,-42.964925821721174,0
cobyla,sea,153,154.0,-42.964925821721174,-42.964925821721174,0
cobyla,sea,154,155.0,-42.964925821721174,-42.964925821721174,0
cobyla,sea,155,156.0,-42.964925821721174,-42.964925821721174,0
cobyla,sea,156,157.0,-42.964925821721174,-42.964925821721174,0
cobyla,sea,157,158.0,-42.964925821721174,-42.964925821721174,0
cobyla,sea,158,159.0,-42.964925821721174,-42.964925821721174,0
cobyla,sea,159,160.0,-42.964925821721174,-42.964925821721174,0
cobyla,sea,160,161.0,-42.964925821721174,-42.964925821721174,0
cobyla,sea,161,162.0,-42.964925821721174,-42.964925821721174,0
cobyla,sea,162,163.0,-42.970699582098305,-42.970699582098305,0
cobyla,sea,163,164.0,-42.970699582098305,-42.970699582098305,0
cobyla,sea,164,165.0,-42.970699582098305,-42.970699582098305,0
cobyla,sea,165,166.0,-42.970699582098305,-42.970699582098305,0
cobyla,sea,166,167.0,-42.970699582098305,-42.970699582098305,0
cobyla,sea,167,168.0,-42.970699582098305,-42.970699582098305,0
cobyla,sea,168,169.0,-42.970699582098305,-42.970699582098305,0
cobyla,sea,169,170.0,-42.970699582098305,-42.970699582098305,0
cobyla,sea,170,171.0,-42.970699582098305,-42.970699582098305,0
cobyla,sea,171,172.0,-42.970699582098305,-42.970699582098305,0
cobyla,sea,172,173.0,-42.97455860140064,-42.97455860140064,0
cobyla,sea,173,174.0,-42.97455860140064,-42.97455860140064,0
cobyla,sea,174,175.0,-42.97455860140064,-42.97455860140064,0
cobyla,sea,175,176.0,-42.98350378632327,-42.98350378632327,0
cobyla,sea,176,177.0,-42.98350378632327,-42.98350378632327,0
cobyla,sea,177,178.0,-43.01553348106882,-43.01553348106882,0
cobyla,sea,178,179.0,-43.01553348106882,-43.01553348106882,0
cobyla,sea,179,180.0,-43.01553348106882,-43.01553348106882,0
cobyla,sea,180,181.0,-43.01553348106882,-43.01553348106882,0
cobyla,sea,181,182.0,-43.01553348106882,-43.01553348106882,0
cobyla,sea,182,183.0,-43.01553348106882,-43.01553348106882,0
cobyla,sea,183,184.0,-43.01553348106882,-43.01553348106882,0
cobyla,sea,184,185.0,-43.01553348106882,-43.01553348106882,0
cobyla,sea,185,186.0,-43.01553348106882,-43.01553348106882,0
cobyla,sea,186,187.0,-43.01553348106882,-43.01553348106882,0
cobyla,sea,187,188.0,-43.01553348106882,-43.01553348106882,0
cobyla,sea,188,189.0,-43.01553348106882,-43.01553348106882,0
cobyla,sea,189,190.0,-43.01553348106882,-43.01553348106882,0
cobyla,sea,190,191.0,-43.01553348106882,-43.01553348106882,0
cobyla,sea,191,192.0,-43.01553348106882,-43.01553348106882,0
cobyla,sea,192,193.0,-43.01553348106882,-43.01553348106882,0
cobyla,sea,193,194.0,-43.01553348106882,-43.01553348106882,0
cobyla,sea,194,195.0,-43.01553348106882,-43.01553348106882,0
cobyla,sea,195,196.0,-43.01553348106882,-43.01553348106882,0
cobyla,sea,196,197.0,-43.01553348106882,-43.01553348106882,0
cobyla,sea,197,198.0,-43.01553348106882,-43.01553348106882,0
cobyla,sea,198,199.0,-43.01553348106882,-43.01553348106882,0
cobyla,sea,199,200.0,-43.01553348106882,-43.01553348106882,0
cobyla,sea,200,201.0,-43.073334803089566,-43.073334803089566,0
cobyla,sea,201,202.0,-43.073334803089566,-43.073334803089566,0
cobyla,sea,202,203.0,-43.073334803089566,-43.073334803089566,0
cobyla,sea,203,204.0,-43.073334803089566,-43.073334803089566,0
cobyla,sea,204,205.0,-43.073334803089566,-43.073334803089566,0
cobyla,sea,205,206.0,-43.073334803089566,-43.073334803089566,0
cobyla,sea,206,207.0,-43.073334803089566,-43.073334803089566,0
cobyla,sea,207,208.0,-43.073334803089566,-43.073334803089566,0
cobyla,sea,208,209.0,-43.073334803089566,-43.073334803089566,0
cobyla,sea,209,210.0,-43.121398923613505,-43.121398923613505,0
cobyla,sea,210,211.0,-43.121398923613505,-43.121398923613505,0
cobyla,sea,211,212.0,-43.121398923613505,-43.121398923613505,0
cobyla,sea,212,213.0,-43.121398923613505,-43.121398923613505,0
cobyla,sea,213,214.0,-43.121398923613505,-43.121398923613505,0
cobyla,sea,214,215.0,-43.121398923613505,-43.121398923613505,0
cobyla,sea,215,216.0,-43.121398923613505,-43.121398923613505,0
cobyla,sea,216,217.0,-43.121398923613505,-43.121398923613505,0
cobyla,sea,217,218.0,-43.121398923613505,-43.121398923613505,0
cobyla,sea,218,219.0,-43.121398923613505,-43.121398923613505,0
cobyla,sea,219,220.0,-43.121398923613505,-43.121398923613505,0
cobyla,sea,220,221.0,-43.14003728374303,-43.14003728374303,0
cobyla,sea,221,222.0,-43.14003728374303,-43.14003728374303,0
cobyla,sea,222,223.0,-43.14003728374303,-43.14003728374303,0
cobyla,sea,223,224.0,-43.14003728374303,-43.14003728374303,0
cobyla,sea,224,225.0,-43.14003728374303,-43.14003728374303,0
cobyla,sea,225,226.0,-43.14003728374303,-43.14003728374303,0
cobyla,sea,226,227.0,-43.14003728374303,-43.14003728374303,0
cobyla,sea,227,228.0,-43.14003728374303,-43.14003728374303,0
cobyla,sea,228,229.0,-43.156474465501866,-43.156474465501866,0
cobyla,sea,229,230.0,-43.156474465501866,-43.156474465501866,0
cobyla,sea,230,231.0,-43.6728525484472,-43.6728525484472,0
cobyla,sea,231,232.0,-43.6728525484472,-43.6728525484472,0
cobyla,sea,232,233.0,-43.6728525484472,-43.6728525484472,0
cobyla,sea,233,234.0,-43.6728525484472,-43.6728525484472,0
cobyla,sea,234,235.0,-43.6728525484472,-43.6728525484472,0
cobyla,sea,235,236.0,-43.6728525484472,-43.6728525484472,0
cobyla,sea,236,237.0,-43.6728525484472,-43.6728525484472,0
cobyla,sea,237,238.0,-43.6728525484472,-43.6728525484472,0
cobyla,sea,238,239.0,-43.6728525484472,-43.6728525484472,0
cobyla,sea,239,240.0,-43.92762091373083,-43.92762091373083,0
cobyla,sea,240,241.0,-43.92762091373083,-43.92762091373083,0
cobyla,sea,241,242.0,-43.92762091373083,-43.92762091373083,0
cobyla,sea,242,243.0,-44.178412337432015,-44.178412337432015,0
cobyla,sea,243,244.0,-45.4542807576266,-45.4542807576266,0
cobyla,sea,244,245.0,-45.4542807576266,-45.4542807576266,0
cobyla,sea,245,246.0,-45.4542807576266,-45.4542807576266,0
cobyla,sea,246,247.0,-45.4542807576266,-45.4542807576266,0
cobyla,sea,247,248.0,-45.4542807576266,-45.4542807576266,0
cobyla,sea,248,249.0,-45.4542807576266,-45.4542807576266,0
cobyla,sea,249,250.0,-45.4542807576266,-45.4542807576266,0
cobyla,sea,250,251.0,-45.56338625131235,-45.56338625131235,0
cobyla,sea,251,252.0,-45.96120637777479,-45.96120637777479,0
cobyla,sea,252,253.0,-45.96120637777479,-45.96120637777479,0
cobyla,sea,253,254.0,-45.96120637777479,-45.96120637777479,0
cobyla,sea,254,255.0,-45.96120637777479,-45.96120637777479,0
cobyla,sea,255,256.0,-45.96120637777479,-45.96120637777479,0
cobyla,sea,256,257.0,-45.96120637777479,-45.96120637777479,0
cobyla,sea,257,258.0,-45.96120637777479,-45.96120637777479,0
cobyla,sea,258,259.0,-45.96120637777479,-45.96120637777479,0
cobyla,sea,259,260.0,-45.96120637777479,-45.96120637777479,0
cobyla,sea,260,261.0,-45.96120637777479,-45.96120637777479,0
cobyla,sea,261,262.0,-45.96120637777479,-45.96120637777479,0
cobyla,sea,262,263.0,-45.96120637777479,-45.96120637777479,0
cobyla,sea,263,264.0,-45.96120637777479,-45.96120637777479,0
cobyla,sea,264,265.0,-45.96120637777479,-45.96120637777479,0
cobyla,sea,265,266.0,-45.96120637777479,-45.96120637777479,0
cobyla,sea,266,267.0,-45.96120637777479,-45.96120637777479,0
cobyla,sea,267,268.0,-45.96120637777479,-45.96120637777479,0
cobyla,sea,268,269.0,-45.96120637777479,-45.96120637777479,0
cobyla,sea,269,270.0,-45.96120637777479,-45.96120637777479,0
cobyla,sea,270,271.0,-45.96120637777479,-45.96120637777479,0
cobyla,sea,271,272.0,-45.96120637777479,-45.96120637777479,0
cobyla,sea,272,273.0,-45.96120637777479,-45.96120637777479,0
cobyla,sea,273,274.0,-45.96120637777479,-45.96120637777479,0
cobyla,sea,274,275.0,-45.96120637777479,-45.96120637777479,0
cobyla,sea,275,276.0,-45.96120637777479,-45.96120637777479,0
cobyla,sea,276,277.0,-45.96120637777479,-45.96120637777479,0
cobyla,sea,277,278.0,-45.96120637777479,-45.96120637777479,0
cobyla,sea,278,279.0,-45.96120637777479,-45.96120637777479,0
cobyla,sea,279,280.0,-45.96120637777479,-45.96120637777479,0
cobyla,sea,280,281.0,-45.96120637777479,-45.96120637777479,0
cobyla,sea,281,282.0,-45.96120637777479,-45.96120637777479,0
cobyla,sea,282,283.0,-45.96120637777479,-45.96120637777479,0
cobyla,sea,283,284.0,-45.96120637777479,-45.96120637777479,0
cobyla,sea,284,285.0,-45.96120637777479,-45.96120637777479,0
cobyla,sea,285,286.0,-45.96120637777479,-45.96120637777479,0
cobyla,sea,286,287.0,-45.96120637777479,-45.96120637777479,0
cobyla,sea,287,288.0,-45.96120637777479,-45.96120637777479,0
cobyla,sea,288,289.0,-45.96120637777479,-45.96120637777479,0
cobyla,sea,289,290.0,-45.96120637777479,-45.96120637777479,0
cobyla,sea,290,291.0,-46.0056586596308,-46.0056586596308,0
cobyla,sea,291,292.0,-46.0056586596308,-46.0056586596308,0
cobyla,sea,292,293.0,-46.0056586596308,-46.0056586596308,0
cobyla,sea,293,294.0,-46.00932797328658,-46.00932797328658,0
cobyla,sea,294,295.0,-46.00932797328658,-46.00932797328658,0
cobyla,sea,295,296.0,-46.02364704907663,-46.02364704907663,0
cobyla,sea,296,297.0,-46.05126057263679,-46.05126057263679,0
cobyla,sea,297,298.0,-46.05126057263679,-46.05126057263679,0
cobyla,sea,298,299.0,-46.05126057263679,-46.05126057263679,0
cobyla,sea,299,300.0,-46.062846005648304,-46.062846005648304,0
cobyla,sea,300,301.0,-46.062846005648304,-46.062846005648304,0
cobyla,sea,301,302.0,-46.062846005648304,-46.062846005648304,0
cobyla,sea,302,303.0,-46.06980524551311,-46.06980524551311,0
cobyla,sea,303,304.0,-46.06980524551311,-46.06980524551311,0
cobyla,sea,304,305.0,-46.16062943752129,-46.16062943752129,0
cobyla,sea,305,306.0,-46.16062943752129,-46.16062943752129,0
cobyla,sea,306,307.0,-46.16062943752129,-46.16062943752129,0
cobyla,sea,307,308.0,-46.23968550681323,-46.23968550681323,0
cobyla,sea,308,309.0,-46.23968550681323,-46.23968550681323,0
cobyla,sea,309,310.0,-46.23968550681323,-46.23968550681323,0
cobyla,sea,310,311.0,-46.23968550681323,-46.23968550681323,0
cobyla,sea,311,312.0,-46.23968550681323,-46.23968550681323,0
cobyla,sea,312,313.0,-46.23968550681323,-46.23968550681323,0
cobyla,sea,313,314.0,-46.23968550681323,-46.23968550681323,0
cobyla,sea,314,315.0,-46.23968550681323,-46.23968550681323,0
cobyla,sea,315,316.0,-46.23968550681323,-46.23968550681323,0
cobyla,sea,316,317.0,-46.23968550681323,-46.23968550681323,0
cobyla,sea,317,318.0,-46.23968550681323,-46.23968550681323,0
cobyla,sea,318,319.0,-46.23968550681323,-46.23968550681323,0
cobyla,sea,319,320.0,-46.23968550681323,-46.23968550681323,0
cobyla,sea,320,321.0,-46.23968550681323,-46.23968550681323,0
cobyla,sea,321,322.0,-46.23968550681323,-46.23968550681323,0
cobyla,sea,322,323.0,-46.23968550681323,-46.23968550681323,0
cobyla,sea,323,324.0,-46.23968550681323,-46.23968550681323,0
cobyla,sea,324,325.0,-46.23968550681323,-46.23968550681323,0
cobyla,sea,325,326.0,-46.23968550681323,-46.23968550681323,0
cobyla,sea,326,327.0,-46.23968550681323,-46.23968550681323,0
cobyla,sea,327,328.0,-46.25066256854144,-46.25066256854144,0
cobyla,sea,328,329.0,-46.25066256854144,-46.25066256854144,0
cobyla,sea,329,330.0,-46.25066256854144,-46.25066256854144,0
cobyla,sea,330,331.0,-46.25066256854144,-46.25066256854144,0
cobyla,sea,331,332.0,-46.25066256854144,-46.25066256854144,0
cobyla,sea,332,333.0,-46.26291527332975,-46.26291527332975,0
cobyla,sea,333,334.0,-46.26291527332975,-46.26291527332975,0
cobyla,sea,334,335.0,-46.26291527332975,-46.26291527332975,0
cobyla,sea,335,336.0,-46.26291527332975,-46.26291527332975,0
cobyla,sea,336,337.0,-46.26291527332975,-46.26291527332975,0
cobyla,sea,337,338.0,-46.26291527332975,-46.26291527332975,0
cobyla,sea,338,339.0,-46.271893651596585,-46.271893651596585,0
cobyla,sea,339,340.0,-46.298336302039864,-46.298336302039864,0
cobyla,sea,340,341.0,-46.30776583798889,-46.30776583798889,0
cobyla,sea,341,342.0,-46.30776583798889,-46.30776583798889,0
cobyla,sea,342,343.0,-46.30776583798889,-46.30776583798889,0
cobyla,sea,343,344.0,-46.32850276634327,-46.32850276634327,0
cobyla,sea,344,345.0,-46.32850276634327,-46.32850276634327,0
cobyla,sea,345,346.0,-46.32850276634327,-46.32850276634327,0
cobyla,sea,346,347.0,-46.32850276634327,-46.32850276634327,0
cobyla,sea,347,348.0,-46.32850276634327,-46.32850276634327,0
cobyla,sea,348,349.0,-46.32850276634327,-46.32850276634327,0
cobyla,sea,349,350.0,-46.32850276634327,-46.32850276634327,0
cobyla,sea,350,351.0,-46.330121631780806,-46.330121631780806,0
cobyla,sea,351,352.0,-46.33684348027586,-46.33684348027586,0
cobyla,sea,352,353.0,-46.33830891296588,-46.33830891296588,0
cobyla,sea,353,354.0,-46.33830891296588,-46.33830891296588,0
cobyla,sea,354,355.0,-46.33830891296588,-46.33830891296588,0
cobyla,sea,355,356.0,-46.33830891296588,-46.33830891296588,0
cobyla,sea,356,357.0,-46.33830891296588,-46.33830891296588,0
cobyla,sea,357,358.0,-46.33830891296588,-46.33830891296588,0
cobyla,sea,358,359.0,-46.33830891296588,-46.33830891296588,0
cobyla,sea,359,360.0,-46.33830891296588,-46.33830891296588,0
cobyla,sea,360,361.0,-46.33830891296588,-46.33830891296588,0
cobyla,sea,361,362.0,-46.345523251091606,-46.345523251091606,0
cobyla,sea,362,363.0,-46.345523251091606,-46.345523251091606,0
cobyla,sea,363,364.0,-46.345523251091606,-46.345523251091606,0
cobyla,sea,364,365.0,-46.345523251091606,-46.345523251091606,0
cobyla,sea,365,366.0,-46.345523251091606,-46.345523251091606,0
cobyla,sea,366,367.0,-46.34968699815027,-46.34968699815027,0
cobyla,sea,367,368.0,-46.359640785896445,-46.359640785896445,0
cobyla,sea,368,369.0,-46.359640785896445,-46.359640785896445,0
cobyla,sea,369,370.0,-46.359640785896445,-46.359640785896445,0
cobyla,sea,370,371.0,-46.37246856514817,-46.37246856514817,0
cobyla,sea,371,372.0,-46.37246856514817,-46.37246856514817,0
cobyla,sea,372,373.0,-47.1465218644095,-47.1465218644095,0
cobyla,sea,373,374.0,-47.1465218644095,-47.1465218644095,0
cobyla,sea,374,375.0,-47.1465218644095,-47.1465218644095,0
cobyla,sea,375,376.0,-47.1465218644095,-47.1465218644095,0
cobyla,sea,376,377.0,-47.1538306888447,-47.1538306888447,0
cobyla,sea,377,378.0,-47.1538306888447,-47.1538306888447,0
cobyla,sea,378,379.0,-47.165405167577894,-47.165405167577894,0
cobyla,sea,379,380.0,-47.165405167577894,-47.165405167577894,0
cobyla,sea,380,381.0,-47.165405167577894,-47.165405167577894,0
cobyla,sea,381,382.0,-47.165405167577894,-47.165405167577894,0
cobyla,sea,382,383.0,-47.165405167577894,-47.165405167577894,0
cobyla,sea,383,384.0,-47.165405167577894,-47.165405167577894,0
cobyla,sea,384,385.0,-47.165405167577894,-47.165405167577894,0
cobyla,sea,385,386.0,-47.165405167577894,-47.165405167577894,0
cobyla,sea,386,387.0,-47.165405167577894,-47.165405167577894,0
cobyla,sea,387,388.0,-47.165405167577894,-47.165405167577894,0
cobyla,sea,388,389.0,-47.165405167577894,-47.165405167577894,0
cobyla,sea,389,390.0,-47.165405167577894,-47.165405167577894,0
cobyla,sea,390,391.0,-47.165405167577894,-47.165405167577894,0
cobyla,sea,391,392.0,-47.165405167577894,-47.165405167577894,0
cobyla,sea,392,393.0,-47.165405167577894,-47.165405167577894,0
cobyla,sea,393,394.0,-47.165405167577894,-47.165405167577894,0
cobyla,sea,394,395.0,-47.165405167577894,-47.165405167577894,0
cobyla,sea,395,396.0,-47.165405167577894,-47.165405167577894,0
cobyla,sea,396,397.0,-47.165405167577894,-47.165405167577894,0
cobyla,sea,397,398.0,-47.165405167577894,-47.165405167577894,0
cobyla,sea,398,399.0,-47.165405167577894,-47.165405167577894,0
cobyla,sea,399,400.0,-47.165405167577894,-47.165405167577894,0
cobyla,sea,400,401.0,-47.165405167577894,-47.165405167577894,0
cobyla,sea,401,402.0,-47.165405167577894,-47.165405167577894,0
cobyla,sea,402,403.0,-47.165405167577894,-47.165405167577894,0
cobyla,sea,403,404.0,-47.165405167577894,-47.165405167577894,0
cobyla,sea,404,405.0,-47.165405167577894,-47.165405167577894,0
cobyla,sea,405,406.0,-47.165405167577894,-47.165405167577894,0
cobyla,sea,406,407.0,-47.165405167577894,-47.165405167577894,0
cobyla,sea,407,408.0,-47.165405167577894,-47.165405167577894,0
cobyla,sea,408,409.0,-47.17245005125588,-47.17245005125588,0
cobyla,sea,409,410.0,-47.17245005125588,-47.17245005125588,0
cobyla,sea,410,411.0,-47.247509237336864,-47.247509237336864,0
cobyla,sea,411,412.0,-47.247509237336864,-47.247509237336864,0
cobyla,sea,412,413.0,-47.332843724411596,-47.332843724411596,0
cobyla,sea,413,414.0,-47.332843724411596,-47.332843724411596,0
cobyla,sea,414,415.0,-47.332843724411596,-47.332843724411596,0
cobyla,sea,415,416.0,-47.332843724411596,-47.332843724411596,0
cobyla,sea,416,417.0,-47.332843724411596,-47.332843724411596,0
cobyla,sea,417,418.0,-47.332843724411596,-47.332843724411596,0
cobyla,sea,418,419.0,-47.332843724411596,-47.332843724411596,0
cobyla,sea,419,420.0,-47.332843724411596,-47.332843724411596,0
cobyla,sea,420,421.0,-47.332843724411596,-47.332843724411596,0
cobyla,sea,421,422.0,-47.332843724411596,-47.332843724411596,0
cobyla,sea,422,423.0,-47.332843724411596,-47.332843724411596,0
cobyla,sea,423,424.0,-47.332843724411596,-47.332843724411596,0
cobyla,sea,424,425.0,-47.332843724411596,-47.332843724411596,0
cobyla,sea,425,426.0,-47.332843724411596,-47.332843724411596,0
cobyla,sea,426,427.0,-47.332843724411596,-47.332843724411596,0
cobyla,sea,427,428.0,-47.332843724411596,-47.332843724411596,0
cobyla,sea,428,429.0,-47.332843724411596,-47.332843724411596,0
cobyla,sea,429,430.0,-47.332843724411596,-47.332843724411596,0
cobyla,sea,430,431.0,-47.332843724411596,-47.332843724411596,0
cobyla,sea,431,432.0,-47.332843724411596,-47.332843724411596,0
cobyla,sea,432,433.0,-47.332843724411596,-47.332843724411596,0
cobyla,sea,433,434.0,-47.332843724411596,-47.332843724411596,0
cobyla,sea,434,435.0,-47.332843724411596,-47.332843724411596,0
cobyla,sea,435,436.0,-47.332843724411596,-47.332843724411596,0
cobyla,sea,436,437.0,-47.332843724411596,-47.332843724411596,0
cobyla,sea,437,438.0,-47.332843724411596,-47.332843724411596,0
cobyla,sea,438,439.0,-47.332843724411596,-47.332843724411596,0
cobyla,sea,439,440.0,-47.332843724411596,-47.332843724411596,0
cobyla,sea,440,441.0,-47.337409815116125,-47.337409815116125,0
cobyla,sea,441,442.0,-47.337409815116125,-47.337409815116125,0
cobyla,sea,442,443.0,-47.38649665044952,-47.38649665044952,0
cobyla,sea,443,444.0,-47.38649665044952,-47.38649665044952,0
cobyla,sea,444,445.0,-47.38649665044952,-47.38649665044952,0
cobyla,sea,445,446.0,-47.38649665044952,-47.38649665044952,0
cobyla,sea,446,447.0,-47.399780729669644,-47.399780729669644,0
cobyla,sea,447,448.0,-47.399780729669644,-47.399780729669644,0
cobyla,sea,448,449.0,-47.399780729669644,-47.399780729669644,0
cobyla,sea,449,450.0,-47.399780729669644,-47.399780729669644,0
cobyla,sea,450,451.0,-47.47631651117019,-47.47631651117019,0
cobyla,sea,451,452.0,-47.47631651117019,-47.47631651117019,0
cobyla,sea,452,453.0,-47.47631651117019,-47.47631651117019,0
cobyla,sea,453,454.0,-47.47631651117019,-47.47631651117019,0
cobyla,sea,454,455.0,-47.479151839844036,-47.479151839844036,0
cobyla,sea,455,456.0,-47.479151839844036,-47.479151839844036,0
cobyla,sea,456,457.0,-47.479151839844036,-47.479151839844036,0
cobyla,sea,457,458.0,-47.479151839844036,-47.479151839844036,0
cobyla,sea,458,459.0,-47.479151839844036,-47.479151839844036,0
cobyla,sea,459,460.0,-47.479151839844036,-47.479151839844036,0
cobyla,sea,460,461.0,-47.47976193718576,-47.47976193718576,0
cobyla,sea,461,462.0,-47.47976193718576,-47.47976193718576,0
cobyla,sea,462,463.0,-47.498681093498796,-47.498681093498796,0
cobyla,sea,463,464.0,-47.498681093498796,-47.498681093498796,0
cobyla,sea,464,465.0,-47.57471526260938,-47.57471526260938,0
cobyla,sea,465,466.0,-47.57471526260938,-47.57471526260938,0
cobyla,sea,466,467.0,-47.57471526260938,-47.57471526260938,0
cobyla,sea,467,468.0,-47.57471526260938,-47.57471526260938,0
cobyla,sea,468,469.0,-47.57471526260938,-47.57471526260938,0
cobyla,sea,469,470.0,-47.57471526260938,-47.57471526260938,0
cobyla,sea,470,471.0,-47.57471526260938,-47.57471526260938,0
cobyla,sea,471,472.0,-47.57471526260938,-47.57471526260938,0
cobyla,sea,472,473.0,-47.57471526260938,-47.57471526260938,0
cobyla,sea,473,474.0,-47.57471526260938,-47.57471526260938,0
cobyla,sea,474,475.0,-47.57471526260938,-47.57471526260938,0
cobyla,sea,475,476.0,-47.57471526260938,-47.57471526260938,0
cobyla,sea,476,477.0,-47.57471526260938,-47.57471526260938,0
cobyla,sea,477,478.0,-47.57471526260938,-47.57471526260938,0
cobyla,sea,478,479.0,-47.57471526260938,-47.57471526260938,0
cobyla,sea,479,480.0,-47.57471526260938,-47.57471526260938,0
cobyla,sea,480,481.0,-47.57471526260938,-47.57471526260938,0
cobyla,sea,481,482.0,-47.57471526260938,-47.57471526260938,0
cobyla,sea,482,483.0,-47.57471526260938,-47.57471526260938,0
cobyla,sea,483,484.0,-47.57471526260938,-47.57471526260938,0
cobyla,sea,484,485.0,-47.57471526260938,-47.57471526260938,0
cobyla,sea,485,486.0,-47.57471526260938,-47.57471526260938,0
cobyla,sea,486,487.0,-47.574715262609395,-47.574715262609395,0
cobyla,sea,487,488.0,-47.574715262609395,-47.574715262609395,0
cobyla,sea,488,489.0,-47.574715262609395,-47.574715262609395,0
cobyla,sea,489,490.0,-47.574715262609395,-47.574715262609395,0
cobyla,sea,490,491.0,-47.57471526260944,-47.57471526260944,0
cobyla,sea,491,492.0,-47.57471526260944,-47.57471526260944,0
cobyla,sea,492,493.0,-47.57471526260944,-47.57471526260944,0
cobyla,sea,493,494.0,-47.57471526260944,-47.57471526260944,0
cobyla,sea,494,495.0,-47.57471526260944,-47.57471526260944,0
cobyla,sea,495,496.0,-47.57471526260944,-47.57471526260944,0
cobyla,sea,496,497.0,-47.57471526260944,-47.57471526260944,0
cobyla,sea,497,498.0,-47.57471526260944,-47.57471526260944,0
cobyla,sea,498,499.0,-47.57471526260944,-47.57471526260944,0
cobyla,sea,499,500.0,-47.57471526260944,-47.57471526260944,0
cobyla,sea,500,501.0,-47.58663134430806,-47.58663134430806,0
cobyla,sea,501,502.0,-47.58663134430806,-47.58663134430806,0
cobyla,sea,502,503.0,-47.611815036074574,-47.611815036074574,0
cobyla,sea,503,504.0,-47.611815036074574,-47.611815036074574,0
cobyla,sea,504,505.0,-47.611815036074574,-47.611815036074574,0
cobyla,sea,505,506.0,-47.63280387361193,-47.63280387361193,0
cobyla,sea,506,507.0,-47.63280387361193,-47.63280387361193,0
cobyla,sea,507,508.0,-47.63280387361193,-47.63280387361193,0
cobyla,sea,508,509.0,-47.63280387361193,-47.63280387361193,0
cobyla,sea,509,510.0,-47.63280387361193,-47.63280387361193,0
cobyla,sea,510,511.0,-47.63280387361193,-47.63280387361193,0
cobyla,sea,511,512.0,-47.63280387361193,-47.63280387361193,0
cobyla,sea,512,513.0,-47.63280387361193,-47.63280387361193,0
cobyla,sea,513,514.0,-47.63280387361193,-47.63280387361193,0
cobyla,sea,514,515.0,-47.63280387361193,-47.63280387361193,0
cobyla,sea,515,516.0,-47.63280387361193,-47.63280387361193,0
cobyla,sea,516,517.0,-47.632803873612076,-47.632803873612076,0
cobyla,sea,517,518.0,-47.632803873612076,-47.632803873612076,0
cobyla,sea,518,519.0,-47.632803873612076,-47.632803873612076,0
cobyla,sea,519,520.0,-47.632803873612076,-47.632803873612076,0
cobyla,sea,520,521.0,-47.632803873612076,-47.632803873612076,0
cobyla,sea,521,522.0,-47.632803873612076,-47.632803873612076,0
cobyla,sea,522,523.0,-47.632803873612104,-47.632803873612104,0
cobyla,sea,523,524.0,-47.632803873612104,-47.632803873612104,0
cobyla,sea,524,525.0,-47.632803873612104,-47.632803873612104,0
cobyla,sea,525,526.0,-47.632803873612104,-47.632803873612104,0
cobyla,sea,526,527.0,-47.63280387361225,-47.63280387361225,0
cobyla,sea,527,528.0,-47.63280387361225,-47.63280387361225,0
cobyla,sea,528,529.0,-47.63280387361225,-47.63280387361225,0
cobyla,sea,529,530.0,-47.63280387361225,-47.63280387361225,0
cobyla,sea,530,531.0,-47.641665732930484,-47.641665732930484,0
cobyla,sea,531,532.0,-47.641665732930484,-47.641665732930484,0
cobyla,sea,532,533.0,-47.641665732930484,-47.641665732930484,0
cobyla,sea,533,534.0,-47.64353474504618,-47.64353474504618,0
cobyla,sea,534,535.0,-47.65428515338308,-47.65428515338308,0
cobyla,sea,535,536.0,-47.65428515338308,-47.65428515338308,0
cobyla,sea,536,537.0,-47.65428515338308,-47.65428515338308,0
cobyla,sea,537,538.0,-47.65428515338308,-47.65428515338308,0
cobyla,sea,538,539.0,-47.65428515338308,-47.65428515338308,0
cobyla,sea,539,540.0,-47.65428515338308,-47.65428515338308,0
cobyla,sea,540,541.0,-47.65428515338308,-47.65428515338308,0
cobyla,sea,541,542.0,-47.65428515338308,-47.65428515338308,0
cobyla,sea,542,543.0,-47.65428515338308,-47.65428515338308,0
cobyla,sea,543,544.0,-47.65428515338308,-47.65428515338308,0
cobyla,sea,544,545.0,-47.65554425902905,-47.65554425902905,0
cobyla,sea,545,546.0,-47.65554425902905,-47.65554425902905,0
cobyla,sea,546,547.0,-47.67117235380217,-47.67117235380217,0
cobyla,sea,547,548.0,-47.676356499951346,-47.676356499951346,0
cobyla,sea,548,549.0,-47.683743226450524,-47.683743226450524,0
cobyla,sea,549,550.0,-47.683743226450524,-47.683743226450524,0
cobyla,sea,550,551.0,-47.69086730057254,-47.69086730057254,0
cobyla,sea,551,552.0,-47.69086730057254,-47.69086730057254,0
cobyla,sea,552,553.0,-47.69086730057254,-47.69086730057254,0
cobyla,sea,553,554.0,-47.69086730057254,-47.69086730057254,0
cobyla,sea,554,555.0,-47.69086730057254,-47.69086730057254,0
cobyla,sea,555,556.0,-47.70095732464217,-47.70095732464217,0
cobyla,sea,556,557.0,-47.70095732464217,-47.70095732464217,0
cobyla,sea,557,558.0,-47.70095732464217,-47.70095732464217,0
cobyla,sea,558,559.0,-47.70095732464217,-47.70095732464217,0
cobyla,sea,559,560.0,-47.70095732464217,-47.70095732464217,0
cobyla,sea,560,561.0,-47.70528189457285,-47.70528189457285,0
cobyla,sea,561,562.0,-47.70528189457285,-47.70528189457285,0
cobyla,sea,562,563.0,-47.855399550328976,-47.855399550328976,0
cobyla,sea,563,564.0,-47.855399550328976,-47.855399550328976,0
cobyla,sea,564,565.0,-47.855399550328976,-47.855399550328976,0
cobyla,sea,565,566.0,-47.855399550328976,-47.855399550328976,0
cobyla,sea,566,567.0,-47.87607732068322,-47.87607732068322,0
cobyla,sea,567,568.0,-47.87607732068322,-47.87607732068322,0
cobyla,sea,568,569.0,-47.87607732068322,-47.87607732068322,0
cobyla,sea,569,570.0,-47.87607732068322,-47.87607732068322,0
cobyla,sea,570,571.0,-47.87607732068322,-47.87607732068322,0
cobyla,sea,571,572.0,-47.87607732068322,-47.87607732068322,0
cobyla,sea,572,573.0,-47.87607732068322,-47.87607732068322,0
cobyla,sea,573,574.0,-47.87607732068322,-47.87607732068322,0
cobyla,sea,574,575.0,-47.87607732068322,-47.87607732068322,0
cobyla,sea,575,576.0,-47.87607732068322,-47.87607732068322,0
cobyla,sea,576,577.0,-47.87607732068322,-47.87607732068322,0
cobyla,sea,577,578.0,-47.87607732068322,-47.87607732068322,0
cobyla,sea,578,579.0,-47.90396962182081,-47.90396962182081,0
cobyla,sea,579,580.0,-47.90396962182081,-47.90396962182081,0
cobyla,sea,580,581.0,-48.12169931177142,-48.12169931177142,0
cobyla,sea,581,582.0,-48.12169931177142,-48.12169931177142,0
cobyla,sea,582,583.0,-48.12169931177142,-48.12169931177142,0
cobyla,sea,583,584.0,-48.12169931177142,-48.12169931177142,0
cobyla,sea,584,585.0,-48.13881736338464,-48.13881736338464,0
cobyla,sea,585,586.0,-48.13881736338464,-48.13881736338464,0
cobyla,sea,586,587.0,-48.14980139416316,-48.14980139416316,0
cobyla,sea,587,588.0,-48.14980139416316,-48.14980139416316,0
cobyla,sea,588,589.0,-48.14980139416316,-48.14980139416316,0
cobyla,sea,589,590.0,-48.14980139416316,-48.14980139416316,0
cobyla,sea,590,591.0,-48.14980139416316,-48.14980139416316,0
cobyla,sea,591,592.0,-48.14980139416316,-48.14980139416316,0
cobyla,sea,592,593.0,-48.14980139416316,-48.14980139416316,0
cobyla,sea,593,594.0,-48.14980139416316,-48.14980139416316,0
cobyla,sea,594,595.0,-48.14980139416316,-48.14980139416316,0
cobyla,sea,595,596.0,-48.14980139416316,-48.14980139416316,0
cobyla,sea,596,597.0,-48.38284490767873,-48.38284490767873,0
cobyla,sea,597,598.0,-48.38284490767873,-48.38284490767873,0
cobyla,sea,598,599.0,-48.38284490767873,-48.38284490767873,0
cobyla,sea,599,600.0,-48.38284490767873,-48.38284490767873,0
cobyla,sea,600,601.0,-48.43578060209282,-48.43578060209282,0
cobyla,sea,601,602.0,-48.43578060209282,-48.43578060209282,0
cobyla,sea,602,603.0,-48.43578060209282,-48.43578060209282,0
cobyla,sea,603,604.0,-48.43578060209282,-48.43578060209282,0
cobyla,sea,604,605.0,-48.43578060209282,-48.43578060209282,0
cobyla,sea,605,606.0,-48.43578060209282,-48.43578060209282,0
cobyla,sea,606,607.0,-48.43578060209282,-48.43578060209282,0
cobyla,sea,607,608.0,-48.43578060209282,-48.43578060209282,0
cobyla,sea,608,609.0,-48.43578060209282,-48.43578060209282,0
cobyla,sea,609,610.0,-48.43578060209282,-48.43578060209282,0
cobyla,sea,610,611.0,-48.43578060209282,-48.43578060209282,0
cobyla,sea,611,612.0,-48.43578060209282,-48.43578060209282,0
cobyla,sea,612,613.0,-48.43578060209282,-48.43578060209282,0
cobyla,sea,613,614.0,-48.43578060209282,-48.43578060209282,0
cobyla,sea,614,615.0,-48.43578060209282,-48.43578060209282,0
cobyla,sea,615,616.0,-48.43578060209282,-48.43578060209282,0
cobyla,sea,616,617.0,-48.43578060209282,-48.43578060209282,0
cobyla,sea,617,618.0,-48.43578060209282,-48.43578060209282,0
cobyla,sea,618,619.0,-48.43578060209282,-48.43578060209282,0
cobyla,sea,619,620.0,-48.43578060209282,-48.43578060209282,0
cobyla,sea,620,621.0,-48.43578060209282,-48.43578060209282,0
cobyla,sea,621,622.0,-48.43578060209282,-48.43578060209282,0
cobyla,sea,622,623.0,-48.43578060209282,-48.43578060209282,0
cobyla,sea,623,624.0,-48.43578060209282,-48.43578060209282,0
cobyla,sea,624,625.0,-48.43578060209282,-48.43578060209282,0
cobyla,sea,625,626.0,-48.43578060209282,-48.43578060209282,0
cobyla,sea,626,627.0,-48.43578060209282,-48.43578060209282,0
cobyla,sea,627,628.0,-48.43578060209282,-48.43578060209282,0
cobyla,sea,628,629.0,-48.43578060209282,-48.43578060209282,0
cobyla,sea,629,630.0,-48.43578060209282,-48.43578060209282,0
cobyla,sea,630,631.0,-48.506767995388785,-48.506767995388785,0
cobyla,sea,631,632.0,-48.506767995388785,-48.506767995388785,0
cobyla,sea,632,633.0,-48.506767995388785,-48.506767995388785,0
cobyla,sea,633,634.0,-48.506767995388785,-48.506767995388785,0
cobyla,sea,634,635.0,-48.506767995388785,-48.506767995388785,0
cobyla,sea,635,636.0,-48.506767995388785,-48.506767995388785,0
cobyla,sea,636,637.0,-48.631904034240776,-48.631904034240776,0
cobyla,sea,637,638.0,-48.631904034240776,-48.631904034240776,0
cobyla,sea,638,639.0,-48.631904034240776,-48.631904034240776,0
cobyla,sea,639,640.0,-48.631904034240776,-48.631904034240776,0
cobyla,sea,640,641.0,-48.631904034240776,-48.631904034240776,0
cobyla,sea,641,642.0,-48.631904034240776,-48.631904034240776,0
cobyla,sea,642,643.0,-48.74502504807312,-48.74502504807312,0
cobyla,sea,643,644.0,-48.74502504807312,-48.74502504807312,0
cobyla,sea,644,645.0,-48.74502504807312,-48.74502504807312,0
cobyla,sea,645,646.0,-48.74502504807312,-48.74502504807312,0
cobyla,sea,646,647.0,-48.74502504807312,-48.74502504807312,0
cobyla,sea,647,648.0,-48.74502504807312,-48.74502504807312,0
cobyla,sea,648,649.0,-48.74502504807312,-48.74502504807312,0
cobyla,sea,649,650.0,-48.74502504807312,-48.74502504807312,0
cobyla,sea,650,651.0,-48.74502504807312,-48.74502504807312,0
cobyla,sea,651,652.0,-48.76412081701396,-48.76412081701396,0
cobyla,sea,652,653.0,-48.78292732672073,-48.78292732672073,0
cobyla,sea,653,654.0,-48.858099397818854,-48.858099397818854,0
cobyla,sea,654,655.0,-48.858099397818854,-48.858099397818854,0
cobyla,sea,655,656.0,-48.858099397818854,-48.858099397818854,0
cobyla,sea,656,657.0,-48.858099397818854,-48.858099397818854,0
cobyla,sea,657,658.0,-48.858099397818854,-48.858099397818854,0
cobyla,sea,658,659.0,-48.858099397818854,-48.858099397818854,0
cobyla,sea,659,660.0,-48.858099397818854,-48.858099397818854,0
cobyla,sea,660,661.0,-48.858099397818854,-48.858099397818854,0
cobyla,sea,661,662.0,-48.858099397818854,-48.858099397818854,0
cobyla,sea,662,663.0,-48.858099397818854,-48.858099397818854,0
cobyla,sea,663,664.0,-48.858099397818854,-48.858099397818854,0
cobyla,sea,664,665.0,-48.858099397818854,-48.858099397818854,0
cobyla,sea,665,666.0,-48.858099397818854,-48.858099397818854,0
cobyla,sea,666,667.0,-48.858099397818854,-48.858099397818854,0
cobyla,sea,667,668.0,-48.858099397818854,-48.858099397818854,0
cobyla,sea,668,669.0,-48.85840891462305,-48.85840891462305,0
cobyla,sea,669,670.0,-48.85840891462305,-48.85840891462305,0
cobyla,sea,670,671.0,-48.85840891462305,-48.85840891462305,0
cobyla,sea,671,672.0,-48.85840891462305,-48.85840891462305,0
cobyla,sea,672,673.0,-48.85840891462305,-48.85840891462305,0
cobyla,sea,673,674.0,-48.85840891462305,-48.85840891462305,0
cobyla,sea,674,675.0,-48.87678529672633,-48.87678529672633,0
cobyla,sea,675,676.0,-48.87678529672633,-48.87678529672633,0
cobyla,sea,676,677.0,-48.87678529672633,-48.87678529672633,0
cobyla,sea,677,678.0,-48.87678529672633,-48.87678529672633,0
cobyla,sea,678,679.0,-48.87678529672633,-48.87678529672633,0
cobyla,sea,679,680.0,-48.87678529672633,-48.87678529672633,0
cobyla,sea,680,681.0,-48.87678529672633,-48.87678529672633,0
cobyla,sea,681,682.0,-48.87678529672633,-48.87678529672633,0
cobyla,sea,682,683.0,-48.87678529672633,-48.87678529672633,0
cobyla,sea,683,684.0,-48.88138537382946,-48.88138537382946,0
cobyla,sea,684,685.0,-48.88138537382946,-48.88138537382946,0
cobyla,sea,685,686.0,-48.88138537382946,-48.88138537382946,0
cobyla,sea,686,687.0,-48.881385373829694,-48.881385373829694,0
cobyla,sea,687,688.0,-48.90428273898222,-48.90428273898222,0
cobyla,sea,688,689.0,-48.90428273898222,-48.90428273898222,0
cobyla,sea,689,690.0,-48.90428273898222,-48.90428273898222,0
cobyla,sea,690,691.0,-48.90428273898222,-48.90428273898222,0
cobyla,sea,691,692.0,-48.90428273898222,-48.90428273898222,0
cobyla,sea,692,693.0,-48.90428273898222,-48.90428273898222,0
cobyla,sea,693,694.0,-48.914595505666355,-48.914595505666355,0
cobyla,sea,694,695.0,-48.914595505666796,-48.914595505666796,0
cobyla,sea,695,696.0,-48.914595505666796,-48.914595505666796,0
cobyla,sea,696,697.0,-48.914595505666796,-48.914595505666796,0
cobyla,sea,697,698.0,-48.914595505666796,-48.914595505666796,0
cobyla,sea,698,699.0,-48.914595505666796,-48.914595505666796,0
cobyla,sea,699,700.0,-48.914595505666796,-48.914595505666796,0
cobyla,sea,700,701.0,-48.91590441733766,-48.91590441733766,0
cobyla,sea,701,702.0,-48.91590441733766,-48.91590441733766,0
cobyla,sea,702,703.0,-48.91590441733766,-48.91590441733766,0
cobyla,sea,703,704.0,-48.92098426918858,-48.92098426918858,0
cobyla,sea,704,705.0,-48.92098426918858,-48.92098426918858,0
cobyla,sea,705,706.0,-48.92098426918858,-48.92098426918858,0
cobyla,sea,706,707.0,-48.92098426918858,-48.92098426918858,0
cobyla,sea,707,708.0,-48.92098426918858,-48.92098426918858,0
cobyla,sea,708,709.0,-48.92098426918858,-48.92098426918858,0
cobyla,sea,709,710.0,-48.92098426918858,-48.92098426918858,0
cobyla,sea,710,711.0,-48.936102399961456,-48.936102399961456,0
cobyla,sea,711,712.0,-48.940745831700035,-48.940745831700035,0
cobyla,sea,712,713.0,-48.94214816083877,-48.94214816083877,0
cobyla,sea,713,714.0,-48.94214816083877,-48.94214816083877,0
cobyla,sea,714,715.0,-48.94314177634837,-48.94314177634837,0
cobyla,sea,715,716.0,-48.94848841273658,-48.94848841273658,0
cobyla,sea,716,717.0,-48.948970039040255,-48.948970039040255,0
cobyla,sea,717,718.0,-48.948970039040255,-48.948970039040255,0
cobyla,sea,718,719.0,-48.94903514989758,-48.94903514989758,0
cobyla,sea,719,720.0,-48.94903514989758,-48.94903514989758,0
cobyla,sea,720,721.0,-48.94903514989758,-48.94903514989758,0
cobyla,sea,721,722.0,-48.94903514989758,-48.94903514989758,0
cobyla,sea,722,723.0,-48.94903514989758,-48.94903514989758,0
cobyla,sea,723,724.0,-48.95104318215282,-48.95104318215282,0
cobyla,sea,724,725.0,-48.95104318215282,-48.95104318215282,0
cobyla,sea,725,726.0,-48.95104318215282,-48.95104318215282,0
cobyla,sea,726,727.0,-48.95104318215297,-48.95104318215297,0
cobyla,sea,727,728.0,-48.95104318215297,-48.95104318215297,0
cobyla,sea,728,729.0,-48.95104318215297,-48.95104318215297,0
cobyla,sea,729,730.0,-48.95104318215297,-48.95104318215297,0
cobyla,sea,730,731.0,-48.95104318215297,-48.95104318215297,0
cobyla,sea,731,732.0,-48.95104318215297,-48.95104318215297,0
cobyla,sea,732,733.0,-48.95104318215297,-48.95104318215297,0
cobyla,sea,733,734.0,-48.95104318215297,-48.95104318215297,0
cobyla,sea,734,735.0,-48.95104318215297,-48.95104318215297,0
cobyla,sea,735,736.0,-48.95104318215297,-48.95104318215297,0
cobyla,sea,736,737.0,-48.95104318215297,-48.95104318215297,0
cobyla,sea,737,738.0,-48.95104318215297,-48.95104318215297,0
cobyla,sea,738,739.0,-48.955980476926484,-48.955980476926484,0
cobyla,sea,739,740.0,-48.955980476926484,-48.955980476926484,0
cobyla,sea,740,741.0,-48.955980476926484,-48.955980476926484,0
cobyla,sea,741,742.0,-48.955980476926484,-48.955980476926484,0
cobyla,sea,742,743.0,-48.955980476926484,-48.955980476926484,0
cobyla,sea,743,744.0,-48.955980476926484,-48.955980476926484,0
cobyla,sea,744,745.0,-48.955980476926484,-48.955980476926484,0
cobyla,sea,745,746.0,-48.955980476926484,-48.955980476926484,0
cobyla,sea,746,747.0,-48.955980476926484,-48.955980476926484,0
cobyla,sea,747,748.0,-48.955980476926484,-48.955980476926484,0
cobyla,sea,748,749.0,-48.955980476926484,-48.955980476926484,0
cobyla,sea,749,750.0,-48.955980476926484,-48.955980476926484,0
cobyla,sea,750,751.0,-48.955980476926484,-48.955980476926484,0
cobyla,sea,751,752.0,-48.955980476926484,-48.955980476926484,0
cobyla,sea,752,753.0,-48.955980476926484,-48.955980476926484,0
cobyla,sea,753,754.0,-48.955980476926484,-48.955980476926484,0
cobyla,sea,754,755.0,-48.955980476926484,-48.955980476926484,0
cobyla,sea,755,756.0,-48.955980476926484,-48.955980476926484,0
cobyla,sea,756,757.0,-49.013082145527406,-49.013082145527406,0
cobyla,sea,757,758.0,-49.013082145527406,-49.013082145527406,0
cobyla,sea,758,759.0,-49.013082145527406,-49.013082145527406,0
cobyla,sea,759,760.0,-49.013082145527406,-49.013082145527406,0
cobyla,sea,760,761.0,-49.031701395394414,-49.031701395394414,0
cobyla,sea,761,762.0,-49.031701395394414,-49.031701395394414,0
cobyla,sea,762,763.0,-49.031701395394414,-49.031701395394414,0
cobyla,sea,763,764.0,-49.031701395394414,-49.031701395394414,0
cobyla,sea,764,765.0,-49.031701395394414,-49.031701395394414,0
cobyla,sea,765,766.0,-49.031701395394414,-49.031701395394414,0
cobyla,sea,766,767.0,-49.031701395394414,-49.031701395394414,0
cobyla,sea,767,768.0,-49.031701395394414,-49.031701395394414,0
cobyla,sea,768,769.0,-49.031701395394414,-49.031701395394414,0
cobyla,sea,769,770.0,-49.031701395394414,-49.031701395394414,0
cobyla,sea,770,771.0,-49.031701395394414,-49.031701395394414,0
cobyla,sea,771,772.0,-49.031701395394414,-49.031701395394414,0
cobyla,sea,772,773.0,-49.031701395394414,-49.031701395394414,0
cobyla,sea,773,774.0,-49.031701395394414,-49.031701395394414,0
cobyla,sea,774,775.0,-49.05495851680054,-49.05495851680054,0
cobyla,sea,775,776.0,-49.05495851680054,-49.05495851680054,0
cobyla,sea,776,777.0,-49.05495851680054,-49.05495851680054,0
cobyla,sea,777,778.0,-49.05495851680054,-49.05495851680054,0
cobyla,sea,778,779.0,-49.05495851680054,-49.05495851680054,0
cobyla,sea,779,780.0,-49.05495851680054,-49.05495851680054,0
cobyla,sea,780,781.0,-49.091054907927955,-49.091054907927955,0
cobyla,sea,781,782.0,-49.091054907927955,-49.091054907927955,0
cobyla,sea,782,783.0,-49.091054907927955,-49.091054907927955,0
cobyla,sea,783,784.0,-49.091054907927955,-49.091054907927955,0
cobyla,sea,784,785.0,-49.091054907927955,-49.091054907927955,0
cobyla,sea,785,786.0,-49.091054907927955,-49.091054907927955,0
cobyla,sea,786,787.0,-49.091054907927955,-49.091054907927955,0
cobyla,sea,787,788.0,-49.091054907927955,-49.091054907927955,0
cobyla,sea,788,789.0,-49.091054907927955,-49.091054907927955,0
cobyla,sea,789,790.0,-49.091054907927955,-49.091054907927955,0
cobyla,sea,790,791.0,-49.091054907927955,-49.091054907927955,0
cobyla,sea,791,792.0,-49.091054907927955,-49.091054907927955,0
cobyla,sea,792,793.0,-49.091054907927955,-49.091054907927955,0
cobyla,sea,793,794.0,-49.091054907927955,-49.091054907927955,0
cobyla,sea,794,795.0,-49.091054907927955,-49.091054907927955,0
cobyla,sea,795,796.0,-49.091054907927955,-49.091054907927955,0
cobyla,sea,796,797.0,-49.123997993372306,-49.123997993372306,0
cobyla,sea,797,798.0,-49.123997993372306,-49.123997993372306,0
cobyla,sea,798,799.0,-49.123997993372306,-49.123997993372306,0
cobyla,sea,799,800.0,-49.123997993372306,-49.123997993372306,0
cobyla,sea,800,801.0,-49.123997993372306,-49.123997993372306,0
cobyla,sea,801,802.0,-49.123997993372306,-49.123997993372306,0
cobyla,sea,802,803.0,-49.123997993372306,-49.123997993372306,0
cobyla,sea,803,804.0,-49.123997993372306,-49.123997993372306,0
cobyla,sea,804,805.0,-49.26649681428343,-49.26649681428343,0
cobyla,sea,805,806.0,-49.26649681428343,-49.26649681428343,0
cobyla,sea,806,807.0,-49.31936667371583,-49.31936667371583,0
cobyla,sea,807,808.0,-49.31936667371583,-49.31936667371583,0
cobyla,sea,808,809.0,-49.31936667371583,-49.31936667371583,0
cobyla,sea,809,810.0,-49.31936667371583,-49.31936667371583,0
cobyla,sea,810,811.0,-49.31936667371583,-49.31936667371583,0
cobyla,sea,811,812.0,-49.31936667371583,-49.31936667371583,0
cobyla,sea,812,813.0,-49.31936667371583,-49.31936667371583,0
cobyla,sea,813,814.0,-49.31936667371583,-49.31936667371583,0
cobyla,sea,814,815.0,-49.31936667371583,-49.31936667371583,0
cobyla,sea,815,816.0,-49.31936667371583,-49.31936667371583,0
cobyla,sea,816,817.0,-49.31936667371583,-49.31936667371583,0
cobyla,sea,817,818.0,-49.31936667371583,-49.31936667371583,0
cobyla,sea,818,819.0,-49.31936667371583,-49.31936667371583,0
cobyla,sea,819,820.0,-49.31936667371583,-49.31936667371583,0
cobyla,sea,820,821.0,-49.33184652809296,-49.33184652809296,0
cobyla,sea,821,822.0,-49.33184652809296,-49.33184652809296,0
cobyla,sea,822,823.0,-49.33184652809296,-49.33184652809296,0
cobyla,sea,823,824.0,-49.33184652809296,-49.33184652809296,0
cobyla,sea,824,825.0,-49.33184652809296,-49.33184652809296,0
cobyla,sea,825,826.0,-49.33184652809296,-49.33184652809296,0
cobyla,sea,826,827.0,-49.33184652809296,-49.33184652809296,0
cobyla,sea,827,828.0,-49.33184652809296,-49.33184652809296,0
cobyla,sea,828,829.0,-49.33184652809296,-49.33184652809296,0
cobyla,sea,829,830.0,-49.369689796507814,-49.369689796507814,0
cobyla,sea,830,831.0,-49.369689796507814,-49.369689796507814,0
cobyla,sea,831,832.0,-49.37106415807006,-49.37106415807006,0
cobyla,sea,832,833.0,-49.37106415807006,-49.37106415807006,0
cobyla,sea,833,834.0,-49.37106415807006,-49.37106415807006,0
cobyla,sea,834,835.0,-49.37106415807006,-49.37106415807006,0
cobyla,sea,835,836.0,-49.37106415807006,-49.37106415807006,0
cobyla,sea,836,837.0,-49.37106415807006,-49.37106415807006,0
cobyla,sea,837,838.0,-49.37106415807006,-49.37106415807006,0
cobyla,sea,838,839.0,-49.37106415807006,-49.37106415807006,0
cobyla,sea,839,840.0,-49.37106415807006,-49.37106415807006,0
cobyla,sea,840,841.0,-49.37106415807006,-49.37106415807006,0
cobyla,sea,841,842.0,-49.37106415807006,-49.37106415807006,0
cobyla,sea,842,843.0,-49.37106415807006,-49.37106415807006,0
cobyla,sea,843,844.0,-49.37106415807006,-49.37106415807006,0
cobyla,sea,844,845.0,-49.37106415807006,-49.37106415807006,0
cobyla,sea,845,846.0,-49.37106415807006,-49.37106415807006,0
cobyla,sea,846,847.0,-49.37106415807006,-49.37106415807006,0
cobyla,sea,847,848.0,-49.37106415807006,-49.37106415807006,0
cobyla,sea,848,849.0,-49.37106415807006,-49.37106415807006,0
cobyla,sea,849,850.0,-49.37106415807006,-49.37106415807006,0
cobyla,sea,850,851.0,-49.37106415807006,-49.37106415807006,0
cobyla,sea,851,852.0,-49.37106415807006,-49.37106415807006,0
cobyla,sea,852,853.0,-49.37106415807006,-49.37106415807006,0
cobyla,sea,853,854.0,-49.37106415807006,-49.37106415807006,0
cobyla,sea,854,855.0,-49.37106415807006,-49.37106415807006,0
cobyla,sea,855,856.0,-49.37106415807006,-49.37106415807006,0
cobyla,sea,856,857.0,-49.383195954552214,-49.383195954552214,0
cobyla,sea,857,858.0,-49.383195954552214,-49.383195954552214,0
cobyla,sea,858,859.0,-49.383195954552214,-49.383195954552214,0
cobyla,sea,859,860.0,-49.383195954552214,-49.383195954552214,0
cobyla,sea,860,861.0,-49.383195954552214,-49.383195954552214,0
cobyla,sea,861,862.0,-49.383195954552214,-49.383195954552214,0
cobyla,sea,862,863.0,-49.383195954552214,-49.383195954552214,0
cobyla,sea,863,864.0,-49.383195954552214,-49.383195954552214,0
cobyla,sea,864,865.0,-49.383195954552214,-49.383195954552214,0
cobyla,sea,865,866.0,-49.383195954552214,-49.383195954552214,0
cobyla,sea,866,867.0,-49.383195954552214,-49.383195954552214,0
cobyla,sea,867,868.0,-49.383195954552214,-49.383195954552214,0
cobyla,sea,868,869.0,-49.383195954552214,-49.383195954552214,0
cobyla,sea,869,870.0,-49.383195954552214,-49.383195954552214,0
cobyla,sea,870,871.0,-49.383195954552214,-49.383195954552214,0
cobyla,sea,871,872.0,-49.383195954552214,-49.383195954552214,0
cobyla,sea,872,873.0,-49.383195954552214,-49.383195954552214,0
cobyla,sea,873,874.0,-49.383195954552214,-49.383195954552214,0
cobyla,sea,874,875.0,-49.383195954552214,-49.383195954552214,0
cobyla,sea,875,876.0,-49.383195954552214,-49.383195954552214,0
cobyla,sea,876,877.0,-49.383195954552214,-49.383195954552214,0
cobyla,sea,877,878.0,-49.383195954552214,-49.383195954552214,0
cobyla,sea,878,879.0,-49.383195954552214,-49.383195954552214,0
cobyla,sea,879,880.0,-49.383195954552214,-49.383195954552214,0
cobyla,sea,880,881.0,-49.38319595455241,-49.38319595455241,0
cobyla,sea,881,882.0,-49.38319595455241,-49.38319595455241,0
cobyla,sea,882,883.0,-49.38319595455241,-49.38319595455241,0
cobyla,sea,883,884.0,-49.38319595455241,-49.38319595455241,0
cobyla,sea,884,885.0,-49.38319595455241,-49.38319595455241,0
cobyla,sea,885,886.0,-49.38319595455241,-49.38319595455241,0
cobyla,sea,886,887.0,-49.38319595455241,-49.38319595455241,0
cobyla,sea,887,888.0,-49.39293505268218,-49.39293505268218,0
cobyla,sea,888,889.0,-49.39293505268218,-49.39293505268218,0
cobyla,sea,889,890.0,-49.39293505268218,-49.39293505268218,0
cobyla,sea,890,891.0,-49.39293505268218,-49.39293505268218,0
cobyla,sea,891,892.0,-49.39293505268218,-49.39293505268218,0
cobyla,sea,892,893.0,-49.39293505268218,-49.39293505268218,0
cobyla,sea,893,894.0,-49.39293505268218,-49.39293505268218,0
cobyla,sea,894,895.0,-49.39293505268218,-49.39293505268218,0
cobyla,sea,895,896.0,-49.39293505268218,-49.39293505268218,0
cobyla,sea,896,897.0,-49.41078470518613,-49.41078470518613,0
cobyla,sea,897,898.0,-49.41078470518613,-49.41078470518613,0
cobyla,sea,898,899.0,-49.46315521056514,-49.46315521056514,0
cobyla,sea,899,900.0,-49.46315521056514,-49.46315521056514,0
cobyla,sea,900,901.0,-49.46315521056514,-49.46315521056514,0
cobyla,sea,901,902.0,-49.46315521056514,-49.46315521056514,0
cobyla,sea,902,903.0,-49.46321803184499,-49.46321803184499,0
cobyla,sea,903,904.0,-49.46321803184499,-49.46321803184499,0
cobyla,sea,904,905.0,-49.46321803184499,-49.46321803184499,0
cobyla,sea,905,906.0,-49.46321803184499,-49.46321803184499,0
cobyla,sea,906,907.0,-49.46321803184499,-49.46321803184499,0
cobyla,sea,907,908.0,-49.50212569730024,-49.50212569730024,0
cobyla,sea,908,909.0,-49.505472898024394,-49.505472898024394,0
cobyla,sea,909,910.0,-49.505472898024394,-49.505472898024394,0
cobyla,sea,910,911.0,-49.505472898024394,-49.505472898024394,0
cobyla,sea,911,912.0,-49.505472898024394,-49.505472898024394,0
cobyla,sea,912,913.0,-49.505472898024394,-49.505472898024394,0
cobyla,sea,913,914.0,-49.505472898024394,-49.505472898024394,0
cobyla,sea,914,915.0,-49.50602613815635,-49.50602613815635,0
cobyla,sea,915,916.0,-49.50602613815635,-49.50602613815635,0
cobyla,sea,916,917.0,-49.50602613815635,-49.50602613815635,0
cobyla,sea,917,918.0,-49.50602613815635,-49.50602613815635,0
cobyla,sea,918,919.0,-49.50602613815635,-49.50602613815635,0
cobyla,sea,919,920.0,-49.50602613815635,-49.50602613815635,0
cobyla,sea,920,921.0,-49.50602613815635,-49.50602613815635,0
cobyla,sea,921,922.0,-49.52338222388655,-49.52338222388655,0
cobyla,sea,922,923.0,-49.52338222388655,-49.52338222388655,0
cobyla,sea,923,924.0,-49.52338222388655,-49.52338222388655,0
cobyla,sea,924,925.0,-49.52338222388655,-49.52338222388655,0
cobyla,sea,925,926.0,-49.52338222388655,-49.52338222388655,0
cobyla,sea,926,927.0,-49.52338222388655,-49.52338222388655,0
cobyla,sea,927,928.0,-49.52338222388655,-49.52338222388655,0
cobyla,sea,928,929.0,-49.52338222388655,-49.52338222388655,0
cobyla,sea,929,930.0,-49.52338222388655,-49.52338222388655,0
cobyla,sea,930,931.0,-49.52338222388655,-49.52338222388655,0
cobyla,sea,931,932.0,-49.52338222388655,-49.52338222388655,0
cobyla,sea,932,933.0,-49.52338222388655,-49.52338222388655,0
cobyla,sea,933,934.0,-49.52338222388655,-49.52338222388655,0
cobyla,sea,934,935.0,-49.525808590197094,-49.525808590197094,0
cobyla,sea,935,936.0,-49.525808590197094,-49.525808590197094,0
cobyla,sea,936,937.0,-49.525808590197094,-49.525808590197094,0
cobyla,sea,937,938.0,-49.525808590197094,-49.525808590197094,0
cobyla,sea,938,939.0,-49.525808590197094,-49.525808590197094,0
cobyla,sea,939,940.0,-49.525808590197094,-49.525808590197094,0
cobyla,sea,940,941.0,-49.525808590197094,-49.525808590197094,0
cobyla,sea,941,942.0,-49.525808590197094,-49.525808590197094,0
cobyla,sea,942,943.0,-49.680458597280925,-49.680458597280925,0
cobyla,sea,943,944.0,-49.680458597280925,-49.680458597280925,0
cobyla,sea,944,945.0,-49.680458597280925,-49.680458597280925,0
cobyla,sea,945,946.0,-49.680458597280925,-49.680458597280925,0
cobyla,sea,946,947.0,-49.680458597280925,-49.680458597280925,0
cobyla,sea,947,948.0,-49.680458597280925,-49.680458597280925,0
cobyla,sea,948,949.0,-49.680458597280925,-49.680458597280925,0
cobyla,sea,949,950.0,-49.680458597280925,-49.680458597280925,0
cobyla,sea,950,951.0,-49.680458597280925,-49.680458597280925,0
cobyla,sea,951,952.0,-49.680458597280925,-49.680458597280925,0
cobyla,sea,952,953.0,-49.6804585972822,-49.6804585972822,0
cobyla,sea,953,954.0,-49.6804585972822,-49.6804585972822,0
cobyla,sea,954,955.0,-49.68481829535203,-49.68481829535203,0
cobyla,sea,955,956.0,-49.68481829535203,-49.68481829535203,0
cobyla,sea,956,957.0,-49.709023675219626,-49.709023675219626,0
cobyla,sea,957,958.0,-49.709023675219626,-49.709023675219626,0
cobyla,sea,958,959.0,-49.709023675219626,-49.709023675219626,0
cobyla,sea,959,960.0,-49.709023675219626,-49.709023675219626,0
cobyla,sea,960,961.0,-49.709023675219626,-49.709023675219626,0
cobyla,sea,961,962.0,-49.709023675219626,-49.709023675219626,0
cobyla,sea,962,963.0,-49.709023675219626,-49.709023675219626,0
cobyla,sea,963,964.0,-49.709023675219626,-49.709023675219626,0
cobyla,sea,964,965.0,-49.72863643118256,-49.72863643118256,0
cobyla,sea,965,966.0,-49.72863643118256,-49.72863643118256,0
cobyla,sea,966,967.0,-49.73046748833333,-49.73046748833333,0
cobyla,sea,967,968.0,-49.73046748833333,-49.73046748833333,0
cobyla,sea,968,969.0,-49.73046748833333,-49.73046748833333,0
cobyla,sea,969,970.0,-49.73046748833333,-49.73046748833333,0
cobyla,sea,970,971.0,-49.73046748833333,-49.73046748833333,0
cobyla,sea,971,972.0,-49.73046748833333,-49.73046748833333,0
cobyla,sea,972,973.0,-49.73046748833333,-49.73046748833333,0
cobyla,sea,973,974.0,-49.73046748833333,-49.73046748833333,0
cobyla,sea,974,975.0,-49.73046748833333,-49.73046748833333,0
cobyla,sea,975,976.0,-49.73046748833333,-49.73046748833333,0
cobyla,sea,976,977.0,-49.73046748833333,-49.73046748833333,0
cobyla,sea,977,978.0,-49.73046748833333,-49.73046748833333,0
cobyla,sea,978,979.0,-49.73046748833333,-49.73046748833333,0
cobyla,sea,979,980.0,-49.73046748833333,-49.73046748833333,0
cobyla,sea,980,981.0,-49.73046748833333,-49.73046748833333,0
cobyla,sea,981,982.0,-49.73046748833333,-49.73046748833333,0
cobyla,sea,982,983.0,-49.73046748833333,-49.73046748833333,0
cobyla,sea,983,984.0,-49.73046748833333,-49.73046748833333,0
cobyla,sea,984,985.0,-49.73046748833333,-49.73046748833333,0
cobyla,sea,985,986.0,-49.73046748833333,-49.73046748833333,0
cobyla,sea,986,987.0,-49.73933862132283,-49.73933862132283,0
cobyla,sea,987,988.0,-49.73933862132283,-49.73933862132283,0
cobyla,sea,988,989.0,-49.73933862132283,-49.73933862132283,0
cobyla,sea,989,990.0,-49.73933862132283,-49.73933862132283,0
cobyla,sea,990,991.0,-49.77313388389938,-49.77313388389938,0
cobyla,sea,991,992.0,-49.77313388389938,-49.77313388389938,0
cobyla,sea,992,993.0,-49.77313388389938,-49.77313388389938,0
cobyla,sea,993,994.0,-49.77313388389938,-49.77313388389938,0
cobyla,sea,994,995.0,-49.79478749397657,-49.79478749397657,0
cobyla,sea,995,996.0,-49.79478749397657,-49.79478749397657,0
cobyla,sea,996,997.0,-49.79478749397657,-49.79478749397657,0
cobyla,sea,997,998.0,-49.79478749397657,-49.79478749397657,0
cobyla,sea,998,999.0,-49.79478749397657,-49.79478749397657,0
cobyla,sea,999,1000.0,-49.79478749397657,-49.79478749397657,0
cobyla,pretrained,0,,-32.87132461888741,,0
cobyla,pretrained,1,,-32.87132461888741,,0
cobyla,pretrained,2,,-33.46313325108527,,0
cobyla,pretrained,3,,-33.46313325108527,,0
cobyla,pretrained,4,,-33.46313325108527,,0
cobyla,pretrained,5,,-33.46313325108527,,0
cobyla,pretrained,6,,-36.82464667788516,,0
cobyla,pretrained,7,,-36.82464667788516,,0
cobyla,pretrained,8,,-36.82464667788516,,0
cobyla,pretrained,9,,-39.64183388423697,,0
cobyla,pretrained,10,,-39.64183388423697,,0
cobyla,pretrained,11,,-40.226501223605325,,0
cobyla,pretrained,12,,-40.37908657756556,,0
cobyla,pretrained,13,,-40.37908657756556,,0
cobyla,pretrained,14,,-41.14737175422395,,0
cobyla,pretrained,15,,-41.14737175422395,,0
cobyla,pretrained,16,,-41.14737175422395,,0
cobyla,pretrained,17,,-41.294722485355685,,0
cobyla,pretrained,18,,-41.294722485355685,,0
cobyla,pretrained,19,,-41.294722485355685,,0
cobyla,pretrained,20,,-41.30791120397628,,0
cobyla,pretrained,21,,-41.30791120397628,,0
cobyla,pretrained,22,,-41.30791120397628,,0
cobyla,pretrained,23,,-41.3240674701493,,0
cobyla,pretrained,24,,-41.3240674701493,,0
cobyla,pretrained,25,,-41.3240674701493,,0
cobyla,pretrained,26,,-41.37761454668672,,0
cobyla,pretrained,27,,-41.37761454668672,,0
cobyla,pretrained,28,,-41.37959894634189,,0
cobyla,pretrained,29,,-41.37959894634189,,0
cobyla,pretrained,30,,-41.49975208223722,,0
cobyla,pretrained,31,,-41.49975208223722,,0
cobyla,pretrained,32,,-41.49975208223722,,0
cobyla,pretrained,33,,-41.49975208223722,,0
cobyla,pretrained,34,,-41.49975208223722,,0
cobyla,pretrained,35,,-41.49975208223722,,0
cobyla,pretrained,36,,-41.509812952677315,,0
cobyla,pretrained,37,,-41.509812952677315,,0
cobyla,pretrained,38,,-41.509812952677315,,0
cobyla,pretrained,39,,-41.530234653669226,,0
cobyla,pretrained,40,,-41.530234653669226,,0
cobyla,pretrained,41,,-41.54990125087475,,0
cobyla,pretrained,42,,-41.54990125087475,,0
cobyla,pretrained,43,,-41.58559727230315,,0
cobyla,pretrained,44,,-41.598584480602696,,0
cobyla,pretrained,45,,-41.61578107509049,,0
cobyla,pretrained,46,,-41.6303205653716,,0
cobyla,pretrained,47,,-41.6303205653716,,0
cobyla,pretrained,48,,-41.65078923948568,,0
cobyla,pretrained,49,,-41.65078923948568,,0
cobyla,pretrained,50,,-41.65078923948568,,0
cobyla,pretrained,51,,-41.65078923948568,,0
cobyla,pretrained,52,,-41.65078923948568,,0
cobyla,pretrained,53,,-41.65078923948568,,0
cobyla,pretrained,54,,-41.65078923948568,,0
cobyla,pretrained,55,,-41.65078923948568,,0
cobyla,pretrained,56,,-41.65078923948568,,0
cobyla,pretrained,57,,-41.65078923948568,,0
cobyla,pretrained,58,,-41.65078923948568,,0
cobyla,pretrained,59,,-41.65078923948568,,0
cobyla,pretrained,60,,-41.66527005576531,,0
cobyla,pretrained,61,,-41.66527005576531,,0
cobyla,pretrained,62,,-41.66527005576531,,0
cobyla,pretrained,63,,-41.66527005576531,,0
cobyla,pretrained,64,,-41.759035534146044,,0
cobyla,pretrained,65,,-41.759035534146044,,0
cobyla,pretrained,66,,-41.759035534146044,,0
cobyla,pretrained,67,,-41.759035534146044,,0
cobyla,pretrained,68,,-41.759035534146044,,0
cobyla,pretrained,69,,-41.759035534146044,,0
cobyla,pretrained,70,,-41.759035534146044,,0
cobyla,pretrained,71,,-41.759035534146044,,0
cobyla,pretrained,72,,-41.759035534146044,,0
cobyla,pretrained,73,,-41.87176378425847,,0
cobyla,pretrained,74,,-41.87176378425847,,0
cobyla,pretrained,75,,-41.87176378425847,,0
cobyla,pretrained,76,,-41.87176378425847,,0
cobyla,pretrained,77,,-41.915579131681895,,0
cobyla,pretrained,78,,-41.9473596886544,,0
cobyla,pretrained,79,,-41.9473596886544,,0
cobyla,pretrained,80,,-41.9473596886544,,0
cobyla,pretrained,81,,-41.9473596886544,,0
cobyla,pretrained,82,,-41.9473596886544,,0
cobyla,pretrained,83,,-41.9473596886544,,0
cobyla,pretrained,84,,-41.9473596886544,,0
cobyla,pretrained,85,,-41.9473596886544,,0
cobyla,pretrained,86,,-41.95275224344255,,0
cobyla,pretrained,87,,-42.028174677861905,,0
cobyla,pretrained,88,,-42.028174677861905,,0
cobyla,pretrained,89,,-42.028174677861905,,0
cobyla,pretrained,90,,-42.028174677861905,,0
cobyla,pretrained,91,,-42.028174677861905,,0
cobyla,pretrained,92,,-42.028174677861905,,0
cobyla,pretrained,93,,-42.102911777403044,,0
cobyla,pretrained,94,,-42.102911777403044,,0
cobyla,pretrained,95,,-42.102911777403044,,0
cobyla,pretrained,96,,-42.102911777403044,,0
cobyla,pretrained,97,,-42.102911777403044,,0
cobyla,pretrained,98,,-42.102911777403044,,0
cobyla,pretrained,99,,-42.160872811414634,,0
cobyla,pretrained,100,,-42.160872811414634,,0
cobyla,pretrained,101,,-42.160872811414634,,0
cobyla,pretrained,102,,-42.160872811414634,,0
cobyla,pretrained,103,,-42.187417387330875,,0
cobyla,pretrained,104,,-42.19449789568165,,0
cobyla,pretrained,105,,-42.19449789568165,,0
cobyla,pretrained,106,,-42.19449789568165,,0
cobyla,pretrained,107,,-42.19490549071303,,0
cobyla,pretrained,108,,-42.19490549071303,,0
cobyla,pretrained,109,,-42.19490549071303,,0
cobyla,pretrained,110,,-42.19490549071303,,0
cobyla,pretrained,111,,-42.19490549071303,,0
cobyla,pretrained,112,,-42.19490549071303,,0
cobyla,pretrained,113,,-42.19490549071303,,0
cobyla,pretrained,114,,-42.19490549071303,,0
cobyla,pretrained,115,,-42.19490549071303,,0
cobyla,pretrained,116,,-42.19490549071303,,0
cobyla,pretrained,117,,-42.19490549071303,,0
cobyla,pretrained,118,,-42.19490549071303,,0
cobyla,pretrained,119,,-42.19490549071303,,0
cobyla,pretrained,120,,-42.19490549071303,,0
cobyla,pretrained,121,,-42.19490549071303,,0
cobyla,pretrained,122,,-42.19490549071303,,0
cobyla,pretrained,123,,-42.19490549071303,,0
cobyla,pretrained,124,,-42.19490549071303,,0
cobyla,pretrained,125,,-42.19490549071303,,0
cobyla,pretrained,126,,-42.19490549071303,,0
cobyla,pretrained,127,,-42.19490549071303,,0
cobyla,pretrained,128,,-42.19490549071303,,0
cobyla,pretrained,129,,-42.19490549071303,,0
cobyla,pretrained,130,1.0,-33.9021302577523,-33.9021302577523,1
cobyla,pretrained,131,2.0,-34.65961668278834,-34.65961668278834,0
cobyla,pretrained,132,3.0,-34.65961668278834,-34.65961668278834,0
cobyla,pretrained,133,4.0,-34.65961668278834,-34.65961668278834,0
cobyla,pretrained,134,5.0,-34.65961668278834,-34.65961668278834,0
cobyla,pretrained,135,6.0,-34.87520101103724,-34.87520101103724,0
cobyla,pretrained,136,7.0,-34.90699020350523,-34.90699020350523,0
cobyla,pretrained,137,8.0,-34.90699020350523,-34.90699020350523,0
cobyla,pretrained,138,9.0,-34.93774966097624,-34.93774966097624,0
cobyla,pretrained,139,10.0,-34.93774966097624,-34.93774966097624,0
cobyla,pretrained,140,11.0,-34.93774966097624,-34.93774966097624,0
cobyla,pretrained,141,12.0,-34.93774966097624,-34.93774966097624,0
cobyla,pretrained,142,13.0,-34.93774966097624,-34.93774966097624,0
cobyla,pretrained,143,14.0,-34.93774966097624,-34.93774966097624,0
cobyla,pretrained,144,15.0,-34.93774966097624,-34.93774966097624,0
cobyla,pretrained,145,16.0,-34.93774966097624,-34.93774966097624,0
cobyla,pretrained,146,17.0,-34.93774966097624,-34.93774966097624,0
cobyla,pretrained,147,18.0,-34.97073161119631,-34.97073161119631,0
cobyla,pretrained,148,19.0,-34.97073161119631,-34.97073161119631,0
cobyla,pretrained,149,20.0,-34.97073161119631,-34.97073161119631,0
cobyla,pretrained,150,21.0,-35.02424000655078,-35.02424000655078,0
cobyla,pretrained,151,22.0,-35.02424000655078,-35.02424000655078,0
cobyla,pretrained,152,23.0,-35.07343218241232,-35.07343218241232,0
cobyla,pretrained,153,24.0,-35.07343218241232,-35.07343218241232,0
cobyla,pretrained,154,25.0,-35.07343218241232,-35.07343218241232,0
cobyla,pretrained,155,26.0,-35.07343218241232,-35.07343218241232,0
cobyla,pretrained,156,27.0,-35.074788248431844,-35.074788248431844,0
cobyla,pretrained,157,28.0,-35.12126023162034,-35.12126023162034,0
cobyla,pretrained,158,29.0,-35.12126023162034,-35.12126023162034,0
cobyla,pretrained,159,30.0,-35.12126023162034,-35.12126023162034,0
cobyla,pretrained,160,31.0,-35.12126023162034,-35.12126023162034,0
cobyla,pretrained,161,32.0,-35.12126023162034,-35.12126023162034,0
cobyla,pretrained,162,33.0,-35.12126023162034,-35.12126023162034,0
cobyla,pretrained,163,34.0,-35.53408311616499,-35.53408311616499,0
cobyla,pretrained,164,35.0,-35.552680876270294,-35.552680876270294,0
cobyla,pretrained,165,36.0,-35.68681674099619,-35.68681674099619,0
cobyla,pretrained,166,37.0,-35.68681674099619,-35.68681674099619,0
cobyla,pretrained,167,38.0,-35.68681674099619,-35.68681674099619,0
cobyla,pretrained,168,39.0,-35.68681674099619,-35.68681674099619,0
cobyla,pretrained,169,40.0,-35.68681674099619,-35.68681674099619,0
cobyla,pretrained,170,41.0,-35.68681674099619,-35.68681674099619,0
cobyla,pretrained,171,42.0,-35.68681674099619,-35.68681674099619,0
cobyla,pretrained,172,43.0,-35.68681674099619,-35.68681674099619,0
cobyla,pretrained,173,44.0,-35.68681674099619,-35.68681674099619,0
cobyla,pretrained,174,45.0,-35.68681674099619,-35.68681674099619,0
cobyla,pretrained,175,46.0,-35.74450866912431,-35.74450866912431,0
cobyla,pretrained,176,47.0,-35.74450866912431,-35.74450866912431,0
cobyla,pretrained,177,48.0,-35.74450866912431,-35.74450866912431,0
cobyla,pretrained,178,49.0,-35.7652306498229,-35.7652306498229,0
cobyla,pretrained,179,50.0,-35.7652306498229,-35.7652306498229,0
cobyla,pretrained,180,51.0,-35.7652306498229,-35.7652306498229,0
cobyla,pretrained,181,52.0,-35.7652306498229,-35.7652306498229,0
cobyla,pretrained,182,53.0,-35.7652306498229,-35.7652306498229,0
cobyla,pretrained,183,54.0,-35.7652306498229,-35.7652306498229,0
cobyla,pretrained,184,55.0,-35.7652306498229,-35.7652306498229,0
cobyla,pretrained,185,56.0,-35.92429564829396,-35.92429564829396,0
cobyla,pretrained,186,57.0,-35.934885007508754,-35.934885007508754,0
cobyla,pretrained,187,58.0,-35.934885007508754,-35.934885007508754,0
cobyla,pretrained,188,59.0,-35.934885007508754,-35.934885007508754,0
cobyla,pretrained,189,60.0,-35.934885007508754,-35.934885007508754,0
cobyla,pretrained,190,61.0,-35.934885007508754,-35.934885007508754,0
cobyla,pretrained,191,62.0,-35.934885007508754,-35.934885007508754,0
cobyla,pretrained,192,63.0,-35.961034206071325,-35.961034206071325,0
cobyla,pretrained,193,64.0,-35.961034206071325,-35.961034206071325,0
cobyla,pretrained,194,65.0,-35.961034206071325,-35.961034206071325,0
cobyla,pretrained,195,66.0,-36.11050127118648,-36.11050127118648,0
cobyla,pretrained,196,67.0,-36.11050127118648,-36.11050127118648,0
cobyla,pretrained,197,68.0,-36.11050127118648,-36.11050127118648,0
cobyla,pretrained,198,69.0,-36.11050127118648,-36.11050127118648,0
cobyla,pretrained,199,70.0,-36.11050127118648,-36.11050127118648,0
cobyla,pretrained,200,71.0,-36.11050127118648,-36.11050127118648,0
cobyla,pretrained,201,72.0,-36.37195514838974,-36.37195514838974,0
cobyla,pretrained,202,73.0,-36.37195514838974,-36.37195514838974,0
cobyla,pretrained,203,74.0,-36.37195514838974,-36.37195514838974,0
cobyla,pretrained,204,75.0,-36.37195514838974,-36.37195514838974,0
cobyla,pretrained,205,76.0,-36.59065131910428,-36.59065131910428,0
cobyla,pretrained,206,77.0,-36.59065131910428,-36.59065131910428,0
cobyla,pretrained,207,78.0,-36.59065131910428,-36.59065131910428,0
cobyla,pretrained,208,79.0,-36.614778389017566,-36.614778389017566,0
cobyla,pretrained,209,80.0,-36.614778389017566,-36.614778389017566,0
cobyla,pretrained,210,81.0,-36.614778389017566,-36.614778389017566,0
cobyla,pretrained,211,82.0,-36.614778389017566,-36.614778389017566,0
cobyla,pretrained,212,83.0,-36.614778389017566,-36.614778389017566,0
cobyla,pretrained,213,84.0,-36.614778389017566,-36.614778389017566,0
cobyla,pretrained,214,85.0,-36.614778389017566,-36.614778389017566,0
cobyla,pretrained,215,86.0,-36.614778389017566,-36.614778389017566,0
cobyla,pretrained,216,87.0,-36.614778389017566,-36.614778389017566,0
cobyla,pretrained,217,88.0,-36.614778389017566,-36.614778389017566,0
cobyla,pretrained,218,89.0,-36.629878190348606,-36.629878190348606,0
cobyla,pretrained,219,90.0,-36.63615146322229,-36.63615146322229,0
cobyla,pretrained,220,91.0,-36.63615146322229,-36.63615146322229,0
cobyla,pretrained,221,92.0,-36.63615146322229,-36.63615146322229,0
cobyla,pretrained,222,93.0,-36.63615146322229,-36.63615146322229,0
cobyla,pretrained,223,94.0,-36.63615146322229,-36.63615146322229,0
cobyla,pretrained,224,95.0,-36.63615146322229,-36.63615146322229,0
cobyla,pretrained,225,96.0,-36.63615146322229,-36.63615146322229,0
cobyla,pretrained,226,97.0,-36.63615146322229,-36.63615146322229,0
cobyla,pretrained,227,98.0,-36.63615146322229,-36.63615146322229,0
cobyla,pretrained,228,99.0,-36.63615146322229,-36.63615146322229,0
cobyla,pretrained,229,100.0,-37.043197269357925,-37.043197269357925,0
cobyla,pretrained,230,101.0,-37.043197269357925,-37.043197269357925,0
cobyla,pretrained,231,102.0,-37.043197269357925,-37.043197269357925,0
cobyla,pretrained,232,103.0,-37.043197269357925,-37.043197269357925,0
cobyla,pretrained,233,104.0,-37.043197269357925,-37.043197269357925,0
cobyla,pretrained,234,105.0,-37.34258921875205,-37.34258921875205,0
cobyla,pretrained,235,106.0,-37.34258921875205,-37.34258921875205,0
cobyla,pretrained,236,107.0,-37.34258921875205,-37.34258921875205,0
cobyla,pretrained,237,108.0,-37.41070455066338,-37.41070455066338,0
cobyla,pretrained,238,109.0,-37.41070455066338,-37.41070455066338,0
cobyla,pretrained,239,110.0,-37.42437024143759,-37.42437024143759,0
cobyla,pretrained,240,111.0,-37.42437024143759,-37.42437024143759,0
cobyla,pretrained,241,112.0,-37.47473007783624,-37.47473007783624,0
cobyla,pretrained,242,113.0,-37.47473007783624,-37.47473007783624,0
cobyla,pretrained,243,114.0,-37.47473007783624,-37.47473007783624,0
cobyla,pretrained,244,115.0,-37.47473007783624,-37.47473007783624,0
cobyla,pretrained,245,116.0,-37.47473007783624,-37.47473007783624,0
cobyla,pretrained,246,117.0,-37.47473007783624,-37.47473007783624,0
cobyla,pretrained,247,118.0,-37.47473007783624,-37.47473007783624,0
cobyla,pretrained,248,119.0,-37.47473007783624,-37.47473007783624,0
cobyla,pretrained,249,120.0,-37.510766671484575,-37.510766671484575,0
cobyla,pretrained,250,121.0,-37.510766671484575,-37.510766671484575,0
cobyla,pretrained,251,122.0,-37.510766671484575,-37.510766671484575,0
cobyla,pretrained,252,123.0,-37.510766671484575,-37.510766671484575,0
cobyla,pretrained,253,124.0,-37.535159509123005,-37.535159509123005,0
cobyla,pretrained,254,125.0,-37.535159509123005,-37.535159509123005,0
cobyla,pretrained,255,126.0,-37.535159509123005,-37.535159509123005,0
cobyla,pretrained,256,127.0,-37.535159509123005,-37.535159509123005,0
cobyla,pretrained,257,128.0,-37.535159509123005,-37.535159509123005,0
cobyla,pretrained,258,129.0,-37.535159509123005,-37.535159509123005,0
cobyla,pretrained,259,130.0,-37.535159509123005,-37.535159509123005,0
cobyla,pretrained,260,131.0,-37.53585328164495,-37.53585328164495,0
cobyla,pretrained,261,132.0,-38.408921024065556,-38.408921024065556,0
cobyla,pretrained,262,133.0,-38.408921024065556,-38.408921024065556,0
cobyla,pretrained,263,134.0,-38.408921024065556,-38.408921024065556,0
cobyla,pretrained,264,135.0,-38.408921024065556,-38.408921024065556,0
cobyla,pretrained,265,136.0,-38.408921024065556,-38.408921024065556,0
cobyla,pretrained,266,137.0,-38.408921024065556,-38.408921024065556,0
cobyla,pretrained,267,138.0,-38.408921024065556,-38.408921024065556,0
cobyla,pretrained,268,139.0,-38.408921024065556,-38.408921024065556,0
cobyla,pretrained,269,140.0,-38.408921024065556,-38.408921024065556,0
cobyla,pretrained,270,141.0,-38.41534969031,-38.41534969031,0
cobyla,pretrained,271,142.0,-38.4350856313561,-38.4350856313561,0
cobyla,pretrained,272,143.0,-38.43780629504171,-38.43780629504171,0
cobyla,pretrained,273,144.0,-38.43780629504171,-38.43780629504171,0
cobyla,pretrained,274,145.0,-38.438596480616866,-38.438596480616866,0
cobyla,pretrained,275,146.0,-38.43977001227248,-38.43977001227248,0
cobyla,pretrained,276,147.0,-38.4410888821753,-38.4410888821753,0
cobyla,pretrained,277,148.0,-38.4410888821753,-38.4410888821753,0
cobyla,pretrained,278,149.0,-38.4410888821753,-38.4410888821753,0
cobyla,pretrained,279,150.0,-38.4410888821753,-38.4410888821753,0
cobyla,pretrained,280,151.0,-38.4410888821753,-38.4410888821753,0
cobyla,pretrained,281,152.0,-38.4410888821753,-38.4410888821753,0
cobyla,pretrained,282,153.0,-38.4410888821753,-38.4410888821753,0
cobyla,pretrained,283,154.0,-38.45245134937663,-38.45245134937663,0
cobyla,pretrained,284,155.0,-38.453951191277326,-38.453951191277326,0
cobyla,pretrained,285,156.0,-38.453951191277326,-38.453951191277326,0
cobyla,pretrained,286,157.0,-38.453951191277326,-38.453951191277326,0
cobyla,pretrained,287,158.0,-38.46030031729334,-38.46030031729334,0
cobyla,pretrained,288,159.0,-38.460728707025424,-38.460728707025424,0
cobyla,pretrained,289,160.0,-38.460728707025424,-38.460728707025424,0
cobyla,pretrained,290,161.0,-38.462901616768555,-38.462901616768555,0
cobyla,pretrained,291,162.0,-38.462901616768555,-38.462901616768555,0
cobyla,pretrained,292,163.0,-38.462901616768555,-38.462901616768555,0
cobyla,pretrained,293,164.0,-38.462901616768555,-38.462901616768555,0
cobyla,pretrained,294,165.0,-38.462901616768555,-38.462901616768555,0
cobyla,pretrained,295,166.0,-38.462901616768555,-38.462901616768555,0
cobyla,pretrained,296,167.0,-38.87293388349241,-38.87293388349241,0
cobyla,pretrained,297,168.0,-39.77695350814753,-39.77695350814753,0
cobyla,pretrained,298,169.0,-39.77695350814753,-39.77695350814753,0
cobyla,pretrained,299,170.0,-39.77695350814753,-39.77695350814753,0
cobyla,pretrained,300,171.0,-39.77695350814753,-39.77695350814753,0
cobyla,pretrained,301,172.0,-39.77695350814753,-39.77695350814753,0
cobyla,pretrained,302,173.0,-39.77695350814753,-39.77695350814753,0
cobyla,pretrained,303,174.0,-40.00631152495265,-40.00631152495265,0
cobyla,pretrained,304,175.0,-40.00631152495265,-40.00631152495265,0
cobyla,pretrained,305,176.0,-40.00631152495265,-40.00631152495265,0
cobyla,pretrained,306,177.0,-40.00631152495265,-40.00631152495265,0
cobyla,pretrained,307,178.0,-40.22710534283771,-40.22710534283771,0
cobyla,pretrained,308,179.0,-40.22710534283771,-40.22710534283771,0
cobyla,pretrained,309,180.0,-40.22710534283771,-40.22710534283771,0
cobyla,pretrained,310,181.0,-40.22710534283771,-40.22710534283771,0
cobyla,pretrained,311,182.0,-40.22710534283771,-40.22710534283771,0
cobyla,pretrained,312,183.0,-40.22710534283771,-40.22710534283771,0
cobyla,pretrained,313,184.0,-40.22710534283771,-40.22710534283771,0
cobyla,pretrained,314,185.0,-40.22710534283771,-40.22710534283771,0
cobyla,pretrained,315,186.0,-40.22710534283771,-40.22710534283771,0
cobyla,pretrained,316,187.0,-40.22710534283771,-40.22710534283771,0
cobyla,pretrained,317,188.0,-40.22710534283771,-40.22710534283771,0
cobyla,pretrained,318,189.0,-40.22710534283771,-40.22710534283771,0
cobyla,pretrained,319,190.0,-40.22710534283771,-40.22710534283771,0
cobyla,pretrained,320,191.0,-40.23572543377951,-40.23572543377951,0
cobyla,pretrained,321,192.0,-40.23572543377951,-40.23572543377951,0
cobyla,pretrained,322,193.0,-40.23572543377951,-40.23572543377951,0
cobyla,pretrained,323,194.0,-40.23572543377951,-40.23572543377951,0
cobyla,pretrained,324,195.0,-40.27912773937325,-40.27912773937325,0
cobyla,pretrained,325,196.0,-40.27912773937325,-40.27912773937325,0
cobyla,pretrained,326,197.0,-40.27912773937325,-40.27912773937325,0
cobyla,pretrained,327,198.0,-40.27912773937325,-40.27912773937325,0
cobyla,pretrained,328,199.0,-40.27912773937325,-40.27912773937325,0
cobyla,pretrained,329,200.0,-40.27912773937325,-40.27912773937325,0
cobyla,pretrained,330,201.0,-40.27912773937325,-40.27912773937325,0
cobyla,pretrained,331,202.0,-40.27912773937325,-40.27912773937325,0
cobyla,pretrained,332,203.0,-40.439224867832316,-40.439224867832316,0
cobyla,pretrained,333,204.0,-40.439224867832316,-40.439224867832316,0
cobyla,pretrained,334,205.0,-40.83707429724485,-40.83707429724485,0
cobyla,pretrained,335,206.0,-40.83707429724485,-40.83707429724485,0
cobyla,pretrained,336,207.0,-40.83707429724485,-40.83707429724485,0
cobyla,pretrained,337,208.0,-40.83707429724485,-40.83707429724485,0
cobyla,pretrained,338,209.0,-40.83707429724485,-40.83707429724485,0
cobyla,pretrained,339,210.0,-40.83707429724485,-40.83707429724485,0
cobyla,pretrained,340,211.0,-40.83707429724485,-40.83707429724485,0
cobyla,pretrained,341,212.0,-40.87676921287568,-40.87676921287568,0
cobyla,pretrained,342,213.0,-40.87676921287568,-40.87676921287568,0
cobyla,pretrained,343,214.0,-40.888189224241366,-40.888189224241366,0
cobyla,pretrained,344,215.0,-40.888189224241366,-40.888189224241366,0
cobyla,pretrained,345,216.0,-40.93348110676478,-40.93348110676478,0
cobyla,pretrained,346,217.0,-40.93348110676478,-40.93348110676478,0
cobyla,pretrained,347,218.0,-40.93348110676478,-40.93348110676478,0
cobyla,pretrained,348,219.0,-40.93348110676478,-40.93348110676478,0
cobyla,pretrained,349,220.0,-40.948656854048785,-40.948656854048785,0
cobyla,pretrained,350,221.0,-40.948656854048785,-40.948656854048785,0
cobyla,pretrained,351,222.0,-40.948656854048785,-40.948656854048785,0
cobyla,pretrained,352,223.0,-40.948656854048785,-40.948656854048785,0
cobyla,pretrained,353,224.0,-40.948656854048785,-40.948656854048785,0
cobyla,pretrained,354,225.0,-40.948656854048785,-40.948656854048785,0
cobyla,pretrained,355,226.0,-40.948656854048785,-40.948656854048785,0
cobyla,pretrained,356,227.0,-41.103896694873825,-41.103896694873825,0
cobyla,pretrained,357,228.0,-41.103896694873825,-41.103896694873825,0
cobyla,pretrained,358,229.0,-41.195442610200246,-41.195442610200246,0
cobyla,pretrained,359,230.0,-41.195442610200246,-41.195442610200246,0
cobyla,pretrained,360,231.0,-41.19573233403431,-41.19573233403431,0
cobyla,pretrained,361,232.0,-41.19573233403431,-41.19573233403431,0
cobyla,pretrained,362,233.0,-41.19573233403431,-41.19573233403431,0
cobyla,pretrained,363,234.0,-41.19573233403431,-41.19573233403431,0
cobyla,pretrained,364,235.0,-41.19573233403431,-41.19573233403431,0
cobyla,pretrained,365,236.0,-41.19573233403431,-41.19573233403431,0
cobyla,pretrained,366,237.0,-41.20340560197223,-41.20340560197223,0
cobyla,pretrained,367,238.0,-41.20340560197223,-41.20340560197223,0
cobyla,pretrained,368,239.0,-41.224580965994456,-41.224580965994456,0
cobyla,pretrained,369,240.0,-41.253871326862026,-41.253871326862026,0
cobyla,pretrained,370,241.0,-41.253871326862026,-41.253871326862026,0
cobyla,pretrained,371,242.0,-41.253871326862026,-41.253871326862026,0
cobyla,pretrained,372,243.0,-41.27020921703456,-41.27020921703456,0
cobyla,pretrained,373,244.0,-41.27020921703456,-41.27020921703456,0
cobyla,pretrained,374,245.0,-41.27506985585173,-41.27506985585173,0
cobyla,pretrained,375,246.0,-41.27506985585173,-41.27506985585173,0
cobyla,pretrained,376,247.0,-41.293231370796626,-41.293231370796626,0
cobyla,pretrained,377,248.0,-41.293231370796626,-41.293231370796626,0
cobyla,pretrained,378,249.0,-41.293231370796626,-41.293231370796626,0
cobyla,pretrained,379,250.0,-41.302493151223246,-41.302493151223246,0
cobyla,pretrained,380,251.0,-41.31572999401414,-41.31572999401414,0
cobyla,pretrained,381,252.0,-41.31572999401414,-41.31572999401414,0
cobyla,pretrained,382,253.0,-41.31572999401414,-41.31572999401414,0
cobyla,pretrained,383,254.0,-41.31572999401414,-41.31572999401414,0
cobyla,pretrained,384,255.0,-41.31572999401414,-41.31572999401414,0
cobyla,pretrained,385,256.0,-41.31572999401414,-41.31572999401414,0
cobyla,pretrained,386,257.0,-41.31572999401414,-41.31572999401414,0
cobyla,pretrained,387,258.0,-41.31572999401414,-41.31572999401414,0
cobyla,pretrained,388,259.0,-41.31572999401414,-41.31572999401414,0
cobyla,pretrained,389,260.0,-41.31572999401414,-41.31572999401414,0
cobyla,pretrained,390,261.0,-41.31572999401414,-41.31572999401414,0
cobyla,pretrained,391,262.0,-41.31572999401414,-41.31572999401414,0
cobyla,pretrained,392,263.0,-41.31572999401414,-41.31572999401414,0
cobyla,pretrained,393,264.0,-41.31572999401414,-41.31572999401414,0
cobyla,pretrained,394,265.0,-41.31572999401414,-41.31572999401414,0
cobyla,pretrained,395,266.0,-41.31572999401414,-41.31572999401414,0
cobyla,pretrained,396,267.0,-41.31572999401414,-41.31572999401414,0
cobyla,pretrained,397,268.0,-41.31572999401414,-41.31572999401414,0
cobyla,pretrained,398,269.0,-41.31572999401414,-41.31572999401414,0
cobyla,pretrained,399,270.0,-41.31572999401414,-41.31572999401414,0
cobyla,pretrained,400,271.0,-41.32606803327844,-41.32606803327844,0
cobyla,pretrained,401,272.0,-41.32606803327844,-41.32606803327844,0
cobyla,pretrained,402,273.0,-41.35894739469593,-41.35894739469593,0
cobyla,pretrained,403,274.0,-41.35894739469593,-41.35894739469593,0
cobyla,pretrained,404,275.0,-41.35894739469593,-41.35894739469593,0
cobyla,pretrained,405,276.0,-41.35894739469593,-41.35894739469593,0
cobyla,pretrained,406,277.0,-41.36762374171968,-41.36762374171968,0
cobyla,pretrained,407,278.0,-41.36762374171968,-41.36762374171968,0
cobyla,pretrained,408,279.0,-41.36871320125104,-41.36871320125104,0
cobyla,pretrained,409,280.0,-41.36871320125104,-41.36871320125104,0
cobyla,pretrained,410,281.0,-41.36871320125104,-41.36871320125104,0
cobyla,pretrained,411,282.0,-41.36871320125104,-41.36871320125104,0
cobyla,pretrained,412,283.0,-41.36871320125104,-41.36871320125104,0
cobyla,pretrained,413,284.0,-41.36871320125104,-41.36871320125104,0
cobyla,pretrained,414,285.0,-41.3725140963142,-41.3725140963142,0
cobyla,pretrained,415,286.0,-41.399280841281765,-41.399280841281765,0
cobyla,pretrained,416,287.0,-41.415298842198354,-41.415298842198354,0
cobyla,pretrained,417,288.0,-41.42511525946688,-41.42511525946688,0
cobyla,pretrained,418,289.0,-41.42511525946688,-41.42511525946688,0
cobyla,pretrained,419,290.0,-41.42511525946688,-41.42511525946688,0
cobyla,pretrained,420,291.0,-41.42511525946688,-41.42511525946688,0
cobyla,pretrained,421,292.0,-41.42511525946688,-41.42511525946688,0
cobyla,pretrained,422,293.0,-41.42511525946688,-41.42511525946688,0
cobyla,pretrained,423,294.0,-41.42511525946688,-41.42511525946688,0
cobyla,pretrained,424,295.0,-41.47673780338888,-41.47673780338888,0
cobyla,pretrained,425,296.0,-41.47673780338888,-41.47673780338888,0
cobyla,pretrained,426,297.0,-41.47673780338888,-41.47673780338888,0
cobyla,pretrained,427,298.0,-41.47673780338888,-41.47673780338888,0
cobyla,pretrained,428,299.0,-41.48792341562988,-41.48792341562988,0
cobyla,pretrained,429,300.0,-41.48792341562988,-41.48792341562988,0
cobyla,pretrained,430,301.0,-41.48792341562988,-41.48792341562988,0
cobyla,pretrained,431,302.0,-41.48792341562988,-41.48792341562988,0
cobyla,pretrained,432,303.0,-41.49032550487765,-41.49032550487765,0
cobyla,pretrained,433,304.0,-41.49032550487765,-41.49032550487765,0
cobyla,pretrained,434,305.0,-41.491437581327176,-41.491437581327176,0
cobyla,pretrained,435,306.0,-41.491437581327176,-41.491437581327176,0
cobyla,pretrained,436,307.0,-41.492625920345155,-41.492625920345155,0
cobyla,pretrained,437,308.0,-41.492625920345155,-41.492625920345155,0
cobyla,pretrained,438,309.0,-41.492625920345155,-41.492625920345155,0
cobyla,pretrained,439,310.0,-41.492625920345155,-41.492625920345155,0
cobyla,pretrained,440,311.0,-41.50363320794958,-41.50363320794958,0
cobyla,pretrained,441,312.0,-41.50363320794958,-41.50363320794958,0
cobyla,pretrained,442,313.0,-41.50470288411771,-41.50470288411771,0
cobyla,pretrained,443,314.0,-41.50470288411771,-41.50470288411771,0
cobyla,pretrained,444,315.0,-41.50525491434432,-41.50525491434432,0
cobyla,pretrained,445,316.0,-41.52414093244471,-41.52414093244471,0
cobyla,pretrained,446,317.0,-41.52414093244471,-41.52414093244471,0
cobyla,pretrained,447,318.0,-41.52414093244471,-41.52414093244471,0
cobyla,pretrained,448,319.0,-41.52414093244471,-41.52414093244471,0
cobyla,pretrained,449,320.0,-41.52414093244471,-41.52414093244471,0
cobyla,pretrained,450,321.0,-41.52414093244471,-41.52414093244471,0
cobyla,pretrained,451,322.0,-41.52542838500143,-41.52542838500143,0
cobyla,pretrained,452,323.0,-41.52542838500143,-41.52542838500143,0
cobyla,pretrained,453,324.0,-41.52542838500143,-41.52542838500143,0
cobyla,pretrained,454,325.0,-41.52542838500143,-41.52542838500143,0
cobyla,pretrained,455,326.0,-41.52542838500143,-41.52542838500143,0
cobyla,pretrained,456,327.0,-41.52646819292972,-41.52646819292972,0
cobyla,pretrained,457,328.0,-41.52646819292972,-41.52646819292972,0
cobyla,pretrained,458,329.0,-41.52646819292972,-41.52646819292972,0
cobyla,pretrained,459,330.0,-41.52646819292972,-41.52646819292972,0
cobyla,pretrained,460,331.0,-41.52646819292972,-41.52646819292972,0
cobyla,pretrained,461,332.0,-41.52646819292972,-41.52646819292972,0
cobyla,pretrained,462,333.0,-41.54459435697339,-41.54459435697339,0
cobyla,pretrained,463,334.0,-41.54459435697339,-41.54459435697339,0
cobyla,pretrained,464,335.0,-41.68538581213156,-41.68538581213156,0
cobyla,pretrained,465,336.0,-41.68538581213156,-41.68538581213156,0
cobyla,pretrained,466,337.0,-41.75287757758921,-41.75287757758921,0
cobyla,pretrained,467,338.0,-41.75287757758921,-41.75287757758921,0
cobyla,pretrained,468,339.0,-41.75287757758921,-41.75287757758921,0
cobyla,pretrained,469,340.0,-41.75287757758921,-41.75287757758921,0
cobyla,pretrained,470,341.0,-41.75287757758921,-41.75287757758921,0
cobyla,pretrained,471,342.0,-41.75287757758921,-41.75287757758921,0
cobyla,pretrained,472,343.0,-41.75287757758921,-41.75287757758921,0
cobyla,pretrained,473,344.0,-41.75287757758921,-41.75287757758921,0
cobyla,pretrained,474,345.0,-41.818804455434794,-41.818804455434794,0
cobyla,pretrained,475,346.0,-41.818804455434794,-41.818804455434794,0
cobyla,pretrained,476,347.0,-41.834966912137794,-41.834966912137794,0
cobyla,pretrained,477,348.0,-41.834966912137794,-41.834966912137794,0
cobyla,pretrained,478,349.0,-41.84310179118498,-41.84310179118498,0
cobyla,pretrained,479,350.0,-41.84310179118498,-41.84310179118498,0
cobyla,pretrained,480,351.0,-41.9311253606824,-41.9311253606824,0
cobyla,pretrained,481,352.0,-41.9311253606824,-41.9311253606824,0
cobyla,pretrained,482,353.0,-41.99253169435258,-41.99253169435258,0
cobyla,pretrained,483,354.0,-41.99253169435258,-41.99253169435258,0
cobyla,pretrained,484,355.0,-41.99253169435258,-41.99253169435258,0
cobyla,pretrained,485,356.0,-41.99253169435258,-41.99253169435258,0
cobyla,pretrained,486,357.0,-41.99253169435258,-41.99253169435258,0
cobyla,pretrained,487,358.0,-41.99253169435258,-41.99253169435258,0
cobyla,pretrained,488,359.0,-41.99420157316533,-41.99420157316533,0
cobyla,pretrained,489,360.0,-41.99420157316533,-41.99420157316533,0
cobyla,pretrained,490,361.0,-41.99420157316533,-41.99420157316533,0
cobyla,pretrained,491,362.0,-41.99420157316533,-41.99420157316533,0
cobyla,pretrained,492,363.0,-42.044344689051584,-42.044344689051584,0
cobyla,pretrained,493,364.0,-42.044344689051584,-42.044344689051584,0
cobyla,pretrained,494,365.0,-42.421398956198175,-42.421398956198175,0
cobyla,pretrained,495,366.0,-42.86011612408698,-42.86011612408698,0
cobyla,pretrained,496,367.0,-42.86011612408698,-42.86011612408698,0
cobyla,pretrained,497,368.0,-42.86011612408698,-42.86011612408698,0
cobyla,pretrained,498,369.0,-42.86011612408698,-42.86011612408698,0
cobyla,pretrained,499,370.0,-42.86011612408698,-42.86011612408698,0
cobyla,pretrained,500,371.0,-42.9022530937109,-42.9022530937109,0
cobyla,pretrained,501,372.0,-42.9022530937109,-42.9022530937109,0
cobyla,pretrained,502,373.0,-42.9022530937109,-42.9022530937109,0
cobyla,pretrained,503,374.0,-42.9022530937109,-42.9022530937109,0
cobyla,pretrained,504,375.0,-42.9022530937109,-42.9022530937109,0
cobyla,pretrained,505,376.0,-42.9022530937109,-42.9022530937109,0
cobyla,pretrained,506,377.0,-42.9022530937109,-42.9022530937109,0
cobyla,pretrained,507,378.0,-42.9022530937109,-42.9022530937109,0
cobyla,pretrained,508,379.0,-42.9022530937109,-42.9022530937109,0
cobyla,pretrained,509,380.0,-42.9022530937109,-42.9022530937109,0
cobyla,pretrained,510,381.0,-42.9022530937109,-42.9022530937109,0
cobyla,pretrained,511,382.0,-42.9022530937109,-42.9022530937109,0
cobyla,pretrained,512,383.0,-42.9022530937109,-42.9022530937109,0
cobyla,pretrained,513,384.0,-42.9022530937109,-42.9022530937109,0
cobyla,pretrained,514,385.0,-42.93574394344227,-42.93574394344227,0
cobyla,pretrained,515,386.0,-42.93574394344227,-42.93574394344227,0
cobyla,pretrained,516,387.0,-42.93574394344227,-42.93574394344227,0
cobyla,pretrained,517,388.0,-42.93574394344227,-42.93574394344227,0
cobyla,pretrained,518,389.0,-42.958547868725965,-42.958547868725965,0
cobyla,pretrained,519,390.0,-42.958547868725965,-42.958547868725965,0
cobyla,pretrained,520,391.0,-42.958547868725965,-42.958547868725965,0
cobyla,pretrained,521,392.0,-42.958547868725965,-42.958547868725965,0
cobyla,pretrained,522,393.0,-42.958547868725965,-42.958547868725965,0
cobyla,pretrained,523,394.0,-42.958547868725965,-42.958547868725965,0
cobyla,pretrained,524,395.0,-42.958547868725965,-42.958547868725965,0
cobyla,pretrained,525,396.0,-42.958547868725965,-42.958547868725965,0
cobyla,pretrained,526,397.0,-42.96734058005184,-42.96734058005184,0
cobyla,pretrained,527,398.0,-42.96734058005184,-42.96734058005184,0
cobyla,pretrained,528,399.0,-42.96734058005184,-42.96734058005184,0
cobyla,pretrained,529,400.0,-42.96734058005184,-42.96734058005184,0
cobyla,pretrained,530,401.0,-42.968926562822105,-42.968926562822105,0
cobyla,pretrained,531,402.0,-42.968926562822105,-42.968926562822105,0
cobyla,pretrained,532,403.0,-42.968926562822105,-42.968926562822105,0
cobyla,pretrained,533,404.0,-42.968926562822105,-42.968926562822105,0
cobyla,pretrained,534,405.0,-42.99017288628819,-42.99017288628819,0
cobyla,pretrained,535,406.0,-42.99017288628819,-42.99017288628819,0
cobyla,pretrained,536,407.0,-43.00360251838548,-43.00360251838548,0
cobyla,pretrained,537,408.0,-43.114380564945385,-43.114380564945385,0
cobyla,pretrained,538,409.0,-43.12060410199422,-43.12060410199422,0
cobyla,pretrained,539,410.0,-43.12060410199422,-43.12060410199422,0
cobyla,pretrained,540,411.0,-43.12060410199422,-43.12060410199422,0
cobyla,pretrained,541,412.0,-43.12060410199422,-43.12060410199422,0
cobyla,pretrained,542,413.0,-43.12060410199422,-43.12060410199422,0
cobyla,pretrained,543,414.0,-43.12060410199422,-43.12060410199422,0
cobyla,pretrained,544,415.0,-43.12060410199422,-43.12060410199422,0
cobyla,pretrained,545,416.0,-43.12060410199422,-43.12060410199422,0
cobyla,pretrained,546,417.0,-43.12255546504323,-43.12255546504323,0
cobyla,pretrained,547,418.0,-43.12255546504323,-43.12255546504323,0
cobyla,pretrained,548,419.0,-43.12255546504323,-43.12255546504323,0
cobyla,pretrained,549,420.0,-43.12255546504323,-43.12255546504323,0
cobyla,pretrained,550,421.0,-43.12255546504323,-43.12255546504323,0
cobyla,pretrained,551,422.0,-43.12255546504323,-43.12255546504323,0
cobyla,pretrained,552,423.0,-43.12255546504323,-43.12255546504323,0
cobyla,pretrained,553,424.0,-43.12255546504323,-43.12255546504323,0
cobyla,pretrained,554,425.0,-43.160698460104285,-43.160698460104285,0
cobyla,pretrained,555,426.0,-43.160698460104285,-43.160698460104285,0
cobyla,pretrained,556,427.0,-43.160698460104285,-43.160698460104285,0
cobyla,pretrained,557,428.0,-43.160698460104285,-43.160698460104285,0
cobyla,pretrained,558,429.0,-43.160698460104285,-43.160698460104285,0
cobyla,pretrained,559,430.0,-43.160698460104285,-43.160698460104285,0
cobyla,pretrained,560,431.0,-43.160698460104285,-43.160698460104285,0
cobyla,pretrained,561,432.0,-43.160698460104285,-43.160698460104285,0
cobyla,pretrained,562,433.0,-43.160698460104285,-43.160698460104285,0
cobyla,pretrained,563,434.0,-43.160698460104285,-43.160698460104285,0
cobyla,pretrained,564,435.0,-43.160698460104285,-43.160698460104285,0
cobyla,pretrained,565,436.0,-43.160698460104285,-43.160698460104285,0
cobyla,pretrained,566,437.0,-43.232310589825616,-43.232310589825616,0
cobyla,pretrained,567,438.0,-43.232310589825616,-43.232310589825616,0
cobyla,pretrained,568,439.0,-43.2827874818893,-43.2827874818893,0
cobyla,pretrained,569,440.0,-43.2827874818893,-43.2827874818893,0
cobyla,pretrained,570,441.0,-43.2827874818893,-43.2827874818893,0
cobyla,pretrained,571,442.0,-43.2827874818893,-43.2827874818893,0
cobyla,pretrained,572,443.0,-43.2827874818893,-43.2827874818893,0
cobyla,pretrained,573,444.0,-43.2827874818893,-43.2827874818893,0
cobyla,pretrained,574,445.0,-43.2827874818893,-43.2827874818893,0
cobyla,pretrained,575,446.0,-43.2827874818893,-43.2827874818893,0
cobyla,pretrained,576,447.0,-43.2827874818893,-43.2827874818893,0
cobyla,pretrained,577,448.0,-43.2827874818893,-43.2827874818893,0
cobyla,pretrained,578,449.0,-43.2827874818893,-43.2827874818893,0
cobyla,pretrained,579,450.0,-43.2827874818893,-43.2827874818893,0
cobyla,pretrained,580,451.0,-43.2827874818893,-43.2827874818893,0
cobyla,pretrained,581,452.0,-43.2827874818893,-43.2827874818893,0
cobyla,pretrained,582,453.0,-43.2827874818893,-43.2827874818893,0
cobyla,pretrained,583,454.0,-43.2827874818893,-43.2827874818893,0
cobyla,pretrained,584,455.0,-43.2827874818893,-43.2827874818893,0
cobyla,pretrained,585,456.0,-43.2827874818893,-43.2827874818893,0
cobyla,pretrained,586,457.0,-43.2827874818893,-43.2827874818893,0
cobyla,pretrained,587,458.0,-43.2827874818893,-43.2827874818893,0
cobyla,pretrained,588,459.0,-43.283720697261536,-43.283720697261536,0
cobyla,pretrained,589,460.0,-43.283720697261536,-43.283720697261536,0
cobyla,pretrained,590,461.0,-43.283720697261536,-43.283720697261536,0
cobyla,pretrained,591,462.0,-43.283720697261536,-43.283720697261536,0
cobyla,pretrained,592,463.0,-43.3290467874287,-43.3290467874287,0
cobyla,pretrained,593,464.0,-43.3290467874287,-43.3290467874287,0
cobyla,pretrained,594,465.0,-43.34098724950768,-43.34098724950768,0
cobyla,pretrained,595,466.0,-43.34098724950768,-43.34098724950768,0
cobyla,pretrained,596,467.0,-43.34098724950768,-43.34098724950768,0
cobyla,pretrained,597,468.0,-43.34098724950768,-43.34098724950768,0
cobyla,pretrained,598,469.0,-43.34098724950768,-43.34098724950768,0
cobyla,pretrained,599,470.0,-43.34098724950768,-43.34098724950768,0
cobyla,pretrained,600,471.0,-43.35892546141287,-43.35892546141287,0
cobyla,pretrained,601,472.0,-43.35892546141287,-43.35892546141287,0
cobyla,pretrained,602,473.0,-43.372960891402975,-43.372960891402975,0
cobyla,pretrained,603,474.0,-43.372960891402975,-43.372960891402975,0
cobyla,pretrained,604,475.0,-43.392494680555195,-43.392494680555195,0
cobyla,pretrained,605,476.0,-43.392494680555195,-43.392494680555195,0
cobyla,pretrained,606,477.0,-43.393973457513994,-43.393973457513994,0
cobyla,pretrained,607,478.0,-43.393973457513994,-43.393973457513994,0
cobyla,pretrained,608,479.0,-43.40688747095394,-43.40688747095394,0
cobyla,pretrained,609,480.0,-43.40688747095394,-43.40688747095394,0
cobyla,pretrained,610,481.0,-43.40688747095394,-43.40688747095394,0
cobyla,pretrained,611,482.0,-43.40688747095394,-43.40688747095394,0
cobyla,pretrained,612,483.0,-43.40688747095394,-43.40688747095394,0
cobyla,pretrained,613,484.0,-43.40688747095394,-43.40688747095394,0
cobyla,pretrained,614,485.0,-43.408142107982435,-43.408142107982435,0
cobyla,pretrained,615,486.0,-43.408142107982435,-43.408142107982435,0
cobyla,pretrained,616,487.0,-43.408142107982435,-43.408142107982435,0
cobyla,pretrained,617,488.0,-43.409793231547205,-43.409793231547205,0
cobyla,pretrained,618,489.0,-43.43180820242086,-43.43180820242086,0
cobyla,pretrained,619,490.0,-43.43180820242086,-43.43180820242086,0
cobyla,pretrained,620,491.0,-43.43180820242086,-43.43180820242086,0
cobyla,pretrained,621,492.0,-43.43180820242086,-43.43180820242086,0
cobyla,pretrained,622,493.0,-43.43180820242086,-43.43180820242086,0
cobyla,pretrained,623,494.0,-43.43180820242086,-43.43180820242086,0
cobyla,pretrained,624,495.0,-43.437256555744945,-43.437256555744945,0
cobyla,pretrained,625,496.0,-43.437256555744945,-43.437256555744945,0
cobyla,pretrained,626,497.0,-43.44143861570763,-43.44143861570763,0
cobyla,pretrained,627,498.0,-43.472678806027886,-43.472678806027886,0
cobyla,pretrained,628,499.0,-43.472678806027886,-43.472678806027886,0
cobyla,pretrained,629,500.0,-43.472678806027886,-43.472678806027886,0
cobyla,pretrained,630,501.0,-43.472678806027886,-43.472678806027886,0
cobyla,pretrained,631,502.0,-43.472678806027886,-43.472678806027886,0
cobyla,pretrained,632,503.0,-43.47436863913816,-43.47436863913816,0
cobyla,pretrained,633,504.0,-43.47436863913816,-43.47436863913816,0
cobyla,pretrained,634,505.0,-43.47436863913816,-43.47436863913816,0
cobyla,pretrained,635,506.0,-43.47436863913816,-43.47436863913816,0
cobyla,pretrained,636,507.0,-43.47436863913816,-43.47436863913816,0
cobyla,pretrained,637,508.0,-43.47436863913816,-43.47436863913816,0
cobyla,pretrained,638,509.0,-43.48423985227039,-43.48423985227039,0
cobyla,pretrained,639,510.0,-43.48423985227039,-43.48423985227039,0
cobyla,pretrained,640,511.0,-43.48423985227039,-43.48423985227039,0
cobyla,pretrained,641,512.0,-43.48423985227039,-43.48423985227039,0
cobyla,pretrained,642,513.0,-43.48423985227039,-43.48423985227039,0
cobyla,pretrained,643,514.0,-43.48423985227039,-43.48423985227039,0
cobyla,pretrained,644,515.0,-43.48423985227039,-43.48423985227039,0
cobyla,pretrained,645,516.0,-43.48423985227039,-43.48423985227039,0
cobyla,pretrained,646,517.0,-43.48423985227039,-43.48423985227039,0
cobyla,pretrained,647,518.0,-43.48423985227039,-43.48423985227039,0
cobyla,pretrained,648,519.0,-43.50502602491501,-43.50502602491501,0
cobyla,pretrained,649,520.0,-43.50502602491501,-43.50502602491501,0
cobyla,pretrained,650,521.0,-43.50502602491501,-43.50502602491501,0
cobyla,pretrained,651,522.0,-43.50502602491501,-43.50502602491501,0
cobyla,pretrained,652,523.0,-43.54274139478561,-43.54274139478561,0
cobyla,pretrained,653,524.0,-43.54274139478561,-43.54274139478561,0
cobyla,pretrained,654,525.0,-43.571580730875176,-43.571580730875176,0
cobyla,pretrained,655,526.0,-43.571580730875176,-43.571580730875176,0
cobyla,pretrained,656,527.0,-43.571580730875176,-43.571580730875176,0
cobyla,pretrained,657,528.0,-43.571580730875176,-43.571580730875176,0
cobyla,pretrained,658,529.0,-43.571580730875176,-43.571580730875176,0
cobyla,pretrained,659,530.0,-43.571580730875176,-43.571580730875176,0
cobyla,pretrained,660,531.0,-43.571580730875176,-43.571580730875176,0
cobyla,pretrained,661,532.0,-43.571580730875176,-43.571580730875176,0
cobyla,pretrained,662,533.0,-43.73180651584455,-43.73180651584455,0
cobyla,pretrained,663,534.0,-43.73180651584455,-43.73180651584455,0
cobyla,pretrained,664,535.0,-43.738299022780595,-43.738299022780595,0
cobyla,pretrained,665,536.0,-43.738299022780595,-43.738299022780595,0
cobyla,pretrained,666,537.0,-43.738299022780595,-43.738299022780595,0
cobyla,pretrained,667,538.0,-43.738299022780595,-43.738299022780595,0
cobyla,pretrained,668,539.0,-43.739513022433954,-43.739513022433954,0
cobyla,pretrained,669,540.0,-43.739513022433954,-43.739513022433954,0
cobyla,pretrained,670,541.0,-43.739513022433954,-43.739513022433954,0
cobyla,pretrained,671,542.0,-43.739513022433954,-43.739513022433954,0
cobyla,pretrained,672,543.0,-43.739513022433954,-43.739513022433954,0
cobyla,pretrained,673,544.0,-43.739513022433954,-43.739513022433954,0
cobyla,pretrained,674,545.0,-43.739513022433954,-43.739513022433954,0
cobyla,pretrained,675,546.0,-43.739513022433954,-43.739513022433954,0
cobyla,pretrained,676,547.0,-43.739513022433954,-43.739513022433954,0
cobyla,pretrained,677,548.0,-43.739513022433954,-43.739513022433954,0
cobyla,pretrained,678,549.0,-43.739513022433954,-43.739513022433954,0
cobyla,pretrained,679,550.0,-43.739513022433954,-43.739513022433954,0
cobyla,pretrained,680,551.0,-43.739513022433954,-43.739513022433954,0
cobyla,pretrained,681,552.0,-43.739513022433954,-43.739513022433954,0
cobyla,pretrained,682,553.0,-43.739513022433954,-43.739513022433954,0
cobyla,pretrained,683,554.0,-43.739513022433954,-43.739513022433954,0
cobyla,pretrained,684,555.0,-43.739513022433954,-43.739513022433954,0
cobyla,pretrained,685,556.0,-43.739513022433954,-43.739513022433954,0
cobyla,pretrained,686,557.0,-43.739513022433954,-43.739513022433954,0
cobyla,pretrained,687,558.0,-43.739513022433954,-43.739513022433954,0
cobyla,pretrained,688,559.0,-43.739513022433954,-43.739513022433954,0
cobyla,pretrained,689,560.0,-43.739513022433954,-43.739513022433954,0
cobyla,pretrained,690,561.0,-43.739513022433954,-43.739513022433954,0
cobyla,pretrained,691,562.0,-43.739513022433954,-43.739513022433954,0
cobyla,pretrained,692,563.0,-43.74394137682899,-43.74394137682899,0
cobyla,pretrained,693,564.0,-43.74394137682899,-43.74394137682899,0
cobyla,pretrained,694,565.0,-43.74394137682899,-43.74394137682899,0
cobyla,pretrained,695,566.0,-43.74394137682899,-43.74394137682899,0
cobyla,pretrained,696,567.0,-43.74394137682899,-43.74394137682899,0
cobyla,pretrained,697,568.0,-43.74394137682899,-43.74394137682899,0
cobyla,pretrained,698,569.0,-43.74394137682899,-43.74394137682899,0
cobyla,pretrained,699,570.0,-43.74394137682899,-43.74394137682899,0
cobyla,pretrained,700,571.0,-43.74394137682899,-43.74394137682899,0
cobyla,pretrained,701,572.0,-43.74394137682899,-43.74394137682899,0
cobyla,pretrained,702,573.0,-43.74394137682899,-43.74394137682899,0
cobyla,pretrained,703,574.0,-43.74394137682899,-43.74394137682899,0
cobyla,pretrained,704,575.0,-43.74394137682899,-43.74394137682899,0
cobyla,pretrained,705,576.0,-43.74394137682899,-43.74394137682899,0
cobyla,pretrained,706,577.0,-43.74394137682899,-43.74394137682899,0
cobyla,pretrained,707,578.0,-43.74394137682899,-43.74394137682899,0
cobyla,pretrained,708,579.0,-43.74394137682899,-43.74394137682899,0
cobyla,pretrained,709,580.0,-43.74394137682899,-43.74394137682899,0
cobyla,pretrained,710,581.0,-43.74394137682899,-43.74394137682899,0
cobyla,pretrained,711,582.0,-43.74394137682899,-43.74394137682899,0
cobyla,pretrained,712,583.0,-43.88570551133313,-43.88570551133313,0
cobyla,pretrained,713,584.0,-43.88570551133313,-43.88570551133313,0
cobyla,pretrained,714,585.0,-43.88570551133313,-43.88570551133313,0
cobyla,pretrained,715,586.0,-43.88570551133313,-43.88570551133313,0
cobyla,pretrained,716,587.0,-43.88570551133313,-43.88570551133313,0
cobyla,pretrained,717,588.0,-43.88570551133313,-43.88570551133313,0
cobyla,pretrained,718,589.0,-43.88570551133313,-43.88570551133313,0
cobyla,pretrained,719,590.0,-43.88570551133313,-43.88570551133313,0
cobyla,pretrained,720,591.0,-43.88570551133313,-43.88570551133313,0
cobyla,pretrained,721,592.0,-43.88570551133313,-43.88570551133313,0
cobyla,pretrained,722,593.0,-43.88570551133313,-43.88570551133313,0
cobyla,pretrained,723,594.0,-43.88570551133313,-43.88570551133313,0
cobyla,pretrained,724,595.0,-43.895459794348504,-43.895459794348504,0
cobyla,pretrained,725,596.0,-43.895459794348504,-43.895459794348504,0
cobyla,pretrained,726,597.0,-43.895459794348504,-43.895459794348504,0
cobyla,pretrained,727,598.0,-43.895459794348504,-43.895459794348504,0
cobyla,pretrained,728,599.0,-43.895459794348504,-43.895459794348504,0
cobyla,pretrained,729,600.0,-43.895459794348504,-43.895459794348504,0
cobyla,pretrained,730,601.0,-43.895459794348504,-43.895459794348504,0
cobyla,pretrained,731,602.0,-43.895459794348504,-43.895459794348504,0
cobyla,pretrained,732,603.0,-43.895459794348504,-43.895459794348504,0
cobyla,pretrained,733,604.0,-43.895459794348504,-43.895459794348504,0
cobyla,pretrained,734,605.0,-43.89652651467678,-43.89652651467678,0
cobyla,pretrained,735,606.0,-43.89652651467678,-43.89652651467678,0
cobyla,pretrained,736,607.0,-43.89652651467678,-43.89652651467678,0
cobyla,pretrained,737,608.0,-43.89652651467678,-43.89652651467678,0
cobyla,pretrained,738,609.0,-43.89652651467678,-43.89652651467678,0
cobyla,pretrained,739,610.0,-43.89652651467678,-43.89652651467678,0
cobyla,pretrained,740,611.0,-43.89652651467678,-43.89652651467678,0
cobyla,pretrained,741,612.0,-43.89652651467678,-43.89652651467678,0
cobyla,pretrained,742,613.0,-43.89652651467678,-43.89652651467678,0
cobyla,pretrained,743,614.0,-43.89652651467678,-43.89652651467678,0
cobyla,pretrained,744,615.0,-43.89652651467678,-43.89652651467678,0
cobyla,pretrained,745,616.0,-43.89652651467678,-43.89652651467678,0
cobyla,pretrained,746,617.0,-43.89652651467678,-43.89652651467678,0
cobyla,pretrained,747,618.0,-43.89652651467678,-43.89652651467678,0
cobyla,pretrained,748,619.0,-43.89652651467678,-43.89652651467678,0
cobyla,pretrained,749,620.0,-43.89652651467678,-43.89652651467678,0
cobyla,pretrained,750,621.0,-43.8992439319408,-43.8992439319408,0
cobyla,pretrained,751,622.0,-43.8992439319408,-43.8992439319408,0
cobyla,pretrained,752,623.0,-43.98926884849198,-43.98926884849198,0
cobyla,pretrained,753,624.0,-43.98926884849198,-43.98926884849198,0
cobyla,pretrained,754,625.0,-43.993929814726904,-43.993929814726904,0
cobyla,pretrained,755,626.0,-43.993929814726904,-43.993929814726904,0
cobyla,pretrained,756,627.0,-43.99578691330232,-43.99578691330232,0
cobyla,pretrained,757,628.0,-43.99578691330232,-43.99578691330232,0
cobyla,pretrained,758,629.0,-43.99578691330232,-43.99578691330232,0
cobyla,pretrained,759,630.0,-43.99578691330232,-43.99578691330232,0
cobyla,pretrained,760,631.0,-44.045637574996015,-44.045637574996015,0
cobyla,pretrained,761,632.0,-44.045637574996015,-44.045637574996015,0
cobyla,pretrained,762,633.0,-44.06370922034428,-44.06370922034428,0
cobyla,pretrained,763,634.0,-44.06370922034428,-44.06370922034428,0
cobyla,pretrained,764,635.0,-44.06440991401411,-44.06440991401411,0
cobyla,pretrained,765,636.0,-44.06440991401411,-44.06440991401411,0
cobyla,pretrained,766,637.0,-44.067786568738185,-44.067786568738185,0
cobyla,pretrained,767,638.0,-44.067786568738185,-44.067786568738185,0
cobyla,pretrained,768,639.0,-44.067786568738185,-44.067786568738185,0
cobyla,pretrained,769,640.0,-44.067786568738185,-44.067786568738185,0
cobyla,pretrained,770,641.0,-44.067786568738185,-44.067786568738185,0
cobyla,pretrained,771,642.0,-44.067786568738185,-44.067786568738185,0
cobyla,pretrained,772,643.0,-44.07038288787843,-44.07038288787843,0
cobyla,pretrained,773,644.0,-44.07038288787843,-44.07038288787843,0
cobyla,pretrained,774,645.0,-44.07038288787843,-44.07038288787843,0
cobyla,pretrained,775,646.0,-44.07038288787843,-44.07038288787843,0
cobyla,pretrained,776,647.0,-44.07038288787843,-44.07038288787843,0
cobyla,pretrained,777,648.0,-44.07038288787843,-44.07038288787843,0
cobyla,pretrained,778,649.0,-44.071848879819704,-44.071848879819704,0
cobyla,pretrained,779,650.0,-44.071848879819704,-44.071848879819704,0
cobyla,pretrained,780,651.0,-44.07239771559519,-44.07239771559519,0
cobyla,pretrained,781,652.0,-44.07239771559519,-44.07239771559519,0
cobyla,pretrained,782,653.0,-44.07239771559519,-44.07239771559519,0
cobyla,pretrained,783,654.0,-44.07239771559519,-44.07239771559519,0
cobyla,pretrained,784,655.0,-44.07239771559519,-44.07239771559519,0
cobyla,pretrained,785,656.0,-44.07239771559519,-44.07239771559519,0
cobyla,pretrained,786,657.0,-44.078237230856125,-44.078237230856125,0
cobyla,pretrained,787,658.0,-44.078237230856125,-44.078237230856125,0
cobyla,pretrained,788,659.0,-44.078237230856125,-44.078237230856125,0
cobyla,pretrained,789,660.0,-44.078237230856125,-44.078237230856125,0
cobyla,pretrained,790,661.0,-44.13866283691634,-44.13866283691634,0
cobyla,pretrained,791,662.0,-44.13866283691634,-44.13866283691634,0
cobyla,pretrained,792,663.0,-44.13866283691634,-44.13866283691634,0
cobyla,pretrained,793,664.0,-44.13866283691634,-44.13866283691634,0
cobyla,pretrained,794,665.0,-44.13866283691634,-44.13866283691634,0
cobyla,pretrained,795,666.0,-44.13866283691634,-44.13866283691634,0
cobyla,pretrained,796,667.0,-44.13866283691634,-44.13866283691634,0
cobyla,pretrained,797,668.0,-44.13866283691634,-44.13866283691634,0
cobyla,pretrained,798,669.0,-44.13866283691634,-44.13866283691634,0
cobyla,pretrained,799,670.0,-44.13866283691634,-44.13866283691634,0
cobyla,pretrained,800,671.0,-44.13866283691634,-44.13866283691634,0
cobyla,pretrained,801,672.0,-44.13866283691634,-44.13866283691634,0
cobyla,pretrained,802,673.0,-44.13866283691634,-44.13866283691634,0
cobyla,pretrained,803,674.0,-44.13866283691634,-44.13866283691634,0
cobyla,pretrained,804,675.0,-44.13866283691634,-44.13866283691634,0
cobyla,pretrained,805,676.0,-44.13866283691634,-44.13866283691634,0
cobyla,pretrained,806,677.0,-44.13866283691634,-44.13866283691634,0
cobyla,pretrained,807,678.0,-44.13866283691634,-44.13866283691634,0
cobyla,pretrained,808,679.0,-44.13866283691634,-44.13866283691634,0
cobyla,pretrained,809,680.0,-44.13866283691634,-44.13866283691634,0
cobyla,pretrained,810,681.0,-44.13866283691634,-44.13866283691634,0
cobyla,pretrained,811,682.0,-44.13866283691634,-44.13866283691634,0
cobyla,pretrained,812,683.0,-44.13866283691634,-44.13866283691634,0
cobyla,pretrained,813,684.0,-44.13866283691634,-44.13866283691634,0
cobyla,pretrained,814,685.0,-44.13866283691634,-44.13866283691634,0
cobyla,pretrained,815,686.0,-44.13866283691634,-44.13866283691634,0
cobyla,pretrained,816,687.0,-44.13866283691634,-44.13866283691634,0
cobyla,pretrained,817,688.0,-44.13866283691634,-44.13866283691634,0
cobyla,pretrained,818,689.0,-44.13866283691634,-44.13866283691634,0
cobyla,pretrained,819,690.0,-44.13866283691634,-44.13866283691634,0
cobyla,pretrained,820,691.0,-44.14193850353911,-44.14193850353911,0
cobyla,pretrained,821,692.0,-44.14193850353911,-44.14193850353911,0
cobyla,pretrained,822,693.0,-44.17791912648637,-44.17791912648637,0
cobyla,pretrained,823,694.0,-44.17791912648637,-44.17791912648637,0
cobyla,pretrained,824,695.0,-44.17791912648637,-44.17791912648637,0
cobyla,pretrained,825,696.0,-44.17791912648637,-44.17791912648637,0
cobyla,pretrained,826,697.0,-44.17791912648637,-44.17791912648637,0
cobyla,pretrained,827,698.0,-44.17791912648637,-44.17791912648637,0
cobyla,pretrained,828,699.0,-44.17791912648637,-44.17791912648637,0
cobyla,pretrained,829,700.0,-44.17791912648637,-44.17791912648637,0
cobyla,pretrained,830,701.0,-44.17791912648637,-44.17791912648637,0
cobyla,pretrained,831,702.0,-44.17791912648637,-44.17791912648637,0
cobyla,pretrained,832,703.0,-44.17791912648637,-44.17791912648637,0
cobyla,pretrained,833,704.0,-44.17791912648637,-44.17791912648637,0
cobyla,pretrained,834,705.0,-44.17791912648637,-44.17791912648637,0
cobyla,pretrained,835,706.0,-44.17791912648637,-44.17791912648637,0
cobyla,pretrained,836,707.0,-44.17791912648637,-44.17791912648637,0
cobyla,pretrained,837,708.0,-44.17791912648637,-44.17791912648637,0
cobyla,pretrained,838,709.0,-44.17791912648637,-44.17791912648637,0
cobyla,pretrained,839,710.0,-44.17791912648637,-44.17791912648637,0
cobyla,pretrained,840,711.0,-44.17791912648637,-44.17791912648637,0
cobyla,pretrained,841,712.0,-44.17791912648637,-44.17791912648637,0
cobyla,pretrained,842,713.0,-44.17791912648637,-44.17791912648637,0
cobyla,pretrained,843,714.0,-44.17791912648637,-44.17791912648637,0
cobyla,pretrained,844,715.0,-44.17791912648637,-44.17791912648637,0
cobyla,pretrained,845,716.0,-44.17791912648637,-44.17791912648637,0
cobyla,pretrained,846,717.0,-44.19749909902434,-44.19749909902434,0
cobyla,pretrained,847,718.0,-44.19749909902434,-44.19749909902434,0
cobyla,pretrained,848,719.0,-44.19749909902434,-44.19749909902434,0
cobyla,pretrained,849,720.0,-44.19749909902434,-44.19749909902434,0
cobyla,pretrained,850,721.0,-44.19749909902434,-44.19749909902434,0
cobyla,pretrained,851,722.0,-44.19749909902434,-44.19749909902434,0
cobyla,pretrained,852,723.0,-44.19749909902434,-44.19749909902434,0
cobyla,pretrained,853,724.0,-44.19749909902434,-44.19749909902434,0
cobyla,pretrained,854,725.0,-44.19749909902434,-44.19749909902434,0
cobyla,pretrained,855,726.0,-44.19749909902434,-44.19749909902434,0
cobyla,pretrained,856,727.0,-44.19749909902434,-44.19749909902434,0
cobyla,pretrained,857,728.0,-44.19749909902434,-44.19749909902434,0
cobyla,pretrained,858,729.0,-44.25210151088643,-44.25210151088643,0
cobyla,pretrained,859,730.0,-44.25210151088643,-44.25210151088643,0
cobyla,pretrained,860,731.0,-44.25210151088643,-44.25210151088643,0
cobyla,pretrained,861,732.0,-44.25210151088643,-44.25210151088643,0
cobyla,pretrained,862,733.0,-44.25210151088643,-44.25210151088643,0
cobyla,pretrained,863,734.0,-44.25210151088643,-44.25210151088643,0
cobyla,pretrained,864,735.0,-44.25210151088643,-44.25210151088643,0
cobyla,pretrained,865,736.0,-44.25210151088643,-44.25210151088643,0
cobyla,pretrained,866,737.0,-44.25210151088643,-44.25210151088643,0
cobyla,pretrained,867,738.0,-44.25210151088643,-44.25210151088643,0
cobyla,pretrained,868,739.0,-44.25210151088643,-44.25210151088643,0
cobyla,pretrained,869,740.0,-44.25210151088643,-44.25210151088643,0
cobyla,pretrained,870,741.0,-44.25210151088643,-44.25210151088643,0
cobyla,pretrained,871,742.0,-44.25210151088643,-44.25210151088643,0
cobyla,pretrained,872,743.0,-44.25210151088643,-44.25210151088643,0
cobyla,pretrained,873,744.0,-44.25210151088643,-44.25210151088643,0
cobyla,pretrained,874,745.0,-44.29265607150991,-44.29265607150991,0
cobyla,pretrained,875,746.0,-44.29265607150991,-44.29265607150991,0
cobyla,pretrained,876,747.0,-44.29265607150991,-44.29265607150991,0
cobyla,pretrained,877,748.0,-44.29265607150991,-44.29265607150991,0
cobyla,pretrained,878,749.0,-44.29265607150991,-44.29265607150991,0
cobyla,pretrained,879,750.0,-44.29265607150991,-44.29265607150991,0
cobyla,pretrained,880,751.0,-44.29265607150991,-44.29265607150991,0
cobyla,pretrained,881,752.0,-44.29265607150991,-44.29265607150991,0
cobyla,pretrained,882,753.0,-44.29265607150991,-44.29265607150991,0
cobyla,pretrained,883,754.0,-44.29265607150991,-44.29265607150991,0
cobyla,pretrained,884,755.0,-44.29265607150991,-44.29265607150991,0
cobyla,pretrained,885,756.0,-44.29265607150991,-44.29265607150991,0
cobyla,pretrained,886,757.0,-44.29265607150991,-44.29265607150991,0
cobyla,pretrained,887,758.0,-44.29265607150991,-44.29265607150991,0
cobyla,pretrained,888,759.0,-44.29265607150991,-44.29265607150991,0
cobyla,pretrained,889,760.0,-44.29265607150991,-44.29265607150991,0
cobyla,pretrained,890,761.0,-44.29265607150991,-44.29265607150991,0
cobyla,pretrained,891,762.0,-44.29265607150991,-44.29265607150991,0
cobyla,pretrained,892,763.0,-44.29265607150991,-44.29265607150991,0
cobyla,pretrained,893,764.0,-44.29265607150991,-44.29265607150991,0
cobyla,pretrained,894,765.0,-44.29265607150991,-44.29265607150991,0
cobyla,pretrained,895,766.0,-44.29265607150991,-44.29265607150991,0
cobyla,pretrained,896,767.0,-44.29265607150991,-44.29265607150991,0
cobyla,pretrained,897,768.0,-44.29265607150991,-44.29265607150991,0
cobyla,pretrained,898,769.0,-44.29265607150991,-44.29265607150991,0
cobyla,pretrained,899,770.0,-44.29265607150991,-44.29265607150991,0
cobyla,pretrained,900,771.0,-44.29265607150991,-44.29265607150991,0
cobyla,pretrained,901,772.0,-44.29265607150991,-44.29265607150991,0
cobyla,pretrained,902,773.0,-44.29265607150991,-44.29265607150991,0
cobyla,pretrained,903,774.0,-44.29265607150991,-44.29265607150991,0
cobyla,pretrained,904,775.0,-44.29265607150991,-44.29265607150991,0
cobyla,pretrained,905,776.0,-44.29265607150991,-44.29265607150991,0
cobyla,pretrained,906,777.0,-44.29498481649659,-44.29498481649659,0
cobyla,pretrained,907,778.0,-44.29498481649659,-44.29498481649659,0
cobyla,pretrained,908,779.0,-44.3130845586679,-44.3130845586679,0
cobyla,pretrained,909,780.0,-44.3130845586679,-44.3130845586679,0
cobyla,pretrained,910,781.0,-44.3130845586679,-44.3130845586679,0
cobyla,pretrained,911,782.0,-44.3130845586679,-44.3130845586679,0
cobyla,pretrained,912,783.0,-44.3130845586679,-44.3130845586679,0
cobyla,pretrained,913,784.0,-44.3130845586679,-44.3130845586679,0
cobyla,pretrained,914,785.0,-44.34263954460157,-44.34263954460157,0
cobyla,pretrained,915,786.0,-44.34263954460157,-44.34263954460157,0
cobyla,pretrained,916,787.0,-44.34263954460157,-44.34263954460157,0
cobyla,pretrained,917,788.0,-44.34263954460157,-44.34263954460157,0
cobyla,pretrained,918,789.0,-44.34263954460157,-44.34263954460157,0
cobyla,pretrained,919,790.0,-44.34263954460157,-44.34263954460157,0
cobyla,pretrained,920,791.0,-44.34263954460157,-44.34263954460157,0
cobyla,pretrained,921,792.0,-44.34263954460157,-44.34263954460157,0
cobyla,pretrained,922,793.0,-44.34263954460157,-44.34263954460157,0
cobyla,pretrained,923,794.0,-44.34263954460157,-44.34263954460157,0
cobyla,pretrained,924,795.0,-44.34442013437025,-44.34442013437025,0
cobyla,pretrained,925,796.0,-44.34442013437025,-44.34442013437025,0
cobyla,pretrained,926,797.0,-44.346907225088344,-44.346907225088344,0
cobyla,pretrained,927,798.0,-44.346907225088344,-44.346907225088344,0
cobyla,pretrained,928,799.0,-44.346907225088344,-44.346907225088344,0
cobyla,pretrained,929,800.0,-44.346907225088344,-44.346907225088344,0
cobyla,pretrained,930,801.0,-44.346907225088344,-44.346907225088344,0
cobyla,pretrained,931,802.0,-44.346907225088344,-44.346907225088344,0
cobyla,pretrained,932,803.0,-44.346907225088344,-44.346907225088344,0
cobyla,pretrained,933,804.0,-44.35053244319264,-44.35053244319264,0
cobyla,pretrained,934,805.0,-44.35053244319264,-44.35053244319264,0
cobyla,pretrained,935,806.0,-44.35053244319264,-44.35053244319264,0
cobyla,pretrained,936,807.0,-44.35053244319264,-44.35053244319264,0
cobyla,pretrained,937,808.0,-44.35053244319264,-44.35053244319264,0
cobyla,pretrained,938,809.0,-44.36053794067973,-44.36053794067973,0
cobyla,pretrained,939,810.0,-44.36053794067973,-44.36053794067973,0
cobyla,pretrained,940,811.0,-44.36053794067973,-44.36053794067973,0
cobyla,pretrained,941,812.0,-44.36053794067973,-44.36053794067973,0
cobyla,pretrained,942,813.0,-44.36053794067973,-44.36053794067973,0
cobyla,pretrained,943,814.0,-44.36053794067973,-44.36053794067973,0
cobyla,pretrained,944,815.0,-44.36273326838437,-44.36273326838437,0
cobyla,pretrained,945,816.0,-44.36273326838437,-44.36273326838437,0
cobyla,pretrained,946,817.0,-44.36273326838437,-44.36273326838437,0
cobyla,pretrained,947,818.0,-44.36273326838437,-44.36273326838437,0
cobyla,pretrained,948,819.0,-44.36273326838437,-44.36273326838437,0
cobyla,pretrained,949,820.0,-44.36273326838437,-44.36273326838437,0
cobyla,pretrained,950,821.0,-44.36273326838437,-44.36273326838437,0
cobyla,pretrained,951,822.0,-44.36273326838437,-44.36273326838437,0
cobyla,pretrained,952,823.0,-44.36273326838437,-44.36273326838437,0
cobyla,pretrained,953,824.0,-44.36273326838437,-44.36273326838437,0
cobyla,pretrained,954,825.0,-44.36273326838437,-44.36273326838437,0
cobyla,pretrained,955,826.0,-44.36273326838437,-44.36273326838437,0
cobyla,pretrained,956,827.0,-44.36273326838437,-44.36273326838437,0
cobyla,pretrained,957,828.0,-44.36273326838437,-44.36273326838437,0
cobyla,pretrained,958,829.0,-44.36475317513672,-44.36475317513672,0
cobyla,pretrained,959,830.0,-44.36475317513672,-44.36475317513672,0
cobyla,pretrained,960,831.0,-44.36475317513672,-44.36475317513672,0
cobyla,pretrained,961,832.0,-44.36475317513672,-44.36475317513672,0
cobyla,pretrained,962,833.0,-44.36625534900604,-44.36625534900604,0
cobyla,pretrained,963,834.0,-44.36625534900604,-44.36625534900604,0
cobyla,pretrained,964,835.0,-44.3702402866863,-44.3702402866863,0
cobyla,pretrained,965,836.0,-44.3702402866863,-44.3702402866863,0
cobyla,pretrained,966,837.0,-44.3702402866863,-44.3702402866863,0
cobyla,pretrained,967,838.0,-44.3702402866863,-44.3702402866863,0
cobyla,pretrained,968,839.0,-44.3702402866863,-44.3702402866863,0
cobyla,pretrained,969,840.0,-44.3702402866863,-44.3702402866863,0
cobyla,pretrained,970,841.0,-44.393056603723956,-44.393056603723956,0
cobyla,pretrained,971,842.0,-44.393056603723956,-44.393056603723956,0
cobyla,pretrained,972,843.0,-44.393056603723956,-44.393056603723956,0
cobyla,pretrained,973,844.0,-44.393056603723956,-44.393056603723956,0
cobyla,pretrained,974,845.0,-44.393056603723956,-44.393056603723956,0
cobyla,pretrained,975,846.0,-44.393056603723956,-44.393056603723956,0
cobyla,pretrained,976,847.0,-44.393056603723956,-44.393056603723956,0
cobyla,pretrained,977,848.0,-44.393056603723956,-44.393056603723956,0
cobyla,pretrained,978,849.0,-44.398465247422365,-44.398465247422365,0
cobyla,pretrained,979,850.0,-44.398465247422365,-44.398465247422365,0
cobyla,pretrained,980,851.0,-44.398465247422365,-44.398465247422365,0
cobyla,pretrained,981,852.0,-44.398465247422365,-44.398465247422365,0
cobyla,pretrained,982,853.0,-44.441120306693186,-44.441120306693186,0
cobyla,pretrained,983,854.0,-44.441120306693186,-44.441120306693186,0
cobyla,pretrained,984,855.0,-44.441120306693186,-44.441120306693186,0
cobyla,pretrained,985,856.0,-44.441120306693186,-44.441120306693186,0
cobyla,pretrained,986,857.0,-44.441120306693186,-44.441120306693186,0
cobyla,pretrained,987,858.0,-44.441120306693186,-44.441120306693186,0
cobyla,pretrained,988,859.0,-44.441120306693186,-44.441120306693186,0
cobyla,pretrained,989,860.0,-44.441120306693186,-44.441120306693186,0
cobyla,pretrained,990,861.0,-44.441120306693186,-44.441120306693186,0
cobyla,pretrained,991,862.0,-44.441120306693186,-44.441120306693186,0
cobyla,pretrained,992,863.0,-44.441120306693186,-44.441120306693186,0
cobyla,pretrained,993,864.0,-44.441120306693186,-44.441120306693186,0
cobyla,pretrained,994,865.0,-44.441120306693186,-44.441120306693186,0
cobyla,pretrained,995,866.0,-44.441120306693186,-44.441120306693186,0
cobyla,pretrained,996,867.0,-44.441120306693186,-44.441120306693186,0
cobyla,pretrained,997,868.0,-44.441120306693186,-44.441120306693186,0
cobyla,pretrained,998,869.0,-44.441120306693186,-44.441120306693186,0
cobyla,pretrained,999,870.0,-44.441120306693186,-44.441120306693186,0
