optimizer,method,iteration,evals,energy,energy_global,is_stage_boundary
spsa,standard,0,2.0,2.835268723003444,2.835268723003444,0
spsa,standard,1,4.0,2.7850157699321043,2.7850157699321043,0
spsa,standard,2,6.0,2.6325163961485947,2.6325163961485947,0
spsa,standard,3,8.0,2.6323432293315685,2.6323432293315685,0
spsa,standard,4,10.0,2.6716451324750103,2.6716451324750103,0
spsa,standard,5,12.0,2.716887783754408,2.716887783754408,0
spsa,standard,6,14.0,2.6362919600426804,2.6362919600426804,0
spsa,standard,7,16.0,2.644177929070789,2.644177929070789,0
spsa,standard,8,18.0,2.6535166507217856,2.6535166507217856,0
spsa,standard,9,20.0,2.6416439932030866,2.6416439932030866,0
spsa,standard,10,22.0,2.6414440290988086,2.6414440290988086,0
spsa,standard,11,24.0,2.5915156275924773,2.5915156275924773,0
spsa,standard,12,26.0,2.520400916842747,2.520400916842747,0
spsa,standard,13,28.0,2.5394813706092787,2.5394813706092787,0
spsa,standard,14,30.0,2.49153276203222,2.49153276203222,0
spsa,standard,15,32.0,2.4686818543868387,2.4686818543868387,0
spsa,standard,16,34.0,2.45199832184358,2.45199832184358,0
spsa,standard,17,36.0,2.425584883521079,2.425584883521079,0
spsa,standard,18,38.0,2.451288705540583,2.451288705540583,0
spsa,standard,19,40.0,2.4209358424749086,2.4209358424749086,0
spsa,standard,20,42.0,2.3616525300678033,2.3616525300678033,0
spsa,standard,21,44.0,2.333814600859582,2.333814600859582,0
spsa,standard,22,46.0,2.315031499258212,2.315031499258212,0
spsa,standard,23,48.0,2.323276713056207,2.323276713056207,0
spsa,standard,24,50.0,2.334080827493846,2.334080827493846,0
spsa,standard,25,52.0,2.2150654093028197,2.2150654093028197,0
spsa,standard,26,54.0,2.232131310663626,2.232131310663626,0
spsa,standard,27,56.0,2.2176221487603343,2.2176221487603343,0
spsa,standard,28,58.0,2.249447218425787,2.249447218425787,0
spsa,standard,29,60.0,2.2617258423609288,2.2617258423609288,0
spsa,standard,30,62.0,2.1110864537064304,2.1110864537064304,0
spsa,standard,31,64.0,2.1051729574835223,2.1051729574835223,0
spsa,standard,32,66.0,2.1085977741969657,2.1085977741969657,0
spsa,standard,33,68.0,2.1055720145720676,2.1055720145720676,0
spsa,standard,34,70.0,2.0970527573602866,2.0970527573602866,0
spsa,standard,35,72.0,2.09177029007457,2.09177029007457,0
spsa,standard,36,74.0,2.0945802530417073,2.0945802530417073,0
spsa,standard,37,76.0,2.088139166999467,2.088139166999467,0
spsa,standard,38,78.0,2.100507890603015,2.100507890603015,0
spsa,standard,39,80.0,2.0528783910621966,2.0528783910621966,0
spsa,standard,40,82.0,2.0512300756910253,2.0512300756910253,0
spsa,standard,41,84.0,2.036637825048857,2.036637825048857,0
spsa,standard,42,86.0,2.0225138918870407,2.0225138918870407,0
spsa,standard,43,88.0,1.9859706400828356,1.9859706400828356,0
spsa,standard,44,90.0,1.986917911516475,1.986917911516475,0
spsa,standard,45,92.0,1.9353992070492223,1.9353992070492223,0
spsa,standard,46,94.0,1.9282039595861769,1.9282039595861769,0
spsa,standard,47,96.0,1.9297460656561596,1.9297460656561596,0
spsa,standard,48,98.0,1.9352672169101843,1.9352672169101843,0
spsa,standard,49,100.0,1.9210983066144767,1.9210983066144767,0
spsa,standard,50,102.0,1.9194466293789145,1.9194466293789145,0
spsa,standard,51,104.0,1.9115012507851445,1.9115012507851445,0
spsa,standard,52,106.0,1.892631811270316,1.892631811270316,0
spsa,standard,53,108.0,1.8529008215569673,1.8529008215569673,0
spsa,standard,54,110.0,1.8549023343719835,1.8549023343719835,0
spsa,standard,55,112.0,1.8623313116235258,1.8623313116235258,0
spsa,standard,56,114.0,1.8443805472561303,1.8443805472561303,0
spsa,standard,57,116.0,1.8314130108708246,1.8314130108708246,0
spsa,standard,58,118.0,1.8112491111752713,1.8112491111752713,0
spsa,standard,59,120.0,1.8070440319917473,1.8070440319917473,0
spsa,standard,60,122.0,1.7413840076187397,1.7413840076187397,0
spsa,standard,61,124.0,1.7455513748749656,1.7455513748749656,0
spsa,standard,62,126.0,1.7369994569356193,1.7369994569356193,0
spsa,standard,63,128.0,1.6989818620247665,1.6989818620247665,0
spsa,standard,64,130.0,1.7169618195797465,1.7169618195797465,0
spsa,standard,65,132.0,1.7101262360173664,1.7101262360173664,0
spsa,standard,66,134.0,1.6969219731433496,1.6969219731433496,0
spsa,standard,67,136.0,1.6862406579887197,1.6862406579887197,0
spsa,standard,68,138.0,1.6895624932241247,1.6895624932241247,0
spsa,standard,69,140.0,1.6641594454647626,1.6641594454647626,0
spsa,standard,70,142.0,1.6633142924081468,1.6633142924081468,0
spsa,standard,71,144.0,1.5994271017715098,1.5994271017715098,0
spsa,standard,72,146.0,1.5854137226133704,1.5854137226133704,0
spsa,standard,73,148.0,1.5614812095101596,1.5614812095101596,0
spsa,standard,74,150.0,1.5353081217515578,1.5353081217515578,0
spsa,standard,75,152.0,1.5421353773315785,1.5421353773315785,0
spsa,standard,76,154.0,1.527078797771125,1.527078797771125,0
spsa,standard,77,156.0,1.533785531626164,1.533785531626164,0
spsa,standard,78,158.0,1.5288885086735302,1.5288885086735302,0
spsa,standard,79,160.0,1.5007726466356668,1.5007726466356668,0
spsa,standard,80,162.0,1.4733581750872207,1.4733581750872207,0
spsa,standard,81,164.0,1.385462043594325,1.385462043594325,0
spsa,standard,82,166.0,1.3815782504073955,1.3815782504073955,0
spsa,standard,83,168.0,1.3762262496267317,1.3762262496267317,0
spsa,standard,84,170.0,1.3484800605624168,1.3484800605624168,0
spsa,standard,85,172.0,1.3468941272214572,1.3468941272214572,0
spsa,standard,86,174.0,1.3554954322510264,1.3554954322510264,0
spsa,standard,87,176.0,1.3440923388765245,1.3440923388765245,0
spsa,standard,88,178.0,1.328016397967219,1.328016397967219,0
spsa,standard,89,180.0,1.320120580078233,1.320120580078233,0
spsa,standard,90,182.0,1.2225434790075953,1.2225434790075953,0
spsa,standard,91,184.0,1.210752012583841,1.210752012583841,0
spsa,standard,92,186.0,1.1985911518254335,1.1985911518254335,0
spsa,standard,93,188.0,1.2153273272131706,1.2153273272131706,0
spsa,standard,94,190.0,1.2146194744324659,1.2146194744324659,0
spsa,standard,95,192.0,1.1957193346198882,1.1957193346198882,0
spsa,standard,96,194.0,1.1931869411169145,1.1931869411169145,0
spsa,standard,97,196.0,1.2123821343574024,1.2123821343574024,0
spsa,standard,98,198.0,1.2159412706365875,1.2159412706365875,0
spsa,standard,99,200.0,1.1900378243002385,1.1900378243002385,0
spsa,standard,100,202.0,1.1962317921694194,1.1962317921694194,0
spsa,standard,101,204.0,1.219566739359233,1.219566739359233,0
spsa,standard,102,206.0,1.1834450735568067,1.1834450735568067,0
spsa,standard,103,208.0,1.168987315092323,1.168987315092323,0
spsa,standard,104,210.0,1.1676046996164198,1.1676046996164198,0
spsa,standard,105,212.0,1.1362667752491125,1.1362667752491125,0
spsa,standard,106,214.0,1.1361295352006766,1.1361295352006766,0
spsa,standard,107,216.0,1.1239068370891705,1.1239068370891705,0
spsa,standard,108,218.0,1.119006039545817,1.119006039545817,0
spsa,standard,109,220.0,1.1093664959288851,1.1093664959288851,0
spsa,standard,110,222.0,1.1246532605966122,1.1246532605966122,0
spsa,standard,111,224.0,1.1137019571483113,1.1137019571483113,0
spsa,standard,112,226.0,1.0810056389351155,1.0810056389351155,0
spsa,standard,113,228.0,1.002080649385352,1.002080649385352,0
spsa,standard,114,230.0,1.0020549198077813,1.0020549198077813,0
spsa,standard,115,232.0,0.9973429645289088,0.9973429645289088,0
spsa,standard,116,234.0,0.9863615585056431,0.9863615585056431,0
spsa,standard,117,236.0,0.9859420338592308,0.9859420338592308,0
spsa,standard,118,238.0,0.9820857173386637,0.9820857173386637,0
spsa,standard,119,240.0,0.9949300606418392,0.9949300606418392,0
spsa,standard,120,242.0,0.9795300432828284,0.9795300432828284,0
spsa,standard,121,244.0,0.959710385234211,0.959710385234211,0
spsa,standard,122,246.0,0.9642765514700011,0.9642765514700011,0
spsa,standard,123,248.0,0.8427600093614338,0.8427600093614338,0
spsa,standard,124,250.0,0.8059366490338749,0.8059366490338749,0
spsa,standard,125,252.0,0.7825836735099785,0.7825836735099785,0
spsa,standard,126,254.0,0.787289669486598,0.787289669486598,0
spsa,standard,127,256.0,0.7564431605041059,0.7564431605041059,0
spsa,standard,128,258.0,0.764273367991563,0.764273367991563,0
spsa,standard,129,260.0,0.7670613269813829,0.7670613269813829,0
spsa,standard,130,262.0,0.8003397393256495,0.8003397393256495,0
spsa,standard,131,264.0,0.7857194908861741,0.7857194908861741,0
spsa,standard,132,266.0,0.7849652297925498,0.7849652297925498,0
spsa,standard,133,268.0,0.7819459954300176,0.7819459954300176,0
spsa,standard,134,270.0,0.739684542404123,0.739684542404123,0
spsa,standard,135,272.0,0.7417232137584435,0.7417232137584435,0
spsa,standard,136,274.0,0.7037044378721727,0.7037044378721727,0
spsa,standard,137,276.0,0.6528328080108008,0.6528328080108008,0
spsa,standard,138,278.0,0.6718545075666469,0.6718545075666469,0
spsa,standard,139,280.0,0.6398231126826983,0.6398231126826983,0
spsa,standard,140,282.0,0.6722437744290038,0.6722437744290038,0
spsa,standard,141,284.0,0.6392799886152686,0.6392799886152686,0
spsa,standard,142,286.0,0.6409554585184205,0.6409554585184205,0
spsa,standard,143,288.0,0.6521562452364604,0.6521562452364604,0
spsa,standard,144,290.0,0.628056829134984,0.628056829134984,0
spsa,standard,145,292.0,0.6401650277131621,0.6401650277131621,0
spsa,standard,146,294.0,0.6448898474888585,0.6448898474888585,0
spsa,standard,147,296.0,0.6322561326976106,0.6322561326976106,0
spsa,standard,148,298.0,0.6209611131030712,0.6209611131030712,0
spsa,standard,149,300.0,0.5746459486048072,0.5746459486048072,0
spsa,standard,150,302.0,0.555381586132021,0.555381586132021,0
spsa,standard,151,304.0,0.5881221369146281,0.5881221369146281,0
spsa,standard,152,306.0,0.6194865032510491,0.6194865032510491,0
spsa,standard,153,308.0,0.6424002276765972,0.6424002276765972,0
spsa,standard,154,310.0,0.6252651477793947,0.6252651477793947,0
spsa,standard,155,312.0,0.6538316818935059,0.6538316818935059,0
spsa,standard,156,314.0,0.6250391446858277,0.6250391446858277,0
spsa,standard,157,316.0,0.602554018512724,0.602554018512724,0
spsa,standard,158,318.0,0.5987650618241016,0.5987650618241016,0
spsa,standard,159,320.0,0.5474276203169649,0.5474276203169649,0
spsa,standard,160,322.0,0.5633770634967676,0.5633770634967676,0
spsa,standard,161,324.0,0.5489287610832736,0.5489287610832736,0
spsa,standard,162,326.0,0.5518394143829976,0.5518394143829976,0
spsa,standard,163,328.0,0.539160245696343,0.539160245696343,0
spsa,standard,164,330.0,0.5351625772911166,0.5351625772911166,0
spsa,standard,165,332.0,0.5366725086788153,0.5366725086788153,0
spsa,standard,166,334.0,0.5572443833687685,0.5572443833687685,0
spsa,standard,167,336.0,0.5521057413670378,0.5521057413670378,0
spsa,standard,168,338.0,0.5198647762212255,0.5198647762212255,0
spsa,standard,169,340.0,0.5350907724265203,0.5350907724265203,0
spsa,standard,170,342.0,0.52912283130606,0.52912283130606,0
spsa,standard,171,344.0,0.5169902517478918,0.5169902517478918,0
spsa,standard,172,346.0,0.5061249430840653,0.5061249430840653,0
spsa,standard,173,348.0,0.4756890871093244,0.4756890871093244,0
spsa,standard,174,350.0,0.4451805759002429,0.4451805759002429,0
spsa,standard,175,352.0,0.48833627703761173,0.48833627703761173,0
spsa,standard,176,354.0,0.490081985287418,0.490081985287418,0
spsa,standard,177,356.0,0.4895119067530017,0.4895119067530017,0
spsa,standard,178,358.0,0.46782720701255986,0.46782720701255986,0
spsa,standard,179,360.0,0.4466977962590851,0.4466977962590851,0
spsa,standard,180,362.0,0.4343645607525891,0.4343645607525891,0
spsa,standard,181,364.0,0.3942458682264742,0.3942458682264742,0
spsa,standard,182,366.0,0.3594484083787798,0.3594484083787798,0
spsa,standard,183,368.0,0.3675882498641082,0.3675882498641082,0
spsa,standard,184,370.0,0.35201744595223927,0.35201744595223927,0
spsa,standard,185,372.0,0.32438313756114195,0.32438313756114195,0
spsa,standard,186,374.0,0.34077513963105655,0.34077513963105655,0
spsa,standard,187,376.0,0.35912693155490727,0.35912693155490727,0
spsa,standard,188,378.0,0.3412142404633691,0.3412142404633691,0
spsa,standard,189,380.0,0.34434580869657,0.34434580869657,0
spsa,standard,190,382.0,0.33593680174892987,0.33593680174892987,0
spsa,standard,191,384.0,0.3139115383608275,0.3139115383608275,0
spsa,standard,192,386.0,0.31694670684677706,0.31694670684677706,0
spsa,standard,193,388.0,0.31521974586690915,0.31521974586690915,0
spsa,standard,194,390.0,0.29528730712636414,0.29528730712636414,0
spsa,standard,195,392.0,0.2526575054531488,0.2526575054531488,0
spsa,standard,196,394.0,0.24139291315619316,0.24139291315619316,0
spsa,standard,197,396.0,0.24393424814798226,0.24393424814798226,0
spsa,standard,198,398.0,0.23758917085615958,0.23758917085615958,0
spsa,standard,199,400.0,0.22626207466848172,0.22626207466848172,0
spsa,standard,200,402.0,0.22256370897691272,0.22256370897691272,0
spsa,standard,201,404.0,0.2081511522006118,0.2081511522006118,0
spsa,standard,202,406.0,0.19658711250218885,0.19658711250218885,0
spsa,standard,203,408.0,0.20134542666877026,0.20134542666877026,0
spsa,standard,204,410.0,0.19383569437541615,0.19383569437541615,0
spsa,standard,205,412.0,0.21158839556687836,0.21158839556687836,0
spsa,standard,206,414.0,0.20150140101784,0.20150140101784,0
spsa,standard,207,416.0,0.17477546209260475,0.17477546209260475,0
spsa,standard,208,418.0,0.1646443165793634,0.1646443165793634,0
spsa,standard,209,420.0,0.1526380738852244,0.1526380738852244,0
spsa,standard,210,422.0,0.12107203049101062,0.12107203049101062,0
spsa,standard,211,424.0,0.13976365071682134,0.13976365071682134,0
spsa,standard,212,426.0,0.10536186277664077,0.10536186277664077,0
spsa,standard,213,428.0,0.12367212422534982,0.12367212422534982,0
spsa,standard,214,430.0,0.09556105057849947,0.09556105057849947,0
spsa,standard,215,432.0,0.10407467286781828,0.10407467286781828,0
spsa,standard,216,434.0,0.07298109923830984,0.07298109923830984,0
spsa,standard,217,436.0,0.06490714483504781,0.06490714483504781,0
spsa,standard,218,438.0,0.053240498485904106,0.053240498485904106,0
spsa,standard,219,440.0,-0.018671092869269337,-0.018671092869269337,0
spsa,standard,220,442.0,-0.03202325559486667,-0.03202325559486667,0
spsa,standard,221,444.0,-0.03963982746359279,-0.03963982746359279,0
spsa,standard,222,446.0,-0.025755114046901728,-0.025755114046901728,0
spsa,standard,223,448.0,-0.040327267810973975,-0.040327267810973975,0
spsa,standard,224,450.0,-0.06906086304071578,-0.06906086304071578,0
spsa,standard,225,452.0,-0.07307255117662223,-0.07307255117662223,0
spsa,standard,226,454.0,-0.0771334417439999,-0.0771334417439999,0
spsa,standard,227,456.0,-0.09599273115162922,-0.09599273115162922,0
spsa,standard,228,458.0,-0.059248781729153294,-0.059248781729153294,0
spsa,standard,229,460.0,-0.08324818554470986,-0.08324818554470986,0
spsa,standard,230,462.0,-0.10353970409511326,-0.10353970409511326,0
spsa,standard,231,464.0,-0.15881691884958904,-0.15881691884958904,0
spsa,standard,232,466.0,-0.181485431027247,-0.181485431027247,0
spsa,standard,233,468.0,-0.17306488031646639,-0.17306488031646639,0
spsa,standard,234,470.0,-0.21143985379503985,-0.21143985379503985,0
spsa,standard,235,472.0,-0.228226744750185,-0.228226744750185,0
spsa,standard,236,474.0,-0.22626706141172553,-0.22626706141172553,0
spsa,standard,237,476.0,-0.22088968458210112,-0.22088968458210112,0
spsa,standard,238,478.0,-0.2290872244332151,-0.2290872244332151,0
spsa,standard,239,480.0,-0.20635666716918294,-0.20635666716918294,0
spsa,standard,240,482.0,-0.22666846957069103,-0.22666846957069103,0
spsa,standard,241,484.0,-0.2176974602303806,-0.2176974602303806,0
spsa,standard,242,486.0,-0.2188431291812089,-0.2188431291812089,0
spsa,standard,243,488.0,-0.23825255228029885,-0.23825255228029885,0
spsa,standard,244,490.0,-0.2459820316956564,-0.2459820316956564,0
spsa,standard,245,492.0,-0.25939154636727496,-0.25939154636727496,0
spsa,standard,246,494.0,-0.3038888447760309,-0.3038888447760309,0
spsa,standard,247,496.0,-0.3266452149932607,-0.3266452149932607,0
spsa,standard,248,498.0,-0.3186024211817843,-0.3186024211817843,0
spsa,standard,249,500.0,-0.31412748415741426,-0.31412748415741426,0
spsa,standard,250,502.0,-0.3242458489808193,-0.3242458489808193,0
spsa,standard,251,504.0,-0.3616770480766492,-0.3616770480766492,0
spsa,standard,252,506.0,-0.40584848423203934,-0.40584848423203934,0
spsa,standard,253,508.0,-0.3884039416595147,-0.3884039416595147,0
spsa,standard,254,510.0,-0.39957544534728473,-0.39957544534728473,0
spsa,standard,255,512.0,-0.41737303254880553,-0.41737303254880553,0
spsa,standard,256,514.0,-0.4004260159444646,-0.4004260159444646,0
spsa,standard,257,516.0,-0.40569628804334046,-0.40569628804334046,0
spsa,standard,258,518.0,-0.4283348449495942,-0.4283348449495942,0
spsa,standard,259,520.0,-0.4222537033195235,-0.4222537033195235,0
spsa,standard,260,522.0,-0.4052501968120671,-0.4052501968120671,0
spsa,standard,261,524.0,-0.42547202665402006,-0.42547202665402006,0
spsa,standard,262,526.0,-0.43452378768385297,-0.43452378768385297,0
spsa,standard,263,528.0,-0.41312519689801386,-0.41312519689801386,0
spsa,standard,264,530.0,-0.4304603811643454,-0.4304603811643454,0
spsa,standard,265,532.0,-0.4263992884912444,-0.4263992884912444,0
spsa,standard,266,534.0,-0.4445287505633271,-0.4445287505633271,0
spsa,standard,267,536.0,-0.44629626145125323,-0.44629626145125323,0
spsa,standard,268,538.0,-0.45351809532848386,-0.45351809532848386,0
spsa,standard,269,540.0,-0.4519330141494549,-0.4519330141494549,0
spsa,standard,270,542.0,-0.4440969070910703,-0.4440969070910703,0
spsa,standard,271,544.0,-0.4361902251843451,-0.4361902251843451,0
spsa,standard,272,546.0,-0.45276833204840283,-0.45276833204840283,0
spsa,standard,273,548.0,-0.44913115480596055,-0.44913115480596055,0
spsa,standard,274,550.0,-0.4611920546791425,-0.4611920546791425,0
spsa,standard,275,552.0,-0.4574688624896339,-0.4574688624896339,0
spsa,standard,276,554.0,-0.48750535099371867,-0.48750535099371867,0
spsa,standard,277,556.0,-0.47088216119533416,-0.47088216119533416,0
spsa,standard,278,558.0,-0.46901216930924505,-0.46901216930924505,0
spsa,standard,279,560.0,-0.48300566461335137,-0.48300566461335137,0
spsa,standard,280,562.0,-0.4859194539707459,-0.4859194539707459,0
spsa,standard,281,564.0,-0.45114986096137943,-0.45114986096137943,0
spsa,standard,282,566.0,-0.4804655172738912,-0.4804655172738912,0
spsa,standard,283,568.0,-0.467854707497604,-0.467854707497604,0
spsa,standard,284,570.0,-0.4860611741190527,-0.4860611741190527,0
spsa,standard,285,572.0,-0.5198835410975076,-0.5198835410975076,0
spsa,standard,286,574.0,-0.5360390502959522,-0.5360390502959522,0
spsa,standard,287,576.0,-0.5243090446039855,-0.5243090446039855,0
spsa,standard,288,578.0,-0.49885609863424674,-0.49885609863424674,0
spsa,standard,289,580.0,-0.520658093710513,-0.520658093710513,0
spsa,standard,290,582.0,-0.5040723041587245,-0.5040723041587245,0
spsa,standard,291,584.0,-0.5142435350430296,-0.5142435350430296,0
spsa,standard,292,586.0,-0.5103605701256857,-0.5103605701256857,0
spsa,standard,293,588.0,-0.5255269740421663,-0.5255269740421663,0
spsa,standard,294,590.0,-0.5247079647430065,-0.5247079647430065,0
spsa,standard,295,592.0,-0.5073436347904298,-0.5073436347904298,0
spsa,standard,296,594.0,-0.5312591921706857,-0.5312591921706857,0
spsa,standard,297,596.0,-0.533037794666391,-0.533037794666391,0
spsa,standard,298,598.0,-0.55442658092323,-0.55442658092323,0
spsa,standard,299,600.0,-0.5792867191047392,-0.5792867191047392,0
spsa,standard,300,602.0,-0.5651814653501603,-0.5651814653501603,0
spsa,standard,301,604.0,-0.5769585531597838,-0.5769585531597838,0
spsa,standard,302,606.0,-0.5858173191091047,-0.5858173191091047,0
spsa,standard,303,608.0,-0.5813259042206897,-0.5813259042206897,0
spsa,standard,304,610.0,-0.6000405221666636,-0.6000405221666636,0
spsa,standard,305,612.0,-0.6145946102618378,-0.6145946102618378,0
spsa,standard,306,614.0,-0.6242517488466234,-0.6242517488466234,0
spsa,standard,307,616.0,-0.6348437817901793,-0.6348437817901793,0
spsa,standard,308,618.0,-0.6401842024061727,-0.6401842024061727,0
spsa,standard,309,620.0,-0.6342869868147242,-0.6342869868147242,0
spsa,standard,310,622.0,-0.6320942519980144,-0.6320942519980144,0
spsa,standard,311,624.0,-0.6453435638884948,-0.6453435638884948,0
spsa,standard,312,626.0,-0.6298644204360342,-0.6298644204360342,0
spsa,standard,313,628.0,-0.617403507696972,-0.617403507696972,0
spsa,standard,314,630.0,-0.6178549157976811,-0.6178549157976811,0
spsa,standard,315,632.0,-0.6399049046815608,-0.6399049046815608,0
spsa,standard,316,634.0,-0.6445750463015233,-0.6445750463015233,0
spsa,standard,317,636.0,-0.6458415461503677,-0.6458415461503677,0
spsa,standard,318,638.0,-0.634720111133596,-0.634720111133596,0
spsa,standard,319,640.0,-0.6511083928055604,-0.6511083928055604,0
spsa,standard,320,642.0,-0.6116694210190319,-0.6116694210190319,0
spsa,standard,321,644.0,-0.6338013929553851,-0.6338013929553851,0
spsa,standard,322,646.0,-0.6095830611717953,-0.6095830611717953,0
spsa,standard,323,648.0,-0.6359970490394942,-0.6359970490394942,0
spsa,standard,324,650.0,-0.6453140483537503,-0.6453140483537503,0
spsa,standard,325,652.0,-0.6512920832148701,-0.6512920832148701,0
spsa,standard,326,654.0,-0.6299758141183183,-0.6299758141183183,0
spsa,standard,327,656.0,-0.6320398710337851,-0.6320398710337851,0
spsa,standard,328,658.0,-0.6238390871389076,-0.6238390871389076,0
spsa,standard,329,660.0,-0.6459971372328064,-0.6459971372328064,0
spsa,standard,330,662.0,-0.6608579507607516,-0.6608579507607516,0
spsa,standard,331,664.0,-0.6510103342759666,-0.6510103342759666,0
spsa,standard,332,666.0,-0.6459745665267205,-0.6459745665267205,0
spsa,standard,333,668.0,-0.6897290568056963,-0.6897290568056963,0
spsa,standard,334,670.0,-0.6688465156064285,-0.6688465156064285,0
spsa,standard,335,672.0,-0.6775019677932398,-0.6775019677932398,0
spsa,standard,336,674.0,-0.6952866524609855,-0.6952866524609855,0
spsa,standard,337,676.0,-0.7000453446168466,-0.7000453446168466,0
spsa,standard,338,678.0,-0.6688180848133378,-0.6688180848133378,0
spsa,standard,339,680.0,-0.6865055608769952,-0.6865055608769952,0
spsa,standard,340,682.0,-0.6819276088857914,-0.6819276088857914,0
spsa,standard,341,684.0,-0.702348582181141,-0.702348582181141,0
spsa,standard,342,686.0,-0.7384157252162536,-0.7384157252162536,0
spsa,standard,343,688.0,-0.7340924349168925,-0.7340924349168925,0
spsa,standard,344,690.0,-0.7164820847425126,-0.7164820847425126,0
spsa,standard,345,692.0,-0.7459658580150775,-0.7459658580150775,0
spsa,standard,346,694.0,-0.7568489078351952,-0.7568489078351952,0
spsa,standard,347,696.0,-0.7211707265585103,-0.7211707265585103,0
spsa,standard,348,698.0,-0.7180247819548351,-0.7180247819548351,0
spsa,standard,349,700.0,-0.7519014241368531,-0.7519014241368531,0
spsa,standard,350,702.0,-0.7489936653473163,-0.7489936653473163,0
spsa,standard,351,704.0,-0.7417446476115286,-0.7417446476115286,0
spsa,standard,352,706.0,-0.7457383966464712,-0.7457383966464712,0
spsa,standard,353,708.0,-0.7519028422006584,-0.7519028422006584,0
spsa,standard,354,710.0,-0.7214427133789652,-0.7214427133789652,0
spsa,standard,355,712.0,-0.71612531764802,-0.71612531764802,0
spsa,standard,356,714.0,-0.7378416268409456,-0.7378416268409456,0
spsa,standard,357,716.0,-0.74946971845485,-0.74946971845485,0
spsa,standard,358,718.0,-0.7637389114087085,-0.7637389114087085,0
spsa,standard,359,720.0,-0.7429090267194334,-0.7429090267194334,0
spsa,standard,360,722.0,-0.7508666533555249,-0.7508666533555249,0
spsa,standard,361,724.0,-0.7705944355470695,-0.7705944355470695,0
spsa,standard,362,726.0,-0.7662298860498841,-0.7662298860498841,0
spsa,standard,363,728.0,-0.7837946159090563,-0.7837946159090563,0
spsa,standard,364,730.0,-0.7995446450894028,-0.7995446450894028,0
spsa,standard,365,732.0,-0.8108651026027179,-0.8108651026027179,0
spsa,standard,366,734.0,-0.8164621237437792,-0.8164621237437792,0
spsa,standard,367,736.0,-0.8052973292521702,-0.8052973292521702,0
spsa,standard,368,738.0,-0.8030172297084308,-0.8030172297084308,0
spsa,standard,369,740.0,-0.8159501522037167,-0.8159501522037167,0
spsa,standard,370,742.0,-0.8159073618301438,-0.8159073618301438,0
spsa,standard,371,744.0,-0.8043690516215825,-0.8043690516215825,0
spsa,standard,372,746.0,-0.8080973330338743,-0.8080973330338743,0
spsa,standard,373,748.0,-0.8259260342699449,-0.8259260342699449,0
spsa,standard,374,750.0,-0.8030750430384894,-0.8030750430384894,0
spsa,standard,375,752.0,-0.8269965545541917,-0.8269965545541917,0
spsa,standard,376,754.0,-0.811060129819446,-0.811060129819446,0
spsa,standard,377,756.0,-0.79223859554992,-0.79223859554992,0
spsa,standard,378,758.0,-0.8213110189662758,-0.8213110189662758,0
spsa,standard,379,760.0,-0.8303263849647904,-0.8303263849647904,0
spsa,standard,380,762.0,-0.8352535723780681,-0.8352535723780681,0
spsa,standard,381,764.0,-0.8521185305198722,-0.8521185305198722,0
spsa,standard,382,766.0,-0.837763673478857,-0.837763673478857,0
spsa,standard,383,768.0,-0.8547762551032847,-0.8547762551032847,0
spsa,standard,384,770.0,-0.8531875189021401,-0.8531875189021401,0
spsa,standard,385,772.0,-0.8340704592657169,-0.8340704592657169,0
spsa,standard,386,774.0,-0.8280977314031281,-0.8280977314031281,0
spsa,standard,387,776.0,-0.853945361571955,-0.853945361571955,0
spsa,standard,388,778.0,-0.8439070895779461,-0.8439070895779461,0
spsa,standard,389,780.0,-0.8696165117024097,-0.8696165117024097,0
spsa,standard,390,782.0,-0.8858418757750686,-0.8858418757750686,0
spsa,standard,391,784.0,-0.8886282505070177,-0.8886282505070177,0
spsa,standard,392,786.0,-0.8660026087329236,-0.8660026087329236,0
spsa,standard,393,788.0,-0.8789806201491192,-0.8789806201491192,0
spsa,standard,394,790.0,-0.8957130996793121,-0.8957130996793121,0
spsa,standard,395,792.0,-0.8621365586067715,-0.8621365586067715,0
spsa,standard,396,794.0,-0.8890288551838345,-0.8890288551838345,0
spsa,standard,397,796.0,-0.8979668562987436,-0.8979668562987436,0
spsa,standard,398,798.0,-0.8900187970981311,-0.8900187970981311,0
spsa,standard,399,800.0,-0.8872410560718015,-0.8872410560718015,0
spsa,standard,400,802.0,-0.8850043727758001,-0.8850043727758001,0
spsa,standard,401,804.0,-0.8790701225495583,-0.8790701225495583,0
spsa,standard,402,806.0,-0.9240226935447382,-0.9240226935447382,0
spsa,standard,403,808.0,-0.9149721352449427,-0.9149721352449427,0
spsa,standard,404,810.0,-0.9082258848648437,-0.9082258848648437,0
spsa,standard,405,812.0,-0.9086128297000193,-0.9086128297000193,0
spsa,standard,406,814.0,-0.9051389113715937,-0.9051389113715937,0
spsa,standard,407,816.0,-0.9078112985102001,-0.9078112985102001,0
spsa,standard,408,818.0,-0.9295250350161124,-0.9295250350161124,0
spsa,standard,409,820.0,-0.9089569677538751,-0.9089569677538751,0
spsa,standard,410,822.0,-0.9424778600078985,-0.9424778600078985,0
spsa,standard,411,824.0,-0.9068089201534006,-0.9068089201534006,0
spsa,standard,412,826.0,-0.9300004755790852,-0.9300004755790852,0
spsa,standard,413,828.0,-0.9067110562721004,-0.9067110562721004,0
spsa,standard,414,830.0,-0.9037034687037058,-0.9037034687037058,0
spsa,standard,415,832.0,-0.9364116784380302,-0.9364116784380302,0
spsa,standard,416,834.0,-0.9179032766256967,-0.9179032766256967,0
spsa,standard,417,836.0,-0.9414061235487996,-0.9414061235487996,0
spsa,standard,418,838.0,-0.9094546225629314,-0.9094546225629314,0
spsa,standard,419,840.0,-0.9360420884964324,-0.9360420884964324,0
spsa,standard,420,842.0,-0.9528608486355472,-0.9528608486355472,0
spsa,standard,421,844.0,-0.9395625988260563,-0.9395625988260563,0
spsa,standard,422,846.0,-0.9432592280155458,-0.9432592280155458,0
spsa,standard,423,848.0,-0.9105024646672619,-0.9105024646672619,0
spsa,standard,424,850.0,-0.9339800448813596,-0.9339800448813596,0
spsa,standard,425,852.0,-0.9305270844350415,-0.9305270844350415,0
spsa,standard,426,854.0,-0.939731885047378,-0.939731885047378,0
spsa,standard,427,856.0,-0.9365295997347688,-0.9365295997347688,0
spsa,standard,428,858.0,-0.9511381810466899,-0.9511381810466899,0
spsa,standard,429,860.0,-0.9726698316658811,-0.9726698316658811,0
spsa,standard,430,862.0,-0.9741809050180927,-0.9741809050180927,0
spsa,standard,431,864.0,-0.940744947762283,-0.940744947762283,0
spsa,standard,432,866.0,-0.958282225863223,-0.958282225863223,0
spsa,standard,433,868.0,-0.9568911818521435,-0.9568911818521435,0
spsa,standard,434,870.0,-0.9449516582281045,-0.9449516582281045,0
spsa,standard,435,872.0,-0.9775549430653292,-0.9775549430653292,0
spsa,standard,436,874.0,-0.9633948091929119,-0.9633948091929119,0
spsa,standard,437,876.0,-0.9803031589544653,-0.9803031589544653,0
spsa,standard,438,878.0,-0.9620277969228687,-0.9620277969228687,0
spsa,standard,439,880.0,-0.9537366069534308,-0.9537366069534308,0
spsa,standard,440,882.0,-0.9846959803229882,-0.9846959803229882,0
spsa,standard,441,884.0,-1.0025854194043324,-1.0025854194043324,0
spsa,standard,442,886.0,-1.00820461956192,-1.00820461956192,0
spsa,standard,443,888.0,-0.9931257271892878,-0.9931257271892878,0
spsa,standard,444,890.0,-0.9879681112579614,-0.9879681112579614,0
spsa,standard,445,892.0,-1.0341183514703878,-1.0341183514703878,0
spsa,standard,446,894.0,-1.0292530224963792,-1.0292530224963792,0
spsa,standard,447,896.0,-1.0107935604247311,-1.0107935604247311,0
spsa,standard,448,898.0,-1.0287193817665545,-1.0287193817665545,0
spsa,standard,449,900.0,-1.0181804497229159,-1.0181804497229159,0
spsa,standard,450,902.0,-1.0191857678533705,-1.0191857678533705,0
spsa,standard,451,904.0,-1.0248872546693057,-1.0248872546693057,0
spsa,standard,452,906.0,-1.0367195669397269,-1.0367195669397269,0
spsa,standard,453,908.0,-0.9944503550703367,-0.9944503550703367,0
spsa,standard,454,910.0,-1.0022408371182556,-1.0022408371182556,0
spsa,standard,455,912.0,-1.0245156597472722,-1.0245156597472722,0
spsa,standard,456,914.0,-1.046660413030299,-1.046660413030299,0
spsa,standard,457,916.0,-1.0387918437832884,-1.0387918437832884,0
spsa,standard,458,918.0,-1.01691043896708,-1.01691043896708,0
spsa,standard,459,920.0,-1.0000802561913982,-1.0000802561913982,0
spsa,standard,460,922.0,-1.0382485249650804,-1.0382485249650804,0
spsa,standard,461,924.0,-1.039836956639728,-1.039836956639728,0
spsa,standard,462,926.0,-1.0415653263180649,-1.0415653263180649,0
spsa,standard,463,928.0,-1.0058994296766783,-1.0058994296766783,0
spsa,standard,464,930.0,-1.0159238654154907,-1.0159238654154907,0
spsa,standard,465,932.0,-1.0318398415899177,-1.0318398415899177,0
spsa,standard,466,934.0,-1.0405834278146742,-1.0405834278146742,0
spsa,standard,467,936.0,-1.0244572531082583,-1.0244572531082583,0
spsa,standard,468,938.0,-1.0576141872309597,-1.0576141872309597,0
spsa,standard,469,940.0,-1.0682324321252614,-1.0682324321252614,0
spsa,standard,470,942.0,-1.0728638838673508,-1.0728638838673508,0
spsa,standard,471,944.0,-1.0465127818264928,-1.0465127818264928,0
spsa,standard,472,946.0,-1.0608927012716967,-1.0608927012716967,0
spsa,standard,473,948.0,-1.0462096960837939,-1.0462096960837939,0
spsa,standard,474,950.0,-1.0691956764113897,-1.0691956764113897,0
spsa,standard,475,952.0,-1.0574144852548102,-1.0574144852548102,0
spsa,standard,476,954.0,-1.054326472684393,-1.054326472684393,0
spsa,standard,477,956.0,-1.0773785069577237,-1.0773785069577237,0
spsa,standard,478,958.0,-1.0798015550264166,-1.0798015550264166,0
spsa,standard,479,960.0,-1.0842750671036183,-1.0842750671036183,0
spsa,standard,480,962.0,-1.0741929875976994,-1.0741929875976994,0
spsa,standard,481,964.0,-1.0439595767494074,-1.0439595767494074,0
spsa,standard,482,966.0,-1.0706464097456756,-1.0706464097456756,0
spsa,standard,483,968.0,-1.0670009481590177,-1.0670009481590177,0
spsa,standard,484,970.0,-1.0651785273560264,-1.0651785273560264,0
spsa,standard,485,972.0,-1.0838431769350538,-1.0838431769350538,0
spsa,standard,486,974.0,-1.0849086740963587,-1.0849086740963587,0
spsa,standard,487,976.0,-1.0762415187416658,-1.0762415187416658,0
spsa,standard,488,978.0,-1.098249132671443,-1.098249132671443,0
spsa,standard,489,980.0,-1.1351020344677185,-1.1351020344677185,0
spsa,standard,490,982.0,-1.1072350409609675,-1.1072350409609675,0
spsa,standard,491,984.0,-1.1268360840782878,-1.1268360840782878,0
spsa,standard,492,986.0,-1.113500116744143,-1.113500116744143,0
spsa,standard,493,988.0,-1.131352348669711,-1.131352348669711,0
spsa,standard,494,990.0,-1.1734877507818346,-1.1734877507818346,0
spsa,standard,495,992.0,-1.135798439609333,-1.135798439609333,0
spsa,standard,496,994.0,-1.1636350263799433,-1.1636350263799433,0
spsa,standard,497,996.0,-1.1608967217899995,-1.1608967217899995,0
spsa,standard,498,998.0,-1.186578054467386,-1.186578054467386,0
spsa,standard,499,1000.0,-1.1551172018061684,-1.1551172018061684,0
spsa,local_global,0,2.0,0.5087567594050242,2.8376753744314462,0
spsa,local_global,1,4.0,0.5023644504002315,2.81590221087052,0
spsa,local_global,2,6.0,0.5037903120935515,2.8351984594813833,0
spsa,local_global,3,8.0,0.5021225078621222,2.830417829782307,0
spsa,local_global,4,10.0,0.5013427541886907,2.813192227311162,0
spsa,local_global,5,12.0,0.5038684999432246,2.8256107416729708,0
spsa,local_global,6,14.0,0.5026717132289071,2.7906867788009646,0
spsa,local_global,7,16.0,0.4955006585879644,2.742681870456513,0
spsa,local_global,8,18.0,0.49376359447434004,2.743089101763857,0
spsa,local_global,9,20.0,0.49419128138500584,2.741119232146129,0
spsa,local_global,10,22.0,0.49249812853753805,2.7361623298882973,0
spsa,local_global,11,24.0,0.49113049641621326,2.7379425444242913,0
spsa,local_global,12,26.0,0.49252936622541466,2.7380300959212605,0
spsa,local_global,13,28.0,0.49146774174334773,2.730350666844427,0
spsa,local_global,14,30.0,0.49379889806337196,2.702897556640487,0
spsa,local_global,15,32.0,0.4893060961576739,2.6746777474678702,0
spsa,local_global,16,34.0,0.48688283066046223,2.6717648568334362,0
spsa,local_global,17,36.0,0.4887650607424445,2.672711041173195,0
spsa,local_global,18,38.0,0.4869479936108104,2.6707515257096732,0
spsa,local_global,19,40.0,0.48561744717870536,2.6392499178088924,0
spsa,local_global,20,42.0,0.48540172183804975,2.639181876886788,0
spsa,local_global,21,44.0,0.48101882649280847,2.638240664805061,0
spsa,local_global,22,46.0,0.48345206349344894,2.638248114555542,0
spsa,local_global,23,48.0,0.48281372406785283,2.6295708067644674,0
spsa,local_global,24,50.0,0.481267976412476,2.6265282404839083,0
spsa,local_global,25,52.0,0.48265204059843486,2.5872512163341317,0
spsa,local_global,26,54.0,0.47841245570825663,2.5705396621966927,0
spsa,local_global,27,56.0,0.4766873859772391,2.5610769250488112,0
spsa,local_global,28,58.0,0.4759815155662665,2.5609922679303683,0
spsa,local_global,29,60.0,0.47485784849326185,2.5541785977479323,0
spsa,local_global,30,62.0,0.4749121642011425,2.553824183968044,0
spsa,local_global,31,64.0,0.47526929883456787,2.554627358833033,0
spsa,local_global,32,66.0,0.475847868271997,2.5547122216399596,0
spsa,local_global,33,68.0,0.47350455516047785,2.5537943585984273,0
spsa,local_global,34,70.0,0.47666730472809576,2.5531267181874573,0
spsa,local_global,35,72.0,0.47423738096109447,2.542417976875489,0
spsa,local_global,36,74.0,0.4751497440054326,2.509327857790285,0
spsa,local_global,37,76.0,0.47344032084988064,2.509375744837459,0
spsa,local_global,38,78.0,0.4712642385379192,2.505133967345001,0
spsa,local_global,39,80.0,0.47207132336673807,2.503196315377653,0
spsa,local_global,40,82.0,0.4723364649397299,2.5009952295138613,0
spsa,local_global,41,84.0,0.47447058026206534,2.5006310532979397,0
spsa,local_global,42,86.0,0.4740174573187827,2.492763975866348,0
spsa,local_global,43,88.0,0.47129879897159044,2.4876926679437354,0
spsa,local_global,44,90.0,0.47282239319165587,2.484721910004284,0
spsa,local_global,45,92.0,0.4705380785822718,2.4721478128130507,0
spsa,local_global,46,94.0,0.47019913262015334,2.464211981141227,0
spsa,local_global,47,96.0,0.46823307813828363,2.464972516065004,0
spsa,local_global,48,98.0,0.46941504362233,2.459050175535538,0
spsa,local_global,49,100.0,0.46841883648006394,2.4527902099889176,0
spsa,local_global,50,102.0,0.4693218959921676,2.4505826518171623,0
spsa,local_global,51,104.0,0.46875776316034845,2.4452216104365685,0
spsa,local_global,52,106.0,0.469522872431242,2.4456931611125206,0
spsa,local_global,53,108.0,0.4669411641099888,2.427511071684023,0
spsa,local_global,54,110.0,0.4671171002765352,2.4257840043740617,0
spsa,local_global,55,112.0,0.46797299301762385,2.424809644769726,0
spsa,local_global,56,114.0,0.466305324347115,2.4102043804271474,0
spsa,local_global,57,116.0,0.4630104778787509,2.4102523637293984,0
spsa,local_global,58,118.0,0.46455794716397325,2.4075016339852366,0
spsa,local_global,59,120.0,0.46264154386853135,2.4022727420109202,0
spsa,local_global,60,122.0,0.4621029443560244,2.397679621424222,0
spsa,local_global,61,124.0,0.46244634497203674,2.3879824450515574,0
spsa,local_global,62,126.0,0.4629329627457406,2.3860525137017397,0
spsa,local_global,63,128.0,0.4632751013306714,2.386062925296129,0
spsa,local_global,64,130.0,0.46266362721225396,2.384575119345442,0
spsa,local_global,65,132.0,2.4218838179154876,2.331694602240529,1
spsa,local_global,66,134.0,2.3528961006340134,2.2497381523917492,0
spsa,local_global,67,136.0,2.272750722129077,2.2494130946387534,0
spsa,local_global,68,138.0,2.2715204001224896,2.240230914966438,0
spsa,local_global,69,140.0,2.2820357450355386,2.240238322669082,0
spsa,local_global,70,142.0,2.268522798285351,2.233194255354116,0
spsa,local_global,71,144.0,2.276446349318506,2.221062788679804,0
spsa,local_global,72,146.0,2.2714462166480667,2.2158073247214896,0
spsa,local_global,73,148.0,2.2264851426719767,2.215676040141241,0
spsa,local_global,74,150.0,2.254693613328701,2.2120290131523133,0
spsa,local_global,75,152.0,2.274422185140712,2.2120917259253092,0
spsa,local_global,76,154.0,2.2266415530903347,2.212016980700094,0
spsa,local_global,77,156.0,2.2300109018315015,2.205383471648881,0
spsa,local_global,78,158.0,2.2278928375842444,2.200854793560716,0
spsa,local_global,79,160.0,2.2359120664253935,2.197565221176435,0
spsa,local_global,80,162.0,2.2321261634313503,2.1840239253305507,0
spsa,local_global,81,164.0,2.2050449606888445,2.174327664490823,0
spsa,local_global,82,166.0,2.1998443442982545,2.100558099927177,0
spsa,local_global,83,168.0,2.1316187119525174,2.0943235342359263,0
spsa,local_global,84,170.0,2.129139035966122,2.080923129759434,0
spsa,local_global,85,172.0,2.1326516051672098,2.0774001403906586,0
spsa,local_global,86,174.0,2.109132741234289,2.0695040790090897,0
spsa,local_global,87,176.0,2.095641386286597,2.0602029063781955,0
spsa,local_global,88,178.0,2.105871096558505,2.0466849500874655,0
spsa,local_global,89,180.0,2.0970853724023955,2.0466930655072137,0
spsa,local_global,90,182.0,2.0766506620523852,2.021367919039103,0
spsa,local_global,91,184.0,2.0538483204982367,2.0213810984434546,0
spsa,local_global,92,186.0,2.049548026278793,2.018950306098511,0
spsa,local_global,93,188.0,2.0725277268077695,2.015930067564913,0
spsa,local_global,94,190.0,2.0508667521412725,2.015634479445488,0
spsa,local_global,95,192.0,2.0391301817122924,2.0152553716313317,0
spsa,local_global,96,194.0,2.0546815652808537,2.0025445884140325,0
spsa,local_global,97,196.0,2.0490919017090494,2.001223745252668,0
spsa,local_global,98,198.0,2.0266850087664983,1.9965102418883476,0
spsa,local_global,99,200.0,2.036875273695446,1.976789473181184,0
spsa,local_global,100,202.0,2.0224204375541563,1.9766680309481872,0
spsa,local_global,101,204.0,2.035826048236691,1.970795522855237,0
spsa,local_global,102,206.0,2.012355497870555,1.9543924013035858,0
spsa,local_global,103,208.0,1.9829309616780317,1.9446802086587025,0
spsa,local_global,104,210.0,1.9961596156698094,1.9369933431281943,0
spsa,local_global,105,212.0,1.9712020726871335,1.9128425571360592,0
spsa,local_global,106,214.0,1.9412509529621373,1.9119034127449201,0
spsa,local_global,107,216.0,1.9634211936890815,1.9100362292453548,0
spsa,local_global,108,218.0,1.9627484211371957,1.910041564294058,0
spsa,local_global,109,220.0,1.9675562509444369,1.893447990233147,0
spsa,local_global,110,222.0,1.9392579285688665,1.8789387471730643,0
spsa,local_global,111,224.0,1.9255679534997643,1.8644989606991842,0
spsa,local_global,112,226.0,1.903169567768695,1.7806751935598444,0
spsa,local_global,113,228.0,1.8316626569769003,1.7762590247946657,0
spsa,local_global,114,230.0,1.812601082641304,1.7747204137605939,0
spsa,local_global,115,232.0,1.8182775837200793,1.7468084051207207,0
spsa,local_global,116,234.0,1.797902760508109,1.7174392164980292,0
spsa,local_global,117,236.0,1.7666557485766297,1.7133355950225155,0
spsa,local_global,118,238.0,1.7717268977992142,1.6890896146743473,0
spsa,local_global,119,240.0,1.7341565811340738,1.6660657653175521,0
spsa,local_global,120,242.0,1.7072971065400764,1.6660995840312722,0
spsa,local_global,121,244.0,1.715032249441868,1.6367831202037133,0
spsa,local_global,122,246.0,1.6866468742691003,1.6367418514514123,0
spsa,local_global,123,248.0,1.6837953874814835,1.6148896631606542,0
spsa,local_global,124,250.0,1.663507429841576,1.6144161349486954,0
spsa,local_global,125,252.0,1.6681431933485913,1.6067656980323974,0
spsa,local_global,126,254.0,1.6272345684467688,1.5229762570236454,0
spsa,local_global,127,256.0,1.5632874113598068,1.521443347342153,0
spsa,local_global,128,258.0,1.5760356839435627,1.5078210992250798,0
spsa,local_global,129,260.0,1.548894239589137,1.4885565209310374,0
spsa,local_global,130,262.0,1.559228758878215,1.4993674188258175,0
spsa,local_global,131,264.0,1.5526615772222558,1.4498828124098422,0
spsa,local_global,132,266.0,1.513340394461728,1.4383962387809865,0
spsa,local_global,133,268.0,1.4942986464939327,1.4328064243393066,0
spsa,local_global,134,270.0,1.462657838924517,1.3867412064808569,0
spsa,local_global,135,272.0,1.4346257259554713,1.3709998822545333,0
spsa,local_global,136,274.0,1.4300815426098583,1.3707961867485032,0
spsa,local_global,137,276.0,1.4249068211183782,1.356871171917173,0
spsa,local_global,138,278.0,1.402167483914653,1.3250857237852496,0
spsa,local_global,139,280.0,1.3601644930511352,1.3029361901922385,0
spsa,local_global,140,282.0,1.3567392804455347,1.2831918394958697,0
spsa,local_global,141,284.0,1.355188178531631,1.2690598110650835,0
spsa,local_global,142,286.0,1.3298642983652469,1.2684735699327172,0
spsa,local_global,143,288.0,1.3334160192108429,1.2614997268273203,0
spsa,local_global,144,290.0,1.3166281018913089,1.2332200689383208,0
spsa,local_global,145,292.0,1.2851995758816226,1.2074604600403454,0
spsa,local_global,146,294.0,1.2438840151423936,1.2070688791222919,0
spsa,local_global,147,296.0,1.2597960587189565,1.2066857518689398,0
spsa,local_global,148,298.0,1.2585612087783646,1.196304294038115,0
spsa,local_global,149,300.0,1.2397282768428664,1.1762905379052355,0
spsa,local_global,150,302.0,1.2176667658620723,1.1380646063432553,0
spsa,local_global,151,304.0,1.199291404347039,1.1288990816397655,0
spsa,local_global,152,306.0,1.1747844111432433,1.089267678689697,0
spsa,local_global,153,308.0,1.1522024388769867,1.0826103698304352,0
spsa,local_global,154,310.0,1.1381756280352477,1.0732813961529426,0
spsa,local_global,155,312.0,1.1343677537285446,1.054596639522052,0
spsa,local_global,156,314.0,1.125499515987031,1.053020651906851,0
spsa,local_global,157,316.0,1.121585676402538,1.0530385256260444,0
spsa,local_global,158,318.0,1.1086839073508181,1.0526227542978044,0
spsa,local_global,159,320.0,1.1101836578030202,1.039730782688104,0
spsa,local_global,160,322.0,1.098865432720916,1.0397018371666438,0
spsa,local_global,161,324.0,1.099265341704469,1.0244923552841196,0
spsa,local_global,162,326.0,1.0802874945322767,1.0238018019492832,0
spsa,local_global,163,328.0,1.094049965715148,1.0157764862049143,0
spsa,local_global,164,330.0,1.0821942553577792,1.0151024936200541,0
spsa,local_global,165,332.0,1.074968168781059,1.0129591826721032,0
spsa,local_global,166,334.0,1.0927231774390829,1.0132484479019441,0
spsa,local_global,167,336.0,1.0791397046185771,0.9899542665202786,0
spsa,local_global,168,338.0,1.042576238579734,0.9520499733711424,0
spsa,local_global,169,340.0,1.0163684597420586,0.9484997924142734,0
spsa,local_global,170,342.0,1.0132879954321505,0.9467113602119777,0
spsa,local_global,171,344.0,1.0117954351729008,0.9459061887818823,0
spsa,local_global,172,346.0,1.0172123777516988,0.927154969676816,0
spsa,local_global,173,348.0,1.0133933656297622,0.9280027648653778,0
spsa,local_global,174,350.0,1.0004053325236961,0.9236803111065054,0
spsa,local_global,175,352.0,0.9946670040421335,0.9228820124435485,0
spsa,local_global,176,354.0,0.9676813315226569,0.8952240359741299,0
spsa,local_global,177,356.0,0.9539233662013018,0.87544047763544,0
spsa,local_global,178,358.0,0.9423996560691453,0.8741517054818655,0
spsa,local_global,179,360.0,0.9480314829579586,0.8741969452733914,0
spsa,local_global,180,362.0,0.9262553276558063,0.860036108591734,0
spsa,local_global,181,364.0,0.9307144263356902,0.8597101497536537,0
spsa,local_global,182,366.0,0.9219688806888504,0.8410430521394581,0
spsa,local_global,183,368.0,0.9080390768197576,0.801006862288862,0
spsa,local_global,184,370.0,0.8679614382867935,0.7854250041047524,0
spsa,local_global,185,372.0,0.8538525293072201,0.7709433775095338,0
spsa,local_global,186,374.0,0.8382746083427635,0.753585339032352,0
spsa,local_global,187,376.0,0.8273781771280315,0.7526573921325588,0
spsa,local_global,188,378.0,0.8166853909849154,0.7525715227249639,0
spsa,local_global,189,380.0,0.8355182562809259,0.7733612119288952,0
spsa,local_global,190,382.0,0.8224000142791592,0.6267228924904844,0
spsa,local_global,191,384.0,0.6990524523979289,0.6264971301859046,0
spsa,local_global,192,386.0,0.7073257687427839,0.625517538611231,0
spsa,local_global,193,388.0,0.6899531422519161,0.6119849521627174,0
spsa,local_global,194,390.0,0.6607652994419523,0.5766530634705738,0
spsa,local_global,195,392.0,0.6677863644311963,0.5766658155124851,0
spsa,local_global,196,394.0,0.6332329666497367,0.5355606572157944,0
spsa,local_global,197,396.0,0.6209163008362941,0.5367437846024193,0
spsa,local_global,198,398.0,0.627900793208066,0.5388115026260257,0
spsa,local_global,199,400.0,0.6306827143195719,0.549097009431138,0
spsa,local_global,200,402.0,0.6274237666795859,0.5472254775702642,0
spsa,local_global,201,404.0,0.6214224734816376,0.5470491620387161,0
spsa,local_global,202,406.0,0.6308131536919576,0.547715617111154,0
spsa,local_global,203,408.0,0.611284015948425,0.5448331505310496,0
spsa,local_global,204,410.0,0.6366702405144955,0.54626383970107,0
spsa,local_global,205,412.0,0.6225061913864182,0.544865951896321,0
spsa,local_global,206,414.0,0.6209750530970507,0.5391593590764361,0
spsa,local_global,207,416.0,0.6356886523952556,0.5449553726503176,0
spsa,local_global,208,418.0,0.6350032256013202,0.5465305647899688,0
spsa,local_global,209,420.0,0.619986457060957,0.5441518764400256,0
spsa,local_global,210,422.0,0.6143737176735482,0.5437525266121609,0
spsa,local_global,211,424.0,0.6257846332864029,0.5437733945905826,0
spsa,local_global,212,426.0,0.614768287340508,0.5416983299225817,0
spsa,local_global,213,428.0,0.6238336508970401,0.5388804649293196,0
spsa,local_global,214,430.0,0.6128244734532073,0.5388493160932356,0
spsa,local_global,215,432.0,0.6148431229020481,0.5355070965945145,0
spsa,local_global,216,434.0,0.6126044228199061,0.5297763956304998,0
spsa,local_global,217,436.0,0.5923375589420142,0.528195334452546,0
spsa,local_global,218,438.0,0.6150847220140517,0.5279535302743029,0
spsa,local_global,219,440.0,0.5972857989113409,0.5184603434187666,0
spsa,local_global,220,442.0,0.5940874581359514,0.5183364991405831,0
spsa,local_global,221,444.0,0.6063879266062745,0.5182732765113068,0
spsa,local_global,222,446.0,0.5876877208614187,0.517306423622275,0
spsa,local_global,223,448.0,0.5838993686801872,0.48013592104380404,0
spsa,local_global,224,450.0,0.5591543750868084,0.48002876010802237,0
spsa,local_global,225,452.0,0.5435109315673916,0.47511813250577234,0
spsa,local_global,226,454.0,0.5698534092677399,0.47510388679750876,0
spsa,local_global,227,456.0,0.5565043679151964,0.47501970346894484,0
spsa,local_global,228,458.0,0.557720972330356,0.4750995439889615,0
spsa,local_global,229,460.0,0.5551219591708053,0.4662695991447537,0
spsa,local_global,230,462.0,0.5608651272653016,0.46625818671318053,0
spsa,local_global,231,464.0,0.5451218189357921,0.4616433292197158,0
spsa,local_global,232,466.0,0.5118307286150101,0.4605911991335844,0
spsa,local_global,233,468.0,0.553565591540753,0.46127635292116204,0
spsa,local_global,234,470.0,0.5460728426620423,0.45906361299612025,0
spsa,local_global,235,472.0,0.5231506790641491,0.4588067237138906,0
spsa,local_global,236,474.0,0.5295952260593708,0.45723124499872536,0
spsa,local_global,237,476.0,0.5116464564180828,0.4568919528527928,0
spsa,local_global,238,478.0,0.5515769090666949,0.4583349461345278,0
spsa,local_global,239,480.0,0.5543723622119827,0.4587456815817884,0
spsa,local_global,240,482.0,0.5440277574804123,0.45644731753526924,0
spsa,local_global,241,484.0,0.5398878094253081,0.4562006292999265,0
spsa,local_global,242,486.0,0.5352461141004958,0.45618051441954494,0
spsa,local_global,243,488.0,0.5353259641631234,0.4550733721572284,0
spsa,local_global,244,490.0,0.5321782395425033,0.42525943519682247,0
spsa,local_global,245,492.0,0.5339497987517496,0.44080638027500413,0
spsa,local_global,246,494.0,0.5115515061869225,0.43321671613669177,0
spsa,local_global,247,496.0,0.5124308703863495,0.4313052387622774,0
spsa,local_global,248,498.0,0.5099732071687564,0.4137741712227378,0
spsa,local_global,249,500.0,0.49117507466961396,0.40825616200965703,0
spsa,local_global,250,502.0,0.49641804689056146,0.4066466410494283,0
spsa,local_global,251,504.0,0.4755838773968156,0.40385157714830827,0
spsa,local_global,252,506.0,0.4837224377774405,0.40158096954567774,0
spsa,local_global,253,508.0,0.4714630052052639,0.399522633606037,0
spsa,local_global,254,510.0,0.47673722557042963,0.39878811262935654,0
spsa,local_global,255,512.0,0.4626931762266302,0.3497354277918299,0
spsa,local_global,256,514.0,0.43610896211890304,0.3466772002829866,0
spsa,local_global,257,516.0,0.4162417103216888,0.3404385474832185,0
spsa,local_global,258,518.0,0.3907430900384842,0.33166164018133015,0
spsa,local_global,259,520.0,0.4185045240450779,0.3220533703023092,0
spsa,local_global,260,522.0,0.3993894984015387,0.3218166722064499,0
spsa,local_global,261,524.0,0.3982945213166811,0.3216173226405455,0
spsa,local_global,262,526.0,0.393761614025334,0.31860055988466335,0
spsa,local_global,263,528.0,0.41567231303631214,0.31878076357483964,0
spsa,local_global,264,530.0,0.3993682565024128,0.31574870094407637,0
spsa,local_global,265,532.0,0.39879804732662427,0.30394037958799497,0
spsa,local_global,266,534.0,0.3915342164977825,0.30113802198833145,0
spsa,local_global,267,536.0,0.3874099747447073,0.2966312720167596,0
spsa,local_global,268,538.0,0.3708699421674295,0.2966321425085608,0
spsa,local_global,269,540.0,0.3804362826336506,0.2714780982072498,0
spsa,local_global,270,542.0,0.33165824963483737,0.27136556884398266,0
spsa,local_global,271,544.0,0.3541573324197988,0.2675092564665024,0
spsa,local_global,272,546.0,0.3483411362154668,0.25918518866801826,0
spsa,local_global,273,548.0,0.32134312390395037,0.24408298312874885,0
spsa,local_global,274,550.0,0.31346046319429954,0.242166197658173,0
spsa,local_global,275,552.0,0.31238196929455014,0.23834251666930187,0
spsa,local_global,276,554.0,0.3009316720102051,0.2325862138468109,0
spsa,local_global,277,556.0,0.31751312282671423,0.2318306137403506,0
spsa,local_global,278,558.0,0.31738005528446434,0.23119007897255267,0
spsa,local_global,279,560.0,0.31534762972500474,0.2311686262426476,0
spsa,local_global,280,562.0,0.30361358286796186,0.2255635594202178,0
spsa,local_global,281,564.0,0.29768665250542514,0.22262064295034184,0
spsa,local_global,282,566.0,0.2947119035448461,0.22220603031874403,0
spsa,local_global,283,568.0,0.30009524108632385,0.2213982345641503,0
spsa,local_global,284,570.0,0.30625432675547115,0.2147928221746051,0
spsa,local_global,285,572.0,0.2885027646905065,0.19745051858855955,0
spsa,local_global,286,574.0,0.27114011514560976,0.18862780368454418,0
spsa,local_global,287,576.0,0.24921428935344203,0.18224072188223664,0
spsa,local_global,288,578.0,0.26681151418373644,0.16875983458556842,0
spsa,local_global,289,580.0,0.2483860945293815,0.166316201582936,0
spsa,local_global,290,582.0,0.25604590274277716,0.16508234623384324,0
spsa,local_global,291,584.0,0.23062608591934214,0.15586623604684968,0
spsa,local_global,292,586.0,0.22992619773926715,0.14513420271224903,0
spsa,local_global,293,588.0,0.21054218801569569,0.14185076225268176,0
spsa,local_global,294,590.0,0.2169415966657433,0.1346301481837037,0
spsa,local_global,295,592.0,0.22676125642013545,0.13463843058889477,0
spsa,local_global,296,594.0,0.22040644020388184,0.13223334247934646,0
spsa,local_global,297,596.0,0.19049115891418522,0.11493020708663877,0
spsa,local_global,298,598.0,0.19753876523171,0.09188166624357222,0
spsa,local_global,299,600.0,0.1792398252002426,0.09077060376716198,0
spsa,local_global,300,602.0,0.1873466496866824,0.09052211097883908,0
spsa,local_global,301,604.0,0.17578357259039235,0.09019766323590533,0
spsa,local_global,302,606.0,0.1633684222539768,0.05992815482078738,0
spsa,local_global,303,608.0,0.14031849856995585,0.05853028654642853,0
spsa,local_global,304,610.0,0.14216271152820248,0.05806684073195312,0
spsa,local_global,305,612.0,0.14820591195789581,0.058074621105228166,0
spsa,local_global,306,614.0,0.1510689974103619,0.05396199102017463,0
spsa,local_global,307,616.0,0.1403959015041999,0.052241762912041106,0
spsa,local_global,308,618.0,0.1445508115278762,0.051994068902851805,0
spsa,local_global,309,620.0,0.14639982759959175,0.052003006020845476,0
spsa,local_global,310,622.0,0.13518409970356768,0.05198492806323111,0
spsa,local_global,311,624.0,0.12947367720450662,0.05182125003732905,0
spsa,local_global,312,626.0,0.11645929168005846,0.023797836325798908,0
spsa,local_global,313,628.0,0.1133245292488568,0.023421879243246922,0
spsa,local_global,314,630.0,0.10939823168158769,0.017507347757675,0
spsa,local_global,315,632.0,0.09638852598922404,0.012741348545334003,0
spsa,local_global,316,634.0,0.10580043880829973,0.01276365062173457,0
spsa,local_global,317,636.0,0.11480602342551113,0.012475852437969406,0
spsa,local_global,318,638.0,0.11121907154523109,0.011345629813527984,0
spsa,local_global,319,640.0,0.09879098292375196,0.011211879442658168,0
spsa,local_global,320,642.0,0.11197323606120481,0.011224390140217904,0
spsa,local_global,321,644.0,0.0884007580001751,0.00670826563155783,0
spsa,local_global,322,646.0,0.09450777273719527,0.005231763514669755,0
spsa,local_global,323,648.0,0.07476200637293134,-0.005840200028274433,0
spsa,local_global,324,650.0,0.08762357361314149,-0.006399313845913358,0
spsa,local_global,325,652.0,0.06153278047796844,-0.009985392349098052,0
spsa,local_global,326,654.0,0.07602939262791998,-0.016914075071438363,0
spsa,local_global,327,656.0,0.07467698177050551,-0.02257515901267769,0
spsa,local_global,328,658.0,0.05212202968111698,-0.02902518364832688,0
spsa,local_global,329,660.0,0.07724097082583953,-0.026651354295331484,0
spsa,local_global,330,662.0,0.06609551736322763,-0.028773024155039673,0
spsa,local_global,331,664.0,0.057168825975777104,-0.03965954392450218,0
spsa,local_global,332,666.0,0.04329810756143152,-0.048601398123571816,0
spsa,local_global,333,668.0,0.04489445372460941,-0.051275284218464695,0
spsa,local_global,334,670.0,0.018963133837028166,-0.05410004915106532,0
spsa,local_global,335,672.0,0.014821036274194257,-0.055210051136419955,0
spsa,local_global,336,674.0,0.0511796984018963,-0.04835927701621141,0
spsa,local_global,337,676.0,0.03969683539542539,-0.05477378324722538,0
spsa,local_global,338,678.0,0.029035007915375458,-0.058829849753334634,0
spsa,local_global,339,680.0,0.04128287019274505,-0.05882896028101237,0
spsa,local_global,340,682.0,0.04473253925022166,-0.05878065810634954,0
spsa,local_global,341,684.0,0.028460688915383312,-0.060287563429431715,0
spsa,local_global,342,686.0,0.03747439844257218,-0.06299847907159878,0
spsa,local_global,343,688.0,0.010656635918612592,-0.066644228589233,0
spsa,local_global,344,690.0,0.02822010476724302,-0.06680633490839145,0
spsa,local_global,345,692.0,0.01892197273576071,-0.06686837513687936,0
spsa,local_global,346,694.0,0.01633150634726316,-0.07872363090067994,0
spsa,local_global,347,696.0,0.017205454388487477,-0.08250464921476182,0
spsa,local_global,348,698.0,0.013358509458837582,-0.08329059505454983,0
spsa,local_global,349,700.0,-0.02324835290195331,-0.08515297802362935,0
spsa,local_global,350,702.0,-0.0027375789509110535,-0.08514415080075179,0
spsa,local_global,351,704.0,-0.001224662328883984,-0.1018265869457573,0
spsa,local_global,352,706.0,-0.04026081150219875,-0.10760514182168521,0
spsa,local_global,353,708.0,-0.006771859419078517,-0.10783179711247351,0
spsa,local_global,354,710.0,-0.014519843022336443,-0.10922858103414555,0
spsa,local_global,355,712.0,-0.013672737101628696,-0.10922334586720316,0
spsa,local_global,356,714.0,-0.02730230940311063,-0.12470345609921527,0
spsa,local_global,357,716.0,-0.02818412448648159,-0.12635236751760998,0
spsa,local_global,358,718.0,-0.05428728699103243,-0.12975824283519766,0
spsa,local_global,359,720.0,-0.047266307662406054,-0.13023992384056599,0
spsa,local_global,360,722.0,-0.03365135123783799,-0.13846401339658249,0
spsa,local_global,361,724.0,-0.051805177371630096,-0.1414833410786632,0
spsa,local_global,362,726.0,-0.039628875649679166,-0.14168708591690665,0
spsa,local_global,363,728.0,-0.061928397136326085,-0.14338545132551161,0
spsa,local_global,364,730.0,-0.06757696447733974,-0.14407911219337866,0
spsa,local_global,365,732.0,-0.06870697513727145,-0.14415484453359453,0
spsa,local_global,366,734.0,-0.04720281341958265,-0.15042870390446011,0
spsa,local_global,367,736.0,-0.05869188338771021,-0.1504564748331652,0
spsa,local_global,368,738.0,-0.07075272200091033,-0.15621216539133384,0
spsa,local_global,369,740.0,-0.0630817376546013,-0.15652016713829572,0
spsa,local_global,370,742.0,-0.06229028291653843,-0.1572779511503064,0
spsa,local_global,371,744.0,-0.06072351452341905,-0.1622695193975014,0
spsa,local_global,372,746.0,-0.07955665498450697,-0.17711276913402219,0
spsa,local_global,373,748.0,-0.08213705726669027,-0.17715209782908634,0
spsa,local_global,374,750.0,-0.07984571066742682,-0.17766720090179947,0
spsa,local_global,375,752.0,-0.09044789598885146,-0.18712657548708847,0
spsa,local_global,376,754.0,-0.10764135106729153,-0.18711316621489849,0
spsa,local_global,377,756.0,-0.09312667844839073,-0.1886194051005423,0
spsa,local_global,378,758.0,-0.0850380193105282,-0.18863346173871823,0
spsa,local_global,379,760.0,-0.08838303046094446,-0.18942587129526145,0
spsa,local_global,380,762.0,-0.11065135254222319,-0.1894046373474488,0
spsa,local_global,381,764.0,-0.11829385442955986,-0.18962273958546613,0
spsa,local_global,382,766.0,-0.0908145166724602,-0.19575341036253407,0
spsa,local_global,383,768.0,-0.11620699718156453,-0.1992539693363,0
spsa,local_global,384,770.0,-0.09056124496246584,-0.1985406029534024,0
spsa,local_global,385,772.0,-0.09175493863072771,-0.1983420493935645,0
spsa,local_global,386,774.0,-0.10857960383819856,-0.19871038572177122,0
spsa,local_global,387,776.0,-0.11869996005227806,-0.1988601393022983,0
spsa,local_global,388,778.0,-0.11655506775377325,-0.19889715292731117,0
spsa,local_global,389,780.0,-0.09963511232871367,-0.20028813086130123,0
spsa,local_global,390,782.0,-0.09299378662142968,-0.20128055746627563,0
spsa,local_global,391,784.0,-0.11546208379418971,-0.20186823008058258,0
spsa,local_global,392,786.0,-0.12097205106691727,-0.20190656332950724,0
spsa,local_global,393,788.0,-0.1154805612832419,-0.20719819449960178,0
spsa,local_global,394,790.0,-0.1243570675501825,-0.2206429078249229,0
spsa,local_global,395,792.0,-0.15287831693736126,-0.22117951733958924,0
spsa,local_global,396,794.0,-0.13595372550176524,-0.22526770092541012,0
spsa,local_global,397,796.0,-0.11877101305425442,-0.22579361563930678,0
spsa,local_global,398,798.0,-0.13185696123958845,-0.24822218268325347,0
spsa,local_global,399,800.0,-0.14955408321641905,-0.24857589733364444,0
spsa,local_global,400,802.0,-0.1773580905193466,-0.25318812127634893,0
spsa,local_global,401,804.0,-0.15263830931131434,-0.25352013127282674,0
spsa,local_global,402,806.0,-0.1851030152342023,-0.26620955219141357,0
spsa,local_global,403,808.0,-0.20467256667391864,-0.26621227607038594,0
spsa,local_global,404,810.0,-0.17596068400615966,-0.2672417144708132,0
spsa,local_global,405,812.0,-0.1785537702585984,-0.273014187755486,0
spsa,local_global,406,814.0,-0.17293173056881406,-0.274274488077239,0
spsa,local_global,407,816.0,-0.20127506276544654,-0.2742738581734758,0
spsa,local_global,408,818.0,-0.18343725001682976,-0.2788448981289429,0
spsa,local_global,409,820.0,-0.17324581645826068,-0.2789469672877502,0
spsa,local_global,410,822.0,-0.2005255839277858,-0.2817168212886845,0
spsa,local_global,411,824.0,-0.1895286011691301,-0.29598982377870076,0
spsa,local_global,412,826.0,-0.2212465115844109,-0.3091919002750441,0
spsa,local_global,413,828.0,-0.21558693430478124,-0.32500043376588506,0
spsa,local_global,414,830.0,-0.22148340814706502,-0.3296642110418483,0
spsa,local_global,415,832.0,-0.250618500767264,-0.36063765692250205,0
spsa,local_global,416,834.0,-0.27469986292234155,-0.36160534970034913,0
spsa,local_global,417,836.0,-0.2656412295469437,-0.36198839219981643,0
spsa,local_global,418,838.0,-0.26962170124695484,-0.36404049226815705,0
spsa,local_global,419,840.0,-0.2811072801619904,-0.3657653584211071,0
spsa,local_global,420,842.0,-0.2544262873458582,-0.3660315481003566,0
spsa,local_global,421,844.0,-0.2707736264386157,-0.3664012771393093,0
spsa,local_global,422,846.0,-0.26772895362820964,-0.367819292059058,0
spsa,local_global,423,848.0,-0.26515755008095554,-0.3692603167682692,0
spsa,local_global,424,850.0,-0.2711861459327064,-0.370797234704059,0
spsa,local_global,425,852.0,-0.2767893714168273,-0.3710347994057118,0
spsa,local_global,426,854.0,-0.27617871842580266,-0.3722933282039501,0
spsa,local_global,427,856.0,-0.2859692915799771,-0.37257404842149344,0
spsa,local_global,428,858.0,-0.2798337486208812,-0.3739176817357584,0
spsa,local_global,429,860.0,-0.26938662284635506,-0.37453687889410786,0
spsa,local_global,430,862.0,-0.2897568270769252,-0.37807942545394435,0
spsa,local_global,431,864.0,-0.2728206720780334,-0.3797230078817882,0
spsa,local_global,432,866.0,-0.2847236720587669,-0.38509797677786967,0
spsa,local_global,433,868.0,-0.28487054587012284,-0.38542285232570994,0
spsa,local_global,434,870.0,-0.26865884162530534,-0.38565816072973663,0
spsa,local_global,435,872.0,-0.2915807074398399,-0.3888881376374443,0
spsa,local_global,436,874.0,-0.2961079028386826,-0.3896801346517161,0
spsa,local_global,437,876.0,-0.29554217410357564,-0.38983198637739225,0
spsa,local_global,438,878.0,-0.27788467739982653,-0.38960230069182383,0
spsa,local_global,439,880.0,-0.3085056812597048,-0.3906307778643294,0
spsa,local_global,440,882.0,-0.2872003617194234,-0.3905781462279203,0
spsa,local_global,441,884.0,-0.2914364242996042,-0.39082727416975205,0
spsa,local_global,442,886.0,-0.2928442250711183,-0.39160208431356447,0
spsa,local_global,443,888.0,-0.30465181718970546,-0.391600326619707,0
spsa,local_global,444,890.0,-0.28223456354761445,-0.39189563693941787,0
spsa,local_global,445,892.0,-0.30062382332183124,-0.4137915508720537,0
spsa,local_global,446,894.0,-0.33482271580285666,-0.4164253082448872,0
spsa,local_global,447,896.0,-0.3110100224909541,-0.4175267976521228,0
spsa,local_global,448,898.0,-0.33112288196596484,-0.4218542850309616,0
spsa,local_global,449,900.0,-0.33489375555053114,-0.42623390465190397,0
spsa,local_global,450,902.0,-0.31769585463620653,-0.42677505194707815,0
spsa,local_global,451,904.0,-0.3442967090798822,-0.4370383827343858,0
spsa,local_global,452,906.0,-0.34874472506967324,-0.4381615847090893,0
spsa,local_global,453,908.0,-0.35356894062542077,-0.441705951163476,0
spsa,local_global,454,910.0,-0.3598795213368445,-0.465933237606172,0
spsa,local_global,455,912.0,-0.3549804853433163,-0.4663186737568236,0
spsa,local_global,456,914.0,-0.36729900876161303,-0.4705414340908161,0
spsa,local_global,457,916.0,-0.3864073071489216,-0.4734454234876529,0
spsa,local_global,458,918.0,-0.36924674126463175,-0.4767069433139122,0
spsa,local_global,459,920.0,-0.3754833159475769,-0.47764324001883385,0
spsa,local_global,460,922.0,-0.3797292054962172,-0.4790894903544804,0
spsa,local_global,461,924.0,-0.39057615398067647,-0.48801839908318684,0
spsa,local_global,462,926.0,-0.39040371968463117,-0.4897759499827259,0
spsa,local_global,463,928.0,-0.38974616872344214,-0.4918056341964396,0
spsa,local_global,464,930.0,-0.3996997408604325,-0.5031881863661972,0
spsa,local_global,465,932.0,-0.40206220064562953,-0.5032304191225,0
spsa,local_global,466,934.0,-0.40801918929097114,-0.5032150751578098,0
spsa,local_global,467,936.0,-0.39231782747593413,-0.5066574724696606,0
spsa,local_global,468,938.0,-0.41406459788580463,-0.5100930341033183,0
spsa,local_global,469,940.0,-0.41783783642357564,-0.5107452075980846,0
spsa,local_global,470,942.0,-0.42432566954629297,-0.5214560464064614,0
spsa,local_global,471,944.0,-0.4161217822219616,-0.5218934133103917,0
spsa,local_global,472,946.0,-0.4282503790919139,-0.5221436409314462,0
spsa,local_global,473,948.0,-0.40327062958789806,-0.522802031679067,0
spsa,local_global,474,950.0,-0.40989393185178546,-0.5251207231950237,0
spsa,local_global,475,952.0,-0.4303744481309171,-0.5299220572686036,0
spsa,local_global,476,954.0,-0.4410107057054691,-0.5305907703821083,0
spsa,local_global,477,956.0,-0.43941347973290545,-0.5313955274363742,0
spsa,local_global,478,958.0,-0.4348754292023418,-0.5333383128285227,0
spsa,local_global,479,960.0,-0.42345504573063564,-0.5333455652127458,0
spsa,local_global,480,962.0,-0.4269481873836781,-0.5334152570868329,0
spsa,local_global,481,964.0,-0.4331849664552101,-0.533369253502995,0
spsa,local_global,482,966.0,-0.4130520016807966,-0.533308504411445,0
spsa,local_global,483,968.0,-0.4271300386981833,-0.5333459982443978,0
spsa,local_global,484,970.0,-0.4557040954508731,-0.5357482342574278,0
spsa,local_global,485,972.0,-0.432205192805117,-0.5396101263267707,0
spsa,local_global,486,974.0,-0.44492942158865734,-0.5397274670883544,0
spsa,local_global,487,976.0,-0.4462860338638808,-0.5398361972497029,0
spsa,local_global,488,978.0,-0.4488833600151891,-0.5407161149515048,0
spsa,local_global,489,980.0,-0.43330286008032637,-0.5499401228823146,0
spsa,local_global,490,982.0,-0.4467515087655916,-0.5503812801772989,0
spsa,local_global,491,984.0,-0.4452899920055604,-0.5520500293874688,0
spsa,local_global,492,986.0,-0.47216579062526726,-0.5522373876891332,0
spsa,local_global,493,988.0,-0.4592502242052773,-0.553168844581033,0
spsa,local_global,494,990.0,-0.4797331633571573,-0.5623693284301736,0
spsa,local_global,495,992.0,-0.4575485048690207,-0.5650838462505364,0
spsa,local_global,496,994.0,-0.4713076689754129,-0.5681275797092433,0
spsa,local_global,497,996.0,-0.4900605171864933,-0.5690678490966157,0
spsa,local_global,498,998.0,-0.47280269641632755,-0.5752872531485076,0
spsa,local_global,499,1000.0,-0.4641698999000349,-0.5760130575972794,0
spsa,adiabatic,0,2.0,0.5087567594050242,2.8376753744314462,0
spsa,adiabatic,1,4.0,0.5023644504002315,2.81590221087052,0
spsa,adiabatic,2,6.0,0.5037903120935515,2.8351984594813833,0
spsa,adiabatic,3,8.0,0.5021225078621222,2.830417829782307,0
spsa,adiabatic,4,10.0,0.5013427541886907,2.813192227311162,0
spsa,adiabatic,5,12.0,0.5038684999432246,2.8256107416729708,0
spsa,adiabatic,6,14.0,0.5026717132289071,2.7906867788009646,0
spsa,adiabatic,7,16.0,0.4955006585879644,2.742681870456513,0
spsa,adiabatic,8,18.0,0.49376359447434004,2.743089101763857,0
spsa,adiabatic,9,20.0,0.49419128138500584,2.741119232146129,0
spsa,adiabatic,10,22.0,0.49249812853753805,2.7361623298882973,0
spsa,adiabatic,11,24.0,0.49113049641621326,2.7379425444242913,0
spsa,adiabatic,12,26.0,0.49252936622541466,2.7380300959212605,0
spsa,adiabatic,13,28.0,0.49146774174334773,2.730350666844427,0
spsa,adiabatic,14,30.0,0.49379889806337196,2.702897556640487,0
spsa,adiabatic,15,32.0,0.4893060961576739,2.6746777474678702,0
spsa,adiabatic,16,34.0,0.48688283066046223,2.6717648568334362,0
spsa,adiabatic,17,36.0,0.4887650607424445,2.672711041173195,0
spsa,adiabatic,18,38.0,0.4869479936108104,2.6707515257096732,0
spsa,adiabatic,19,40.0,0.48561744717870536,2.6392499178088924,0
spsa,adiabatic,20,42.0,0.48540172183804975,2.639181876886788,0
spsa,adiabatic,21,44.0,0.48101882649280847,2.638240664805061,0
spsa,adiabatic,22,46.0,0.48345206349344894,2.638248114555542,0
spsa,adiabatic,23,48.0,0.48281372406785283,2.6295708067644674,0
spsa,adiabatic,24,50.0,0.481267976412476,2.6265282404839083,0
spsa,adiabatic,25,52.0,0.48265204059843486,2.5872512163341317,0
spsa,adiabatic,26,54.0,0.47841245570825663,2.5705396621966927,0
spsa,adiabatic,27,56.0,0.4766873859772391,2.5610769250488112,0
spsa,adiabatic,28,58.0,0.4759815155662665,2.5609922679303683,0
spsa,adiabatic,29,60.0,0.47485784849326185,2.5541785977479323,0
spsa,adiabatic,30,62.0,0.4749121642011425,2.553824183968044,0
spsa,adiabatic,31,64.0,0.47526929883456787,2.554627358833033,0
spsa,adiabatic,32,66.0,0.475847868271997,2.5547122216399596,0
spsa,adiabatic,33,68.0,0.47350455516047785,2.5537943585984273,0
spsa,adiabatic,34,70.0,0.47666730472809576,2.5531267181874573,0
spsa,adiabatic,35,72.0,0.47423738096109447,2.542417976875489,0
spsa,adiabatic,36,74.0,0.4751497440054326,2.509327857790285,0
spsa,adiabatic,37,76.0,0.47344032084988064,2.509375744837459,0
spsa,adiabatic,38,78.0,0.4712642385379192,2.505133967345001,0
spsa,adiabatic,39,80.0,0.47207132336673807,2.503196315377653,0
spsa,adiabatic,40,82.0,0.4723364649397299,2.5009952295138613,0
spsa,adiabatic,41,84.0,0.47447058026206534,2.5006310532979397,0
spsa,adiabatic,42,86.0,0.4740174573187827,2.492763975866348,0
spsa,adiabatic,43,88.0,0.47129879897159044,2.4876926679437354,0
spsa,adiabatic,44,90.0,0.47282239319165587,2.484721910004284,0
spsa,adiabatic,45,92.0,0.4705380785822718,2.4721478128130507,0
spsa,adiabatic,46,94.0,0.47019913262015334,2.464211981141227,0
spsa,adiabatic,47,96.0,0.46823307813828363,2.464972516065004,0
spsa,adiabatic,48,98.0,0.46941504362233,2.459050175535538,0
spsa,adiabatic,49,100.0,0.46841883648006394,2.4527902099889176,0
spsa,adiabatic,50,102.0,0.6936778236119496,2.449249285797627,0
spsa,adiabatic,51,104.0,0.6916723419074344,2.435175567024095,0
spsa,adiabatic,52,106.0,0.692744688847937,2.43346119029631,0
spsa,adiabatic,53,108.0,0.6859261892979445,2.40222263520256,0
spsa,adiabatic,54,110.0,0.6858927734821298,2.3972666084938976,0
spsa,adiabatic,55,112.0,0.6856709151615525,2.3961908371854297,0
spsa,adiabatic,56,114.0,0.6819085832967025,2.372586002305576,0
spsa,adiabatic,57,116.0,0.6738168551586804,2.37261967106458,0
spsa,adiabatic,58,118.0,0.6787251551621256,2.3680134728965827,0
spsa,adiabatic,59,120.0,0.6734918250210384,2.3560746617781336,0
spsa,adiabatic,60,122.0,0.6706012656800416,2.3506056784065223,0
spsa,adiabatic,61,124.0,0.6708890204806887,2.33443943944264,0
spsa,adiabatic,62,126.0,0.6713066781322627,2.3315931494224715,0
spsa,adiabatic,63,128.0,0.6706561830250395,2.3305749953623547,0
spsa,adiabatic,64,130.0,0.6701774545575939,2.3271619462518918,0
spsa,adiabatic,65,132.0,0.669696749034856,2.2969872641866727,0
spsa,adiabatic,66,134.0,0.6608016334461617,2.2900203500170617,0
spsa,adiabatic,67,136.0,0.6584757655504081,2.28967880128726,0
spsa,adiabatic,68,138.0,0.6584376664639369,2.2797434245953725,0
spsa,adiabatic,69,140.0,0.6609033553808439,2.276588226646918,0
spsa,adiabatic,70,142.0,0.6589039377259172,2.2764689846874195,0
spsa,adiabatic,71,144.0,0.6612472963073965,2.2665544718448523,0
spsa,adiabatic,72,146.0,0.6567716201694467,2.254903811969715,0
spsa,adiabatic,73,148.0,0.653272343934013,2.253097727007351,0
spsa,adiabatic,74,150.0,0.6567881715866976,2.252760639541825,0
spsa,adiabatic,75,152.0,0.6590347226815495,2.2513719468355546,0
spsa,adiabatic,76,154.0,0.651268939073759,2.241763236396486,0
spsa,adiabatic,77,156.0,0.650607874540371,2.2396101697100383,0
spsa,adiabatic,78,158.0,0.650688463063813,2.2394355018313767,0
spsa,adiabatic,79,160.0,0.6557682264353311,2.2325231181004552,0
spsa,adiabatic,80,162.0,0.6514612473093488,2.231413207994498,0
spsa,adiabatic,81,164.0,0.64967126153389,2.2312253500719916,0
spsa,adiabatic,82,166.0,0.6494570647656321,2.223194721966804,0
spsa,adiabatic,83,168.0,0.6525655418328138,2.2114080943802983,0
spsa,adiabatic,84,170.0,0.6513185137476741,2.2071379353631215,0
spsa,adiabatic,85,172.0,0.6494425704034414,2.206952254686589,0
spsa,adiabatic,86,174.0,0.6462305157734343,2.2067853310855714,0
spsa,adiabatic,87,176.0,0.6455544432226958,2.201133099917353,0
spsa,adiabatic,88,178.0,0.6483999476785116,2.19934174288151,0
spsa,adiabatic,89,180.0,0.6437881773082827,2.1944745105569816,0
spsa,adiabatic,90,182.0,0.646652184611313,2.1919325473184155,0
spsa,adiabatic,91,184.0,0.6436442207283586,2.192054242409418,0
spsa,adiabatic,92,186.0,0.643467763354791,2.191216128211718,0
spsa,adiabatic,93,188.0,0.6473807406132746,2.1900810135686593,0
spsa,adiabatic,94,190.0,0.6439275714139523,2.1892382749258887,0
spsa,adiabatic,95,192.0,0.6426887559524315,2.187566417323063,0
spsa,adiabatic,96,194.0,0.6434164760030066,2.1858904186293926,0
spsa,adiabatic,97,196.0,0.6421228649325431,2.179239908610982,0
spsa,adiabatic,98,198.0,0.6429125385915739,2.1788781567007933,0
spsa,adiabatic,99,200.0,0.6465589361742314,2.1748700884265295,0
spsa,adiabatic,100,202.0,0.8367781804210557,2.1746275249096474,0
spsa,adiabatic,101,204.0,0.8457266071805276,2.171386579913618,0
spsa,adiabatic,102,206.0,0.8399305990487576,2.170087660191594,0
spsa,adiabatic,103,208.0,0.8343872708486153,2.161945270117198,0
spsa,adiabatic,104,210.0,0.8379756870422874,2.1612113762033345,0
spsa,adiabatic,105,212.0,0.8310421029085769,2.138728277902697,0
spsa,adiabatic,106,214.0,0.828368233813026,2.1364537608245726,0
spsa,adiabatic,107,216.0,0.8294622851663206,2.126393522905181,0
spsa,adiabatic,108,218.0,0.829271084160081,2.113548845956934,0
spsa,adiabatic,109,220.0,0.8206089743813525,2.1105277141423104,0
spsa,adiabatic,110,222.0,0.8227846332500905,2.1082299791491597,0
spsa,adiabatic,111,224.0,0.8222577778801449,2.1010771576636125,0
spsa,adiabatic,112,226.0,0.8202365801301111,2.098208519140965,0
spsa,adiabatic,113,228.0,0.8238912360613286,2.089955118425841,0
spsa,adiabatic,114,230.0,0.8170017923111237,2.0865810565689564,0
spsa,adiabatic,115,232.0,0.8182101449792496,2.0708392411328873,0
spsa,adiabatic,116,234.0,0.8203952131971717,2.0707168122644894,0
spsa,adiabatic,117,236.0,0.8152271256331698,2.0584328241445404,0
spsa,adiabatic,118,238.0,0.8110077334542936,2.0565551192710188,0
spsa,adiabatic,119,240.0,0.804246515138975,2.054073474669878,0
spsa,adiabatic,120,242.0,0.8041878885045641,2.050361386000416,0
spsa,adiabatic,121,244.0,0.7994938871070749,2.0498996277310177,0
spsa,adiabatic,122,246.0,0.8091996562331627,2.0493286633828474,0
spsa,adiabatic,123,248.0,0.8047520335774307,2.0470140423041117,0
spsa,adiabatic,124,250.0,0.8033368243157424,1.9946673887093966,0
spsa,adiabatic,125,252.0,0.788921918677806,1.9942663896214365,0
spsa,adiabatic,126,254.0,0.789264235480811,1.9884594264672024,0
spsa,adiabatic,127,256.0,0.7863176590005123,1.9743183989692195,0
spsa,adiabatic,128,258.0,0.7849241306644426,1.9735092166590062,0
spsa,adiabatic,129,260.0,0.7856844332660633,1.9717284797578611,0
spsa,adiabatic,130,262.0,0.7842288165314601,1.9686786601766102,0
spsa,adiabatic,131,264.0,0.7856499539436508,1.9652133551495523,0
spsa,adiabatic,132,266.0,0.7870449130521592,1.9644809053984393,0
spsa,adiabatic,133,268.0,0.7803701665348464,1.964389297120641,0
spsa,adiabatic,134,270.0,0.7847862269096972,1.9640498657339762,0
spsa,adiabatic,135,272.0,0.7816710506319446,1.951358004916724,0
spsa,adiabatic,136,274.0,0.7781694701905517,1.941890197269839,0
spsa,adiabatic,137,276.0,0.7741503635409026,1.9381825169429518,0
spsa,adiabatic,138,278.0,0.775049936410853,1.9375122452413691,0
spsa,adiabatic,139,280.0,0.7704241459081363,1.9372661367521125,0
spsa,adiabatic,140,282.0,0.7759636141782262,1.932658121785896,0
spsa,adiabatic,141,284.0,0.7797029129325337,1.929046463995987,0
spsa,adiabatic,142,286.0,0.7685507418592206,1.9245406356638406,0
spsa,adiabatic,143,288.0,0.7705779565005167,1.9239773391785318,0
spsa,adiabatic,144,290.0,0.7677516940511189,1.9117690289687401,0
spsa,adiabatic,145,292.0,0.7622224410808907,1.907950998415258,0
spsa,adiabatic,146,294.0,0.7691704086700244,1.906335668493864,0
spsa,adiabatic,147,296.0,0.7709011052215796,1.9046092762442584,0
spsa,adiabatic,148,298.0,0.7670920486830185,1.9047138428686694,0
spsa,adiabatic,149,300.0,0.7609326183914742,1.8969883983500047,0
spsa,adiabatic,150,302.0,0.9264524916069952,1.878280491096716,0
spsa,adiabatic,151,304.0,0.922270486071094,1.8781746813849787,0
spsa,adiabatic,152,306.0,0.9237277134609777,1.8785160218249783,0
spsa,adiabatic,153,308.0,0.9211576544834509,1.8754511997801004,0
spsa,adiabatic,154,310.0,0.9251725357191924,1.874651208048074,0
spsa,adiabatic,155,312.0,0.9218469633955242,1.8745673280968802,0
spsa,adiabatic,156,314.0,0.9200062232303199,1.8705269663673556,0
spsa,adiabatic,157,316.0,0.9189350374793204,1.8680022902749327,0
spsa,adiabatic,158,318.0,0.9305028046829218,1.8642855132675293,0
spsa,adiabatic,159,320.0,0.9124684434862433,1.8644423360497187,0
spsa,adiabatic,160,322.0,0.9215899189153824,1.8639666651877465,0
spsa,adiabatic,161,324.0,0.9145980081071773,1.854830984711831,0
spsa,adiabatic,162,326.0,0.9108365041452003,1.854794860161601,0
spsa,adiabatic,163,328.0,0.9139966429472235,1.8547507918391075,0
spsa,adiabatic,164,330.0,0.9127969456380998,1.854714625688311,0
spsa,adiabatic,165,332.0,0.9128117818698525,1.854608120192006,0
spsa,adiabatic,166,334.0,0.9185259799832761,1.8536291478659825,0
spsa,adiabatic,167,336.0,0.9176648341065474,1.8526836266611444,0
spsa,adiabatic,168,338.0,0.9144562287047375,1.85010659127017,0
spsa,adiabatic,169,340.0,0.9096871127960751,1.8374941528670512,0
spsa,adiabatic,170,342.0,0.904063267209543,1.8353829894887173,0
spsa,adiabatic,171,344.0,0.9065559245138557,1.82282691058072,0
spsa,adiabatic,172,346.0,0.9039477438005756,1.8225899710707287,0
spsa,adiabatic,173,348.0,0.901026245584231,1.8126365716165913,0
spsa,adiabatic,174,350.0,0.8960490144524764,1.8106551769124493,0
spsa,adiabatic,175,352.0,0.8992461233680844,1.8087274174466146,0
spsa,adiabatic,176,354.0,0.8919600678248363,1.7974565270855065,0
spsa,adiabatic,177,356.0,0.8909002284130573,1.7960639437824713,0
spsa,adiabatic,178,358.0,0.8915550499915184,1.7953198158811936,0
spsa,adiabatic,179,360.0,0.8904227819710695,1.7919760485826537,0
spsa,adiabatic,180,362.0,0.8933942286049443,1.7919747439781017,0
spsa,adiabatic,181,364.0,0.8891644727130266,1.7878869981815741,0
spsa,adiabatic,182,366.0,0.8907156062685778,1.7730886327035307,0
spsa,adiabatic,183,368.0,0.8856651892476923,1.7730954504068648,0
spsa,adiabatic,184,370.0,0.8827043348838941,1.773041715394574,0
spsa,adiabatic,185,372.0,0.8928114554943101,1.7714941106579576,0
spsa,adiabatic,186,374.0,0.8817489682713987,1.7673404784966096,0
spsa,adiabatic,187,376.0,0.8741939080840265,1.7659823946899427,0
spsa,adiabatic,188,378.0,0.8872402346997199,1.7659216825078672,0
spsa,adiabatic,189,380.0,0.876720721698242,1.742260260100338,0
spsa,adiabatic,190,382.0,0.8642238797191546,1.7394994657140495,0
spsa,adiabatic,191,384.0,0.869810274499984,1.7393390325821103,0
spsa,adiabatic,192,386.0,0.8768790690994563,1.7369278400098465,0
spsa,adiabatic,193,388.0,0.8681261686206485,1.726532917260374,0
spsa,adiabatic,194,390.0,0.8586743747037895,1.7264818766791878,0
spsa,adiabatic,195,392.0,0.8653474188974257,1.7244923323718848,0
spsa,adiabatic,196,394.0,0.8628179489490385,1.721201447365039,0
spsa,adiabatic,197,396.0,0.8612229716853554,1.7212130219236117,0
spsa,adiabatic,198,398.0,0.8636279292612004,1.7211297988948517,0
spsa,adiabatic,199,400.0,0.8700176115459552,1.7199584497400042,0
spsa,adiabatic,200,402.0,1.0152306884588946,1.7197821737849657,0
spsa,adiabatic,201,404.0,1.0140136510339433,1.7196666818316892,0
spsa,adiabatic,202,406.0,1.0174469312633432,1.7196994037743016,0
spsa,adiabatic,203,408.0,1.009386619298863,1.7185796706067338,0
spsa,adiabatic,204,410.0,1.0096081021064665,1.707158939932721,0
spsa,adiabatic,205,412.0,1.0082163388006546,1.7043134591708362,0
spsa,adiabatic,206,414.0,1.0085798866151605,1.6992756157491629,0
spsa,adiabatic,207,416.0,0.9924699023837593,1.6963454224269439,0
spsa,adiabatic,208,418.0,1.0050828234072082,1.6927052917194378,0
spsa,adiabatic,209,420.0,0.9970478274735585,1.6924906434835085,0
spsa,adiabatic,210,422.0,1.0004093126450748,1.6676361483236237,0
spsa,adiabatic,211,424.0,0.9887932448045686,1.6597030683624014,0
spsa,adiabatic,212,426.0,0.9986065552592922,1.6344988496295132,0
spsa,adiabatic,213,428.0,0.9793762446497432,1.6216709170722237,0
spsa,adiabatic,214,430.0,0.9593196064249514,1.6204523534284503,0
spsa,adiabatic,215,432.0,0.9545564804124563,1.6187252555242024,0
spsa,adiabatic,216,434.0,0.9599923173170697,1.5893455274065078,0
spsa,adiabatic,217,436.0,0.9639239059356877,1.5891848741063692,0
spsa,adiabatic,218,438.0,0.9669156997196409,1.567744948819468,0
spsa,adiabatic,219,440.0,0.9376509738518273,1.5563283185225598,0
spsa,adiabatic,220,442.0,0.9369714859994362,1.5553771949842683,0
spsa,adiabatic,221,444.0,0.9302273332948969,1.5526547766712537,0
spsa,adiabatic,222,446.0,0.9313881960694341,1.5066838598187624,0
spsa,adiabatic,223,448.0,0.9135035295664118,1.5052078543291685,0
spsa,adiabatic,224,450.0,0.9106859701520367,1.5050072469688465,0
spsa,adiabatic,225,452.0,0.9108046287400056,1.4599901655719683,0
spsa,adiabatic,226,454.0,0.8840605733784566,1.4550630119328214,0
spsa,adiabatic,227,456.0,0.8893179519700747,1.4372417011680334,0
spsa,adiabatic,228,458.0,0.8855966070807975,1.4334695651837077,0
spsa,adiabatic,229,460.0,0.8826773072760117,1.4216882176634187,0
spsa,adiabatic,230,462.0,0.8704255558890726,1.3874582627086671,0
spsa,adiabatic,231,464.0,0.8497733574957271,1.3827330120754304,0
spsa,adiabatic,232,466.0,0.8551156842816253,1.382725980312265,0
spsa,adiabatic,233,468.0,0.8458976287405597,1.381162866321086,0
spsa,adiabatic,234,470.0,0.8529408263650016,1.3773950748789128,0
spsa,adiabatic,235,472.0,0.8584090231172761,1.3712199473054718,0
spsa,adiabatic,236,474.0,0.8582874151757979,1.3513438538837732,0
spsa,adiabatic,237,476.0,0.8406484707365696,1.3473927154366694,0
spsa,adiabatic,238,478.0,0.8181817303996286,1.259637616632334,0
spsa,adiabatic,239,480.0,0.7961090457211273,1.2499158702067514,0
spsa,adiabatic,240,482.0,0.7806887518872435,1.2495551691121696,0
spsa,adiabatic,241,484.0,0.7812525342911977,1.246631068984813,0
spsa,adiabatic,242,486.0,0.778406846326115,1.2405830173485386,0
spsa,adiabatic,243,488.0,0.7730350669686344,1.2374467925332167,0
spsa,adiabatic,244,490.0,0.7737258213235892,1.2168079210834257,0
spsa,adiabatic,245,492.0,0.7694810311998278,1.215044420057753,0
spsa,adiabatic,246,494.0,0.7683273558643001,1.207747493765776,0
spsa,adiabatic,247,496.0,0.7645187069470434,1.167104131203219,0
spsa,adiabatic,248,498.0,0.733169818531469,1.1255680496520994,0
spsa,adiabatic,249,500.0,0.7112561431926381,1.1213335021197894,0
spsa,adiabatic,250,502.0,0.8154563620182806,1.1202170711821828,0
spsa,adiabatic,251,504.0,0.8011859639177674,1.1151551338585133,0
spsa,adiabatic,252,506.0,0.8162805617388125,1.1110825807391567,0
spsa,adiabatic,253,508.0,0.8172324613098518,1.105848722451243,0
spsa,adiabatic,254,510.0,0.7978963384184727,1.0902205825599087,0
spsa,adiabatic,255,512.0,0.7864574207233037,1.0874860881454573,0
spsa,adiabatic,256,514.0,0.7992820668569544,1.0787810413891252,0
spsa,adiabatic,257,516.0,0.790314170205582,1.0778005627959457,0
spsa,adiabatic,258,518.0,0.7833305750225902,1.07710982109649,0
spsa,adiabatic,259,520.0,0.7872696596174038,1.077145789240932,0
spsa,adiabatic,260,522.0,0.7848995422488609,1.067789819332482,0
spsa,adiabatic,261,524.0,0.7863385669607311,1.0659781403856454,0
spsa,adiabatic,262,526.0,0.7837607300258368,1.0126884858636185,0
spsa,adiabatic,263,528.0,0.7502470840408548,1.0111566132041219,0
spsa,adiabatic,264,530.0,0.7435267168105714,1.0111367595413752,0
spsa,adiabatic,265,532.0,0.7524197902988778,1.0101753934646158,0
spsa,adiabatic,266,534.0,0.7588742548807854,1.009698227151036,0
spsa,adiabatic,267,536.0,0.7530844161312851,1.0096978719580916,0
spsa,adiabatic,268,538.0,0.7559688526776105,1.0024524619556219,0
spsa,adiabatic,269,540.0,0.7486734475729875,0.9916500660399943,0
spsa,adiabatic,270,542.0,0.7336483646933885,0.991559930916663,0
spsa,adiabatic,271,544.0,0.7429393267357456,0.9848219043173373,0
spsa,adiabatic,272,546.0,0.7307621132701291,0.9837167859836683,0
spsa,adiabatic,273,548.0,0.7407891710113182,0.9211178524253684,0
spsa,adiabatic,274,550.0,0.7036850305631999,0.8986313605843829,0
spsa,adiabatic,275,552.0,0.6848181762247352,0.8785945004584211,0
spsa,adiabatic,276,554.0,0.6675449993880127,0.8619127262174814,0
spsa,adiabatic,277,556.0,0.6616352091677955,0.8601281181742033,0
spsa,adiabatic,278,558.0,0.6874706666395806,0.85049320964733,0
spsa,adiabatic,279,560.0,0.657410432562438,0.8065596596511394,0
spsa,adiabatic,280,562.0,0.6248350316797122,0.8065348689129817,0
spsa,adiabatic,281,564.0,0.6297617062990056,0.7938782781682499,0
spsa,adiabatic,282,566.0,0.6302898284696865,0.7930161830385135,0
spsa,adiabatic,283,568.0,0.6285260145446074,0.7923170284168585,0
spsa,adiabatic,284,570.0,0.6232086106671673,0.7413590149531487,0
spsa,adiabatic,285,572.0,0.5898754671513238,0.7240088043891464,0
spsa,adiabatic,286,574.0,0.5785855804098516,0.7237335077569154,0
spsa,adiabatic,287,576.0,0.5749290082970268,0.7094767641010727,0
spsa,adiabatic,288,578.0,0.5805675760172166,0.7093666810897251,0
spsa,adiabatic,289,580.0,0.5728675833515087,0.706286522195498,0
spsa,adiabatic,290,582.0,0.5652718552432606,0.6867248248201632,0
spsa,adiabatic,291,584.0,0.5524324708422407,0.6858404661573468,0
spsa,adiabatic,292,586.0,0.550146354468341,0.684992807643391,0
spsa,adiabatic,293,588.0,0.5512468110784049,0.6155142755976089,0
spsa,adiabatic,294,590.0,0.5213640746450214,0.5699364543249554,0
spsa,adiabatic,295,592.0,0.5012024948690929,0.5695087055765867,0
spsa,adiabatic,296,594.0,0.4874017254598532,0.5560057146319775,0
spsa,adiabatic,297,596.0,0.4801192859642368,0.5538427604015578,0
spsa,adiabatic,298,598.0,0.4697541471137716,0.5534518085988721,0
spsa,adiabatic,299,600.0,0.47348346210622716,0.5512453370352117,0
spsa,adiabatic,300,602.0,0.5383307587477679,0.5504550303742135,0
spsa,adiabatic,301,604.0,0.501759009682671,0.5250475231645135,0
spsa,adiabatic,302,606.0,0.4970623457061204,0.5168387938664701,0
spsa,adiabatic,303,608.0,0.49725637103566234,0.5086745924613622,0
spsa,adiabatic,304,610.0,0.508074086401896,0.5085311344928031,0
spsa,adiabatic,305,612.0,0.4906392809622389,0.50836419462344,0
spsa,adiabatic,306,614.0,0.4936429142141586,0.4942233517564218,0
spsa,adiabatic,307,616.0,0.4809357876606156,0.49279020752678615,0
spsa,adiabatic,308,618.0,0.4708624963197977,0.49206829397104,0
spsa,adiabatic,309,620.0,0.4813742888329514,0.4849154649543392,0
spsa,adiabatic,310,622.0,0.4912046689438931,0.4829133485998873,0
spsa,adiabatic,311,624.0,0.47629565651378614,0.4819538633744179,0
spsa,adiabatic,312,626.0,0.5051377220530009,0.4791754742185101,0
spsa,adiabatic,313,628.0,0.46274677416073934,0.44173404276910605,0
spsa,adiabatic,314,630.0,0.45522643979318056,0.43372618564481674,0
spsa,adiabatic,315,632.0,0.4402891830351563,0.42665521926306144,0
spsa,adiabatic,316,634.0,0.4286262801587137,0.4169892853904975,0
spsa,adiabatic,317,636.0,0.4258241910762575,0.41317997076956603,0
spsa,adiabatic,318,638.0,0.42463895931167245,0.39811214716544124,0
spsa,adiabatic,319,640.0,0.4143933236000508,0.39302969633009416,0
spsa,adiabatic,320,642.0,0.40328947464294973,0.39115146569499976,0
spsa,adiabatic,321,644.0,0.3964718518573155,0.3904848416854817,0
spsa,adiabatic,322,646.0,0.4180176096680631,0.37298499969226767,0
spsa,adiabatic,323,648.0,0.40544095314593154,0.37287725644233066,0
spsa,adiabatic,324,650.0,0.40320666783845127,0.34360794503085,0
spsa,adiabatic,325,652.0,0.3689656121038385,0.3364452653154809,0
spsa,adiabatic,326,654.0,0.3538439960084281,0.33012958040480556,0
spsa,adiabatic,327,656.0,0.356410708045489,0.3026154515502533,0
spsa,adiabatic,328,658.0,0.3397072161222484,0.30222877659974495,0
spsa,adiabatic,329,660.0,0.336717688908839,0.29645566399533024,0
spsa,adiabatic,330,662.0,0.3413015268030799,0.2451319054888186,0
spsa,adiabatic,331,664.0,0.2964388935306205,0.24460770089313266,0
spsa,adiabatic,332,666.0,0.32232730370579604,0.23463599108287045,0
spsa,adiabatic,333,668.0,0.290294762934142,0.23332797224973528,0
spsa,adiabatic,334,670.0,0.2840363827794635,0.18880963461408867,0
spsa,adiabatic,335,672.0,0.26874395570767506,0.1330537819520177,0
spsa,adiabatic,336,674.0,0.21356979366705864,0.09548548327704168,0
spsa,adiabatic,337,676.0,0.2020638354966115,0.027800444206686648,0
spsa,adiabatic,338,678.0,0.18357888910537126,0.022865910352114955,0
spsa,adiabatic,339,680.0,0.12496930717690147,0.022766194928031554,0
spsa,adiabatic,340,682.0,0.1588808739392813,0.018260117096792948,0
spsa,adiabatic,341,684.0,0.1603388840058525,-0.008423220693052867,0
spsa,adiabatic,342,686.0,0.1378296950892964,-0.010861697392192492,0
spsa,adiabatic,343,688.0,0.121748150372708,-0.016370925103217387,0
spsa,adiabatic,344,690.0,0.12324244459658203,-0.016366949640091232,0
spsa,adiabatic,345,692.0,0.12223967166304031,-0.029046092408104535,0
spsa,adiabatic,346,694.0,0.13240642096066974,-0.05211298584824528,0
spsa,adiabatic,347,696.0,0.08566392630321978,-0.06361791309584343,0
spsa,adiabatic,348,698.0,0.12634492140361023,-0.06839021010455751,0
spsa,adiabatic,349,700.0,0.09379816886600717,-0.10886671948551822,0
spsa,adiabatic,350,702.0,0.03956383302994834,-0.11399761342822999,0
spsa,adiabatic,351,704.0,0.05526694270207199,-0.11629161725798105,0
spsa,adiabatic,352,706.0,0.051516055433600993,-0.12095380576189693,0
spsa,adiabatic,353,708.0,0.04151735626329739,-0.13734389576776554,0
spsa,adiabatic,354,710.0,-0.003093338027923536,-0.14961134430526304,0
spsa,adiabatic,355,712.0,0.007782170754699107,-0.15378736301334428,0
spsa,adiabatic,356,714.0,0.022479895794193648,-0.1582144083631581,0
spsa,adiabatic,357,716.0,0.01748379314531763,-0.16023810333009167,0
spsa,adiabatic,358,718.0,-0.023031787596001545,-0.20251657418703692,0
spsa,adiabatic,359,720.0,-0.04367344478304912,-0.2025812986926103,0
spsa,adiabatic,360,722.0,-0.03806761396281846,-0.2446159514320241,0
spsa,adiabatic,361,724.0,-0.06259792298964627,-0.24930780528251628,0
spsa,adiabatic,362,726.0,-0.08883131401517383,-0.2619602177942959,0
spsa,adiabatic,363,728.0,-0.06688820215100529,-0.2620483817677499,0
spsa,adiabatic,364,730.0,-0.07546690155497535,-0.28941178078419344,0
spsa,adiabatic,365,732.0,-0.11307008832664694,-0.3006697506845853,0
spsa,adiabatic,366,734.0,-0.09668502238682057,-0.30183751031336353,0
spsa,adiabatic,367,736.0,-0.11851833033294748,-0.3020894358366984,0
spsa,adiabatic,368,738.0,-0.1368194385565743,-0.30210925004155065,0
spsa,adiabatic,369,740.0,-0.09204665937116517,-0.3104691896067749,0
spsa,adiabatic,370,742.0,-0.12135786423623438,-0.3316811057198953,0
spsa,adiabatic,371,744.0,-0.13915567493999761,-0.36677401248825336,0
spsa,adiabatic,372,746.0,-0.14219581111949944,-0.3699512809120332,0
spsa,adiabatic,373,748.0,-0.16317602548419263,-0.3710575052458317,0
spsa,adiabatic,374,750.0,-0.173571333450498,-0.4311284670216216,0
spsa,adiabatic,375,752.0,-0.2201397798237562,-0.4340904158206777,0
spsa,adiabatic,376,754.0,-0.20938631669109492,-0.4342720937195162,0
spsa,adiabatic,377,756.0,-0.22073083751776926,-0.5209868713009913,0
spsa,adiabatic,378,758.0,-0.27808855556784906,-0.5336960562021492,0
spsa,adiabatic,379,760.0,-0.29199351223466835,-0.5447387945100176,0
spsa,adiabatic,380,762.0,-0.30229066059010345,-0.5672709278365025,0
spsa,adiabatic,381,764.0,-0.30815529742129166,-0.5756733572452899,0
spsa,adiabatic,382,766.0,-0.35358643870956097,-0.5762090985671785,0
spsa,adiabatic,383,768.0,-0.3321137969945106,-0.5948748522307864,0
spsa,adiabatic,384,770.0,-0.33141136523469605,-0.6026405823032289,0
spsa,adiabatic,385,772.0,-0.345157437854563,-0.6031045927867514,0
spsa,adiabatic,386,774.0,-0.3418014500638553,-0.6089519927541237,0
spsa,adiabatic,387,776.0,-0.3695010362461853,-0.6399443959240244,0
spsa,adiabatic,388,778.0,-0.33618264807946574,-0.6314571196988602,0
spsa,adiabatic,389,780.0,-0.3604447692267818,-0.6314513470138354,0
spsa,adiabatic,390,782.0,-0.3684623863829485,-0.6543453911839296,0
spsa,adiabatic,391,784.0,-0.3570816647792364,-0.654113517510024,0
spsa,adiabatic,392,786.0,-0.37796843943644753,-0.6666529356071906,0
spsa,adiabatic,393,788.0,-0.38415055786322627,-0.6674255745912036,0
spsa,adiabatic,394,790.0,-0.41296187848725907,-0.6730871947333915,0
spsa,adiabatic,395,792.0,-0.38331149235042206,-0.675731403054786,0
spsa,adiabatic,396,794.0,-0.3868831315613157,-0.6796247481850309,0
spsa,adiabatic,397,796.0,-0.4342585310161908,-0.679800153613491,0
spsa,adiabatic,398,798.0,-0.40756818764075653,-0.6830630752856249,0
spsa,adiabatic,399,800.0,-0.4173513158120489,-0.6844944168898791,0
spsa,adiabatic,400,802.0,-0.5054814062531943,-0.6843862796911382,0
spsa,adiabatic,401,804.0,-0.46806214977457794,-0.6802770432549737,0
spsa,adiabatic,402,806.0,-0.47704439077580185,-0.6808504975544601,0
spsa,adiabatic,403,808.0,-0.4918051479380401,-0.6866856873631914,0
spsa,adiabatic,404,810.0,-0.4967532676843142,-0.6945743002111531,0
spsa,adiabatic,405,812.0,-0.5036331380127003,-0.6963678890217507,0
spsa,adiabatic,406,814.0,-0.47605386221275214,-0.6961141132734343,0
spsa,adiabatic,407,816.0,-0.5180399849258643,-0.7294103923817812,0
spsa,adiabatic,408,818.0,-0.562474668296316,-0.7753242203502102,0
spsa,adiabatic,409,820.0,-0.5315604712587306,-0.7539531911024265,0
spsa,adiabatic,410,822.0,-0.5615584762473267,-0.7683785282812735,0
spsa,adiabatic,411,824.0,-0.5582163039443977,-0.7677885349082181,0
spsa,adiabatic,412,826.0,-0.5537011310218378,-0.7663130409952471,0
spsa,adiabatic,413,828.0,-0.5871915061808569,-0.8157839396676647,0
spsa,adiabatic,414,830.0,-0.5805364479980508,-0.803400279219654,0
spsa,adiabatic,415,832.0,-0.5802519973006826,-0.8031911620288344,0
spsa,adiabatic,416,834.0,-0.6034022634082443,-0.8140383707985421,0
spsa,adiabatic,417,836.0,-0.6026541820136968,-0.8143289531400416,0
spsa,adiabatic,418,838.0,-0.6133007927874925,-0.8147809346851553,0
spsa,adiabatic,419,840.0,-0.5991939126340171,-0.8150601532339888,0
spsa,adiabatic,420,842.0,-0.6087780835434135,-0.8163111265529467,0
spsa,adiabatic,421,844.0,-0.6064695137270711,-0.8162031236327556,0
spsa,adiabatic,422,846.0,-0.6054619096976832,-0.820659263197051,0
spsa,adiabatic,423,848.0,-0.6214443946744763,-0.8278769790645656,0
spsa,adiabatic,424,850.0,-0.6087189339135882,-0.8264525489461176,0
spsa,adiabatic,425,852.0,-0.627560010512727,-0.8490381570751501,0
spsa,adiabatic,426,854.0,-0.6599633727055937,-0.8503570823467255,0
spsa,adiabatic,427,856.0,-0.6365278246068788,-0.8555268335922281,0
spsa,adiabatic,428,858.0,-0.6267376417752842,-0.847152530757971,0
spsa,adiabatic,429,860.0,-0.6322347168391294,-0.8579131629226212,0
spsa,adiabatic,430,862.0,-0.653466857672761,-0.8738458279476451,0
spsa,adiabatic,431,864.0,-0.6504429462083952,-0.8738758196638364,0
spsa,adiabatic,432,866.0,-0.6479410773814098,-0.874245459769788,0
spsa,adiabatic,433,868.0,-0.6631836109800677,-0.8802641499804041,0
spsa,adiabatic,434,870.0,-0.6728794015948059,-0.8871351350862998,0
spsa,adiabatic,435,872.0,-0.6829944681345647,-0.8899075124571273,0
spsa,adiabatic,436,874.0,-0.6799946982328824,-0.9030139524691083,0
spsa,adiabatic,437,876.0,-0.6882162692618454,-0.90623073755102,0
spsa,adiabatic,438,878.0,-0.6928486258631683,-0.9148442699859778,0
spsa,adiabatic,439,880.0,-0.6908924104469379,-0.9166418304263412,0
spsa,adiabatic,440,882.0,-0.6678305139520334,-0.9163233182914988,0
spsa,adiabatic,441,884.0,-0.7052310444625547,-0.916881286185731,0
spsa,adiabatic,442,886.0,-0.7167749769288796,-0.9179379508975362,0
spsa,adiabatic,443,888.0,-0.6662080534436086,-0.91605550102752,0
spsa,adiabatic,444,890.0,-0.7129181290072899,-0.9165755857422457,0
spsa,adiabatic,445,892.0,-0.7140938674475752,-0.918892744575088,0
spsa,adiabatic,446,894.0,-0.7088613815018621,-0.9201046526744632,0
spsa,adiabatic,447,896.0,-0.7038056000691084,-0.9226458048411899,0
spsa,adiabatic,448,898.0,-0.7083027240019144,-0.9229997129768138,0
spsa,adiabatic,449,900.0,-0.6870277157896152,-0.9226565130864752,0
spsa,adiabatic,450,902.0,-0.8305680507962112,-0.9229597567920084,0
spsa,adiabatic,451,904.0,-0.7676715236605443,-0.8882101352073452,0
spsa,adiabatic,452,906.0,-0.7705779912081632,-0.8881141592594461,0
spsa,adiabatic,453,908.0,-0.732561119959791,-0.8686968504431563,0
spsa,adiabatic,454,910.0,-0.7470730532391292,-0.8673056063563548,0
spsa,adiabatic,455,912.0,-0.7504098303010791,-0.865509267942822,0
spsa,adiabatic,456,914.0,-0.7223864681571988,-0.834820832899654,0
spsa,adiabatic,457,916.0,-0.7182311758343907,-0.8349671024014557,0
spsa,adiabatic,458,918.0,-0.7193317890225157,-0.8350882228105041,0
spsa,adiabatic,459,920.0,-0.7136242229670905,-0.8299580545241714,0
spsa,adiabatic,460,922.0,-0.7134583151811676,-0.8295897234355507,0
spsa,adiabatic,461,924.0,-0.7023894194749177,-0.8295413937697724,0
spsa,adiabatic,462,926.0,-0.7280403120065205,-0.8367218687966652,0
spsa,adiabatic,463,928.0,-0.6928693357978913,-0.8345746376392115,0
spsa,adiabatic,464,930.0,-0.7398525405206406,-0.8350548282375441,0
spsa,adiabatic,465,932.0,-0.7376337495885736,-0.8417688917297113,0
spsa,adiabatic,466,934.0,-0.7595965662402959,-0.8426507732988787,0
spsa,adiabatic,467,936.0,-0.6734829133492817,-0.7329521803520604,0
spsa,adiabatic,468,938.0,-0.6009517513260436,-0.7287578677564294,0
spsa,adiabatic,469,940.0,-0.6357778416904293,-0.7392492019790338,0
spsa,adiabatic,470,942.0,-0.6467756054060181,-0.7401525740288752,0
spsa,adiabatic,471,944.0,-0.6468250447723749,-0.7418986505166224,0
spsa,adiabatic,472,946.0,-0.6365446133662174,-0.7440354706228616,0
spsa,adiabatic,473,948.0,-0.6286510209981673,-0.7452114708527158,0
spsa,adiabatic,474,950.0,-0.6254480110766286,-0.7411546972900096,0
spsa,adiabatic,475,952.0,-0.6611567267136053,-0.7419659980256481,0
spsa,adiabatic,476,954.0,-0.641205487271423,-0.741993727654734,0
spsa,adiabatic,477,956.0,-0.6543229124402297,-0.7428716379338492,0
spsa,adiabatic,478,958.0,-0.6561076353411309,-0.8010358379966221,0
spsa,adiabatic,479,960.0,-0.7090293824629486,-0.8056624723411812,0
spsa,adiabatic,480,962.0,-0.7114512717157508,-0.8197864219217866,0
spsa,adiabatic,481,964.0,-0.7125836001045982,-0.8259592315983899,0
spsa,adiabatic,482,966.0,-0.7252710294618664,-0.8260801885295954,0
spsa,adiabatic,483,968.0,-0.7389204703172867,-0.8575376401300809,0
spsa,adiabatic,484,970.0,-0.7155249491454657,-0.8524445925243571,0
spsa,adiabatic,485,972.0,-0.750530182574769,-0.8556850107525336,0
spsa,adiabatic,486,974.0,-0.7642946991289508,-0.8610487349059963,0
spsa,adiabatic,487,976.0,-0.7566584423692507,-0.8645863554137422,0
spsa,adiabatic,488,978.0,-0.7960978040553142,-0.8788636244513626,0
spsa,adiabatic,489,980.0,-0.771612156675308,-0.8788625346549155,0
spsa,adiabatic,490,982.0,-0.7625959110424885,-0.8789236238655346,0
spsa,adiabatic,491,984.0,-0.769067713287132,-0.8855683576467175,0
spsa,adiabatic,492,986.0,-0.7549914206984037,-0.8836397316083008,0
spsa,adiabatic,493,988.0,-0.7663087079171635,-0.8859598112697413,0
spsa,adiabatic,494,990.0,-0.756670539955864,-0.8846137586372332,0
spsa,adiabatic,495,992.0,-0.7839947185824879,-0.8863977550270326,0
spsa,adiabatic,496,994.0,-0.7359794688047119,-0.8749706809977299,0
spsa,adiabatic,497,996.0,-0.7406154225520274,-0.857664788973916,0
spsa,adiabatic,498,998.0,-0.7353884003406199,-0.8556309521401254,0
spsa,adiabatic,499,1000.0,-0.7440998511676495,-0.8556358760990435,0
spsa,sea,0,2.0,3.067914925285141,3.067914925285141,0
spsa,sea,1,4.0,3.046519872040455,3.046519872040455,0
spsa,sea,2,6.0,3.234683778295692,3.234683778295692,0
spsa,sea,3,8.0,3.094656760600663,3.094656760600663,0
spsa,sea,4,10.0,2.645050098610813,2.645050098610813,0
spsa,sea,5,12.0,2.670030593176201,2.670030593176201,0
spsa,sea,6,14.0,2.5921225867481272,2.5921225867481272,0
spsa,sea,7,16.0,2.9131057839642596,2.9131057839642596,0
spsa,sea,8,18.0,2.7099784120474473,2.7099784120474473,0
spsa,sea,9,20.0,2.686789259515882,2.686789259515882,0
spsa,sea,10,22.0,2.825247815361487,2.825247815361487,0
spsa,sea,11,24.0,2.892183014413428,2.892183014413428,0
spsa,sea,12,26.0,3.010041177468662,3.010041177468662,0
spsa,sea,13,28.0,2.5921878747471867,2.5921878747471867,0
spsa,sea,14,30.0,2.326537418813282,2.326537418813282,0
spsa,sea,15,32.0,2.4259307137041346,2.4259307137041346,0
spsa,sea,16,34.0,2.382616904990745,2.382616904990745,0
spsa,sea,17,36.0,2.421654855516121,2.421654855516121,0
spsa,sea,18,38.0,2.3680385001546744,2.3680385001546744,0
spsa,sea,19,40.0,2.417366993019449,2.417366993019449,0
spsa,sea,20,42.0,2.415008102675965,2.415008102675965,0
spsa,sea,21,44.0,2.4401549453738887,2.4401549453738887,0
spsa,sea,22,46.0,2.616235890064795,2.616235890064795,0
spsa,sea,23,48.0,2.5351342627916806,2.5351342627916806,0
spsa,sea,24,50.0,2.3109459801446883,2.3109459801446883,0
spsa,sea,25,52.0,2.2809990908043556,2.2809990908043556,0
spsa,sea,26,54.0,2.201132016968533,2.201132016968533,0
spsa,sea,27,56.0,2.7781289619791676,2.7781289619791676,0
spsa,sea,28,58.0,2.535387382441919,2.535387382441919,0
spsa,sea,29,60.0,2.5507085678234227,2.5507085678234227,0
spsa,sea,30,62.0,1.1893118745772298,1.1893118745772298,0
spsa,sea,31,64.0,1.50675226325634,1.50675226325634,0
spsa,sea,32,66.0,1.7776844628456165,1.7776844628456165,0
spsa,sea,33,68.0,1.8149108632580968,1.8149108632580968,0
spsa,sea,34,70.0,1.9117457581310817,1.9117457581310817,0
spsa,sea,35,72.0,3.378612061954062,3.378612061954062,0
spsa,sea,36,74.0,2.5931661929415184,2.5931661929415184,0
spsa,sea,37,76.0,2.5476360602554613,2.5476360602554613,0
spsa,sea,38,78.0,2.6808006706120815,2.6808006706120815,0
spsa,sea,39,80.0,2.6850529735439688,2.6850529735439688,0
spsa,sea,40,82.0,2.774793956464123,2.774793956464123,0
spsa,sea,41,84.0,2.7862804240354437,2.7862804240354437,0
spsa,sea,42,86.0,2.745275950504419,2.745275950504419,0
spsa,sea,43,88.0,2.759609442691188,2.759609442691188,0
spsa,sea,44,90.0,2.7682617791634687,2.7682617791634687,0
spsa,sea,45,92.0,2.7631599385301504,2.7631599385301504,0
spsa,sea,46,94.0,2.7142306644726553,2.7142306644726553,0
spsa,sea,47,96.0,2.5778082591918103,2.5778082591918103,0
spsa,sea,48,98.0,2.5277678658849188,2.5277678658849188,0
spsa,sea,49,100.0,2.512751379068405,2.512751379068405,0
spsa,sea,50,102.0,2.511535547959282,2.511535547959282,0
spsa,sea,51,104.0,2.4783102950550773,2.4783102950550773,0
spsa,sea,52,106.0,2.4167264643529376,2.4167264643529376,0
spsa,sea,53,108.0,2.4295229567525825,2.4295229567525825,0
spsa,sea,54,110.0,2.448931252267526,2.448931252267526,0
spsa,sea,55,112.0,2.3927491474155023,2.3927491474155023,0
spsa,sea,56,114.0,2.3088681265150157,2.3088681265150157,0
spsa,sea,57,116.0,2.311149627859333,2.311149627859333,0
spsa,sea,58,118.0,2.273410800781625,2.273410800781625,0
spsa,sea,59,120.0,2.273074459302761,2.273074459302761,0
spsa,sea,60,122.0,2.2186838719102067,2.2186838719102067,0
spsa,sea,61,124.0,2.196116647839306,2.196116647839306,0
spsa,sea,62,126.0,2.0821418543524683,2.0821418543524683,0
spsa,sea,63,128.0,2.1204165305330527,2.1204165305330527,0
spsa,sea,64,130.0,2.245015341684323,2.245015341684323,0
spsa,sea,65,132.0,2.2510151061519865,2.2510151061519865,0
spsa,sea,66,134.0,2.2294124454146425,2.2294124454146425,0
spsa,sea,67,136.0,2.1683530009603826,2.1683530009603826,0
spsa,sea,68,138.0,2.1334391996643536,2.1334391996643536,0
spsa,sea,69,140.0,2.0013854637246293,2.0013854637246293,0
spsa,sea,70,142.0,2.0404365181865307,2.0404365181865307,0
spsa,sea,71,144.0,2.5158490935108055,2.5158490935108055,0
spsa,sea,72,146.0,2.371575345016354,2.371575345016354,0
spsa,sea,73,148.0,2.3528018313119796,2.3528018313119796,0
spsa,sea,74,150.0,2.342945810225247,2.342945810225247,0
spsa,sea,75,152.0,2.3060402484846794,2.3060402484846794,0
spsa,sea,76,154.0,2.1899910080138136,2.1899910080138136,0
spsa,sea,77,156.0,2.12413677808565,2.12413677808565,0
spsa,sea,78,158.0,1.9887627253967126,1.9887627253967126,0
spsa,sea,79,160.0,1.9512478653988414,1.9512478653988414,0
spsa,sea,80,162.0,1.891895379147138,1.891895379147138,0
spsa,sea,81,164.0,1.8247944675759538,1.8247944675759538,0
spsa,sea,82,166.0,1.7552861662465093,1.7552861662465093,0
spsa,sea,83,168.0,1.7918285205920648,1.7918285205920648,0
spsa,sea,84,170.0,2.4646553405633203,2.4646553405633203,0
spsa,sea,85,172.0,2.4436075101512604,2.4436075101512604,0
spsa,sea,86,174.0,2.462389680160185,2.462389680160185,0
spsa,sea,87,176.0,2.3078683317754587,2.3078683317754587,0
spsa,sea,88,178.0,2.2966370179193483,2.2966370179193483,0
spsa,sea,89,180.0,2.343764888479372,2.343764888479372,0
spsa,sea,90,182.0,2.2940461811681603,2.2940461811681603,0
spsa,sea,91,184.0,2.133969310426109,2.133969310426109,0
spsa,sea,92,186.0,1.9382769626585772,1.9382769626585772,0
spsa,sea,93,188.0,1.9486673104925754,1.9486673104925754,0
spsa,sea,94,190.0,1.9389726717741247,1.9389726717741247,0
spsa,sea,95,192.0,1.998065127637985,1.998065127637985,0
spsa,sea,96,194.0,1.911025810079164,1.911025810079164,0
spsa,sea,97,196.0,1.8205256893421926,1.8205256893421926,0
spsa,sea,98,198.0,2.0751694029277887,2.0751694029277887,0
spsa,sea,99,200.0,2.0548295920373683,2.0548295920373683,0
spsa,sea,100,202.0,1.9352466075024928,1.9352466075024928,0
spsa,sea,101,204.0,2.281106807869181,2.281106807869181,0
spsa,sea,102,206.0,2.2266709927189483,2.2266709927189483,0
spsa,sea,103,208.0,2.2047773151435113,2.2047773151435113,0
spsa,sea,104,210.0,2.013099442774957,2.013099442774957,0
spsa,sea,105,212.0,2.020391570539041,2.020391570539041,0
spsa,sea,106,214.0,1.942982767528867,1.942982767528867,0
spsa,sea,107,216.0,1.573232752910939,1.573232752910939,0
spsa,sea,108,218.0,1.5442368978148677,1.5442368978148677,0
spsa,sea,109,220.0,1.5882263666709544,1.5882263666709544,0
spsa,sea,110,222.0,1.6173428111555426,1.6173428111555426,0
spsa,sea,111,224.0,1.6329691689316823,1.6329691689316823,0
spsa,sea,112,226.0,1.7925840304175513,1.7925840304175513,0
spsa,sea,113,228.0,1.7250054137625712,1.7250054137625712,0
spsa,sea,114,230.0,1.7585648601096224,1.7585648601096224,0
spsa,sea,115,232.0,1.7339929629450295,1.7339929629450295,0
spsa,sea,116,234.0,1.7204748016348326,1.7204748016348326,0
spsa,sea,117,236.0,1.6339324114096827,1.6339324114096827,0
spsa,sea,118,238.0,1.6246193863028555,1.6246193863028555,0
spsa,sea,119,240.0,1.7473772851126887,1.7473772851126887,0
spsa,sea,120,242.0,1.7906486672521154,1.7906486672521154,0
spsa,sea,121,244.0,1.7464673359724672,1.7464673359724672,0
spsa,sea,122,246.0,1.6728880011891023,1.6728880011891023,0
spsa,sea,123,248.0,1.4399058836976302,1.4399058836976302,0
spsa,sea,124,250.0,1.5904728797607652,1.5904728797607652,0
spsa,sea,125,252.0,1.5885060798455934,1.5885060798455934,0
spsa,sea,126,254.0,1.5745181647661837,1.5745181647661837,0
spsa,sea,127,256.0,1.5647340285913809,1.5647340285913809,0
spsa,sea,128,258.0,1.5042355656577244,1.5042355656577244,0
spsa,sea,129,260.0,1.3584608862197753,1.3584608862197753,0
spsa,sea,130,262.0,1.2597515070352552,1.2597515070352552,0
spsa,sea,131,264.0,1.2696306504510366,1.2696306504510366,0
spsa,sea,132,266.0,1.2791722788857713,1.2791722788857713,0
spsa,sea,133,268.0,1.3797938006396113,1.3797938006396113,0
spsa,sea,134,270.0,1.3211741239919221,1.3211741239919221,0
spsa,sea,135,272.0,1.352057032005893,1.352057032005893,0
spsa,sea,136,274.0,1.4324752874839453,1.4324752874839453,0
spsa,sea,137,276.0,1.6537957583784122,1.6537957583784122,0
spsa,sea,138,278.0,1.4873013801093784,1.4873013801093784,0
spsa,sea,139,280.0,1.4958322806851152,1.4958322806851152,0
spsa,sea,140,282.0,1.5122637567400754,1.5122637567400754,0
spsa,sea,141,284.0,1.4933770467493783,1.4933770467493783,0
spsa,sea,142,286.0,1.5324385333769666,1.5324385333769666,0
spsa,sea,143,288.0,1.52421213995466,1.52421213995466,0
spsa,sea,144,290.0,1.4977214683727773,1.4977214683727773,0
spsa,sea,145,292.0,1.4766413677531318,1.4766413677531318,0
spsa,sea,146,294.0,1.4647195604469836,1.4647195604469836,0
spsa,sea,147,296.0,1.4635571054672294,1.4635571054672294,0
spsa,sea,148,298.0,1.475385310014793,1.475385310014793,0
spsa,sea,149,300.0,1.4913934925777754,1.4913934925777754,0
spsa,sea,150,302.0,1.4808019001611399,1.4808019001611399,0
spsa,sea,151,304.0,1.5013360475804562,1.5013360475804562,0
spsa,sea,152,306.0,1.4789101785022112,1.4789101785022112,0
spsa,sea,153,308.0,1.4657490480906945,1.4657490480906945,0
spsa,sea,154,310.0,1.4492144059899874,1.4492144059899874,0
spsa,sea,155,312.0,1.454943114873184,1.454943114873184,0
spsa,sea,156,314.0,1.4656179558922937,1.4656179558922937,0
spsa,sea,157,316.0,1.4742828540298825,1.4742828540298825,0
spsa,sea,158,318.0,1.4360287936905436,1.4360287936905436,0
spsa,sea,159,320.0,1.4540841841250094,1.4540841841250094,0
spsa,sea,160,322.0,1.6824131030792078,1.6824131030792078,0
spsa,sea,161,324.0,1.631567102694023,1.631567102694023,0
spsa,sea,162,326.0,1.502513209810504,1.502513209810504,0
spsa,sea,163,328.0,1.436363969817649,1.436363969817649,0
spsa,sea,164,330.0,1.327555086722513,1.327555086722513,0
spsa,sea,165,332.0,1.3095041544017327,1.3095041544017327,0
spsa,sea,166,334.0,1.3024570005613554,1.3024570005613554,0
spsa,sea,167,336.0,1.2936701342355152,1.2936701342355152,0
spsa,sea,168,338.0,1.2189802529187148,1.2189802529187148,0
spsa,sea,169,340.0,0.9332798027433145,0.9332798027433145,0
spsa,sea,170,342.0,0.8963072154790754,0.8963072154790754,0
spsa,sea,171,344.0,0.8639111725910504,0.8639111725910504,0
spsa,sea,172,346.0,0.8746960448031779,0.8746960448031779,0
spsa,sea,173,348.0,0.9220559586369101,0.9220559586369101,0
spsa,sea,174,350.0,0.9548862008318253,0.9548862008318253,0
spsa,sea,175,352.0,1.7407910352694338,1.7407910352694338,0
spsa,sea,176,354.0,1.6838672770873846,1.6838672770873846,0
spsa,sea,177,356.0,1.4833149015255898,1.4833149015255898,0
spsa,sea,178,358.0,1.50349267980173,1.50349267980173,0
spsa,sea,179,360.0,1.512080125792222,1.512080125792222,0
spsa,sea,180,362.0,1.431271710746139,1.431271710746139,0
spsa,sea,181,364.0,1.2182701211621272,1.2182701211621272,0
spsa,sea,182,366.0,0.8017911567557205,0.8017911567557205,0
spsa,sea,183,368.0,0.776791632850098,0.776791632850098,0
spsa,sea,184,370.0,0.7808024238844247,0.7808024238844247,0
spsa,sea,185,372.0,0.7207620782807507,0.7207620782807507,0
spsa,sea,186,374.0,0.6783513127407773,0.6783513127407773,0
spsa,sea,187,376.0,0.7226243659577773,0.7226243659577773,0
spsa,sea,188,378.0,0.6846022837218799,0.6846022837218799,0
spsa,sea,189,380.0,0.6731409763335934,0.6731409763335934,0
spsa,sea,190,382.0,0.6633574377631379,0.6633574377631379,0
spsa,sea,191,384.0,0.6052148982778451,0.6052148982778451,0
spsa,sea,192,386.0,0.593791570424294,0.593791570424294,0
spsa,sea,193,388.0,0.5289256125355979,0.5289256125355979,0
spsa,sea,194,390.0,0.46851017097293796,0.46851017097293796,0
spsa,sea,195,392.0,0.46473393326490353,0.46473393326490353,0
spsa,sea,196,394.0,0.49784100492591693,0.49784100492591693,0
spsa,sea,197,396.0,0.44453811102395635,0.44453811102395635,0
spsa,sea,198,398.0,0.46961207752911965,0.46961207752911965,0
spsa,sea,199,400.0,0.5389859567719248,0.5389859567719248,0
spsa,sea,200,402.0,0.3944811065009617,0.3944811065009617,0
spsa,sea,201,404.0,0.4557690397437579,0.4557690397437579,0
spsa,sea,202,406.0,0.41496357575614234,0.41496357575614234,0
spsa,sea,203,408.0,0.7146369186121624,0.7146369186121624,0
spsa,sea,204,410.0,0.7360032340662975,0.7360032340662975,0
spsa,sea,205,412.0,0.9238702112255637,0.9238702112255637,0
spsa,sea,206,414.0,0.5725300599228367,0.5725300599228367,0
spsa,sea,207,416.0,0.5894150177640993,0.5894150177640993,0
spsa,sea,208,418.0,0.5804210233647547,0.5804210233647547,0
spsa,sea,209,420.0,0.6496756838723705,0.6496756838723705,0
spsa,sea,210,422.0,0.6081022621358138,0.6081022621358138,0
spsa,sea,211,424.0,0.5531979765496008,0.5531979765496008,0
spsa,sea,212,426.0,0.5736280598255042,0.5736280598255042,0
spsa,sea,213,428.0,0.5463900494525752,0.5463900494525752,0
spsa,sea,214,430.0,0.5444078952238158,0.5444078952238158,0
spsa,sea,215,432.0,0.5521935584365121,0.5521935584365121,0
spsa,sea,216,434.0,0.5509555948935059,0.5509555948935059,0
spsa,sea,217,436.0,0.556782531901496,0.556782531901496,0
spsa,sea,218,438.0,0.5376651769132237,0.5376651769132237,0
spsa,sea,219,440.0,0.48289095667408066,0.48289095667408066,0
spsa,sea,220,442.0,0.4899105207915665,0.4899105207915665,0
spsa,sea,221,444.0,0.48268641102731397,0.48268641102731397,0
spsa,sea,222,446.0,0.4593416698719747,0.4593416698719747,0
spsa,sea,223,448.0,0.4737167687452417,0.4737167687452417,0
spsa,sea,224,450.0,0.6084985126403025,0.6084985126403025,0
spsa,sea,225,452.0,0.5407884376927584,0.5407884376927584,0
spsa,sea,226,454.0,0.5344027742382284,0.5344027742382284,0
spsa,sea,227,456.0,0.7910248542777805,0.7910248542777805,0
spsa,sea,228,458.0,0.7793615247442338,0.7793615247442338,0
spsa,sea,229,460.0,0.8950911234638541,0.8950911234638541,0
spsa,sea,230,462.0,0.872619657233525,0.872619657233525,0
spsa,sea,231,464.0,0.8373830326499745,0.8373830326499745,0
spsa,sea,232,466.0,0.8412239469320691,0.8412239469320691,0
spsa,sea,233,468.0,0.7364700715783024,0.7364700715783024,0
spsa,sea,234,470.0,0.6527633052100213,0.6527633052100213,0
spsa,sea,235,472.0,0.6003547820548779,0.6003547820548779,0
spsa,sea,236,474.0,0.6063997849399978,0.6063997849399978,0
spsa,sea,237,476.0,0.7470919013156834,0.7470919013156834,0
spsa,sea,238,478.0,0.6487386955083605,0.6487386955083605,0
spsa,sea,239,480.0,0.7715578032997397,0.7715578032997397,0
spsa,sea,240,482.0,0.8680906885138471,0.8680906885138471,0
spsa,sea,241,484.0,0.8471666697830578,0.8471666697830578,0
spsa,sea,242,486.0,0.8471549945926216,0.8471549945926216,0
spsa,sea,243,488.0,0.8100722609503465,0.8100722609503465,0
spsa,sea,244,490.0,0.6944484906568047,0.6944484906568047,0
spsa,sea,245,492.0,0.59802741335677,0.59802741335677,0
spsa,sea,246,494.0,0.477236913149629,0.477236913149629,0
spsa,sea,247,496.0,0.3515126364606861,0.3515126364606861,0
spsa,sea,248,498.0,0.3952921948787955,0.3952921948787955,0
spsa,sea,249,500.0,0.6404952244751818,0.6404952244751818,0
spsa,sea,250,502.0,0.5832168034329697,0.5832168034329697,0
spsa,sea,251,504.0,0.5852307697826185,0.5852307697826185,0
spsa,sea,252,506.0,0.5376909228937221,0.5376909228937221,0
spsa,sea,253,508.0,0.5115018556153877,0.5115018556153877,0
spsa,sea,254,510.0,0.5234058792190128,0.5234058792190128,0
spsa,sea,255,512.0,0.4794462542839806,0.4794462542839806,0
spsa,sea,256,514.0,0.4535107919846272,0.4535107919846272,0
spsa,sea,257,516.0,0.43434958803502033,0.43434958803502033,0
spsa,sea,258,518.0,0.8985314883691324,0.8985314883691324,0
spsa,sea,259,520.0,0.8795705574624079,0.8795705574624079,0
spsa,sea,260,522.0,0.87642453258591,0.87642453258591,0
spsa,sea,261,524.0,0.8268604896532914,0.8268604896532914,0
spsa,sea,262,526.0,0.812356519999482,0.812356519999482,0
spsa,sea,263,528.0,0.7929907918271335,0.7929907918271335,0
spsa,sea,264,530.0,0.6135195360319303,0.6135195360319303,0
spsa,sea,265,532.0,0.5835014144520643,0.5835014144520643,0
spsa,sea,266,534.0,0.6330034544018055,0.6330034544018055,0
spsa,sea,267,536.0,0.6387534301776991,0.6387534301776991,0
spsa,sea,268,538.0,0.7158617953620963,0.7158617953620963,0
spsa,sea,269,540.0,0.716313866455548,0.716313866455548,0
spsa,sea,270,542.0,0.6612054544046577,0.6612054544046577,0
spsa,sea,271,544.0,0.410429088992166,0.410429088992166,0
spsa,sea,272,546.0,0.42979571586060994,0.42979571586060994,0
spsa,sea,273,548.0,0.47637406852426023,0.47637406852426023,0
spsa,sea,274,550.0,0.5372244783415687,0.5372244783415687,0
spsa,sea,275,552.0,0.4474496530106087,0.4474496530106087,0
spsa,sea,276,554.0,0.31020033731958846,0.31020033731958846,0
spsa,sea,277,556.0,0.33454708609908557,0.33454708609908557,0
spsa,sea,278,558.0,0.3618932839621157,0.3618932839621157,0
spsa,sea,279,560.0,0.2733170528773451,0.2733170528773451,0
spsa,sea,280,562.0,0.26743227758810345,0.26743227758810345,0
spsa,sea,281,564.0,0.2081777671842523,0.2081777671842523,0
spsa,sea,282,566.0,0.23294994788099085,0.23294994788099085,0
spsa,sea,283,568.0,0.41988874890782546,0.41988874890782546,0
spsa,sea,284,570.0,0.4039779014423345,0.4039779014423345,0
spsa,sea,285,572.0,0.3622738068922086,0.3622738068922086,0
spsa,sea,286,574.0,0.3749922166150687,0.3749922166150687,0
spsa,sea,287,576.0,0.3235175494235084,0.3235175494235084,0
spsa,sea,288,578.0,0.27299461754120014,0.27299461754120014,0
spsa,sea,289,580.0,0.2519271677899628,0.2519271677899628,0
spsa,sea,290,582.0,0.22217786643031928,0.22217786643031928,0
spsa,sea,291,584.0,0.24553885115103888,0.24553885115103888,0
spsa,sea,292,586.0,0.2030793166864056,0.2030793166864056,0
spsa,sea,293,588.0,0.20232368678222495,0.20232368678222495,0
spsa,sea,294,590.0,0.2040958460154949,0.2040958460154949,0
spsa,sea,295,592.0,0.2106637153485752,0.2106637153485752,0
spsa,sea,296,594.0,0.1535470337821085,0.1535470337821085,0
spsa,sea,297,596.0,0.16617683241987066,0.16617683241987066,0
spsa,sea,298,598.0,0.16252599735124332,0.16252599735124332,0
spsa,sea,299,600.0,0.20081280216783892,0.20081280216783892,0
spsa,sea,300,602.0,0.19632360024592238,0.19632360024592238,0
spsa,sea,301,604.0,0.1653437186649923,0.1653437186649923,0
spsa,sea,302,606.0,0.18218611523137565,0.18218611523137565,0
spsa,sea,303,608.0,0.09481891696884372,0.09481891696884372,0
spsa,sea,304,610.0,0.06543523006376298,0.06543523006376298,0
spsa,sea,305,612.0,0.0805485078125173,0.0805485078125173,0
spsa,sea,306,614.0,0.09922873207194934,0.09922873207194934,0
spsa,sea,307,616.0,0.07286676688342451,0.07286676688342451,0
spsa,sea,308,618.0,0.050104320431145155,0.050104320431145155,0
spsa,sea,309,620.0,0.003270844458930989,0.003270844458930989,0
spsa,sea,310,622.0,0.050131252296949376,0.050131252296949376,0
spsa,sea,311,624.0,-0.003302848986141609,-0.003302848986141609,0
spsa,sea,312,626.0,0.003105701456179912,0.003105701456179912,0
spsa,sea,313,628.0,0.02863442948058252,0.02863442948058252,0
spsa,sea,314,630.0,-0.0019283103359343488,-0.0019283103359343488,0
spsa,sea,315,632.0,0.012614368160548395,0.012614368160548395,0
spsa,sea,316,634.0,-0.11775768667340052,-0.11775768667340052,0
spsa,sea,317,636.0,-0.19781467662919172,-0.19781467662919172,0
spsa,sea,318,638.0,-0.1526288005900347,-0.1526288005900347,0
spsa,sea,319,640.0,-0.15847241687745178,-0.15847241687745178,0
spsa,sea,320,642.0,-0.1410107790547602,-0.1410107790547602,0
spsa,sea,321,644.0,-0.18340525687511328,-0.18340525687511328,0
spsa,sea,322,646.0,-0.14475671754609576,-0.14475671754609576,0
spsa,sea,323,648.0,-0.16077484606597978,-0.16077484606597978,0
spsa,sea,324,650.0,-0.21040014095170323,-0.21040014095170323,0
spsa,sea,325,652.0,-0.2570731267229344,-0.2570731267229344,0
spsa,sea,326,654.0,-0.2289307838166531,-0.2289307838166531,0
spsa,sea,327,656.0,-0.22423547847229686,-0.22423547847229686,0
spsa,sea,328,658.0,-0.26925834191080183,-0.26925834191080183,0
spsa,sea,329,660.0,-0.391729917509526,-0.391729917509526,0
spsa,sea,330,662.0,-0.34010958702227123,-0.34010958702227123,0
spsa,sea,331,664.0,-0.33036968661734634,-0.33036968661734634,0
spsa,sea,332,666.0,-0.3637838606946405,-0.3637838606946405,0
spsa,sea,333,668.0,-0.37637232150905675,-0.37637232150905675,0
spsa,sea,334,670.0,-0.4334070031713738,-0.4334070031713738,0
spsa,sea,335,672.0,-0.42408222791766736,-0.42408222791766736,0
spsa,sea,336,674.0,-0.39542644524265347,-0.39542644524265347,0
spsa,sea,337,676.0,-0.3528977166888862,-0.3528977166888862,0
spsa,sea,338,678.0,-0.41245399446806913,-0.41245399446806913,0
spsa,sea,339,680.0,-0.4039577684197416,-0.4039577684197416,0
spsa,sea,340,682.0,-0.44119123888316975,-0.44119123888316975,0
spsa,sea,341,684.0,-0.4916673393889916,-0.4916673393889916,0
spsa,sea,342,686.0,-0.47575584502144613,-0.47575584502144613,0
spsa,sea,343,688.0,-0.46199319040397435,-0.46199319040397435,0
spsa,sea,344,690.0,-0.4740843502519,-0.4740843502519,0
spsa,sea,345,692.0,-0.4198348416308665,-0.4198348416308665,0
spsa,sea,346,694.0,-0.44524791815145015,-0.44524791815145015,0
spsa,sea,347,696.0,-0.3422222930738853,-0.3422222930738853,0
spsa,sea,348,698.0,-0.2669820475728252,-0.2669820475728252,0
spsa,sea,349,700.0,-0.253784192271167,-0.253784192271167,0
spsa,sea,350,702.0,-0.2718854155773154,-0.2718854155773154,0
spsa,sea,351,704.0,-0.3071204666571893,-0.3071204666571893,0
spsa,sea,352,706.0,-0.33469462688236723,-0.33469462688236723,0
spsa,sea,353,708.0,-0.4008125360236574,-0.4008125360236574,0
spsa,sea,354,710.0,-0.3431027831372365,-0.3431027831372365,0
spsa,sea,355,712.0,-0.3812127192900582,-0.3812127192900582,0
spsa,sea,356,714.0,-0.3725818435825576,-0.3725818435825576,0
spsa,sea,357,716.0,-0.27031059766578064,-0.27031059766578064,0
spsa,sea,358,718.0,-0.16832852570917117,-0.16832852570917117,0
spsa,sea,359,720.0,-0.20307801212156637,-0.20307801212156637,0
spsa,sea,360,722.0,-0.22113802716463468,-0.22113802716463468,0
spsa,sea,361,724.0,-0.20340968618779304,-0.20340968618779304,0
spsa,sea,362,726.0,-0.20357710466561438,-0.20357710466561438,0
spsa,sea,363,728.0,-0.0999534353573687,-0.0999534353573687,0
spsa,sea,364,730.0,-0.1437664677249202,-0.1437664677249202,0
spsa,sea,365,732.0,-0.09742597935826719,-0.09742597935826719,0
spsa,sea,366,734.0,-0.03829900614097091,-0.03829900614097091,0
spsa,sea,367,736.0,0.1495087880146793,0.1495087880146793,0
spsa,sea,368,738.0,0.16660611492700472,0.16660611492700472,0
spsa,sea,369,740.0,0.18850551268821183,0.18850551268821183,0
spsa,sea,370,742.0,0.14756139727623926,0.14756139727623926,0
spsa,sea,371,744.0,0.13043983598086034,0.13043983598086034,0
spsa,sea,372,746.0,0.05040470815239477,0.05040470815239477,0
spsa,sea,373,748.0,-0.15120979300307374,-0.15120979300307374,0
spsa,sea,374,750.0,-0.16666709715527844,-0.16666709715527844,0
spsa,sea,375,752.0,-0.14498295844377973,-0.14498295844377973,0
spsa,sea,376,754.0,-0.19765291700284565,-0.19765291700284565,0
spsa,sea,377,756.0,-0.1766868935314684,-0.1766868935314684,0
spsa,sea,378,758.0,-0.37276983753825627,-0.37276983753825627,0
spsa,sea,379,760.0,-0.36287317807556907,-0.36287317807556907,0
spsa,sea,380,762.0,-0.3227569657582459,-0.3227569657582459,0
spsa,sea,381,764.0,-0.38856263159852195,-0.38856263159852195,0
spsa,sea,382,766.0,-0.34375242879804485,-0.34375242879804485,0
spsa,sea,383,768.0,-0.3631657510605971,-0.3631657510605971,0
spsa,sea,384,770.0,-0.45842897271167204,-0.45842897271167204,0
spsa,sea,385,772.0,-0.45942295065279803,-0.45942295065279803,0
spsa,sea,386,774.0,-0.531757633655907,-0.531757633655907,0
spsa,sea,387,776.0,-0.41485282476031426,-0.41485282476031426,0
spsa,sea,388,778.0,-0.5210535549453043,-0.5210535549453043,0
spsa,sea,389,780.0,-0.5486275089726969,-0.5486275089726969,0
spsa,sea,390,782.0,-0.46426797728586655,-0.46426797728586655,0
spsa,sea,391,784.0,-0.5642321829603607,-0.5642321829603607,0
spsa,sea,392,786.0,-0.5557286582692413,-0.5557286582692413,0
spsa,sea,393,788.0,-0.5374640276182143,-0.5374640276182143,0
spsa,sea,394,790.0,-0.5734482694710368,-0.5734482694710368,0
spsa,sea,395,792.0,-0.6405846836292514,-0.6405846836292514,0
spsa,sea,396,794.0,-0.6420703178460756,-0.6420703178460756,0
spsa,sea,397,796.0,-0.5684791286578257,-0.5684791286578257,0
spsa,sea,398,798.0,-0.5627875726083371,-0.5627875726083371,0
spsa,sea,399,800.0,-0.6083708004674654,-0.6083708004674654,0
spsa,sea,400,802.0,-0.6906203053239202,-0.6906203053239202,0
spsa,sea,401,804.0,-0.6158569608890538,-0.6158569608890538,0
spsa,sea,402,806.0,-0.7032437313350981,-0.7032437313350981,0
spsa,sea,403,808.0,-0.7465679804086316,-0.7465679804086316,0
spsa,sea,404,810.0,-0.7855853355352084,-0.7855853355352084,0
spsa,sea,405,812.0,-0.7757720389981743,-0.7757720389981743,0
spsa,sea,406,814.0,-0.7888114500411235,-0.7888114500411235,0
spsa,sea,407,816.0,-0.8847084542426027,-0.8847084542426027,0
spsa,sea,408,818.0,-0.8434255364792349,-0.8434255364792349,0
spsa,sea,409,820.0,-0.82811807418285,-0.82811807418285,0
spsa,sea,410,822.0,-0.8484710580674015,-0.8484710580674015,0
spsa,sea,411,824.0,-0.8794377760236061,-0.8794377760236061,0
spsa,sea,412,826.0,-0.8479896250853407,-0.8479896250853407,0
spsa,sea,413,828.0,-0.7187464034476596,-0.7187464034476596,0
spsa,sea,414,830.0,-0.7025611557147935,-0.7025611557147935,0
spsa,sea,415,832.0,-0.7424068320002856,-0.7424068320002856,0
spsa,sea,416,834.0,-0.7489788997696103,-0.7489788997696103,0
spsa,sea,417,836.0,-0.7323986838040439,-0.7323986838040439,0
spsa,sea,418,838.0,-0.736280514356046,-0.736280514356046,0
spsa,sea,419,840.0,-0.705258150955131,-0.705258150955131,0
spsa,sea,420,842.0,-0.6562443033955867,-0.6562443033955867,0
spsa,sea,421,844.0,-0.6959049470147705,-0.6959049470147705,0
spsa,sea,422,846.0,-0.6769946866894228,-0.6769946866894228,0
spsa,sea,423,848.0,-0.6347630640281938,-0.6347630640281938,0
spsa,sea,424,850.0,-0.6158328288505566,-0.6158328288505566,0
spsa,sea,425,852.0,-0.5802202030351162,-0.5802202030351162,0
spsa,sea,426,854.0,-0.6273740041115854,-0.6273740041115854,0
spsa,sea,427,856.0,-0.6869270811685516,-0.6869270811685516,0
spsa,sea,428,858.0,-0.6853937445257645,-0.6853937445257645,0
spsa,sea,429,860.0,-0.6441436921508901,-0.6441436921508901,0
spsa,sea,430,862.0,-0.6307499892982807,-0.6307499892982807,0
spsa,sea,431,864.0,-0.6165075923195531,-0.6165075923195531,0
spsa,sea,432,866.0,-0.6580338709081647,-0.6580338709081647,0
spsa,sea,433,868.0,-0.4588949548096018,-0.4588949548096018,0
spsa,sea,434,870.0,-0.13270677996143865,-0.13270677996143865,0
spsa,sea,435,872.0,-0.05840165650101101,-0.05840165650101101,0
spsa,sea,436,874.0,0.017575481528464915,0.017575481528464915,0
spsa,sea,437,876.0,0.3448459509800206,0.3448459509800206,0
spsa,sea,438,878.0,0.20720582784154268,0.20720582784154268,0
spsa,sea,439,880.0,0.13644941882404327,0.13644941882404327,0
spsa,sea,440,882.0,0.16035358882119916,0.16035358882119916,0
spsa,sea,441,884.0,0.10099936205558563,0.10099936205558563,0
spsa,sea,442,886.0,0.08011844543334205,0.08011844543334205,0
spsa,sea,443,888.0,0.07482724635263602,0.07482724635263602,0
spsa,sea,444,890.0,0.043113241796484396,0.043113241796484396,0
spsa,sea,445,892.0,0.05702332580816934,0.05702332580816934,0
spsa,sea,446,894.0,0.0441627262278253,0.0441627262278253,0
spsa,sea,447,896.0,0.015437073589709228,0.015437073589709228,0
spsa,sea,448,898.0,0.008009121912820466,0.008009121912820466,0
spsa,sea,449,900.0,-0.007558172839912655,-0.007558172839912655,0
spsa,sea,450,902.0,0.02503223363932526,0.02503223363932526,0
spsa,sea,451,904.0,-0.03976197012480598,-0.03976197012480598,0
spsa,sea,452,906.0,-0.1880289807475914,-0.1880289807475914,0
spsa,sea,453,908.0,-0.10576175399657833,-0.10576175399657833,0
spsa,sea,454,910.0,-0.12128320507745757,-0.12128320507745757,0
spsa,sea,455,912.0,-0.06472727948562083,-0.06472727948562083,0
spsa,sea,456,914.0,-0.12235576150914061,-0.12235576150914061,0
spsa,sea,457,916.0,-0.15616251685104088,-0.15616251685104088,0
spsa,sea,458,918.0,-0.09548564643690469,-0.09548564643690469,0
spsa,sea,459,920.0,-0.10102019964258602,-0.10102019964258602,0
spsa,sea,460,922.0,0.28342026537299125,0.28342026537299125,0
spsa,sea,461,924.0,0.2516431937827207,0.2516431937827207,0
spsa,sea,462,926.0,0.21210873987430381,0.21210873987430381,0
spsa,sea,463,928.0,0.11928605873048159,0.11928605873048159,0
spsa,sea,464,930.0,0.07822594148382844,0.07822594148382844,0
spsa,sea,465,932.0,0.04482624913720896,0.04482624913720896,0
spsa,sea,466,934.0,-0.01665852551740586,-0.01665852551740586,0
spsa,sea,467,936.0,-0.09819653261058522,-0.09819653261058522,0
spsa,sea,468,938.0,-0.2057360274860623,-0.2057360274860623,0
spsa,sea,469,940.0,-0.12339796939814324,-0.12339796939814324,0
spsa,sea,470,942.0,-0.15375223201002217,-0.15375223201002217,0
spsa,sea,471,944.0,-0.19511424749954243,-0.19511424749954243,0
spsa,sea,472,946.0,-0.23720168581270568,-0.23720168581270568,0
spsa,sea,473,948.0,-0.24254645058009577,-0.24254645058009577,0
spsa,sea,474,950.0,-0.2555815967479135,-0.2555815967479135,0
spsa,sea,475,952.0,-0.3004926757215176,-0.3004926757215176,0
spsa,sea,476,954.0,-0.1731526983640571,-0.1731526983640571,0
spsa,sea,477,956.0,-0.2842915986855664,-0.2842915986855664,0
spsa,sea,478,958.0,-0.22829914021646724,-0.22829914021646724,0
spsa,sea,479,960.0,-0.14288547302955285,-0.14288547302955285,0
spsa,sea,480,962.0,-0.19291893944211716,-0.19291893944211716,0
spsa,sea,481,964.0,-0.16093061725630325,-0.16093061725630325,0
spsa,sea,482,966.0,-0.19895767570835404,-0.19895767570835404,0
spsa,sea,483,968.0,-0.1603843329110579,-0.1603843329110579,0
spsa,sea,484,970.0,-0.04482620131558149,-0.04482620131558149,0
spsa,sea,485,972.0,-0.001332112163292043,-0.001332112163292043,0
spsa,sea,486,974.0,-0.07310003133533087,-0.07310003133533087,0
spsa,sea,487,976.0,-0.15725498483361158,-0.15725498483361158,0
spsa,sea,488,978.0,-0.2003820468721182,-0.2003820468721182,0
spsa,sea,489,980.0,-0.29913112666423897,-0.29913112666423897,0
spsa,sea,490,982.0,-0.1835803262047209,-0.1835803262047209,0
spsa,sea,491,984.0,-0.25637764415363856,-0.25637764415363856,0
spsa,sea,492,986.0,-0.2497146016188177,-0.2497146016188177,0
spsa,sea,493,988.0,-0.31247534092997725,-0.31247534092997725,0
spsa,sea,494,990.0,-0.3943320572468475,-0.3943320572468475,0
spsa,sea,495,992.0,-0.4024745147960047,-0.4024745147960047,0
spsa,sea,496,994.0,-0.42890487003107763,-0.42890487003107763,0
spsa,sea,497,996.0,-0.43662277498258273,-0.43662277498258273,0
spsa,sea,498,998.0,-0.4895296302417309,-0.4895296302417309,0
spsa,sea,499,1000.0,-0.4813966641171907,-0.4813966641171907,0
spsa,pretrained,0,,2.7799481228403926,,0
spsa,pretrained,1,,2.4943424502382596,,0
spsa,pretrained,2,,2.2910328610509083,,0
spsa,pretrained,3,,2.5313482426697336,,0
spsa,pretrained,4,,1.7963921652291672,,0
spsa,pretrained,5,,2.4183155939350054,,0
spsa,pretrained,6,,2.785795335387844,,0
spsa,pretrained,7,,2.8202586242235155,,0
spsa,pretrained,8,,2.7706646611404517,,0
spsa,pretrained,9,,2.7554617506729584,,0
spsa,pretrained,10,,2.6702389419777584,,0
spsa,pretrained,11,,2.737824912874844,,0
spsa,pretrained,12,,2.899653869220365,,0
spsa,pretrained,13,,2.673747307947514,,0
spsa,pretrained,14,,2.475776940818883,,0
spsa,pretrained,15,,2.6637800450445877,,0
spsa,pretrained,16,,2.5399701668026315,,0
spsa,pretrained,17,,2.5718945508317486,,0
spsa,pretrained,18,,2.5029659701449996,,0
spsa,pretrained,19,,2.4451279024986943,,0
spsa,pretrained,20,,2.4655887020993688,,0
spsa,pretrained,21,,2.439037555697345,,0
spsa,pretrained,22,,2.461950560926729,,0
spsa,pretrained,23,,2.485236031320466,,0
spsa,pretrained,24,,2.548925737355943,,0
spsa,pretrained,25,,2.5106203755677203,,0
spsa,pretrained,26,,2.4227728144642815,,0
spsa,pretrained,27,,2.4065792949354297,,0
spsa,pretrained,28,,2.3897808096529243,,0
spsa,pretrained,29,,2.3958265491405117,,0
spsa,pretrained,30,,2.344672880944053,,0
spsa,pretrained,31,,2.3494082396227505,,0
spsa,pretrained,32,,2.4184021403958282,,0
spsa,pretrained,33,,2.3625811832520256,,0
spsa,pretrained,34,,2.305665353140044,,0
spsa,pretrained,35,,2.156443018067163,,0
spsa,pretrained,36,,2.1528577006505447,,0
spsa,pretrained,37,,2.2590598932871186,,0
spsa,pretrained,38,,2.2475545576528004,,0
spsa,pretrained,39,,2.219084850599404,,0
spsa,pretrained,40,,2.2051398535181193,,0
spsa,pretrained,41,,2.1333411737441947,,0
spsa,pretrained,42,,2.174072924282761,,0
spsa,pretrained,43,,2.1348259589529914,,0
spsa,pretrained,44,,2.114329115554016,,0
spsa,pretrained,45,,2.1139571142800673,,0
spsa,pretrained,46,,2.1656675855171708,,0
spsa,pretrained,47,,2.42898253892297,,0
spsa,pretrained,48,,2.4454088999919623,,0
spsa,pretrained,49,,2.374000416013428,,0
spsa,pretrained,50,,2.4295748518652607,,0
spsa,pretrained,51,,2.209072674575359,,0
spsa,pretrained,52,,2.2540088260915963,,0
spsa,pretrained,53,,2.273928615672908,,0
spsa,pretrained,54,,2.2999456079290823,,0
spsa,pretrained,55,,2.3042237866915727,,0
spsa,pretrained,56,,2.2415661940215355,,0
spsa,pretrained,57,,1.9756884319407644,,0
spsa,pretrained,58,,1.8606742381664412,,0
spsa,pretrained,59,,1.9023842998829101,,0
spsa,pretrained,60,,2.2026166429452236,,0
spsa,pretrained,61,,2.762418864205949,,0
spsa,pretrained,62,,2.321105654980393,,0
spsa,pretrained,63,,2.2935331358333,,0
spsa,pretrained,64,,2.2858542761134855,,0
spsa,pretrained,65,2.0,2.977647626247717,2.977647626247717,1
spsa,pretrained,66,4.0,2.894858611710168,2.894858611710168,0
spsa,pretrained,67,6.0,2.7531277726517978,2.7531277726517978,0
spsa,pretrained,68,8.0,3.089460426774295,3.089460426774295,0
spsa,pretrained,69,10.0,2.7895799519856874,2.7895799519856874,0
spsa,pretrained,70,12.0,2.9290051643939474,2.9290051643939474,0
spsa,pretrained,71,14.0,2.6015908860301504,2.6015908860301504,0
spsa,pretrained,72,16.0,2.591709401751685,2.591709401751685,0
spsa,pretrained,73,18.0,2.58787691247107,2.58787691247107,0
spsa,pretrained,74,20.0,2.4813702578475976,2.4813702578475976,0
spsa,pretrained,75,22.0,2.4914489513806646,2.4914489513806646,0
spsa,pretrained,76,24.0,2.691439148039674,2.691439148039674,0
spsa,pretrained,77,26.0,2.689524558477264,2.689524558477264,0
spsa,pretrained,78,28.0,2.7136937110369628,2.7136937110369628,0
spsa,pretrained,79,30.0,2.788042369812999,2.788042369812999,0
spsa,pretrained,80,32.0,2.7743028589782655,2.7743028589782655,0
spsa,pretrained,81,34.0,2.699225377519376,2.699225377519376,0
spsa,pretrained,82,36.0,2.680963932731511,2.680963932731511,0
spsa,pretrained,83,38.0,2.57321935494502,2.57321935494502,0
spsa,pretrained,84,40.0,2.5597723830345327,2.5597723830345327,0
spsa,pretrained,85,42.0,2.5317567593151136,2.5317567593151136,0
spsa,pretrained,86,44.0,2.5300829074957703,2.5300829074957703,0
spsa,pretrained,87,46.0,2.546609868301082,2.546609868301082,0
spsa,pretrained,88,48.0,2.535942399577633,2.535942399577633,0
spsa,pretrained,89,50.0,2.5999247005285575,2.5999247005285575,0
spsa,pretrained,90,52.0,2.5988941305285276,2.5988941305285276,0
spsa,pretrained,91,54.0,2.6242914447134575,2.6242914447134575,0
spsa,pretrained,92,56.0,2.581548896529496,2.581548896529496,0
spsa,pretrained,93,58.0,2.567450635733005,2.567450635733005,0
spsa,pretrained,94,60.0,2.5857881506302687,2.5857881506302687,0
spsa,pretrained,95,62.0,2.559896364677426,2.559896364677426,0
spsa,pretrained,96,64.0,2.558337136198543,2.558337136198543,0
spsa,pretrained,97,66.0,2.5055945054085544,2.5055945054085544,0
spsa,pretrained,98,68.0,2.5227975402781175,2.5227975402781175,0
spsa,pretrained,99,70.0,2.5215359637802965,2.5215359637802965,0
spsa,pretrained,100,72.0,2.519618233160181,2.519618233160181,0
spsa,pretrained,101,74.0,2.4507502137782318,2.4507502137782318,0
spsa,pretrained,102,76.0,2.4645344855980764,2.4645344855980764,0
spsa,pretrained,103,78.0,2.474284090361996,2.474284090361996,0
spsa,pretrained,104,80.0,2.457088076896289,2.457088076896289,0
spsa,pretrained,105,82.0,2.426758062247413,2.426758062247413,0
spsa,pretrained,106,84.0,2.4294283501780978,2.4294283501780978,0
spsa,pretrained,107,86.0,2.4321970844182967,2.4321970844182967,0
spsa,pretrained,108,88.0,2.3722190474841267,2.3722190474841267,0
spsa,pretrained,109,90.0,2.3641397327535056,2.3641397327535056,0
spsa,pretrained,110,92.0,2.318320967659524,2.318320967659524,0
spsa,pretrained,111,94.0,2.2385203738391244,2.2385203738391244,0
spsa,pretrained,112,96.0,2.239352080811467,2.239352080811467,0
spsa,pretrained,113,98.0,2.234962392683921,2.234962392683921,0
spsa,pretrained,114,100.0,2.207827796995166,2.207827796995166,0
spsa,pretrained,115,102.0,2.217803487156356,2.217803487156356,0
spsa,pretrained,116,104.0,2.2317567039273625,2.2317567039273625,0
spsa,pretrained,117,106.0,2.222899898430554,2.222899898430554,0
spsa,pretrained,118,108.0,2.2163283259569466,2.2163283259569466,0
spsa,pretrained,119,110.0,2.205273157321387,2.205273157321387,0
spsa,pretrained,120,112.0,2.1776065333830252,2.1776065333830252,0
spsa,pretrained,121,114.0,2.18655046780293,2.18655046780293,0
spsa,pretrained,122,116.0,2.181752712384527,2.181752712384527,0
spsa,pretrained,123,118.0,2.1842474141275843,2.1842474141275843,0
spsa,pretrained,124,120.0,2.18481746774357,2.18481746774357,0
spsa,pretrained,125,122.0,2.1850297783091044,2.1850297783091044,0
spsa,pretrained,126,124.0,2.1773137839883168,2.1773137839883168,0
spsa,pretrained,127,126.0,2.15702792250116,2.15702792250116,0
spsa,pretrained,128,128.0,2.079793419765177,2.079793419765177,0
spsa,pretrained,129,130.0,2.008945913060571,2.008945913060571,0
spsa,pretrained,130,132.0,2.0520046700102204,2.0520046700102204,0
spsa,pretrained,131,134.0,2.033951317792266,2.033951317792266,0
spsa,pretrained,132,136.0,2.0332697175993,2.0332697175993,0
spsa,pretrained,133,138.0,2.024998710233086,2.024998710233086,0
spsa,pretrained,134,140.0,2.0182505098541683,2.0182505098541683,0
spsa,pretrained,135,142.0,1.9908237451829611,1.9908237451829611,0
spsa,pretrained,136,144.0,2.0057588713538266,2.0057588713538266,0
spsa,pretrained,137,146.0,1.979218738175089,1.979218738175089,0
spsa,pretrained,138,148.0,1.9292180642804753,1.9292180642804753,0
spsa,pretrained,139,150.0,1.879933830238489,1.879933830238489,0
spsa,pretrained,140,152.0,1.8925709277012355,1.8925709277012355,0
spsa,pretrained,141,154.0,1.8861133981638913,1.8861133981638913,0
spsa,pretrained,142,156.0,1.8627494965899443,1.8627494965899443,0
spsa,pretrained,143,158.0,1.8210707656194631,1.8210707656194631,0
spsa,pretrained,144,160.0,1.846695846160615,1.846695846160615,0
spsa,pretrained,145,162.0,1.8262905296274894,1.8262905296274894,0
spsa,pretrained,146,164.0,1.825115418205209,1.825115418205209,0
spsa,pretrained,147,166.0,1.8118753875688958,1.8118753875688958,0
spsa,pretrained,148,168.0,1.8287002756190949,1.8287002756190949,0
spsa,pretrained,149,170.0,1.8160472648331825,1.8160472648331825,0
spsa,pretrained,150,172.0,1.8029482056428052,1.8029482056428052,0
spsa,pretrained,151,174.0,1.7751566899199873,1.7751566899199873,0
spsa,pretrained,152,176.0,1.7027542204661401,1.7027542204661401,0
spsa,pretrained,153,178.0,1.7446519882058338,1.7446519882058338,0
spsa,pretrained,154,180.0,1.7232692100573768,1.7232692100573768,0
spsa,pretrained,155,182.0,1.7621468284680706,1.7621468284680706,0
spsa,pretrained,156,184.0,1.724973818399405,1.724973818399405,0
spsa,pretrained,157,186.0,1.7242696655808083,1.7242696655808083,0
spsa,pretrained,158,188.0,1.741786828792646,1.741786828792646,0
spsa,pretrained,159,190.0,1.7295778500930832,1.7295778500930832,0
spsa,pretrained,160,192.0,1.7266673939997217,1.7266673939997217,0
spsa,pretrained,161,194.0,1.7002470180115554,1.7002470180115554,0
spsa,pretrained,162,196.0,1.7065565303318935,1.7065565303318935,0
spsa,pretrained,163,198.0,1.6775695778429607,1.6775695778429607,0
spsa,pretrained,164,200.0,1.6707891334169744,1.6707891334169744,0
spsa,pretrained,165,202.0,1.6503193096246407,1.6503193096246407,0
spsa,pretrained,166,204.0,1.6443698440293155,1.6443698440293155,0
spsa,pretrained,167,206.0,1.6494634626867224,1.6494634626867224,0
spsa,pretrained,168,208.0,1.587245290931952,1.587245290931952,0
spsa,pretrained,169,210.0,1.6084785081311601,1.6084785081311601,0
spsa,pretrained,170,212.0,1.5579343608811196,1.5579343608811196,0
spsa,pretrained,171,214.0,1.5192329974303767,1.5192329974303767,0
spsa,pretrained,172,216.0,1.540862370002102,1.540862370002102,0
spsa,pretrained,173,218.0,1.5221388473655897,1.5221388473655897,0
spsa,pretrained,174,220.0,1.5037623402413027,1.5037623402413027,0
spsa,pretrained,175,222.0,1.5071577481615313,1.5071577481615313,0
spsa,pretrained,176,224.0,1.5308276347256675,1.5308276347256675,0
spsa,pretrained,177,226.0,1.5179356781130393,1.5179356781130393,0
spsa,pretrained,178,228.0,1.4913063952376704,1.4913063952376704,0
spsa,pretrained,179,230.0,1.4544225623079012,1.4544225623079012,0
spsa,pretrained,180,232.0,1.4407681268717982,1.4407681268717982,0
spsa,pretrained,181,234.0,1.4721726099608805,1.4721726099608805,0
spsa,pretrained,182,236.0,1.4431669695421872,1.4431669695421872,0
spsa,pretrained,183,238.0,1.460720933455789,1.460720933455789,0
spsa,pretrained,184,240.0,1.4376028597078099,1.4376028597078099,0
spsa,pretrained,185,242.0,1.434884135314816,1.434884135314816,0
spsa,pretrained,186,244.0,1.420075467110888,1.420075467110888,0
spsa,pretrained,187,246.0,1.399369599769172,1.399369599769172,0
spsa,pretrained,188,248.0,1.3819477878633784,1.3819477878633784,0
spsa,pretrained,189,250.0,1.3496561099610513,1.3496561099610513,0
spsa,pretrained,190,252.0,1.3646428385732987,1.3646428385732987,0
spsa,pretrained,191,254.0,1.3564060265572033,1.3564060265572033,0
spsa,pretrained,192,256.0,1.3420001503119168,1.3420001503119168,0
spsa,pretrained,193,258.0,1.3427444177799055,1.3427444177799055,0
spsa,pretrained,194,260.0,1.2826900206929919,1.2826900206929919,0
spsa,pretrained,195,262.0,1.2944256978269477,1.2944256978269477,0
spsa,pretrained,196,264.0,1.266655046331362,1.266655046331362,0
spsa,pretrained,197,266.0,1.2527778132373943,1.2527778132373943,0
spsa,pretrained,198,268.0,1.2818899277395266,1.2818899277395266,0
spsa,pretrained,199,270.0,1.2730791465237619,1.2730791465237619,0
spsa,pretrained,200,272.0,1.2491343988289794,1.2491343988289794,0
spsa,pretrained,201,274.0,1.221271729191408,1.221271729191408,0
spsa,pretrained,202,276.0,1.2070981545823627,1.2070981545823627,0
spsa,pretrained,203,278.0,1.2119307543882565,1.2119307543882565,0
spsa,pretrained,204,280.0,1.191041363213866,1.191041363213866,0
spsa,pretrained,205,282.0,1.173189429849887,1.173189429849887,0
spsa,pretrained,206,284.0,1.167431867642273,1.167431867642273,0
spsa,pretrained,207,286.0,1.1528006474362122,1.1528006474362122,0
spsa,pretrained,208,288.0,1.136598094084344,1.136598094084344,0
spsa,pretrained,209,290.0,1.1438509108100792,1.1438509108100792,0
spsa,pretrained,210,292.0,1.1275230768260736,1.1275230768260736,0
spsa,pretrained,211,294.0,1.1229559780740586,1.1229559780740586,0
spsa,pretrained,212,296.0,1.10037222103194,1.10037222103194,0
spsa,pretrained,213,298.0,1.0865630010897331,1.0865630010897331,0
spsa,pretrained,214,300.0,1.0839614898341794,1.0839614898341794,0
spsa,pretrained,215,302.0,1.0994822978775773,1.0994822978775773,0
spsa,pretrained,216,304.0,1.0779450359985492,1.0779450359985492,0
spsa,pretrained,217,306.0,1.0851881909307355,1.0851881909307355,0
spsa,pretrained,218,308.0,1.0756710451655642,1.0756710451655642,0
spsa,pretrained,219,310.0,1.0509770632617275,1.0509770632617275,0
spsa,pretrained,220,312.0,1.0398747007061035,1.0398747007061035,0
spsa,pretrained,221,314.0,1.0271387793834996,1.0271387793834996,0
spsa,pretrained,222,316.0,1.0133850985246111,1.0133850985246111,0
spsa,pretrained,223,318.0,1.0410250437673016,1.0410250437673016,0
spsa,pretrained,224,320.0,1.0371106994979127,1.0371106994979127,0
spsa,pretrained,225,322.0,1.0224966930165433,1.0224966930165433,0
spsa,pretrained,226,324.0,1.0020152216901508,1.0020152216901508,0
spsa,pretrained,227,326.0,0.9842367763900878,0.9842367763900878,0
spsa,pretrained,228,328.0,0.9839995123166518,0.9839995123166518,0
spsa,pretrained,229,330.0,0.9842382629492311,0.9842382629492311,0
spsa,pretrained,230,332.0,0.9863597807659714,0.9863597807659714,0
spsa,pretrained,231,334.0,0.9853390219855052,0.9853390219855052,0
spsa,pretrained,232,336.0,1.0023329407782524,1.0023329407782524,0
spsa,pretrained,233,338.0,0.9821677377686062,0.9821677377686062,0
spsa,pretrained,234,340.0,0.9571343202539613,0.9571343202539613,0
spsa,pretrained,235,342.0,0.9634873302193611,0.9634873302193611,0
spsa,pretrained,236,344.0,0.9468476577367759,0.9468476577367759,0
spsa,pretrained,237,346.0,0.961719479334736,0.961719479334736,0
spsa,pretrained,238,348.0,0.9185800791523546,0.9185800791523546,0
spsa,pretrained,239,350.0,0.9553574001435112,0.9553574001435112,0
spsa,pretrained,240,352.0,0.9187970953240006,0.9187970953240006,0
spsa,pretrained,241,354.0,0.9333354031947256,0.9333354031947256,0
spsa,pretrained,242,356.0,0.9164735320998851,0.9164735320998851,0
spsa,pretrained,243,358.0,0.9160428995907945,0.9160428995907945,0
spsa,pretrained,244,360.0,0.8994896136288437,0.8994896136288437,0
spsa,pretrained,245,362.0,0.8744615677629703,0.8744615677629703,0
spsa,pretrained,246,364.0,0.8870471046395604,0.8870471046395604,0
spsa,pretrained,247,366.0,0.8809039772212413,0.8809039772212413,0
spsa,pretrained,248,368.0,0.8494677677540994,0.8494677677540994,0
spsa,pretrained,249,370.0,0.8320077784593796,0.8320077784593796,0
spsa,pretrained,250,372.0,0.8480398187285767,0.8480398187285767,0
spsa,pretrained,251,374.0,0.8240306076340442,0.8240306076340442,0
spsa,pretrained,252,376.0,0.8370017235533218,0.8370017235533218,0
spsa,pretrained,253,378.0,0.8172161596908409,0.8172161596908409,0
spsa,pretrained,254,380.0,0.8114031215855451,0.8114031215855451,0
spsa,pretrained,255,382.0,0.8334675049809442,0.8334675049809442,0
spsa,pretrained,256,384.0,0.8087057427775091,0.8087057427775091,0
spsa,pretrained,257,386.0,0.8035921304333293,0.8035921304333293,0
spsa,pretrained,258,388.0,0.7948633753348262,0.7948633753348262,0
spsa,pretrained,259,390.0,0.788210281481127,0.788210281481127,0
spsa,pretrained,260,392.0,0.7821787381349397,0.7821787381349397,0
spsa,pretrained,261,394.0,0.7995950204525983,0.7995950204525983,0
spsa,pretrained,262,396.0,0.7829631309745317,0.7829631309745317,0
spsa,pretrained,263,398.0,0.7870887278589003,0.7870887278589003,0
spsa,pretrained,264,400.0,0.7889214627147509,0.7889214627147509,0
spsa,pretrained,265,402.0,0.7774667448893862,0.7774667448893862,0
spsa,pretrained,266,404.0,0.7772135177147268,0.7772135177147268,0
spsa,pretrained,267,406.0,0.7992362187002385,0.7992362187002385,0
spsa,pretrained,268,408.0,0.7776724982298443,0.7776724982298443,0
spsa,pretrained,269,410.0,0.7643522789201698,0.7643522789201698,0
spsa,pretrained,270,412.0,0.780514882605462,0.780514882605462,0
spsa,pretrained,271,414.0,0.7643583754157928,0.7643583754157928,0
spsa,pretrained,272,416.0,0.7782311820063492,0.7782311820063492,0
spsa,pretrained,273,418.0,0.7715062215556647,0.7715062215556647,0
spsa,pretrained,274,420.0,0.7604397589588068,0.7604397589588068,0
spsa,pretrained,275,422.0,0.7872162134391096,0.7872162134391096,0
spsa,pretrained,276,424.0,0.772309852159053,0.772309852159053,0
spsa,pretrained,277,426.0,0.740925576865039,0.740925576865039,0
spsa,pretrained,278,428.0,0.7540908376770262,0.7540908376770262,0
spsa,pretrained,279,430.0,0.7568419983543249,0.7568419983543249,0
spsa,pretrained,280,432.0,0.7521385070209159,0.7521385070209159,0
spsa,pretrained,281,434.0,0.7687957855824954,0.7687957855824954,0
spsa,pretrained,282,436.0,0.7443004174668675,0.7443004174668675,0
spsa,pretrained,283,438.0,0.7384264343971265,0.7384264343971265,0
spsa,pretrained,284,440.0,0.7392117892385328,0.7392117892385328,0
spsa,pretrained,285,442.0,0.738931171275233,0.738931171275233,0
spsa,pretrained,286,444.0,0.7303285333237569,0.7303285333237569,0
spsa,pretrained,287,446.0,0.7131469300346494,0.7131469300346494,0
spsa,pretrained,288,448.0,0.7232412284231675,0.7232412284231675,0
spsa,pretrained,289,450.0,0.7415871250721748,0.7415871250721748,0
spsa,pretrained,290,452.0,0.7180519463558879,0.7180519463558879,0
spsa,pretrained,291,454.0,0.7240979874071009,0.7240979874071009,0
spsa,pretrained,292,456.0,0.7144957938288181,0.7144957938288181,0
spsa,pretrained,293,458.0,0.7141699752240533,0.7141699752240533,0
spsa,pretrained,294,460.0,0.7143053987011923,0.7143053987011923,0
spsa,pretrained,295,462.0,0.6796254182216257,0.6796254182216257,0
spsa,pretrained,296,464.0,0.6711432676529397,0.6711432676529397,0
spsa,pretrained,297,466.0,0.6750679218706284,0.6750679218706284,0
spsa,pretrained,298,468.0,0.6650075727750626,0.6650075727750626,0
spsa,pretrained,299,470.0,0.6602756442102935,0.6602756442102935,0
spsa,pretrained,300,472.0,0.6624878398665153,0.6624878398665153,0
spsa,pretrained,301,474.0,0.6517197517180562,0.6517197517180562,0
spsa,pretrained,302,476.0,0.6367627330484276,0.6367627330484276,0
spsa,pretrained,303,478.0,0.6405814381218541,0.6405814381218541,0
spsa,pretrained,304,480.0,0.6535322011623874,0.6535322011623874,0
spsa,pretrained,305,482.0,0.6369237376955725,0.6369237376955725,0
spsa,pretrained,306,484.0,0.6208110662259174,0.6208110662259174,0
spsa,pretrained,307,486.0,0.6205993509207773,0.6205993509207773,0
spsa,pretrained,308,488.0,0.5912584014848509,0.5912584014848509,0
spsa,pretrained,309,490.0,0.5928882635919326,0.5928882635919326,0
spsa,pretrained,310,492.0,0.5962456844335234,0.5962456844335234,0
spsa,pretrained,311,494.0,0.6118453537778494,0.6118453537778494,0
spsa,pretrained,312,496.0,0.5674015818381104,0.5674015818381104,0
spsa,pretrained,313,498.0,0.5917922349271774,0.5917922349271774,0
spsa,pretrained,314,500.0,0.578668159257554,0.578668159257554,0
spsa,pretrained,315,502.0,0.561282351712447,0.561282351712447,0
spsa,pretrained,316,504.0,0.5732187898982191,0.5732187898982191,0
spsa,pretrained,317,506.0,0.5640955124429581,0.5640955124429581,0
spsa,pretrained,318,508.0,0.5476728954811665,0.5476728954811665,0
spsa,pretrained,319,510.0,0.5834601463126308,0.5834601463126308,0
spsa,pretrained,320,512.0,0.559245342839944,0.559245342839944,0
spsa,pretrained,321,514.0,0.5506342149377109,0.5506342149377109,0
spsa,pretrained,322,516.0,0.5377578619972562,0.5377578619972562,0
spsa,pretrained,323,518.0,0.5392466017704567,0.5392466017704567,0
spsa,pretrained,324,520.0,0.5063943832650369,0.5063943832650369,0
spsa,pretrained,325,522.0,0.5087542845945587,0.5087542845945587,0
spsa,pretrained,326,524.0,0.5053663541095765,0.5053663541095765,0
spsa,pretrained,327,526.0,0.4914034850534882,0.4914034850534882,0
spsa,pretrained,328,528.0,0.4969104704697124,0.4969104704697124,0
spsa,pretrained,329,530.0,0.4839812739775612,0.4839812739775612,0
spsa,pretrained,330,532.0,0.5233934766779931,0.5233934766779931,0
spsa,pretrained,331,534.0,0.4907736912166926,0.4907736912166926,0
spsa,pretrained,332,536.0,0.4877112613661153,0.4877112613661153,0
spsa,pretrained,333,538.0,0.48453548239230176,0.48453548239230176,0
spsa,pretrained,334,540.0,0.48911641021038055,0.48911641021038055,0
spsa,pretrained,335,542.0,0.5034597105484466,0.5034597105484466,0
spsa,pretrained,336,544.0,0.48330407787627916,0.48330407787627916,0
spsa,pretrained,337,546.0,0.4743331472151289,0.4743331472151289,0
spsa,pretrained,338,548.0,0.4978644200761152,0.4978644200761152,0
spsa,pretrained,339,550.0,0.4668547125779917,0.4668547125779917,0
spsa,pretrained,340,552.0,0.4775139211076687,0.4775139211076687,0
spsa,pretrained,341,554.0,0.45825596198064533,0.45825596198064533,0
spsa,pretrained,342,556.0,0.48622278535768276,0.48622278535768276,0
spsa,pretrained,343,558.0,0.4720411709376226,0.4720411709376226,0
spsa,pretrained,344,560.0,0.4738110879106151,0.4738110879106151,0
spsa,pretrained,345,562.0,0.45824320865802876,0.45824320865802876,0
spsa,pretrained,346,564.0,0.48017199817013023,0.48017199817013023,0
spsa,pretrained,347,566.0,0.4754284809211186,0.4754284809211186,0
spsa,pretrained,348,568.0,0.4846385594358064,0.4846385594358064,0
spsa,pretrained,349,570.0,0.461856030278002,0.461856030278002,0
spsa,pretrained,350,572.0,0.46107450424581764,0.46107450424581764,0
spsa,pretrained,351,574.0,0.45813141709313154,0.45813141709313154,0
spsa,pretrained,352,576.0,0.441299891853466,0.441299891853466,0
spsa,pretrained,353,578.0,0.4567493478733987,0.4567493478733987,0
spsa,pretrained,354,580.0,0.4619972239134365,0.4619972239134365,0
spsa,pretrained,355,582.0,0.4611644353151015,0.4611644353151015,0
spsa,pretrained,356,584.0,0.4520671881353394,0.4520671881353394,0
spsa,pretrained,357,586.0,0.42442706623732274,0.42442706623732274,0
spsa,pretrained,358,588.0,0.43035062880375446,0.43035062880375446,0
spsa,pretrained,359,590.0,0.43083305839026387,0.43083305839026387,0
spsa,pretrained,360,592.0,0.45366640103036737,0.45366640103036737,0
spsa,pretrained,361,594.0,0.4172372434293276,0.4172372434293276,0
spsa,pretrained,362,596.0,0.43696315206158653,0.43696315206158653,0
spsa,pretrained,363,598.0,0.42990770133024087,0.42990770133024087,0
spsa,pretrained,364,600.0,0.4108074943771167,0.4108074943771167,0
spsa,pretrained,365,602.0,0.4134995168847864,0.4134995168847864,0
spsa,pretrained,366,604.0,0.42281104557645594,0.42281104557645594,0
spsa,pretrained,367,606.0,0.4101596209437237,0.4101596209437237,0
spsa,pretrained,368,608.0,0.39445046135779194,0.39445046135779194,0
spsa,pretrained,369,610.0,0.3976663366008475,0.3976663366008475,0
spsa,pretrained,370,612.0,0.3880539030082271,0.3880539030082271,0
spsa,pretrained,371,614.0,0.3938823719636436,0.3938823719636436,0
spsa,pretrained,372,616.0,0.403370307318222,0.403370307318222,0
spsa,pretrained,373,618.0,0.3827556971929252,0.3827556971929252,0
spsa,pretrained,374,620.0,0.36340681527823626,0.36340681527823626,0
spsa,pretrained,375,622.0,0.3717113720827845,0.3717113720827845,0
spsa,pretrained,376,624.0,0.34737200462981166,0.34737200462981166,0
spsa,pretrained,377,626.0,0.36659256697342396,0.36659256697342396,0
spsa,pretrained,378,628.0,0.34329257008901404,0.34329257008901404,0
spsa,pretrained,379,630.0,0.3473618844635398,0.3473618844635398,0
spsa,pretrained,380,632.0,0.35621609430203766,0.35621609430203766,0
spsa,pretrained,381,634.0,0.35799194793944433,0.35799194793944433,0
spsa,pretrained,382,636.0,0.3479107064663558,0.3479107064663558,0
spsa,pretrained,383,638.0,0.35770839984204666,0.35770839984204666,0
spsa,pretrained,384,640.0,0.32447026938794876,0.32447026938794876,0
spsa,pretrained,385,642.0,0.32540082953131183,0.32540082953131183,0
spsa,pretrained,386,644.0,0.33020220753493656,0.33020220753493656,0
spsa,pretrained,387,646.0,0.3285413678127215,0.3285413678127215,0
spsa,pretrained,388,648.0,0.3045155130045592,0.3045155130045592,0
spsa,pretrained,389,650.0,0.3179454307201993,0.3179454307201993,0
spsa,pretrained,390,652.0,0.3176516189734455,0.3176516189734455,0
spsa,pretrained,391,654.0,0.29535550620247253,0.29535550620247253,0
spsa,pretrained,392,656.0,0.2963140516952507,0.2963140516952507,0
spsa,pretrained,393,658.0,0.30617696677175643,0.30617696677175643,0
spsa,pretrained,394,660.0,0.29414152006996763,0.29414152006996763,0
spsa,pretrained,395,662.0,0.2994976112164781,0.2994976112164781,0
spsa,pretrained,396,664.0,0.2867521822879131,0.2867521822879131,0
spsa,pretrained,397,666.0,0.281866121284541,0.281866121284541,0
spsa,pretrained,398,668.0,0.22229553935606602,0.22229553935606602,0
spsa,pretrained,399,670.0,0.2176630484074415,0.2176630484074415,0
spsa,pretrained,400,672.0,0.23050112315025434,0.23050112315025434,0
spsa,pretrained,401,674.0,0.23380729164131303,0.23380729164131303,0
spsa,pretrained,402,676.0,0.2399140837449168,0.2399140837449168,0
spsa,pretrained,403,678.0,0.21042360319609302,0.21042360319609302,0
spsa,pretrained,404,680.0,0.2078436345858899,0.2078436345858899,0
spsa,pretrained,405,682.0,0.19879778106628662,0.19879778106628662,0
spsa,pretrained,406,684.0,0.18352598380463894,0.18352598380463894,0
spsa,pretrained,407,686.0,0.18480698201143186,0.18480698201143186,0
spsa,pretrained,408,688.0,0.2009591646282161,0.2009591646282161,0
spsa,pretrained,409,690.0,0.21523096954484583,0.21523096954484583,0
spsa,pretrained,410,692.0,0.21279353354864708,0.21279353354864708,0
spsa,pretrained,411,694.0,0.20433105851361943,0.20433105851361943,0
spsa,pretrained,412,696.0,0.18086870608413058,0.18086870608413058,0
spsa,pretrained,413,698.0,0.22886052184353037,0.22886052184353037,0
spsa,pretrained,414,700.0,0.2378333624155785,0.2378333624155785,0
spsa,pretrained,415,702.0,0.19368904496352546,0.19368904496352546,0
spsa,pretrained,416,704.0,0.19602663309119983,0.19602663309119983,0
spsa,pretrained,417,706.0,0.16625483471296565,0.16625483471296565,0
spsa,pretrained,418,708.0,0.1523167832223167,0.1523167832223167,0
spsa,pretrained,419,710.0,0.1523720671559263,0.1523720671559263,0
spsa,pretrained,420,712.0,0.1285854999434009,0.1285854999434009,0
spsa,pretrained,421,714.0,0.11242524635024959,0.11242524635024959,0
spsa,pretrained,422,716.0,0.14623239186653195,0.14623239186653195,0
spsa,pretrained,423,718.0,0.14280695901617774,0.14280695901617774,0
spsa,pretrained,424,720.0,0.1350011458263447,0.1350011458263447,0
spsa,pretrained,425,722.0,0.14778813161817772,0.14778813161817772,0
spsa,pretrained,426,724.0,0.1324674875977877,0.1324674875977877,0
spsa,pretrained,427,726.0,0.1389057076652209,0.1389057076652209,0
spsa,pretrained,428,728.0,0.12480053807946206,0.12480053807946206,0
spsa,pretrained,429,730.0,0.11012243532628974,0.11012243532628974,0
spsa,pretrained,430,732.0,0.11696771521799096,0.11696771521799096,0
spsa,pretrained,431,734.0,0.13763397943809091,0.13763397943809091,0
spsa,pretrained,432,736.0,0.1285157183154216,0.1285157183154216,0
spsa,pretrained,433,738.0,0.1174039429969858,0.1174039429969858,0
spsa,pretrained,434,740.0,0.1174792947763442,0.1174792947763442,0
spsa,pretrained,435,742.0,0.10982574969082559,0.10982574969082559,0
spsa,pretrained,436,744.0,0.11851879125280837,0.11851879125280837,0
spsa,pretrained,437,746.0,0.11473100099806627,0.11473100099806627,0
spsa,pretrained,438,748.0,0.12774572742580226,0.12774572742580226,0
spsa,pretrained,439,750.0,0.10181897504641144,0.10181897504641144,0
spsa,pretrained,440,752.0,0.11658783156669325,0.11658783156669325,0
spsa,pretrained,441,754.0,0.13802977620380064,0.13802977620380064,0
spsa,pretrained,442,756.0,0.11316741794297347,0.11316741794297347,0
spsa,pretrained,443,758.0,0.1045017893940494,0.1045017893940494,0
spsa,pretrained,444,760.0,0.12303983086418982,0.12303983086418982,0
spsa,pretrained,445,762.0,0.10809805410839331,0.10809805410839331,0
spsa,pretrained,446,764.0,0.1200415859597175,0.1200415859597175,0
spsa,pretrained,447,766.0,0.12121474173106342,0.12121474173106342,0
spsa,pretrained,448,768.0,0.10427485327609248,0.10427485327609248,0
spsa,pretrained,449,770.0,0.11744017348267878,0.11744017348267878,0
spsa,pretrained,450,772.0,0.10437083235418639,0.10437083235418639,0
spsa,pretrained,451,774.0,0.11441548683332697,0.11441548683332697,0
spsa,pretrained,452,776.0,0.09412655458069791,0.09412655458069791,0
spsa,pretrained,453,778.0,0.07939717971684247,0.07939717971684247,0
spsa,pretrained,454,780.0,0.09754497994576775,0.09754497994576775,0
spsa,pretrained,455,782.0,0.1156151588249146,0.1156151588249146,0
spsa,pretrained,456,784.0,0.09599103826443618,0.09599103826443618,0
spsa,pretrained,457,786.0,0.09252272575320701,0.09252272575320701,0
spsa,pretrained,458,788.0,0.10276431045071045,0.10276431045071045,0
spsa,pretrained,459,790.0,0.09209065872220606,0.09209065872220606,0
spsa,pretrained,460,792.0,0.09346588012432866,0.09346588012432866,0
spsa,pretrained,461,794.0,0.09704158712845229,0.09704158712845229,0
spsa,pretrained,462,796.0,0.08384728141852191,0.08384728141852191,0
spsa,pretrained,463,798.0,0.092974769078636,0.092974769078636,0
spsa,pretrained,464,800.0,0.07433543300982874,0.07433543300982874,0
spsa,pretrained,465,802.0,0.07429920417559514,0.07429920417559514,0
spsa,pretrained,466,804.0,0.07962435185277274,0.07962435185277274,0
spsa,pretrained,467,806.0,0.07736217954047026,0.07736217954047026,0
spsa,pretrained,468,808.0,0.10767245356509539,0.10767245356509539,0
spsa,pretrained,469,810.0,0.0932298420358311,0.0932298420358311,0
spsa,pretrained,470,812.0,0.0779185122648592,0.0779185122648592,0
spsa,pretrained,471,814.0,0.06910502804656704,0.06910502804656704,0
spsa,pretrained,472,816.0,0.0881949997821288,0.0881949997821288,0
spsa,pretrained,473,818.0,0.06591632445476392,0.06591632445476392,0
spsa,pretrained,474,820.0,0.0489381739005063,0.0489381739005063,0
spsa,pretrained,475,822.0,0.0796771552738219,0.0796771552738219,0
spsa,pretrained,476,824.0,0.035832112624767855,0.035832112624767855,0
spsa,pretrained,477,826.0,0.07394940805007096,0.07394940805007096,0
spsa,pretrained,478,828.0,0.048191534566338526,0.048191534566338526,0
spsa,pretrained,479,830.0,0.040573970965302304,0.040573970965302304,0
spsa,pretrained,480,832.0,0.05363842101344608,0.05363842101344608,0
spsa,pretrained,481,834.0,0.060284078193267567,0.060284078193267567,0
spsa,pretrained,482,836.0,0.03110605460738137,0.03110605460738137,0
spsa,pretrained,483,838.0,0.050135815688647285,0.050135815688647285,0
spsa,pretrained,484,840.0,0.05063157788131586,0.05063157788131586,0
spsa,pretrained,485,842.0,0.009159115842335957,0.009159115842335957,0
spsa,pretrained,486,844.0,0.038946298369909746,0.038946298369909746,0
spsa,pretrained,487,846.0,0.010123718580168757,0.010123718580168757,0
spsa,pretrained,488,848.0,0.018356325161843753,0.018356325161843753,0
spsa,pretrained,489,850.0,0.035764603695655,0.035764603695655,0
spsa,pretrained,490,852.0,0.018411866965955093,0.018411866965955093,0
spsa,pretrained,491,854.0,0.0411539691103958,0.0411539691103958,0
spsa,pretrained,492,856.0,0.07528155007110143,0.07528155007110143,0
spsa,pretrained,493,858.0,0.031098329647338836,0.031098329647338836,0
spsa,pretrained,494,860.0,0.023188719235150486,0.023188719235150486,0
spsa,pretrained,495,862.0,0.02951896576211038,0.02951896576211038,0
spsa,pretrained,496,864.0,0.019973317504470435,0.019973317504470435,0
spsa,pretrained,497,866.0,0.015160565235048308,0.015160565235048308,0
spsa,pretrained,498,868.0,-0.0021074490181124048,-0.0021074490181124048,0
spsa,pretrained,499,870.0,-0.009712243441354082,-0.009712243441354082,0
adam,standard,0,2.0,2.845677068898275,2.845677068898275,0
adam,standard,1,4.0,2.3091356671438397,2.3091356671438397,0
adam,standard,2,6.0,2.1001307753001615,2.1001307753001615,0
adam,standard,3,8.0,1.961682325820137,1.961682325820137,0
adam,standard,4,10.0,1.8450379093269984,1.8450379093269984,0
adam,standard,5,12.0,1.7505642938018386,1.7505642938018386,0
adam,standard,6,14.0,1.629265042799948,1.629265042799948,0
adam,standard,7,16.0,1.4562914337917425,1.4562914337917425,0
adam,standard,8,18.0,1.2685832920273659,1.2685832920273659,0
adam,standard,9,20.0,1.1066134402854264,1.1066134402854264,0
adam,standard,10,22.0,0.9604195031620785,0.9604195031620785,0
adam,standard,11,24.0,0.7875885117991399,0.7875885117991399,0
adam,standard,12,26.0,0.5555127538472928,0.5555127538472928,0
adam,standard,13,28.0,0.2632374146548093,0.2632374146548093,0
adam,standard,14,30.0,-0.049757985770859145,-0.049757985770859145,0
adam,standard,15,32.0,-0.323336477172529,-0.323336477172529,0
adam,standard,16,34.0,-0.5263009732643141,-0.5263009732643141,0
adam,standard,17,36.0,-0.652429400537445,-0.652429400537445,0
adam,standard,18,38.0,-0.7165531067287412,-0.7165531067287412,0
adam,standard,19,40.0,-0.7541974484273709,-0.7541974484273709,0
adam,standard,20,42.0,-0.7987541244604098,-0.7987541244604098,0
adam,standard,21,44.0,-0.8605317514499804,-0.8605317514499804,0
adam,standard,22,46.0,-0.9290612756765072,-0.9290612756765072,0
adam,standard,23,48.0,-0.997151242523293,-0.997151242523293,0
adam,standard,24,50.0,-1.0655757421986565,-1.0655757421986565,0
adam,standard,25,52.0,-1.1340660538567202,-1.1340660538567202,0
adam,standard,26,54.0,-1.1980500292052116,-1.1980500292052116,0
adam,standard,27,56.0,-1.2496929450336665,-1.2496929450336665,0
adam,standard,28,58.0,-1.2879827211050583,-1.2879827211050583,0
adam,standard,29,60.0,-1.3201032776710504,-1.3201032776710504,0
adam,standard,30,62.0,-1.3560554429689529,-1.3560554429689529,0
adam,standard,31,64.0,-1.4013150829534204,-1.4013150829534204,0
adam,standard,32,66.0,-1.4524247290604027,-1.4524247290604027,0
adam,standard,33,68.0,-1.5018398092266385,-1.5018398092266385,0
adam,standard,34,70.0,-1.54341386320936,-1.54341386320936,0
adam,standard,35,72.0,-1.5750274705548866,-1.5750274705548866,0
adam,standard,36,74.0,-1.5979408295404829,-1.5979408295404829,0
adam,standard,37,76.0,-1.6108800737391276,-1.6108800737391276,0
adam,standard,38,78.0,-1.6120002415301316,-1.6120002415301316,0
adam,standard,39,80.0,-1.606157543099466,-1.606157543099466,0
adam,standard,40,82.0,-1.6010272299055557,-1.6010272299055557,0
adam,standard,41,84.0,-1.6012804841390058,-1.6012804841390058,0
adam,standard,42,86.0,-1.6089410504911408,-1.6089410504911408,0
adam,standard,43,88.0,-1.6224398895116539,-1.6224398895116539,0
adam,standard,44,90.0,-1.637911696004853,-1.637911696004853,0
adam,standard,45,92.0,-1.6526161362443106,-1.6526161362443106,0
adam,standard,46,94.0,-1.6644495669596029,-1.6644495669596029,0
adam,standard,47,96.0,-1.6720250138846775,-1.6720250138846775,0
adam,standard,48,98.0,-1.6758555477633743,-1.6758555477633743,0
adam,standard,49,100.0,-1.6770329422020291,-1.6770329422020291,0
adam,standard,50,102.0,-1.6766036925886798,-1.6766036925886798,0
adam,standard,51,104.0,-1.6767243818431194,-1.6767243818431194,0
adam,standard,52,106.0,-1.6788291237021618,-1.6788291237021618,0
adam,standard,53,108.0,-1.6817280615606431,-1.6817280615606431,0
adam,standard,54,110.0,-1.6842399976643467,-1.6842399976643467,0
adam,standard,55,112.0,-1.6869168323568273,-1.6869168323568273,0
adam,standard,56,114.0,-1.6900970682241903,-1.6900970682241903,0
adam,standard,57,116.0,-1.6933166333744794,-1.6933166333744794,0
adam,standard,58,118.0,-1.696030190236316,-1.696030190236316,0
adam,standard,59,120.0,-1.6975065360024202,-1.6975065360024202,0
adam,standard,60,122.0,-1.6977659738759752,-1.6977659738759752,0
adam,standard,61,124.0,-1.6981311327414241,-1.6981311327414241,0
adam,standard,62,126.0,-1.6993821834966993,-1.6993821834966993,0
adam,standard,63,128.0,-1.70091404867072,-1.70091404867072,0
adam,standard,64,130.0,-1.702051224236415,-1.702051224236415,0
adam,standard,65,132.0,-1.7026572726917908,-1.7026572726917908,0
adam,standard,66,134.0,-1.702840877283158,-1.702840877283158,0
adam,standard,67,136.0,-1.7029040253938708,-1.7029040253938708,0
adam,standard,68,138.0,-1.7031559831047145,-1.7031559831047145,0
adam,standard,69,140.0,-1.703749356116657,-1.703749356116657,0
adam,standard,70,142.0,-1.7046737533737644,-1.7046737533737644,0
adam,standard,71,144.0,-1.705612428025279,-1.705612428025279,0
adam,standard,72,146.0,-1.7062440924879514,-1.7062440924879514,0
adam,standard,73,148.0,-1.7066410122746756,-1.7066410122746756,0
adam,standard,74,150.0,-1.7069813486693317,-1.7069813486693317,0
adam,standard,75,152.0,-1.7072944431088912,-1.7072944431088912,0
adam,standard,76,154.0,-1.7075115693189624,-1.7075115693189624,0
adam,standard,77,156.0,-1.7075112001319963,-1.7075112001319963,0
adam,standard,78,158.0,-1.7073981124881599,-1.7073981124881599,0
adam,standard,79,160.0,-1.707527572552167,-1.707527572552167,0
adam,standard,80,162.0,-1.7080151935247594,-1.7080151935247594,0
adam,standard,81,164.0,-1.708643492006795,-1.708643492006795,0
adam,standard,82,166.0,-1.709184178078767,-1.709184178078767,0
adam,standard,83,168.0,-1.7095247666066524,-1.7095247666066524,0
adam,standard,84,170.0,-1.7097114440499304,-1.7097114440499304,0
adam,standard,85,172.0,-1.7098868749010026,-1.7098868749010026,0
adam,standard,86,174.0,-1.7100917340390027,-1.7100917340390027,0
adam,standard,87,176.0,-1.7102772994982214,-1.7102772994982214,0
adam,standard,88,178.0,-1.710428169313821,-1.710428169313821,0
adam,standard,89,180.0,-1.7105820410562749,-1.7105820410562749,0
adam,standard,90,182.0,-1.7108000046980316,-1.7108000046980316,0
adam,standard,91,184.0,-1.7110856472174076,-1.7110856472174076,0
adam,standard,92,186.0,-1.7113908881911901,-1.7113908881911901,0
adam,standard,93,188.0,-1.7117068572086667,-1.7117068572086667,0
adam,standard,94,190.0,-1.7120316776366296,-1.7120316776366296,0
adam,standard,95,192.0,-1.7123377943473816,-1.7123377943473816,0
adam,standard,96,194.0,-1.7126179359518783,-1.7126179359518783,0
adam,standard,97,196.0,-1.7128770518799759,-1.7128770518799759,0
adam,standard,98,198.0,-1.713126021909914,-1.713126021909914,0
adam,standard,99,200.0,-1.713386196781186,-1.713386196781186,0
adam,standard,100,202.0,-1.7136565891907745,-1.7136565891907745,0
adam,standard,101,204.0,-1.7139304818817231,-1.7139304818817231,0
adam,standard,102,206.0,-1.714221964527952,-1.714221964527952,0
adam,standard,103,208.0,-1.7145356207421114,-1.7145356207421114,0
adam,standard,104,210.0,-1.714853818051733,-1.714853818051733,0
adam,standard,105,212.0,-1.7151569102314699,-1.7151569102314699,0
adam,standard,106,214.0,-1.7154418703117091,-1.7154418703117091,0
adam,standard,107,216.0,-1.7157216041558327,-1.7157216041558327,0
adam,standard,108,218.0,-1.7160045090727964,-1.7160045090727964,0
adam,standard,109,220.0,-1.7162916313936394,-1.7162916313936394,0
adam,standard,110,222.0,-1.7165796891426206,-1.7165796891426206,0
adam,standard,111,224.0,-1.716855127088873,-1.716855127088873,0
adam,standard,112,226.0,-1.7171097562843385,-1.7171097562843385,0
adam,standard,113,228.0,-1.7173500272364883,-1.7173500272364883,0
adam,standard,114,230.0,-1.7175819880011682,-1.7175819880011682,0
adam,standard,115,232.0,-1.7178075073634702,-1.7178075073634702,0
adam,standard,116,234.0,-1.7180255910204267,-1.7180255910204267,0
adam,standard,117,236.0,-1.718232484334253,-1.718232484334253,0
adam,standard,118,238.0,-1.7184278089782303,-1.7184278089782303,0
adam,standard,119,240.0,-1.7186111670727622,-1.7186111670727622,0
adam,standard,120,242.0,-1.7187782455340928,-1.7187782455340928,0
adam,standard,121,244.0,-1.7189274948784765,-1.7189274948784765,0
adam,standard,122,246.0,-1.7190621393129832,-1.7190621393129832,0
adam,standard,123,248.0,-1.7191855429354974,-1.7191855429354974,0
adam,standard,124,250.0,-1.719297836642502,-1.719297836642502,0
adam,standard,125,252.0,-1.71939804464981,-1.71939804464981,0
adam,standard,126,254.0,-1.7194879725138084,-1.7194879725138084,0
adam,standard,127,256.0,-1.7195696885361973,-1.7195696885361973,0
adam,standard,128,258.0,-1.7196430050307252,-1.7196430050307252,0
adam,standard,129,260.0,-1.7197069682755841,-1.7197069682755841,0
adam,standard,130,262.0,-1.719760704640167,-1.719760704640167,0
adam,standard,131,264.0,-1.7198049865209992,-1.7198049865209992,0
adam,standard,132,266.0,-1.7198422385813825,-1.7198422385813825,0
adam,standard,133,268.0,-1.7198744412098264,-1.7198744412098264,0
adam,standard,134,270.0,-1.7199025983859118,-1.7199025983859118,0
adam,standard,135,272.0,-1.7199263654600576,-1.7199263654600576,0
adam,standard,136,274.0,-1.7199454007683175,-1.7199454007683175,0
adam,standard,137,276.0,-1.7199611290419117,-1.7199611290419117,0
adam,standard,138,278.0,-1.7199746334095152,-1.7199746334095152,0
adam,standard,139,280.0,-1.7199855159900503,-1.7199855159900503,0
adam,standard,140,282.0,-1.7199938407832311,-1.7199938407832311,0
adam,standard,141,284.0,-1.7200006915483421,-1.7200006915483421,0
adam,standard,142,286.0,-1.7200067862554158,-1.7200067862554158,0
adam,standard,143,288.0,-1.7200118194054452,-1.7200118194054452,0
adam,standard,144,290.0,-1.720015557524481,-1.720015557524481,0
adam,standard,145,292.0,-1.7200183936195137,-1.7200183936195137,0
adam,standard,146,294.0,-1.72002078615844,-1.72002078615844,0
adam,standard,147,296.0,-1.7200231656325267,-1.7200231656325267,0
adam,standard,148,298.0,-1.7200257608864329,-1.7200257608864329,0
adam,standard,149,300.0,-1.7200284605352916,-1.7200284605352916,0
adam,standard,150,302.0,-1.7200310901692197,-1.7200310901692197,0
adam,standard,151,304.0,-1.7200335596653584,-1.7200335596653584,0
adam,standard,152,306.0,-1.7200360029063888,-1.7200360029063888,0
adam,standard,153,308.0,-1.7200386117750173,-1.7200386117750173,0
adam,standard,154,310.0,-1.720041444803365,-1.720041444803365,0
adam,standard,155,312.0,-1.7200445275918275,-1.7200445275918275,0
adam,standard,156,314.0,-1.720047760558937,-1.720047760558937,0
adam,standard,157,316.0,-1.720051007850152,-1.720051007850152,0
adam,standard,158,318.0,-1.7200543044546541,-1.7200543044546541,0
adam,standard,159,320.0,-1.7200577343596988,-1.7200577343596988,0
adam,standard,160,322.0,-1.720061303966698,-1.720061303966698,0
adam,standard,161,324.0,-1.7200649836413053,-1.7200649836413053,0
adam,standard,162,326.0,-1.7200687603016194,-1.7200687603016194,0
adam,standard,163,328.0,-1.7200725831025594,-1.7200725831025594,0
adam,standard,164,330.0,-1.7200763832123782,-1.7200763832123782,0
adam,standard,165,332.0,-1.7200801530224579,-1.7200801530224579,0
adam,standard,166,334.0,-1.7200839027439345,-1.7200839027439345,0
adam,standard,167,336.0,-1.7200876550836361,-1.7200876550836361,0
adam,standard,168,338.0,-1.7200914164657652,-1.7200914164657652,0
adam,standard,169,340.0,-1.7200951312555401,-1.7200951312555401,0
adam,standard,170,342.0,-1.7200987647681185,-1.7200987647681185,0
adam,standard,171,344.0,-1.7201023387976335,-1.7201023387976335,0
adam,standard,172,346.0,-1.7201058767699502,-1.7201058767699502,0
adam,standard,173,348.0,-1.7201093701138057,-1.7201093701138057,0
adam,standard,174,350.0,-1.720112805594864,-1.720112805594864,0
adam,standard,175,352.0,-1.7201161850044644,-1.7201161850044644,0
adam,standard,176,354.0,-1.7201194993301028,-1.7201194993301028,0
adam,standard,177,356.0,-1.7201227432360946,-1.7201227432360946,0
adam,standard,178,358.0,-1.7201259270658837,-1.7201259270658837,0
adam,standard,179,360.0,-1.7201290581784272,-1.7201290581784272,0
adam,standard,180,362.0,-1.7201321414427835,-1.7201321414427835,0
adam,standard,181,364.0,-1.7201351833835634,-1.7201351833835634,0
adam,standard,182,366.0,-1.7201381858963056,-1.7201381858963056,0
adam,standard,183,368.0,-1.7201411449315283,-1.7201411449315283,0
adam,standard,184,370.0,-1.7201440681775653,-1.7201440681775653,0
adam,standard,185,372.0,-1.7201469676252512,-1.7201469676252512,0
adam,standard,186,374.0,-1.7201498413952119,-1.7201498413952119,0
adam,standard,187,376.0,-1.7201526886772893,-1.7201526886772893,0
adam,standard,188,378.0,-1.7201555147364886,-1.7201555147364886,0
adam,standard,189,380.0,-1.720158324654059,-1.720158324654059,0
adam,standard,190,382.0,-1.7201611227691016,-1.7201611227691016,0
adam,standard,191,384.0,-1.7201639107972861,-1.7201639107972861,0
adam,standard,192,386.0,-1.7201666894956684,-1.7201666894956684,0
adam,standard,193,388.0,-1.7201694627336808,-1.7201694627336808,0
adam,standard,194,390.0,-1.72017223520528,-1.72017223520528,0
adam,standard,195,392.0,-1.7201750061056258,-1.7201750061056258,0
adam,standard,196,394.0,-1.7201777751072909,-1.7201777751072909,0
adam,standard,197,396.0,-1.7201805457635893,-1.7201805457635893,0
adam,standard,198,398.0,-1.7201833196233833,-1.7201833196233833,0
adam,standard,199,400.0,-1.7201860960983517,-1.7201860960983517,0
adam,standard,200,402.0,-1.7201888749242789,-1.7201888749242789,0
adam,standard,201,404.0,-1.7201916574287797,-1.7201916574287797,0
adam,standard,202,406.0,-1.7201944449283462,-1.7201944449283462,0
adam,standard,203,408.0,-1.720197238106232,-1.720197238106232,0
adam,standard,204,410.0,-1.720200036767638,-1.720200036767638,0
adam,standard,205,412.0,-1.7202028399302496,-1.7202028399302496,0
adam,standard,206,414.0,-1.7202056479895904,-1.7202056479895904,0
adam,standard,207,416.0,-1.7202084616343127,-1.7202084616343127,0
adam,standard,208,418.0,-1.7202112806183592,-1.7202112806183592,0
adam,standard,209,420.0,-1.7202141046942938,-1.7202141046942938,0
adam,standard,210,422.0,-1.7202169338661053,-1.7202169338661053,0
adam,standard,211,424.0,-1.7202197675239401,-1.7202197675239401,0
adam,standard,212,426.0,-1.7202226054430922,-1.7202226054430922,0
adam,standard,213,428.0,-1.7202254482292048,-1.7202254482292048,0
adam,standard,214,430.0,-1.720228295833614,-1.720228295833614,0
adam,standard,215,432.0,-1.7202311478515964,-1.7202311478515964,0
adam,standard,216,434.0,-1.7202340039606887,-1.7202340039606887,0
adam,standard,217,436.0,-1.720236864053674,-1.720236864053674,0
adam,standard,218,438.0,-1.720239728032481,-1.720239728032481,0
adam,standard,219,440.0,-1.720242595763614,-1.720242595763614,0
adam,standard,220,442.0,-1.720245467313715,-1.720245467313715,0
adam,standard,221,444.0,-1.7202483426508406,-1.7202483426508406,0
adam,standard,222,446.0,-1.7202512216431771,-1.7202512216431771,0
adam,standard,223,448.0,-1.7202541041699366,-1.7202541041699366,0
adam,standard,224,450.0,-1.7202569901518179,-1.7202569901518179,0
adam,standard,225,452.0,-1.7202598795437642,-1.7202598795437642,0
adam,standard,226,454.0,-1.7202627723757247,-1.7202627723757247,0
adam,standard,227,456.0,-1.720265668550118,-1.720265668550118,0
adam,standard,228,458.0,-1.7202685679310097,-1.7202685679310097,0
adam,standard,229,460.0,-1.7202714704981563,-1.7202714704981563,0
adam,standard,230,462.0,-1.7202743762511337,-1.7202743762511337,0
adam,standard,231,464.0,-1.7202772851643735,-1.7202772851643735,0
adam,standard,232,466.0,-1.7202801971469859,-1.7202801971469859,0
adam,standard,233,468.0,-1.7202831121449451,-1.7202831121449451,0
adam,standard,234,470.0,-1.7202860300757108,-1.7202860300757108,0
adam,standard,235,472.0,-1.7202889508503059,-1.7202889508503059,0
adam,standard,236,474.0,-1.72029187443302,-1.72029187443302,0
adam,standard,237,476.0,-1.7202948007850642,-1.7202948007850642,0
adam,standard,238,478.0,-1.7202977298115851,-1.7202977298115851,0
adam,standard,239,480.0,-1.7203006613801697,-1.7203006613801697,0
adam,standard,240,482.0,-1.7203035953852572,-1.7203035953852572,0
adam,standard,241,484.0,-1.7203065317580621,-1.7203065317580621,0
adam,standard,242,486.0,-1.720309470419512,-1.720309470419512,0
adam,standard,243,488.0,-1.7203124112588315,-1.7203124112588315,0
adam,standard,244,490.0,-1.720315354169091,-1.720315354169091,0
adam,standard,245,492.0,-1.7203182990346888,-1.7203182990346888,0
adam,standard,246,494.0,-1.7203212457492558,-1.7203212457492558,0
adam,standard,247,496.0,-1.7203241941916576,-1.7203241941916576,0
adam,standard,248,498.0,-1.720327144229704,-1.720327144229704,0
adam,standard,249,500.0,-1.7203300957514043,-1.7203300957514043,0
adam,standard,250,502.0,-1.7203330486374675,-1.7203330486374675,0
adam,standard,251,504.0,-1.7203360027476524,-1.7203360027476524,0
adam,standard,252,506.0,-1.7203389579477035,-1.7203389579477035,0
adam,standard,253,508.0,-1.72034191411422,-1.72034191411422,0
adam,standard,254,510.0,-1.7203448711183014,-1.7203448711183014,0
adam,standard,255,512.0,-1.720347828828911,-1.720347828828911,0
adam,standard,256,514.0,-1.7203507871070045,-1.7203507871070045,0
adam,standard,257,516.0,-1.7203537458100686,-1.7203537458100686,0
adam,standard,258,518.0,-1.7203567048004353,-1.7203567048004353,0
adam,standard,259,520.0,-1.7203596639437557,-1.7203596639437557,0
adam,standard,260,522.0,-1.720362623100732,-1.720362623100732,0
adam,standard,261,524.0,-1.7203655821316846,-1.7203655821316846,0
adam,standard,262,526.0,-1.7203685408960354,-1.7203685408960354,0
adam,standard,263,528.0,-1.7203714992517167,-1.7203714992517167,0
adam,standard,264,530.0,-1.72037445705797,-1.72037445705797,0
adam,standard,265,532.0,-1.720377414172917,-1.720377414172917,0
adam,standard,266,534.0,-1.720380370453094,-1.720380370453094,0
adam,standard,267,536.0,-1.7203833257542136,-1.7203833257542136,0
adam,standard,268,538.0,-1.7203862799315133,-1.7203862799315133,0
adam,standard,269,540.0,-1.7203892328416297,-1.7203892328416297,0
adam,standard,270,542.0,-1.7203921843415935,-1.7203921843415935,0
adam,standard,271,544.0,-1.72039513428599,-1.72039513428599,0
adam,standard,272,546.0,-1.7203980825300746,-1.7203980825300746,0
adam,standard,273,548.0,-1.7204010289280667,-1.7204010289280667,0
adam,standard,274,550.0,-1.7204039733328256,-1.7204039733328256,0
adam,standard,275,552.0,-1.7204069155982091,-1.7204069155982091,0
adam,standard,276,554.0,-1.7204098555790057,-1.7204098555790057,0
adam,standard,277,556.0,-1.7204127931294522,-1.7204127931294522,0
adam,standard,278,558.0,-1.7204157281031747,-1.7204157281031747,0
adam,standard,279,560.0,-1.720418660353226,-1.720418660353226,0
adam,standard,280,562.0,-1.720421589732681,-1.720421589732681,0
adam,standard,281,564.0,-1.7204245160949292,-1.7204245160949292,0
adam,standard,282,566.0,-1.7204274392931855,-1.7204274392931855,0
adam,standard,283,568.0,-1.720430359180482,-1.720430359180482,0
adam,standard,284,570.0,-1.7204332756102463,-1.7204332756102463,0
adam,standard,285,572.0,-1.720436188435791,-1.720436188435791,0
adam,standard,286,574.0,-1.720439097510625,-1.720439097510625,0
adam,standard,287,576.0,-1.7204420026889142,-1.7204420026889142,0
adam,standard,288,578.0,-1.720444903824565,-1.720444903824565,0
adam,standard,289,580.0,-1.720447800771636,-1.720447800771636,0
adam,standard,290,582.0,-1.7204506933845962,-1.7204506933845962,0
adam,standard,291,584.0,-1.720453581518279,-1.720453581518279,0
adam,standard,292,586.0,-1.7204564650277423,-1.7204564650277423,0
adam,standard,293,588.0,-1.7204593437683735,-1.7204593437683735,0
adam,standard,294,590.0,-1.7204622175962736,-1.7204622175962736,0
adam,standard,295,592.0,-1.7204650863681326,-1.7204650863681326,0
adam,standard,296,594.0,-1.7204679499408255,-1.7204679499408255,0
adam,standard,297,596.0,-1.7204708081717097,-1.7204708081717097,0
adam,standard,298,598.0,-1.72047366091885,-1.72047366091885,0
adam,standard,299,600.0,-1.720476508040932,-1.720476508040932,0
adam,standard,300,602.0,-1.7204793493972594,-1.7204793493972594,0
adam,standard,301,604.0,-1.7204821848478635,-1.7204821848478635,0
adam,standard,302,606.0,-1.7204850142535124,-1.7204850142535124,0
adam,standard,303,608.0,-1.7204878374757182,-1.7204878374757182,0
adam,standard,304,610.0,-1.720490654376725,-1.720490654376725,0
adam,standard,305,612.0,-1.720493464819642,-1.720493464819642,0
adam,standard,306,614.0,-1.7204962686684995,-1.7204962686684995,0
adam,standard,307,616.0,-1.720499065788169,-1.720499065788169,0
adam,standard,308,618.0,-1.7205018560444076,-1.7205018560444076,0
adam,standard,309,620.0,-1.7205046393039702,-1.7205046393039702,0
adam,standard,310,622.0,-1.720507415434618,-1.720507415434618,0
adam,standard,311,624.0,-1.7205101843051545,-1.7205101843051545,0
adam,standard,312,626.0,-1.7205129457854154,-1.7205129457854154,0
adam,standard,313,628.0,-1.7205156997463427,-1.7205156997463427,0
adam,standard,314,630.0,-1.720518446059988,-1.720518446059988,0
adam,standard,315,632.0,-1.7205211845995636,-1.7205211845995636,0
adam,standard,316,634.0,-1.7205239152395204,-1.7205239152395204,0
adam,standard,317,636.0,-1.7205266378555693,-1.7205266378555693,0
adam,standard,318,638.0,-1.7205293523246825,-1.7205293523246825,0
adam,standard,319,640.0,-1.7205320585251171,-1.7205320585251171,0
adam,standard,320,642.0,-1.720534756336454,-1.720534756336454,0
adam,standard,321,644.0,-1.7205374456396216,-1.7205374456396216,0
adam,standard,322,646.0,-1.7205401263169453,-1.7205401263169453,0
adam,standard,323,648.0,-1.72054279825214,-1.72054279825214,0
adam,standard,324,650.0,-1.7205454613303768,-1.7205454613303768,0
adam,standard,325,652.0,-1.7205481154383129,-1.7205481154383129,0
adam,standard,326,654.0,-1.7205507604641088,-1.7205507604641088,0
adam,standard,327,656.0,-1.7205533962974766,-1.7205533962974766,0
adam,standard,328,658.0,-1.7205560228297088,-1.7205560228297088,0
adam,standard,329,660.0,-1.7205586399537038,-1.7205586399537038,0
adam,standard,330,662.0,-1.720561247563978,-1.720561247563978,0
adam,standard,331,664.0,-1.720563845556707,-1.720563845556707,0
adam,standard,332,666.0,-1.720566433829722,-1.720566433829722,0
adam,standard,333,668.0,-1.720569012282541,-1.720569012282541,0
adam,standard,334,670.0,-1.7205715808163902,-1.7205715808163902,0
adam,standard,335,672.0,-1.7205741393342537,-1.7205741393342537,0
adam,standard,336,674.0,-1.7205766877408917,-1.7205766877408917,0
adam,standard,337,676.0,-1.7205792259428534,-1.7205792259428534,0
adam,standard,338,678.0,-1.720581753848515,-1.720581753848515,0
adam,standard,339,680.0,-1.7205842713680686,-1.7205842713680686,0
adam,standard,340,682.0,-1.7205867784135618,-1.7205867784135618,0
adam,standard,341,684.0,-1.7205892748989091,-1.7205892748989091,0
adam,standard,342,686.0,-1.7205917607399133,-1.7205917607399133,0
adam,standard,343,688.0,-1.7205942358542698,-1.7205942358542698,0
adam,standard,344,690.0,-1.720596700161603,-1.720596700161603,0
adam,standard,345,692.0,-1.7205991535834624,-1.7205991535834624,0
adam,standard,346,694.0,-1.720601596043354,-1.720601596043354,0
adam,standard,347,696.0,-1.7206040274667365,-1.7206040274667365,0
adam,standard,348,698.0,-1.7206064477810525,-1.7206064477810525,0
adam,standard,349,700.0,-1.7206088569157194,-1.7206088569157194,0
adam,standard,350,702.0,-1.7206112548021524,-1.7206112548021524,0
adam,standard,351,704.0,-1.7206136413737632,-1.7206136413737632,0
adam,standard,352,706.0,-1.7206160165659767,-1.7206160165659767,0
adam,standard,353,708.0,-1.7206183803162383,-1.7206183803162383,0
adam,standard,354,710.0,-1.7206207325640086,-1.7206207325640086,0
adam,standard,355,712.0,-1.7206230732507857,-1.7206230732507857,0
adam,standard,356,714.0,-1.7206254023200849,-1.7206254023200849,0
adam,standard,357,716.0,-1.72062771971747,-1.72062771971747,0
adam,standard,358,718.0,-1.7206300253905302,-1.7206300253905302,0
adam,standard,359,720.0,-1.7206323192888968,-1.7206323192888968,0
adam,standard,360,722.0,-1.7206346013642488,-1.7206346013642488,0
adam,standard,361,724.0,-1.7206368715703058,-1.7206368715703058,0
adam,standard,362,726.0,-1.7206391298628136,-1.7206391298628136,0
adam,standard,363,728.0,-1.7206413761995638,-1.7206413761995638,0
adam,standard,364,730.0,-1.720643610540365,-1.720643610540365,0
adam,standard,365,732.0,-1.7206458328470657,-1.7206458328470657,0
adam,standard,366,734.0,-1.7206480430835256,-1.7206480430835256,0
adam,standard,367,736.0,-1.7206502412156242,-1.7206502412156242,0
adam,standard,368,738.0,-1.7206524272112351,-1.7206524272112351,0
adam,standard,369,740.0,-1.7206546010402501,-1.7206546010402501,0
adam,standard,370,742.0,-1.72065676267454,-1.72065676267454,0
adam,standard,371,744.0,-1.7206589120879576,-1.7206589120879576,0
adam,standard,372,746.0,-1.7206610492563337,-1.7206610492563337,0
adam,standard,373,748.0,-1.7206631741574496,-1.7206631741574496,0
adam,standard,374,750.0,-1.720665286771043,-1.720665286771043,0
adam,standard,375,752.0,-1.7206673870787783,-1.7206673870787783,0
adam,standard,376,754.0,-1.7206694750642422,-1.7206694750642422,0
adam,standard,377,756.0,-1.720671550712924,-1.720671550712924,0
adam,standard,378,758.0,-1.7206736140122116,-1.7206736140122116,0
adam,standard,379,760.0,-1.7206756649513602,-1.7206756649513602,0
adam,standard,380,762.0,-1.7206777035214873,-1.7206777035214873,0
adam,standard,381,764.0,-1.7206797297155523,-1.7206797297155523,0
adam,standard,382,766.0,-1.720681743528341,-1.720681743528341,0
adam,standard,383,768.0,-1.7206837449564272,-1.7206837449564272,0
adam,standard,384,770.0,-1.7206857339981911,-1.7206857339981911,0
adam,standard,385,772.0,-1.7206877106537646,-1.7206877106537646,0
adam,standard,386,774.0,-1.7206896749250242,-1.7206896749250242,0
adam,standard,387,776.0,-1.7206916268155839,-1.7206916268155839,0
adam,standard,388,778.0,-1.720693566330738,-1.720693566330738,0
adam,standard,389,780.0,-1.720695493477481,-1.720695493477481,0
adam,standard,390,782.0,-1.7206974082644555,-1.7206974082644555,0
adam,standard,391,784.0,-1.7206993107019362,-1.7206993107019362,0
adam,standard,392,786.0,-1.7207012008018079,-1.7207012008018079,0
adam,standard,393,788.0,-1.720703078577552,-1.720703078577552,0
adam,standard,394,790.0,-1.7207049440441888,-1.7207049440441888,0
adam,standard,395,792.0,-1.720706797218303,-1.720706797218303,0
adam,standard,396,794.0,-1.7207086381179695,-1.7207086381179695,0
adam,standard,397,796.0,-1.7207104667627517,-1.7207104667627517,0
adam,standard,398,798.0,-1.7207122831736794,-1.7207122831736794,0
adam,standard,399,800.0,-1.7207140873732092,-1.7207140873732092,0
adam,standard,400,802.0,-1.7207158793851967,-1.7207158793851967,0
adam,standard,401,804.0,-1.720717659234884,-1.720717659234884,0
adam,standard,402,806.0,-1.7207194269488562,-1.7207194269488562,0
adam,standard,403,808.0,-1.720721182555023,-1.720721182555023,0
adam,standard,404,810.0,-1.720722926082591,-1.720722926082591,0
adam,standard,405,812.0,-1.72072465756202,-1.72072465756202,0
adam,standard,406,814.0,-1.7207263770250227,-1.7207263770250227,0
adam,standard,407,816.0,-1.7207280845045,-1.7207280845045,0
adam,standard,408,818.0,-1.7207297800345498,-1.7207297800345498,0
adam,standard,409,820.0,-1.7207314636504043,-1.7207314636504043,0
adam,standard,410,822.0,-1.7207331353884208,-1.7207331353884208,0
adam,standard,411,824.0,-1.7207347952860503,-1.7207347952860503,0
adam,standard,412,826.0,-1.7207364433817955,-1.7207364433817955,0
adam,standard,413,828.0,-1.720738079715198,-1.720738079715198,0
adam,standard,414,830.0,-1.7207397043267962,-1.7207397043267962,0
adam,standard,415,832.0,-1.7207413172580903,-1.7207413172580903,0
adam,standard,416,834.0,-1.7207429185515362,-1.7207429185515362,0
adam,standard,417,836.0,-1.7207445082504875,-1.7207445082504875,0
adam,standard,418,838.0,-1.7207460863991904,-1.7207460863991904,0
adam,standard,419,840.0,-1.7207476530427284,-1.7207476530427284,0
adam,standard,420,842.0,-1.720749208227021,-1.720749208227021,0
adam,standard,421,844.0,-1.7207507519987586,-1.7207507519987586,0
adam,standard,422,846.0,-1.7207522844054182,-1.7207522844054182,0
adam,standard,423,848.0,-1.7207538054951852,-1.7207538054951852,0
adam,standard,424,850.0,-1.720755315316961,-1.720755315316961,0
adam,standard,425,852.0,-1.7207568139203233,-1.7207568139203233,0
adam,standard,426,854.0,-1.7207583013554704,-1.7207583013554704,0
adam,standard,427,856.0,-1.720759777673249,-1.720759777673249,0
adam,standard,428,858.0,-1.7207612429250645,-1.7207612429250645,0
adam,standard,429,860.0,-1.7207626971629015,-1.7207626971629015,0
adam,standard,430,862.0,-1.7207641404392575,-1.7207641404392575,0
adam,standard,431,864.0,-1.7207655728071403,-1.7207655728071403,0
adam,standard,432,866.0,-1.7207669943200374,-1.7207669943200374,0
adam,standard,433,868.0,-1.7207684050318717,-1.7207684050318717,0
adam,standard,434,870.0,-1.720769804996994,-1.720769804996994,0
adam,standard,435,872.0,-1.7207711942701516,-1.7207711942701516,0
adam,standard,436,874.0,-1.7207725729064531,-1.7207725729064531,0
adam,standard,437,876.0,-1.7207739409613514,-1.7207739409613514,0
adam,standard,438,878.0,-1.7207752984906246,-1.7207752984906246,0
adam,standard,439,880.0,-1.7207766455503262,-1.7207766455503262,0
adam,standard,440,882.0,-1.7207779821967966,-1.7207779821967966,0
adam,standard,441,884.0,-1.720779308486606,-1.720779308486606,0
adam,standard,442,886.0,-1.7207806244765562,-1.7207806244765562,0
adam,standard,443,888.0,-1.720781930223635,-1.720781930223635,0
adam,standard,444,890.0,-1.7207832257850155,-1.7207832257850155,0
adam,standard,445,892.0,-1.7207845112180207,-1.7207845112180207,0
adam,standard,446,894.0,-1.7207857865801075,-1.7207857865801075,0
adam,standard,447,896.0,-1.7207870519288437,-1.7207870519288437,0
adam,standard,448,898.0,-1.7207883073218853,-1.7207883073218853,0
adam,standard,449,900.0,-1.72078955281697,-1.72078955281697,0
adam,standard,450,902.0,-1.7207907884718727,-1.7207907884718727,0
adam,standard,451,904.0,-1.7207920143444213,-1.7207920143444213,0
adam,standard,452,906.0,-1.7207932304924505,-1.7207932304924505,0
adam,standard,453,908.0,-1.720794436973799,-1.720794436973799,0
adam,standard,454,910.0,-1.7207956338462815,-1.7207956338462815,0
adam,standard,455,912.0,-1.7207968211676878,-1.7207968211676878,0
adam,standard,456,914.0,-1.720797998995761,-1.720797998995761,0
adam,standard,457,916.0,-1.7207991673881828,-1.7207991673881828,0
adam,standard,458,918.0,-1.7208003264025484,-1.7208003264025484,0
adam,standard,459,920.0,-1.7208014760963781,-1.7208014760963781,0
adam,standard,460,922.0,-1.7208026165270767,-1.7208026165270767,0
adam,standard,461,924.0,-1.7208037477519496,-1.7208037477519496,0
adam,standard,462,926.0,-1.7208048698281602,-1.7208048698281602,0
adam,standard,463,928.0,-1.7208059828127524,-1.7208059828127524,0
adam,standard,464,930.0,-1.7208070867626082,-1.7208070867626082,0
adam,standard,465,932.0,-1.7208081817344727,-1.7208081817344727,0
adam,standard,466,934.0,-1.7208092677849023,-1.7208092677849023,0
adam,standard,467,936.0,-1.7208103449702992,-1.7208103449702992,0
adam,standard,468,938.0,-1.7208114133468777,-1.7208114133468777,0
adam,standard,469,940.0,-1.7208124729706642,-1.7208124729706642,0
adam,standard,470,942.0,-1.7208135238974882,-1.7208135238974882,0
adam,standard,471,944.0,-1.720814566182989,-1.720814566182989,0
adam,standard,472,946.0,-1.720815599882584,-1.720815599882584,0
adam,standard,473,948.0,-1.7208166250514871,-1.7208166250514871,0
adam,standard,474,950.0,-1.7208176417447014,-1.7208176417447014,0
adam,standard,475,952.0,-1.7208186500170033,-1.7208186500170033,0
adam,standard,476,954.0,-1.720819649922948,-1.720819649922948,0
adam,standard,477,956.0,-1.7208206415168656,-1.7208206415168656,0
adam,standard,478,958.0,-1.7208216248528587,-1.7208216248528587,0
adam,standard,479,960.0,-1.720822599984802,-1.720822599984802,0
adam,standard,480,962.0,-1.7208235669663237,-1.7208235669663237,0
adam,standard,481,964.0,-1.720824525850837,-1.720824525850837,0
adam,standard,482,966.0,-1.7208254766915119,-1.7208254766915119,0
adam,standard,483,968.0,-1.7208264195412808,-1.7208264195412808,0
adam,standard,484,970.0,-1.720827354452853,-1.720827354452853,0
adam,standard,485,972.0,-1.7208282814786917,-1.7208282814786917,0
adam,standard,486,974.0,-1.7208292006710264,-1.7208292006710264,0
adam,standard,487,976.0,-1.72083011208186,-1.72083011208186,0
adam,standard,488,978.0,-1.7208310157629614,-1.7208310157629614,0
adam,standard,489,980.0,-1.7208319117658706,-1.7208319117658706,0
adam,standard,490,982.0,-1.7208328001418893,-1.7208328001418893,0
adam,standard,491,984.0,-1.7208336809421043,-1.7208336809421043,0
adam,standard,492,986.0,-1.7208345542173704,-1.7208345542173704,0
adam,standard,493,988.0,-1.7208354200183176,-1.7208354200183176,0
adam,standard,494,990.0,-1.7208362783953692,-1.7208362783953692,0
adam,standard,495,992.0,-1.7208371293987104,-1.7208371293987104,0
adam,standard,496,994.0,-1.7208379730783332,-1.7208379730783332,0
adam,standard,497,996.0,-1.7208388094840046,-1.7208388094840046,0
adam,standard,498,998.0,-1.720839638665284,-1.720839638665284,0
adam,standard,499,1000.0,-1.720840460671533,-1.720840460671533,0
adam,local_global,0,2.0,0.5104819178809782,2.450940392003796,0
adam,local_global,1,4.0,0.4688869101436518,2.2615783151096585,0
adam,local_global,2,6.0,0.44545972216130847,2.189471215950726,0
adam,local_global,3,8.0,0.4302692181115513,2.1309739096357703,0
adam,local_global,4,10.0,0.417215700127516,2.041449140360008,0
adam,local_global,5,12.0,0.40470141930810966,1.9220075137906236,0
adam,local_global,6,14.0,0.3922427869095409,1.791277771941581,0
adam,local_global,7,16.0,0.37874208091798245,1.635745632877506,0
adam,local_global,8,18.0,0.36173703663917484,1.4350543612209727,0
adam,local_global,9,20.0,0.340749398967719,1.1835361506638484,0
adam,local_global,10,22.0,0.31615268142508257,0.8925716933908466,0
adam,local_global,11,24.0,0.28815595971656716,0.5686902304859587,0
adam,local_global,12,26.0,0.25685688162909465,0.22080424644541852,0
adam,local_global,13,28.0,0.22375132028230071,-0.13055811099157774,0
adam,local_global,14,30.0,0.19031138185624988,-0.44451661314856245,0
adam,local_global,15,32.0,0.1579418056245069,-0.6809817698878115,0
adam,local_global,16,34.0,0.12924876239090827,-0.8323405021734384,0
adam,local_global,17,36.0,0.10670483959257515,-0.9297441209852896,0
adam,local_global,18,38.0,0.0901433897003014,-0.9976611421671423,0
adam,local_global,19,40.0,0.07882984458189987,-1.0459444172317955,0
adam,local_global,20,42.0,0.07192192019864291,-1.091905603526334,0
adam,local_global,21,44.0,0.06669594916320354,-1.1549587684173244,0
adam,local_global,22,46.0,0.06013909274348018,-1.2328136055080319,0
adam,local_global,23,48.0,0.05210922808043331,-1.31363113549028,0
adam,local_global,24,50.0,0.04419023055468427,-1.3887461492884567,0
adam,local_global,25,52.0,0.037780509348092184,-1.4403518308599381,0
adam,local_global,26,54.0,0.033929997298696044,-1.458948128246476,0
adam,local_global,27,56.0,0.032326119067492096,-1.4632431698536386,0
adam,local_global,28,58.0,0.031116217064942674,-1.4741214994285219,0
adam,local_global,29,60.0,0.02915579566404308,-1.49228855299295,0
adam,local_global,30,62.0,0.02686023458483925,-1.5096793438716898,0
adam,local_global,31,64.0,0.024946389201848194,-1.522042015676629,0
adam,local_global,32,66.0,0.023633183511603435,-1.5320429684527468,0
adam,local_global,33,68.0,0.02258560360814501,-1.5472194848205696,0
adam,local_global,34,70.0,0.02116604515477227,-1.5702053357979195,0
adam,local_global,35,72.0,0.019110443970841346,-1.594478986269973,0
adam,local_global,36,74.0,0.016837052256432474,-1.614506276301078,0
adam,local_global,37,76.0,0.014834923055638083,-1.6291920149219694,0
adam,local_global,38,78.0,0.013345363373817214,-1.6359226792377757,0
adam,local_global,39,80.0,0.012622763762017495,-1.6353202329434378,0
adam,local_global,40,82.0,0.012601600501302077,-1.634794999182568,0
adam,local_global,41,84.0,0.012662600809855444,-1.6395827080445833,0
adam,local_global,42,86.0,0.01227030956701816,-1.6491077376829337,0
adam,local_global,43,88.0,0.011395835513145023,-1.6608317965131227,0
adam,local_global,44,90.0,0.010327386728255396,-1.6703237331489418,0
adam,local_global,45,92.0,0.009476810400790046,-1.674154589158973,0
adam,local_global,46,94.0,0.009060186726986781,-1.6739157688260629,0
adam,local_global,47,96.0,0.00892416751575859,-1.6725489133758635,0
adam,local_global,48,98.0,0.008867680282573686,-1.6716998081362906,0
adam,local_global,49,100.0,0.00877404440346327,-1.6728940732465747,0
adam,local_global,50,102.0,0.008511295829826343,-1.676339177142437,0
adam,local_global,51,104.0,0.008070149509530224,-1.680775762280227,0
adam,local_global,52,106.0,0.007604870984495876,-1.6853372663826314,0
adam,local_global,53,108.0,0.007225011053369352,-1.6894476647038,0
adam,local_global,54,110.0,0.006916693859005681,-1.692697569158001,0
adam,local_global,55,112.0,0.006626312913556611,-1.694841056957869,0
adam,local_global,56,114.0,0.006387544283846993,-1.695465542393965,0
adam,local_global,57,116.0,0.006313877971157299,-1.695227361210609,0
adam,local_global,58,118.0,0.006391989796170633,-1.6955860297291965,0
adam,local_global,59,120.0,0.0064674908078232295,-1.696860119651127,0
adam,local_global,60,122.0,0.006450919657901303,-1.6986065270926423,0
adam,local_global,61,124.0,0.006347225284390125,-1.700477405003265,0
adam,local_global,62,126.0,0.00617786664515397,-1.7021451725780385,0
adam,local_global,63,128.0,0.005973486556261378,-1.7033864999323352,0
adam,local_global,64,130.0,0.005786665278573031,-1.7038577085359894,0
adam,local_global,65,132.0,-1.7038577085359894,-1.6986327002042119,1
adam,local_global,66,134.0,-1.6986327002042119,-1.6580503628007113,0
adam,local_global,67,136.0,-1.6580503628007113,-1.6573481051599914,0
adam,local_global,68,138.0,-1.6573481051599914,-1.6733720791745268,0
adam,local_global,69,140.0,-1.6733720791745268,-1.6824410634524085,0
adam,local_global,70,142.0,-1.6824410634524085,-1.6724172105835007,0
adam,local_global,71,144.0,-1.6724172105835007,-1.6875207286747993,0
adam,local_global,72,146.0,-1.6875207286747993,-1.6905881112878158,0
adam,local_global,73,148.0,-1.6905881112878158,-1.6830743791723006,0
adam,local_global,74,150.0,-1.6830743791723006,-1.6962417776638787,0
adam,local_global,75,152.0,-1.6962417776638787,-1.6942846347901075,0
adam,local_global,76,154.0,-1.6942846347901075,-1.6931567506655882,0
adam,local_global,77,156.0,-1.6931567506655882,-1.6994897968213232,0
adam,local_global,78,158.0,-1.6994897968213232,-1.6975445041609194,0
adam,local_global,79,160.0,-1.6975445041609194,-1.7013665071746849,0
adam,local_global,80,162.0,-1.7013665071746849,-1.7020530140593058,0
adam,local_global,81,164.0,-1.7020530140593058,-1.7008040059812164,0
adam,local_global,82,166.0,-1.7008040059812164,-1.7046206821307468,0
adam,local_global,83,168.0,-1.7046206821307468,-1.7047397516356833,0
adam,local_global,84,170.0,-1.7047397516356833,-1.704349442403289,0
adam,local_global,85,172.0,-1.704349442403289,-1.70557593811171,0
adam,local_global,86,174.0,-1.70557593811171,-1.707533977385122,0
adam,local_global,87,176.0,-1.707533977385122,-1.7071248381094641,0
adam,local_global,88,178.0,-1.7071248381094641,-1.706095515432939,0
adam,local_global,89,180.0,-1.706095515432939,-1.7093293941462266,0
adam,local_global,90,182.0,-1.7093293941462266,-1.7088969334217678,0
adam,local_global,91,184.0,-1.7088969334217678,-1.7079053952528405,0
adam,local_global,92,186.0,-1.7079053952528405,-1.7100765477786086,0
adam,local_global,93,188.0,-1.7100765477786086,-1.7102574067417449,0
adam,local_global,94,190.0,-1.7102574067417449,-1.7096851941674975,0
adam,local_global,95,192.0,-1.7096851941674975,-1.7105582307750582,0
adam,local_global,96,194.0,-1.7105582307750582,-1.7111204493748586,0
adam,local_global,97,196.0,-1.7111204493748586,-1.71100100193116,0
adam,local_global,98,198.0,-1.71100100193116,-1.7113681260196363,0
adam,local_global,99,200.0,-1.7113681260196363,-1.711831775246322,0
adam,local_global,100,202.0,-1.711831775246322,-1.7118239263060944,0
adam,local_global,101,204.0,-1.7118239263060944,-1.712084015126325,0
adam,local_global,102,206.0,-1.712084015126325,-1.7124371352504129,0
adam,local_global,103,208.0,-1.7124371352504129,-1.7124938719272083,0
adam,local_global,104,210.0,-1.7124938719272083,-1.7127823133240225,0
adam,local_global,105,212.0,-1.7127823133240225,-1.7130135449750907,0
adam,local_global,106,214.0,-1.7130135449750907,-1.7131680289986884,0
adam,local_global,107,216.0,-1.7131680289986884,-1.7135095955780812,0
adam,local_global,108,218.0,-1.7135095955780812,-1.7135632747334322,0
adam,local_global,109,220.0,-1.7135632747334322,-1.7139459195407056,0
adam,local_global,110,222.0,-1.7139459195407056,-1.7140557820251785,0
adam,local_global,111,224.0,-1.7140557820251785,-1.7142738865931246,0
adam,local_global,112,226.0,-1.7142738865931246,-1.714593463573047,0
adam,local_global,113,228.0,-1.714593463573047,-1.7146701936798128,0
adam,local_global,114,230.0,-1.7146701936798128,-1.71495626728238,0
adam,local_global,115,232.0,-1.71495626728238,-1.7151980482224964,0
adam,local_global,116,234.0,-1.7151980482224964,-1.7153458275559368,0
adam,local_global,117,236.0,-1.7153458275559368,-1.7156253056637594,0
adam,local_global,118,238.0,-1.7156253056637594,-1.7158412111199899,0
adam,local_global,119,240.0,-1.7158412111199899,-1.716039147812635,0
adam,local_global,120,242.0,-1.716039147812635,-1.7162937442348767,0
adam,local_global,121,244.0,-1.7162937442348767,-1.716542327272199,0
adam,local_global,122,246.0,-1.716542327272199,-1.7167019055120034,0
adam,local_global,123,248.0,-1.7167019055120034,-1.7169842352153706,0
adam,local_global,124,250.0,-1.7169842352153706,-1.7172017401253614,0
adam,local_global,125,252.0,-1.7172017401253614,-1.7174035803570769,0
adam,local_global,126,254.0,-1.7174035803570769,-1.7176124152702965,0
adam,local_global,127,256.0,-1.7176124152702965,-1.7178219918438564,0
adam,local_global,128,258.0,-1.7178219918438564,-1.7180260473209723,0
adam,local_global,129,260.0,-1.7180260473209723,-1.7181828842031222,0
adam,local_global,130,262.0,-1.7181828842031222,-1.7183552383011014,0
adam,local_global,131,264.0,-1.7183552383011014,-1.7185139865896595,0
adam,local_global,132,266.0,-1.7185139865896595,-1.7186515274551286,0
adam,local_global,133,268.0,-1.7186515274551286,-1.7187503147942325,0
adam,local_global,134,270.0,-1.7187503147942325,-1.7188648818131098,0
adam,local_global,135,272.0,-1.7188648818131098,-1.7189540323920138,0
adam,local_global,136,274.0,-1.7189540323920138,-1.7190189987737108,0
adam,local_global,137,276.0,-1.7190189987737108,-1.7190764575073483,0
adam,local_global,138,278.0,-1.7190764575073483,-1.719119804858844,0
adam,local_global,139,280.0,-1.719119804858844,-1.7191586046474543,0
adam,local_global,140,282.0,-1.7191586046474543,-1.7191683687429153,0
adam,local_global,141,284.0,-1.7191683687429153,-1.7191897159697458,0
adam,local_global,142,286.0,-1.7191897159697458,-1.7191964848409969,0
adam,local_global,143,288.0,-1.7191964848409969,-1.7191936530625418,0
adam,local_global,144,290.0,-1.7191936530625418,-1.7191927674404552,0
adam,local_global,145,292.0,-1.7191927674404552,-1.7191873162688618,0
adam,local_global,146,294.0,-1.7191873162688618,-1.7191779923951696,0
adam,local_global,147,296.0,-1.7191779923951696,-1.7191729572307783,0
adam,local_global,148,298.0,-1.7191729572307783,-1.7191616396559781,0
adam,local_global,149,300.0,-1.7191616396559781,-1.7191577413756782,0
adam,local_global,150,302.0,-1.7191577413756782,-1.719150194502018,0
adam,local_global,151,304.0,-1.719150194502018,-1.719146271551547,0
adam,local_global,152,306.0,-1.719146271551547,-1.719143275467943,0
adam,local_global,153,308.0,-1.719143275467943,-1.7191421360559216,0
adam,local_global,154,310.0,-1.7191421360559216,-1.7191423215863797,0
adam,local_global,155,312.0,-1.7191423215863797,-1.7191443251975054,0
adam,local_global,156,314.0,-1.7191443251975054,-1.7191466602998764,0
adam,local_global,157,316.0,-1.7191466602998764,-1.7191506797571046,0
adam,local_global,158,318.0,-1.7191506797571046,-1.719155527390509,0
adam,local_global,159,320.0,-1.719155527390509,-1.7191603868878838,0
adam,local_global,160,322.0,-1.7191603868878838,-1.7191648373050952,0
adam,local_global,161,324.0,-1.7191648373050952,-1.7191708293868915,0
adam,local_global,162,326.0,-1.7191708293868915,-1.719174912363741,0
adam,local_global,163,328.0,-1.719174912363741,-1.719179131435432,0
adam,local_global,164,330.0,-1.719179131435432,-1.7191816745954123,0
adam,local_global,165,332.0,-1.7191816745954123,-1.7191838568642532,0
adam,local_global,166,334.0,-1.7191838568642532,-1.7191850122367025,0
adam,local_global,167,336.0,-1.7191850122367025,-1.7191885037386339,0
adam,local_global,168,338.0,-1.7191885037386339,-1.7191935030191858,0
adam,local_global,169,340.0,-1.7191935030191858,-1.7191998781773934,0
adam,local_global,170,342.0,-1.7191998781773934,-1.7192025824564585,0
adam,local_global,171,344.0,-1.7192025824564585,-1.7191987788744867,0
adam,local_global,172,346.0,-1.7191987788744867,-1.7191867157586487,0
adam,local_global,173,348.0,-1.7191867157586487,-1.719162752671915,0
adam,local_global,174,350.0,-1.719162752671915,-1.7191224444958402,0
adam,local_global,175,352.0,-1.7191224444958402,-1.7190590860831465,0
adam,local_global,176,354.0,-1.7190590860831465,-1.7189919888372385,0
adam,local_global,177,356.0,-1.7189919888372385,-1.7189894513752935,0
adam,local_global,178,358.0,-1.7189894513752935,-1.7190943408397266,0
adam,local_global,179,360.0,-1.7190943408397266,-1.719200791165065,0
adam,local_global,180,362.0,-1.719200791165065,-1.7191844611348224,0
adam,local_global,181,364.0,-1.7191844611348224,-1.719103169750718,0
adam,local_global,182,366.0,-1.719103169750718,-1.7190990351797824,0
adam,local_global,183,368.0,-1.7190990351797824,-1.7191797868164513,0
adam,local_global,184,370.0,-1.7191797868164513,-1.7192095890253065,0
adam,local_global,185,372.0,-1.7192095890253065,-1.7191566880501052,0
adam,local_global,186,374.0,-1.7191566880501052,-1.7191335243694805,0
adam,local_global,187,376.0,-1.7191335243694805,-1.719182884032696,0
adam,local_global,188,378.0,-1.719182884032696,-1.7192122095523419,0
adam,local_global,189,380.0,-1.7192122095523419,-1.7191799135341104,0
adam,local_global,190,382.0,-1.7191799135341104,-1.7191614574857366,0
adam,local_global,191,384.0,-1.7191614574857366,-1.7191927327690442,0
adam,local_global,192,386.0,-1.7191927327690442,-1.7192122465246893,0
adam,local_global,193,388.0,-1.7192122465246893,-1.7191907999249003,0
adam,local_global,194,390.0,-1.7191907999249003,-1.7191789783818496,0
adam,local_global,195,392.0,-1.7191789783818496,-1.7192006450530075,0
adam,local_global,196,394.0,-1.7192006450530075,-1.719214227520312,0
adam,local_global,197,396.0,-1.719214227520312,-1.7191997972983197,0
adam,local_global,198,398.0,-1.7191997972983197,-1.7191908369442033,0
adam,local_global,199,400.0,-1.7191908369442033,-1.7192043048324863,0
adam,local_global,200,402.0,-1.7192043048324863,-1.7192138885878967,0
adam,local_global,201,404.0,-1.7192138885878967,-1.7192048647819684,0
adam,local_global,202,406.0,-1.7192048647819684,-1.7191973923720734,0
adam,local_global,203,408.0,-1.7191973923720734,-1.7192041095410098,0
adam,local_global,204,410.0,-1.7192041095410098,-1.719208955772152,0
adam,local_global,205,412.0,-1.719208955772152,-1.719198336023609,0
adam,local_global,206,414.0,-1.719198336023609,-1.7191797616739468,0
adam,local_global,207,416.0,-1.7191797616739468,-1.7191572707120057,0
adam,local_global,208,418.0,-1.7191572707120057,-1.7191107515868187,0
adam,local_global,209,420.0,-1.7191107515868187,-1.7190103703700947,0
adam,local_global,210,422.0,-1.7190103703700947,-1.7188473912093272,0
adam,local_global,211,424.0,-1.7188473912093272,-1.7186735182915158,0
adam,local_global,212,426.0,-1.7186735182915158,-1.7186091405836474,0
adam,local_global,213,428.0,-1.7186091405836474,-1.7186643398602763,0
adam,local_global,214,430.0,-1.7186643398602763,-1.718624533156877,0
adam,local_global,215,432.0,-1.718624533156877,-1.7184848755868267,0
adam,local_global,216,434.0,-1.7184848755868267,-1.718608869174206,0
adam,local_global,217,436.0,-1.718608869174206,-1.7189869568426492,0
adam,local_global,218,438.0,-1.7189869568426492,-1.7191134367129786,0
adam,local_global,219,440.0,-1.7191134367129786,-1.718876726757504,0
adam,local_global,220,442.0,-1.718876726757504,-1.7187618697193787,0
adam,local_global,221,444.0,-1.7187618697193787,-1.7189920450969913,0
adam,local_global,222,446.0,-1.7189920450969913,-1.719145663569782,0
adam,local_global,223,448.0,-1.719145663569782,-1.7190141374024743,0
adam,local_global,224,450.0,-1.7190141374024743,-1.718937482258082,0
adam,local_global,225,452.0,-1.718937482258082,-1.71906262990344,0
adam,local_global,226,454.0,-1.71906262990344,-1.7191192645674014,0
adam,local_global,227,456.0,-1.7191192645674014,-1.7190468344923258,0
adam,local_global,228,458.0,-1.7190468344923258,-1.719053061996749,0
adam,local_global,229,460.0,-1.719053061996749,-1.7191270148115896,0
adam,local_global,230,462.0,-1.7191270148115896,-1.7191177831980176,0
adam,local_global,231,464.0,-1.7191177831980176,-1.7190835868489853,0
adam,local_global,232,466.0,-1.7190835868489853,-1.7191195868856193,0
adam,local_global,233,468.0,-1.7191195868856193,-1.7191483485963086,0
adam,local_global,234,470.0,-1.7191483485963086,-1.7191293410275317,0
adam,local_global,235,472.0,-1.7191293410275317,-1.7191424735169172,0
adam,local_global,236,474.0,-1.7191424735169172,-1.7191813290836124,0
adam,local_global,237,476.0,-1.7191813290836124,-1.7191708334040061,0
adam,local_global,238,478.0,-1.7191708334040061,-1.7191481805383144,0
adam,local_global,239,480.0,-1.7191481805383144,-1.7191776361534472,0
adam,local_global,240,482.0,-1.7191776361534472,-1.7192063454641813,0
adam,local_global,241,484.0,-1.7192063454641813,-1.7191836257104016,0
adam,local_global,242,486.0,-1.7191836257104016,-1.719166693003489,0
adam,local_global,243,488.0,-1.719166693003489,-1.719192089568372,0
adam,local_global,244,490.0,-1.719192089568372,-1.7192043727425277,0
adam,local_global,245,492.0,-1.7192043727425277,-1.7191781206856036,0
adam,local_global,246,494.0,-1.7191781206856036,-1.7191626590945355,0
adam,local_global,247,496.0,-1.7191626590945355,-1.7191741227519415,0
adam,local_global,248,498.0,-1.7191741227519415,-1.7191668692918884,0
adam,local_global,249,500.0,-1.7191668692918884,-1.7191210279966658,0
adam,local_global,250,502.0,-1.7191210279966658,-1.7190593570983812,0
adam,local_global,251,504.0,-1.7190593570983812,-1.7189818984205496,0
adam,local_global,252,506.0,-1.7189818984205496,-1.7188709589118882,0
adam,local_global,253,508.0,-1.7188709589118882,-1.7187739656370704,0
adam,local_global,254,510.0,-1.7187739656370704,-1.7188055995921128,0
adam,local_global,255,512.0,-1.7188055995921128,-1.7189833295660306,0
adam,local_global,256,514.0,-1.7189833295660306,-1.719133720422943,0
adam,local_global,257,516.0,-1.719133720422943,-1.7191183035000634,0
adam,local_global,258,518.0,-1.7191183035000634,-1.719021683959759,0
adam,local_global,259,520.0,-1.719021683959759,-1.7190092855958194,0
adam,local_global,260,522.0,-1.7190092855958194,-1.7191064456000353,0
adam,local_global,261,524.0,-1.7191064456000353,-1.7191717447888417,0
adam,local_global,262,526.0,-1.7191717447888417,-1.7191204186355933,0
adam,local_global,263,528.0,-1.7191204186355933,-1.71904244518046,0
adam,local_global,264,530.0,-1.71904244518046,-1.7190502985033878,0
adam,local_global,265,532.0,-1.7190502985033878,-1.7191174587129323,0
adam,local_global,266,534.0,-1.7191174587129323,-1.7191433811354682,0
adam,local_global,267,536.0,-1.7191433811354682,-1.7191175472412588,0
adam,local_global,268,538.0,-1.7191175472412588,-1.719113786843222,0
adam,local_global,269,540.0,-1.719113786843222,-1.7191565630729535,0
adam,local_global,270,542.0,-1.7191565630729535,-1.7191878201221562,0
adam,local_global,271,544.0,-1.7191878201221562,-1.7191688407323937,0
adam,local_global,272,546.0,-1.7191688407323937,-1.7191360551667234,0
adam,local_global,273,548.0,-1.7191360551667234,-1.7191291897597916,0
adam,local_global,274,550.0,-1.7191291897597916,-1.7191274996675023,0
adam,local_global,275,552.0,-1.7191274996675023,-1.719092190192762,0
adam,local_global,276,554.0,-1.719092190192762,-1.7190379291103925,0
adam,local_global,277,556.0,-1.7190379291103925,-1.719023398104766,0
adam,local_global,278,558.0,-1.719023398104766,-1.7190777625711087,0
adam,local_global,279,560.0,-1.7190777625711087,-1.719157342746771,0
adam,local_global,280,562.0,-1.719157342746771,-1.7191915931663797,0
adam,local_global,281,564.0,-1.7191915931663797,-1.719165375100465,0
adam,local_global,282,566.0,-1.719165375100465,-1.7191222144391707,0
adam,local_global,283,568.0,-1.7191222144391707,-1.719106162535324,0
adam,local_global,284,570.0,-1.719106162535324,-1.7191220323830412,0
adam,local_global,285,572.0,-1.7191220323830412,-1.7191360742477804,0
adam,local_global,286,574.0,-1.7191360742477804,-1.7191137071537521,0
adam,local_global,287,576.0,-1.7191137071537521,-1.7190554495137227,0
adam,local_global,288,578.0,-1.7190554495137227,-1.7189879184718118,0
adam,local_global,289,580.0,-1.7189879184718118,-1.7189369336535847,0
adam,local_global,290,582.0,-1.7189369336535847,-1.7189191311964283,0
adam,local_global,291,584.0,-1.7189191311964283,-1.7189481006957772,0
adam,local_global,292,586.0,-1.7189481006957772,-1.7190161011495328,0
adam,local_global,293,588.0,-1.7190161011495328,-1.7190790292685196,0
adam,local_global,294,590.0,-1.7190790292685196,-1.7190925238391812,0
adam,local_global,295,592.0,-1.7190925238391812,-1.7190575415325344,0
adam,local_global,296,594.0,-1.7190575415325344,-1.7190123161274,0
adam,local_global,297,596.0,-1.7190123161274,-1.7190053762160087,0
adam,local_global,298,598.0,-1.7190053762160087,-1.719050470560576,0
adam,local_global,299,600.0,-1.719050470560576,-1.7191112795803467,0
adam,local_global,300,602.0,-1.7191112795803467,-1.7191401626412932,0
adam,local_global,301,604.0,-1.7191401626412932,-1.7191312486379908,0
adam,local_global,302,606.0,-1.7191312486379908,-1.7191177595463327,0
adam,local_global,303,608.0,-1.7191177595463327,-1.7191281635421063,0
adam,local_global,304,610.0,-1.7191281635421063,-1.719154079329658,0
adam,local_global,305,612.0,-1.719154079329658,-1.719167559532306,0
adam,local_global,306,614.0,-1.719167559532306,-1.7191582742858234,0
adam,local_global,307,616.0,-1.7191582742858234,-1.7191428655577838,0
adam,local_global,308,618.0,-1.7191428655577838,-1.7191435150020677,0
adam,local_global,309,620.0,-1.7191435150020677,-1.7191642429535914,0
adam,local_global,310,622.0,-1.7191642429535914,-1.7191903532829262,0
adam,local_global,311,624.0,-1.7191903532829262,-1.7192037675156278,0
adam,local_global,312,626.0,-1.7192037675156278,-1.7192017040528795,0
adam,local_global,313,628.0,-1.7192017040528795,-1.7191952246654068,0
adam,local_global,314,630.0,-1.7191952246654068,-1.7191952385551161,0
adam,local_global,315,632.0,-1.7191952385551161,-1.7192013891818883,0
adam,local_global,316,634.0,-1.7192013891818883,-1.7192053923873305,0
adam,local_global,317,636.0,-1.7192053923873305,-1.7192023625229518,0
adam,local_global,318,638.0,-1.7192023625229518,-1.719195219397835,0
adam,local_global,319,640.0,-1.719195219397835,-1.719190616499864,0
adam,local_global,320,642.0,-1.719190616499864,-1.7191916008454993,0
adam,local_global,321,644.0,-1.7191916008454993,-1.7191960636366221,0
adam,local_global,322,646.0,-1.7191960636366221,-1.7191991228849672,0
adam,local_global,323,648.0,-1.7191991228849672,-1.7191972556933506,0
adam,local_global,324,650.0,-1.7191972556933506,-1.7191902136739494,0
adam,local_global,325,652.0,-1.7191902136739494,-1.7191798515563346,0
adam,local_global,326,654.0,-1.7191798515563346,-1.7191674292499297,0
adam,local_global,327,656.0,-1.7191674292499297,-1.7191522390249119,0
adam,local_global,328,658.0,-1.7191522390249119,-1.719133406380185,0
adam,local_global,329,660.0,-1.719133406380185,-1.7191133283891173,0
adam,local_global,330,662.0,-1.7191133283891173,-1.719098650979174,0
adam,local_global,331,664.0,-1.719098650979174,-1.7190944522984597,0
adam,local_global,332,666.0,-1.7190944522984597,-1.7190942895631771,0
adam,local_global,333,668.0,-1.7190942895631771,-1.719077920346698,0
adam,local_global,334,670.0,-1.719077920346698,-1.7190248563476274,0
adam,local_global,335,672.0,-1.7190248563476274,-1.7189299318824882,0
adam,local_global,336,674.0,-1.7189299318824882,-1.7188000098195644,0
adam,local_global,337,676.0,-1.7188000098195644,-1.71863665417885,0
adam,local_global,338,678.0,-1.71863665417885,-1.7184619166939037,0
adam,local_global,339,680.0,-1.7184619166939037,-1.7184199868519157,0
adam,local_global,340,682.0,-1.7184199868519157,-1.7186815177315662,0
adam,local_global,341,684.0,-1.7186815177315662,-1.719039356656424,0
adam,local_global,342,686.0,-1.719039356656424,-1.7190553547771972,0
adam,local_global,343,688.0,-1.7190553547771972,-1.7187467288909943,0
adam,local_global,344,690.0,-1.7187467288909943,-1.7185461825977573,0
adam,local_global,345,692.0,-1.7185461825977573,-1.718634231754622,0
adam,local_global,346,694.0,-1.718634231754622,-1.7187108405506641,0
adam,local_global,347,696.0,-1.7187108405506641,-1.7186418506001013,0
adam,local_global,348,698.0,-1.7186418506001013,-1.7187215563889486,0
adam,local_global,349,700.0,-1.7187215563889486,-1.7190018266596492,0
adam,local_global,350,702.0,-1.7190018266596492,-1.7190987190870175,0
adam,local_global,351,704.0,-1.7190987190870175,-1.7188781743479828,0
adam,local_global,352,706.0,-1.7188781743479828,-1.718722136522434,0
adam,local_global,353,708.0,-1.718722136522434,-1.7188735459683835,0
adam,local_global,354,710.0,-1.7188735459683835,-1.7190400748540238,0
adam,local_global,355,712.0,-1.7190400748540238,-1.718935928269956,0
adam,local_global,356,714.0,-1.718935928269956,-1.7187272247466758,0
adam,local_global,357,716.0,-1.7187272247466758,-1.7186504018849265,0
adam,local_global,358,718.0,-1.7186504018849265,-1.7186670054731894,0
adam,local_global,359,720.0,-1.7186670054731894,-1.7186760369537397,0
adam,local_global,360,722.0,-1.7186760369537397,-1.7187816782654133,0
adam,local_global,361,724.0,-1.7187816782654133,-1.7189886545259259,0
adam,local_global,362,726.0,-1.7189886545259259,-1.719116773248019,0
adam,local_global,363,728.0,-1.719116773248019,-1.7190534107712852,0
adam,local_global,364,730.0,-1.7190534107712852,-1.7189329863809368,0
adam,local_global,365,732.0,-1.7189329863809368,-1.718927447473163,0
adam,local_global,366,734.0,-1.718927447473163,-1.7190201659062831,0
adam,local_global,367,736.0,-1.7190201659062831,-1.7190814389751934,0
adam,local_global,368,738.0,-1.7190814389751934,-1.7190499686225023,0
adam,local_global,369,740.0,-1.7190499686225023,-1.7189955453287278,0
adam,local_global,370,742.0,-1.7189955453287278,-1.7190066992040915,0
adam,local_global,371,744.0,-1.7190066992040915,-1.719077069833994,0
adam,local_global,372,746.0,-1.719077069833994,-1.7191288351939027,0
adam,local_global,373,748.0,-1.7191288351939027,-1.7191196519888372,0
adam,local_global,374,750.0,-1.7191196519888372,-1.7190937441022607,0
adam,local_global,375,752.0,-1.7190937441022607,-1.719107490720058,0
adam,local_global,376,754.0,-1.719107490720058,-1.7191418029821717,0
adam,local_global,377,756.0,-1.7191418029821717,-1.7191391363589952,0
adam,local_global,378,758.0,-1.7191391363589952,-1.7190907859807032,0
adam,local_global,379,760.0,-1.7190907859807032,-1.7190427539946964,0
adam,local_global,380,762.0,-1.7190427539946964,-1.7190174358284196,0
adam,local_global,381,764.0,-1.7190174358284196,-1.718980869693515,0
adam,local_global,382,766.0,-1.718980869693515,-1.7189092154082721,0
adam,local_global,383,768.0,-1.7189092154082721,-1.7188390723547344,0
adam,local_global,384,770.0,-1.7188390723547344,-1.7188293707101912,0
adam,local_global,385,772.0,-1.7188293707101912,-1.7188977211419507,0
adam,local_global,386,774.0,-1.7188977211419507,-1.719001511388029,0
adam,local_global,387,776.0,-1.719001511388029,-1.7190848173255762,0
adam,local_global,388,778.0,-1.7190848173255762,-1.7191220251502672,0
adam,local_global,389,780.0,-1.7191220251502672,-1.71911823599184,0
adam,local_global,390,782.0,-1.71911823599184,-1.7190927571292787,0
adam,local_global,391,784.0,-1.7190927571292787,-1.7190717609486732,0
adam,local_global,392,786.0,-1.7190717609486732,-1.7190759642522482,0
adam,local_global,393,788.0,-1.7190759642522482,-1.719096044170611,0
adam,local_global,394,790.0,-1.719096044170611,-1.7190981453276934,0
adam,local_global,395,792.0,-1.7190981453276934,-1.7190618548355194,0
adam,local_global,396,794.0,-1.7190618548355194,-1.7190031163744044,0
adam,local_global,397,796.0,-1.7190031163744044,-1.7189549213550592,0
adam,local_global,398,798.0,-1.7189549213550592,-1.7189343876567809,0
adam,local_global,399,800.0,-1.7189343876567809,-1.7189297879999188,0
adam,local_global,400,802.0,-1.7189297879999188,-1.7189225835295636,0
adam,local_global,401,804.0,-1.7189225835295636,-1.7189083245113137,0
adam,local_global,402,806.0,-1.7189083245113137,-1.7188986484853928,0
adam,local_global,403,808.0,-1.7188986484853928,-1.71890098906383,0
adam,local_global,404,810.0,-1.71890098906383,-1.7189100422584183,0
adam,local_global,405,812.0,-1.7189100422584183,-1.7189115648416529,0
adam,local_global,406,814.0,-1.7189115648416529,-1.7189115403679336,0
adam,local_global,407,816.0,-1.7189115403679336,-1.7189431004124671,0
adam,local_global,408,818.0,-1.7189431004124671,-1.7190224178481304,0
adam,local_global,409,820.0,-1.7190224178481304,-1.7190990842592637,0
adam,local_global,410,822.0,-1.7190990842592637,-1.71910664847732,0
adam,local_global,411,824.0,-1.71910664847732,-1.7190504816382792,0
adam,local_global,412,826.0,-1.7190504816382792,-1.7189981541487356,0
adam,local_global,413,828.0,-1.7189981541487356,-1.7190031350427255,0
adam,local_global,414,830.0,-1.7190031350427255,-1.7190460239710368,0
adam,local_global,415,832.0,-1.7190460239710368,-1.7190627224471096,0
adam,local_global,416,834.0,-1.7190627224471096,-1.7190353333656632,0
adam,local_global,417,836.0,-1.7190353333656632,-1.7190137755887094,0
adam,local_global,418,838.0,-1.7190137755887094,-1.7190442393859249,0
adam,local_global,419,840.0,-1.7190442393859249,-1.7191084890105686,0
adam,local_global,420,842.0,-1.7191084890105686,-1.7191493489088643,0
adam,local_global,421,844.0,-1.7191493489088643,-1.7191426475540714,0
adam,local_global,422,846.0,-1.7191426475540714,-1.7191152551804718,0
adam,local_global,423,848.0,-1.7191152551804718,-1.719097355263183,0
adam,local_global,424,850.0,-1.719097355263183,-1.7190843277760746,0
adam,local_global,425,852.0,-1.7190843277760746,-1.7190542427959166,0
adam,local_global,426,854.0,-1.7190542427959166,-1.719004195755176,0
adam,local_global,427,856.0,-1.719004195755176,-1.7189522342340968,0
adam,local_global,428,858.0,-1.7189522342340968,-1.7189093527906956,0
adam,local_global,429,860.0,-1.7189093527906956,-1.718875294573542,0
adam,local_global,430,862.0,-1.718875294573542,-1.718858536261112,0
adam,local_global,431,864.0,-1.718858536261112,-1.7188856309713025,0
adam,local_global,432,866.0,-1.7188856309713025,-1.7189567577164855,0
adam,local_global,433,868.0,-1.7189567577164855,-1.7190322817667711,0
adam,local_global,434,870.0,-1.7190322817667711,-1.7190747079138193,0
adam,local_global,435,872.0,-1.7190747079138193,-1.7190874313184494,0
adam,local_global,436,874.0,-1.7190874313184494,-1.719098397559927,0
adam,local_global,437,876.0,-1.719098397559927,-1.7191251559926206,0
adam,local_global,438,878.0,-1.7191251559926206,-1.7191564187656685,0
adam,local_global,439,880.0,-1.7191564187656685,-1.7191692184286986,0
adam,local_global,440,882.0,-1.7191692184286986,-1.7191585646047545,0
adam,local_global,441,884.0,-1.7191585646047545,-1.7191411646677297,0
adam,local_global,442,886.0,-1.7191411646677297,-1.719133729527163,0
adam,local_global,443,888.0,-1.719133729527163,-1.7191372055118452,0
adam,local_global,444,890.0,-1.7191372055118452,-1.7191426578867866,0
adam,local_global,445,892.0,-1.7191426578867866,-1.719145786641858,0
adam,local_global,446,894.0,-1.719145786641858,-1.7191509413114958,0
adam,local_global,447,896.0,-1.7191509413114958,-1.7191622603530499,0
adam,local_global,448,898.0,-1.7191622603530499,-1.7191752813955223,0
adam,local_global,449,900.0,-1.7191752813955223,-1.7191802233290547,0
adam,local_global,450,902.0,-1.7191802233290547,-1.7191728139241136,0
adam,local_global,451,904.0,-1.7191728139241136,-1.7191593715441982,0
adam,local_global,452,906.0,-1.7191593715441982,-1.7191502930301739,0
adam,local_global,453,908.0,-1.7191502930301739,-1.7191500506998865,0
adam,local_global,454,910.0,-1.7191500506998865,-1.7191540823372498,0
adam,local_global,455,912.0,-1.7191540823372498,-1.7191543071750874,0
adam,local_global,456,914.0,-1.7191543071750874,-1.7191464308410578,0
adam,local_global,457,916.0,-1.7191464308410578,-1.7191321231308547,0
adam,local_global,458,918.0,-1.7191321231308547,-1.7191156279928421,0
adam,local_global,459,920.0,-1.7191156279928421,-1.7190984317311169,0
adam,local_global,460,922.0,-1.7190984317311169,-1.7190777802198303,0
adam,local_global,461,924.0,-1.7190777802198303,-1.7190477951468617,0
adam,local_global,462,926.0,-1.7190477951468617,-1.7190048414987524,0
adam,local_global,463,928.0,-1.7190048414987524,-1.718950140669738,0
adam,local_global,464,930.0,-1.718950140669738,-1.7188929911581425,0
adam,local_global,465,932.0,-1.7188929911581425,-1.718849250099524,0
adam,local_global,466,934.0,-1.718849250099524,-1.718839879399708,0
adam,local_global,467,936.0,-1.718839879399708,-1.7188796961633126,0
adam,local_global,468,938.0,-1.7188796961633126,-1.718964573699933,0
adam,local_global,469,940.0,-1.718964573699933,-1.7190618813253606,0
adam,local_global,470,942.0,-1.7190618813253606,-1.7191257348977003,0
adam,local_global,471,944.0,-1.7191257348977003,-1.7191253058834566,0
adam,local_global,472,946.0,-1.7191253058834566,-1.7190624689890246,0
adam,local_global,473,948.0,-1.7190624689890246,-1.7189643083467911,0
adam,local_global,474,950.0,-1.7189643083467911,-1.7188624416605292,0
adam,local_global,475,952.0,-1.7188624416605292,-1.718781148140072,0
adam,local_global,476,954.0,-1.718781148140072,-1.7187215855402604,0
adam,local_global,477,956.0,-1.7187215855402604,-1.7186789691277502,0
adam,local_global,478,958.0,-1.7186789691277502,-1.7186355931883168,0
adam,local_global,479,960.0,-1.7186355931883168,-1.7185907406811463,0
adam,local_global,480,962.0,-1.7185907406811463,-1.7185426147104144,0
adam,local_global,481,964.0,-1.7185426147104144,-1.7185127058543666,0
adam,local_global,482,966.0,-1.7185127058543666,-1.7185336532477258,0
adam,local_global,483,968.0,-1.7185336532477258,-1.7186248988287685,0
adam,local_global,484,970.0,-1.7186248988287685,-1.7187541697711022,0
adam,local_global,485,972.0,-1.7187541697711022,-1.7188549272156715,0
adam,local_global,486,974.0,-1.7188549272156715,-1.718889017617993,0
adam,local_global,487,976.0,-1.718889017617993,-1.7188770467430408,0
adam,local_global,488,978.0,-1.7188770467430408,-1.7188680773307425,0
adam,local_global,489,980.0,-1.7188680773307425,-1.7188973561565293,0
adam,local_global,490,982.0,-1.7188973561565293,-1.718966226854873,0
adam,local_global,491,984.0,-1.718966226854873,-1.71904203264657,0
adam,local_global,492,986.0,-1.71904203264657,-1.7190869256045922,0
adam,local_global,493,988.0,-1.7190869256045922,-1.719086681854504,0
adam,local_global,494,990.0,-1.719086681854504,-1.719058387020685,0
adam,local_global,495,992.0,-1.719058387020685,-1.719031887486141,0
adam,local_global,496,994.0,-1.719031887486141,-1.719028919625743,0
adam,local_global,497,996.0,-1.719028919625743,-1.719052147379257,0
adam,local_global,498,998.0,-1.719052147379257,-1.719086843045535,0
adam,local_global,499,1000.0,-1.719086843045535,-1.7191145036938082,0
adam,adiabatic,0,2.0,0.5104819178809782,2.450940392003796,0
adam,adiabatic,1,4.0,0.4688869101436518,2.2615783151096585,0
adam,adiabatic,2,6.0,0.44545972216130847,2.189471215950726,0
adam,adiabatic,3,8.0,0.4302692181115513,2.1309739096357703,0
adam,adiabatic,4,10.0,0.417215700127516,2.041449140360008,0
adam,adiabatic,5,12.0,0.40470141930810966,1.9220075137906236,0
adam,adiabatic,6,14.0,0.3922427869095409,1.791277771941581,0
adam,adiabatic,7,16.0,0.37874208091798245,1.635745632877506,0
adam,adiabatic,8,18.0,0.36173703663917484,1.4350543612209727,0
adam,adiabatic,9,20.0,0.340749398967719,1.1835361506638484,0
adam,adiabatic,10,22.0,0.31615268142508257,0.8925716933908466,0
adam,adiabatic,11,24.0,0.28815595971656716,0.5686902304859587,0
adam,adiabatic,12,26.0,0.25685688162909465,0.22080424644541852,0
adam,adiabatic,13,28.0,0.22375132028230071,-0.13055811099157774,0
adam,adiabatic,14,30.0,0.19031138185624988,-0.44451661314856245,0
adam,adiabatic,15,32.0,0.1579418056245069,-0.6809817698878115,0
adam,adiabatic,16,34.0,0.12924876239090827,-0.8323405021734384,0
adam,adiabatic,17,36.0,0.10670483959257515,-0.9297441209852896,0
adam,adiabatic,18,38.0,0.0901433897003014,-0.9976611421671423,0
adam,adiabatic,19,40.0,0.07882984458189987,-1.0459444172317955,0
adam,adiabatic,20,42.0,0.07192192019864291,-1.091905603526334,0
adam,adiabatic,21,44.0,0.06669594916320354,-1.1549587684173244,0
adam,adiabatic,22,46.0,0.06013909274348018,-1.2328136055080319,0
adam,adiabatic,23,48.0,0.05210922808043331,-1.31363113549028,0
adam,adiabatic,24,50.0,0.04419023055468427,-1.3887461492884567,0
adam,adiabatic,25,52.0,0.037780509348092184,-1.4403518308599381,0
adam,adiabatic,26,54.0,0.033929997298696044,-1.458948128246476,0
adam,adiabatic,27,56.0,0.032326119067492096,-1.4632431698536386,0
adam,adiabatic,28,58.0,0.031116217064942674,-1.4741214994285219,0
adam,adiabatic,29,60.0,0.02915579566404308,-1.49228855299295,0
adam,adiabatic,30,62.0,0.02686023458483925,-1.5096793438716898,0
adam,adiabatic,31,64.0,0.024946389201848194,-1.522042015676629,0
adam,adiabatic,32,66.0,0.023633183511603435,-1.5320429684527468,0
adam,adiabatic,33,68.0,0.02258560360814501,-1.5472194848205696,0
adam,adiabatic,34,70.0,0.02116604515477227,-1.5702053357979195,0
adam,adiabatic,35,72.0,0.019110443970841346,-1.594478986269973,0
adam,adiabatic,36,74.0,0.016837052256432474,-1.614506276301078,0
adam,adiabatic,37,76.0,0.014834923055638083,-1.6291920149219694,0
adam,adiabatic,38,78.0,0.013345363373817214,-1.6359226792377757,0
adam,adiabatic,39,80.0,0.012622763762017495,-1.6353202329434378,0
adam,adiabatic,40,82.0,0.012601600501302077,-1.634794999182568,0
adam,adiabatic,41,84.0,0.012662600809855444,-1.6395827080445833,0
adam,adiabatic,42,86.0,0.01227030956701816,-1.6491077376829337,0
adam,adiabatic,43,88.0,0.011395835513145023,-1.6608317965131227,0
adam,adiabatic,44,90.0,0.010327386728255396,-1.6703237331489418,0
adam,adiabatic,45,92.0,0.009476810400790046,-1.674154589158973,0
adam,adiabatic,46,94.0,0.009060186726986781,-1.6739157688260629,0
adam,adiabatic,47,96.0,0.00892416751575859,-1.6725489133758635,0
adam,adiabatic,48,98.0,0.008867680282573686,-1.6716998081362906,0
adam,adiabatic,49,100.0,0.00877404440346327,-1.6728940732465747,0
adam,adiabatic,50,102.0,-0.1783115229564404,-1.684349716053192,0
adam,adiabatic,51,104.0,-0.18052798429167802,-1.6928692945483812,0
adam,adiabatic,52,106.0,-0.18210985672623123,-1.6953598234384697,0
adam,adiabatic,53,108.0,-0.18259007498704505,-1.69675186966241,0
adam,adiabatic,54,110.0,-0.18285684606252292,-1.6969836187161575,0
adam,adiabatic,55,112.0,-0.18285781867194234,-1.695905524150468,0
adam,adiabatic,56,114.0,-0.1825900226167822,-1.6950492646647022,0
adam,adiabatic,57,116.0,-0.18243999949433107,-1.6959345349245492,0
adam,adiabatic,58,118.0,-0.18268597954592883,-1.6987755248885121,0
adam,adiabatic,59,120.0,-0.18327036452619186,-1.7008986310348422,0
adam,adiabatic,60,122.0,-0.18367335434681883,-1.7011637038040959,0
adam,adiabatic,61,124.0,-0.18375047738918443,-1.7011420264261468,0
adam,adiabatic,62,126.0,-0.18378040085877642,-1.7014370717129694,0
adam,adiabatic,63,128.0,-0.18383273970337038,-1.702513285079666,0
adam,adiabatic,64,130.0,-0.18401534305157283,-1.703699269713146,0
adam,adiabatic,65,132.0,-0.18425599150376892,-1.7036430682975678,0
adam,adiabatic,66,134.0,-0.18427884790609828,-1.7032509084195466,0
adam,adiabatic,67,136.0,-0.1842263108712004,-1.7036633077337007,0
adam,adiabatic,68,138.0,-0.18430570919348868,-1.7043760646492132,0
adam,adiabatic,69,140.0,-0.18443424729147984,-1.7047395998702537,0
adam,adiabatic,70,142.0,-0.1844996962978746,-1.704774421263902,0
adam,adiabatic,71,144.0,-0.18450179262423327,-1.7053667975357871,0
adam,adiabatic,72,146.0,-0.1845956641241475,-1.7062031109848756,0
adam,adiabatic,73,148.0,-0.18474898274620796,-1.7063089392625144,0
adam,adiabatic,74,150.0,-0.18478477803781237,-1.7063799865450422,0
adam,adiabatic,75,152.0,-0.18480394810061904,-1.7068486645935579,0
adam,adiabatic,76,154.0,-0.18487405539959784,-1.7071272319963844,0
adam,adiabatic,77,156.0,-0.1848877897553987,-1.7072327942827537,0
adam,adiabatic,78,158.0,-0.18486343429577798,-1.7075005868610227,0
adam,adiabatic,79,160.0,-0.18487883736066987,-1.7078475762236656,0
adam,adiabatic,80,162.0,-0.18492787514099865,-1.7080335841393919,0
adam,adiabatic,81,164.0,-0.1849684025524267,-1.7080679962785588,0
adam,adiabatic,82,166.0,-0.18499415178597295,-1.7080059554067626,0
adam,adiabatic,83,168.0,-0.18500354178241635,-1.707823055480367,0
adam,adiabatic,84,170.0,-0.18499019294011965,-1.7077425999453462,0
adam,adiabatic,85,172.0,-0.18500032295913263,-1.7078273298755313,0
adam,adiabatic,86,174.0,-0.18503807053573823,-1.7078456033696152,0
adam,adiabatic,87,176.0,-0.18505299221544289,-1.7079249771301308,0
adam,adiabatic,88,178.0,-0.18506482935563093,-1.7081312795273842,0
adam,adiabatic,89,180.0,-0.18508924506302762,-1.7082983642695027,0
adam,adiabatic,90,182.0,-0.18510159490638622,-1.7083998211735112,0
adam,adiabatic,91,184.0,-0.18510044167329137,-1.7084545622415384,0
adam,adiabatic,92,186.0,-0.18509114482912603,-1.708498825974641,0
adam,adiabatic,93,188.0,-0.18508638552395162,-1.7085713381774397,0
adam,adiabatic,94,190.0,-0.1850960884047728,-1.708655887098555,0
adam,adiabatic,95,192.0,-0.18511478248345417,-1.7086775447414777,0
adam,adiabatic,96,194.0,-0.18512919587360904,-1.7085995724446044,0
adam,adiabatic,97,196.0,-0.1851315704269238,-1.7085145175403655,0
adam,adiabatic,98,198.0,-0.1851342269503432,-1.7084626717792368,0
adam,adiabatic,99,200.0,-0.18513726480045697,-1.708437068202359,0
adam,adiabatic,100,202.0,-0.375548621789016,-1.7087055329493193,0
adam,adiabatic,101,204.0,-0.37558490188218807,-1.7089733110269811,0
adam,adiabatic,102,206.0,-0.3756049114050608,-1.709156702243214,0
adam,adiabatic,103,208.0,-0.3756133814173941,-1.7091306424194077,0
adam,adiabatic,104,210.0,-0.37557810645120676,-1.707857086619247,0
adam,adiabatic,105,212.0,-0.375218065910009,-1.6956856328705725,0
adam,adiabatic,106,214.0,-0.3719429734215477,-1.6874235162198803,0
adam,adiabatic,107,216.0,-0.3697565419146532,-1.707711178999902,0
adam,adiabatic,108,218.0,-0.3752554064565039,-1.6936738297437814,0
adam,adiabatic,109,220.0,-0.3715145009119123,-1.70471561564284,0
adam,adiabatic,110,222.0,-0.3744962902350105,-1.6993586585261036,0
adam,adiabatic,111,224.0,-0.3730309431305425,-1.7035368348662079,0
adam,adiabatic,112,226.0,-0.3741459716756673,-1.703412937341388,0
adam,adiabatic,113,228.0,-0.3740753437611071,-1.702916460307881,0
adam,adiabatic,114,230.0,-0.3739215440071167,-1.7065725402105025,0
adam,adiabatic,115,232.0,-0.37487158751195204,-1.7029514772759813,0
adam,adiabatic,116,234.0,-0.37389610145568736,-1.707998841848964,0
adam,adiabatic,117,236.0,-0.3752524145708747,-1.7039210487023853,0
adam,adiabatic,118,238.0,-0.3741911729127351,-1.707960643291291,0
adam,adiabatic,119,240.0,-0.37529151575528824,-1.7054074771205487,0
adam,adiabatic,120,242.0,-0.3746166024682521,-1.7076755571155173,0
adam,adiabatic,121,244.0,-0.375202663973944,-1.7068250212358185,0
adam,adiabatic,122,246.0,-0.37497885023346555,-1.7078036947570725,0
adam,adiabatic,123,248.0,-0.3752238058445488,-1.7076060480752204,0
adam,adiabatic,124,250.0,-0.37514593540994184,-1.7084657060060175,0
adam,adiabatic,125,252.0,-0.3753567039630304,-1.7080148114007687,0
adam,adiabatic,126,254.0,-0.3752147518025789,-1.7087846214069233,0
adam,adiabatic,127,256.0,-0.3754626146026138,-1.7083059628188317,0
adam,adiabatic,128,258.0,-0.3753384789482942,-1.7087050566211466,0
adam,adiabatic,129,260.0,-0.37546317517016287,-1.7089364363681483,0
adam,adiabatic,130,262.0,-0.3755099070455701,-1.708664005702401,0
adam,adiabatic,131,264.0,-0.3754392326136855,-1.7092963269089243,0
adam,adiabatic,132,266.0,-0.37562260812786935,-1.708916458411756,0
adam,adiabatic,133,268.0,-0.37549779196692756,-1.7094358721521392,0
adam,adiabatic,134,270.0,-0.3756171594152988,-1.70959709724929,0
adam,adiabatic,135,272.0,-0.3756343263487439,-1.7092942383467808,0
adam,adiabatic,136,274.0,-0.37556372536728516,-1.7099304786350251,0
adam,adiabatic,137,276.0,-0.37575222772904615,-1.7092470576977543,0
adam,adiabatic,138,278.0,-0.37556481908399614,-1.7100518015559962,0
adam,adiabatic,139,280.0,-0.375779540079181,-1.7095466981329703,0
adam,adiabatic,140,282.0,-0.37564089382688737,-1.7098996628463026,0
adam,adiabatic,141,284.0,-0.3757455097562854,-1.7098800041513924,0
adam,adiabatic,142,286.0,-0.3757346971755421,-1.7099416411788635,0
adam,adiabatic,143,288.0,-0.375725163312663,-1.7102262568810578,0
adam,adiabatic,144,290.0,-0.3757856082089527,-1.7100896501400873,0
adam,adiabatic,145,292.0,-0.3757470638331351,-1.7102410502079501,0
adam,adiabatic,146,294.0,-0.3757943066822801,-1.7102445201941237,0
adam,adiabatic,147,296.0,-0.37579184201157506,-1.7102941996020564,0
adam,adiabatic,148,298.0,-0.3757954412371115,-1.7103854536989656,0
adam,adiabatic,149,300.0,-0.3758264793106236,-1.7103058898937238,0
adam,adiabatic,150,302.0,-0.5664528503115918,-1.7106240299305169,0
adam,adiabatic,151,304.0,-0.5665078702757457,-1.710924761712717,0
adam,adiabatic,152,306.0,-0.5665346438913224,-1.711053282035935,0
adam,adiabatic,153,308.0,-0.5665435039610645,-1.7110910160763295,0
adam,adiabatic,154,310.0,-0.5665393703101194,-1.7112668338003258,0
adam,adiabatic,155,312.0,-0.5666048909160377,-1.7111495062689586,0
adam,adiabatic,156,314.0,-0.5665979898254175,-1.7111095633572178,0
adam,adiabatic,157,316.0,-0.5666457787023782,-1.7110536682359005,0
adam,adiabatic,158,318.0,-0.5666381973830512,-1.711302712820624,0
adam,adiabatic,159,320.0,-0.5666880613954973,-1.7114616851625803,0
adam,adiabatic,160,322.0,-0.5666946921908115,-1.7116943255757038,0
adam,adiabatic,161,324.0,-0.5667450824888567,-1.7118069264988347,0
adam,adiabatic,162,326.0,-0.5667450384910959,-1.7119762190195298,0
adam,adiabatic,163,328.0,-0.5667810732611828,-1.7120145920170506,0
adam,adiabatic,164,330.0,-0.5668139804278567,-1.7119785335172508,0
adam,adiabatic,165,332.0,-0.5668396326289153,-1.7120292002357191,0
adam,adiabatic,166,334.0,-0.5668676938547772,-1.7121586370923965,0
adam,adiabatic,167,336.0,-0.5668936142115724,-1.7123273259607439,0
adam,adiabatic,168,338.0,-0.5669311367924056,-1.712494378315697,0
adam,adiabatic,169,340.0,-0.5669579204835103,-1.7127281104114067,0
adam,adiabatic,170,342.0,-0.5669937969514187,-1.7129105731881538,0
adam,adiabatic,171,344.0,-0.5670233814106824,-1.713003573631609,0
adam,adiabatic,172,346.0,-0.5670560213219705,-1.7130794284500643,0
adam,adiabatic,173,348.0,-0.5670925344095897,-1.7131734953609825,0
adam,adiabatic,174,350.0,-0.5671270845932593,-1.7132756035980852,0
adam,adiabatic,175,352.0,-0.5671580311707611,-1.7134029365307937,0
adam,adiabatic,176,354.0,-0.5671951033819714,-1.713581626150405,0
adam,adiabatic,177,356.0,-0.5672275716867979,-1.7137741311835761,0
adam,adiabatic,178,358.0,-0.5672466176522318,-1.7138272807119472,0
adam,adiabatic,179,360.0,-0.5672180930661034,-1.713623456456288,0
adam,adiabatic,180,362.0,-0.5671092184923663,-1.7130381853188525,0
adam,adiabatic,181,364.0,-0.5668537961678622,-1.7125070038821162,0
adam,adiabatic,182,366.0,-0.566626545770559,-1.7132261966217843,0
adam,adiabatic,183,368.0,-0.5669039241486328,-1.714566208854729,0
adam,adiabatic,184,370.0,-0.567432685195057,-1.7144284117728554,0
adam,adiabatic,185,372.0,-0.5673485026209184,-1.7139477105772718,0
adam,adiabatic,186,374.0,-0.5671020503896834,-1.7148356618650018,0
adam,adiabatic,187,376.0,-0.5674072380697347,-1.7153774798217813,0
adam,adiabatic,188,378.0,-0.5675782234001716,-1.7149083788873056,0
adam,adiabatic,189,380.0,-0.5673521927207285,-1.7153643820491167,0
adam,adiabatic,190,382.0,-0.5675088102871826,-1.7160793974535429,0
adam,adiabatic,191,384.0,-0.5677805814311988,-1.7157883724298382,0
adam,adiabatic,192,386.0,-0.5676537012172337,-1.7159329915639892,0
adam,adiabatic,193,388.0,-0.5676912646959307,-1.7165196373507092,0
adam,adiabatic,194,390.0,-0.5678959622258068,-1.7164466229236301,0
adam,adiabatic,195,392.0,-0.5678367567287486,-1.7165460296249426,0
adam,adiabatic,196,394.0,-0.5678451957822538,-1.7169794331995167,0
adam,adiabatic,197,396.0,-0.5679819096868954,-1.7169785395319006,0
adam,adiabatic,198,398.0,-0.5679557787348728,-1.7170603548771395,0
adam,adiabatic,199,400.0,-0.5679779763109482,-1.7173098327698073,0
adam,adiabatic,200,402.0,-0.7596106263973927,-1.7175209090034822,0
adam,adiabatic,201,404.0,-0.7595408396085488,-1.7172441552705915,0
adam,adiabatic,202,406.0,-0.75925106097304,-1.7163607252918955,0
adam,adiabatic,203,408.0,-0.7587331532338986,-1.715385711652216,0
adam,adiabatic,204,410.0,-0.758211144203927,-1.7153455265802027,0
adam,adiabatic,205,412.0,-0.7582312275535091,-1.715872047901108,0
adam,adiabatic,206,414.0,-0.7586276636609107,-1.7143959355311689,0
adam,adiabatic,207,416.0,-0.7580498464812697,-1.7114721900514513,0
adam,adiabatic,208,418.0,-0.7566764104910818,-1.712644431853127,0
adam,adiabatic,209,420.0,-0.7572241343332488,-1.7155339243391952,0
adam,adiabatic,210,422.0,-0.7585102124508258,-1.7169332009912888,0
adam,adiabatic,211,424.0,-0.7590370323386646,-1.7155206653559458,0
adam,adiabatic,212,426.0,-0.7583239211229117,-1.7153476062935533,0
adam,adiabatic,213,428.0,-0.7582504509801775,-1.7180572029527093,0
adam,adiabatic,214,430.0,-0.7596089567277868,-1.7155729669867201,0
adam,adiabatic,215,432.0,-0.7585281885811376,-1.7162426968677633,0
adam,adiabatic,216,434.0,-0.758909110110387,-1.717300102001333,0
adam,adiabatic,217,436.0,-0.759368190325866,-1.7168585796108402,0
adam,adiabatic,218,438.0,-0.7591385028062801,-1.7167557493712091,0
adam,adiabatic,219,440.0,-0.7590505125257552,-1.718005448829079,0
adam,adiabatic,220,442.0,-0.7595620441835758,-1.7174433407777905,0
adam,adiabatic,221,444.0,-0.7592504726788678,-1.717480283317197,0
adam,adiabatic,222,446.0,-0.7593430547587718,-1.717828228518185,0
adam,adiabatic,223,448.0,-0.7595737366306707,-1.717437494674219,0
adam,adiabatic,224,450.0,-0.7594156289220118,-1.7175082980694891,0
adam,adiabatic,225,452.0,-0.7594723265218434,-1.7180715400168252,0
adam,adiabatic,226,454.0,-0.7597093237109355,-1.71761525771109,0
adam,adiabatic,227,456.0,-0.7594420663130286,-1.718088420527184,0
adam,adiabatic,228,458.0,-0.7596444153238685,-1.7182091983859282,0
adam,adiabatic,229,460.0,-0.75968173624737,-1.7179998638175993,0
adam,adiabatic,230,462.0,-0.7595768609946086,-1.7181120293683434,0
adam,adiabatic,231,464.0,-0.7596770607242197,-1.7181003512835353,0
adam,adiabatic,232,466.0,-0.7597233737794342,-1.7179445319694622,0
adam,adiabatic,233,468.0,-0.7596566522427745,-1.7181202679312237,0
adam,adiabatic,234,470.0,-0.7597176262131325,-1.7182757419328922,0
adam,adiabatic,235,472.0,-0.7597625410483974,-1.718156994921167,0
adam,adiabatic,236,474.0,-0.7596851166298854,-1.7183580049768665,0
adam,adiabatic,237,476.0,-0.7597715550243304,-1.7183318796108897,0
adam,adiabatic,238,478.0,-0.7597579725275533,-1.718222656608327,0
adam,adiabatic,239,480.0,-0.7597263760258293,-1.7182767720905614,0
adam,adiabatic,240,482.0,-0.7597862441010292,-1.7182170523636393,0
adam,adiabatic,241,484.0,-0.7597698765266169,-1.7182141741947767,0
adam,adiabatic,242,486.0,-0.7597554564810618,-1.718345162877975,0
adam,adiabatic,243,488.0,-0.759800615181681,-1.7183360495712863,0
adam,adiabatic,244,490.0,-0.759774893327149,-1.718381472850104,0
adam,adiabatic,245,492.0,-0.7597893008239245,-1.718370514955553,0
adam,adiabatic,246,494.0,-0.7597946821813683,-1.71837844346476,0
adam,adiabatic,247,496.0,-0.7598064144431429,-1.7183002900851372,0
adam,adiabatic,248,498.0,-0.7597823098038717,-1.7183329010301915,0
adam,adiabatic,249,500.0,-0.7598178071936448,-1.7183249536089122,0
adam,adiabatic,250,502.0,-0.9515087476057422,-1.7185807374302642,0
adam,adiabatic,251,504.0,-0.9514902002282938,-1.7186885712535847,0
adam,adiabatic,252,506.0,-0.9514419084426312,-1.7185742541476257,0
adam,adiabatic,253,508.0,-0.9512732931900528,-1.7172140983596786,0
adam,adiabatic,254,510.0,-0.9504981320458459,-1.712096885990088,0
adam,adiabatic,255,512.0,-0.947573614142986,-1.7079302389620872,0
adam,adiabatic,256,514.0,-0.9451870824759601,-1.7146706074909268,0
adam,adiabatic,257,516.0,-0.9492898945527363,-1.7117478715515326,0
adam,adiabatic,258,518.0,-0.9474864712634963,-1.7098280898978455,0
adam,adiabatic,259,520.0,-0.9462389740975631,-1.7106596306330037,0
adam,adiabatic,260,522.0,-0.9466669542860437,-1.7070854152315043,0
adam,adiabatic,261,524.0,-0.9445226920050581,-1.714068120129736,0
adam,adiabatic,262,526.0,-0.9487561335874912,-1.7138909663531237,0
adam,adiabatic,263,528.0,-0.948704928493255,-1.7113572932713856,0
adam,adiabatic,264,530.0,-0.9472765912242371,-1.7142379502026792,0
adam,adiabatic,265,532.0,-0.9489705130462128,-1.7155705125223444,0
adam,adiabatic,266,534.0,-0.9496792874356355,-1.7135566819515782,0
adam,adiabatic,267,536.0,-0.9484302899548985,-1.7168001074491153,0
adam,adiabatic,268,538.0,-0.9503056698954032,-1.7151054316779821,0
adam,adiabatic,269,540.0,-0.9493460684517029,-1.716002402349907,0
adam,adiabatic,270,542.0,-0.9499532648536728,-1.7163675954278008,0
adam,adiabatic,271,544.0,-0.9501916773248358,-1.715632841141401,0
adam,adiabatic,272,546.0,-0.949751756790086,-1.7175482441087992,0
adam,adiabatic,273,548.0,-0.9508662268999605,-1.7158973131555877,0
adam,adiabatic,274,550.0,-0.9498145535358791,-1.7182244269182254,0
adam,adiabatic,275,552.0,-0.9511828497222827,-1.7168793528398387,0
adam,adiabatic,276,554.0,-0.9504111309342632,-1.7176235314301154,0
adam,adiabatic,277,556.0,-0.9508970719464148,-1.7173565323864122,0
adam,adiabatic,278,558.0,-0.9507699808173975,-1.717595759891537,0
adam,adiabatic,279,560.0,-0.9509023610792204,-1.7179188797087233,0
adam,adiabatic,280,562.0,-0.9510753467739299,-1.7178605151510575,0
adam,adiabatic,281,564.0,-0.9509960929512488,-1.718321008782719,0
adam,adiabatic,282,566.0,-0.951256845880201,-1.7179519841060282,0
adam,adiabatic,283,568.0,-0.9510601342811145,-1.7182577117822209,0
adam,adiabatic,284,570.0,-0.9512723851866725,-1.718115743179744,0
adam,adiabatic,285,572.0,-0.9512104700027212,-1.7183326593510357,0
adam,adiabatic,286,574.0,-0.9513386004345441,-1.7183066925221526,0
adam,adiabatic,287,576.0,-0.9512846639254964,-1.7183413307533377,0
adam,adiabatic,288,578.0,-0.9512914446745178,-1.718596861019047,0
adam,adiabatic,289,580.0,-0.9514385474484188,-1.7183681226383802,0
adam,adiabatic,290,582.0,-0.9513156423854708,-1.7185927141022928,0
adam,adiabatic,291,584.0,-0.9514791187309722,-1.71840859687634,0
adam,adiabatic,292,586.0,-0.9513724018652503,-1.7186043242573297,0
adam,adiabatic,293,588.0,-0.9514881225908735,-1.7185370885575189,0
adam,adiabatic,294,590.0,-0.9514210245590594,-1.718701203343889,0
adam,adiabatic,295,592.0,-0.9515062612644576,-1.7186284241929655,0
adam,adiabatic,296,594.0,-0.9514715103395237,-1.7186623539044799,0
adam,adiabatic,297,596.0,-0.9515006829964037,-1.7186145984715406,0
adam,adiabatic,298,598.0,-0.9514902078826788,-1.71865644534957,0
adam,adiabatic,299,600.0,-0.9515165127356389,-1.7186955966557997,0
adam,adiabatic,300,602.0,-1.1433225219766032,-1.7188091207082639,0
adam,adiabatic,301,604.0,-1.1432608485130162,-1.7187961609672036,0
adam,adiabatic,302,606.0,-1.1431881634486258,-1.7182359215756842,0
adam,adiabatic,303,608.0,-1.1427566347428812,-1.715575137872952,0
adam,adiabatic,304,610.0,-1.1410780093887531,-1.7071757764576767,0
adam,adiabatic,305,612.0,-1.135325057425906,-1.6963087253544744,0
adam,adiabatic,306,614.0,-1.1279939014009288,-1.705564904519094,0
adam,adiabatic,307,616.0,-1.134024558237982,-1.712607708704741,0
adam,adiabatic,308,618.0,-1.1389975430752637,-1.7080366585820124,0
adam,adiabatic,309,620.0,-1.1358264766103816,-1.713025507756602,0
adam,adiabatic,310,622.0,-1.1391675895038744,-1.711575648399556,0
adam,adiabatic,311,624.0,-1.1383963874208656,-1.7135159293228286,0
adam,adiabatic,312,626.0,-1.1396292055260007,-1.7139994475324285,0
adam,adiabatic,313,628.0,-1.1399974561149346,-1.7139774080139227,0
adam,adiabatic,314,630.0,-1.1400248895444547,-1.7152613943728203,0
adam,adiabatic,315,632.0,-1.1406984879892892,-1.7151808909187183,0
adam,adiabatic,316,634.0,-1.1407496329553712,-1.7159822801641784,0
adam,adiabatic,317,636.0,-1.1413724736367568,-1.7155521332499997,0
adam,adiabatic,318,638.0,-1.14101958827174,-1.716853680499795,0
adam,adiabatic,319,640.0,-1.1419676191201376,-1.7161568360120947,0
adam,adiabatic,320,642.0,-1.141515599501784,-1.717226866294915,0
adam,adiabatic,321,644.0,-1.142117161281141,-1.7170019509212906,0
adam,adiabatic,322,646.0,-1.1419930427195804,-1.7172797024145656,0
adam,adiabatic,323,648.0,-1.1422587906767425,-1.7173790464306804,0
adam,adiabatic,324,650.0,-1.1422742671639066,-1.7176497402918438,0
adam,adiabatic,325,652.0,-1.1425155334401187,-1.7176937001853243,0
adam,adiabatic,326,654.0,-1.142565592063548,-1.7178969272508602,0
adam,adiabatic,327,656.0,-1.1426117255753243,-1.7181608018612955,0
adam,adiabatic,328,658.0,-1.1427850526730243,-1.7179727461015075,0
adam,adiabatic,329,660.0,-1.1427296672865543,-1.718251777682673,0
adam,adiabatic,330,662.0,-1.1428996370242845,-1.7182553664554512,0
adam,adiabatic,331,664.0,-1.1429013779607842,-1.7182808874489508,0
adam,adiabatic,332,666.0,-1.142945768259764,-1.718461683787179,0
adam,adiabatic,333,668.0,-1.1430406841058824,-1.718488909613018,0
adam,adiabatic,334,670.0,-1.1430293110969307,-1.7186189089773234,0
adam,adiabatic,335,672.0,-1.1431436657659813,-1.7184915248162391,0
adam,adiabatic,336,674.0,-1.1430635937494007,-1.7187140159507368,0
adam,adiabatic,337,676.0,-1.1432332891471084,-1.718503325249339,0
adam,adiabatic,338,678.0,-1.143088181868603,-1.7188574871238718,0
adam,adiabatic,339,680.0,-1.1432944617908418,-1.7186362716397907,0
adam,adiabatic,340,682.0,-1.1431469860199475,-1.7188265867279213,0
adam,adiabatic,341,684.0,-1.1433051866943085,-1.7187298838364797,0
adam,adiabatic,342,686.0,-1.143213342243314,-1.7188791990637047,0
adam,adiabatic,343,688.0,-1.1433191365943158,-1.7187289482433685,0
adam,adiabatic,344,690.0,-1.143255725499571,-1.7188539782416041,0
adam,adiabatic,345,692.0,-1.1433147612580121,-1.7188651586222066,0
adam,adiabatic,346,694.0,-1.14328849284668,-1.7188143900172332,0
adam,adiabatic,347,696.0,-1.143281900903483,-1.718823382676024,0
adam,adiabatic,348,698.0,-1.1433012863393226,-1.7187512540144925,0
adam,adiabatic,349,700.0,-1.1432396032652785,-1.7188079936469172,0
adam,adiabatic,350,702.0,-1.3351267750998679,-1.7186278258236678,0
adam,adiabatic,351,704.0,-1.334895019139196,-1.7181595871884607,0
adam,adiabatic,352,706.0,-1.3344865829705321,-1.7171608472217734,0
adam,adiabatic,353,708.0,-1.3337280020805264,-1.7173204882012074,0
adam,adiabatic,354,710.0,-1.3338838153232853,-1.7169196312245882,0
adam,adiabatic,355,712.0,-1.3335884348152287,-1.7138204869430542,0
adam,adiabatic,356,714.0,-1.331103361703651,-1.71442780693824,0
adam,adiabatic,357,716.0,-1.3315229726757867,-1.717801457685621,0
adam,adiabatic,358,718.0,-1.3341814610378349,-1.7151364341717978,0
adam,adiabatic,359,720.0,-1.3320913275418997,-1.7147717914144642,0
adam,adiabatic,360,722.0,-1.3318585023441676,-1.7164366813811487,0
adam,adiabatic,361,724.0,-1.3332266812714664,-1.7137474421036587,0
adam,adiabatic,362,726.0,-1.3310361202096823,-1.7156596109326319,0
adam,adiabatic,363,728.0,-1.3325049843642998,-1.716763550452057,0
adam,adiabatic,364,730.0,-1.3334146369360076,-1.7160161615024565,0
adam,adiabatic,365,732.0,-1.3328384050276363,-1.716955605186257,0
adam,adiabatic,366,734.0,-1.33357880569864,-1.7163590308214722,0
adam,adiabatic,367,736.0,-1.3331276476502654,-1.7179489971059454,0
adam,adiabatic,368,738.0,-1.3343762110258393,-1.717152542689623,0
adam,adiabatic,369,740.0,-1.3336927948269588,-1.7168386888691074,0
adam,adiabatic,370,742.0,-1.3334736163953516,-1.7182175868245027,0
adam,adiabatic,371,744.0,-1.3346112864330295,-1.7176493117620526,0
adam,adiabatic,372,746.0,-1.334136092998781,-1.718147910246829,0
adam,adiabatic,373,748.0,-1.334527950502005,-1.7180884719133795,0
adam,adiabatic,374,750.0,-1.334477685597067,-1.7181368843680835,0
adam,adiabatic,375,752.0,-1.3345008443024555,-1.7182714602391151,0
adam,adiabatic,376,754.0,-1.3346229950956758,-1.7185912192091248,0
adam,adiabatic,377,756.0,-1.334893589597307,-1.718456993514092,0
adam,adiabatic,378,758.0,-1.3347879197500472,-1.718351317459991,0
adam,adiabatic,379,760.0,-1.3346892597550228,-1.7187732225391494,0
adam,adiabatic,380,762.0,-1.3350091088301468,-1.718560782197838,0
adam,adiabatic,381,764.0,-1.3348505562163244,-1.71883163172725,0
adam,adiabatic,382,766.0,-1.3350825649916027,-1.7186144225840474,0
adam,adiabatic,383,768.0,-1.3349115793359287,-1.7188138932666435,0
adam,adiabatic,384,770.0,-1.3350594916627205,-1.7189252348662023,0
adam,adiabatic,385,772.0,-1.3351409978103272,-1.7187342724101884,0
adam,adiabatic,386,774.0,-1.3349923138310136,-1.7189678717487018,0
adam,adiabatic,387,776.0,-1.3351780257852914,-1.7188023055346766,0
adam,adiabatic,388,778.0,-1.3350567241629119,-1.7190103545029758,0
adam,adiabatic,389,780.0,-1.335228945085913,-1.7189652641963393,0
adam,adiabatic,390,782.0,-1.3351735957393496,-1.7189113032213277,0
adam,adiabatic,391,784.0,-1.3351251147860177,-1.719051669864228,0
adam,adiabatic,392,786.0,-1.3352516426767669,-1.7189712472511036,0
adam,adiabatic,393,788.0,-1.3351911671020897,-1.7190070039627923,0
adam,adiabatic,394,790.0,-1.3352144713105512,-1.7190303703387952,0
adam,adiabatic,395,792.0,-1.3352324589316542,-1.719046750751079,0
adam,adiabatic,396,794.0,-1.3352431399512783,-1.7190522782401243,0
adam,adiabatic,397,796.0,-1.3352442950032155,-1.719076854358607,0
adam,adiabatic,398,798.0,-1.3352683870995634,-1.7190359794210235,0
adam,adiabatic,399,800.0,-1.3352436713266547,-1.7190711426665473,0
adam,adiabatic,400,802.0,-1.5271694637206166,-1.7191391720732996,0
adam,adiabatic,401,804.0,-1.527180384084979,-1.7190891384854685,0
adam,adiabatic,402,806.0,-1.5271328891203715,-1.719082414056353,0
adam,adiabatic,403,808.0,-1.5271427181345498,-1.719009271604412,0
adam,adiabatic,404,810.0,-1.5271028756630698,-1.7189053522179045,0
adam,adiabatic,405,812.0,-1.5269999594741472,-1.7187080991635462,0
adam,adiabatic,406,814.0,-1.5268150948243897,-1.7182798764287117,0
adam,adiabatic,407,816.0,-1.526395517768463,-1.7175789170291944,0
adam,adiabatic,408,818.0,-1.5257835126386465,-1.716663490784874,0
adam,adiabatic,409,820.0,-1.5249840351216757,-1.7142397870151365,0
adam,adiabatic,410,822.0,-1.5228199633804966,-1.7098739045336797,0
adam,adiabatic,411,824.0,-1.5188608638952568,-1.7113580064705962,0
adam,adiabatic,412,826.0,-1.520196633276304,-1.7180361110130906,0
adam,adiabatic,413,828.0,-1.5261976351595454,-1.7156362180150688,0
adam,adiabatic,414,830.0,-1.5240645523783733,-1.7143966757282367,0
adam,adiabatic,415,832.0,-1.5229522840030612,-1.7182933782164898,0
adam,adiabatic,416,834.0,-1.5264279427797045,-1.715765720130441,0
adam,adiabatic,417,836.0,-1.524160000104733,-1.7170047951862992,0
adam,adiabatic,418,838.0,-1.5252760916509809,-1.7180732616063408,0
adam,adiabatic,419,840.0,-1.5262540129921967,-1.716294751717275,0
adam,adiabatic,420,842.0,-1.524650629877171,-1.7186612970199218,0
adam,adiabatic,421,844.0,-1.5267589666309331,-1.717252968677898,0
adam,adiabatic,422,846.0,-1.5254965718049693,-1.7180039186596656,0
adam,adiabatic,423,848.0,-1.5261847310769368,-1.7183795346358317,0
adam,adiabatic,424,850.0,-1.5265272022140877,-1.7175573763568852,0
adam,adiabatic,425,852.0,-1.5257744403823816,-1.718809193152612,0
adam,adiabatic,426,854.0,-1.5268947778396766,-1.7178223456268369,0
adam,adiabatic,427,856.0,-1.5260183812485657,-1.7186279118428016,0
adam,adiabatic,428,858.0,-1.5267467069896412,-1.718264173451546,0
adam,adiabatic,429,860.0,-1.526415974995951,-1.7183085161215432,0
adam,adiabatic,430,862.0,-1.5264500925089544,-1.7184756146117608,0
adam,adiabatic,431,864.0,-1.5265997360958843,-1.7180934298575166,0
adam,adiabatic,432,866.0,-1.5262641608777483,-1.718463074398227,0
adam,adiabatic,433,868.0,-1.5265980772613674,-1.718109166991805,0
adam,adiabatic,434,870.0,-1.5262724946792745,-1.7184974000594524,0
adam,adiabatic,435,872.0,-1.5266184398415812,-1.7184065899719274,0
adam,adiabatic,436,874.0,-1.5265430622001437,-1.7187208952991346,0
adam,adiabatic,437,876.0,-1.526829435610324,-1.7188377854013308,0
adam,adiabatic,438,878.0,-1.526928942397647,-1.7189338168545083,0
adam,adiabatic,439,880.0,-1.5270117884307062,-1.7190247812894441,0
adam,adiabatic,440,882.0,-1.5270969952377698,-1.7188412063121465,0
adam,adiabatic,441,884.0,-1.5269367626142962,-1.7189336864614375,0
adam,adiabatic,442,886.0,-1.5270169816636774,-1.718783336017516,0
adam,adiabatic,443,888.0,-1.526877518255331,-1.7189285466873652,0
adam,adiabatic,444,890.0,-1.5270100016731878,-1.718902016029909,0
adam,adiabatic,445,892.0,-1.5269895330871055,-1.719059054060567,0
adam,adiabatic,446,894.0,-1.527130372520068,-1.7190758513263984,0
adam,adiabatic,447,896.0,-1.5271411040633038,-1.7190923866694363,0
adam,adiabatic,448,898.0,-1.5271565131175222,-1.7190942205728155,0
adam,adiabatic,449,900.0,-1.5271617819661505,-1.7190216234709916,0
adam,adiabatic,450,902.0,-1.719021623470992,-1.7189812939090852,0
adam,adiabatic,451,904.0,-1.7189812939090847,-1.7186598969982656,0
adam,adiabatic,452,906.0,-1.7186598969982656,-1.7180211894351376,0
adam,adiabatic,453,908.0,-1.718021189435138,-1.7165469014716404,0
adam,adiabatic,454,910.0,-1.7165469014716412,-1.7142147513130646,0
adam,adiabatic,455,912.0,-1.714214751313065,-1.7132400856018541,0
adam,adiabatic,456,914.0,-1.7132400856018541,-1.7158282702476317,0
adam,adiabatic,457,916.0,-1.7158282702476304,-1.717886971038672,0
adam,adiabatic,458,918.0,-1.717886971038671,-1.7156165421480918,0
adam,adiabatic,459,920.0,-1.7156165421480927,-1.713998868743631,0
adam,adiabatic,460,922.0,-1.7139988687436314,-1.7160319361224434,0
adam,adiabatic,461,924.0,-1.716031936122442,-1.7158480634846465,0
adam,adiabatic,462,926.0,-1.715848063484646,-1.713800200538447,0
adam,adiabatic,463,928.0,-1.7138002005384463,-1.715725463832058,0
adam,adiabatic,464,930.0,-1.715725463832059,-1.7175795620956134,0
adam,adiabatic,465,932.0,-1.7175795620956138,-1.7164208692803817,0
adam,adiabatic,466,934.0,-1.716420869280382,-1.7167994892515832,0
adam,adiabatic,467,936.0,-1.7167994892515834,-1.7173800653272009,0
adam,adiabatic,468,938.0,-1.7173800653271996,-1.7172131511211937,0
adam,adiabatic,469,940.0,-1.7172131511211939,-1.7179320503785622,0
adam,adiabatic,470,942.0,-1.717932050378563,-1.7176567450497235,0
adam,adiabatic,471,944.0,-1.7176567450497233,-1.7179620291674407,0
adam,adiabatic,472,946.0,-1.7179620291674416,-1.7183676743167688,0
adam,adiabatic,473,948.0,-1.718367674316769,-1.7178303461264437,0
adam,adiabatic,474,950.0,-1.7178303461264433,-1.7184207808213106,0
adam,adiabatic,475,952.0,-1.718420780821311,-1.7184537026537203,0
adam,adiabatic,476,954.0,-1.7184537026537199,-1.7183029477887142,0
adam,adiabatic,477,956.0,-1.7183029477887135,-1.7187285957349705,0
adam,adiabatic,478,958.0,-1.718728595734971,-1.7185790403281376,0
adam,adiabatic,479,960.0,-1.7185790403281376,-1.7186390799495936,0
adam,adiabatic,480,962.0,-1.718639079949594,-1.7187207327141119,0
adam,adiabatic,481,964.0,-1.7187207327141119,-1.718767283948077,0
adam,adiabatic,482,966.0,-1.7187672839480772,-1.7188221909328998,0
adam,adiabatic,483,968.0,-1.7188221909329,-1.7188453951867444,0
adam,adiabatic,484,970.0,-1.718845395186744,-1.718963302222746,0
adam,adiabatic,485,972.0,-1.7189633022227468,-1.7188394120637482,0
adam,adiabatic,486,974.0,-1.718839412063748,-1.7189534732901566,0
adam,adiabatic,487,976.0,-1.7189534732901575,-1.7190332138617506,0
adam,adiabatic,488,978.0,-1.7190332138617501,-1.7189285706055972,0
adam,adiabatic,489,980.0,-1.7189285706055968,-1.719056300166542,0
adam,adiabatic,490,982.0,-1.7190563001665424,-1.7190564902851089,0
adam,adiabatic,491,984.0,-1.7190564902851098,-1.719010011913252,0
adam,adiabatic,492,986.0,-1.7190100119132525,-1.719098127409875,0
adam,adiabatic,493,988.0,-1.7190981274098747,-1.719098035758215,0
adam,adiabatic,494,990.0,-1.7190980357582144,-1.7190506009114839,0
adam,adiabatic,495,992.0,-1.7190506009114845,-1.7191178289094842,0
adam,adiabatic,496,994.0,-1.7191178289094824,-1.7191381723170602,0
adam,adiabatic,497,996.0,-1.7191381723170605,-1.7190868684655605,0
adam,adiabatic,498,998.0,-1.7190868684655594,-1.7191576704297182,0
adam,adiabatic,499,1000.0,-1.7191576704297185,-1.7191539527142987,0
adam,sea,0,2.0,3.1210128758499978,3.1210128758499978,0
adam,sea,1,4.0,2.1374021452183696,2.1374021452183696,0
adam,sea,2,6.0,2.082703758192507,2.082703758192507,0
adam,sea,3,8.0,1.9317049414779162,1.9317049414779162,0
adam,sea,4,10.0,1.6828853763345748,1.6828853763345748,0
adam,sea,5,12.0,1.4595835008284581,1.4595835008284581,0
adam,sea,6,14.0,1.287796696541855,1.287796696541855,0
adam,sea,7,16.0,1.1449720536152102,1.1449720536152102,0
adam,sea,8,18.0,1.014010775917049,1.014010775917049,0
adam,sea,9,20.0,0.8672695072651663,0.8672695072651663,0
adam,sea,10,22.0,0.6469017885272735,0.6469017885272735,0
adam,sea,11,24.0,0.3503363244792124,0.3503363244792124,0
adam,sea,12,26.0,0.052444185141413004,0.052444185141413004,0
adam,sea,13,28.0,-0.17393850376207629,-0.17393850376207629,0
adam,sea,14,30.0,-0.31647506380426843,-0.31647506380426843,0
adam,sea,15,32.0,-0.434507605728992,-0.434507605728992,0
adam,sea,16,34.0,-0.6066011278390536,-0.6066011278390536,0
adam,sea,17,36.0,-0.8504366178052735,-0.8504366178052735,0
adam,sea,18,38.0,-1.0833410479698204,-1.0833410479698204,0
adam,sea,19,40.0,-1.1981190386122853,-1.1981190386122853,0
adam,sea,20,42.0,-1.21979937028181,-1.21979937028181,0
adam,sea,21,44.0,-1.2582169940521108,-1.2582169940521108,0
adam,sea,22,46.0,-1.346190218766657,-1.346190218766657,0
adam,sea,23,48.0,-1.4201536802143446,-1.4201536802143446,0
adam,sea,24,50.0,-1.4382901143529534,-1.4382901143529534,0
adam,sea,25,52.0,-1.4373138909819638,-1.4373138909819638,0
adam,sea,26,54.0,-1.4622613940812446,-1.4622613940812446,0
adam,sea,27,56.0,-1.5035849845285103,-1.5035849845285103,0
adam,sea,28,58.0,-1.5276722695782399,-1.5276722695782399,0
adam,sea,29,60.0,-1.5381840594227363,-1.5381840594227363,0
adam,sea,30,62.0,-1.5623889265985373,-1.5623889265985373,0
adam,sea,31,64.0,-1.5966422398229283,-1.5966422398229283,0
adam,sea,32,66.0,-1.6142627204224387,-1.6142627204224387,0
adam,sea,33,68.0,-1.613992199902143,-1.613992199902143,0
adam,sea,34,70.0,-1.6196053035676312,-1.6196053035676312,0
adam,sea,35,72.0,-1.6382891070309706,-1.6382891070309706,0
adam,sea,36,74.0,-1.6545704753140622,-1.6545704753140622,0
adam,sea,37,76.0,-1.6592645063138323,-1.6592645063138323,0
adam,sea,38,78.0,-1.6602319284065346,-1.6602319284065346,0
adam,sea,39,80.0,-1.6655536449113175,-1.6655536449113175,0
adam,sea,40,82.0,-1.672385458826574,-1.672385458826574,0
adam,sea,41,84.0,-1.6751831830605133,-1.6751831830605133,0
adam,sea,42,86.0,-1.6735743046879719,-1.6735743046879719,0
adam,sea,43,88.0,-1.6707179958816831,-1.6707179958816831,0
adam,sea,44,90.0,-1.6703818944597413,-1.6703818944597413,0
adam,sea,45,92.0,-1.6737972134936936,-1.6737972134936936,0
adam,sea,46,94.0,-1.6777077652374046,-1.6777077652374046,0
adam,sea,47,96.0,-1.682050560251436,-1.682050560251436,0
adam,sea,48,98.0,-1.6899159907514685,-1.6899159907514685,0
adam,sea,49,100.0,-1.6968668300394192,-1.6968668300394192,0
adam,sea,50,102.0,-1.696659695323324,-1.696659695323324,0
adam,sea,51,104.0,-1.693161761861977,-1.693161761861977,0
adam,sea,52,106.0,-1.6932095097771822,-1.6932095097771822,0
adam,sea,53,108.0,-1.6958856779168785,-1.6958856779168785,0
adam,sea,54,110.0,-1.6972089370463117,-1.6972089370463117,0
adam,sea,55,112.0,-1.6974898041160909,-1.6974898041160909,0
adam,sea,56,114.0,-1.6985087165061816,-1.6985087165061816,0
adam,sea,57,116.0,-1.699472830527714,-1.699472830527714,0
adam,sea,58,118.0,-1.7003536353257243,-1.7003536353257243,0
adam,sea,59,120.0,-1.702372315137477,-1.702372315137477,0
adam,sea,60,122.0,-1.7043632388144712,-1.7043632388144712,0
adam,sea,61,124.0,-1.7050093683098364,-1.7050093683098364,0
adam,sea,62,126.0,-1.7047020548077363,-1.7047020548077363,0
adam,sea,63,128.0,-1.7041142854333942,-1.7041142854333942,0
adam,sea,64,130.0,-1.7041150588832292,-1.7041150588832292,0
adam,sea,65,132.0,-1.7048901142686907,-1.7048901142686907,0
adam,sea,66,134.0,-1.70563026126221,-1.70563026126221,0
adam,sea,67,136.0,-1.7060132505160548,-1.7060132505160548,0
adam,sea,68,138.0,-1.7064137929948515,-1.7064137929948515,0
adam,sea,69,140.0,-1.7067418360281839,-1.7067418360281839,0
adam,sea,70,142.0,-1.7065876419040173,-1.7065876419040173,0
adam,sea,71,144.0,-1.7065105589110228,-1.7065105589110228,0
adam,sea,72,146.0,-1.7068145227178677,-1.7068145227178677,0
adam,sea,73,148.0,-1.7068412537844395,-1.7068412537844395,0
adam,sea,74,150.0,-1.706835418138547,-1.706835418138547,0
adam,sea,75,152.0,-1.7072661170245902,-1.7072661170245902,0
adam,sea,76,154.0,-1.7076318730281064,-1.7076318730281064,0
adam,sea,77,156.0,-1.7076476954784923,-1.7076476954784923,0
adam,sea,78,158.0,-1.7076618476215,-1.7076618476215,0
adam,sea,79,160.0,-1.7077198164726293,-1.7077198164726293,0
adam,sea,80,162.0,-1.7076606930327107,-1.7076606930327107,0
adam,sea,81,164.0,-1.7077471013229115,-1.7077471013229115,0
adam,sea,82,166.0,-1.7079998787233868,-1.7079998787233868,0
adam,sea,83,168.0,-1.7081270012942542,-1.7081270012942542,0
adam,sea,84,170.0,-1.7081251377559081,-1.7081251377559081,0
adam,sea,85,172.0,-1.7080773931857263,-1.7080773931857263,0
adam,sea,86,174.0,-1.7080749134377504,-1.7080749134377504,0
adam,sea,87,176.0,-1.7081656506819176,-1.7081656506819176,0
adam,sea,88,178.0,-1.7082407162219486,-1.7082407162219486,0
adam,sea,89,180.0,-1.7082689462757599,-1.7082689462757599,0
adam,sea,90,182.0,-1.708361354234855,-1.708361354234855,0
adam,sea,91,184.0,-1.7084683803899516,-1.7084683803899516,0
adam,sea,92,186.0,-1.7084886062482496,-1.7084886062482496,0
adam,sea,93,188.0,-1.7085130684960714,-1.7085130684960714,0
adam,sea,94,190.0,-1.70853173553356,-1.70853173553356,0
adam,sea,95,192.0,-1.708493642870128,-1.708493642870128,0
adam,sea,96,194.0,-1.7085019470097633,-1.7085019470097633,0
adam,sea,97,196.0,-1.7085686490563339,-1.7085686490563339,0
adam,sea,98,198.0,-1.7086051062325298,-1.7086051062325298,0
adam,sea,99,200.0,-1.70863024117221,-1.70863024117221,0
adam,sea,100,202.0,-1.708677451531976,-1.708677451531976,0
adam,sea,101,204.0,-1.7087028901685102,-1.7087028901685102,0
adam,sea,102,206.0,-1.7087066973358387,-1.7087066973358387,0
adam,sea,103,208.0,-1.7087144142429294,-1.7087144142429294,0
adam,sea,104,210.0,-1.7087307447081432,-1.7087307447081432,0
adam,sea,105,212.0,-1.708751467732243,-1.708751467732243,0
adam,sea,106,214.0,-1.708766485293157,-1.708766485293157,0
adam,sea,107,216.0,-1.7087844657114344,-1.7087844657114344,0
adam,sea,108,218.0,-1.7088089628240428,-1.7088089628240428,0
adam,sea,109,220.0,-1.708826366509231,-1.708826366509231,0
adam,sea,110,222.0,-1.7088385045449814,-1.7088385045449814,0
adam,sea,111,224.0,-1.7088502977384856,-1.7088502977384856,0
adam,sea,112,226.0,-1.7088581156467055,-1.7088581156467055,0
adam,sea,113,228.0,-1.7088740478301827,-1.7088740478301827,0
adam,sea,114,230.0,-1.7088970651028605,-1.7088970651028605,0
adam,sea,115,232.0,-1.7089113095646746,-1.7089113095646746,0
adam,sea,116,234.0,-1.7089222838608094,-1.7089222838608094,0
adam,sea,117,236.0,-1.7089360456420737,-1.7089360456420737,0
adam,sea,118,238.0,-1.7089501309809434,-1.7089501309809434,0
adam,sea,119,240.0,-1.7089646045493674,-1.7089646045493674,0
adam,sea,120,242.0,-1.708978371814648,-1.708978371814648,0
adam,sea,121,244.0,-1.7089912980344046,-1.7089912980344046,0
adam,sea,122,246.0,-1.7090057696481253,-1.7090057696481253,0
adam,sea,123,248.0,-1.709019539550967,-1.709019539550967,0
adam,sea,124,250.0,-1.709032676360763,-1.709032676360763,0
adam,sea,125,252.0,-1.70904574364631,-1.70904574364631,0
adam,sea,126,254.0,-1.7090592588657936,-1.7090592588657936,0
adam,sea,127,256.0,-1.7090745590658631,-1.7090745590658631,0
adam,sea,128,258.0,-1.7090898095329439,-1.7090898095329439,0
adam,sea,129,260.0,-1.7091044005060885,-1.7091044005060885,0
adam,sea,130,262.0,-1.7091184494108536,-1.7091184494108536,0
adam,sea,131,264.0,-1.7091307236250428,-1.7091307236250428,0
adam,sea,132,266.0,-1.7091438296022883,-1.7091438296022883,0
adam,sea,133,268.0,-1.709158836042778,-1.709158836042778,0
adam,sea,134,270.0,-1.709173283060244,-1.709173283060244,0
adam,sea,135,272.0,-1.7091880486802993,-1.7091880486802993,0
adam,sea,136,274.0,-1.7092030678717174,-1.7092030678717174,0
adam,sea,137,276.0,-1.7092175882044764,-1.7092175882044764,0
adam,sea,138,278.0,-1.7092324260321274,-1.7092324260321274,0
adam,sea,139,280.0,-1.7092470757395202,-1.7092470757395202,0
adam,sea,140,282.0,-1.709261485919277,-1.709261485919277,0
adam,sea,141,284.0,-1.7092766667665944,-1.7092766667665944,0
adam,sea,142,286.0,-1.7092921696123566,-1.7092921696123566,0
adam,sea,143,288.0,-1.709307635178204,-1.709307635178204,0
adam,sea,144,290.0,-1.7093229791842757,-1.7093229791842757,0
adam,sea,145,292.0,-1.709338534021923,-1.709338534021923,0
adam,sea,146,294.0,-1.7093543237839988,-1.7093543237839988,0
adam,sea,147,296.0,-1.7093700091355644,-1.7093700091355644,0
adam,sea,148,298.0,-1.7093860428336707,-1.7093860428336707,0
adam,sea,149,300.0,-1.70940240026365,-1.70940240026365,0
adam,sea,150,302.0,-1.7094187646453427,-1.7094187646453427,0
adam,sea,151,304.0,-1.7094354736956847,-1.7094354736956847,0
adam,sea,152,306.0,-1.7094522099028795,-1.7094522099028795,0
adam,sea,153,308.0,-1.7094689593314285,-1.7094689593314285,0
adam,sea,154,310.0,-1.709486110909836,-1.709486110909836,0
adam,sea,155,312.0,-1.7095034232733815,-1.7095034232733815,0
adam,sea,156,314.0,-1.7095209108756588,-1.7095209108756588,0
adam,sea,157,316.0,-1.709538660814838,-1.709538660814838,0
adam,sea,158,318.0,-1.7095565458010804,-1.7095565458010804,0
adam,sea,159,320.0,-1.709574655136471,-1.709574655136471,0
adam,sea,160,322.0,-1.7095930235661412,-1.7095930235661412,0
adam,sea,161,324.0,-1.7096116249423892,-1.7096116249423892,0
adam,sea,162,326.0,-1.7096304646357563,-1.7096304646357563,0
adam,sea,163,328.0,-1.7096495434593444,-1.7096495434593444,0
adam,sea,164,330.0,-1.7096688562448208,-1.7096688562448208,0
adam,sea,165,332.0,-1.709688391140491,-1.709688391140491,0
adam,sea,166,334.0,-1.7097082321716386,-1.7097082321716386,0
adam,sea,167,336.0,-1.7097283444647138,-1.7097283444647138,0
adam,sea,168,338.0,-1.7097487067846782,-1.7097487067846782,0
adam,sea,169,340.0,-1.7097694000289096,-1.7097694000289096,0
adam,sea,170,342.0,-1.7097903973819133,-1.7097903973819133,0
adam,sea,171,344.0,-1.709811682843641,-1.709811682843641,0
adam,sea,172,346.0,-1.7098332795871385,-1.7098332795871385,0
adam,sea,173,348.0,-1.7098551806440532,-1.7098551806440532,0
adam,sea,174,350.0,-1.7098774315268586,-1.7098774315268586,0
adam,sea,175,352.0,-1.7099000373111912,-1.7099000373111912,0
adam,sea,176,354.0,-1.7099229868850898,-1.7099229868850898,0
adam,sea,177,356.0,-1.7099463033750102,-1.7099463033750102,0
adam,sea,178,358.0,-1.7099699991520874,-1.7099699991520874,0
adam,sea,179,360.0,-1.7099940794014346,-1.7099940794014346,0
adam,sea,180,362.0,-1.7100185596004625,-1.7100185596004625,0
adam,sea,181,364.0,-1.7100434535062015,-1.7100434535062015,0
adam,sea,182,366.0,-1.7100687626454774,-1.7100687626454774,0
adam,sea,183,368.0,-1.7100945155814347,-1.7100945155814347,0
adam,sea,184,370.0,-1.7101207246647687,-1.7101207246647687,0
adam,sea,185,372.0,-1.7101473886341683,-1.7101473886341683,0
adam,sea,186,374.0,-1.7101745284885257,-1.7101745284885257,0
adam,sea,187,376.0,-1.710202158004784,-1.710202158004784,0
adam,sea,188,378.0,-1.7102302942490957,-1.7102302942490957,0
adam,sea,189,380.0,-1.7102589536627328,-1.7102589536627328,0
adam,sea,190,382.0,-1.7102881462669732,-1.7102881462669732,0
adam,sea,191,384.0,-1.7103178930493959,-1.7103178930493959,0
adam,sea,192,386.0,-1.710348212272516,-1.710348212272516,0
adam,sea,193,388.0,-1.710379116159271,-1.710379116159271,0
adam,sea,194,390.0,-1.7104106210328793,-1.7104106210328793,0
adam,sea,195,392.0,-1.7104427466250816,-1.7104427466250816,0
adam,sea,196,394.0,-1.710475510577967,-1.710475510577967,0
adam,sea,197,396.0,-1.7105089293080453,-1.7105089293080453,0
adam,sea,198,398.0,-1.7105430192659081,-1.7105430192659081,0
adam,sea,199,400.0,-1.7105777982385504,-1.7105777982385504,0
adam,sea,200,402.0,-1.7106132892556065,-1.7106132892556065,0
adam,sea,201,404.0,-1.7106495103825812,-1.7106495103825812,0
adam,sea,202,406.0,-1.7106864786823275,-1.7106864786823275,0
adam,sea,203,408.0,-1.7107242149453914,-1.7107242149453914,0
adam,sea,204,410.0,-1.7107627373410088,-1.7107627373410088,0
adam,sea,205,412.0,-1.7108020651017983,-1.7108020651017983,0
adam,sea,206,414.0,-1.7108422171170108,-1.7108422171170108,0
adam,sea,207,416.0,-1.7108832123921436,-1.7108832123921436,0
adam,sea,208,418.0,-1.7109250704889187,-1.7109250704889187,0
adam,sea,209,420.0,-1.7109678093893093,-1.7109678093893093,0
adam,sea,210,422.0,-1.7110114463291928,-1.7110114463291928,0
adam,sea,211,424.0,-1.7110559981943587,-1.7110559981943587,0
adam,sea,212,426.0,-1.7111014820284776,-1.7111014820284776,0
adam,sea,213,428.0,-1.7111479141465595,-1.7111479141465595,0
adam,sea,214,430.0,-1.711195309415542,-1.711195309415542,0
adam,sea,215,432.0,-1.7112436804568407,-1.7112436804568407,0
adam,sea,216,434.0,-1.7112930393838583,-1.7112930393838583,0
adam,sea,217,436.0,-1.7113433971606435,-1.7113433971606435,0
adam,sea,218,438.0,-1.7113947628052941,-1.7113947628052941,0
adam,sea,219,440.0,-1.7114471440092216,-1.7114471440092216,0
adam,sea,220,442.0,-1.7115005459125936,-1.7115005459125936,0
adam,sea,221,444.0,-1.7115549720701868,-1.7115549720701868,0
adam,sea,222,446.0,-1.7116104237842003,-1.7116104237842003,0
adam,sea,223,448.0,-1.7116668999119773,-1.7116668999119773,0
adam,sea,224,450.0,-1.7117243970817921,-1.7117243970817921,0
adam,sea,225,452.0,-1.711782909050067,-1.711782909050067,0
adam,sea,226,454.0,-1.7118424267282464,-1.7118424267282464,0
adam,sea,227,456.0,-1.711902938346503,-1.711902938346503,0
adam,sea,228,458.0,-1.711964429804044,-1.711964429804044,0
adam,sea,229,460.0,-1.7120268842503408,-1.7120268842503408,0
adam,sea,230,462.0,-1.7120902822963109,-1.7120902822963109,0
adam,sea,231,464.0,-1.7121546022419067,-1.7121546022419067,0
adam,sea,232,466.0,-1.7122198205333197,-1.7122198205333197,0
adam,sea,233,468.0,-1.7122859119201619,-1.7122859119201619,0
adam,sea,234,470.0,-1.712352849666047,-1.712352849666047,0
adam,sea,235,472.0,-1.7124206059125342,-1.7124206059125342,0
adam,sea,236,474.0,-1.7124891519195324,-1.7124891519195324,0
adam,sea,237,476.0,-1.7125584588398266,-1.7125584588398266,0
adam,sea,238,478.0,-1.7126284979516886,-1.7126284979516886,0
adam,sea,239,480.0,-1.7126992411599213,-1.7126992411599213,0
adam,sea,240,482.0,-1.7127706615808518,-1.7127706615808518,0
adam,sea,241,484.0,-1.7128427338885053,-1.7128427338885053,0
adam,sea,242,486.0,-1.7129154347166244,-1.7129154347166244,0
adam,sea,243,488.0,-1.7129887431978024,-1.7129887431978024,0
adam,sea,244,490.0,-1.7130626412696235,-1.7130626412696235,0
adam,sea,245,492.0,-1.7131371138946476,-1.7131371138946476,0
adam,sea,246,494.0,-1.713212149170776,-1.713212149170776,0
adam,sea,247,496.0,-1.7132877382329657,-1.7132877382329657,0
adam,sea,248,498.0,-1.713363875398699,-1.713363875398699,0
adam,sea,249,500.0,-1.7134405580914243,-1.7134405580914243,0
adam,sea,250,502.0,-1.7135177865360374,-1.7135177865360374,0
adam,sea,251,504.0,-1.713595563397852,-1.713595563397852,0
adam,sea,252,506.0,-1.7136738934575746,-1.7136738934575746,0
adam,sea,253,508.0,-1.7137527831742176,-1.7137527831742176,0
adam,sea,254,510.0,-1.7138322401722008,-1.7138322401722008,0
adam,sea,255,512.0,-1.713912272591533,-1.713912272591533,0
adam,sea,256,514.0,-1.7139928884156554,-1.7139928884156554,0
adam,sea,257,516.0,-1.7140740949118465,-1.7140740949118465,0
adam,sea,258,518.0,-1.7141558980013252,-1.7141558980013252,0
adam,sea,259,520.0,-1.7142383015880298,-1.7142383015880298,0
adam,sea,260,522.0,-1.7143213069132193,-1.7143213069132193,0
adam,sea,261,524.0,-1.7144049119261717,-1.7144049119261717,0
adam,sea,262,526.0,-1.7144891106850138,-1.7144891106850138,0
adam,sea,263,528.0,-1.714573892829384,-1.714573892829384,0
adam,sea,264,530.0,-1.714659243099778,-1.714659243099778,0
adam,sea,265,532.0,-1.7147451409633983,-1.7147451409633983,0
adam,sea,266,534.0,-1.7148315602583206,-1.7148315602583206,0
adam,sea,267,536.0,-1.7149184688612158,-1.7149184688612158,0
adam,sea,268,538.0,-1.7150058284822365,-1.7150058284822365,0
adam,sea,269,540.0,-1.71509359459314,-1.71509359459314,0
adam,sea,270,542.0,-1.7151817164248628,-1.7151817164248628,0
adam,sea,271,544.0,-1.7152701370012038,-1.7152701370012038,0
adam,sea,272,546.0,-1.715358793241609,-1.715358793241609,0
adam,sea,273,548.0,-1.7154476161870273,-1.7154476161870273,0
adam,sea,274,550.0,-1.7155365313284296,-1.7155365313284296,0
adam,sea,275,552.0,-1.7156254589623159,-1.7156254589623159,0
adam,sea,276,554.0,-1.7157143145834757,-1.7157143145834757,0
adam,sea,277,556.0,-1.7158030093565122,-1.7158030093565122,0
adam,sea,278,558.0,-1.7158914506703944,-1.7158914506703944,0
adam,sea,279,560.0,-1.7159795427414435,-1.7159795427414435,0
adam,sea,280,562.0,-1.7160671872448348,-1.7160671872448348,0
adam,sea,281,564.0,-1.7161542839738464,-1.7161542839738464,0
adam,sea,282,566.0,-1.716240731527557,-1.716240731527557,0
adam,sea,283,568.0,-1.716326428018784,-1.716326428018784,0
adam,sea,284,570.0,-1.716411271807694,-1.716411271807694,0
adam,sea,285,572.0,-1.7164951622525724,-1.7164951622525724,0
adam,sea,286,574.0,-1.7165780004518307,-1.7165780004518307,0
adam,sea,287,576.0,-1.716659689967967,-1.716659689967967,0
adam,sea,288,578.0,-1.7167401375483895,-1.7167401375483895,0
adam,sea,289,580.0,-1.7168192538441238,-1.7168192538441238,0
adam,sea,290,582.0,-1.7168969540925139,-1.7168969540925139,0
adam,sea,291,584.0,-1.7169731587421069,-1.7169731587421069,0
adam,sea,292,586.0,-1.7170477940269389,-1.7170477940269389,0
adam,sea,293,588.0,-1.7171207924976923,-1.7171207924976923,0
adam,sea,294,590.0,-1.7171920934868357,-1.7171920934868357,0
adam,sea,295,592.0,-1.717261643482906,-1.717261643482906,0
adam,sea,296,594.0,-1.717329396410681,-1.717329396410681,0
adam,sea,297,596.0,-1.7173953138225366,-1.7173953138225366,0
adam,sea,298,598.0,-1.7174593649963226,-1.7174593649963226,0
adam,sea,299,600.0,-1.71752152693587,-1.71752152693587,0
adam,sea,300,602.0,-1.7175817842754273,-1.7175817842754273,0
adam,sea,301,604.0,-1.7176401290933359,-1.7176401290933359,0
adam,sea,302,606.0,-1.7176965606401646,-1.7176965606401646,0
adam,sea,303,608.0,-1.717751084994738,-1.717751084994738,0
adam,sea,304,610.0,-1.7178037146608574,-1.7178037146608574,0
adam,sea,305,612.0,-1.7178544681121566,-1.7178544681121566,0
adam,sea,306,614.0,-1.7179033692964034,-1.7179033692964034,0
adam,sea,307,616.0,-1.7179504471183513,-1.7179504471183513,0
adam,sea,308,618.0,-1.7179957349150152,-1.7179957349150152,0
adam,sea,309,620.0,-1.7180392699318585,-1.7180392699318585,0
adam,sea,310,622.0,-1.7180810928087416,-1.7180810928087416,0
adam,sea,311,624.0,-1.7181212470879013,-1.7181212470879013,0
adam,sea,312,626.0,-1.7181597787498168,-1.7181597787498168,0
adam,sea,313,628.0,-1.7181967357763557,-1.7181967357763557,0
adam,sea,314,630.0,-1.7182321677446275,-1.7182321677446275,0
adam,sea,315,632.0,-1.718266125455871,-1.718266125455871,0
adam,sea,316,634.0,-1.7182986605983406,-1.7182986605983406,0
adam,sea,317,636.0,-1.7183298254372827,-1.7183298254372827,0
adam,sea,318,638.0,-1.718359672530654,-1.718359672530654,0
adam,sea,319,640.0,-1.7183882544701792,-1.7183882544701792,0
adam,sea,320,642.0,-1.7184156236445471,-1.7184156236445471,0
adam,sea,321,644.0,-1.7184418320213666,-1.7184418320213666,0
adam,sea,322,646.0,-1.7184669309455898,-1.7184669309455898,0
adam,sea,323,648.0,-1.7184909709562157,-1.7184909709562157,0
adam,sea,324,650.0,-1.7185140016178995,-1.7185140016178995,0
adam,sea,325,652.0,-1.7185360713685822,-1.7185360713685822,0
adam,sea,326,654.0,-1.7185572273829584,-1.7185572273829584,0
adam,sea,327,656.0,-1.7185775154537126,-1.7185775154537126,0
adam,sea,328,658.0,-1.7185969798893297,-1.7185969798893297,0
adam,sea,329,660.0,-1.718615663429066,-1.718615663429066,0
adam,sea,330,662.0,-1.7186336071758763,-1.7186336071758763,0
adam,sea,331,664.0,-1.7186508505463909,-1.7186508505463909,0
adam,sea,332,666.0,-1.7186674312382384,-1.7186674312382384,0
adam,sea,333,668.0,-1.7186833852131667,-1.7186833852131667,0
adam,sea,334,670.0,-1.7186987466968573,-1.7186987466968573,0
adam,sea,335,672.0,-1.7187135481912386,-1.7187135481912386,0
adam,sea,336,674.0,-1.7187278204997787,-1.7187278204997787,0
adam,sea,337,676.0,-1.7187415927619674,-1.7187415927619674,0
adam,sea,338,678.0,-1.7187548924989002,-1.7187548924989002,0
adam,sea,339,680.0,-1.718767745663798,-1.718767745663798,0
adam,sea,340,682.0,-1.7187801767003545,-1.7187801767003545,0
adam,sea,341,684.0,-1.7187922086018683,-1.7187922086018683,0
adam,sea,342,686.0,-1.7188038629773645,-1.7188038629773645,0
adam,sea,343,688.0,-1.7188151601137092,-1.7188151601137092,0
adam,sea,344,690.0,-1.7188261190451326,-1.7188261190451326,0
adam,sea,345,692.0,-1.7188367576128285,-1.7188367576128285,0
adam,sea,346,694.0,-1.7188470925369932,-1.7188470925369932,0
adam,sea,347,696.0,-1.7188571394690393,-1.7188571394690393,0
adam,sea,348,698.0,-1.7188669130680598,-1.7188669130680598,0
adam,sea,349,700.0,-1.718876427037794,-1.718876427037794,0
adam,sea,350,702.0,-1.7188856942158641,-1.7188856942158641,0
adam,sea,351,704.0,-1.7188947265801102,-1.7188947265801102,0
adam,sea,352,706.0,-1.7189035353716504,-1.7189035353716504,0
adam,sea,353,708.0,-1.7189121310309452,-1.7189121310309452,0
adam,sea,354,710.0,-1.7189205234010974,-1.7189205234010974,0
adam,sea,355,712.0,-1.7189287214748588,-1.7189287214748588,0
adam,sea,356,714.0,-1.7189367337445898,-1.7189367337445898,0
adam,sea,357,716.0,-1.7189445672778696,-1.7189445672778696,0
adam,sea,358,718.0,-1.7189522278862215,-1.7189522278862215,0
adam,sea,359,720.0,-1.7189597156408292,-1.7189597156408292,0
adam,sea,360,722.0,-1.7189670190452015,-1.7189670190452015,0
adam,sea,361,724.0,-1.718974083133079,-1.718974083133079,0
adam,sea,362,726.0,-1.7189807301591877,-1.7189807301591877,0
adam,sea,363,728.0,-1.718986363162355,-1.718986363162355,0
adam,sea,364,730.0,-1.7189890538865618,-1.7189890538865618,0
adam,sea,365,732.0,-1.718982372745453,-1.718982372745453,0
adam,sea,366,734.0,-1.718944878010022,-1.718944878010022,0
adam,sea,367,736.0,-1.7188043131304307,-1.7188043131304307,0
adam,sea,368,738.0,-1.718323887725179,-1.718323887725179,0
adam,sea,369,740.0,-1.7168111433302828,-1.7168111433302828,0
adam,sea,370,742.0,-1.713047995382098,-1.713047995382098,0
adam,sea,371,744.0,-1.7085241664818334,-1.7085241664818334,0
adam,sea,372,746.0,-1.7115924671290679,-1.7115924671290679,0
adam,sea,373,748.0,-1.718698517131384,-1.718698517131384,0
adam,sea,374,750.0,-1.7159037289537957,-1.7159037289537957,0
adam,sea,375,752.0,-1.7128599505976554,-1.7128599505976554,0
adam,sea,376,754.0,-1.718058742134307,-1.718058742134307,0
adam,sea,377,756.0,-1.7174728337554788,-1.7174728337554788,0
adam,sea,378,758.0,-1.7147079513995962,-1.7147079513995962,0
adam,sea,379,760.0,-1.7184713196783523,-1.7184713196783523,0
adam,sea,380,762.0,-1.7176391383484255,-1.7176391383484255,0
adam,sea,381,764.0,-1.7161153435667473,-1.7161153435667473,0
adam,sea,382,766.0,-1.7189431724334223,-1.7189431724334223,0
adam,sea,383,768.0,-1.7175264169761755,-1.7175264169761755,0
adam,sea,384,770.0,-1.7173078914189128,-1.7173078914189128,0
adam,sea,385,772.0,-1.7190893196289487,-1.7190893196289487,0
adam,sea,386,774.0,-1.7175362123490416,-1.7175362123490416,0
adam,sea,387,776.0,-1.718265724402762,-1.718265724402762,0
adam,sea,388,778.0,-1.718926623546907,-1.718926623546907,0
adam,sea,389,780.0,-1.7177997404000436,-1.7177997404000436,0
adam,sea,390,782.0,-1.7188743822522399,-1.7188743822522399,0
adam,sea,391,784.0,-1.7186801767167061,-1.7186801767167061,0
adam,sea,392,786.0,-1.7182390588923937,-1.7182390588923937,0
adam,sea,393,788.0,-1.7191124469173866,-1.7191124469173866,0
adam,sea,394,790.0,-1.718546013635205,-1.718546013635205,0
adam,sea,395,792.0,-1.7186811174528982,-1.7186811174528982,0
adam,sea,396,794.0,-1.7191044349288485,-1.7191044349288485,0
adam,sea,397,796.0,-1.7185876909155617,-1.7185876909155617,0
adam,sea,398,798.0,-1.7189894470832783,-1.7189894470832783,0
adam,sea,399,800.0,-1.719011055834654,-1.719011055834654,0
adam,sea,400,802.0,-1.7187474093304567,-1.7187474093304567,0
adam,sea,401,804.0,-1.7191369391285727,-1.7191369391285727,0
adam,sea,402,806.0,-1.718948620328677,-1.718948620328677,0
adam,sea,403,808.0,-1.718930744578275,-1.718930744578275,0
adam,sea,404,810.0,-1.7191686014589458,-1.7191686014589458,0
adam,sea,405,812.0,-1.7189513574996844,-1.7189513574996844,0
adam,sea,406,814.0,-1.719074119033269,-1.719074119033269,0
adam,sea,407,816.0,-1.7191522011843117,-1.7191522011843117,0
adam,sea,408,818.0,-1.7190035361939844,-1.7190035361939844,0
adam,sea,409,820.0,-1.7191595033055511,-1.7191595033055511,0
adam,sea,410,822.0,-1.7191333267011617,-1.7191333267011617,0
adam,sea,411,824.0,-1.7190726378234853,-1.7190726378234853,0
adam,sea,412,826.0,-1.7191987859061175,-1.7191987859061175,0
adam,sea,413,828.0,-1.7191314229830283,-1.7191314229830283,0
adam,sea,414,830.0,-1.7191360569529592,-1.7191360569529592,0
adam,sea,415,832.0,-1.7192127789696023,-1.7192127789696023,0
adam,sea,416,834.0,-1.7191457991345178,-1.7191457991345178,0
adam,sea,417,836.0,-1.7191835694476616,-1.7191835694476616,0
adam,sea,418,838.0,-1.7192175496595063,-1.7192175496595063,0
adam,sea,419,840.0,-1.719169354652945,-1.719169354652945,0
adam,sea,420,842.0,-1.7192157903709349,-1.7192157903709349,0
adam,sea,421,844.0,-1.7192222232666952,-1.7192222232666952,0
adam,sea,422,846.0,-1.7191951311395703,-1.7191951311395703,0
adam,sea,423,848.0,-1.7192367159700275,-1.7192367159700275,0
adam,sea,424,850.0,-1.7192295112762037,-1.7192295112762037,0
adam,sea,425,852.0,-1.7192187985394702,-1.7192187985394702,0
adam,sea,426,854.0,-1.7192509857929479,-1.7192509857929479,0
adam,sea,427,856.0,-1.7192394479006259,-1.7192394479006259,0
adam,sea,428,858.0,-1.7192390415183372,-1.7192390415183372,0
adam,sea,429,860.0,-1.7192619560653235,-1.7192619560653235,0
adam,sea,430,862.0,-1.7192508944288534,-1.7192508944288534,0
adam,sea,431,864.0,-1.7192557642536985,-1.7192557642536985,0
adam,sea,432,866.0,-1.7192714286954665,-1.7192714286954665,0
adam,sea,433,868.0,-1.719262727495353,-1.719262727495353,0
adam,sea,434,870.0,-1.719269654195858,-1.719269654195858,0
adam,sea,435,872.0,-1.7192803721764627,-1.7192803721764627,0
adam,sea,436,874.0,-1.719274321160788,-1.719274321160788,0
adam,sea,437,876.0,-1.7192815276367266,-1.7192815276367266,0
adam,sea,438,878.0,-1.7192891146027718,-1.7192891146027718,0
adam,sea,439,880.0,-1.7192853201201028,-1.7192853201201028,0
adam,sea,440,882.0,-1.7192919616518416,-1.7192919616518416,0
adam,sea,441,884.0,-1.719297679918436,-1.719297679918436,0
adam,sea,442,886.0,-1.7192955928906837,-1.7192955928906837,0
adam,sea,443,888.0,-1.7193013937597021,-1.7193013937597021,0
adam,sea,444,890.0,-1.7193060429105556,-1.7193060429105556,0
adam,sea,445,892.0,-1.7193051830829558,-1.7193051830829558,0
adam,sea,446,894.0,-1.7193101281721965,-1.7193101281721965,0
adam,sea,447,896.0,-1.7193141717210478,-1.7193141717210478,0
adam,sea,448,898.0,-1.7193141681468733,-1.7193141681468733,0
adam,sea,449,900.0,-1.7193183465874808,-1.7193183465874808,0
adam,sea,450,902.0,-1.7193220282179573,-1.7193220282179573,0
adam,sea,451,904.0,-1.7193226228125256,-1.7193226228125256,0
adam,sea,452,906.0,-1.7193261531921007,-1.7193261531921007,0
adam,sea,453,908.0,-1.7193295906631527,-1.7193295906631527,0
adam,sea,454,910.0,-1.719330616018946,-1.719330616018946,0
adam,sea,455,912.0,-1.7193336182063677,-1.7193336182063677,0
adam,sea,456,914.0,-1.719336859286421,-1.719336859286421,0
adam,sea,457,916.0,-1.7193382079272121,-1.7193382079272121,0
adam,sea,458,918.0,-1.7193407923259314,-1.7193407923259314,0
adam,sea,459,920.0,-1.7193438466723436,-1.7193438466723436,0
adam,sea,460,922.0,-1.719345446233921,-1.719345446233921,0
adam,sea,461,924.0,-1.7193477124820655,-1.7193477124820655,0
adam,sea,462,926.0,-1.7193505721133342,-1.7193505721133342,0
adam,sea,463,928.0,-1.7193523673809983,-1.7193523673809983,0
adam,sea,464,930.0,-1.71935440516761,-1.71935440516761,0
adam,sea,465,932.0,-1.7193570583278468,-1.7193570583278468,0
adam,sea,466,934.0,-1.7193589989209854,-1.7193589989209854,0
adam,sea,467,936.0,-1.7193608874887465,-1.7193608874887465,0
adam,sea,468,938.0,-1.7193633268265136,-1.7193633268265136,0
adam,sea,469,940.0,-1.7193653587100186,-1.7193653587100186,0
adam,sea,470,942.0,-1.7193671613808224,-1.7193671613808224,0
adam,sea,471,944.0,-1.719369384285068,-1.719369384285068,0
adam,sea,472,946.0,-1.7193714381631375,-1.7193714381631375,0
adam,sea,473,948.0,-1.7193731801208927,-1.7193731801208927,0
adam,sea,474,950.0,-1.7193751596875244,-1.7193751596875244,0
adam,sea,475,952.0,-1.7193770990315815,-1.7193770990315815,0
adam,sea,476,954.0,-1.719378665535213,-1.719378665535213,0
adam,sea,477,956.0,-1.7193801741317625,-1.7193801741317625,0
adam,sea,478,958.0,-1.7193814814897528,-1.7193814814897528,0
adam,sea,479,960.0,-1.7193820257772061,-1.7193820257772061,0
adam,sea,480,962.0,-1.7193815269538253,-1.7193815269538253,0
adam,sea,481,964.0,-1.719379240836005,-1.719379240836005,0
adam,sea,482,966.0,-1.7193732334256275,-1.7193732334256275,0
adam,sea,483,968.0,-1.7193603057033933,-1.7193603057033933,0
adam,sea,484,970.0,-1.7193342611341569,-1.7193342611341569,0
adam,sea,485,972.0,-1.7192828344247686,-1.7192828344247686,0
adam,sea,486,974.0,-1.719181456095477,-1.719181456095477,0
adam,sea,487,976.0,-1.7189847447942659,-1.7189847447942659,0
adam,sea,488,978.0,-1.718601807753516,-1.718601807753516,0
adam,sea,489,980.0,-1.7178855947502405,-1.7178855947502405,0
adam,sea,490,982.0,-1.7165845267882698,-1.7165845267882698,0
adam,sea,491,984.0,-1.7145520222725321,-1.7145520222725321,0
adam,sea,492,986.0,-1.7119185285997272,-1.7119185285997272,0
adam,sea,493,988.0,-1.710353519614981,-1.710353519614981,0
adam,sea,494,990.0,-1.7115667086138269,-1.7115667086138269,0
adam,sea,495,992.0,-1.7158754423635356,-1.7158754423635356,0
adam,sea,496,994.0,-1.7191640506387966,-1.7191640506387966,0
adam,sea,497,996.0,-1.7185955209433736,-1.7185955209433736,0
adam,sea,498,998.0,-1.7159438044715658,-1.7159438044715658,0
adam,sea,499,1000.0,-1.7150938707816223,-1.7150938707816223,0
adam,pretrained,0,,2.704794492469404,,0
adam,pretrained,1,,1.9571954875901125,,0
adam,pretrained,2,,1.440069113316016,,0
adam,pretrained,3,,0.875656397508383,,0
adam,pretrained,4,,0.32494441672484525,,0
adam,pretrained,5,,-0.05299827137021355,,0
adam,pretrained,6,,-0.2727517395302217,,0
adam,pretrained,7,,-0.4007835332887944,,0
adam,pretrained,8,,-0.4701053405892946,,0
adam,pretrained,9,,-0.5173457231675637,,0
adam,pretrained,10,,-0.549240724900986,,0
adam,pretrained,11,,-0.6163650793421047,,0
adam,pretrained,12,,-0.7221269788747124,,0
adam,pretrained,13,,-0.8175069764057727,,0
adam,pretrained,14,,-0.8818489561859334,,0
adam,pretrained,15,,-0.9209692149771072,,0
adam,pretrained,16,,-0.9458241787261715,,0
adam,pretrained,17,,-0.9538329386438144,,0
adam,pretrained,18,,-0.9456292353680149,,0
adam,pretrained,19,,-0.9407925250524383,,0
adam,pretrained,20,,-0.9480919861070154,,0
adam,pretrained,21,,-0.9672917998034031,,0
adam,pretrained,22,,-0.9867475830943648,,0
adam,pretrained,23,,-1.0008591716755024,,0
adam,pretrained,24,,-1.018331344728714,,0
adam,pretrained,25,,-1.0418132228284978,,0
adam,pretrained,26,,-1.0659462214588509,,0
adam,pretrained,27,,-1.0877694051073388,,0
adam,pretrained,28,,-1.109987884862496,,0
adam,pretrained,29,,-1.1311381859537715,,0
adam,pretrained,30,,-1.1526743119135239,,0
adam,pretrained,31,,-1.1821929490893697,,0
adam,pretrained,32,,-1.2233152595468797,,0
adam,pretrained,33,,-1.2720763538838795,,0
adam,pretrained,34,,-1.3221177177170984,,0
adam,pretrained,35,,-1.3689276391927234,,0
adam,pretrained,36,,-1.407711118416136,,0
adam,pretrained,37,,-1.4382157891873355,,0
adam,pretrained,38,,-1.464788850533306,,0
adam,pretrained,39,,-1.4937131485969408,,0
adam,pretrained,40,,-1.5227477241592946,,0
adam,pretrained,41,,-1.5482702100820545,,0
adam,pretrained,42,,-1.568497274205198,,0
adam,pretrained,43,,-1.5850704270964964,,0
adam,pretrained,44,,-1.6019878743059508,,0
adam,pretrained,45,,-1.6191531037032987,,0
adam,pretrained,46,,-1.6328683863319822,,0
adam,pretrained,47,,-1.6424635696559,,0
adam,pretrained,48,,-1.6502747579597845,,0
adam,pretrained,49,,-1.6588719100826752,,0
adam,pretrained,50,,-1.6698909553295316,,0
adam,pretrained,51,,-1.6806084773834846,,0
adam,pretrained,52,,-1.6865005264275603,,0
adam,pretrained,53,,-1.6903246458719483,,0
adam,pretrained,54,,-1.6933546770839083,,0
adam,pretrained,55,,-1.697036436257594,,0
adam,pretrained,56,,-1.700294051362968,,0
adam,pretrained,57,,-1.7012000612945286,,0
adam,pretrained,58,,-1.7021243742816425,,0
adam,pretrained,59,,-1.702252100084817,,0
adam,pretrained,60,,-1.7028502568516772,,0
adam,pretrained,61,,-1.7033944137788215,,0
adam,pretrained,62,,-1.7031601812226471,,0
adam,pretrained,63,,-1.7042392598598168,,0
adam,pretrained,64,,-1.705079802696111,,0
adam,pretrained,65,2.0,2.5190275308144847,2.5190275308144847,1
adam,pretrained,66,4.0,1.973886052120735,1.973886052120735,0
adam,pretrained,67,6.0,1.5094677795084752,1.5094677795084752,0
adam,pretrained,68,8.0,1.1781106076638974,1.1781106076638974,0
adam,pretrained,69,10.0,0.8671243234889893,0.8671243234889893,0
adam,pretrained,70,12.0,0.5428208286912486,0.5428208286912486,0
adam,pretrained,71,14.0,0.2199741635358163,0.2199741635358163,0
adam,pretrained,72,16.0,-0.0661171266853416,-0.0661171266853416,0
adam,pretrained,73,18.0,-0.23495507495105578,-0.23495507495105578,0
adam,pretrained,74,20.0,-0.269449455212037,-0.269449455212037,0
adam,pretrained,75,22.0,-0.27684755281413415,-0.27684755281413415,0
adam,pretrained,76,24.0,-0.3277950357036918,-0.3277950357036918,0
adam,pretrained,77,26.0,-0.40164433181199155,-0.40164433181199155,0
adam,pretrained,78,28.0,-0.4644738578972339,-0.4644738578972339,0
adam,pretrained,79,30.0,-0.50770538259022,-0.50770538259022,0
adam,pretrained,80,32.0,-0.525474630179492,-0.525474630179492,0
adam,pretrained,81,34.0,-0.5258733609857731,-0.5258733609857731,0
adam,pretrained,82,36.0,-0.5369318000195131,-0.5369318000195131,0
adam,pretrained,83,38.0,-0.5721768188985376,-0.5721768188985376,0
adam,pretrained,84,40.0,-0.6162807489043969,-0.6162807489043969,0
adam,pretrained,85,42.0,-0.6486210207470119,-0.6486210207470119,0
adam,pretrained,86,44.0,-0.666027416669877,-0.666027416669877,0
adam,pretrained,87,46.0,-0.6803675092014765,-0.6803675092014765,0
adam,pretrained,88,48.0,-0.7035658102110454,-0.7035658102110454,0
adam,pretrained,89,50.0,-0.7390098427612025,-0.7390098427612025,0
adam,pretrained,90,52.0,-0.7843708232339544,-0.7843708232339544,0
adam,pretrained,91,54.0,-0.8386574601838838,-0.8386574601838838,0
adam,pretrained,92,56.0,-0.9024251894639744,-0.9024251894639744,0
adam,pretrained,93,58.0,-0.9732184630341852,-0.9732184630341852,0
adam,pretrained,94,60.0,-1.044093092934035,-1.044093092934035,0
adam,pretrained,95,62.0,-1.1074291320997902,-1.1074291320997902,0
adam,pretrained,96,64.0,-1.1598568310375403,-1.1598568310375403,0
adam,pretrained,97,66.0,-1.2022737284273184,-1.2022737284273184,0
adam,pretrained,98,68.0,-1.2358799292570932,-1.2358799292570932,0
adam,pretrained,99,70.0,-1.2608965898265838,-1.2608965898265838,0
adam,pretrained,100,72.0,-1.278240211270161,-1.278240211270161,0
adam,pretrained,101,74.0,-1.2883200092901765,-1.2883200092901765,0
adam,pretrained,102,76.0,-1.2909079272108848,-1.2909079272108848,0
adam,pretrained,103,78.0,-1.289116491671075,-1.289116491671075,0
adam,pretrained,104,80.0,-1.2878595070938463,-1.2878595070938463,0
adam,pretrained,105,82.0,-1.2885718482947355,-1.2885718482947355,0
adam,pretrained,106,84.0,-1.2902449609264592,-1.2902449609264592,0
adam,pretrained,107,86.0,-1.2935307359649153,-1.2935307359649153,0
adam,pretrained,108,88.0,-1.3001325675602518,-1.3001325675602518,0
adam,pretrained,109,90.0,-1.309077737278275,-1.309077737278275,0
adam,pretrained,110,92.0,-1.3167775988519834,-1.3167775988519834,0
adam,pretrained,111,94.0,-1.321269545537481,-1.321269545537481,0
adam,pretrained,112,96.0,-1.3240412284281082,-1.3240412284281082,0
adam,pretrained,113,98.0,-1.327126950196459,-1.327126950196459,0
adam,pretrained,114,100.0,-1.3308389984621192,-1.3308389984621192,0
adam,pretrained,115,102.0,-1.334897688313837,-1.334897688313837,0
adam,pretrained,116,104.0,-1.3397010295824943,-1.3397010295824943,0
adam,pretrained,117,106.0,-1.3451818378250961,-1.3451818378250961,0
adam,pretrained,118,108.0,-1.350056923040089,-1.350056923040089,0
adam,pretrained,119,110.0,-1.3530745812387175,-1.3530745812387175,0
adam,pretrained,120,112.0,-1.3541392907422787,-1.3541392907422787,0
adam,pretrained,121,114.0,-1.3539510583037302,-1.3539510583037302,0
adam,pretrained,122,116.0,-1.3535436927727067,-1.3535436927727067,0
adam,pretrained,123,118.0,-1.3539895782168683,-1.3539895782168683,0
adam,pretrained,124,120.0,-1.35538392348065,-1.35538392348065,0
adam,pretrained,125,122.0,-1.3566238026788902,-1.3566238026788902,0
adam,pretrained,126,124.0,-1.3571256924071509,-1.3571256924071509,0
adam,pretrained,127,126.0,-1.3577728029559228,-1.3577728029559228,0
adam,pretrained,128,128.0,-1.3592992577568828,-1.3592992577568828,0
adam,pretrained,129,130.0,-1.3609781255917064,-1.3609781255917064,0
adam,pretrained,130,132.0,-1.3618984584760736,-1.3618984584760736,0
adam,pretrained,131,134.0,-1.3623667741104148,-1.3623667741104148,0
adam,pretrained,132,136.0,-1.3631292077728296,-1.3631292077728296,0
adam,pretrained,133,138.0,-1.3642888810642606,-1.3642888810642606,0
adam,pretrained,134,140.0,-1.365636474102533,-1.365636474102533,0
adam,pretrained,135,142.0,-1.367029158826232,-1.367029158826232,0
adam,pretrained,136,144.0,-1.3681086378716152,-1.3681086378716152,0
adam,pretrained,137,146.0,-1.3684843638284785,-1.3684843638284785,0
adam,pretrained,138,148.0,-1.3683754422095111,-1.3683754422095111,0
adam,pretrained,139,150.0,-1.3684492897578096,-1.3684492897578096,0
adam,pretrained,140,152.0,-1.3689600798735753,-1.3689600798735753,0
adam,pretrained,141,154.0,-1.369558898080021,-1.369558898080021,0
adam,pretrained,142,156.0,-1.3699687389008748,-1.3699687389008748,0
adam,pretrained,143,158.0,-1.3703674926807536,-1.3703674926807536,0
adam,pretrained,144,160.0,-1.3710208351137017,-1.3710208351137017,0
adam,pretrained,145,162.0,-1.371911195841201,-1.371911195841201,0
adam,pretrained,146,164.0,-1.3728761221188661,-1.3728761221188661,0
adam,pretrained,147,166.0,-1.3738630601521367,-1.3738630601521367,0
adam,pretrained,148,168.0,-1.3749298618913686,-1.3749298618913686,0
adam,pretrained,149,170.0,-1.3761635759487074,-1.3761635759487074,0
adam,pretrained,150,172.0,-1.377660547790224,-1.377660547790224,0
adam,pretrained,151,174.0,-1.3795044464323125,-1.3795044464323125,0
adam,pretrained,152,176.0,-1.3817547137756643,-1.3817547137756643,0
adam,pretrained,153,178.0,-1.3844819328103664,-1.3844819328103664,0
adam,pretrained,154,180.0,-1.3877982656111558,-1.3877982656111558,0
adam,pretrained,155,182.0,-1.3918649523880455,-1.3918649523880455,0
adam,pretrained,156,184.0,-1.396914920110726,-1.396914920110726,0
adam,pretrained,157,186.0,-1.4032572275929307,-1.4032572275929307,0
adam,pretrained,158,188.0,-1.4112550166243445,-1.4112550166243445,0
adam,pretrained,159,190.0,-1.4213507951864313,-1.4213507951864313,0
adam,pretrained,160,192.0,-1.4341005302908392,-1.4341005302908392,0
adam,pretrained,161,194.0,-1.450115853886088,-1.450115853886088,0
adam,pretrained,162,196.0,-1.4699475878745807,-1.4699475878745807,0
adam,pretrained,163,198.0,-1.4939615931734032,-1.4939615931734032,0
adam,pretrained,164,200.0,-1.5221241198634319,-1.5221241198634319,0
adam,pretrained,165,202.0,-1.5536409964177367,-1.5536409964177367,0
adam,pretrained,166,204.0,-1.5866698737368863,-1.5866698737368863,0
adam,pretrained,167,206.0,-1.6185603718779018,-1.6185603718779018,0
adam,pretrained,168,208.0,-1.6467269220615577,-1.6467269220615577,0
adam,pretrained,169,210.0,-1.6692723864585859,-1.6692723864585859,0
adam,pretrained,170,212.0,-1.6847397598450662,-1.6847397598450662,0
adam,pretrained,171,214.0,-1.6926792934446486,-1.6926792934446486,0
adam,pretrained,172,216.0,-1.6951947514521546,-1.6951947514521546,0
adam,pretrained,173,218.0,-1.6950845546254683,-1.6950845546254683,0
adam,pretrained,174,220.0,-1.6926712995467923,-1.6926712995467923,0
adam,pretrained,175,222.0,-1.6881618630763309,-1.6881618630763309,0
adam,pretrained,176,224.0,-1.682898355031381,-1.682898355031381,0
adam,pretrained,177,226.0,-1.6771498363590243,-1.6771498363590243,0
adam,pretrained,178,228.0,-1.6722440640307008,-1.6722440640307008,0
adam,pretrained,179,230.0,-1.6699944509238585,-1.6699944509238585,0
adam,pretrained,180,232.0,-1.670266366416568,-1.670266366416568,0
adam,pretrained,181,234.0,-1.6730432701860698,-1.6730432701860698,0
adam,pretrained,182,236.0,-1.6777498373926067,-1.6777498373926067,0
adam,pretrained,183,238.0,-1.6828980709034322,-1.6828980709034322,0
adam,pretrained,184,240.0,-1.6881879229401953,-1.6881879229401953,0
adam,pretrained,185,242.0,-1.6933783120199817,-1.6933783120199817,0
adam,pretrained,186,244.0,-1.6978276413455116,-1.6978276413455116,0
adam,pretrained,187,246.0,-1.7015216581947155,-1.7015216581947155,0
adam,pretrained,188,248.0,-1.7043349864276123,-1.7043349864276123,0
adam,pretrained,189,250.0,-1.7059102509065123,-1.7059102509065123,0
adam,pretrained,190,252.0,-1.7064127323766356,-1.7064127323766356,0
adam,pretrained,191,254.0,-1.7061648253391553,-1.7061648253391553,0
adam,pretrained,192,256.0,-1.7053323809994427,-1.7053323809994427,0
adam,pretrained,193,258.0,-1.7041993040090286,-1.7041993040090286,0
adam,pretrained,194,260.0,-1.7030033922670822,-1.7030033922670822,0
adam,pretrained,195,262.0,-1.7018876792530286,-1.7018876792530286,0
adam,pretrained,196,264.0,-1.7011746073268132,-1.7011746073268132,0
adam,pretrained,197,266.0,-1.701107621745106,-1.701107621745106,0
adam,pretrained,198,268.0,-1.7016048493326459,-1.7016048493326459,0
adam,pretrained,199,270.0,-1.7024746918250606,-1.7024746918250606,0
adam,pretrained,200,272.0,-1.7034883928091018,-1.7034883928091018,0
adam,pretrained,201,274.0,-1.7044222289229123,-1.7044222289229123,0
adam,pretrained,202,276.0,-1.7052194639833849,-1.7052194639833849,0
adam,pretrained,203,278.0,-1.7059358438843963,-1.7059358438843963,0
adam,pretrained,204,280.0,-1.7066017904683453,-1.7066017904683453,0
adam,pretrained,205,282.0,-1.707181186032058,-1.707181186032058,0
adam,pretrained,206,284.0,-1.707575922517394,-1.707575922517394,0
adam,pretrained,207,286.0,-1.70771307295522,-1.70771307295522,0
adam,pretrained,208,288.0,-1.7076191480303748,-1.7076191480303748,0
adam,pretrained,209,290.0,-1.7073906345866832,-1.7073906345866832,0
adam,pretrained,210,292.0,-1.7071525960536589,-1.7071525960536589,0
adam,pretrained,211,294.0,-1.7070011639359124,-1.7070011639359124,0
adam,pretrained,212,296.0,-1.7069445332559603,-1.7069445332559603,0
adam,pretrained,213,298.0,-1.7069520521058532,-1.7069520521058532,0
adam,pretrained,214,300.0,-1.7070183539828114,-1.7070183539828114,0
adam,pretrained,215,302.0,-1.7071384367422242,-1.7071384367422242,0
adam,pretrained,216,304.0,-1.7073049823011837,-1.7073049823011837,0
adam,pretrained,217,306.0,-1.7075232412685093,-1.7075232412685093,0
adam,pretrained,218,308.0,-1.707770945187722,-1.707770945187722,0
adam,pretrained,219,310.0,-1.7080028485874836,-1.7080028485874836,0
adam,pretrained,220,312.0,-1.7081972072444187,-1.7081972072444187,0
adam,pretrained,221,314.0,-1.708348241425412,-1.708348241425412,0
adam,pretrained,222,316.0,-1.7084522421773254,-1.7084522421773254,0
adam,pretrained,223,318.0,-1.7085137293630208,-1.7085137293630208,0
adam,pretrained,224,320.0,-1.7085380531572065,-1.7085380531572065,0
adam,pretrained,225,322.0,-1.7085318616409833,-1.7085318616409833,0
adam,pretrained,226,324.0,-1.708509906023748,-1.708509906023748,0
adam,pretrained,227,326.0,-1.7084886846350924,-1.7084886846350924,0
adam,pretrained,228,328.0,-1.7084789550909036,-1.7084789550909036,0
adam,pretrained,229,330.0,-1.708481423284936,-1.708481423284936,0
adam,pretrained,230,332.0,-1.708491838020271,-1.708491838020271,0
adam,pretrained,231,334.0,-1.708509216827099,-1.708509216827099,0
adam,pretrained,232,336.0,-1.7085331229902254,-1.7085331229902254,0
adam,pretrained,233,338.0,-1.7085643773076513,-1.7085643773076513,0
adam,pretrained,234,340.0,-1.7086030025561545,-1.7086030025561545,0
adam,pretrained,235,342.0,-1.7086402903365663,-1.7086402903365663,0
adam,pretrained,236,344.0,-1.7086669942404673,-1.7086669942404673,0
adam,pretrained,237,346.0,-1.7086806597270003,-1.7086806597270003,0
adam,pretrained,238,348.0,-1.7086821942075034,-1.7086821942075034,0
adam,pretrained,239,350.0,-1.7086773048966422,-1.7086773048966422,0
adam,pretrained,240,352.0,-1.7086724499800199,-1.7086724499800199,0
adam,pretrained,241,354.0,-1.7086685444120029,-1.7086685444120029,0
adam,pretrained,242,356.0,-1.708665160787035,-1.708665160787035,0
adam,pretrained,243,358.0,-1.7086628543185924,-1.7086628543185924,0
adam,pretrained,244,360.0,-1.7086624232590015,-1.7086624232590015,0
adam,pretrained,245,362.0,-1.7086655673248003,-1.7086655673248003,0
adam,pretrained,246,364.0,-1.7086728929917965,-1.7086728929917965,0
adam,pretrained,247,366.0,-1.7086832416417779,-1.7086832416417779,0
adam,pretrained,248,368.0,-1.7086946909146465,-1.7086946909146465,0
adam,pretrained,249,370.0,-1.7087054425378903,-1.7087054425378903,0
adam,pretrained,250,372.0,-1.7087148527848943,-1.7087148527848943,0
adam,pretrained,251,374.0,-1.7087225601916995,-1.7087225601916995,0
adam,pretrained,252,376.0,-1.7087282572334574,-1.7087282572334574,0
adam,pretrained,253,378.0,-1.7087319157536085,-1.7087319157536085,0
adam,pretrained,254,380.0,-1.7087333631917303,-1.7087333631917303,0
adam,pretrained,255,382.0,-1.708733201980188,-1.708733201980188,0
adam,pretrained,256,384.0,-1.7087323467696292,-1.7087323467696292,0
adam,pretrained,257,386.0,-1.7087310274154452,-1.7087310274154452,0
adam,pretrained,258,388.0,-1.7087296502157028,-1.7087296502157028,0
adam,pretrained,259,390.0,-1.7087286102214545,-1.7087286102214545,0
adam,pretrained,260,392.0,-1.7087281159545498,-1.7087281159545498,0
adam,pretrained,261,394.0,-1.708728617824753,-1.708728617824753,0
adam,pretrained,262,396.0,-1.7087301226229232,-1.7087301226229232,0
adam,pretrained,263,398.0,-1.708732190757494,-1.708732190757494,0
adam,pretrained,264,400.0,-1.7087343643955406,-1.7087343643955406,0
adam,pretrained,265,402.0,-1.7087362541330406,-1.7087362541330406,0
adam,pretrained,266,404.0,-1.7087378320338322,-1.7087378320338322,0
adam,pretrained,267,406.0,-1.70873923904747,-1.70873923904747,0
adam,pretrained,268,408.0,-1.7087404896761706,-1.7087404896761706,0
adam,pretrained,269,410.0,-1.708741455499409,-1.708741455499409,0
adam,pretrained,270,412.0,-1.708741986963816,-1.708741986963816,0
adam,pretrained,271,414.0,-1.7087421550529596,-1.7087421550529596,0
adam,pretrained,272,416.0,-1.7087421580236009,-1.7087421580236009,0
adam,pretrained,273,418.0,-1.708742210335414,-1.708742210335414,0
adam,pretrained,274,420.0,-1.7087424590065772,-1.7087424590065772,0
adam,pretrained,275,422.0,-1.7087428499239838,-1.7087428499239838,0
adam,pretrained,276,424.0,-1.708743324977609,-1.708743324977609,0
adam,pretrained,277,426.0,-1.708743865501803,-1.708743865501803,0
adam,pretrained,278,428.0,-1.7087444350513994,-1.7087444350513994,0
adam,pretrained,279,430.0,-1.7087450385106915,-1.7087450385106915,0
adam,pretrained,280,432.0,-1.7087456180992155,-1.7087456180992155,0
adam,pretrained,281,434.0,-1.7087460926052418,-1.7087460926052418,0
adam,pretrained,282,436.0,-1.7087464466411415,-1.7087464466411415,0
adam,pretrained,283,438.0,-1.7087466834269855,-1.7087466834269855,0
adam,pretrained,284,440.0,-1.708746834149567,-1.708746834149567,0
adam,pretrained,285,442.0,-1.7087469310670225,-1.7087469310670225,0
adam,pretrained,286,444.0,-1.7087469965581137,-1.7087469965581137,0
adam,pretrained,287,446.0,-1.7087470688304576,-1.7087470688304576,0
adam,pretrained,288,448.0,-1.708747180525902,-1.708747180525902,0
adam,pretrained,289,450.0,-1.7087473489576124,-1.7087473489576124,0
adam,pretrained,290,452.0,-1.7087475639797614,-1.7087475639797614,0
adam,pretrained,291,454.0,-1.7087478049867617,-1.7087478049867617,0
adam,pretrained,292,456.0,-1.7087480559694954,-1.7087480559694954,0
adam,pretrained,293,458.0,-1.7087483065668965,-1.7087483065668965,0
adam,pretrained,294,460.0,-1.7087485590326816,-1.7087485590326816,0
adam,pretrained,295,462.0,-1.708748799492988,-1.708748799492988,0
adam,pretrained,296,464.0,-1.7087490062676387,-1.7087490062676387,0
adam,pretrained,297,466.0,-1.7087491720880414,-1.7087491720880414,0
adam,pretrained,298,468.0,-1.7087492999415113,-1.7087492999415113,0
adam,pretrained,299,470.0,-1.7087494094217472,-1.7087494094217472,0
adam,pretrained,300,472.0,-1.7087495166364266,-1.7087495166364266,0
adam,pretrained,301,474.0,-1.7087496246575136,-1.7087496246575136,0
adam,pretrained,302,476.0,-1.70874973479242,-1.70874973479242,0
adam,pretrained,303,478.0,-1.7087498457627475,-1.7087498457627475,0
adam,pretrained,304,480.0,-1.7087499606908874,-1.7087499606908874,0
adam,pretrained,305,482.0,-1.7087500833319615,-1.7087500833319615,0
adam,pretrained,306,484.0,-1.7087502113432187,-1.7087502113432187,0
adam,pretrained,307,486.0,-1.708750339162899,-1.708750339162899,0
adam,pretrained,308,488.0,-1.708750461352033,-1.708750461352033,0
adam,pretrained,309,490.0,-1.7087505761580362,-1.7087505761580362,0
adam,pretrained,310,492.0,-1.7087506836825934,-1.7087506836825934,0
adam,pretrained,311,494.0,-1.7087507850427974,-1.7087507850427974,0
adam,pretrained,312,496.0,-1.7087508808337102,-1.7087508808337102,0
adam,pretrained,313,498.0,-1.7087509717233966,-1.7087509717233966,0
adam,pretrained,314,500.0,-1.708751060265509,-1.708751060265509,0
adam,pretrained,315,502.0,-1.7087511475747141,-1.7087511475747141,0
adam,pretrained,316,504.0,-1.7087512345152727,-1.7087512345152727,0
adam,pretrained,317,506.0,-1.7087513213441416,-1.7087513213441416,0
adam,pretrained,318,508.0,-1.7087514077294623,-1.7087514077294623,0
adam,pretrained,319,510.0,-1.7087514944591942,-1.7087514944591942,0
adam,pretrained,320,512.0,-1.708751581114348,-1.708751581114348,0
adam,pretrained,321,514.0,-1.7087516665855755,-1.7087516665855755,0
adam,pretrained,322,516.0,-1.7087517495512259,-1.7087517495512259,0
adam,pretrained,323,518.0,-1.7087518289526025,-1.7087518289526025,0
adam,pretrained,324,520.0,-1.7087519052483162,-1.7087519052483162,0
adam,pretrained,325,522.0,-1.708751979221878,-1.708751979221878,0
adam,pretrained,326,524.0,-1.7087520512647514,-1.7087520512647514,0
adam,pretrained,327,526.0,-1.7087521212912251,-1.7087521212912251,0
adam,pretrained,328,528.0,-1.708752189352644,-1.708752189352644,0
adam,pretrained,329,530.0,-1.7087522559108634,-1.7087522559108634,0
adam,pretrained,330,532.0,-1.708752321627244,-1.708752321627244,0
adam,pretrained,331,534.0,-1.7087523869624968,-1.7087523869624968,0
adam,pretrained,332,536.0,-1.7087524517743011,-1.7087524517743011,0
adam,pretrained,333,538.0,-1.7087525158407044,-1.7087525158407044,0
adam,pretrained,334,540.0,-1.7087525789075872,-1.7087525789075872,0
adam,pretrained,335,542.0,-1.7087526409086315,-1.7087526409086315,0
adam,pretrained,336,544.0,-1.7087527018589508,-1.7087527018589508,0
adam,pretrained,337,546.0,-1.7087527615351257,-1.7087527615351257,0
adam,pretrained,338,548.0,-1.708752819865456,-1.708752819865456,0
adam,pretrained,339,550.0,-1.7087528768245528,-1.7087528768245528,0
adam,pretrained,340,552.0,-1.7087529324987976,-1.7087529324987976,0
adam,pretrained,341,554.0,-1.708752987045783,-1.708752987045783,0
adam,pretrained,342,556.0,-1.7087530405565474,-1.7087530405565474,0
adam,pretrained,343,558.0,-1.7087530931699415,-1.7087530931699415,0
adam,pretrained,344,560.0,-1.7087531449897793,-1.7087531449897793,0
adam,pretrained,345,562.0,-1.7087531960755797,-1.7087531960755797,0
adam,pretrained,346,564.0,-1.7087532464053101,-1.7087532464053101,0
adam,pretrained,347,566.0,-1.7087532959097311,-1.7087532959097311,0
adam,pretrained,348,568.0,-1.7087533445357064,-1.7087533445357064,0
adam,pretrained,349,570.0,-1.7087533922887974,-1.7087533922887974,0
adam,pretrained,350,572.0,-1.7087534391938628,-1.7087534391938628,0
adam,pretrained,351,574.0,-1.7087534852309634,-1.7087534852309634,0
adam,pretrained,352,576.0,-1.7087535303855608,-1.7087535303855608,0
adam,pretrained,353,578.0,-1.7087535746521996,-1.7087535746521996,0
adam,pretrained,354,580.0,-1.708753618098946,-1.708753618098946,0
adam,pretrained,355,582.0,-1.7087536608093896,-1.7087536608093896,0
adam,pretrained,356,584.0,-1.7087537028273851,-1.7087537028273851,0
adam,pretrained,357,586.0,-1.708753744174681,-1.708753744174681,0
adam,pretrained,358,588.0,-1.70875378484186,-1.70875378484186,0
adam,pretrained,359,590.0,-1.7087538248400194,-1.7087538248400194,0
adam,pretrained,360,592.0,-1.7087538641812312,-1.7087538641812312,0
adam,pretrained,361,594.0,-1.7087539028657113,-1.7087539028657113,0
adam,pretrained,362,596.0,-1.7087539408825811,-1.7087539408825811,0
adam,pretrained,363,598.0,-1.70875397821737,-1.70875397821737,0
adam,pretrained,364,600.0,-1.7087540148749802,-1.7087540148749802,0
adam,pretrained,365,602.0,-1.7087540508717431,-1.7087540508717431,0
adam,pretrained,366,604.0,-1.708754086226133,-1.708754086226133,0
adam,pretrained,367,606.0,-1.7087541209541066,-1.7087541209541066,0
adam,pretrained,368,608.0,-1.708754155074847,-1.708754155074847,0
adam,pretrained,369,610.0,-1.708754188604072,-1.708754188604072,0
adam,pretrained,370,612.0,-1.7087542215570286,-1.7087542215570286,0
adam,pretrained,371,614.0,-1.7087542539432838,-1.7087542539432838,0
adam,pretrained,372,616.0,-1.7087542857689046,-1.7087542857689046,0
adam,pretrained,373,618.0,-1.7087543170430182,-1.7087543170430182,0
adam,pretrained,374,620.0,-1.7087543477718448,-1.7087543477718448,0
adam,pretrained,375,622.0,-1.7087543779620726,-1.7087543779620726,0
adam,pretrained,376,624.0,-1.7087544076154477,-1.7087544076154477,0
adam,pretrained,377,626.0,-1.7087544367364844,-1.7087544367364844,0
adam,pretrained,378,628.0,-1.708754465334969,-1.708754465334969,0
adam,pretrained,379,630.0,-1.7087544934220007,-1.7087544934220007,0
adam,pretrained,380,632.0,-1.7087545210082178,-1.7087545210082178,0
adam,pretrained,381,634.0,-1.7087545481007822,-1.7087545481007822,0
adam,pretrained,382,636.0,-1.7087545747068424,-1.7087545747068424,0
adam,pretrained,383,638.0,-1.7087546008346546,-1.7087546008346546,0
adam,pretrained,384,640.0,-1.7087546264931381,-1.7087546264931381,0
adam,pretrained,385,642.0,-1.7087546516894998,-1.7087546516894998,0
adam,pretrained,386,644.0,-1.7087546764294668,-1.7087546764294668,0
adam,pretrained,387,646.0,-1.7087547007178823,-1.7087547007178823,0
adam,pretrained,388,648.0,-1.7087547245608947,-1.7087547245608947,0
adam,pretrained,389,650.0,-1.708754747965221,-1.708754747965221,0
adam,pretrained,390,652.0,-1.7087547709373896,-1.7087547709373896,0
adam,pretrained,391,654.0,-1.7087547934840142,-1.7087547934840142,0
adam,pretrained,392,656.0,-1.708754815611359,-1.708754815611359,0
adam,pretrained,393,658.0,-1.7087548373264891,-1.7087548373264891,0
adam,pretrained,394,660.0,-1.7087548586360355,-1.7087548586360355,0
adam,pretrained,395,662.0,-1.7087548795466667,-1.7087548795466667,0
adam,pretrained,396,664.0,-1.7087549000648186,-1.7087549000648186,0
adam,pretrained,397,666.0,-1.7087549201966536,-1.7087549201966536,0
adam,pretrained,398,668.0,-1.7087549399481112,-1.7087549399481112,0
adam,pretrained,399,670.0,-1.7087549593246385,-1.7087549593246385,0
adam,pretrained,400,672.0,-1.7087549783315306,-1.7087549783315306,0
adam,pretrained,401,674.0,-1.7087549969741695,-1.7087549969741695,0
adam,pretrained,402,676.0,-1.7087550152581872,-1.7087550152581872,0
adam,pretrained,403,678.0,-1.708755033189168,-1.708755033189168,0
adam,pretrained,404,680.0,-1.7087550507725315,-1.7087550507725315,0
adam,pretrained,405,682.0,-1.7087550680136103,-1.7087550680136103,0
adam,pretrained,406,684.0,-1.708755084917958,-1.708755084917958,0
adam,pretrained,407,686.0,-1.7087551014911257,-1.7087551014911257,0
adam,pretrained,408,688.0,-1.7087551177386302,-1.7087551177386302,0
adam,pretrained,409,690.0,-1.7087551336657159,-1.7087551336657159,0
adam,pretrained,410,692.0,-1.7087551492774529,-1.7087551492774529,0
adam,pretrained,411,694.0,-1.7087551645788908,-1.7087551645788908,0
adam,pretrained,412,696.0,-1.7087551795750375,-1.7087551795750375,0
adam,pretrained,413,698.0,-1.708755194270861,-1.708755194270861,0
adam,pretrained,414,700.0,-1.7087552086711877,-1.7087552086711877,0
adam,pretrained,415,702.0,-1.7087552227808194,-1.7087552227808194,0
adam,pretrained,416,704.0,-1.708755236604552,-1.708755236604552,0
adam,pretrained,417,706.0,-1.708755250147185,-1.708755250147185,0
adam,pretrained,418,708.0,-1.7087552634134946,-1.7087552634134946,0
adam,pretrained,419,710.0,-1.7087552764081757,-1.7087552764081757,0
adam,pretrained,420,712.0,-1.7087552891358722,-1.7087552891358722,0
adam,pretrained,421,714.0,-1.708755301601175,-1.708755301601175,0
adam,pretrained,422,716.0,-1.7087553138085654,-1.7087553138085654,0
adam,pretrained,423,718.0,-1.7087553257624943,-1.7087553257624943,0
adam,pretrained,424,720.0,-1.708755337467337,-1.708755337467337,0
adam,pretrained,425,722.0,-1.7087553489274423,-1.7087553489274423,0
adam,pretrained,426,724.0,-1.708755360147116,-1.708755360147116,0
adam,pretrained,427,726.0,-1.708755371130595,-1.708755371130595,0
adam,pretrained,428,728.0,-1.7087553818820773,-1.7087553818820773,0
adam,pretrained,429,730.0,-1.7087553924057395,-1.7087553924057395,0
adam,pretrained,430,732.0,-1.7087554027057292,-1.7087554027057292,0
adam,pretrained,431,734.0,-1.708755412786129,-1.708755412786129,0
adam,pretrained,432,736.0,-1.7087554226509836,-1.7087554226509836,0
adam,pretrained,433,738.0,-1.7087554323042582,-1.7087554323042582,0
adam,pretrained,434,740.0,-1.7087554417498805,-1.7087554417498805,0
adam,pretrained,435,742.0,-1.7087554509917469,-1.7087554509917469,0
adam,pretrained,436,744.0,-1.708755460033685,-1.708755460033685,0
adam,pretrained,437,746.0,-1.7087554688794675,-1.7087554688794675,0
adam,pretrained,438,748.0,-1.7087554775328346,-1.7087554775328346,0
adam,pretrained,439,750.0,-1.708755485997473,-1.708755485997473,0
adam,pretrained,440,752.0,-1.7087554942770256,-1.7087554942770256,0
adam,pretrained,441,754.0,-1.708755502375108,-1.708755502375108,0
adam,pretrained,442,756.0,-1.7087555102952698,-1.7087555102952698,0
adam,pretrained,443,758.0,-1.7087555180410265,-1.7087555180410265,0
adam,pretrained,444,760.0,-1.7087555256158442,-1.7087555256158442,0
adam,pretrained,445,762.0,-1.708755533023138,-1.708755533023138,0
adam,pretrained,446,764.0,-1.7087555402662888,-1.7087555402662888,0
adam,pretrained,447,766.0,-1.7087555473486162,-1.7087555473486162,0
adam,pretrained,448,768.0,-1.708755554273411,-1.708755554273411,0
adam,pretrained,449,770.0,-1.7087555610438996,-1.7087555610438996,0
adam,pretrained,450,772.0,-1.7087555676632757,-1.7087555676632757,0
adam,pretrained,451,774.0,-1.7087555741346787,-1.7087555741346787,0
adam,pretrained,452,776.0,-1.708755580461214,-1.708755580461214,0
adam,pretrained,453,778.0,-1.7087555866459374,-1.7087555866459374,0
adam,pretrained,454,780.0,-1.7087555926918596,-1.7087555926918596,0
adam,pretrained,455,782.0,-1.7087555986019463,-1.7087555986019463,0
adam,pretrained,456,784.0,-1.7087556043791263,-1.7087556043791263,0
adam,pretrained,457,786.0,-1.708755610026272,-1.708755610026272,0
adam,pretrained,458,788.0,-1.7087556155462216,-1.7087556155462216,0
adam,pretrained,459,790.0,-1.708755620941766,-1.708755620941766,0
adam,pretrained,460,792.0,-1.70875562621565,-1.70875562621565,0
adam,pretrained,461,794.0,-1.70875563137058,-1.70875563137058,0
adam,pretrained,462,796.0,-1.7087556364092111,-1.7087556364092111,0
adam,pretrained,463,798.0,-1.7087556413341654,-1.7087556413341654,0
adam,pretrained,464,800.0,-1.7087556461480158,-1.7087556461480158,0
adam,pretrained,465,802.0,-1.7087556508533015,-1.7087556508533015,0
adam,pretrained,466,804.0,-1.7087556554525,-1.7087556554525,0
adam,pretrained,467,806.0,-1.708755659948068,-1.708755659948068,0
adam,pretrained,468,808.0,-1.7087556643424173,-1.7087556643424173,0
adam,pretrained,469,810.0,-1.708755668637905,-1.708755668637905,0
adam,pretrained,470,812.0,-1.7087556728368567,-1.7087556728368567,0
adam,pretrained,471,814.0,-1.7087556769415642,-1.7087556769415642,0
adam,pretrained,472,816.0,-1.708755680954263,-1.708755680954263,0
adam,pretrained,473,818.0,-1.7087556848771592,-1.7087556848771592,0
adam,pretrained,474,820.0,-1.7087556887124147,-1.7087556887124147,0
adam,pretrained,475,822.0,-1.708755692462154,-1.708755692462154,0
adam,pretrained,476,824.0,-1.708755696128464,-1.708755696128464,0
adam,pretrained,477,826.0,-1.708755699713384,-1.708755699713384,0
adam,pretrained,478,828.0,-1.70875570321893,-1.70875570321893,0
adam,pretrained,479,830.0,-1.7087557066470616,-1.7087557066470616,0
adam,pretrained,480,832.0,-1.7087557099997184,-1.7087557099997184,0
adam,pretrained,481,834.0,-1.7087557132787963,-1.7087557132787963,0
adam,pretrained,482,836.0,-1.7087557164861427,-1.7087557164861427,0
adam,pretrained,483,838.0,-1.7087557196235839,-1.7087557196235839,0
adam,pretrained,484,840.0,-1.7087557226929084,-1.7087557226929084,0
adam,pretrained,485,842.0,-1.7087557256958559,-1.7087557256958559,0
adam,pretrained,486,844.0,-1.7087557286341508,-1.7087557286341508,0
adam,pretrained,487,846.0,-1.7087557315094615,-1.7087557315094615,0
adam,pretrained,488,848.0,-1.7087557343234339,-1.7087557343234339,0
adam,pretrained,489,850.0,-1.7087557370776774,-1.7087557370776774,0
adam,pretrained,490,852.0,-1.7087557397737754,-1.7087557397737754,0
adam,pretrained,491,854.0,-1.7087557424132602,-1.7087557424132602,0
adam,pretrained,492,856.0,-1.708755744997651,-1.708755744997651,0
adam,pretrained,493,858.0,-1.7087557475284183,-1.7087557475284183,0
adam,pretrained,494,860.0,-1.7087557500070059,-1.7087557500070059,0
adam,pretrained,495,862.0,-1.7087557524348336,-1.7087557524348336,0
adam,pretrained,496,864.0,-1.7087557548132826,-1.7087557548132826,0
adam,pretrained,497,866.0,-1.708755757143703,-1.708755757143703,0
adam,pretrained,498,868.0,-1.7087557594274165,-1.7087557594274165,0
adam,pretrained,499,870.0,-1.7087557616657176,-1.7087557616657176,0
cobyla,standard,0,1.0,2.845677068898275,2.845677068898275,0
cobyla,standard,1,2.0,2.6903685761857354,2.6903685761857354,0
cobyla,standard,2,3.0,2.6903685761857354,2.6903685761857354,0
cobyla,standard,3,4.0,2.6329578213351255,2.6329578213351255,0
cobyla,standard,4,5.0,2.610390807157896,2.610390807157896,0
cobyla,standard,5,6.0,2.5546669494170513,2.5546669494170513,0
cobyla,standard,6,7.0,2.542390055219985,2.542390055219985,0
cobyla,standard,7,8.0,2.542390055219985,2.542390055219985,0
cobyla,standard,8,9.0,2.542390055219985,2.542390055219985,0
cobyla,standard,9,10.0,2.5305951804338473,2.5305951804338473,0
cobyla,standard,10,11.0,2.507980253015942,2.507980253015942,0
cobyla,standard,11,12.0,2.507980253015942,2.507980253015942,0
cobyla,standard,12,13.0,2.507980253015942,2.507980253015942,0
cobyla,standard,13,14.0,2.507980253015942,2.507980253015942,0
cobyla,standard,14,15.0,2.507980253015942,2.507980253015942,0
cobyla,standard,15,16.0,2.507980253015942,2.507980253015942,0
cobyla,standard,16,17.0,2.507980253015942,2.507980253015942,0
cobyla,standard,17,18.0,2.507980253015942,2.507980253015942,0
cobyla,standard,18,19.0,2.478097800776186,2.478097800776186,0
cobyla,standard,19,20.0,2.478097800776186,2.478097800776186,0
cobyla,standard,20,21.0,2.478097800776186,2.478097800776186,0
cobyla,standard,21,22.0,2.478097800776186,2.478097800776186,0
cobyla,standard,22,23.0,2.4513854376361794,2.4513854376361794,0
cobyla,standard,23,24.0,2.4513854376361794,2.4513854376361794,0
cobyla,standard,24,25.0,2.4513854376361794,2.4513854376361794,0
cobyla,standard,25,26.0,2.4418823937649754,2.4418823937649754,0
cobyla,standard,26,27.0,2.4418823937649754,2.4418823937649754,0
cobyla,standard,27,28.0,2.4418823937649754,2.4418823937649754,0
cobyla,standard,28,29.0,2.4418823937649754,2.4418823937649754,0
cobyla,standard,29,30.0,2.4418823937649754,2.4418823937649754,0
cobyla,standard,30,31.0,2.4418823937649754,2.4418823937649754,0
cobyla,standard,31,32.0,2.4418823937649754,2.4418823937649754,0
cobyla,standard,32,33.0,2.4418823937649754,2.4418823937649754,0
cobyla,standard,33,34.0,2.4418823937649754,2.4418823937649754,0
cobyla,standard,34,35.0,2.4418823937649754,2.4418823937649754,0
cobyla,standard,35,36.0,2.4418823937649754,2.4418823937649754,0
cobyla,standard,36,37.0,2.4418823937649754,2.4418823937649754,0
cobyla,standard,37,38.0,2.4418823937649754,2.4418823937649754,0
cobyla,standard,38,39.0,2.4418823937649754,2.4418823937649754,0
cobyla,standard,39,40.0,2.4418823937649754,2.4418823937649754,0
cobyla,standard,40,41.0,2.4418823937649754,2.4418823937649754,0
cobyla,standard,41,42.0,2.4418823937649754,2.4418823937649754,0
cobyla,standard,42,43.0,2.4418823937649754,2.4418823937649754,0
cobyla,standard,43,44.0,2.4418823937649754,2.4418823937649754,0
cobyla,standard,44,45.0,2.4418823937649754,2.4418823937649754,0
cobyla,standard,45,46.0,2.4418823937649754,2.4418823937649754,0
cobyla,standard,46,47.0,2.4418823937649754,2.4418823937649754,0
cobyla,standard,47,48.0,2.4418823937649754,2.4418823937649754,0
cobyla,standard,48,49.0,2.4418823937649754,2.4418823937649754,0
cobyla,standard,49,50.0,2.4418823937649754,2.4418823937649754,0
cobyla,standard,50,51.0,2.423755527157961,2.423755527157961,0
cobyla,standard,51,52.0,2.423755527157961,2.423755527157961,0
cobyla,standard,52,53.0,2.423755527157961,2.423755527157961,0
cobyla,standard,53,54.0,2.423755527157961,2.423755527157961,0
cobyla,standard,54,55.0,2.423755527157961,2.423755527157961,0
cobyla,standard,55,56.0,2.423755527157961,2.423755527157961,0
cobyla,standard,56,57.0,2.423755527157961,2.423755527157961,0
cobyla,standard,57,58.0,2.423755527157961,2.423755527157961,0
cobyla,standard,58,59.0,2.4213096430265537,2.4213096430265537,0
cobyla,standard,59,60.0,2.4213096430265537,2.4213096430265537,0
cobyla,standard,60,61.0,2.4202397790838983,2.4202397790838983,0
cobyla,standard,61,62.0,2.4202397790838983,2.4202397790838983,0
cobyla,standard,62,63.0,2.4202397790838983,2.4202397790838983,0
cobyla,standard,63,64.0,2.389625247775234,2.389625247775234,0
cobyla,standard,64,65.0,2.389625247775234,2.389625247775234,0
cobyla,standard,65,66.0,2.389625247775234,2.389625247775234,0
cobyla,standard,66,67.0,2.3745384958283133,2.3745384958283133,0
cobyla,standard,67,68.0,2.373053753166653,2.373053753166653,0
cobyla,standard,68,69.0,2.373053753166653,2.373053753166653,0
cobyla,standard,69,70.0,2.373053753166653,2.373053753166653,0
cobyla,standard,70,71.0,2.3713715539605777,2.3713715539605777,0
cobyla,standard,71,72.0,2.34678307231837,2.34678307231837,0
cobyla,standard,72,73.0,2.34678307231837,2.34678307231837,0
cobyla,standard,73,74.0,2.34678307231837,2.34678307231837,0
cobyla,standard,74,75.0,2.34678307231837,2.34678307231837,0
cobyla,standard,75,76.0,2.34678307231837,2.34678307231837,0
cobyla,standard,76,77.0,2.34678307231837,2.34678307231837,0
cobyla,standard,77,78.0,2.330786438981075,2.330786438981075,0
cobyla,standard,78,79.0,2.3179415521200446,2.3179415521200446,0
cobyla,standard,79,80.0,2.3179415521200446,2.3179415521200446,0
cobyla,standard,80,81.0,2.3065727226617168,2.3065727226617168,0
cobyla,standard,81,82.0,2.3065727226617168,2.3065727226617168,0
cobyla,standard,82,83.0,2.3051876940023073,2.3051876940023073,0
cobyla,standard,83,84.0,2.3051876940023073,2.3051876940023073,0
cobyla,standard,84,85.0,2.3051876940023073,2.3051876940023073,0
cobyla,standard,85,86.0,2.3051876940023073,2.3051876940023073,0
cobyla,standard,86,87.0,2.3051876940023073,2.3051876940023073,0
cobyla,standard,87,88.0,2.3051876940023073,2.3051876940023073,0
cobyla,standard,88,89.0,2.2993508690523203,2.2993508690523203,0
cobyla,standard,89,90.0,2.2993508690523203,2.2993508690523203,0
cobyla,standard,90,91.0,2.2993508690523203,2.2993508690523203,0
cobyla,standard,91,92.0,2.2993508690523203,2.2993508690523203,0
cobyla,standard,92,93.0,2.2993508690523203,2.2993508690523203,0
cobyla,standard,93,94.0,2.235507184365893,2.235507184365893,0
cobyla,standard,94,95.0,2.235507184365893,2.235507184365893,0
cobyla,standard,95,96.0,2.2070138789903004,2.2070138789903004,0
cobyla,standard,96,97.0,2.1953123929583325,2.1953123929583325,0
cobyla,standard,97,98.0,2.1953123929583325,2.1953123929583325,0
cobyla,standard,98,99.0,2.1953123929583325,2.1953123929583325,0
cobyla,standard,99,100.0,2.1953123929583325,2.1953123929583325,0
cobyla,standard,100,101.0,2.1927497893048984,2.1927497893048984,0
cobyla,standard,101,102.0,2.1927497893048984,2.1927497893048984,0
cobyla,standard,102,103.0,2.1387442105549406,2.1387442105549406,0
cobyla,standard,103,104.0,2.1387442105549406,2.1387442105549406,0
cobyla,standard,104,105.0,2.1387442105549406,2.1387442105549406,0
cobyla,standard,105,106.0,2.1387442105549406,2.1387442105549406,0
cobyla,standard,106,107.0,2.1387442105549406,2.1387442105549406,0
cobyla,standard,107,108.0,2.1387442105549406,2.1387442105549406,0
cobyla,standard,108,109.0,2.1387442105549406,2.1387442105549406,0
cobyla,standard,109,110.0,2.1387442105549406,2.1387442105549406,0
cobyla,standard,110,111.0,2.1387442105549406,2.1387442105549406,0
cobyla,standard,111,112.0,1.9980881567970818,1.9980881567970818,0
cobyla,standard,112,113.0,1.9980881567970818,1.9980881567970818,0
cobyla,standard,113,114.0,1.9327985996260015,1.9327985996260015,0
cobyla,standard,114,115.0,1.9327985996260015,1.9327985996260015,0
cobyla,standard,115,116.0,1.9327985996260015,1.9327985996260015,0
cobyla,standard,116,117.0,1.8615439242728904,1.8615439242728904,0
cobyla,standard,117,118.0,1.8615439242728904,1.8615439242728904,0
cobyla,standard,118,119.0,1.853117039495207,1.853117039495207,0
cobyla,standard,119,120.0,1.8265842902518217,1.8265842902518217,0
cobyla,standard,120,121.0,1.8265842902518217,1.8265842902518217,0
cobyla,standard,121,122.0,1.8265842902518217,1.8265842902518217,0
cobyla,standard,122,123.0,1.8265842902518217,1.8265842902518217,0
cobyla,standard,123,124.0,1.8265842902518217,1.8265842902518217,0
cobyla,standard,124,125.0,1.8265842902518217,1.8265842902518217,0
cobyla,standard,125,126.0,1.79523982071278,1.79523982071278,0
cobyla,standard,126,127.0,1.79523982071278,1.79523982071278,0
cobyla,standard,127,128.0,1.6230479709522614,1.6230479709522614,0
cobyla,standard,128,129.0,1.5605002996099697,1.5605002996099697,0
cobyla,standard,129,130.0,1.5605002996099697,1.5605002996099697,0
cobyla,standard,130,131.0,1.5128251381725013,1.5128251381725013,0
cobyla,standard,131,132.0,1.4047286366002332,1.4047286366002332,0
cobyla,standard,132,133.0,1.4047286366002332,1.4047286366002332,0
cobyla,standard,133,134.0,1.3062394910309256,1.3062394910309256,0
cobyla,standard,134,135.0,1.3062394910309256,1.3062394910309256,0
cobyla,standard,135,136.0,1.3062394910309256,1.3062394910309256,0
cobyla,standard,136,137.0,1.3062394910309256,1.3062394910309256,0
cobyla,standard,137,138.0,1.3062394910309256,1.3062394910309256,0
cobyla,standard,138,139.0,1.2519231834897409,1.2519231834897409,0
cobyla,standard,139,140.0,1.2519231834897409,1.2519231834897409,0
cobyla,standard,140,141.0,1.2519231834897409,1.2519231834897409,0
cobyla,standard,141,142.0,1.2519231834897409,1.2519231834897409,0
cobyla,standard,142,143.0,1.2519231834897409,1.2519231834897409,0
cobyla,standard,143,144.0,1.2519231834897409,1.2519231834897409,0
cobyla,standard,144,145.0,1.2519231834897409,1.2519231834897409,0
cobyla,standard,145,146.0,1.2519231834897409,1.2519231834897409,0
cobyla,standard,146,147.0,1.2519231834897409,1.2519231834897409,0
cobyla,standard,147,148.0,1.0753825712286254,1.0753825712286254,0
cobyla,standard,148,149.0,1.0753825712286254,1.0753825712286254,0
cobyla,standard,149,150.0,1.0753825712286254,1.0753825712286254,0
cobyla,standard,150,151.0,1.0654050550172656,1.0654050550172656,0
cobyla,standard,151,152.0,1.0333785633994845,1.0333785633994845,0
cobyla,standard,152,153.0,1.0278166159858513,1.0278166159858513,0
cobyla,standard,153,154.0,1.0278166159858513,1.0278166159858513,0
cobyla,standard,154,155.0,1.0278166159858513,1.0278166159858513,0
cobyla,standard,155,156.0,1.000122743477969,1.000122743477969,0
cobyla,standard,156,157.0,1.000122743477969,1.000122743477969,0
cobyla,standard,157,158.0,0.9999423260635787,0.9999423260635787,0
cobyla,standard,158,159.0,0.9985610256021172,0.9985610256021172,0
cobyla,standard,159,160.0,0.9985610256021172,0.9985610256021172,0
cobyla,standard,160,161.0,0.9985610256021172,0.9985610256021172,0
cobyla,standard,161,162.0,0.9985610256021172,0.9985610256021172,0
cobyla,standard,162,163.0,0.9932616910114823,0.9932616910114823,0
cobyla,standard,163,164.0,0.9932616910114823,0.9932616910114823,0
cobyla,standard,164,165.0,0.9932616910114823,0.9932616910114823,0
cobyla,standard,165,166.0,0.9932616910114823,0.9932616910114823,0
cobyla,standard,166,167.0,0.9869265569447914,0.9869265569447914,0
cobyla,standard,167,168.0,0.9869265569447914,0.9869265569447914,0
cobyla,standard,168,169.0,0.9869265569447914,0.9869265569447914,0
cobyla,standard,169,170.0,0.9869265569447914,0.9869265569447914,0
cobyla,standard,170,171.0,0.8103240556497224,0.8103240556497224,0
cobyla,standard,171,172.0,0.8103240556497224,0.8103240556497224,0
cobyla,standard,172,173.0,0.8103240556497224,0.8103240556497224,0
cobyla,standard,173,174.0,0.8103240556497224,0.8103240556497224,0
cobyla,standard,174,175.0,0.8103240556497224,0.8103240556497224,0
cobyla,standard,175,176.0,0.8103240556497224,0.8103240556497224,0
cobyla,standard,176,177.0,0.8103240556497224,0.8103240556497224,0
cobyla,standard,177,178.0,0.8103240556497224,0.8103240556497224,0
cobyla,standard,178,179.0,0.7282703221001723,0.7282703221001723,0
cobyla,standard,179,180.0,0.7282703221001723,0.7282703221001723,0
cobyla,standard,180,181.0,0.4470536075163053,0.4470536075163053,0
cobyla,standard,181,182.0,0.4470536075163053,0.4470536075163053,0
cobyla,standard,182,183.0,0.4470536075163053,0.4470536075163053,0
cobyla,standard,183,184.0,0.4470536075163053,0.4470536075163053,0
cobyla,standard,184,185.0,0.4470536075163053,0.4470536075163053,0
cobyla,standard,185,186.0,0.4470536075163053,0.4470536075163053,0
cobyla,standard,186,187.0,0.4470536075163053,0.4470536075163053,0
cobyla,standard,187,188.0,0.4470536075163053,0.4470536075163053,0
cobyla,standard,188,189.0,0.43098288908218324,0.43098288908218324,0
cobyla,standard,189,190.0,0.43098288908218324,0.43098288908218324,0
cobyla,standard,190,191.0,0.4308441642576045,0.4308441642576045,0
cobyla,standard,191,192.0,0.4308441642576045,0.4308441642576045,0
cobyla,standard,192,193.0,0.4308441642576045,0.4308441642576045,0
cobyla,standard,193,194.0,0.4308441642576045,0.4308441642576045,0
cobyla,standard,194,195.0,0.4308441642576045,0.4308441642576045,0
cobyla,standard,195,196.0,0.4308441642576045,0.4308441642576045,0
cobyla,standard,196,197.0,0.4308441642576045,0.4308441642576045,0
cobyla,standard,197,198.0,0.4308441642576045,0.4308441642576045,0
cobyla,standard,198,199.0,0.4308441642576045,0.4308441642576045,0
cobyla,standard,199,200.0,0.4308441642576045,0.4308441642576045,0
cobyla,standard,200,201.0,0.4308441642576045,0.4308441642576045,0
cobyla,standard,201,202.0,0.4308441642576045,0.4308441642576045,0
cobyla,standard,202,203.0,0.4308441642576045,0.4308441642576045,0
cobyla,standard,203,204.0,0.31019726417252713,0.31019726417252713,0
cobyla,standard,204,205.0,0.31019726417252713,0.31019726417252713,0
cobyla,standard,205,206.0,0.31019726417252713,0.31019726417252713,0
cobyla,standard,206,207.0,0.31019726417252713,0.31019726417252713,0
cobyla,standard,207,208.0,0.31019726417252713,0.31019726417252713,0
cobyla,standard,208,209.0,0.31019726417252713,0.31019726417252713,0
cobyla,standard,209,210.0,0.31019726417252713,0.31019726417252713,0
cobyla,standard,210,211.0,0.3095818137065214,0.3095818137065214,0
cobyla,standard,211,212.0,0.3095818137065214,0.3095818137065214,0
cobyla,standard,212,213.0,0.3095818137065214,0.3095818137065214,0
cobyla,standard,213,214.0,0.3095818137065214,0.3095818137065214,0
cobyla,standard,214,215.0,0.29056097992441665,0.29056097992441665,0
cobyla,standard,215,216.0,0.29056097992441665,0.29056097992441665,0
cobyla,standard,216,217.0,0.29056097992441665,0.29056097992441665,0
cobyla,standard,217,218.0,0.29056097992441665,0.29056097992441665,0
cobyla,standard,218,219.0,0.29056097992441665,0.29056097992441665,0
cobyla,standard,219,220.0,0.29056097992441665,0.29056097992441665,0
cobyla,standard,220,221.0,0.1779951738767192,0.1779951738767192,0
cobyla,standard,221,222.0,0.1779951738767192,0.1779951738767192,0
cobyla,standard,222,223.0,0.1779951738767192,0.1779951738767192,0
cobyla,standard,223,224.0,0.1779951738767192,0.1779951738767192,0
cobyla,standard,224,225.0,0.1588804259120157,0.1588804259120157,0
cobyla,standard,225,226.0,0.1588804259120157,0.1588804259120157,0
cobyla,standard,226,227.0,0.15632892100694326,0.15632892100694326,0
cobyla,standard,227,228.0,0.15632892100694326,0.15632892100694326,0
cobyla,standard,228,229.0,0.15632892100694326,0.15632892100694326,0
cobyla,standard,229,230.0,0.15632892100694326,0.15632892100694326,0
cobyla,standard,230,231.0,0.15632892100694326,0.15632892100694326,0
cobyla,standard,231,232.0,0.15632892100694326,0.15632892100694326,0
cobyla,standard,232,233.0,0.15632892100694326,0.15632892100694326,0
cobyla,standard,233,234.0,0.15632892100694326,0.15632892100694326,0
cobyla,standard,234,235.0,0.15540922303756227,0.15540922303756227,0
cobyla,standard,235,236.0,0.15540922303756227,0.15540922303756227,0
cobyla,standard,236,237.0,0.12864217681361684,0.12864217681361684,0
cobyla,standard,237,238.0,0.12864217681361684,0.12864217681361684,0
cobyla,standard,238,239.0,0.12864217681361684,0.12864217681361684,0
cobyla,standard,239,240.0,0.12864217681361684,0.12864217681361684,0
cobyla,standard,240,241.0,0.12864217681361684,0.12864217681361684,0
cobyla,standard,241,242.0,0.12864217681361684,0.12864217681361684,0
cobyla,standard,242,243.0,0.12864217681361684,0.12864217681361684,0
cobyla,standard,243,244.0,0.12864217681361684,0.12864217681361684,0
cobyla,standard,244,245.0,0.12821101692360115,0.12821101692360115,0
cobyla,standard,245,246.0,0.12821101692360115,0.12821101692360115,0
cobyla,standard,246,247.0,0.12763756523086692,0.12763756523086692,0
cobyla,standard,247,248.0,0.12763756523086692,0.12763756523086692,0
cobyla,standard,248,249.0,0.12763756523086692,0.12763756523086692,0
cobyla,standard,249,250.0,0.12763756523086692,0.12763756523086692,0
cobyla,standard,250,251.0,0.12653903329014266,0.12653903329014266,0
cobyla,standard,251,252.0,0.12653903329014266,0.12653903329014266,0
cobyla,standard,252,253.0,0.11686596717312625,0.11686596717312625,0
cobyla,standard,253,254.0,0.11686596717312625,0.11686596717312625,0
cobyla,standard,254,255.0,0.11686596717312625,0.11686596717312625,0
cobyla,standard,255,256.0,0.11686596717312625,0.11686596717312625,0
cobyla,standard,256,257.0,0.11686596717312625,0.11686596717312625,0
cobyla,standard,257,258.0,0.11686596717312625,0.11686596717312625,0
cobyla,standard,258,259.0,0.11686596717312625,0.11686596717312625,0
cobyla,standard,259,260.0,0.11686596717312625,0.11686596717312625,0
cobyla,standard,260,261.0,0.11686596717312625,0.11686596717312625,0
cobyla,standard,261,262.0,0.11686596717312625,0.11686596717312625,0
cobyla,standard,262,263.0,0.09879262275372466,0.09879262275372466,0
cobyla,standard,263,264.0,0.09879262275372466,0.09879262275372466,0
cobyla,standard,264,265.0,0.09879262275372466,0.09879262275372466,0
cobyla,standard,265,266.0,0.09879262275372466,0.09879262275372466,0
cobyla,standard,266,267.0,0.09879262275372466,0.09879262275372466,0
cobyla,standard,267,268.0,0.09879262275372466,0.09879262275372466,0
cobyla,standard,268,269.0,0.09879262275372466,0.09879262275372466,0
cobyla,standard,269,270.0,0.09879262275372466,0.09879262275372466,0
cobyla,standard,270,271.0,0.09879262275372466,0.09879262275372466,0
cobyla,standard,271,272.0,0.09879262275372466,0.09879262275372466,0
cobyla,standard,272,273.0,0.09879262275372466,0.09879262275372466,0
cobyla,standard,273,274.0,0.09879262275372466,0.09879262275372466,0
cobyla,standard,274,275.0,0.09879262275372466,0.09879262275372466,0
cobyla,standard,275,276.0,0.09879262275372466,0.09879262275372466,0
cobyla,standard,276,277.0,0.09879262275372466,0.09879262275372466,0
cobyla,standard,277,278.0,0.09879262275372466,0.09879262275372466,0
cobyla,standard,278,279.0,0.09879262275372466,0.09879262275372466,0
cobyla,standard,279,280.0,0.09879262275372466,0.09879262275372466,0
cobyla,standard,280,281.0,0.09879262275372466,0.09879262275372466,0
cobyla,standard,281,282.0,0.09879262275372466,0.09879262275372466,0
cobyla,standard,282,283.0,0.09879262275372466,0.09879262275372466,0
cobyla,standard,283,284.0,0.09879262275372466,0.09879262275372466,0
cobyla,standard,284,285.0,0.09879262275372466,0.09879262275372466,0
cobyla,standard,285,286.0,0.09879262275372466,0.09879262275372466,0
cobyla,standard,286,287.0,0.058729449973270786,0.058729449973270786,0
cobyla,standard,287,288.0,0.058729449973270786,0.058729449973270786,0
cobyla,standard,288,289.0,0.058729449973270786,0.058729449973270786,0
cobyla,standard,289,290.0,0.058729449973270786,0.058729449973270786,0
cobyla,standard,290,291.0,0.058729449973270786,0.058729449973270786,0
cobyla,standard,291,292.0,0.058729449973270786,0.058729449973270786,0
cobyla,standard,292,293.0,0.058729449973270786,0.058729449973270786,0
cobyla,standard,293,294.0,0.058729449973270786,0.058729449973270786,0
cobyla,standard,294,295.0,0.058729449973270786,0.058729449973270786,0
cobyla,standard,295,296.0,0.058729449973270786,0.058729449973270786,0
cobyla,standard,296,297.0,0.058729449973270786,0.058729449973270786,0
cobyla,standard,297,298.0,0.058729449973270786,0.058729449973270786,0
cobyla,standard,298,299.0,0.058729449973270786,0.058729449973270786,0
cobyla,standard,299,300.0,0.058729449973270786,0.058729449973270786,0
cobyla,standard,300,301.0,0.058729449973270786,0.058729449973270786,0
cobyla,standard,301,302.0,0.058729449973270786,0.058729449973270786,0
cobyla,standard,302,303.0,0.058729449973270786,0.058729449973270786,0
cobyla,standard,303,304.0,0.0071067022676527085,0.0071067022676527085,0
cobyla,standard,304,305.0,-0.022343453255739783,-0.022343453255739783,0
cobyla,standard,305,306.0,-0.03402964471005934,-0.03402964471005934,0
cobyla,standard,306,307.0,-0.07069388741900573,-0.07069388741900573,0
cobyla,standard,307,308.0,-0.07069388741900573,-0.07069388741900573,0
cobyla,standard,308,309.0,-0.07069388741900573,-0.07069388741900573,0
cobyla,standard,309,310.0,-0.13350245956573745,-0.13350245956573745,0
cobyla,standard,310,311.0,-0.13350245956573745,-0.13350245956573745,0
cobyla,standard,311,312.0,-0.15329510408718394,-0.15329510408718394,0
cobyla,standard,312,313.0,-0.15329510408718394,-0.15329510408718394,0
cobyla,standard,313,314.0,-0.15329510408718394,-0.15329510408718394,0
cobyla,standard,314,315.0,-0.15329510408718394,-0.15329510408718394,0
cobyla,standard,315,316.0,-0.21284223561642107,-0.21284223561642107,0
cobyla,standard,316,317.0,-0.21284223561642107,-0.21284223561642107,0
cobyla,standard,317,318.0,-0.21284223561642107,-0.21284223561642107,0
cobyla,standard,318,319.0,-0.21835412180532804,-0.21835412180532804,0
cobyla,standard,319,320.0,-0.21835412180532804,-0.21835412180532804,0
cobyla,standard,320,321.0,-0.21835412180532804,-0.21835412180532804,0
cobyla,standard,321,322.0,-0.21835412180532804,-0.21835412180532804,0
cobyla,standard,322,323.0,-0.21835412180532804,-0.21835412180532804,0
cobyla,standard,323,324.0,-0.22471315933015054,-0.22471315933015054,0
cobyla,standard,324,325.0,-0.22471315933015054,-0.22471315933015054,0
cobyla,standard,325,326.0,-0.22471315933015054,-0.22471315933015054,0
cobyla,standard,326,327.0,-0.253115687910188,-0.253115687910188,0
cobyla,standard,327,328.0,-0.253115687910188,-0.253115687910188,0
cobyla,standard,328,329.0,-0.253115687910188,-0.253115687910188,0
cobyla,standard,329,330.0,-0.25733625301048574,-0.25733625301048574,0
cobyla,standard,330,331.0,-0.25733625301048574,-0.25733625301048574,0
cobyla,standard,331,332.0,-0.26996217169517944,-0.26996217169517944,0
cobyla,standard,332,333.0,-0.26996217169517944,-0.26996217169517944,0
cobyla,standard,333,334.0,-0.272244671011763,-0.272244671011763,0
cobyla,standard,334,335.0,-0.3163274946842533,-0.3163274946842533,0
cobyla,standard,335,336.0,-0.3163274946842533,-0.3163274946842533,0
cobyla,standard,336,337.0,-0.3340904092686584,-0.3340904092686584,0
cobyla,standard,337,338.0,-0.3340904092686584,-0.3340904092686584,0
cobyla,standard,338,339.0,-0.3340904092686584,-0.3340904092686584,0
cobyla,standard,339,340.0,-0.35001886838746576,-0.35001886838746576,0
cobyla,standard,340,341.0,-0.3514257876124471,-0.3514257876124471,0
cobyla,standard,341,342.0,-0.3514257876124471,-0.3514257876124471,0
cobyla,standard,342,343.0,-0.3514257876124471,-0.3514257876124471,0
cobyla,standard,343,344.0,-0.3514257876124471,-0.3514257876124471,0
cobyla,standard,344,345.0,-0.3514257876124471,-0.3514257876124471,0
cobyla,standard,345,346.0,-0.3514257876124471,-0.3514257876124471,0
cobyla,standard,346,347.0,-0.4157330285369645,-0.4157330285369645,0
cobyla,standard,347,348.0,-0.4157330285369645,-0.4157330285369645,0
cobyla,standard,348,349.0,-0.4157330285369645,-0.4157330285369645,0
cobyla,standard,349,350.0,-0.4536718389316502,-0.4536718389316502,0
cobyla,standard,350,351.0,-0.4536718389316502,-0.4536718389316502,0
cobyla,standard,351,352.0,-0.4622989472275351,-0.4622989472275351,0
cobyla,standard,352,353.0,-0.4622989472275351,-0.4622989472275351,0
cobyla,standard,353,354.0,-0.4622989472275351,-0.4622989472275351,0
cobyla,standard,354,355.0,-0.4622989472275351,-0.4622989472275351,0
cobyla,standard,355,356.0,-0.4622989472275351,-0.4622989472275351,0
cobyla,standard,356,357.0,-0.4622989472275351,-0.4622989472275351,0
cobyla,standard,357,358.0,-0.4622989472275351,-0.4622989472275351,0
cobyla,standard,358,359.0,-0.4622989472275351,-0.4622989472275351,0
cobyla,standard,359,360.0,-0.47073581760309285,-0.47073581760309285,0
cobyla,standard,360,361.0,-0.47073581760309285,-0.47073581760309285,0
cobyla,standard,361,362.0,-0.5026454715315436,-0.5026454715315436,0
cobyla,standard,362,363.0,-0.5026454715315436,-0.5026454715315436,0
cobyla,standard,363,364.0,-0.5026454715315436,-0.5026454715315436,0
cobyla,standard,364,365.0,-0.5026454715315436,-0.5026454715315436,0
cobyla,standard,365,366.0,-0.5026454715315436,-0.5026454715315436,0
cobyla,standard,366,367.0,-0.5026454715315436,-0.5026454715315436,0
cobyla,standard,367,368.0,-0.5110582828028017,-0.5110582828028017,0
cobyla,standard,368,369.0,-0.5110582828028017,-0.5110582828028017,0
cobyla,standard,369,370.0,-0.5110582828028017,-0.5110582828028017,0
cobyla,standard,370,371.0,-0.5110582828028017,-0.5110582828028017,0
cobyla,standard,371,372.0,-0.5110582828028017,-0.5110582828028017,0
cobyla,standard,372,373.0,-0.5110582828028017,-0.5110582828028017,0
cobyla,standard,373,374.0,-0.5110582828028017,-0.5110582828028017,0
cobyla,standard,374,375.0,-0.5110582828028017,-0.5110582828028017,0
cobyla,standard,375,376.0,-0.5134969371527546,-0.5134969371527546,0
cobyla,standard,376,377.0,-0.5134969371527546,-0.5134969371527546,0
cobyla,standard,377,378.0,-0.5134969371527546,-0.5134969371527546,0
cobyla,standard,378,379.0,-0.5134969371527546,-0.5134969371527546,0
cobyla,standard,379,380.0,-0.5134969371527546,-0.5134969371527546,0
cobyla,standard,380,381.0,-0.521698847742538,-0.521698847742538,0
cobyla,standard,381,382.0,-0.521698847742538,-0.521698847742538,0
cobyla,standard,382,383.0,-0.521698847742538,-0.521698847742538,0
cobyla,standard,383,384.0,-0.521698847742538,-0.521698847742538,0
cobyla,standard,384,385.0,-0.531388198758108,-0.531388198758108,0
cobyla,standard,385,386.0,-0.531388198758108,-0.531388198758108,0
cobyla,standard,386,387.0,-0.531388198758108,-0.531388198758108,0
cobyla,standard,387,388.0,-0.5346230407616556,-0.5346230407616556,0
cobyla,standard,388,389.0,-0.5346230407616556,-0.5346230407616556,0
cobyla,standard,389,390.0,-0.5346230407616556,-0.5346230407616556,0
cobyla,standard,390,391.0,-0.5346230407616556,-0.5346230407616556,0
cobyla,standard,391,392.0,-0.5346230407616556,-0.5346230407616556,0
cobyla,standard,392,393.0,-0.5889668627237994,-0.5889668627237994,0
cobyla,standard,393,394.0,-0.5889668627237994,-0.5889668627237994,0
cobyla,standard,394,395.0,-0.5889668627237994,-0.5889668627237994,0
cobyla,standard,395,396.0,-0.5889668627237994,-0.5889668627237994,0
cobyla,standard,396,397.0,-0.5889668627237994,-0.5889668627237994,0
cobyla,standard,397,398.0,-0.5889668627237994,-0.5889668627237994,0
cobyla,standard,398,399.0,-0.6034997821350446,-0.6034997821350446,0
cobyla,standard,399,400.0,-0.6034997821350446,-0.6034997821350446,0
cobyla,standard,400,401.0,-0.6034997821350446,-0.6034997821350446,0
cobyla,standard,401,402.0,-0.6034997821350446,-0.6034997821350446,0
cobyla,standard,402,403.0,-0.6034997821350446,-0.6034997821350446,0
cobyla,standard,403,404.0,-0.6034997821350446,-0.6034997821350446,0
cobyla,standard,404,405.0,-0.6034997821350446,-0.6034997821350446,0
cobyla,standard,405,406.0,-0.6034997821350446,-0.6034997821350446,0
cobyla,standard,406,407.0,-0.6034997821350446,-0.6034997821350446,0
cobyla,standard,407,408.0,-0.6124307486272859,-0.6124307486272859,0
cobyla,standard,408,409.0,-0.6124307486272859,-0.6124307486272859,0
cobyla,standard,409,410.0,-0.6249145713794679,-0.6249145713794679,0
cobyla,standard,410,411.0,-0.6249145713794679,-0.6249145713794679,0
cobyla,standard,411,412.0,-0.6249145713794679,-0.6249145713794679,0
cobyla,standard,412,413.0,-0.6249145713794679,-0.6249145713794679,0
cobyla,standard,413,414.0,-0.6328669699230266,-0.6328669699230266,0
cobyla,standard,414,415.0,-0.6328669699230266,-0.6328669699230266,0
cobyla,standard,415,416.0,-0.6328669699230266,-0.6328669699230266,0
cobyla,standard,416,417.0,-0.6328669699230266,-0.6328669699230266,0
cobyla,standard,417,418.0,-0.6328669699230266,-0.6328669699230266,0
cobyla,standard,418,419.0,-0.6328669699230266,-0.6328669699230266,0
cobyla,standard,419,420.0,-0.6409490867435331,-0.6409490867435331,0
cobyla,standard,420,421.0,-0.6409490867435331,-0.6409490867435331,0
cobyla,standard,421,422.0,-0.6409490867435331,-0.6409490867435331,0
cobyla,standard,422,423.0,-0.6597140715526303,-0.6597140715526303,0
cobyla,standard,423,424.0,-0.6597140715526303,-0.6597140715526303,0
cobyla,standard,424,425.0,-0.6597140715526303,-0.6597140715526303,0
cobyla,standard,425,426.0,-0.6597140715526303,-0.6597140715526303,0
cobyla,standard,426,427.0,-0.6597140715526303,-0.6597140715526303,0
cobyla,standard,427,428.0,-0.6597140715526303,-0.6597140715526303,0
cobyla,standard,428,429.0,-0.6597140715526303,-0.6597140715526303,0
cobyla,standard,429,430.0,-0.6597140715526303,-0.6597140715526303,0
cobyla,standard,430,431.0,-0.6597140715526303,-0.6597140715526303,0
cobyla,standard,431,432.0,-0.6597140715526303,-0.6597140715526303,0
cobyla,standard,432,433.0,-0.6597140715526303,-0.6597140715526303,0
cobyla,standard,433,434.0,-0.6636389774017063,-0.6636389774017063,0
cobyla,standard,434,435.0,-0.6636389774017063,-0.6636389774017063,0
cobyla,standard,435,436.0,-0.6636389774017063,-0.6636389774017063,0
cobyla,standard,436,437.0,-0.6636389774017063,-0.6636389774017063,0
cobyla,standard,437,438.0,-0.6636389774017063,-0.6636389774017063,0
cobyla,standard,438,439.0,-0.6636389774017063,-0.6636389774017063,0
cobyla,standard,439,440.0,-0.6636389774017063,-0.6636389774017063,0
cobyla,standard,440,441.0,-0.6636389774017063,-0.6636389774017063,0
cobyla,standard,441,442.0,-0.6636389774017063,-0.6636389774017063,0
cobyla,standard,442,443.0,-0.6636389774017063,-0.6636389774017063,0
cobyla,standard,443,444.0,-0.6636389774017063,-0.6636389774017063,0
cobyla,standard,444,445.0,-0.6636389774017063,-0.6636389774017063,0
cobyla,standard,445,446.0,-0.6775524092969372,-0.6775524092969372,0
cobyla,standard,446,447.0,-0.6775524092969372,-0.6775524092969372,0
cobyla,standard,447,448.0,-0.6796119992350114,-0.6796119992350114,0
cobyla,standard,448,449.0,-0.6796119992350114,-0.6796119992350114,0
cobyla,standard,449,450.0,-0.6796119992350114,-0.6796119992350114,0
cobyla,standard,450,451.0,-0.6796119992350114,-0.6796119992350114,0
cobyla,standard,451,452.0,-0.6796119992350114,-0.6796119992350114,0
cobyla,standard,452,453.0,-0.6796119992350114,-0.6796119992350114,0
cobyla,standard,453,454.0,-0.6807646164250463,-0.6807646164250463,0
cobyla,standard,454,455.0,-0.6807646164250463,-0.6807646164250463,0
cobyla,standard,455,456.0,-0.6807646164250463,-0.6807646164250463,0
cobyla,standard,456,457.0,-0.6807646164250463,-0.6807646164250463,0
cobyla,standard,457,458.0,-0.6807646164250463,-0.6807646164250463,0
cobyla,standard,458,459.0,-0.6807646164250463,-0.6807646164250463,0
cobyla,standard,459,460.0,-0.6807646164250463,-0.6807646164250463,0
cobyla,standard,460,461.0,-0.6807646164250463,-0.6807646164250463,0
cobyla,standard,461,462.0,-0.6807646164250463,-0.6807646164250463,0
cobyla,standard,462,463.0,-0.7176721106926996,-0.7176721106926996,0
cobyla,standard,463,464.0,-0.7176721106926996,-0.7176721106926996,0
cobyla,standard,464,465.0,-0.7176721106926996,-0.7176721106926996,0
cobyla,standard,465,466.0,-0.7176721106926996,-0.7176721106926996,0
cobyla,standard,466,467.0,-0.7176721106926996,-0.7176721106926996,0
cobyla,standard,467,468.0,-0.7176721106926996,-0.7176721106926996,0
cobyla,standard,468,469.0,-0.7176721106926996,-0.7176721106926996,0
cobyla,standard,469,470.0,-0.7176721106926996,-0.7176721106926996,0
cobyla,standard,470,471.0,-0.7176721106926996,-0.7176721106926996,0
cobyla,standard,471,472.0,-0.7176721106926996,-0.7176721106926996,0
cobyla,standard,472,473.0,-0.7176721106926996,-0.7176721106926996,0
cobyla,standard,473,474.0,-0.7176721106926996,-0.7176721106926996,0
cobyla,standard,474,475.0,-0.7176721106926996,-0.7176721106926996,0
cobyla,standard,475,476.0,-0.7176721106926996,-0.7176721106926996,0
cobyla,standard,476,477.0,-0.7176721106926996,-0.7176721106926996,0
cobyla,standard,477,478.0,-0.7176721106926996,-0.7176721106926996,0
cobyla,standard,478,479.0,-0.7176721106926996,-0.7176721106926996,0
cobyla,standard,479,480.0,-0.7176721106926996,-0.7176721106926996,0
cobyla,standard,480,481.0,-0.7176721106926996,-0.7176721106926996,0
cobyla,standard,481,482.0,-0.7176721106926996,-0.7176721106926996,0
cobyla,standard,482,483.0,-0.7176721106926996,-0.7176721106926996,0
cobyla,standard,483,484.0,-0.7176721106926996,-0.7176721106926996,0
cobyla,standard,484,485.0,-0.7176721106926996,-0.7176721106926996,0
cobyla,standard,485,486.0,-0.7269282468839544,-0.7269282468839544,0
cobyla,standard,486,487.0,-0.7269282468839544,-0.7269282468839544,0
cobyla,standard,487,488.0,-0.7269282468839544,-0.7269282468839544,0
cobyla,standard,488,489.0,-0.7269282468839544,-0.7269282468839544,0
cobyla,standard,489,490.0,-0.7269282468839544,-0.7269282468839544,0
cobyla,standard,490,491.0,-0.7269282468839544,-0.7269282468839544,0
cobyla,standard,491,492.0,-0.7269282468839544,-0.7269282468839544,0
cobyla,standard,492,493.0,-0.7269282468839544,-0.7269282468839544,0
cobyla,standard,493,494.0,-0.7269282468839544,-0.7269282468839544,0
cobyla,standard,494,495.0,-0.7269282468839544,-0.7269282468839544,0
cobyla,standard,495,496.0,-0.7269282468839544,-0.7269282468839544,0
cobyla,standard,496,497.0,-0.7269282468839544,-0.7269282468839544,0
cobyla,standard,497,498.0,-0.7269282468839544,-0.7269282468839544,0
cobyla,standard,498,499.0,-0.7269282468839544,-0.7269282468839544,0
cobyla,standard,499,500.0,-0.7269282468839544,-0.7269282468839544,0
cobyla,standard,500,501.0,-0.7269282468839544,-0.7269282468839544,0
cobyla,standard,501,502.0,-0.7269282468839544,-0.7269282468839544,0
cobyla,standard,502,503.0,-0.7269282468839544,-0.7269282468839544,0
cobyla,standard,503,504.0,-0.7317026700404651,-0.7317026700404651,0
cobyla,standard,504,505.0,-0.7317026700404651,-0.7317026700404651,0
cobyla,standard,505,506.0,-0.7349935364159603,-0.7349935364159603,0
cobyla,standard,506,507.0,-0.7349935364159603,-0.7349935364159603,0
cobyla,standard,507,508.0,-0.7349935364159603,-0.7349935364159603,0
cobyla,standard,508,509.0,-0.7349935364159603,-0.7349935364159603,0
cobyla,standard,509,510.0,-0.7349935364159603,-0.7349935364159603,0
cobyla,standard,510,511.0,-0.7754534181755044,-0.7754534181755044,0
cobyla,standard,511,512.0,-0.7754534181755044,-0.7754534181755044,0
cobyla,standard,512,513.0,-0.7834556000414921,-0.7834556000414921,0
cobyla,standard,513,514.0,-0.7869837254829669,-0.7869837254829669,0
cobyla,standard,514,515.0,-0.7869837254829669,-0.7869837254829669,0
cobyla,standard,515,516.0,-0.7869837254829669,-0.7869837254829669,0
cobyla,standard,516,517.0,-0.7869837254829669,-0.7869837254829669,0
cobyla,standard,517,518.0,-0.7869837254829669,-0.7869837254829669,0
cobyla,standard,518,519.0,-0.7869837254829669,-0.7869837254829669,0
cobyla,standard,519,520.0,-0.7869837254829669,-0.7869837254829669,0
cobyla,standard,520,521.0,-0.8110413685211534,-0.8110413685211534,0
cobyla,standard,521,522.0,-0.814817502556092,-0.814817502556092,0
cobyla,standard,522,523.0,-0.814817502556092,-0.814817502556092,0
cobyla,standard,523,524.0,-0.814817502556092,-0.814817502556092,0
cobyla,standard,524,525.0,-0.814817502556092,-0.814817502556092,0
cobyla,standard,525,526.0,-0.814817502556092,-0.814817502556092,0
cobyla,standard,526,527.0,-0.814817502556092,-0.814817502556092,0
cobyla,standard,527,528.0,-0.814817502556092,-0.814817502556092,0
cobyla,standard,528,529.0,-0.814817502556092,-0.814817502556092,0
cobyla,standard,529,530.0,-0.814817502556092,-0.814817502556092,0
cobyla,standard,530,531.0,-0.814817502556092,-0.814817502556092,0
cobyla,standard,531,532.0,-0.814817502556092,-0.814817502556092,0
cobyla,standard,532,533.0,-0.814817502556092,-0.814817502556092,0
cobyla,standard,533,534.0,-0.814817502556092,-0.814817502556092,0
cobyla,standard,534,535.0,-0.8228313111838289,-0.8228313111838289,0
cobyla,standard,535,536.0,-0.8497515006093683,-0.8497515006093683,0
cobyla,standard,536,537.0,-0.8497515006093683,-0.8497515006093683,0
cobyla,standard,537,538.0,-0.8497515006093683,-0.8497515006093683,0
cobyla,standard,538,539.0,-0.8497515006093683,-0.8497515006093683,0
cobyla,standard,539,540.0,-0.859429108485465,-0.859429108485465,0
cobyla,standard,540,541.0,-0.859429108485465,-0.859429108485465,0
cobyla,standard,541,542.0,-0.859429108485465,-0.859429108485465,0
cobyla,standard,542,543.0,-0.859429108485465,-0.859429108485465,0
cobyla,standard,543,544.0,-0.859429108485465,-0.859429108485465,0
cobyla,standard,544,545.0,-0.859429108485465,-0.859429108485465,0
cobyla,standard,545,546.0,-0.859429108485465,-0.859429108485465,0
cobyla,standard,546,547.0,-0.859429108485465,-0.859429108485465,0
cobyla,standard,547,548.0,-0.8745338994256908,-0.8745338994256908,0
cobyla,standard,548,549.0,-0.8745338994256908,-0.8745338994256908,0
cobyla,standard,549,550.0,-0.8745338994256908,-0.8745338994256908,0
cobyla,standard,550,551.0,-0.8745338994256908,-0.8745338994256908,0
cobyla,standard,551,552.0,-0.8745338994256908,-0.8745338994256908,0
cobyla,standard,552,553.0,-0.8888275948993096,-0.8888275948993096,0
cobyla,standard,553,554.0,-0.897861981146344,-0.897861981146344,0
cobyla,standard,554,555.0,-0.897861981146344,-0.897861981146344,0
cobyla,standard,555,556.0,-0.897861981146344,-0.897861981146344,0
cobyla,standard,556,557.0,-0.897861981146344,-0.897861981146344,0
cobyla,standard,557,558.0,-0.9108961870969622,-0.9108961870969622,0
cobyla,standard,558,559.0,-0.9233533415447644,-0.9233533415447644,0
cobyla,standard,559,560.0,-0.9387118654078663,-0.9387118654078663,0
cobyla,standard,560,561.0,-0.9387118654078663,-0.9387118654078663,0
cobyla,standard,561,562.0,-0.9387118654078663,-0.9387118654078663,0
cobyla,standard,562,563.0,-0.9387118654078663,-0.9387118654078663,0
cobyla,standard,563,564.0,-0.9387118654078663,-0.9387118654078663,0
cobyla,standard,564,565.0,-0.9387118654078663,-0.9387118654078663,0
cobyla,standard,565,566.0,-0.9387118654078663,-0.9387118654078663,0
cobyla,standard,566,567.0,-0.9387118654078663,-0.9387118654078663,0
cobyla,standard,567,568.0,-0.9713212475047729,-0.9713212475047729,0
cobyla,standard,568,569.0,-0.9713212475047729,-0.9713212475047729,0
cobyla,standard,569,570.0,-0.9714743698820028,-0.9714743698820028,0
cobyla,standard,570,571.0,-0.9714743698820028,-0.9714743698820028,0
cobyla,standard,571,572.0,-0.9714743698820028,-0.9714743698820028,0
cobyla,standard,572,573.0,-0.9714743698820028,-0.9714743698820028,0
cobyla,standard,573,574.0,-0.9714743698820028,-0.9714743698820028,0
cobyla,standard,574,575.0,-0.9714743698820028,-0.9714743698820028,0
cobyla,standard,575,576.0,-0.9714743698820028,-0.9714743698820028,0
cobyla,standard,576,577.0,-0.9714743698820028,-0.9714743698820028,0
cobyla,standard,577,578.0,-0.9875000852578697,-0.9875000852578697,0
cobyla,standard,578,579.0,-0.9954481679714632,-0.9954481679714632,0
cobyla,standard,579,580.0,-0.9954481679714632,-0.9954481679714632,0
cobyla,standard,580,581.0,-0.9954481679714632,-0.9954481679714632,0
cobyla,standard,581,582.0,-0.9954481679714632,-0.9954481679714632,0
cobyla,standard,582,583.0,-1.0006788901254866,-1.0006788901254866,0
cobyla,standard,583,584.0,-1.0006788901254866,-1.0006788901254866,0
cobyla,standard,584,585.0,-1.0006788901254866,-1.0006788901254866,0
cobyla,standard,585,586.0,-1.0006788901254866,-1.0006788901254866,0
cobyla,standard,586,587.0,-1.0032057536821806,-1.0032057536821806,0
cobyla,standard,587,588.0,-1.0032057536821806,-1.0032057536821806,0
cobyla,standard,588,589.0,-1.0032057536821806,-1.0032057536821806,0
cobyla,standard,589,590.0,-1.0101110816686778,-1.0101110816686778,0
cobyla,standard,590,591.0,-1.012132956270765,-1.012132956270765,0
cobyla,standard,591,592.0,-1.012132956270765,-1.012132956270765,0
cobyla,standard,592,593.0,-1.012132956270765,-1.012132956270765,0
cobyla,standard,593,594.0,-1.030958219947018,-1.030958219947018,0
cobyla,standard,594,595.0,-1.030958219947018,-1.030958219947018,0
cobyla,standard,595,596.0,-1.0486424503717298,-1.0486424503717298,0
cobyla,standard,596,597.0,-1.0486424503717298,-1.0486424503717298,0
cobyla,standard,597,598.0,-1.0486424503717298,-1.0486424503717298,0
cobyla,standard,598,599.0,-1.0486424503717298,-1.0486424503717298,0
cobyla,standard,599,600.0,-1.0486424503717298,-1.0486424503717298,0
cobyla,standard,600,601.0,-1.0486424503717298,-1.0486424503717298,0
cobyla,standard,601,602.0,-1.0486424503717298,-1.0486424503717298,0
cobyla,standard,602,603.0,-1.0549775802160675,-1.0549775802160675,0
cobyla,standard,603,604.0,-1.0549775802160675,-1.0549775802160675,0
cobyla,standard,604,605.0,-1.0549775802160675,-1.0549775802160675,0
cobyla,standard,605,606.0,-1.0549775802160675,-1.0549775802160675,0
cobyla,standard,606,607.0,-1.0549775802160675,-1.0549775802160675,0
cobyla,standard,607,608.0,-1.0559710434244916,-1.0559710434244916,0
cobyla,standard,608,609.0,-1.0559710434244916,-1.0559710434244916,0
cobyla,standard,609,610.0,-1.0559710434244916,-1.0559710434244916,0
cobyla,standard,610,611.0,-1.0559710434244916,-1.0559710434244916,0
cobyla,standard,611,612.0,-1.0559710434244916,-1.0559710434244916,0
cobyla,standard,612,613.0,-1.0559710434244916,-1.0559710434244916,0
cobyla,standard,613,614.0,-1.0559710434244916,-1.0559710434244916,0
cobyla,standard,614,615.0,-1.0635054616975546,-1.0635054616975546,0
cobyla,standard,615,616.0,-1.0635054616975546,-1.0635054616975546,0
cobyla,standard,616,617.0,-1.0635054616975546,-1.0635054616975546,0
cobyla,standard,617,618.0,-1.0635054616975546,-1.0635054616975546,0
cobyla,standard,618,619.0,-1.0657301596039672,-1.0657301596039672,0
cobyla,standard,619,620.0,-1.0657301596039672,-1.0657301596039672,0
cobyla,standard,620,621.0,-1.0657301596039672,-1.0657301596039672,0
cobyla,standard,621,622.0,-1.0739579251879308,-1.0739579251879308,0
cobyla,standard,622,623.0,-1.0739579251879308,-1.0739579251879308,0
cobyla,standard,623,624.0,-1.0739579251879308,-1.0739579251879308,0
cobyla,standard,624,625.0,-1.0739579251879308,-1.0739579251879308,0
cobyla,standard,625,626.0,-1.0739579251879308,-1.0739579251879308,0
cobyla,standard,626,627.0,-1.078742528004612,-1.078742528004612,0
cobyla,standard,627,628.0,-1.078742528004612,-1.078742528004612,0
cobyla,standard,628,629.0,-1.078742528004612,-1.078742528004612,0
cobyla,standard,629,630.0,-1.078742528004612,-1.078742528004612,0
cobyla,standard,630,631.0,-1.078742528004612,-1.078742528004612,0
cobyla,standard,631,632.0,-1.078742528004612,-1.078742528004612,0
cobyla,standard,632,633.0,-1.078742528004612,-1.078742528004612,0
cobyla,standard,633,634.0,-1.08968434561379,-1.08968434561379,0
cobyla,standard,634,635.0,-1.08968434561379,-1.08968434561379,0
cobyla,standard,635,636.0,-1.08968434561379,-1.08968434561379,0
cobyla,standard,636,637.0,-1.08968434561379,-1.08968434561379,0
cobyla,standard,637,638.0,-1.08968434561379,-1.08968434561379,0
cobyla,standard,638,639.0,-1.094653694201586,-1.094653694201586,0
cobyla,standard,639,640.0,-1.094653694201586,-1.094653694201586,0
cobyla,standard,640,641.0,-1.094653694201586,-1.094653694201586,0
cobyla,standard,641,642.0,-1.094653694201586,-1.094653694201586,0
cobyla,standard,642,643.0,-1.094653694201586,-1.094653694201586,0
cobyla,standard,643,644.0,-1.094653694201586,-1.094653694201586,0
cobyla,standard,644,645.0,-1.094653694201586,-1.094653694201586,0
cobyla,standard,645,646.0,-1.094653694201586,-1.094653694201586,0
cobyla,standard,646,647.0,-1.0960495804363675,-1.0960495804363675,0
cobyla,standard,647,648.0,-1.0960495804363675,-1.0960495804363675,0
cobyla,standard,648,649.0,-1.0960495804363675,-1.0960495804363675,0
cobyla,standard,649,650.0,-1.0960495804363675,-1.0960495804363675,0
cobyla,standard,650,651.0,-1.0960495804363675,-1.0960495804363675,0
cobyla,standard,651,652.0,-1.0960495804363675,-1.0960495804363675,0
cobyla,standard,652,653.0,-1.0960495804363675,-1.0960495804363675,0
cobyla,standard,653,654.0,-1.0960495804363675,-1.0960495804363675,0
cobyla,standard,654,655.0,-1.0960495804363675,-1.0960495804363675,0
cobyla,standard,655,656.0,-1.0960495804363675,-1.0960495804363675,0
cobyla,standard,656,657.0,-1.0960495804363675,-1.0960495804363675,0
cobyla,standard,657,658.0,-1.0960495804363675,-1.0960495804363675,0
cobyla,standard,658,659.0,-1.0960495804363675,-1.0960495804363675,0
cobyla,standard,659,660.0,-1.0960495804363675,-1.0960495804363675,0
cobyla,standard,660,661.0,-1.0960495804363675,-1.0960495804363675,0
cobyla,standard,661,662.0,-1.1026109951701517,-1.1026109951701517,0
cobyla,standard,662,663.0,-1.1026109951701517,-1.1026109951701517,0
cobyla,standard,663,664.0,-1.1026109951701517,-1.1026109951701517,0
cobyla,standard,664,665.0,-1.1026109951701517,-1.1026109951701517,0
cobyla,standard,665,666.0,-1.103124301757178,-1.103124301757178,0
cobyla,standard,666,667.0,-1.103124301757178,-1.103124301757178,0
cobyla,standard,667,668.0,-1.1071882315106305,-1.1071882315106305,0
cobyla,standard,668,669.0,-1.1076210891235325,-1.1076210891235325,0
cobyla,standard,669,670.0,-1.1076210891235325,-1.1076210891235325,0
cobyla,standard,670,671.0,-1.1076210891235325,-1.1076210891235325,0
cobyla,standard,671,672.0,-1.1076210891235325,-1.1076210891235325,0
cobyla,standard,672,673.0,-1.1088508744561285,-1.1088508744561285,0
cobyla,standard,673,674.0,-1.1088508744561285,-1.1088508744561285,0
cobyla,standard,674,675.0,-1.1088508744561285,-1.1088508744561285,0
cobyla,standard,675,676.0,-1.1152819754099035,-1.1152819754099035,0
cobyla,standard,676,677.0,-1.1152819754099035,-1.1152819754099035,0
cobyla,standard,677,678.0,-1.1152819754099035,-1.1152819754099035,0
cobyla,standard,678,679.0,-1.1152819754099035,-1.1152819754099035,0
cobyla,standard,679,680.0,-1.1152819754099035,-1.1152819754099035,0
cobyla,standard,680,681.0,-1.1152819754099035,-1.1152819754099035,0
cobyla,standard,681,682.0,-1.1152819754099035,-1.1152819754099035,0
cobyla,standard,682,683.0,-1.1152819754099035,-1.1152819754099035,0
cobyla,standard,683,684.0,-1.1152819754099035,-1.1152819754099035,0
cobyla,standard,684,685.0,-1.1155596094555604,-1.1155596094555604,0
cobyla,standard,685,686.0,-1.1155596094555604,-1.1155596094555604,0
cobyla,standard,686,687.0,-1.1155596094555604,-1.1155596094555604,0
cobyla,standard,687,688.0,-1.1155596094555604,-1.1155596094555604,0
cobyla,standard,688,689.0,-1.1155596094555604,-1.1155596094555604,0
cobyla,standard,689,690.0,-1.1155596094555604,-1.1155596094555604,0
cobyla,standard,690,691.0,-1.1155596094555604,-1.1155596094555604,0
cobyla,standard,691,692.0,-1.1159535903036966,-1.1159535903036966,0
cobyla,standard,692,693.0,-1.1159535903036966,-1.1159535903036966,0
cobyla,standard,693,694.0,-1.1205264828209351,-1.1205264828209351,0
cobyla,standard,694,695.0,-1.1276735461987795,-1.1276735461987795,0
cobyla,standard,695,696.0,-1.1276735461987795,-1.1276735461987795,0
cobyla,standard,696,697.0,-1.1336573603821054,-1.1336573603821054,0
cobyla,standard,697,698.0,-1.1336573603821054,-1.1336573603821054,0
cobyla,standard,698,699.0,-1.1409814278188457,-1.1409814278188457,0
cobyla,standard,699,700.0,-1.1409814278188457,-1.1409814278188457,0
cobyla,standard,700,701.0,-1.1409814278188457,-1.1409814278188457,0
cobyla,standard,701,702.0,-1.1409814278188457,-1.1409814278188457,0
cobyla,standard,702,703.0,-1.1491928791389074,-1.1491928791389074,0
cobyla,standard,703,704.0,-1.1559666119627101,-1.1559666119627101,0
cobyla,standard,704,705.0,-1.1559666119627101,-1.1559666119627101,0
cobyla,standard,705,706.0,-1.1559666119627101,-1.1559666119627101,0
cobyla,standard,706,707.0,-1.1559666119627101,-1.1559666119627101,0
cobyla,standard,707,708.0,-1.1559666119627101,-1.1559666119627101,0
cobyla,standard,708,709.0,-1.1595270265267055,-1.1595270265267055,0
cobyla,standard,709,710.0,-1.1595270265267055,-1.1595270265267055,0
cobyla,standard,710,711.0,-1.1674089854077594,-1.1674089854077594,0
cobyla,standard,711,712.0,-1.1674089854077594,-1.1674089854077594,0
cobyla,standard,712,713.0,-1.1743509628368465,-1.1743509628368465,0
cobyla,standard,713,714.0,-1.1743509628368465,-1.1743509628368465,0
cobyla,standard,714,715.0,-1.1743509628368465,-1.1743509628368465,0
cobyla,standard,715,716.0,-1.1815943597793348,-1.1815943597793348,0
cobyla,standard,716,717.0,-1.184621397414918,-1.184621397414918,0
cobyla,standard,717,718.0,-1.184621397414918,-1.184621397414918,0
cobyla,standard,718,719.0,-1.184621397414918,-1.184621397414918,0
cobyla,standard,719,720.0,-1.184621397414918,-1.184621397414918,0
cobyla,standard,720,721.0,-1.184621397414918,-1.184621397414918,0
cobyla,standard,721,722.0,-1.184621397414918,-1.184621397414918,0
cobyla,standard,722,723.0,-1.184621397414918,-1.184621397414918,0
cobyla,standard,723,724.0,-1.2073521038580142,-1.2073521038580142,0
cobyla,standard,724,725.0,-1.2073521038580142,-1.2073521038580142,0
cobyla,standard,725,726.0,-1.2073521038580142,-1.2073521038580142,0
cobyla,standard,726,727.0,-1.2073521038580142,-1.2073521038580142,0
cobyla,standard,727,728.0,-1.2073521038580142,-1.2073521038580142,0
cobyla,standard,728,729.0,-1.2073521038580142,-1.2073521038580142,0
cobyla,standard,729,730.0,-1.2073521038580142,-1.2073521038580142,0
cobyla,standard,730,731.0,-1.2125554755389096,-1.2125554755389096,0
cobyla,standard,731,732.0,-1.2125554755389096,-1.2125554755389096,0
cobyla,standard,732,733.0,-1.2125554755389096,-1.2125554755389096,0
cobyla,standard,733,734.0,-1.2125554755389096,-1.2125554755389096,0
cobyla,standard,734,735.0,-1.2125554755389096,-1.2125554755389096,0
cobyla,standard,735,736.0,-1.2125554755389096,-1.2125554755389096,0
cobyla,standard,736,737.0,-1.2161326017126481,-1.2161326017126481,0
cobyla,standard,737,738.0,-1.2161326017126481,-1.2161326017126481,0
cobyla,standard,738,739.0,-1.2161326017126481,-1.2161326017126481,0
cobyla,standard,739,740.0,-1.2161326017126481,-1.2161326017126481,0
cobyla,standard,740,741.0,-1.2164280732706154,-1.2164280732706154,0
cobyla,standard,741,742.0,-1.2164280732706154,-1.2164280732706154,0
cobyla,standard,742,743.0,-1.2168125013274953,-1.2168125013274953,0
cobyla,standard,743,744.0,-1.2168125013274953,-1.2168125013274953,0
cobyla,standard,744,745.0,-1.2168125013274953,-1.2168125013274953,0
cobyla,standard,745,746.0,-1.2168125013274953,-1.2168125013274953,0
cobyla,standard,746,747.0,-1.2168125013274953,-1.2168125013274953,0
cobyla,standard,747,748.0,-1.2168125013274953,-1.2168125013274953,0
cobyla,standard,748,749.0,-1.2168125013274953,-1.2168125013274953,0
cobyla,standard,749,750.0,-1.2168125013274953,-1.2168125013274953,0
cobyla,standard,750,751.0,-1.221927623172793,-1.221927623172793,0
cobyla,standard,751,752.0,-1.221927623172793,-1.221927623172793,0
cobyla,standard,752,753.0,-1.221927623172793,-1.221927623172793,0
cobyla,standard,753,754.0,-1.221927623172793,-1.221927623172793,0
cobyla,standard,754,755.0,-1.221927623172793,-1.221927623172793,0
cobyla,standard,755,756.0,-1.221927623172793,-1.221927623172793,0
cobyla,standard,756,757.0,-1.2262335907104869,-1.2262335907104869,0
cobyla,standard,757,758.0,-1.2262335907104869,-1.2262335907104869,0
cobyla,standard,758,759.0,-1.2262335907104869,-1.2262335907104869,0
cobyla,standard,759,760.0,-1.2262335907104869,-1.2262335907104869,0
cobyla,standard,760,761.0,-1.2262335907104869,-1.2262335907104869,0
cobyla,standard,761,762.0,-1.2262335907104869,-1.2262335907104869,0
cobyla,standard,762,763.0,-1.2326969134659436,-1.2326969134659436,0
cobyla,standard,763,764.0,-1.2326969134659436,-1.2326969134659436,0
cobyla,standard,764,765.0,-1.2326969134659436,-1.2326969134659436,0
cobyla,standard,765,766.0,-1.2326969134659436,-1.2326969134659436,0
cobyla,standard,766,767.0,-1.2326969134659436,-1.2326969134659436,0
cobyla,standard,767,768.0,-1.2326969134659436,-1.2326969134659436,0
cobyla,standard,768,769.0,-1.2326969134659436,-1.2326969134659436,0
cobyla,standard,769,770.0,-1.2326969134659436,-1.2326969134659436,0
cobyla,standard,770,771.0,-1.2326969134659436,-1.2326969134659436,0
cobyla,standard,771,772.0,-1.2368530594329115,-1.2368530594329115,0
cobyla,standard,772,773.0,-1.2424487915085858,-1.2424487915085858,0
cobyla,standard,773,774.0,-1.2512727926886833,-1.2512727926886833,0
cobyla,standard,774,775.0,-1.2534557754939122,-1.2534557754939122,0
cobyla,standard,775,776.0,-1.2534557754939122,-1.2534557754939122,0
cobyla,standard,776,777.0,-1.2562598821062751,-1.2562598821062751,0
cobyla,standard,777,778.0,-1.2562598821062751,-1.2562598821062751,0
cobyla,standard,778,779.0,-1.2562598821062751,-1.2562598821062751,0
cobyla,standard,779,780.0,-1.2562598821062751,-1.2562598821062751,0
cobyla,standard,780,781.0,-1.2562598821062751,-1.2562598821062751,0
cobyla,standard,781,782.0,-1.2562598821062751,-1.2562598821062751,0
cobyla,standard,782,783.0,-1.2562598821062751,-1.2562598821062751,0
cobyla,standard,783,784.0,-1.2562598821062751,-1.2562598821062751,0
cobyla,standard,784,785.0,-1.2562598821062751,-1.2562598821062751,0
cobyla,standard,785,786.0,-1.2562598821062751,-1.2562598821062751,0
cobyla,standard,786,787.0,-1.2562598821062751,-1.2562598821062751,0
cobyla,standard,787,788.0,-1.2562598821062751,-1.2562598821062751,0
cobyla,standard,788,789.0,-1.2562598821062751,-1.2562598821062751,0
cobyla,standard,789,790.0,-1.2562598821062751,-1.2562598821062751,0
cobyla,standard,790,791.0,-1.2562598821062751,-1.2562598821062751,0
cobyla,standard,791,792.0,-1.2562598821062751,-1.2562598821062751,0
cobyla,standard,792,793.0,-1.2562598821062751,-1.2562598821062751,0
cobyla,standard,793,794.0,-1.2562598821062751,-1.2562598821062751,0
cobyla,standard,794,795.0,-1.2565597769668069,-1.2565597769668069,0
cobyla,standard,795,796.0,-1.2565597769668069,-1.2565597769668069,0
cobyla,standard,796,797.0,-1.2565597769668069,-1.2565597769668069,0
cobyla,standard,797,798.0,-1.2565597769668069,-1.2565597769668069,0
cobyla,standard,798,799.0,-1.2565597769668069,-1.2565597769668069,0
cobyla,standard,799,800.0,-1.261296452101718,-1.261296452101718,0
cobyla,standard,800,801.0,-1.261296452101718,-1.261296452101718,0
cobyla,standard,801,802.0,-1.261296452101718,-1.261296452101718,0
cobyla,standard,802,803.0,-1.261296452101718,-1.261296452101718,0
cobyla,standard,803,804.0,-1.261296452101718,-1.261296452101718,0
cobyla,standard,804,805.0,-1.261296452101718,-1.261296452101718,0
cobyla,standard,805,806.0,-1.261296452101718,-1.261296452101718,0
cobyla,standard,806,807.0,-1.261296452101718,-1.261296452101718,0
cobyla,standard,807,808.0,-1.261296452101718,-1.261296452101718,0
cobyla,standard,808,809.0,-1.261296452101718,-1.261296452101718,0
cobyla,standard,809,810.0,-1.261296452101718,-1.261296452101718,0
cobyla,standard,810,811.0,-1.2626434992789661,-1.2626434992789661,0
cobyla,standard,811,812.0,-1.2626434992789661,-1.2626434992789661,0
cobyla,standard,812,813.0,-1.2668327988350276,-1.2668327988350276,0
cobyla,standard,813,814.0,-1.2668327988350276,-1.2668327988350276,0
cobyla,standard,814,815.0,-1.2668327988350276,-1.2668327988350276,0
cobyla,standard,815,816.0,-1.267057757822575,-1.267057757822575,0
cobyla,standard,816,817.0,-1.267057757822575,-1.267057757822575,0
cobyla,standard,817,818.0,-1.267057757822575,-1.267057757822575,0
cobyla,standard,818,819.0,-1.267057757822575,-1.267057757822575,0
cobyla,standard,819,820.0,-1.267973422236713,-1.267973422236713,0
cobyla,standard,820,821.0,-1.2735707017686415,-1.2735707017686415,0
cobyla,standard,821,822.0,-1.2735707017686415,-1.2735707017686415,0
cobyla,standard,822,823.0,-1.2735707017686415,-1.2735707017686415,0
cobyla,standard,823,824.0,-1.2735707017686415,-1.2735707017686415,0
cobyla,standard,824,825.0,-1.2735707017686415,-1.2735707017686415,0
cobyla,standard,825,826.0,-1.2735707017686415,-1.2735707017686415,0
cobyla,standard,826,827.0,-1.2735707017686415,-1.2735707017686415,0
cobyla,standard,827,828.0,-1.2735707017686415,-1.2735707017686415,0
cobyla,standard,828,829.0,-1.2735707017686415,-1.2735707017686415,0
cobyla,standard,829,830.0,-1.2735707017686415,-1.2735707017686415,0
cobyla,standard,830,831.0,-1.2735707017686415,-1.2735707017686415,0
cobyla,standard,831,832.0,-1.2735707017686415,-1.2735707017686415,0
cobyla,standard,832,833.0,-1.2735707017686415,-1.2735707017686415,0
cobyla,standard,833,834.0,-1.2735707017686415,-1.2735707017686415,0
cobyla,standard,834,835.0,-1.2735707017686415,-1.2735707017686415,0
cobyla,standard,835,836.0,-1.283360987528834,-1.283360987528834,0
cobyla,standard,836,837.0,-1.283360987528834,-1.283360987528834,0
cobyla,standard,837,838.0,-1.283360987528834,-1.283360987528834,0
cobyla,standard,838,839.0,-1.283360987528834,-1.283360987528834,0
cobyla,standard,839,840.0,-1.283360987528834,-1.283360987528834,0
cobyla,standard,840,841.0,-1.2898423569338155,-1.2898423569338155,0
cobyla,standard,841,842.0,-1.2898423569338155,-1.2898423569338155,0
cobyla,standard,842,843.0,-1.2898423569338155,-1.2898423569338155,0
cobyla,standard,843,844.0,-1.2898423569338155,-1.2898423569338155,0
cobyla,standard,844,845.0,-1.2898423569338155,-1.2898423569338155,0
cobyla,standard,845,846.0,-1.2898423569338155,-1.2898423569338155,0
cobyla,standard,846,847.0,-1.2898423569338155,-1.2898423569338155,0
cobyla,standard,847,848.0,-1.2898423569338155,-1.2898423569338155,0
cobyla,standard,848,849.0,-1.2898423569338155,-1.2898423569338155,0
cobyla,standard,849,850.0,-1.2898423569338155,-1.2898423569338155,0
cobyla,standard,850,851.0,-1.2898423569338155,-1.2898423569338155,0
cobyla,standard,851,852.0,-1.2898423569338155,-1.2898423569338155,0
cobyla,standard,852,853.0,-1.2920563866063473,-1.2920563866063473,0
cobyla,standard,853,854.0,-1.2920563866063473,-1.2920563866063473,0
cobyla,standard,854,855.0,-1.2972441067735951,-1.2972441067735951,0
cobyla,standard,855,856.0,-1.2972441067735951,-1.2972441067735951,0
cobyla,standard,856,857.0,-1.2972441067735951,-1.2972441067735951,0
cobyla,standard,857,858.0,-1.2972441067735951,-1.2972441067735951,0
cobyla,standard,858,859.0,-1.2972441067735951,-1.2972441067735951,0
cobyla,standard,859,860.0,-1.2972441067735951,-1.2972441067735951,0
cobyla,standard,860,861.0,-1.2972441067735951,-1.2972441067735951,0
cobyla,standard,861,862.0,-1.2972441067735951,-1.2972441067735951,0
cobyla,standard,862,863.0,-1.2972441067735951,-1.2972441067735951,0
cobyla,standard,863,864.0,-1.2972441067735951,-1.2972441067735951,0
cobyla,standard,864,865.0,-1.2972441067735951,-1.2972441067735951,0
cobyla,standard,865,866.0,-1.2972441067735951,-1.2972441067735951,0
cobyla,standard,866,867.0,-1.2972441067735951,-1.2972441067735951,0
cobyla,standard,867,868.0,-1.2972441067735951,-1.2972441067735951,0
cobyla,standard,868,869.0,-1.2972441067735951,-1.2972441067735951,0
cobyla,standard,869,870.0,-1.2972441067735951,-1.2972441067735951,0
cobyla,standard,870,871.0,-1.2972441067735951,-1.2972441067735951,0
cobyla,standard,871,872.0,-1.2972441067735951,-1.2972441067735951,0
cobyla,standard,872,873.0,-1.2972441067735951,-1.2972441067735951,0
cobyla,standard,873,874.0,-1.2972441067735951,-1.2972441067735951,0
cobyla,standard,874,875.0,-1.2983788817474062,-1.2983788817474062,0
cobyla,standard,875,876.0,-1.2983788817474062,-1.2983788817474062,0
cobyla,standard,876,877.0,-1.3024269826547248,-1.3024269826547248,0
cobyla,standard,877,878.0,-1.3024269826547248,-1.3024269826547248,0
cobyla,standard,878,879.0,-1.3024269826547248,-1.3024269826547248,0
cobyla,standard,879,880.0,-1.3024269826547248,-1.3024269826547248,0
cobyla,standard,880,881.0,-1.3047286196644525,-1.3047286196644525,0
cobyla,standard,881,882.0,-1.3047286196644525,-1.3047286196644525,0
cobyla,standard,882,883.0,-1.3047286196644525,-1.3047286196644525,0
cobyla,standard,883,884.0,-1.3186239229117713,-1.3186239229117713,0
cobyla,standard,884,885.0,-1.3186239229117713,-1.3186239229117713,0
cobyla,standard,885,886.0,-1.3186239229117713,-1.3186239229117713,0
cobyla,standard,886,887.0,-1.3268327768979695,-1.3268327768979695,0
cobyla,standard,887,888.0,-1.3268327768979695,-1.3268327768979695,0
cobyla,standard,888,889.0,-1.3268327768979695,-1.3268327768979695,0
cobyla,standard,889,890.0,-1.3268327768979695,-1.3268327768979695,0
cobyla,standard,890,891.0,-1.3268327768979695,-1.3268327768979695,0
cobyla,standard,891,892.0,-1.3268327768979695,-1.3268327768979695,0
cobyla,standard,892,893.0,-1.3268327768979695,-1.3268327768979695,0
cobyla,standard,893,894.0,-1.3268327768979695,-1.3268327768979695,0
cobyla,standard,894,895.0,-1.3268327768979695,-1.3268327768979695,0
cobyla,standard,895,896.0,-1.3268327768979695,-1.3268327768979695,0
cobyla,standard,896,897.0,-1.3268327768979695,-1.3268327768979695,0
cobyla,standard,897,898.0,-1.3268327768979695,-1.3268327768979695,0
cobyla,standard,898,899.0,-1.3268327768979695,-1.3268327768979695,0
cobyla,standard,899,900.0,-1.3268327768979695,-1.3268327768979695,0
cobyla,standard,900,901.0,-1.3268327768979695,-1.3268327768979695,0
cobyla,standard,901,902.0,-1.3286023788608277,-1.3286023788608277,0
cobyla,standard,902,903.0,-1.3286023788608277,-1.3286023788608277,0
cobyla,standard,903,904.0,-1.3286023788608277,-1.3286023788608277,0
cobyla,standard,904,905.0,-1.3286023788608277,-1.3286023788608277,0
cobyla,standard,905,906.0,-1.3398197191341426,-1.3398197191341426,0
cobyla,standard,906,907.0,-1.3398197191341426,-1.3398197191341426,0
cobyla,standard,907,908.0,-1.3398197191341426,-1.3398197191341426,0
cobyla,standard,908,909.0,-1.3398197191341426,-1.3398197191341426,0
cobyla,standard,909,910.0,-1.3398197191341426,-1.3398197191341426,0
cobyla,standard,910,911.0,-1.3398197191341426,-1.3398197191341426,0
cobyla,standard,911,912.0,-1.3398197191341426,-1.3398197191341426,0
cobyla,standard,912,913.0,-1.3398197191341426,-1.3398197191341426,0
cobyla,standard,913,914.0,-1.3398197191341426,-1.3398197191341426,0
cobyla,standard,914,915.0,-1.3398197191341426,-1.3398197191341426,0
cobyla,standard,915,916.0,-1.344026911876315,-1.344026911876315,0
cobyla,standard,916,917.0,-1.344026911876315,-1.344026911876315,0
cobyla,standard,917,918.0,-1.344026911876315,-1.344026911876315,0
cobyla,standard,918,919.0,-1.344026911876315,-1.344026911876315,0
cobyla,standard,919,920.0,-1.344026911876315,-1.344026911876315,0
cobyla,standard,920,921.0,-1.344026911876315,-1.344026911876315,0
cobyla,standard,921,922.0,-1.344026911876315,-1.344026911876315,0
cobyla,standard,922,923.0,-1.344026911876315,-1.344026911876315,0
cobyla,standard,923,924.0,-1.344026911876315,-1.344026911876315,0
cobyla,standard,924,925.0,-1.344026911876315,-1.344026911876315,0
cobyla,standard,925,926.0,-1.344026911876315,-1.344026911876315,0
cobyla,standard,926,927.0,-1.344026911876315,-1.344026911876315,0
cobyla,standard,927,928.0,-1.344026911876315,-1.344026911876315,0
cobyla,standard,928,929.0,-1.344026911876315,-1.344026911876315,0
cobyla,standard,929,930.0,-1.344026911876315,-1.344026911876315,0
cobyla,standard,930,931.0,-1.344026911876315,-1.344026911876315,0
cobyla,standard,931,932.0,-1.344026911876315,-1.344026911876315,0
cobyla,standard,932,933.0,-1.344026911876315,-1.344026911876315,0
cobyla,standard,933,934.0,-1.344026911876315,-1.344026911876315,0
cobyla,standard,934,935.0,-1.344026911876315,-1.344026911876315,0
cobyla,standard,935,936.0,-1.344026911876315,-1.344026911876315,0
cobyla,standard,936,937.0,-1.344026911876315,-1.344026911876315,0
cobyla,standard,937,938.0,-1.344026911876315,-1.344026911876315,0
cobyla,standard,938,939.0,-1.344026911876315,-1.344026911876315,0
cobyla,standard,939,940.0,-1.344026911876315,-1.344026911876315,0
cobyla,standard,940,941.0,-1.344026911876315,-1.344026911876315,0
cobyla,standard,941,942.0,-1.344026911876315,-1.344026911876315,0
cobyla,standard,942,943.0,-1.344026911876315,-1.344026911876315,0
cobyla,standard,943,944.0,-1.344026911876315,-1.344026911876315,0
cobyla,standard,944,945.0,-1.344026911876315,-1.344026911876315,0
cobyla,standard,945,946.0,-1.344026911876315,-1.344026911876315,0
cobyla,standard,946,947.0,-1.344026911876315,-1.344026911876315,0
cobyla,standard,947,948.0,-1.3513584362179827,-1.3513584362179827,0
cobyla,standard,948,949.0,-1.3513584362179827,-1.3513584362179827,0
cobyla,standard,949,950.0,-1.3513584362179827,-1.3513584362179827,0
cobyla,standard,950,951.0,-1.3513584362179827,-1.3513584362179827,0
cobyla,standard,951,952.0,-1.3513584362179827,-1.3513584362179827,0
cobyla,standard,952,953.0,-1.3574807162288067,-1.3574807162288067,0
cobyla,standard,953,954.0,-1.3574807162288067,-1.3574807162288067,0
cobyla,standard,954,955.0,-1.3574807162288067,-1.3574807162288067,0
cobyla,standard,955,956.0,-1.3574807162288067,-1.3574807162288067,0
cobyla,standard,956,957.0,-1.3574807162288067,-1.3574807162288067,0
cobyla,standard,957,958.0,-1.3574807162288067,-1.3574807162288067,0
cobyla,standard,958,959.0,-1.3613549919188945,-1.3613549919188945,0
cobyla,standard,959,960.0,-1.3613549919188945,-1.3613549919188945,0
cobyla,standard,960,961.0,-1.3613549919188945,-1.3613549919188945,0
cobyla,standard,961,962.0,-1.3613549919188945,-1.3613549919188945,0
cobyla,standard,962,963.0,-1.3624215900480372,-1.3624215900480372,0
cobyla,standard,963,964.0,-1.3624215900480372,-1.3624215900480372,0
cobyla,standard,964,965.0,-1.3624215900480372,-1.3624215900480372,0
cobyla,standard,965,966.0,-1.3624215900480372,-1.3624215900480372,0
cobyla,standard,966,967.0,-1.3624215900480372,-1.3624215900480372,0
cobyla,standard,967,968.0,-1.3624215900480372,-1.3624215900480372,0
cobyla,standard,968,969.0,-1.3624215900480372,-1.3624215900480372,0
cobyla,standard,969,970.0,-1.3624215900480372,-1.3624215900480372,0
cobyla,standard,970,971.0,-1.3624215900480372,-1.3624215900480372,0
cobyla,standard,971,972.0,-1.3624215900480372,-1.3624215900480372,0
cobyla,standard,972,973.0,-1.3624215900480372,-1.3624215900480372,0
cobyla,standard,973,974.0,-1.3624215900480372,-1.3624215900480372,0
cobyla,standard,974,975.0,-1.3624215900480372,-1.3624215900480372,0
cobyla,standard,975,976.0,-1.3624215900480372,-1.3624215900480372,0
cobyla,standard,976,977.0,-1.3624215900480372,-1.3624215900480372,0
cobyla,standard,977,978.0,-1.3632196366187925,-1.3632196366187925,0
cobyla,standard,978,979.0,-1.3632196366187925,-1.3632196366187925,0
cobyla,standard,979,980.0,-1.3632196366187925,-1.3632196366187925,0
cobyla,standard,980,981.0,-1.3632196366187925,-1.3632196366187925,0
cobyla,standard,981,982.0,-1.3632196366187925,-1.3632196366187925,0
cobyla,standard,982,983.0,-1.3632196366187925,-1.3632196366187925,0
cobyla,standard,983,984.0,-1.3632196366187925,-1.3632196366187925,0
cobyla,standard,984,985.0,-1.3632196366187925,-1.3632196366187925,0
cobyla,standard,985,986.0,-1.3632196366187925,-1.3632196366187925,0
cobyla,standard,986,987.0,-1.3632196366187925,-1.3632196366187925,0
cobyla,standard,987,988.0,-1.3645700679223538,-1.3645700679223538,0
cobyla,standard,988,989.0,-1.3645700679223538,-1.3645700679223538,0
cobyla,standard,989,990.0,-1.365159225303043,-1.365159225303043,0
cobyla,standard,990,991.0,-1.365159225303043,-1.365159225303043,0
cobyla,standard,991,992.0,-1.365159225303043,-1.365159225303043,0
cobyla,standard,992,993.0,-1.365159225303043,-1.365159225303043,0
cobyla,standard,993,994.0,-1.365159225303043,-1.365159225303043,0
cobyla,standard,994,995.0,-1.365159225303043,-1.365159225303043,0
cobyla,standard,995,996.0,-1.365159225303043,-1.365159225303043,0
cobyla,standard,996,997.0,-1.365159225303043,-1.365159225303043,0
cobyla,standard,997,998.0,-1.365159225303043,-1.365159225303043,0
cobyla,standard,998,999.0,-1.3683672381072949,-1.3683672381072949,0
cobyla,standard,999,1000.0,-1.3700628170692688,-1.3700628170692688,0
cobyla,local_global,0,1.0,0.5104819178809782,2.845677068898275,0
cobyla,local_global,1,2.0,0.4903612365778778,2.6903685761857354,0
cobyla,local_global,2,3.0,0.4903612365778778,2.6903685761857354,0
cobyla,local_global,3,4.0,0.48490300896487687,2.6329578213351255,0
cobyla,local_global,4,5.0,0.48363341993269704,2.610390807157896,0
cobyla,local_global,5,6.0,0.479929899568376,2.5546669494170513,0
cobyla,local_global,6,7.0,0.47886629594963603,2.542390055219985,0
cobyla,local_global,7,8.0,0.47886629594963603,2.542390055219985,0
cobyla,local_global,8,9.0,0.4766985277788227,2.56096612267953,0
cobyla,local_global,9,10.0,0.4766985277788227,2.56096612267953,0
cobyla,local_global,10,11.0,0.4740335441367616,2.5521673090853847,0
cobyla,local_global,11,12.0,0.4740335441367616,2.5521673090853847,0
cobyla,local_global,12,13.0,0.4740335441367616,2.5521673090853847,0
cobyla,local_global,13,14.0,0.4696386061702805,2.6149003170069367,0
cobyla,local_global,14,15.0,0.469235758097244,2.6131826553464608,0
cobyla,local_global,15,16.0,0.469235758097244,2.6131826553464608,0
cobyla,local_global,16,17.0,0.469235758097244,2.6131826553464608,0
cobyla,local_global,17,18.0,0.469235758097244,2.6131826553464608,0
cobyla,local_global,18,19.0,0.469235758097244,2.6131826553464608,0
cobyla,local_global,19,20.0,0.4676204915477041,2.6740618721841227,0
cobyla,local_global,20,21.0,0.4676204915477041,2.6740618721841227,0
cobyla,local_global,21,22.0,0.4676204915477041,2.6740618721841227,0
cobyla,local_global,22,23.0,0.45642139015975625,2.498740211175559,0
cobyla,local_global,23,24.0,0.45642139015975625,2.498740211175559,0
cobyla,local_global,24,25.0,0.45642139015975625,2.498740211175559,0
cobyla,local_global,25,26.0,0.45642139015975625,2.498740211175559,0
cobyla,local_global,26,27.0,0.45642139015975625,2.498740211175559,0
cobyla,local_global,27,28.0,0.45642139015975625,2.498740211175559,0
cobyla,local_global,28,29.0,0.45595565051870124,2.5178575444516653,0
cobyla,local_global,29,30.0,0.45595565051870124,2.5178575444516653,0
cobyla,local_global,30,31.0,0.45595565051870124,2.5178575444516653,0
cobyla,local_global,31,32.0,0.45595565051870124,2.5178575444516653,0
cobyla,local_global,32,33.0,0.45160426985200813,2.5435100983076917,0
cobyla,local_global,33,34.0,0.45160426985200813,2.5435100983076917,0
cobyla,local_global,34,35.0,0.45160426985200813,2.5435100983076917,0
cobyla,local_global,35,36.0,0.45160426985200813,2.5435100983076917,0
cobyla,local_global,36,37.0,0.45160426985200813,2.5435100983076917,0
cobyla,local_global,37,38.0,0.45160426985200813,2.5435100983076917,0
cobyla,local_global,38,39.0,0.45160426985200813,2.5435100983076917,0
cobyla,local_global,39,40.0,0.45160426985200813,2.5435100983076917,0
cobyla,local_global,40,41.0,0.45160426985200813,2.5435100983076917,0
cobyla,local_global,41,42.0,0.45160426985200813,2.5435100983076917,0
cobyla,local_global,42,43.0,0.45160426985200813,2.5435100983076917,0
cobyla,local_global,43,44.0,0.45160426985200813,2.5435100983076917,0
cobyla,local_global,44,45.0,0.45160426985200813,2.5435100983076917,0
cobyla,local_global,45,46.0,0.45160426985200813,2.5435100983076917,0
cobyla,local_global,46,47.0,0.45160426985200813,2.5435100983076917,0
cobyla,local_global,47,48.0,0.45160426985200813,2.5435100983076917,0
cobyla,local_global,48,49.0,0.45160426985200813,2.5435100983076917,0
cobyla,local_global,49,50.0,0.45160426985200813,2.5435100983076917,0
cobyla,local_global,50,51.0,0.45160426985200813,2.5435100983076917,0
cobyla,local_global,51,52.0,0.45160426985200813,2.5435100983076917,0
cobyla,local_global,52,53.0,0.45160426985200813,2.5435100983076917,0
cobyla,local_global,53,54.0,0.45160426985200813,2.5435100983076917,0
cobyla,local_global,54,55.0,0.45160426985200813,2.5435100983076917,0
cobyla,local_global,55,56.0,0.45160426985200813,2.5435100983076917,0
cobyla,local_global,56,57.0,0.45160426985200813,2.5435100983076917,0
cobyla,local_global,57,58.0,0.45160426985200813,2.5435100983076917,0
cobyla,local_global,58,59.0,0.45160426985200813,2.5435100983076917,0
cobyla,local_global,59,60.0,0.45160426985200813,2.5435100983076917,0
cobyla,local_global,60,61.0,0.4504639964939003,2.546278679441926,0
cobyla,local_global,61,62.0,0.4504639964939003,2.546278679441926,0
cobyla,local_global,62,63.0,0.4504639964939003,2.546278679441926,0
cobyla,local_global,63,64.0,0.4504639964939003,2.546278679441926,0
cobyla,local_global,64,65.0,0.4504639964939003,2.546278679441926,0
cobyla,local_global,65,66.0,0.4504639964939003,2.546278679441926,0
cobyla,local_global,66,67.0,0.4504639964939003,2.546278679441926,0
cobyla,local_global,67,68.0,0.4481439700987969,2.547497264212365,0
cobyla,local_global,68,69.0,0.4481439700987968,2.5447328516182637,0
cobyla,local_global,69,70.0,0.4481439700987968,2.5447328516182637,0
cobyla,local_global,70,71.0,0.4481439700987968,2.5447328516182637,0
cobyla,local_global,71,72.0,0.4461366590261912,2.502720903285859,0
cobyla,local_global,72,73.0,0.4461366590261911,2.492899160012438,0
cobyla,local_global,73,74.0,0.4461366590261911,2.492899160012438,0
cobyla,local_global,74,75.0,0.4461366590261911,2.492899160012438,0
cobyla,local_global,75,76.0,0.4461366590261911,2.492899160012438,0
cobyla,local_global,76,77.0,0.4461366590261911,2.492899160012438,0
cobyla,local_global,77,78.0,0.44428128326161426,2.475418059555797,0
cobyla,local_global,78,79.0,0.44428128326161426,2.475418059555797,0
cobyla,local_global,79,80.0,0.44428128326161426,2.475418059555797,0
cobyla,local_global,80,81.0,0.44428128326161426,2.475418059555797,0
cobyla,local_global,81,82.0,0.44428128326161426,2.475418059555797,0
cobyla,local_global,82,83.0,0.44297730152797615,2.4863619647000093,0
cobyla,local_global,83,84.0,0.44297730152797615,2.4863619647000093,0
cobyla,local_global,84,85.0,0.44297730152797615,2.4863619647000093,0
cobyla,local_global,85,86.0,0.44297730152797615,2.4863619647000093,0
cobyla,local_global,86,87.0,0.44297730152797615,2.4863619647000093,0
cobyla,local_global,87,88.0,0.44297730152797615,2.4863619647000093,0
cobyla,local_global,88,89.0,0.44297730152797615,2.4863619647000093,0
cobyla,local_global,89,90.0,0.44297730152797615,2.4863619647000093,0
cobyla,local_global,90,91.0,0.44297730152797615,2.4863619647000093,0
cobyla,local_global,91,92.0,0.44297730152797615,2.4863619647000093,0
cobyla,local_global,92,93.0,0.44297730152797615,2.4863619647000093,0
cobyla,local_global,93,94.0,0.44297730152797615,2.4863619647000093,0
cobyla,local_global,94,95.0,0.44297730152797615,2.4863619647000093,0
cobyla,local_global,95,96.0,0.44297730152797615,2.4863619647000093,0
cobyla,local_global,96,97.0,0.44216587977423866,2.4838223379629114,0
cobyla,local_global,97,98.0,0.44216587977423866,2.4838223379629114,0
cobyla,local_global,98,99.0,0.44216587977423866,2.4838223379629114,0
cobyla,local_global,99,100.0,0.44216587977423866,2.4838223379629114,0
cobyla,local_global,100,101.0,0.44216587977423866,2.4838223379629114,0
cobyla,local_global,101,102.0,0.44216587977423866,2.4838223379629114,0
cobyla,local_global,102,103.0,0.44216587977423866,2.4838223379629114,0
cobyla,local_global,103,104.0,0.44216587977423866,2.4838223379629114,0
cobyla,local_global,104,105.0,0.44216587977423866,2.4838223379629114,0
cobyla,local_global,105,106.0,0.4387938789056865,2.4119198587939015,0
cobyla,local_global,106,107.0,0.4387938789056865,2.4119198587939015,0
cobyla,local_global,107,108.0,0.4387938789056865,2.4119198587939015,0
cobyla,local_global,108,109.0,0.4387938789056865,2.4119198587939015,0
cobyla,local_global,109,110.0,0.43813580197600294,2.4598152646423856,0
cobyla,local_global,110,111.0,0.43813580197600294,2.4598152646423856,0
cobyla,local_global,111,112.0,0.43363369413804614,2.5199756910464384,0
cobyla,local_global,112,113.0,0.430961800604488,2.4860792202085094,0
cobyla,local_global,113,114.0,0.430961800604488,2.4860792202085094,0
cobyla,local_global,114,115.0,0.430961800604488,2.4860792202085094,0
cobyla,local_global,115,116.0,0.430961800604488,2.4860792202085094,0
cobyla,local_global,116,117.0,0.430961800604488,2.4860792202085094,0
cobyla,local_global,117,118.0,0.430961800604488,2.4860792202085094,0
cobyla,local_global,118,119.0,0.430961800604488,2.4860792202085094,0
cobyla,local_global,119,120.0,0.430961800604488,2.4860792202085094,0
cobyla,local_global,120,121.0,0.430961800604488,2.4860792202085094,0
cobyla,local_global,121,122.0,0.430961800604488,2.4860792202085094,0
cobyla,local_global,122,123.0,0.430961800604488,2.4860792202085094,0
cobyla,local_global,123,124.0,0.430961800604488,2.4860792202085094,0
cobyla,local_global,124,125.0,0.430961800604488,2.4860792202085094,0
cobyla,local_global,125,126.0,0.430961800604488,2.4860792202085094,0
cobyla,local_global,126,127.0,0.430961800604488,2.4860792202085094,0
cobyla,local_global,127,128.0,0.429732594432081,2.5112565436672782,0
cobyla,local_global,128,129.0,0.429732594432081,2.5112565436672782,0
cobyla,local_global,129,130.0,0.429732594432081,2.5112565436672782,0
cobyla,local_global,130,131.0,2.5112565436672782,2.5112565436672782,1
cobyla,local_global,131,132.0,2.5112565436672782,2.5112565436672782,0
cobyla,local_global,132,133.0,2.507252046039247,2.507252046039247,0
cobyla,local_global,133,134.0,2.507252046039247,2.507252046039247,0
cobyla,local_global,134,135.0,2.507252046039247,2.507252046039247,0
cobyla,local_global,135,136.0,2.507252046039247,2.507252046039247,0
cobyla,local_global,136,137.0,2.507252046039247,2.507252046039247,0
cobyla,local_global,137,138.0,2.507252046039247,2.507252046039247,0
cobyla,local_global,138,139.0,2.507252046039247,2.507252046039247,0
cobyla,local_global,139,140.0,2.501293477545784,2.501293477545784,0
cobyla,local_global,140,141.0,2.501293477545784,2.501293477545784,0
cobyla,local_global,141,142.0,2.4972438467867986,2.4972438467867986,0
cobyla,local_global,142,143.0,2.4972438467867986,2.4972438467867986,0
cobyla,local_global,143,144.0,2.4972438467867986,2.4972438467867986,0
cobyla,local_global,144,145.0,2.4972438467867986,2.4972438467867986,0
cobyla,local_global,145,146.0,2.4972438467867986,2.4972438467867986,0
cobyla,local_global,146,147.0,2.4972438467867986,2.4972438467867986,0
cobyla,local_global,147,148.0,2.4972438467867986,2.4972438467867986,0
cobyla,local_global,148,149.0,2.4972438467867986,2.4972438467867986,0
cobyla,local_global,149,150.0,2.4972438467867986,2.4972438467867986,0
cobyla,local_global,150,151.0,2.4769842183375346,2.4769842183375346,0
cobyla,local_global,151,152.0,2.4769842183375346,2.4769842183375346,0
cobyla,local_global,152,153.0,2.4769842183375346,2.4769842183375346,0
cobyla,local_global,153,154.0,2.4769842183375346,2.4769842183375346,0
cobyla,local_global,154,155.0,2.4769842183375346,2.4769842183375346,0
cobyla,local_global,155,156.0,2.4769842183375346,2.4769842183375346,0
cobyla,local_global,156,157.0,2.4769842183375346,2.4769842183375346,0
cobyla,local_global,157,158.0,2.4769842183375346,2.4769842183375346,0
cobyla,local_global,158,159.0,2.3890507206235285,2.3890507206235285,0
cobyla,local_global,159,160.0,2.3890507206235285,2.3890507206235285,0
cobyla,local_global,160,161.0,2.3363088121764,2.3363088121764,0
cobyla,local_global,161,162.0,2.3363088121764,2.3363088121764,0
cobyla,local_global,162,163.0,2.3363088121764,2.3363088121764,0
cobyla,local_global,163,164.0,2.3363088121764,2.3363088121764,0
cobyla,local_global,164,165.0,2.3363088121764,2.3363088121764,0
cobyla,local_global,165,166.0,2.3363088121764,2.3363088121764,0
cobyla,local_global,166,167.0,2.3363088121764,2.3363088121764,0
cobyla,local_global,167,168.0,2.2665739074015443,2.2665739074015443,0
cobyla,local_global,168,169.0,2.2582269012052936,2.2582269012052936,0
cobyla,local_global,169,170.0,2.2582269012052936,2.2582269012052936,0
cobyla,local_global,170,171.0,2.2582269012052936,2.2582269012052936,0
cobyla,local_global,171,172.0,2.2582269012052936,2.2582269012052936,0
cobyla,local_global,172,173.0,2.2582269012052936,2.2582269012052936,0
cobyla,local_global,173,174.0,2.2582269012052936,2.2582269012052936,0
cobyla,local_global,174,175.0,2.2582269012052936,2.2582269012052936,0
cobyla,local_global,175,176.0,2.2582269012052936,2.2582269012052936,0
cobyla,local_global,176,177.0,2.2582269012052936,2.2582269012052936,0
cobyla,local_global,177,178.0,2.2582269012052936,2.2582269012052936,0
cobyla,local_global,178,179.0,2.2582269012052936,2.2582269012052936,0
cobyla,local_global,179,180.0,2.2582269012052936,2.2582269012052936,0
cobyla,local_global,180,181.0,2.2582269012052936,2.2582269012052936,0
cobyla,local_global,181,182.0,2.2582269012052936,2.2582269012052936,0
cobyla,local_global,182,183.0,2.2582269012052936,2.2582269012052936,0
cobyla,local_global,183,184.0,2.2582269012052936,2.2582269012052936,0
cobyla,local_global,184,185.0,2.2582269012052936,2.2582269012052936,0
cobyla,local_global,185,186.0,2.2582269012052936,2.2582269012052936,0
cobyla,local_global,186,187.0,2.2582269012052936,2.2582269012052936,0
cobyla,local_global,187,188.0,2.2582269012052936,2.2582269012052936,0
cobyla,local_global,188,189.0,2.2517918797173824,2.2517918797173824,0
cobyla,local_global,189,190.0,2.2517918797173824,2.2517918797173824,0
cobyla,local_global,190,191.0,2.2517918797173824,2.2517918797173824,0
cobyla,local_global,191,192.0,2.2517918797173824,2.2517918797173824,0
cobyla,local_global,192,193.0,2.2517918797173824,2.2517918797173824,0
cobyla,local_global,193,194.0,2.2517918797173824,2.2517918797173824,0
cobyla,local_global,194,195.0,2.2517918797173824,2.2517918797173824,0
cobyla,local_global,195,196.0,2.240076108600234,2.240076108600234,0
cobyla,local_global,196,197.0,2.240076108600234,2.240076108600234,0
cobyla,local_global,197,198.0,2.2115864773805263,2.2115864773805263,0
cobyla,local_global,198,199.0,2.2115864773805263,2.2115864773805263,0
cobyla,local_global,199,200.0,2.2115864773805263,2.2115864773805263,0
cobyla,local_global,200,201.0,2.208665661358894,2.208665661358894,0
cobyla,local_global,201,202.0,2.1842663327403904,2.1842663327403904,0
cobyla,local_global,202,203.0,2.1833208690949646,2.1833208690949646,0
cobyla,local_global,203,204.0,2.16262353009438,2.16262353009438,0
cobyla,local_global,204,205.0,2.1591630228686447,2.1591630228686447,0
cobyla,local_global,205,206.0,2.1591630228686447,2.1591630228686447,0
cobyla,local_global,206,207.0,2.1564782679092533,2.1564782679092533,0
cobyla,local_global,207,208.0,2.1564782679092533,2.1564782679092533,0
cobyla,local_global,208,209.0,2.1564782679092533,2.1564782679092533,0
cobyla,local_global,209,210.0,2.1564782679092533,2.1564782679092533,0
cobyla,local_global,210,211.0,2.1564782679092533,2.1564782679092533,0
cobyla,local_global,211,212.0,2.1564782679092533,2.1564782679092533,0
cobyla,local_global,212,213.0,2.1564782679092533,2.1564782679092533,0
cobyla,local_global,213,214.0,2.1564782679092533,2.1564782679092533,0
cobyla,local_global,214,215.0,2.0986521838807604,2.0986521838807604,0
cobyla,local_global,215,216.0,2.096520489324246,2.096520489324246,0
cobyla,local_global,216,217.0,2.096520489324246,2.096520489324246,0
cobyla,local_global,217,218.0,2.096520489324246,2.096520489324246,0
cobyla,local_global,218,219.0,2.0371823035037013,2.0371823035037013,0
cobyla,local_global,219,220.0,2.0371823035037013,2.0371823035037013,0
cobyla,local_global,220,221.0,2.0371823035037013,2.0371823035037013,0
cobyla,local_global,221,222.0,2.0371823035037013,2.0371823035037013,0
cobyla,local_global,222,223.0,2.0371823035037013,2.0371823035037013,0
cobyla,local_global,223,224.0,2.0371823035037013,2.0371823035037013,0
cobyla,local_global,224,225.0,2.0271468674508166,2.0271468674508166,0
cobyla,local_global,225,226.0,2.0271468674508166,2.0271468674508166,0
cobyla,local_global,226,227.0,2.0271468674508166,2.0271468674508166,0
cobyla,local_global,227,228.0,2.0271468674508166,2.0271468674508166,0
cobyla,local_global,228,229.0,2.0271468674508166,2.0271468674508166,0
cobyla,local_global,229,230.0,2.0271468674508166,2.0271468674508166,0
cobyla,local_global,230,231.0,2.016178134632083,2.016178134632083,0
cobyla,local_global,231,232.0,2.016178134632083,2.016178134632083,0
cobyla,local_global,232,233.0,2.016178134632083,2.016178134632083,0
cobyla,local_global,233,234.0,2.016178134632083,2.016178134632083,0
cobyla,local_global,234,235.0,2.016178134632083,2.016178134632083,0
cobyla,local_global,235,236.0,2.016178134632083,2.016178134632083,0
cobyla,local_global,236,237.0,2.016178134632083,2.016178134632083,0
cobyla,local_global,237,238.0,2.016178134632083,2.016178134632083,0
cobyla,local_global,238,239.0,2.016178134632083,2.016178134632083,0
cobyla,local_global,239,240.0,2.016178134632083,2.016178134632083,0
cobyla,local_global,240,241.0,1.9380681787012284,1.9380681787012284,0
cobyla,local_global,241,242.0,1.9380681787012284,1.9380681787012284,0
cobyla,local_global,242,243.0,1.9380681787012284,1.9380681787012284,0
cobyla,local_global,243,244.0,1.9380681787012284,1.9380681787012284,0
cobyla,local_global,244,245.0,1.9245247842761577,1.9245247842761577,0
cobyla,local_global,245,246.0,1.9245247842761577,1.9245247842761577,0
cobyla,local_global,246,247.0,1.9245247842761577,1.9245247842761577,0
cobyla,local_global,247,248.0,1.9245247842761577,1.9245247842761577,0
cobyla,local_global,248,249.0,1.9245247842761577,1.9245247842761577,0
cobyla,local_global,249,250.0,1.9245247842761577,1.9245247842761577,0
cobyla,local_global,250,251.0,1.9245247842761577,1.9245247842761577,0
cobyla,local_global,251,252.0,1.9245247842761577,1.9245247842761577,0
cobyla,local_global,252,253.0,1.9087383892376772,1.9087383892376772,0
cobyla,local_global,253,254.0,1.9087383892376772,1.9087383892376772,0
cobyla,local_global,254,255.0,1.9087383892376772,1.9087383892376772,0
cobyla,local_global,255,256.0,1.8040708242677925,1.8040708242677925,0
cobyla,local_global,256,257.0,1.8040708242677925,1.8040708242677925,0
cobyla,local_global,257,258.0,1.8040708242677925,1.8040708242677925,0
cobyla,local_global,258,259.0,1.7933131138777965,1.7933131138777965,0
cobyla,local_global,259,260.0,1.7933131138777965,1.7933131138777965,0
cobyla,local_global,260,261.0,1.7740661482943738,1.7740661482943738,0
cobyla,local_global,261,262.0,1.7740661482943738,1.7740661482943738,0
cobyla,local_global,262,263.0,1.7740661482943738,1.7740661482943738,0
cobyla,local_global,263,264.0,1.7740661482943738,1.7740661482943738,0
cobyla,local_global,264,265.0,1.7740661482943738,1.7740661482943738,0
cobyla,local_global,265,266.0,1.7740661482943738,1.7740661482943738,0
cobyla,local_global,266,267.0,1.7740661482943738,1.7740661482943738,0
cobyla,local_global,267,268.0,1.7740661482943738,1.7740661482943738,0
cobyla,local_global,268,269.0,1.7740661482943738,1.7740661482943738,0
cobyla,local_global,269,270.0,1.7740661482943738,1.7740661482943738,0
cobyla,local_global,270,271.0,1.7740661482943738,1.7740661482943738,0
cobyla,local_global,271,272.0,1.7740661482943738,1.7740661482943738,0
cobyla,local_global,272,273.0,1.7740661482943738,1.7740661482943738,0
cobyla,local_global,273,274.0,1.7740661482943738,1.7740661482943738,0
cobyla,local_global,274,275.0,1.7740661482943738,1.7740661482943738,0
cobyla,local_global,275,276.0,1.7740661482943738,1.7740661482943738,0
cobyla,local_global,276,277.0,1.7553703918251664,1.7553703918251664,0
cobyla,local_global,277,278.0,1.7553703918251664,1.7553703918251664,0
cobyla,local_global,278,279.0,1.7308353042008333,1.7308353042008333,0
cobyla,local_global,279,280.0,1.6561591959939936,1.6561591959939936,0
cobyla,local_global,280,281.0,1.6501474299889487,1.6501474299889487,0
cobyla,local_global,281,282.0,1.6501474299889487,1.6501474299889487,0
cobyla,local_global,282,283.0,1.6501474299889487,1.6501474299889487,0
cobyla,local_global,283,284.0,1.6501474299889487,1.6501474299889487,0
cobyla,local_global,284,285.0,1.6501474299889487,1.6501474299889487,0
cobyla,local_global,285,286.0,1.6501474299889487,1.6501474299889487,0
cobyla,local_global,286,287.0,1.6501474299889487,1.6501474299889487,0
cobyla,local_global,287,288.0,1.6501474299889487,1.6501474299889487,0
cobyla,local_global,288,289.0,1.6501474299889487,1.6501474299889487,0
cobyla,local_global,289,290.0,1.6501474299889487,1.6501474299889487,0
cobyla,local_global,290,291.0,1.6501474299889487,1.6501474299889487,0
cobyla,local_global,291,292.0,1.6501474299889487,1.6501474299889487,0
cobyla,local_global,292,293.0,1.6501474299889487,1.6501474299889487,0
cobyla,local_global,293,294.0,1.6501474299889487,1.6501474299889487,0
cobyla,local_global,294,295.0,1.615172736506427,1.615172736506427,0
cobyla,local_global,295,296.0,1.615172736506427,1.615172736506427,0
cobyla,local_global,296,297.0,1.615172736506427,1.615172736506427,0
cobyla,local_global,297,298.0,1.615172736506427,1.615172736506427,0
cobyla,local_global,298,299.0,1.615172736506427,1.615172736506427,0
cobyla,local_global,299,300.0,1.615172736506427,1.615172736506427,0
cobyla,local_global,300,301.0,1.615172736506427,1.615172736506427,0
cobyla,local_global,301,302.0,1.615172736506427,1.615172736506427,0
cobyla,local_global,302,303.0,1.615172736506427,1.615172736506427,0
cobyla,local_global,303,304.0,1.615172736506427,1.615172736506427,0
cobyla,local_global,304,305.0,1.615172736506427,1.615172736506427,0
cobyla,local_global,305,306.0,1.615172736506427,1.615172736506427,0
cobyla,local_global,306,307.0,1.615172736506427,1.615172736506427,0
cobyla,local_global,307,308.0,1.615172736506427,1.615172736506427,0
cobyla,local_global,308,309.0,1.615172736506427,1.615172736506427,0
cobyla,local_global,309,310.0,1.615172736506427,1.615172736506427,0
cobyla,local_global,310,311.0,1.615172736506427,1.615172736506427,0
cobyla,local_global,311,312.0,1.615172736506427,1.615172736506427,0
cobyla,local_global,312,313.0,1.615172736506427,1.615172736506427,0
cobyla,local_global,313,314.0,1.615172736506427,1.615172736506427,0
cobyla,local_global,314,315.0,1.615172736506427,1.615172736506427,0
cobyla,local_global,315,316.0,1.615172736506427,1.615172736506427,0
cobyla,local_global,316,317.0,1.615172736506427,1.615172736506427,0
cobyla,local_global,317,318.0,1.615172736506427,1.615172736506427,0
cobyla,local_global,318,319.0,1.615172736506427,1.615172736506427,0
cobyla,local_global,319,320.0,1.615172736506427,1.615172736506427,0
cobyla,local_global,320,321.0,1.615172736506427,1.615172736506427,0
cobyla,local_global,321,322.0,1.615172736506427,1.615172736506427,0
cobyla,local_global,322,323.0,1.615172736506427,1.615172736506427,0
cobyla,local_global,323,324.0,1.615172736506427,1.615172736506427,0
cobyla,local_global,324,325.0,1.615172736506427,1.615172736506427,0
cobyla,local_global,325,326.0,1.615172736506427,1.615172736506427,0
cobyla,local_global,326,327.0,1.615172736506427,1.615172736506427,0
cobyla,local_global,327,328.0,1.615172736506427,1.615172736506427,0
cobyla,local_global,328,329.0,1.615172736506427,1.615172736506427,0
cobyla,local_global,329,330.0,1.615172736506427,1.615172736506427,0
cobyla,local_global,330,331.0,1.615172736506427,1.615172736506427,0
cobyla,local_global,331,332.0,1.615172736506427,1.615172736506427,0
cobyla,local_global,332,333.0,1.615172736506427,1.615172736506427,0
cobyla,local_global,333,334.0,1.615172736506427,1.615172736506427,0
cobyla,local_global,334,335.0,1.615172736506427,1.615172736506427,0
cobyla,local_global,335,336.0,1.615172736506427,1.615172736506427,0
cobyla,local_global,336,337.0,1.615172736506427,1.615172736506427,0
cobyla,local_global,337,338.0,1.615172736506427,1.615172736506427,0
cobyla,local_global,338,339.0,1.615172736506427,1.615172736506427,0
cobyla,local_global,339,340.0,1.615172736506427,1.615172736506427,0
cobyla,local_global,340,341.0,1.615172736506427,1.615172736506427,0
cobyla,local_global,341,342.0,1.6041653580512902,1.6041653580512902,0
cobyla,local_global,342,343.0,1.6041653580512902,1.6041653580512902,0
cobyla,local_global,343,344.0,1.6041653580512902,1.6041653580512902,0
cobyla,local_global,344,345.0,1.6041653580512902,1.6041653580512902,0
cobyla,local_global,345,346.0,1.6041653580512902,1.6041653580512902,0
cobyla,local_global,346,347.0,1.6041653580512902,1.6041653580512902,0
cobyla,local_global,347,348.0,1.6041653580512902,1.6041653580512902,0
cobyla,local_global,348,349.0,1.5821228608778637,1.5821228608778637,0
cobyla,local_global,349,350.0,1.5821228608778637,1.5821228608778637,0
cobyla,local_global,350,351.0,1.5821228608778637,1.5821228608778637,0
cobyla,local_global,351,352.0,1.5707720706774326,1.5707720706774326,0
cobyla,local_global,352,353.0,1.5707720706774326,1.5707720706774326,0
cobyla,local_global,353,354.0,1.5707720706774326,1.5707720706774326,0
cobyla,local_global,354,355.0,1.5707720706774326,1.5707720706774326,0
cobyla,local_global,355,356.0,1.5707720706774326,1.5707720706774326,0
cobyla,local_global,356,357.0,1.5707720706774326,1.5707720706774326,0
cobyla,local_global,357,358.0,1.5685179981868334,1.5685179981868334,0
cobyla,local_global,358,359.0,1.5685179981868334,1.5685179981868334,0
cobyla,local_global,359,360.0,1.5685179981868334,1.5685179981868334,0
cobyla,local_global,360,361.0,1.5685179981868334,1.5685179981868334,0
cobyla,local_global,361,362.0,1.5685179981868334,1.5685179981868334,0
cobyla,local_global,362,363.0,1.5685179981868334,1.5685179981868334,0
cobyla,local_global,363,364.0,1.5685179981868334,1.5685179981868334,0
cobyla,local_global,364,365.0,1.5651518585625441,1.5651518585625441,0
cobyla,local_global,365,366.0,1.5564224216196025,1.5564224216196025,0
cobyla,local_global,366,367.0,1.5564224216196025,1.5564224216196025,0
cobyla,local_global,367,368.0,1.5564224216196025,1.5564224216196025,0
cobyla,local_global,368,369.0,1.5564224216196025,1.5564224216196025,0
cobyla,local_global,369,370.0,1.5525431035212462,1.5525431035212462,0
cobyla,local_global,370,371.0,1.5525431035212462,1.5525431035212462,0
cobyla,local_global,371,372.0,1.5525431035212462,1.5525431035212462,0
cobyla,local_global,372,373.0,1.5525431035212462,1.5525431035212462,0
cobyla,local_global,373,374.0,1.5525431035212462,1.5525431035212462,0
cobyla,local_global,374,375.0,1.5525431035212462,1.5525431035212462,0
cobyla,local_global,375,376.0,1.5525431035212462,1.5525431035212462,0
cobyla,local_global,376,377.0,1.5453104513881397,1.5453104513881397,0
cobyla,local_global,377,378.0,1.5136126163968657,1.5136126163968657,0
cobyla,local_global,378,379.0,1.5136126163968657,1.5136126163968657,0
cobyla,local_global,379,380.0,1.5136126163968657,1.5136126163968657,0
cobyla,local_global,380,381.0,1.4860953766961018,1.4860953766961018,0
cobyla,local_global,381,382.0,1.4860953766961018,1.4860953766961018,0
cobyla,local_global,382,383.0,1.4323118687808332,1.4323118687808332,0
cobyla,local_global,383,384.0,1.423259810961745,1.423259810961745,0
cobyla,local_global,384,385.0,1.4184532446337559,1.4184532446337559,0
cobyla,local_global,385,386.0,1.4184532446337559,1.4184532446337559,0
cobyla,local_global,386,387.0,1.3984867818434183,1.3984867818434183,0
cobyla,local_global,387,388.0,1.3984867818434183,1.3984867818434183,0
cobyla,local_global,388,389.0,1.3268763451469054,1.3268763451469054,0
cobyla,local_global,389,390.0,1.3268763451469054,1.3268763451469054,0
cobyla,local_global,390,391.0,1.3268763451469054,1.3268763451469054,0
cobyla,local_global,391,392.0,1.3188685118935044,1.3188685118935044,0
cobyla,local_global,392,393.0,1.3188685118935044,1.3188685118935044,0
cobyla,local_global,393,394.0,1.3188685118935044,1.3188685118935044,0
cobyla,local_global,394,395.0,1.3188685118935044,1.3188685118935044,0
cobyla,local_global,395,396.0,1.3188685118935044,1.3188685118935044,0
cobyla,local_global,396,397.0,1.3188685118935044,1.3188685118935044,0
cobyla,local_global,397,398.0,1.3188685118935044,1.3188685118935044,0
cobyla,local_global,398,399.0,1.3188685118935044,1.3188685118935044,0
cobyla,local_global,399,400.0,1.3188685118935044,1.3188685118935044,0
cobyla,local_global,400,401.0,1.312435216169361,1.312435216169361,0
cobyla,local_global,401,402.0,1.312435216169361,1.312435216169361,0
cobyla,local_global,402,403.0,1.312435216169361,1.312435216169361,0
cobyla,local_global,403,404.0,1.2912637709346526,1.2912637709346526,0
cobyla,local_global,404,405.0,1.2912637709346526,1.2912637709346526,0
cobyla,local_global,405,406.0,1.261165043313368,1.261165043313368,0
cobyla,local_global,406,407.0,1.261165043313368,1.261165043313368,0
cobyla,local_global,407,408.0,1.2457035476354714,1.2457035476354714,0
cobyla,local_global,408,409.0,1.2457035476354714,1.2457035476354714,0
cobyla,local_global,409,410.0,1.2457035476354714,1.2457035476354714,0
cobyla,local_global,410,411.0,1.2457035476354714,1.2457035476354714,0
cobyla,local_global,411,412.0,1.2157190825472302,1.2157190825472302,0
cobyla,local_global,412,413.0,1.2157190825472302,1.2157190825472302,0
cobyla,local_global,413,414.0,1.2109593587951493,1.2109593587951493,0
cobyla,local_global,414,415.0,1.2109593587951493,1.2109593587951493,0
cobyla,local_global,415,416.0,1.1919372390188228,1.1919372390188228,0
cobyla,local_global,416,417.0,1.1919372390188228,1.1919372390188228,0
cobyla,local_global,417,418.0,1.1919372390188228,1.1919372390188228,0
cobyla,local_global,418,419.0,1.1919372390188228,1.1919372390188228,0
cobyla,local_global,419,420.0,1.1913558331691847,1.1913558331691847,0
cobyla,local_global,420,421.0,1.1670448992400762,1.1670448992400762,0
cobyla,local_global,421,422.0,1.1475725890401038,1.1475725890401038,0
cobyla,local_global,422,423.0,1.1475725890401038,1.1475725890401038,0
cobyla,local_global,423,424.0,1.1475725890401038,1.1475725890401038,0
cobyla,local_global,424,425.0,1.1475725890401038,1.1475725890401038,0
cobyla,local_global,425,426.0,1.1475725890401038,1.1475725890401038,0
cobyla,local_global,426,427.0,1.1475725890401038,1.1475725890401038,0
cobyla,local_global,427,428.0,1.1475725890401038,1.1475725890401038,0
cobyla,local_global,428,429.0,1.1475725890401038,1.1475725890401038,0
cobyla,local_global,429,430.0,1.1351201441522087,1.1351201441522087,0
cobyla,local_global,430,431.0,1.1351201441522087,1.1351201441522087,0
cobyla,local_global,431,432.0,1.1351201441522087,1.1351201441522087,0
cobyla,local_global,432,433.0,1.1012839338953118,1.1012839338953118,0
cobyla,local_global,433,434.0,1.0936547770803895,1.0936547770803895,0
cobyla,local_global,434,435.0,1.0936547770803895,1.0936547770803895,0
cobyla,local_global,435,436.0,1.0686837050748939,1.0686837050748939,0
cobyla,local_global,436,437.0,1.0686837050748939,1.0686837050748939,0
cobyla,local_global,437,438.0,1.0686837050748939,1.0686837050748939,0
cobyla,local_global,438,439.0,0.9964179625116517,0.9964179625116517,0
cobyla,local_global,439,440.0,0.9964179625116517,0.9964179625116517,0
cobyla,local_global,440,441.0,0.9964179625116517,0.9964179625116517,0
cobyla,local_global,441,442.0,0.9964179625116517,0.9964179625116517,0
cobyla,local_global,442,443.0,0.9964179625116517,0.9964179625116517,0
cobyla,local_global,443,444.0,0.9890849362233204,0.9890849362233204,0
cobyla,local_global,444,445.0,0.9822010527673841,0.9822010527673841,0
cobyla,local_global,445,446.0,0.9806078543541938,0.9806078543541938,0
cobyla,local_global,446,447.0,0.9392854629655936,0.9392854629655936,0
cobyla,local_global,447,448.0,0.9392854629655936,0.9392854629655936,0
cobyla,local_global,448,449.0,0.9392854629655936,0.9392854629655936,0
cobyla,local_global,449,450.0,0.9392854629655936,0.9392854629655936,0
cobyla,local_global,450,451.0,0.9122056504355778,0.9122056504355778,0
cobyla,local_global,451,452.0,0.9122056504355778,0.9122056504355778,0
cobyla,local_global,452,453.0,0.7290999831684389,0.7290999831684389,0
cobyla,local_global,453,454.0,0.7290999831684389,0.7290999831684389,0
cobyla,local_global,454,455.0,0.7290999831684389,0.7290999831684389,0
cobyla,local_global,455,456.0,0.7290999831684389,0.7290999831684389,0
cobyla,local_global,456,457.0,0.7265828592850618,0.7265828592850618,0
cobyla,local_global,457,458.0,0.7034594479152472,0.7034594479152472,0
cobyla,local_global,458,459.0,0.7034594479152472,0.7034594479152472,0
cobyla,local_global,459,460.0,0.7034594479152472,0.7034594479152472,0
cobyla,local_global,460,461.0,0.7034594479152472,0.7034594479152472,0
cobyla,local_global,461,462.0,0.7034594479152472,0.7034594479152472,0
cobyla,local_global,462,463.0,0.7034594479152472,0.7034594479152472,0
cobyla,local_global,463,464.0,0.7034594479152472,0.7034594479152472,0
cobyla,local_global,464,465.0,0.7034594479152472,0.7034594479152472,0
cobyla,local_global,465,466.0,0.6866369743057875,0.6866369743057875,0
cobyla,local_global,466,467.0,0.681956728069072,0.681956728069072,0
cobyla,local_global,467,468.0,0.681956728069072,0.681956728069072,0
cobyla,local_global,468,469.0,0.681956728069072,0.681956728069072,0
cobyla,local_global,469,470.0,0.6181532514115071,0.6181532514115071,0
cobyla,local_global,470,471.0,0.6072338825139814,0.6072338825139814,0
cobyla,local_global,471,472.0,0.6072338825139814,0.6072338825139814,0
cobyla,local_global,472,473.0,0.593603051268015,0.593603051268015,0
cobyla,local_global,473,474.0,0.5876725436315053,0.5876725436315053,0
cobyla,local_global,474,475.0,0.5876725436315053,0.5876725436315053,0
cobyla,local_global,475,476.0,0.5876725436315053,0.5876725436315053,0
cobyla,local_global,476,477.0,0.5876725436315053,0.5876725436315053,0
cobyla,local_global,477,478.0,0.5876725436315053,0.5876725436315053,0
cobyla,local_global,478,479.0,0.5876725436315053,0.5876725436315053,0
cobyla,local_global,479,480.0,0.5876725436315053,0.5876725436315053,0
cobyla,local_global,480,481.0,0.5876725436315053,0.5876725436315053,0
cobyla,local_global,481,482.0,0.5232384839229337,0.5232384839229337,0
cobyla,local_global,482,483.0,0.5232384839229337,0.5232384839229337,0
cobyla,local_global,483,484.0,0.5119315886109392,0.5119315886109392,0
cobyla,local_global,484,485.0,0.5099802387286692,0.5099802387286692,0
cobyla,local_global,485,486.0,0.5099802387286692,0.5099802387286692,0
cobyla,local_global,486,487.0,0.5099802387286692,0.5099802387286692,0
cobyla,local_global,487,488.0,0.453874819789761,0.453874819789761,0
cobyla,local_global,488,489.0,0.45244493870357555,0.45244493870357555,0
cobyla,local_global,489,490.0,0.3477856397986391,0.3477856397986391,0
cobyla,local_global,490,491.0,0.3477856397986391,0.3477856397986391,0
cobyla,local_global,491,492.0,0.3477856397986391,0.3477856397986391,0
cobyla,local_global,492,493.0,0.3477856397986391,0.3477856397986391,0
cobyla,local_global,493,494.0,0.3477856397986391,0.3477856397986391,0
cobyla,local_global,494,495.0,0.3477856397986391,0.3477856397986391,0
cobyla,local_global,495,496.0,0.3354362806438052,0.3354362806438052,0
cobyla,local_global,496,497.0,0.3193720686176406,0.3193720686176406,0
cobyla,local_global,497,498.0,0.3193720686176406,0.3193720686176406,0
cobyla,local_global,498,499.0,0.314224884755514,0.314224884755514,0
cobyla,local_global,499,500.0,0.314224884755514,0.314224884755514,0
cobyla,local_global,500,501.0,0.314224884755514,0.314224884755514,0
cobyla,local_global,501,502.0,0.314224884755514,0.314224884755514,0
cobyla,local_global,502,503.0,0.314224884755514,0.314224884755514,0
cobyla,local_global,503,504.0,0.28355165043008546,0.28355165043008546,0
cobyla,local_global,504,505.0,0.28355165043008546,0.28355165043008546,0
cobyla,local_global,505,506.0,0.1817473169532165,0.1817473169532165,0
cobyla,local_global,506,507.0,0.1817473169532165,0.1817473169532165,0
cobyla,local_global,507,508.0,0.11433690193274243,0.11433690193274243,0
cobyla,local_global,508,509.0,0.09881914489372616,0.09881914489372616,0
cobyla,local_global,509,510.0,0.09881914489372616,0.09881914489372616,0
cobyla,local_global,510,511.0,0.09881914489372616,0.09881914489372616,0
cobyla,local_global,511,512.0,0.09881914489372616,0.09881914489372616,0
cobyla,local_global,512,513.0,0.09881914489372616,0.09881914489372616,0
cobyla,local_global,513,514.0,0.09881914489372616,0.09881914489372616,0
cobyla,local_global,514,515.0,0.09881914489372616,0.09881914489372616,0
cobyla,local_global,515,516.0,0.09881914489372616,0.09881914489372616,0
cobyla,local_global,516,517.0,0.09881914489372616,0.09881914489372616,0
cobyla,local_global,517,518.0,0.09881914489372616,0.09881914489372616,0
cobyla,local_global,518,519.0,0.09881914489372616,0.09881914489372616,0
cobyla,local_global,519,520.0,0.09881914489372616,0.09881914489372616,0
cobyla,local_global,520,521.0,0.09881914489372616,0.09881914489372616,0
cobyla,local_global,521,522.0,0.09881914489372616,0.09881914489372616,0
cobyla,local_global,522,523.0,0.07266050095701654,0.07266050095701654,0
cobyla,local_global,523,524.0,0.04783660007999674,0.04783660007999674,0
cobyla,local_global,524,525.0,0.04783660007999674,0.04783660007999674,0
cobyla,local_global,525,526.0,-0.03569936137424318,-0.03569936137424318,0
cobyla,local_global,526,527.0,-0.04626866833257013,-0.04626866833257013,0
cobyla,local_global,527,528.0,-0.04626866833257013,-0.04626866833257013,0
cobyla,local_global,528,529.0,-0.05795013971076926,-0.05795013971076926,0
cobyla,local_global,529,530.0,-0.05795013971076926,-0.05795013971076926,0
cobyla,local_global,530,531.0,-0.05795013971076926,-0.05795013971076926,0
cobyla,local_global,531,532.0,-0.05795013971076926,-0.05795013971076926,0
cobyla,local_global,532,533.0,-0.05795013971076926,-0.05795013971076926,0
cobyla,local_global,533,534.0,-0.05795013971076926,-0.05795013971076926,0
cobyla,local_global,534,535.0,-0.07128191497370327,-0.07128191497370327,0
cobyla,local_global,535,536.0,-0.07128191497370327,-0.07128191497370327,0
cobyla,local_global,536,537.0,-0.07128191497370327,-0.07128191497370327,0
cobyla,local_global,537,538.0,-0.07128191497370327,-0.07128191497370327,0
cobyla,local_global,538,539.0,-0.07128191497370327,-0.07128191497370327,0
cobyla,local_global,539,540.0,-0.07128191497370327,-0.07128191497370327,0
cobyla,local_global,540,541.0,-0.07128191497370327,-0.07128191497370327,0
cobyla,local_global,541,542.0,-0.07128191497370327,-0.07128191497370327,0
cobyla,local_global,542,543.0,-0.07692548593477368,-0.07692548593477368,0
cobyla,local_global,543,544.0,-0.07692548593477368,-0.07692548593477368,0
cobyla,local_global,544,545.0,-0.07692548593477368,-0.07692548593477368,0
cobyla,local_global,545,546.0,-0.07692548593477368,-0.07692548593477368,0
cobyla,local_global,546,547.0,-0.07921612494146475,-0.07921612494146475,0
cobyla,local_global,547,548.0,-0.2614497566253576,-0.2614497566253576,0
cobyla,local_global,548,549.0,-0.2649041011165548,-0.2649041011165548,0
cobyla,local_global,549,550.0,-0.2649041011165548,-0.2649041011165548,0
cobyla,local_global,550,551.0,-0.2649041011165548,-0.2649041011165548,0
cobyla,local_global,551,552.0,-0.2649041011165548,-0.2649041011165548,0
cobyla,local_global,552,553.0,-0.2828765297793506,-0.2828765297793506,0
cobyla,local_global,553,554.0,-0.2828765297793506,-0.2828765297793506,0
cobyla,local_global,554,555.0,-0.2828765297793506,-0.2828765297793506,0
cobyla,local_global,555,556.0,-0.2828765297793506,-0.2828765297793506,0
cobyla,local_global,556,557.0,-0.29483926349089723,-0.29483926349089723,0
cobyla,local_global,557,558.0,-0.29483926349089723,-0.29483926349089723,0
cobyla,local_global,558,559.0,-0.31521781780489727,-0.31521781780489727,0
cobyla,local_global,559,560.0,-0.31521781780489727,-0.31521781780489727,0
cobyla,local_global,560,561.0,-0.3182562816866886,-0.3182562816866886,0
cobyla,local_global,561,562.0,-0.37165281531498084,-0.37165281531498084,0
cobyla,local_global,562,563.0,-0.37504479615328906,-0.37504479615328906,0
cobyla,local_global,563,564.0,-0.37504479615328906,-0.37504479615328906,0
cobyla,local_global,564,565.0,-0.37504479615328906,-0.37504479615328906,0
cobyla,local_global,565,566.0,-0.37504479615328906,-0.37504479615328906,0
cobyla,local_global,566,567.0,-0.37504479615328906,-0.37504479615328906,0
cobyla,local_global,567,568.0,-0.37504479615328906,-0.37504479615328906,0
cobyla,local_global,568,569.0,-0.37995615963088214,-0.37995615963088214,0
cobyla,local_global,569,570.0,-0.37995615963088214,-0.37995615963088214,0
cobyla,local_global,570,571.0,-0.37995615963088214,-0.37995615963088214,0
cobyla,local_global,571,572.0,-0.37995615963088214,-0.37995615963088214,0
cobyla,local_global,572,573.0,-0.37995615963088214,-0.37995615963088214,0
cobyla,local_global,573,574.0,-0.37995615963088214,-0.37995615963088214,0
cobyla,local_global,574,575.0,-0.4105686468717791,-0.4105686468717791,0
cobyla,local_global,575,576.0,-0.4105686468717791,-0.4105686468717791,0
cobyla,local_global,576,577.0,-0.4105686468717791,-0.4105686468717791,0
cobyla,local_global,577,578.0,-0.4105686468717791,-0.4105686468717791,0
cobyla,local_global,578,579.0,-0.4105686468717791,-0.4105686468717791,0
cobyla,local_global,579,580.0,-0.43905164692955306,-0.43905164692955306,0
cobyla,local_global,580,581.0,-0.43905164692955306,-0.43905164692955306,0
cobyla,local_global,581,582.0,-0.43905164692955306,-0.43905164692955306,0
cobyla,local_global,582,583.0,-0.43905164692955306,-0.43905164692955306,0
cobyla,local_global,583,584.0,-0.43905164692955306,-0.43905164692955306,0
cobyla,local_global,584,585.0,-0.43905164692955306,-0.43905164692955306,0
cobyla,local_global,585,586.0,-0.43905164692955306,-0.43905164692955306,0
cobyla,local_global,586,587.0,-0.43905164692955306,-0.43905164692955306,0
cobyla,local_global,587,588.0,-0.43905164692955306,-0.43905164692955306,0
cobyla,local_global,588,589.0,-0.43905164692955306,-0.43905164692955306,0
cobyla,local_global,589,590.0,-0.43905164692955306,-0.43905164692955306,0
cobyla,local_global,590,591.0,-0.45483366982666945,-0.45483366982666945,0
cobyla,local_global,591,592.0,-0.45483366982666945,-0.45483366982666945,0
cobyla,local_global,592,593.0,-0.45483366982666945,-0.45483366982666945,0
cobyla,local_global,593,594.0,-0.45483366982666945,-0.45483366982666945,0
cobyla,local_global,594,595.0,-0.45483366982666945,-0.45483366982666945,0
cobyla,local_global,595,596.0,-0.45483366982666945,-0.45483366982666945,0
cobyla,local_global,596,597.0,-0.45483366982666945,-0.45483366982666945,0
cobyla,local_global,597,598.0,-0.45483366982666945,-0.45483366982666945,0
cobyla,local_global,598,599.0,-0.4678668446638329,-0.4678668446638329,0
cobyla,local_global,599,600.0,-0.4678668446638329,-0.4678668446638329,0
cobyla,local_global,600,601.0,-0.48700403117197605,-0.48700403117197605,0
cobyla,local_global,601,602.0,-0.48700403117197605,-0.48700403117197605,0
cobyla,local_global,602,603.0,-0.48700403117197605,-0.48700403117197605,0
cobyla,local_global,603,604.0,-0.48700403117197605,-0.48700403117197605,0
cobyla,local_global,604,605.0,-0.48700403117197605,-0.48700403117197605,0
cobyla,local_global,605,606.0,-0.48700403117197605,-0.48700403117197605,0
cobyla,local_global,606,607.0,-0.48700403117197605,-0.48700403117197605,0
cobyla,local_global,607,608.0,-0.48700403117197605,-0.48700403117197605,0
cobyla,local_global,608,609.0,-0.4948494458389237,-0.4948494458389237,0
cobyla,local_global,609,610.0,-0.4948494458389237,-0.4948494458389237,0
cobyla,local_global,610,611.0,-0.4948494458389237,-0.4948494458389237,0
cobyla,local_global,611,612.0,-0.4948494458389237,-0.4948494458389237,0
cobyla,local_global,612,613.0,-0.4948494458389237,-0.4948494458389237,0
cobyla,local_global,613,614.0,-0.4948494458389237,-0.4948494458389237,0
cobyla,local_global,614,615.0,-0.4948494458389237,-0.4948494458389237,0
cobyla,local_global,615,616.0,-0.4948494458389237,-0.4948494458389237,0
cobyla,local_global,616,617.0,-0.4948494458389237,-0.4948494458389237,0
cobyla,local_global,617,618.0,-0.4948494458389237,-0.4948494458389237,0
cobyla,local_global,618,619.0,-0.4948494458389237,-0.4948494458389237,0
cobyla,local_global,619,620.0,-0.4948494458389237,-0.4948494458389237,0
cobyla,local_global,620,621.0,-0.4948494458389237,-0.4948494458389237,0
cobyla,local_global,621,622.0,-0.4948494458389237,-0.4948494458389237,0
cobyla,local_global,622,623.0,-0.4948494458389237,-0.4948494458389237,0
cobyla,local_global,623,624.0,-0.4948494458389237,-0.4948494458389237,0
cobyla,local_global,624,625.0,-0.5030472841409844,-0.5030472841409844,0
cobyla,local_global,625,626.0,-0.5030472841409844,-0.5030472841409844,0
cobyla,local_global,626,627.0,-0.5030472841409844,-0.5030472841409844,0
cobyla,local_global,627,628.0,-0.5030472841409844,-0.5030472841409844,0
cobyla,local_global,628,629.0,-0.5030472841409844,-0.5030472841409844,0
cobyla,local_global,629,630.0,-0.5030472841409844,-0.5030472841409844,0
cobyla,local_global,630,631.0,-0.5030472841409844,-0.5030472841409844,0
cobyla,local_global,631,632.0,-0.5030472841409844,-0.5030472841409844,0
cobyla,local_global,632,633.0,-0.5030472841409844,-0.5030472841409844,0
cobyla,local_global,633,634.0,-0.5030472841409844,-0.5030472841409844,0
cobyla,local_global,634,635.0,-0.5030472841409844,-0.5030472841409844,0
cobyla,local_global,635,636.0,-0.5030472841409844,-0.5030472841409844,0
cobyla,local_global,636,637.0,-0.5030472841409844,-0.5030472841409844,0
cobyla,local_global,637,638.0,-0.5030472841409844,-0.5030472841409844,0
cobyla,local_global,638,639.0,-0.5030472841409844,-0.5030472841409844,0
cobyla,local_global,639,640.0,-0.5030472841409844,-0.5030472841409844,0
cobyla,local_global,640,641.0,-0.5030472841409844,-0.5030472841409844,0
cobyla,local_global,641,642.0,-0.5030472841409844,-0.5030472841409844,0
cobyla,local_global,642,643.0,-0.5030472841409844,-0.5030472841409844,0
cobyla,local_global,643,644.0,-0.5030472841409844,-0.5030472841409844,0
cobyla,local_global,644,645.0,-0.5030472841409844,-0.5030472841409844,0
cobyla,local_global,645,646.0,-0.5030472841409844,-0.5030472841409844,0
cobyla,local_global,646,647.0,-0.5030472841409844,-0.5030472841409844,0
cobyla,local_global,647,648.0,-0.5030472841409844,-0.5030472841409844,0
cobyla,local_global,648,649.0,-0.5030472841409844,-0.5030472841409844,0
cobyla,local_global,649,650.0,-0.5030472841409844,-0.5030472841409844,0
cobyla,local_global,650,651.0,-0.5030472841409844,-0.5030472841409844,0
cobyla,local_global,651,652.0,-0.5030472841409844,-0.5030472841409844,0
cobyla,local_global,652,653.0,-0.5030472841409844,-0.5030472841409844,0
cobyla,local_global,653,654.0,-0.5030472841409844,-0.5030472841409844,0
cobyla,local_global,654,655.0,-0.5030472841409844,-0.5030472841409844,0
cobyla,local_global,655,656.0,-0.5030472841409844,-0.5030472841409844,0
cobyla,local_global,656,657.0,-0.5030472841409844,-0.5030472841409844,0
cobyla,local_global,657,658.0,-0.5030472841409844,-0.5030472841409844,0
cobyla,local_global,658,659.0,-0.5030472841409844,-0.5030472841409844,0
cobyla,local_global,659,660.0,-0.5030472841409844,-0.5030472841409844,0
cobyla,local_global,660,661.0,-0.5030472841409844,-0.5030472841409844,0
cobyla,local_global,661,662.0,-0.5162718421562276,-0.5162718421562276,0
cobyla,local_global,662,663.0,-0.5162718421562276,-0.5162718421562276,0
cobyla,local_global,663,664.0,-0.5162718421562276,-0.5162718421562276,0
cobyla,local_global,664,665.0,-0.5608418769354049,-0.5608418769354049,0
cobyla,local_global,665,666.0,-0.5608418769354049,-0.5608418769354049,0
cobyla,local_global,666,667.0,-0.5608418769354049,-0.5608418769354049,0
cobyla,local_global,667,668.0,-0.5608418769354049,-0.5608418769354049,0
cobyla,local_global,668,669.0,-0.5608418769354049,-0.5608418769354049,0
cobyla,local_global,669,670.0,-0.5818456890127022,-0.5818456890127022,0
cobyla,local_global,670,671.0,-0.5818456890127022,-0.5818456890127022,0
cobyla,local_global,671,672.0,-0.5951179921933376,-0.5951179921933376,0
cobyla,local_global,672,673.0,-0.5951179921933376,-0.5951179921933376,0
cobyla,local_global,673,674.0,-0.5951179921933376,-0.5951179921933376,0
cobyla,local_global,674,675.0,-0.6084359070205582,-0.6084359070205582,0
cobyla,local_global,675,676.0,-0.6084359070205582,-0.6084359070205582,0
cobyla,local_global,676,677.0,-0.6084359070205582,-0.6084359070205582,0
cobyla,local_global,677,678.0,-0.6084359070205582,-0.6084359070205582,0
cobyla,local_global,678,679.0,-0.6084359070205582,-0.6084359070205582,0
cobyla,local_global,679,680.0,-0.6101860141623866,-0.6101860141623866,0
cobyla,local_global,680,681.0,-0.6101860141623866,-0.6101860141623866,0
cobyla,local_global,681,682.0,-0.6255623457066841,-0.6255623457066841,0
cobyla,local_global,682,683.0,-0.6255623457066841,-0.6255623457066841,0
cobyla,local_global,683,684.0,-0.6255623457066841,-0.6255623457066841,0
cobyla,local_global,684,685.0,-0.6266600629139294,-0.6266600629139294,0
cobyla,local_global,685,686.0,-0.6415393324898951,-0.6415393324898951,0
cobyla,local_global,686,687.0,-0.6415393324898951,-0.6415393324898951,0
cobyla,local_global,687,688.0,-0.6415393324898951,-0.6415393324898951,0
cobyla,local_global,688,689.0,-0.6415393324898951,-0.6415393324898951,0
cobyla,local_global,689,690.0,-0.6583345039910022,-0.6583345039910022,0
cobyla,local_global,690,691.0,-0.6583345039910022,-0.6583345039910022,0
cobyla,local_global,691,692.0,-0.659605245656014,-0.659605245656014,0
cobyla,local_global,692,693.0,-0.6739197269820175,-0.6739197269820175,0
cobyla,local_global,693,694.0,-0.6739197269820175,-0.6739197269820175,0
cobyla,local_global,694,695.0,-0.6903721524650328,-0.6903721524650328,0
cobyla,local_global,695,696.0,-0.6918595043839991,-0.6918595043839991,0
cobyla,local_global,696,697.0,-0.6918595043839991,-0.6918595043839991,0
cobyla,local_global,697,698.0,-0.6918595043839991,-0.6918595043839991,0
cobyla,local_global,698,699.0,-0.6918595043839991,-0.6918595043839991,0
cobyla,local_global,699,700.0,-0.6918595043839991,-0.6918595043839991,0
cobyla,local_global,700,701.0,-0.7238265136154999,-0.7238265136154999,0
cobyla,local_global,701,702.0,-0.7238265136154999,-0.7238265136154999,0
cobyla,local_global,702,703.0,-0.7480707918881496,-0.7480707918881496,0
cobyla,local_global,703,704.0,-0.7495717173431267,-0.7495717173431267,0
cobyla,local_global,704,705.0,-0.7562714093454906,-0.7562714093454906,0
cobyla,local_global,705,706.0,-0.7562714093454906,-0.7562714093454906,0
cobyla,local_global,706,707.0,-0.7562714093454906,-0.7562714093454906,0
cobyla,local_global,707,708.0,-0.7562714093454906,-0.7562714093454906,0
cobyla,local_global,708,709.0,-0.7562714093454906,-0.7562714093454906,0
cobyla,local_global,709,710.0,-0.7647737031376364,-0.7647737031376364,0
cobyla,local_global,710,711.0,-0.7647737031376364,-0.7647737031376364,0
cobyla,local_global,711,712.0,-0.7647737031376364,-0.7647737031376364,0
cobyla,local_global,712,713.0,-0.7647737031376364,-0.7647737031376364,0
cobyla,local_global,713,714.0,-0.7647737031376364,-0.7647737031376364,0
cobyla,local_global,714,715.0,-0.7647737031376364,-0.7647737031376364,0
cobyla,local_global,715,716.0,-0.7647737031376364,-0.7647737031376364,0
cobyla,local_global,716,717.0,-0.7679911816930277,-0.7679911816930277,0
cobyla,local_global,717,718.0,-0.7696368837261273,-0.7696368837261273,0
cobyla,local_global,718,719.0,-0.7696368837261273,-0.7696368837261273,0
cobyla,local_global,719,720.0,-0.7696368837261273,-0.7696368837261273,0
cobyla,local_global,720,721.0,-0.7758864192488568,-0.7758864192488568,0
cobyla,local_global,721,722.0,-0.7758864192488568,-0.7758864192488568,0
cobyla,local_global,722,723.0,-0.7758864192488568,-0.7758864192488568,0
cobyla,local_global,723,724.0,-0.7758864192488568,-0.7758864192488568,0
cobyla,local_global,724,725.0,-0.7792329409053871,-0.7792329409053871,0
cobyla,local_global,725,726.0,-0.7792329409053871,-0.7792329409053871,0
cobyla,local_global,726,727.0,-0.7792329409053871,-0.7792329409053871,0
cobyla,local_global,727,728.0,-0.7892534169356984,-0.7892534169356984,0
cobyla,local_global,728,729.0,-0.7892534169356984,-0.7892534169356984,0
cobyla,local_global,729,730.0,-0.7893196793293044,-0.7893196793293044,0
cobyla,local_global,730,731.0,-0.7893196793293044,-0.7893196793293044,0
cobyla,local_global,731,732.0,-0.7893196793293044,-0.7893196793293044,0
cobyla,local_global,732,733.0,-0.7897723629879713,-0.7897723629879713,0
cobyla,local_global,733,734.0,-0.7897723629879713,-0.7897723629879713,0
cobyla,local_global,734,735.0,-0.7897723629879713,-0.7897723629879713,0
cobyla,local_global,735,736.0,-0.7897723629879713,-0.7897723629879713,0
cobyla,local_global,736,737.0,-0.7958718986927169,-0.7958718986927169,0
cobyla,local_global,737,738.0,-0.7958718986927169,-0.7958718986927169,0
cobyla,local_global,738,739.0,-0.8144918931744407,-0.8144918931744407,0
cobyla,local_global,739,740.0,-0.8144918931744407,-0.8144918931744407,0
cobyla,local_global,740,741.0,-0.8253488284587016,-0.8253488284587016,0
cobyla,local_global,741,742.0,-0.8253488284587016,-0.8253488284587016,0
cobyla,local_global,742,743.0,-0.8253488284587016,-0.8253488284587016,0
cobyla,local_global,743,744.0,-0.8253488284587016,-0.8253488284587016,0
cobyla,local_global,744,745.0,-0.8253488284587016,-0.8253488284587016,0
cobyla,local_global,745,746.0,-0.8253488284587016,-0.8253488284587016,0
cobyla,local_global,746,747.0,-0.8253488284587016,-0.8253488284587016,0
cobyla,local_global,747,748.0,-0.8253488284587016,-0.8253488284587016,0
cobyla,local_global,748,749.0,-0.8253488284587016,-0.8253488284587016,0
cobyla,local_global,749,750.0,-0.8323268429248177,-0.8323268429248177,0
cobyla,local_global,750,751.0,-0.8323268429248177,-0.8323268429248177,0
cobyla,local_global,751,752.0,-0.8323268429248177,-0.8323268429248177,0
cobyla,local_global,752,753.0,-0.8323268429248177,-0.8323268429248177,0
cobyla,local_global,753,754.0,-0.835270811514929,-0.835270811514929,0
cobyla,local_global,754,755.0,-0.8524226600346215,-0.8524226600346215,0
cobyla,local_global,755,756.0,-0.8524226600346215,-0.8524226600346215,0
cobyla,local_global,756,757.0,-0.8787589072656091,-0.8787589072656091,0
cobyla,local_global,757,758.0,-0.8787589072656091,-0.8787589072656091,0
cobyla,local_global,758,759.0,-0.8787589072656091,-0.8787589072656091,0
cobyla,local_global,759,760.0,-0.8812959984377744,-0.8812959984377744,0
cobyla,local_global,760,761.0,-0.8812959984377744,-0.8812959984377744,0
cobyla,local_global,761,762.0,-0.8857109841529472,-0.8857109841529472,0
cobyla,local_global,762,763.0,-0.8857109841529472,-0.8857109841529472,0
cobyla,local_global,763,764.0,-0.8857109841529472,-0.8857109841529472,0
cobyla,local_global,764,765.0,-0.899117839774067,-0.899117839774067,0
cobyla,local_global,765,766.0,-0.899117839774067,-0.899117839774067,0
cobyla,local_global,766,767.0,-0.9011331125979901,-0.9011331125979901,0
cobyla,local_global,767,768.0,-0.9045860449629417,-0.9045860449629417,0
cobyla,local_global,768,769.0,-0.9326002450940237,-0.9326002450940237,0
cobyla,local_global,769,770.0,-0.9326002450940237,-0.9326002450940237,0
cobyla,local_global,770,771.0,-0.9326002450940237,-0.9326002450940237,0
cobyla,local_global,771,772.0,-0.9326002450940237,-0.9326002450940237,0
cobyla,local_global,772,773.0,-0.9326002450940237,-0.9326002450940237,0
cobyla,local_global,773,774.0,-0.9326002450940237,-0.9326002450940237,0
cobyla,local_global,774,775.0,-0.9326002450940237,-0.9326002450940237,0
cobyla,local_global,775,776.0,-0.9326002450940237,-0.9326002450940237,0
cobyla,local_global,776,777.0,-0.9672647510027633,-0.9672647510027633,0
cobyla,local_global,777,778.0,-0.9672647510027633,-0.9672647510027633,0
cobyla,local_global,778,779.0,-0.9672647510027633,-0.9672647510027633,0
cobyla,local_global,779,780.0,-0.9672647510027633,-0.9672647510027633,0
cobyla,local_global,780,781.0,-0.9672647510027633,-0.9672647510027633,0
cobyla,local_global,781,782.0,-0.9703839827948814,-0.9703839827948814,0
cobyla,local_global,782,783.0,-0.9703839827948814,-0.9703839827948814,0
cobyla,local_global,783,784.0,-0.9703839827948814,-0.9703839827948814,0
cobyla,local_global,784,785.0,-0.9703839827948814,-0.9703839827948814,0
cobyla,local_global,785,786.0,-0.9703839827948814,-0.9703839827948814,0
cobyla,local_global,786,787.0,-0.9703839827948814,-0.9703839827948814,0
cobyla,local_global,787,788.0,-0.9734573912077303,-0.9734573912077303,0
cobyla,local_global,788,789.0,-0.9734573912077303,-0.9734573912077303,0
cobyla,local_global,789,790.0,-0.9734573912077303,-0.9734573912077303,0
cobyla,local_global,790,791.0,-0.9734573912077303,-0.9734573912077303,0
cobyla,local_global,791,792.0,-0.9734573912077303,-0.9734573912077303,0
cobyla,local_global,792,793.0,-0.9734573912077303,-0.9734573912077303,0
cobyla,local_global,793,794.0,-0.9734573912077303,-0.9734573912077303,0
cobyla,local_global,794,795.0,-0.9734573912077303,-0.9734573912077303,0
cobyla,local_global,795,796.0,-0.973941842961183,-0.973941842961183,0
cobyla,local_global,796,797.0,-0.973941842961183,-0.973941842961183,0
cobyla,local_global,797,798.0,-0.9787622469746778,-0.9787622469746778,0
cobyla,local_global,798,799.0,-0.9918882824579466,-0.9918882824579466,0
cobyla,local_global,799,800.0,-0.9918882824579466,-0.9918882824579466,0
cobyla,local_global,800,801.0,-0.9918882824579466,-0.9918882824579466,0
cobyla,local_global,801,802.0,-0.9918882824579466,-0.9918882824579466,0
cobyla,local_global,802,803.0,-0.9918882824579466,-0.9918882824579466,0
cobyla,local_global,803,804.0,-0.9918882824579466,-0.9918882824579466,0
cobyla,local_global,804,805.0,-0.9918882824579466,-0.9918882824579466,0
cobyla,local_global,805,806.0,-0.9918882824579466,-0.9918882824579466,0
cobyla,local_global,806,807.0,-0.9918882824579466,-0.9918882824579466,0
cobyla,local_global,807,808.0,-0.9918882824579466,-0.9918882824579466,0
cobyla,local_global,808,809.0,-0.9918882824579466,-0.9918882824579466,0
cobyla,local_global,809,810.0,-0.9918882824579466,-0.9918882824579466,0
cobyla,local_global,810,811.0,-0.9918882824579466,-0.9918882824579466,0
cobyla,local_global,811,812.0,-0.9918882824579466,-0.9918882824579466,0
cobyla,local_global,812,813.0,-0.9918882824579466,-0.9918882824579466,0
cobyla,local_global,813,814.0,-0.9918882824579466,-0.9918882824579466,0
cobyla,local_global,814,815.0,-0.9918882824579466,-0.9918882824579466,0
cobyla,local_global,815,816.0,-0.9918882824579466,-0.9918882824579466,0
cobyla,local_global,816,817.0,-0.9918882824579466,-0.9918882824579466,0
cobyla,local_global,817,818.0,-0.9918882824579466,-0.9918882824579466,0
cobyla,local_global,818,819.0,-0.9918882824579466,-0.9918882824579466,0
cobyla,local_global,819,820.0,-0.9918882824579466,-0.9918882824579466,0
cobyla,local_global,820,821.0,-0.9918882824579466,-0.9918882824579466,0
cobyla,local_global,821,822.0,-0.9918882824579466,-0.9918882824579466,0
cobyla,local_global,822,823.0,-0.9918882824579466,-0.9918882824579466,0
cobyla,local_global,823,824.0,-0.999896491624363,-0.999896491624363,0
cobyla,local_global,824,825.0,-0.999896491624363,-0.999896491624363,0
cobyla,local_global,825,826.0,-0.999896491624363,-0.999896491624363,0
cobyla,local_global,826,827.0,-0.999896491624363,-0.999896491624363,0
cobyla,local_global,827,828.0,-0.999896491624363,-0.999896491624363,0
cobyla,local_global,828,829.0,-0.999896491624363,-0.999896491624363,0
cobyla,local_global,829,830.0,-0.999896491624363,-0.999896491624363,0
cobyla,local_global,830,831.0,-0.999896491624363,-0.999896491624363,0
cobyla,local_global,831,832.0,-0.999896491624363,-0.999896491624363,0
cobyla,local_global,832,833.0,-0.999896491624363,-0.999896491624363,0
cobyla,local_global,833,834.0,-0.999896491624363,-0.999896491624363,0
cobyla,local_global,834,835.0,-0.999896491624363,-0.999896491624363,0
cobyla,local_global,835,836.0,-0.999896491624363,-0.999896491624363,0
cobyla,local_global,836,837.0,-0.999896491624363,-0.999896491624363,0
cobyla,local_global,837,838.0,-0.999896491624363,-0.999896491624363,0
cobyla,local_global,838,839.0,-0.999896491624363,-0.999896491624363,0
cobyla,local_global,839,840.0,-0.999896491624363,-0.999896491624363,0
cobyla,local_global,840,841.0,-0.999896491624363,-0.999896491624363,0
cobyla,local_global,841,842.0,-0.999896491624363,-0.999896491624363,0
cobyla,local_global,842,843.0,-0.999896491624363,-0.999896491624363,0
cobyla,local_global,843,844.0,-0.999896491624363,-0.999896491624363,0
cobyla,local_global,844,845.0,-0.999896491624363,-0.999896491624363,0
cobyla,local_global,845,846.0,-0.999896491624363,-0.999896491624363,0
cobyla,local_global,846,847.0,-0.999896491624363,-0.999896491624363,0
cobyla,local_global,847,848.0,-0.999896491624363,-0.999896491624363,0
cobyla,local_global,848,849.0,-0.999896491624363,-0.999896491624363,0
cobyla,local_global,849,850.0,-0.999896491624363,-0.999896491624363,0
cobyla,local_global,850,851.0,-0.999896491624363,-0.999896491624363,0
cobyla,local_global,851,852.0,-0.999896491624363,-0.999896491624363,0
cobyla,local_global,852,853.0,-0.999896491624363,-0.999896491624363,0
cobyla,local_global,853,854.0,-0.999896491624363,-0.999896491624363,0
cobyla,local_global,854,855.0,-0.999896491624363,-0.999896491624363,0
cobyla,local_global,855,856.0,-0.999896491624363,-0.999896491624363,0
cobyla,local_global,856,857.0,-0.999896491624363,-0.999896491624363,0
cobyla,local_global,857,858.0,-0.999896491624363,-0.999896491624363,0
cobyla,local_global,858,859.0,-0.999896491624363,-0.999896491624363,0
cobyla,local_global,859,860.0,-1.0063995186679573,-1.0063995186679573,0
cobyla,local_global,860,861.0,-1.0063995186679573,-1.0063995186679573,0
cobyla,local_global,861,862.0,-1.0158731230796556,-1.0158731230796556,0
cobyla,local_global,862,863.0,-1.0158731230796556,-1.0158731230796556,0
cobyla,local_global,863,864.0,-1.0158731230796556,-1.0158731230796556,0
cobyla,local_global,864,865.0,-1.0158731230796556,-1.0158731230796556,0
cobyla,local_global,865,866.0,-1.0160766383635895,-1.0160766383635895,0
cobyla,local_global,866,867.0,-1.0185278717043422,-1.0185278717043422,0
cobyla,local_global,867,868.0,-1.0185278717043422,-1.0185278717043422,0
cobyla,local_global,868,869.0,-1.0185278717043422,-1.0185278717043422,0
cobyla,local_global,869,870.0,-1.0278141250630677,-1.0278141250630677,0
cobyla,local_global,870,871.0,-1.030039377034011,-1.030039377034011,0
cobyla,local_global,871,872.0,-1.030039377034011,-1.030039377034011,0
cobyla,local_global,872,873.0,-1.030039377034011,-1.030039377034011,0
cobyla,local_global,873,874.0,-1.030039377034011,-1.030039377034011,0
cobyla,local_global,874,875.0,-1.030039377034011,-1.030039377034011,0
cobyla,local_global,875,876.0,-1.030039377034011,-1.030039377034011,0
cobyla,local_global,876,877.0,-1.030039377034011,-1.030039377034011,0
cobyla,local_global,877,878.0,-1.030039377034011,-1.030039377034011,0
cobyla,local_global,878,879.0,-1.030804153949167,-1.030804153949167,0
cobyla,local_global,879,880.0,-1.030804153949167,-1.030804153949167,0
cobyla,local_global,880,881.0,-1.030804153949167,-1.030804153949167,0
cobyla,local_global,881,882.0,-1.030804153949167,-1.030804153949167,0
cobyla,local_global,882,883.0,-1.030804153949167,-1.030804153949167,0
cobyla,local_global,883,884.0,-1.030804153949167,-1.030804153949167,0
cobyla,local_global,884,885.0,-1.034617682284586,-1.034617682284586,0
cobyla,local_global,885,886.0,-1.034617682284586,-1.034617682284586,0
cobyla,local_global,886,887.0,-1.034617682284586,-1.034617682284586,0
cobyla,local_global,887,888.0,-1.0354732076364945,-1.0354732076364945,0
cobyla,local_global,888,889.0,-1.0354732076364945,-1.0354732076364945,0
cobyla,local_global,889,890.0,-1.0370304641254064,-1.0370304641254064,0
cobyla,local_global,890,891.0,-1.039641191475263,-1.039641191475263,0
cobyla,local_global,891,892.0,-1.039641191475263,-1.039641191475263,0
cobyla,local_global,892,893.0,-1.039641191475263,-1.039641191475263,0
cobyla,local_global,893,894.0,-1.0422744695283264,-1.0422744695283264,0
cobyla,local_global,894,895.0,-1.04235060421707,-1.04235060421707,0
cobyla,local_global,895,896.0,-1.04397997917468,-1.04397997917468,0
cobyla,local_global,896,897.0,-1.04397997917468,-1.04397997917468,0
cobyla,local_global,897,898.0,-1.04397997917468,-1.04397997917468,0
cobyla,local_global,898,899.0,-1.04397997917468,-1.04397997917468,0
cobyla,local_global,899,900.0,-1.049029561086689,-1.049029561086689,0
cobyla,local_global,900,901.0,-1.049029561086689,-1.049029561086689,0
cobyla,local_global,901,902.0,-1.05302342114365,-1.05302342114365,0
cobyla,local_global,902,903.0,-1.05302342114365,-1.05302342114365,0
cobyla,local_global,903,904.0,-1.0618147730065683,-1.0618147730065683,0
cobyla,local_global,904,905.0,-1.0618147730065683,-1.0618147730065683,0
cobyla,local_global,905,906.0,-1.0712300162493533,-1.0712300162493533,0
cobyla,local_global,906,907.0,-1.0712300162493533,-1.0712300162493533,0
cobyla,local_global,907,908.0,-1.0815535940567538,-1.0815535940567538,0
cobyla,local_global,908,909.0,-1.0815535940567538,-1.0815535940567538,0
cobyla,local_global,909,910.0,-1.0815535940567538,-1.0815535940567538,0
cobyla,local_global,910,911.0,-1.0815535940567538,-1.0815535940567538,0
cobyla,local_global,911,912.0,-1.0815535940567538,-1.0815535940567538,0
cobyla,local_global,912,913.0,-1.0823275782905746,-1.0823275782905746,0
cobyla,local_global,913,914.0,-1.0823275782905746,-1.0823275782905746,0
cobyla,local_global,914,915.0,-1.0823275782905746,-1.0823275782905746,0
cobyla,local_global,915,916.0,-1.0823275782905746,-1.0823275782905746,0
cobyla,local_global,916,917.0,-1.0823275782905746,-1.0823275782905746,0
cobyla,local_global,917,918.0,-1.0823275782905746,-1.0823275782905746,0
cobyla,local_global,918,919.0,-1.0823275782905746,-1.0823275782905746,0
cobyla,local_global,919,920.0,-1.0823275782905746,-1.0823275782905746,0
cobyla,local_global,920,921.0,-1.0823275782905746,-1.0823275782905746,0
cobyla,local_global,921,922.0,-1.0823275782905746,-1.0823275782905746,0
cobyla,local_global,922,923.0,-1.0827205897730077,-1.0827205897730077,0
cobyla,local_global,923,924.0,-1.0827205897730077,-1.0827205897730077,0
cobyla,local_global,924,925.0,-1.0843194273467553,-1.0843194273467553,0
cobyla,local_global,925,926.0,-1.0843194273467553,-1.0843194273467553,0
cobyla,local_global,926,927.0,-1.0853407719195638,-1.0853407719195638,0
cobyla,local_global,927,928.0,-1.0867996123752532,-1.0867996123752532,0
cobyla,local_global,928,929.0,-1.0867996123752532,-1.0867996123752532,0
cobyla,local_global,929,930.0,-1.0867996123752532,-1.0867996123752532,0
cobyla,local_global,930,931.0,-1.0867996123752532,-1.0867996123752532,0
cobyla,local_global,931,932.0,-1.0867996123752532,-1.0867996123752532,0
cobyla,local_global,932,933.0,-1.0867996123752532,-1.0867996123752532,0
cobyla,local_global,933,934.0,-1.0867996123752532,-1.0867996123752532,0
cobyla,local_global,934,935.0,-1.0867996123752532,-1.0867996123752532,0
cobyla,local_global,935,936.0,-1.0867996123752532,-1.0867996123752532,0
cobyla,local_global,936,937.0,-1.088044085507307,-1.088044085507307,0
cobyla,local_global,937,938.0,-1.088044085507307,-1.088044085507307,0
cobyla,local_global,938,939.0,-1.088044085507307,-1.088044085507307,0
cobyla,local_global,939,940.0,-1.0978202221876876,-1.0978202221876876,0
cobyla,local_global,940,941.0,-1.0978202221876876,-1.0978202221876876,0
cobyla,local_global,941,942.0,-1.1013069685664019,-1.1013069685664019,0
cobyla,local_global,942,943.0,-1.1013069685664019,-1.1013069685664019,0
cobyla,local_global,943,944.0,-1.110016980700302,-1.110016980700302,0
cobyla,local_global,944,945.0,-1.110016980700302,-1.110016980700302,0
cobyla,local_global,945,946.0,-1.110016980700302,-1.110016980700302,0
cobyla,local_global,946,947.0,-1.110016980700302,-1.110016980700302,0
cobyla,local_global,947,948.0,-1.110016980700302,-1.110016980700302,0
cobyla,local_global,948,949.0,-1.110016980700302,-1.110016980700302,0
cobyla,local_global,949,950.0,-1.110016980700302,-1.110016980700302,0
cobyla,local_global,950,951.0,-1.1117851259123182,-1.1117851259123182,0
cobyla,local_global,951,952.0,-1.1117851259123182,-1.1117851259123182,0
cobyla,local_global,952,953.0,-1.1117851259123182,-1.1117851259123182,0
cobyla,local_global,953,954.0,-1.1159112300986513,-1.1159112300986513,0
cobyla,local_global,954,955.0,-1.1159112300986513,-1.1159112300986513,0
cobyla,local_global,955,956.0,-1.1163416941693343,-1.1163416941693343,0
cobyla,local_global,956,957.0,-1.1163416941693343,-1.1163416941693343,0
cobyla,local_global,957,958.0,-1.1163416941693343,-1.1163416941693343,0
cobyla,local_global,958,959.0,-1.1163416941693343,-1.1163416941693343,0
cobyla,local_global,959,960.0,-1.1163416941693343,-1.1163416941693343,0
cobyla,local_global,960,961.0,-1.1166607963429966,-1.1166607963429966,0
cobyla,local_global,961,962.0,-1.1166607963429966,-1.1166607963429966,0
cobyla,local_global,962,963.0,-1.1166607963429966,-1.1166607963429966,0
cobyla,local_global,963,964.0,-1.1166607963429966,-1.1166607963429966,0
cobyla,local_global,964,965.0,-1.1166607963429966,-1.1166607963429966,0
cobyla,local_global,965,966.0,-1.1166607963429966,-1.1166607963429966,0
cobyla,local_global,966,967.0,-1.1166607963429966,-1.1166607963429966,0
cobyla,local_global,967,968.0,-1.1166607963429966,-1.1166607963429966,0
cobyla,local_global,968,969.0,-1.117614195905453,-1.117614195905453,0
cobyla,local_global,969,970.0,-1.117614195905453,-1.117614195905453,0
cobyla,local_global,970,971.0,-1.117614195905453,-1.117614195905453,0
cobyla,local_global,971,972.0,-1.117614195905453,-1.117614195905453,0
cobyla,local_global,972,973.0,-1.1185176214159391,-1.1185176214159391,0
cobyla,local_global,973,974.0,-1.1185176214159391,-1.1185176214159391,0
cobyla,local_global,974,975.0,-1.1185176214159391,-1.1185176214159391,0
cobyla,local_global,975,976.0,-1.1268280393489627,-1.1268280393489627,0
cobyla,local_global,976,977.0,-1.1268280393489627,-1.1268280393489627,0
cobyla,local_global,977,978.0,-1.1268280393489627,-1.1268280393489627,0
cobyla,local_global,978,979.0,-1.129714516195117,-1.129714516195117,0
cobyla,local_global,979,980.0,-1.129714516195117,-1.129714516195117,0
cobyla,local_global,980,981.0,-1.129714516195117,-1.129714516195117,0
cobyla,local_global,981,982.0,-1.129714516195117,-1.129714516195117,0
cobyla,local_global,982,983.0,-1.1298964321866904,-1.1298964321866904,0
cobyla,local_global,983,984.0,-1.1298964321866904,-1.1298964321866904,0
cobyla,local_global,984,985.0,-1.1298964321866904,-1.1298964321866904,0
cobyla,local_global,985,986.0,-1.1298964321866904,-1.1298964321866904,0
cobyla,local_global,986,987.0,-1.1310268890196877,-1.1310268890196877,0
cobyla,local_global,987,988.0,-1.1310268890196877,-1.1310268890196877,0
cobyla,local_global,988,989.0,-1.1310268890196877,-1.1310268890196877,0
cobyla,local_global,989,990.0,-1.1329060527054964,-1.1329060527054964,0
cobyla,local_global,990,991.0,-1.1329060527054964,-1.1329060527054964,0
cobyla,local_global,991,992.0,-1.1348612272576957,-1.1348612272576957,0
cobyla,local_global,992,993.0,-1.1348612272576957,-1.1348612272576957,0
cobyla,local_global,993,994.0,-1.1348612272576957,-1.1348612272576957,0
cobyla,local_global,994,995.0,-1.1348612272576957,-1.1348612272576957,0
cobyla,local_global,995,996.0,-1.1348612272576957,-1.1348612272576957,0
cobyla,local_global,996,997.0,-1.1384901968338466,-1.1384901968338466,0
cobyla,local_global,997,998.0,-1.1384901968338466,-1.1384901968338466,0
cobyla,local_global,998,999.0,-1.1397445161451993,-1.1397445161451993,0
cobyla,local_global,999,1000.0,-1.1397445161451993,-1.1397445161451993,0
cobyla,adiabatic,0,1.0,0.5104819178809782,2.845677068898275,0
cobyla,adiabatic,1,2.0,0.4903612365778778,2.6903685761857354,0
cobyla,adiabatic,2,3.0,0.4903612365778778,2.6903685761857354,0
cobyla,adiabatic,3,4.0,0.48490300896487687,2.6329578213351255,0
cobyla,adiabatic,4,5.0,0.48363341993269704,2.610390807157896,0
cobyla,adiabatic,5,6.0,0.479929899568376,2.5546669494170513,0
cobyla,adiabatic,6,7.0,0.47886629594963603,2.542390055219985,0
cobyla,adiabatic,7,8.0,0.47886629594963603,2.542390055219985,0
cobyla,adiabatic,8,9.0,0.4766985277788227,2.56096612267953,0
cobyla,adiabatic,9,10.0,0.4766985277788227,2.56096612267953,0
cobyla,adiabatic,10,11.0,0.4740335441367616,2.5521673090853847,0
cobyla,adiabatic,11,12.0,0.4740335441367616,2.5521673090853847,0
cobyla,adiabatic,12,13.0,0.4740335441367616,2.5521673090853847,0
cobyla,adiabatic,13,14.0,0.4696386061702805,2.6149003170069367,0
cobyla,adiabatic,14,15.0,0.469235758097244,2.6131826553464608,0
cobyla,adiabatic,15,16.0,0.469235758097244,2.6131826553464608,0
cobyla,adiabatic,16,17.0,0.469235758097244,2.6131826553464608,0
cobyla,adiabatic,17,18.0,0.469235758097244,2.6131826553464608,0
cobyla,adiabatic,18,19.0,0.469235758097244,2.6131826553464608,0
cobyla,adiabatic,19,20.0,0.4676204915477041,2.6740618721841227,0
cobyla,adiabatic,20,21.0,0.4676204915477041,2.6740618721841227,0
cobyla,adiabatic,21,22.0,0.4676204915477041,2.6740618721841227,0
cobyla,adiabatic,22,23.0,0.45642139015975625,2.498740211175559,0
cobyla,adiabatic,23,24.0,0.45642139015975625,2.498740211175559,0
cobyla,adiabatic,24,25.0,0.45642139015975625,2.498740211175559,0
cobyla,adiabatic,25,26.0,0.45642139015975625,2.498740211175559,0
cobyla,adiabatic,26,27.0,0.45642139015975625,2.498740211175559,0
cobyla,adiabatic,27,28.0,0.45642139015975625,2.498740211175559,0
cobyla,adiabatic,28,29.0,0.45595565051870124,2.5178575444516653,0
cobyla,adiabatic,29,30.0,0.45595565051870124,2.5178575444516653,0
cobyla,adiabatic,30,31.0,0.45595565051870124,2.5178575444516653,0
cobyla,adiabatic,31,32.0,0.45595565051870124,2.5178575444516653,0
cobyla,adiabatic,32,33.0,0.45160426985200813,2.5435100983076917,0
cobyla,adiabatic,33,34.0,0.45160426985200813,2.5435100983076917,0
cobyla,adiabatic,34,35.0,0.45160426985200813,2.5435100983076917,0
cobyla,adiabatic,35,36.0,0.45160426985200813,2.5435100983076917,0
cobyla,adiabatic,36,37.0,0.45160426985200813,2.5435100983076917,0
cobyla,adiabatic,37,38.0,0.45160426985200813,2.5435100983076917,0
cobyla,adiabatic,38,39.0,0.45160426985200813,2.5435100983076917,0
cobyla,adiabatic,39,40.0,0.45160426985200813,2.5435100983076917,0
cobyla,adiabatic,40,41.0,0.45160426985200813,2.5435100983076917,0
cobyla,adiabatic,41,42.0,0.45160426985200813,2.5435100983076917,0
cobyla,adiabatic,42,43.0,0.45160426985200813,2.5435100983076917,0
cobyla,adiabatic,43,44.0,0.45160426985200813,2.5435100983076917,0
cobyla,adiabatic,44,45.0,0.45160426985200813,2.5435100983076917,0
cobyla,adiabatic,45,46.0,0.45160426985200813,2.5435100983076917,0
cobyla,adiabatic,46,47.0,0.45160426985200813,2.5435100983076917,0
cobyla,adiabatic,47,48.0,0.45160426985200813,2.5435100983076917,0
cobyla,adiabatic,48,49.0,0.45160426985200813,2.5435100983076917,0
cobyla,adiabatic,49,50.0,0.45160426985200813,2.5435100983076917,0
cobyla,adiabatic,50,51.0,0.45160426985200813,2.5435100983076917,0
cobyla,adiabatic,51,52.0,0.45160426985200813,2.5435100983076917,0
cobyla,adiabatic,52,53.0,0.45160426985200813,2.5435100983076917,0
cobyla,adiabatic,53,54.0,0.45160426985200813,2.5435100983076917,0
cobyla,adiabatic,54,55.0,0.45160426985200813,2.5435100983076917,0
cobyla,adiabatic,55,56.0,0.45160426985200813,2.5435100983076917,0
cobyla,adiabatic,56,57.0,0.45160426985200813,2.5435100983076917,0
cobyla,adiabatic,57,58.0,0.45160426985200813,2.5435100983076917,0
cobyla,adiabatic,58,59.0,0.45160426985200813,2.5435100983076917,0
cobyla,adiabatic,59,60.0,0.45160426985200813,2.5435100983076917,0
cobyla,adiabatic,60,61.0,0.4504639964939003,2.546278679441926,0
cobyla,adiabatic,61,62.0,0.4504639964939003,2.546278679441926,0
cobyla,adiabatic,62,63.0,0.4504639964939003,2.546278679441926,0
cobyla,adiabatic,63,64.0,0.4504639964939003,2.546278679441926,0
cobyla,adiabatic,64,65.0,0.4504639964939003,2.546278679441926,0
cobyla,adiabatic,65,66.0,0.4504639964939003,2.546278679441926,0
cobyla,adiabatic,66,67.0,0.4504639964939003,2.546278679441926,0
cobyla,adiabatic,67,68.0,0.4481439700987969,2.547497264212365,0
cobyla,adiabatic,68,69.0,0.4481439700987968,2.5447328516182637,0
cobyla,adiabatic,69,70.0,0.4481439700987968,2.5447328516182637,0
cobyla,adiabatic,70,71.0,0.4481439700987968,2.5447328516182637,0
cobyla,adiabatic,71,72.0,0.4461366590261912,2.502720903285859,0
cobyla,adiabatic,72,73.0,0.4461366590261911,2.492899160012438,0
cobyla,adiabatic,73,74.0,0.4461366590261911,2.492899160012438,0
cobyla,adiabatic,74,75.0,0.4461366590261911,2.492899160012438,0
cobyla,adiabatic,75,76.0,0.4461366590261911,2.492899160012438,0
cobyla,adiabatic,76,77.0,0.4461366590261911,2.492899160012438,0
cobyla,adiabatic,77,78.0,0.44428128326161426,2.475418059555797,0
cobyla,adiabatic,78,79.0,0.44428128326161426,2.475418059555797,0
cobyla,adiabatic,79,80.0,0.44428128326161426,2.475418059555797,0
cobyla,adiabatic,80,81.0,0.44428128326161426,2.475418059555797,0
cobyla,adiabatic,81,82.0,0.44428128326161426,2.475418059555797,0
cobyla,adiabatic,82,83.0,0.44297730152797615,2.4863619647000093,0
cobyla,adiabatic,83,84.0,0.44297730152797615,2.4863619647000093,0
cobyla,adiabatic,84,85.0,0.44297730152797615,2.4863619647000093,0
cobyla,adiabatic,85,86.0,0.44297730152797615,2.4863619647000093,0
cobyla,adiabatic,86,87.0,0.44297730152797615,2.4863619647000093,0
cobyla,adiabatic,87,88.0,0.44297730152797615,2.4863619647000093,0
cobyla,adiabatic,88,89.0,0.44297730152797615,2.4863619647000093,0
cobyla,adiabatic,89,90.0,0.44297730152797615,2.4863619647000093,0
cobyla,adiabatic,90,91.0,0.44297730152797615,2.4863619647000093,0
cobyla,adiabatic,91,92.0,0.44297730152797615,2.4863619647000093,0
cobyla,adiabatic,92,93.0,0.44297730152797615,2.4863619647000093,0
cobyla,adiabatic,93,94.0,0.44297730152797615,2.4863619647000093,0
cobyla,adiabatic,94,95.0,0.44297730152797615,2.4863619647000093,0
cobyla,adiabatic,95,96.0,0.44297730152797615,2.4863619647000093,0
cobyla,adiabatic,96,97.0,0.44216587977423866,2.4838223379629114,0
cobyla,adiabatic,97,98.0,0.44216587977423866,2.4838223379629114,0
cobyla,adiabatic,98,99.0,0.44216587977423866,2.4838223379629114,0
cobyla,adiabatic,99,100.0,0.44216587977423866,2.4838223379629114,0
cobyla,adiabatic,100,101.0,0.6690165973507568,2.4838223379629114,0
cobyla,adiabatic,101,102.0,0.6690165973507568,2.4838223379629114,0
cobyla,adiabatic,102,103.0,0.6653489624962176,2.4626183125252448,0
cobyla,adiabatic,103,104.0,0.6653489624962176,2.4626183125252448,0
cobyla,adiabatic,104,105.0,0.6653489624962176,2.4626183125252448,0
cobyla,adiabatic,105,106.0,0.6653489624962176,2.4626183125252448,0
cobyla,adiabatic,106,107.0,0.6653489624962176,2.4626183125252448,0
cobyla,adiabatic,107,108.0,0.6653489624962176,2.4626183125252448,0
cobyla,adiabatic,108,109.0,0.6653489624962176,2.4626183125252448,0
cobyla,adiabatic,109,110.0,0.6653489624962176,2.4626183125252448,0
cobyla,adiabatic,110,111.0,0.6638639652301213,2.459022667767626,0
cobyla,adiabatic,111,112.0,0.6638639652301213,2.459022667767626,0
cobyla,adiabatic,112,113.0,0.6638639652301213,2.459022667767626,0
cobyla,adiabatic,113,114.0,0.6638639652301213,2.459022667767626,0
cobyla,adiabatic,114,115.0,0.6617864267155168,2.4456877329205473,0
cobyla,adiabatic,115,116.0,0.6617864267155168,2.4456877329205473,0
cobyla,adiabatic,116,117.0,0.6617864267155168,2.4456877329205473,0
cobyla,adiabatic,117,118.0,0.6617864267155168,2.4456877329205473,0
cobyla,adiabatic,118,119.0,0.6589979149170638,2.4140877319296066,0
cobyla,adiabatic,119,120.0,0.6589979149170638,2.4140877319296066,0
cobyla,adiabatic,120,121.0,0.6589979149170638,2.4140877319296066,0
cobyla,adiabatic,121,122.0,0.6589979149170638,2.4140877319296066,0
cobyla,adiabatic,122,123.0,0.6589979149170638,2.4140877319296066,0
cobyla,adiabatic,123,124.0,0.6589979149170638,2.4140877319296066,0
cobyla,adiabatic,124,125.0,0.6589979149170638,2.4140877319296066,0
cobyla,adiabatic,125,126.0,0.6589979149170638,2.4140877319296066,0
cobyla,adiabatic,126,127.0,0.6589979149170638,2.4140877319296066,0
cobyla,adiabatic,127,128.0,0.6589979149170638,2.4140877319296066,0
cobyla,adiabatic,128,129.0,0.6589979149170638,2.4140877319296066,0
cobyla,adiabatic,129,130.0,0.6589979149170638,2.4140877319296066,0
cobyla,adiabatic,130,131.0,0.6589979149170638,2.4140877319296066,0
cobyla,adiabatic,131,132.0,0.6589979149170638,2.4140877319296066,0
cobyla,adiabatic,132,133.0,0.649226882436046,2.345060344206442,0
cobyla,adiabatic,133,134.0,0.649226882436046,2.345060344206442,0
cobyla,adiabatic,134,135.0,0.649226882436046,2.345060344206442,0
cobyla,adiabatic,135,136.0,0.649226882436046,2.345060344206442,0
cobyla,adiabatic,136,137.0,0.649226882436046,2.345060344206442,0
cobyla,adiabatic,137,138.0,0.649226882436046,2.345060344206442,0
cobyla,adiabatic,138,139.0,0.649226882436046,2.345060344206442,0
cobyla,adiabatic,139,140.0,0.649226882436046,2.345060344206442,0
cobyla,adiabatic,140,141.0,0.649226882436046,2.345060344206442,0
cobyla,adiabatic,141,142.0,0.649226882436046,2.345060344206442,0
cobyla,adiabatic,142,143.0,0.649226882436046,2.345060344206442,0
cobyla,adiabatic,143,144.0,0.649226882436046,2.345060344206442,0
cobyla,adiabatic,144,145.0,0.649226882436046,2.345060344206442,0
cobyla,adiabatic,145,146.0,0.649226882436046,2.345060344206442,0
cobyla,adiabatic,146,147.0,0.649226882436046,2.345060344206442,0
cobyla,adiabatic,147,148.0,0.649226882436046,2.345060344206442,0
cobyla,adiabatic,148,149.0,0.649226882436046,2.345060344206442,0
cobyla,adiabatic,149,150.0,0.649226882436046,2.345060344206442,0
cobyla,adiabatic,150,151.0,0.649226882436046,2.345060344206442,0
cobyla,adiabatic,151,152.0,0.649226882436046,2.345060344206442,0
cobyla,adiabatic,152,153.0,0.649226882436046,2.345060344206442,0
cobyla,adiabatic,153,154.0,0.649226882436046,2.345060344206442,0
cobyla,adiabatic,154,155.0,0.6437471372396774,2.314962970561715,0
cobyla,adiabatic,155,156.0,0.6437471372396774,2.314962970561715,0
cobyla,adiabatic,156,157.0,0.6437471372396774,2.314962970561715,0
cobyla,adiabatic,157,158.0,0.6437471372396774,2.314962970561715,0
cobyla,adiabatic,158,159.0,0.6437471372396774,2.314962970561715,0
cobyla,adiabatic,159,160.0,0.6437471372396774,2.314962970561715,0
cobyla,adiabatic,160,161.0,0.6437471372396774,2.314962970561715,0
cobyla,adiabatic,161,162.0,0.6437471372396774,2.314962970561715,0
cobyla,adiabatic,162,163.0,0.6437471372396774,2.314962970561715,0
cobyla,adiabatic,163,164.0,0.6437471372396774,2.314962970561715,0
cobyla,adiabatic,164,165.0,0.6437471372396774,2.314962970561715,0
cobyla,adiabatic,165,166.0,0.6437471372396774,2.314962970561715,0
cobyla,adiabatic,166,167.0,0.6437471372396774,2.314962970561715,0
cobyla,adiabatic,167,168.0,0.6437471372396774,2.314962970561715,0
cobyla,adiabatic,168,169.0,0.6437471372396774,2.314962970561715,0
cobyla,adiabatic,169,170.0,0.6436422544730918,2.2999363287931245,0
cobyla,adiabatic,170,171.0,0.6435074564886795,2.2987231469334097,0
cobyla,adiabatic,171,172.0,0.6435074564886795,2.2987231469334097,0
cobyla,adiabatic,172,173.0,0.6425023647967321,2.289677321705888,0
cobyla,adiabatic,173,174.0,0.6425023647967321,2.289677321705888,0
cobyla,adiabatic,174,175.0,0.6425023647967321,2.289677321705888,0
cobyla,adiabatic,175,176.0,0.6425023647967321,2.289677321705888,0
cobyla,adiabatic,176,177.0,0.6407081173651775,2.273529094821892,0
cobyla,adiabatic,177,178.0,0.6354316371369326,2.244474738827649,0
cobyla,adiabatic,178,179.0,0.6338669569056797,2.2303926167463732,0
cobyla,adiabatic,179,180.0,0.6338669569056797,2.2303926167463732,0
cobyla,adiabatic,180,181.0,0.6338669569056797,2.2303926167463732,0
cobyla,adiabatic,181,182.0,0.6186904428678464,2.162140081784455,0
cobyla,adiabatic,182,183.0,0.6186904428678464,2.162140081784455,0
cobyla,adiabatic,183,184.0,0.6186904428678464,2.162140081784455,0
cobyla,adiabatic,184,185.0,0.6108437078309804,2.144561966347948,0
cobyla,adiabatic,185,186.0,0.6108437078309804,2.144561966347948,0
cobyla,adiabatic,186,187.0,0.6108437078309804,2.144561966347948,0
cobyla,adiabatic,187,188.0,0.6108437078309804,2.144561966347948,0
cobyla,adiabatic,188,189.0,0.6088741429111798,2.123009645266425,0
cobyla,adiabatic,189,190.0,0.6088741429111798,2.123009645266425,0
cobyla,adiabatic,190,191.0,0.6088741429111798,2.123009645266425,0
cobyla,adiabatic,191,192.0,0.6088741429111798,2.123009645266425,0
cobyla,adiabatic,192,193.0,0.60861376544072,2.121319214884696,0
cobyla,adiabatic,193,194.0,0.60861376544072,2.121319214884696,0
cobyla,adiabatic,194,195.0,0.60861376544072,2.121319214884696,0
cobyla,adiabatic,195,196.0,0.60861376544072,2.121319214884696,0
cobyla,adiabatic,196,197.0,0.60861376544072,2.121319214884696,0
cobyla,adiabatic,197,198.0,0.60861376544072,2.121319214884696,0
cobyla,adiabatic,198,199.0,0.607034778858997,2.110022738990029,0
cobyla,adiabatic,199,200.0,0.607034778858997,2.110022738990029,0
cobyla,adiabatic,200,201.0,0.7949082738753761,2.110022738990029,0
cobyla,adiabatic,201,202.0,0.7949082738753761,2.110022738990029,0
cobyla,adiabatic,202,203.0,0.7949082738753761,2.110022738990029,0
cobyla,adiabatic,203,204.0,0.7949082738753761,2.110022738990029,0
cobyla,adiabatic,204,205.0,0.7949082738753761,2.110022738990029,0
cobyla,adiabatic,205,206.0,0.7949082738753761,2.110022738990029,0
cobyla,adiabatic,206,207.0,0.7949082738753761,2.110022738990029,0
cobyla,adiabatic,207,208.0,0.7949082738753761,2.110022738990029,0
cobyla,adiabatic,208,209.0,0.7949082738753761,2.110022738990029,0
cobyla,adiabatic,209,210.0,0.7949082738753761,2.110022738990029,0
cobyla,adiabatic,210,211.0,0.7949082738753761,2.110022738990029,0
cobyla,adiabatic,211,212.0,0.7949082738753761,2.110022738990029,0
cobyla,adiabatic,212,213.0,0.7949082738753761,2.110022738990029,0
cobyla,adiabatic,213,214.0,0.7949082738753761,2.110022738990029,0
cobyla,adiabatic,214,215.0,0.7930834222846455,2.1020404570648434,0
cobyla,adiabatic,215,216.0,0.7930834222846455,2.1020404570648434,0
cobyla,adiabatic,216,217.0,0.7930834222846455,2.1020404570648434,0
cobyla,adiabatic,217,218.0,0.7930834222846455,2.1020404570648434,0
cobyla,adiabatic,218,219.0,0.7930834222846455,2.1020404570648434,0
cobyla,adiabatic,219,220.0,0.7930834222846455,2.1020404570648434,0
cobyla,adiabatic,220,221.0,0.7930834222846455,2.1020404570648434,0
cobyla,adiabatic,221,222.0,0.7930834222846455,2.1020404570648434,0
cobyla,adiabatic,222,223.0,0.7930834222846455,2.1020404570648434,0
cobyla,adiabatic,223,224.0,0.7930834222846455,2.1020404570648434,0
cobyla,adiabatic,224,225.0,0.7930834222846455,2.1020404570648434,0
cobyla,adiabatic,225,226.0,0.7930834222846455,2.1020404570648434,0
cobyla,adiabatic,226,227.0,0.7930834222846455,2.1020404570648434,0
cobyla,adiabatic,227,228.0,0.7930834222846455,2.1020404570648434,0
cobyla,adiabatic,228,229.0,0.7930834222846455,2.1020404570648434,0
cobyla,adiabatic,229,230.0,0.7930834222846455,2.1020404570648434,0
cobyla,adiabatic,230,231.0,0.7930834222846455,2.1020404570648434,0
cobyla,adiabatic,231,232.0,0.7930834222846455,2.1020404570648434,0
cobyla,adiabatic,232,233.0,0.7930834222846455,2.1020404570648434,0
cobyla,adiabatic,233,234.0,0.7930834222846455,2.1020404570648434,0
cobyla,adiabatic,234,235.0,0.7930834222846455,2.1020404570648434,0
cobyla,adiabatic,235,236.0,0.7880487343080327,2.0881340481666704,0
cobyla,adiabatic,236,237.0,0.7880487343080327,2.0881340481666704,0
cobyla,adiabatic,237,238.0,0.7880487343080327,2.0881340481666704,0
cobyla,adiabatic,238,239.0,0.7880487343080327,2.0881340481666704,0
cobyla,adiabatic,239,240.0,0.7880487343080327,2.0881340481666704,0
cobyla,adiabatic,240,241.0,0.7880487343080327,2.0881340481666704,0
cobyla,adiabatic,241,242.0,0.7880487343080327,2.0881340481666704,0
cobyla,adiabatic,242,243.0,0.7880487343080327,2.0881340481666704,0
cobyla,adiabatic,243,244.0,0.7880487343080327,2.0881340481666704,0
cobyla,adiabatic,244,245.0,0.7880487343080327,2.0881340481666704,0
cobyla,adiabatic,245,246.0,0.7880487343080327,2.0881340481666704,0
cobyla,adiabatic,246,247.0,0.7880487343080327,2.0881340481666704,0
cobyla,adiabatic,247,248.0,0.7880487343080327,2.0881340481666704,0
cobyla,adiabatic,248,249.0,0.7775932760632099,2.043546477840705,0
cobyla,adiabatic,249,250.0,0.7775932760632099,2.043546477840705,0
cobyla,adiabatic,250,251.0,0.7775932760632099,2.043546477840705,0
cobyla,adiabatic,251,252.0,0.7775932760632099,2.043546477840705,0
cobyla,adiabatic,252,253.0,0.7775932760632099,2.043546477840705,0
cobyla,adiabatic,253,254.0,0.7775932760632099,2.043546477840705,0
cobyla,adiabatic,254,255.0,0.7775932760632099,2.043546477840705,0
cobyla,adiabatic,255,256.0,0.7775932760632099,2.043546477840705,0
cobyla,adiabatic,256,257.0,0.7775932760632099,2.043546477840705,0
cobyla,adiabatic,257,258.0,0.7775932760632099,2.043546477840705,0
cobyla,adiabatic,258,259.0,0.7775932760632099,2.043546477840705,0
cobyla,adiabatic,259,260.0,0.7775932760632099,2.043546477840705,0
cobyla,adiabatic,260,261.0,0.7775932760632099,2.043546477840705,0
cobyla,adiabatic,261,262.0,0.7775932760632099,2.043546477840705,0
cobyla,adiabatic,262,263.0,0.7740004769201333,2.032431926152717,0
cobyla,adiabatic,263,264.0,0.7740004769201333,2.032431926152717,0
cobyla,adiabatic,264,265.0,0.7740004769201333,2.032431926152717,0
cobyla,adiabatic,265,266.0,0.7711257146568699,2.0139960264965335,0
cobyla,adiabatic,266,267.0,0.7711257146568699,2.0139960264965335,0
cobyla,adiabatic,267,268.0,0.7711257146568699,2.0139960264965335,0
cobyla,adiabatic,268,269.0,0.7711257146568699,2.0139960264965335,0
cobyla,adiabatic,269,270.0,0.7664227506364589,1.9911628695589676,0
cobyla,adiabatic,270,271.0,0.7664227506364589,1.9911628695589676,0
cobyla,adiabatic,271,272.0,0.7664227506364589,1.9911628695589676,0
cobyla,adiabatic,272,273.0,0.7664227506364589,1.9911628695589676,0
cobyla,adiabatic,273,274.0,0.7664227506364589,1.9911628695589676,0
cobyla,adiabatic,274,275.0,0.76509184910714,1.9851738126770342,0
cobyla,adiabatic,275,276.0,0.76509184910714,1.9851738126770342,0
cobyla,adiabatic,276,277.0,0.76509184910714,1.9851738126770342,0
cobyla,adiabatic,277,278.0,0.76509184910714,1.9851738126770342,0
cobyla,adiabatic,278,279.0,0.7638903862043339,1.9797672296144018,0
cobyla,adiabatic,279,280.0,0.7638903862043339,1.9797672296144018,0
cobyla,adiabatic,280,281.0,0.7615710619407366,1.9693302704282172,0
cobyla,adiabatic,281,282.0,0.7615710619407366,1.9693302704282172,0
cobyla,adiabatic,282,283.0,0.7615710619407366,1.9693302704282172,0
cobyla,adiabatic,283,284.0,0.7615710619407366,1.9693302704282172,0
cobyla,adiabatic,284,285.0,0.7615710619407366,1.9693302704282172,0
cobyla,adiabatic,285,286.0,0.7615710619407366,1.9693302704282172,0
cobyla,adiabatic,286,287.0,0.7615710619407366,1.9693302704282172,0
cobyla,adiabatic,287,288.0,0.7615710619407366,1.9693302704282172,0
cobyla,adiabatic,288,289.0,0.7615710619407366,1.9693302704282172,0
cobyla,adiabatic,289,290.0,0.7615710619407366,1.9693302704282172,0
cobyla,adiabatic,290,291.0,0.7581179882653729,1.9574279719096475,0
cobyla,adiabatic,291,292.0,0.7581179882653729,1.9574279719096475,0
cobyla,adiabatic,292,293.0,0.7581179882653729,1.9574279719096475,0
cobyla,adiabatic,293,294.0,0.7581179882653729,1.9574279719096475,0
cobyla,adiabatic,294,295.0,0.7581179882653729,1.9574279719096475,0
cobyla,adiabatic,295,296.0,0.7581179882653729,1.9574279719096475,0
cobyla,adiabatic,296,297.0,0.7581179882653729,1.9574279719096475,0
cobyla,adiabatic,297,298.0,0.7581179882653729,1.9574279719096475,0
cobyla,adiabatic,298,299.0,0.7581179882653729,1.9574279719096475,0
cobyla,adiabatic,299,300.0,0.7581179882653729,1.9574279719096475,0
cobyla,adiabatic,300,301.0,0.929447985928841,1.9574279719096475,0
cobyla,adiabatic,301,302.0,0.929447985928841,1.9574279719096475,0
cobyla,adiabatic,302,303.0,0.929447985928841,1.9574279719096475,0
cobyla,adiabatic,303,304.0,0.929447985928841,1.9574279719096475,0
cobyla,adiabatic,304,305.0,0.929447985928841,1.9574279719096475,0
cobyla,adiabatic,305,306.0,0.929447985928841,1.9574279719096475,0
cobyla,adiabatic,306,307.0,0.9289730143605237,1.956636952455472,0
cobyla,adiabatic,307,308.0,0.9289730143605237,1.956636952455472,0
cobyla,adiabatic,308,309.0,0.9289730143605237,1.956636952455472,0
cobyla,adiabatic,309,310.0,0.9289730143605237,1.956636952455472,0
cobyla,adiabatic,310,311.0,0.9272654400912028,1.9530071218062754,0
cobyla,adiabatic,311,312.0,0.9272654400912028,1.9530071218062754,0
cobyla,adiabatic,312,313.0,0.9272654400912028,1.9530071218062754,0
cobyla,adiabatic,313,314.0,0.9272654400912028,1.9530071218062754,0
cobyla,adiabatic,314,315.0,0.9272654400912028,1.9530071218062754,0
cobyla,adiabatic,315,316.0,0.9272654400912028,1.9530071218062754,0
cobyla,adiabatic,316,317.0,0.9272654400912028,1.9530071218062754,0
cobyla,adiabatic,317,318.0,0.9272654400912028,1.9530071218062754,0
cobyla,adiabatic,318,319.0,0.9272654400912028,1.9530071218062754,0
cobyla,adiabatic,319,320.0,0.9272654400912028,1.9530071218062754,0
cobyla,adiabatic,320,321.0,0.9272654400912028,1.9530071218062754,0
cobyla,adiabatic,321,322.0,0.9272654400912028,1.9530071218062754,0
cobyla,adiabatic,322,323.0,0.9272654400912028,1.9530071218062754,0
cobyla,adiabatic,323,324.0,0.9272654400912028,1.9530071218062754,0
cobyla,adiabatic,324,325.0,0.9272654400912028,1.9530071218062754,0
cobyla,adiabatic,325,326.0,0.9272654400912028,1.9530071218062754,0
cobyla,adiabatic,326,327.0,0.9272654400912028,1.9530071218062754,0
cobyla,adiabatic,327,328.0,0.9272654400912028,1.9530071218062754,0
cobyla,adiabatic,328,329.0,0.9272654400912028,1.9530071218062754,0
cobyla,adiabatic,329,330.0,0.9163794980794299,1.9302298254444028,0
cobyla,adiabatic,330,331.0,0.9163794980794299,1.9302298254444028,0
cobyla,adiabatic,331,332.0,0.9163794980794299,1.9302298254444028,0
cobyla,adiabatic,332,333.0,0.9163794980794299,1.9302298254444028,0
cobyla,adiabatic,333,334.0,0.9163794980794299,1.9302298254444028,0
cobyla,adiabatic,334,335.0,0.9163794980794299,1.9302298254444028,0
cobyla,adiabatic,335,336.0,0.9163794980794299,1.9302298254444028,0
cobyla,adiabatic,336,337.0,0.9163794980794299,1.9302298254444028,0
cobyla,adiabatic,337,338.0,0.9163794980794299,1.9302298254444028,0
cobyla,adiabatic,338,339.0,0.9163794980794299,1.9302298254444028,0
cobyla,adiabatic,339,340.0,0.9163794980794299,1.9302298254444028,0
cobyla,adiabatic,340,341.0,0.9163794980794299,1.9302298254444028,0
cobyla,adiabatic,341,342.0,0.9098055382761319,1.9375206367525364,0
cobyla,adiabatic,342,343.0,0.9098055382761319,1.9375206367525364,0
cobyla,adiabatic,343,344.0,0.9098055382761319,1.9375206367525364,0
cobyla,adiabatic,344,345.0,0.9098055382761319,1.9375206367525364,0
cobyla,adiabatic,345,346.0,0.9098055382761319,1.9375206367525364,0
cobyla,adiabatic,346,347.0,0.9098055382761319,1.9375206367525364,0
cobyla,adiabatic,347,348.0,0.9098055382761319,1.9375206367525364,0
cobyla,adiabatic,348,349.0,0.9098055382761319,1.9375206367525364,0
cobyla,adiabatic,349,350.0,0.9098055382761319,1.9375206367525364,0
cobyla,adiabatic,350,351.0,0.9098055382761319,1.9375206367525364,0
cobyla,adiabatic,351,352.0,0.9098055382761319,1.9375206367525364,0
cobyla,adiabatic,352,353.0,0.9098055382761319,1.9375206367525364,0
cobyla,adiabatic,353,354.0,0.9098055382761319,1.9375206367525364,0
cobyla,adiabatic,354,355.0,0.9098055382761319,1.9375206367525364,0
cobyla,adiabatic,355,356.0,0.9098055382761319,1.9375206367525364,0
cobyla,adiabatic,356,357.0,0.9098055382761319,1.9375206367525364,0
cobyla,adiabatic,357,358.0,0.9098055382761319,1.9375206367525364,0
cobyla,adiabatic,358,359.0,0.9098055382761319,1.9375206367525364,0
cobyla,adiabatic,359,360.0,0.9098055382761319,1.9375206367525364,0
cobyla,adiabatic,360,361.0,0.9098055382761319,1.9375206367525364,0
cobyla,adiabatic,361,362.0,0.9098055382761319,1.9375206367525364,0
cobyla,adiabatic,362,363.0,0.9098055382761319,1.9375206367525364,0
cobyla,adiabatic,363,364.0,0.9098055382761319,1.9375206367525364,0
cobyla,adiabatic,364,365.0,0.9098055382761319,1.9375206367525364,0
cobyla,adiabatic,365,366.0,0.9098055382761319,1.9375206367525364,0
cobyla,adiabatic,366,367.0,0.9083699960070002,1.933214009945143,0
cobyla,adiabatic,367,368.0,0.9083699960070002,1.933214009945143,0
cobyla,adiabatic,368,369.0,0.9083699960070002,1.933214009945143,0
cobyla,adiabatic,369,370.0,0.9083699960070002,1.933214009945143,0
cobyla,adiabatic,370,371.0,0.9083699960070002,1.933214009945143,0
cobyla,adiabatic,371,372.0,0.9083699960070002,1.933214009945143,0
cobyla,adiabatic,372,373.0,0.9080198559116277,1.9321635896590237,0
cobyla,adiabatic,373,374.0,0.9080198559116277,1.9321635896590237,0
cobyla,adiabatic,374,375.0,0.9080198559116277,1.9321635896590237,0
cobyla,adiabatic,375,376.0,0.9080198559116277,1.9321635896590237,0
cobyla,adiabatic,376,377.0,0.9080198559116277,1.9321635896590237,0
cobyla,adiabatic,377,378.0,0.9080198559116277,1.9321635896590237,0
cobyla,adiabatic,378,379.0,0.9080198559116277,1.9321635896590237,0
cobyla,adiabatic,379,380.0,0.9080198559116277,1.9321635896590237,0
cobyla,adiabatic,380,381.0,0.9036920464628927,1.9191801613128192,0
cobyla,adiabatic,381,382.0,0.8862174938287581,1.8742052678711847,0
cobyla,adiabatic,382,383.0,0.8862174938287581,1.8742052678711847,0
cobyla,adiabatic,383,384.0,0.8862174938287581,1.8742052678711847,0
cobyla,adiabatic,384,385.0,0.8862174938287581,1.8742052678711847,0
cobyla,adiabatic,385,386.0,0.8862174938287581,1.8742052678711847,0
cobyla,adiabatic,386,387.0,0.8862174938287581,1.8742052678711847,0
cobyla,adiabatic,387,388.0,0.8862174938287581,1.8742052678711847,0
cobyla,adiabatic,388,389.0,0.8862174938287581,1.8742052678711847,0
cobyla,adiabatic,389,390.0,0.8862174938287581,1.8742052678711847,0
cobyla,adiabatic,390,391.0,0.8796074330127144,1.8554352744917666,0
cobyla,adiabatic,391,392.0,0.8796074330127144,1.8554352744917666,0
cobyla,adiabatic,392,393.0,0.8755394531137708,1.8454232772906851,0
cobyla,adiabatic,393,394.0,0.8755394531137708,1.8454232772906851,0
cobyla,adiabatic,394,395.0,0.8755394531137708,1.8454232772906851,0
cobyla,adiabatic,395,396.0,0.8755394531137708,1.8454232772906851,0
cobyla,adiabatic,396,397.0,0.8753816857945961,1.8432499015930668,0
cobyla,adiabatic,397,398.0,0.8753816857945961,1.8432499015930668,0
cobyla,adiabatic,398,399.0,0.8753816857945961,1.8432499015930668,0
cobyla,adiabatic,399,400.0,0.8753816857945961,1.8432499015930668,0
cobyla,adiabatic,400,401.0,1.0366930550943405,1.8432499015930668,0
cobyla,adiabatic,401,402.0,1.0366930550943405,1.8432499015930668,0
cobyla,adiabatic,402,403.0,1.0366930550943405,1.8432499015930668,0
cobyla,adiabatic,403,404.0,1.0366930550943405,1.8432499015930668,0
cobyla,adiabatic,404,405.0,1.0366930550943405,1.8432499015930668,0
cobyla,adiabatic,405,406.0,1.0366930550943405,1.8432499015930668,0
cobyla,adiabatic,406,407.0,1.0253621348154425,1.8195694028906795,0
cobyla,adiabatic,407,408.0,1.0253621348154425,1.8195694028906795,0
cobyla,adiabatic,408,409.0,1.0253621348154425,1.8195694028906795,0
cobyla,adiabatic,409,410.0,1.0253621348154425,1.8195694028906795,0
cobyla,adiabatic,410,411.0,1.0253621348154425,1.8195694028906795,0
cobyla,adiabatic,411,412.0,1.0253621348154425,1.8195694028906795,0
cobyla,adiabatic,412,413.0,1.0253621348154425,1.8195694028906795,0
cobyla,adiabatic,413,414.0,1.0253621348154425,1.8195694028906795,0
cobyla,adiabatic,414,415.0,1.0245193907991592,1.817340117481755,0
cobyla,adiabatic,415,416.0,1.0245193907991592,1.817340117481755,0
cobyla,adiabatic,416,417.0,1.0245193907991592,1.817340117481755,0
cobyla,adiabatic,417,418.0,1.0245193907991592,1.817340117481755,0
cobyla,adiabatic,418,419.0,1.0245193907991592,1.817340117481755,0
cobyla,adiabatic,419,420.0,1.0245193907991592,1.817340117481755,0
cobyla,adiabatic,420,421.0,1.0245193907991592,1.817340117481755,0
cobyla,adiabatic,421,422.0,1.0245193907991592,1.817340117481755,0
cobyla,adiabatic,422,423.0,1.0245193907991592,1.817340117481755,0
cobyla,adiabatic,423,424.0,1.0245193907991592,1.817340117481755,0
cobyla,adiabatic,424,425.0,1.0245193907991592,1.817340117481755,0
cobyla,adiabatic,425,426.0,1.0245193907991592,1.817340117481755,0
cobyla,adiabatic,426,427.0,1.0245193907991592,1.817340117481755,0
cobyla,adiabatic,427,428.0,1.0245193907991592,1.817340117481755,0
cobyla,adiabatic,428,429.0,1.0245193907991592,1.817340117481755,0
cobyla,adiabatic,429,430.0,1.0245193907991592,1.817340117481755,0
cobyla,adiabatic,430,431.0,1.0245193907991592,1.817340117481755,0
cobyla,adiabatic,431,432.0,1.0047564109930576,1.7735660042774644,0
cobyla,adiabatic,432,433.0,1.0047564109930576,1.7735660042774644,0
cobyla,adiabatic,433,434.0,1.0047564109930576,1.7735660042774644,0
cobyla,adiabatic,434,435.0,1.0047564109930576,1.7735660042774644,0
cobyla,adiabatic,435,436.0,1.0047564109930576,1.7735660042774644,0
cobyla,adiabatic,436,437.0,1.0047564109930576,1.7735660042774644,0
cobyla,adiabatic,437,438.0,1.0047564109930576,1.7735660042774644,0
cobyla,adiabatic,438,439.0,1.0047564109930576,1.7735660042774644,0
cobyla,adiabatic,439,440.0,1.0047564109930576,1.7735660042774644,0
cobyla,adiabatic,440,441.0,1.0047564109930576,1.7735660042774644,0
cobyla,adiabatic,441,442.0,1.0047564109930576,1.7735660042774644,0
cobyla,adiabatic,442,443.0,1.0047564109930576,1.7735660042774644,0
cobyla,adiabatic,443,444.0,1.0047564109930576,1.7735660042774644,0
cobyla,adiabatic,444,445.0,1.0047564109930576,1.7735660042774644,0
cobyla,adiabatic,445,446.0,1.0047564109930576,1.7735660042774644,0
cobyla,adiabatic,446,447.0,1.0047564109930576,1.7735660042774644,0
cobyla,adiabatic,447,448.0,1.0047564109930576,1.7735660042774644,0
cobyla,adiabatic,448,449.0,1.0047564109930576,1.7735660042774644,0
cobyla,adiabatic,449,450.0,1.0047564109930576,1.7735660042774644,0
cobyla,adiabatic,450,451.0,0.9993513372825313,1.7626001442494783,0
cobyla,adiabatic,451,452.0,0.9993513372825313,1.7626001442494783,0
cobyla,adiabatic,452,453.0,0.9993513372825313,1.7626001442494783,0
cobyla,adiabatic,453,454.0,0.9993513372825313,1.7626001442494783,0
cobyla,adiabatic,454,455.0,0.9993513372825313,1.7626001442494783,0
cobyla,adiabatic,455,456.0,0.9993513372825313,1.7626001442494783,0
cobyla,adiabatic,456,457.0,0.9993513372825313,1.7626001442494783,0
cobyla,adiabatic,457,458.0,0.9993513372825313,1.7626001442494783,0
cobyla,adiabatic,458,459.0,0.9993513372825313,1.7626001442494783,0
cobyla,adiabatic,459,460.0,0.9993513372825313,1.7626001442494783,0
cobyla,adiabatic,460,461.0,0.9993513372825313,1.7626001442494783,0
cobyla,adiabatic,461,462.0,0.9993513372825313,1.7626001442494783,0
cobyla,adiabatic,462,463.0,0.9993513372825313,1.7626001442494783,0
cobyla,adiabatic,463,464.0,0.9993513372825313,1.7626001442494783,0
cobyla,adiabatic,464,465.0,0.9993513372825313,1.7626001442494783,0
cobyla,adiabatic,465,466.0,0.9993513372825313,1.7626001442494783,0
cobyla,adiabatic,466,467.0,0.9993513372825313,1.7626001442494783,0
cobyla,adiabatic,467,468.0,0.9993513372825313,1.7626001442494783,0
cobyla,adiabatic,468,469.0,0.9993513372825313,1.7626001442494783,0
cobyla,adiabatic,469,470.0,0.9993513372825313,1.7626001442494783,0
cobyla,adiabatic,470,471.0,0.9993513372825313,1.7626001442494783,0
cobyla,adiabatic,471,472.0,0.9993513372825313,1.7626001442494783,0
cobyla,adiabatic,472,473.0,0.9993513372825313,1.7626001442494783,0
cobyla,adiabatic,473,474.0,0.9993513372825313,1.7626001442494783,0
cobyla,adiabatic,474,475.0,0.997474296498033,1.758376802484357,0
cobyla,adiabatic,475,476.0,0.997474296498033,1.758376802484357,0
cobyla,adiabatic,476,477.0,0.997474296498033,1.758376802484357,0
cobyla,adiabatic,477,478.0,0.997474296498033,1.758376802484357,0
cobyla,adiabatic,478,479.0,0.997474296498033,1.758376802484357,0
cobyla,adiabatic,479,480.0,0.997474296498033,1.758376802484357,0
cobyla,adiabatic,480,481.0,0.9959898392906639,1.7550367737677763,0
cobyla,adiabatic,481,482.0,0.9421180597895372,1.643632390033205,0
cobyla,adiabatic,482,483.0,0.9421180597895372,1.643632390033205,0
cobyla,adiabatic,483,484.0,0.9421180597895372,1.643632390033205,0
cobyla,adiabatic,484,485.0,0.9421180597895372,1.643632390033205,0
cobyla,adiabatic,485,486.0,0.9421180597895372,1.643632390033205,0
cobyla,adiabatic,486,487.0,0.9030585693855276,1.5641265720996809,0
cobyla,adiabatic,487,488.0,0.9030585693855276,1.5641265720996809,0
cobyla,adiabatic,488,489.0,0.9030585693855276,1.5641265720996809,0
cobyla,adiabatic,489,490.0,0.9030585693855276,1.5641265720996809,0
cobyla,adiabatic,490,491.0,0.9030585693855276,1.5641265720996809,0
cobyla,adiabatic,491,492.0,0.9030585693855276,1.5641265720996809,0
cobyla,adiabatic,492,493.0,0.9030585693855276,1.5641265720996809,0
cobyla,adiabatic,493,494.0,0.9030585693855276,1.5641265720996809,0
cobyla,adiabatic,494,495.0,0.9030585693855276,1.5641265720996809,0
cobyla,adiabatic,495,496.0,0.9030585693855276,1.5641265720996809,0
cobyla,adiabatic,496,497.0,0.8935604660487801,1.546529354925107,0
cobyla,adiabatic,497,498.0,0.8935604660487801,1.546529354925107,0
cobyla,adiabatic,498,499.0,0.8935604660487801,1.546529354925107,0
cobyla,adiabatic,499,500.0,0.8935604660487801,1.546529354925107,0
cobyla,adiabatic,500,501.0,1.024154243824046,1.546529354925107,0
cobyla,adiabatic,501,502.0,1.024154243824046,1.546529354925107,0
cobyla,adiabatic,502,503.0,1.024154243824046,1.546529354925107,0
cobyla,adiabatic,503,504.0,1.024154243824046,1.546529354925107,0
cobyla,adiabatic,504,505.0,1.024154243824046,1.546529354925107,0
cobyla,adiabatic,505,506.0,1.024154243824046,1.546529354925107,0
cobyla,adiabatic,506,507.0,1.024154243824046,1.546529354925107,0
cobyla,adiabatic,507,508.0,1.024154243824046,1.546529354925107,0
cobyla,adiabatic,508,509.0,1.024154243824046,1.546529354925107,0
cobyla,adiabatic,509,510.0,1.024154243824046,1.546529354925107,0
cobyla,adiabatic,510,511.0,1.024023364066888,1.5462731322052587,0
cobyla,adiabatic,511,512.0,1.024023364066888,1.5462731322052587,0
cobyla,adiabatic,512,513.0,1.024023364066888,1.5462731322052587,0
cobyla,adiabatic,513,514.0,1.024023364066888,1.5462731322052587,0
cobyla,adiabatic,514,515.0,1.024023364066888,1.5462731322052587,0
cobyla,adiabatic,515,516.0,1.024023364066888,1.5462731322052587,0
cobyla,adiabatic,516,517.0,1.024023364066888,1.5462731322052587,0
cobyla,adiabatic,517,518.0,1.024023364066888,1.5462731322052587,0
cobyla,adiabatic,518,519.0,1.024023364066888,1.5462731322052587,0
cobyla,adiabatic,519,520.0,1.024023364066888,1.5462731322052587,0
cobyla,adiabatic,520,521.0,1.024023364066888,1.5462731322052587,0
cobyla,adiabatic,521,522.0,1.024023364066888,1.5462731322052587,0
cobyla,adiabatic,522,523.0,1.024023364066888,1.5462731322052587,0
cobyla,adiabatic,523,524.0,1.024023364066888,1.5462731322052587,0
cobyla,adiabatic,524,525.0,1.024023364066888,1.5462731322052587,0
cobyla,adiabatic,525,526.0,1.024023364066888,1.5462731322052587,0
cobyla,adiabatic,526,527.0,1.024023364066888,1.5462731322052587,0
cobyla,adiabatic,527,528.0,1.024023364066888,1.5462731322052587,0
cobyla,adiabatic,528,529.0,1.024023364066888,1.5462731322052587,0
cobyla,adiabatic,529,530.0,1.024023364066888,1.5462731322052587,0
cobyla,adiabatic,530,531.0,1.024023364066888,1.5462731322052587,0
cobyla,adiabatic,531,532.0,1.024023364066888,1.5462731322052587,0
cobyla,adiabatic,532,533.0,1.024023364066888,1.5462731322052587,0
cobyla,adiabatic,533,534.0,1.024023364066888,1.5462731322052587,0
cobyla,adiabatic,534,535.0,1.024023364066888,1.5462731322052587,0
cobyla,adiabatic,535,536.0,1.024023364066888,1.5462731322052587,0
cobyla,adiabatic,536,537.0,1.024023364066888,1.5462731322052587,0
cobyla,adiabatic,537,538.0,1.024023364066888,1.5462731322052587,0
cobyla,adiabatic,538,539.0,1.024023364066888,1.5462731322052587,0
cobyla,adiabatic,539,540.0,1.024023364066888,1.5462731322052587,0
cobyla,adiabatic,540,541.0,1.024023364066888,1.5462731322052587,0
cobyla,adiabatic,541,542.0,1.024023364066888,1.5462731322052587,0
cobyla,adiabatic,542,543.0,1.024023364066888,1.5462731322052587,0
cobyla,adiabatic,543,544.0,1.024023364066888,1.5462731322052587,0
cobyla,adiabatic,544,545.0,1.024023364066888,1.5462731322052587,0
cobyla,adiabatic,545,546.0,1.024023364066888,1.5462731322052587,0
cobyla,adiabatic,546,547.0,1.024023364066888,1.5462731322052587,0
cobyla,adiabatic,547,548.0,1.024023364066888,1.5462731322052587,0
cobyla,adiabatic,548,549.0,1.024023364066888,1.5462731322052587,0
cobyla,adiabatic,549,550.0,1.024023364066888,1.5462731322052587,0
cobyla,adiabatic,550,551.0,1.024023364066888,1.5462731322052587,0
cobyla,adiabatic,551,552.0,1.024023364066888,1.5462731322052587,0
cobyla,adiabatic,552,553.0,1.024023364066888,1.5462731322052587,0
cobyla,adiabatic,553,554.0,1.024023364066888,1.5462731322052587,0
cobyla,adiabatic,554,555.0,1.024023364066888,1.5462731322052587,0
cobyla,adiabatic,555,556.0,1.024023364066888,1.5462731322052587,0
cobyla,adiabatic,556,557.0,1.024023364066888,1.5462731322052587,0
cobyla,adiabatic,557,558.0,1.024023364066888,1.5462731322052587,0
cobyla,adiabatic,558,559.0,1.024023364066888,1.5462731322052587,0
cobyla,adiabatic,559,560.0,1.024023364066888,1.5462731322052587,0
cobyla,adiabatic,560,561.0,1.024023364066888,1.5462731322052587,0
cobyla,adiabatic,561,562.0,1.024023364066888,1.5462731322052587,0
cobyla,adiabatic,562,563.0,1.024023364066888,1.5462731322052587,0
cobyla,adiabatic,563,564.0,1.024023364066888,1.5462731322052587,0
cobyla,adiabatic,564,565.0,1.024023364066888,1.5462731322052587,0
cobyla,adiabatic,565,566.0,1.024023364066888,1.5462731322052587,0
cobyla,adiabatic,566,567.0,1.0137906347830972,1.5278542194944353,0
cobyla,adiabatic,567,568.0,1.0137906347830972,1.5278542194944353,0
cobyla,adiabatic,568,569.0,1.0137906347830972,1.5278542194944353,0
cobyla,adiabatic,569,570.0,1.0137906347830972,1.5278542194944353,0
cobyla,adiabatic,570,571.0,1.0137906347830972,1.5278542194944353,0
cobyla,adiabatic,571,572.0,1.0137906347830972,1.5278542194944353,0
cobyla,adiabatic,572,573.0,1.0137906347830972,1.5278542194944353,0
cobyla,adiabatic,573,574.0,1.0137906347830972,1.5278542194944353,0
cobyla,adiabatic,574,575.0,1.0137906347830972,1.5278542194944353,0
cobyla,adiabatic,575,576.0,1.0137906347830972,1.5278542194944353,0
cobyla,adiabatic,576,577.0,1.008405179457244,1.518160399907902,0
cobyla,adiabatic,577,578.0,1.008405179457244,1.518160399907902,0
cobyla,adiabatic,578,579.0,1.008405179457244,1.518160399907902,0
cobyla,adiabatic,579,580.0,1.008405179457244,1.518160399907902,0
cobyla,adiabatic,580,581.0,1.008405179457244,1.518160399907902,0
cobyla,adiabatic,581,582.0,1.008405179457244,1.518160399907902,0
cobyla,adiabatic,582,583.0,1.0065364687727132,1.5147905190307231,0
cobyla,adiabatic,583,584.0,0.8010031842528462,1.1708484827152854,0
cobyla,adiabatic,584,585.0,0.8010031842528462,1.1708484827152854,0
cobyla,adiabatic,585,586.0,0.8010031842528462,1.1708484827152854,0
cobyla,adiabatic,586,587.0,0.8010031842528462,1.1708484827152854,0
cobyla,adiabatic,587,588.0,0.8010031842528462,1.1708484827152854,0
cobyla,adiabatic,588,589.0,0.8010031842528462,1.1708484827152854,0
cobyla,adiabatic,589,590.0,0.8010031842528462,1.1708484827152854,0
cobyla,adiabatic,590,591.0,0.8010031842528462,1.1708484827152854,0
cobyla,adiabatic,591,592.0,0.8010031842528462,1.1708484827152854,0
cobyla,adiabatic,592,593.0,0.8010031842528462,1.1708484827152854,0
cobyla,adiabatic,593,594.0,0.8010031842528462,1.1708484827152854,0
cobyla,adiabatic,594,595.0,0.8010031842528462,1.1708484827152854,0
cobyla,adiabatic,595,596.0,0.8010031842528462,1.1708484827152854,0
cobyla,adiabatic,596,597.0,0.8010031842528462,1.1708484827152854,0
cobyla,adiabatic,597,598.0,0.8010031842528462,1.1708484827152854,0
cobyla,adiabatic,598,599.0,0.8010031842528462,1.1708484827152854,0
cobyla,adiabatic,599,600.0,0.8010031842528462,1.1708484827152854,0
cobyla,adiabatic,600,601.0,0.8934645088684553,1.1708484827152854,0
cobyla,adiabatic,601,602.0,0.8934645088684553,1.1708484827152854,0
cobyla,adiabatic,602,603.0,0.8934645088684553,1.1708484827152854,0
cobyla,adiabatic,603,604.0,0.8934645088684553,1.1708484827152854,0
cobyla,adiabatic,604,605.0,0.8934645088684553,1.1708484827152854,0
cobyla,adiabatic,605,606.0,0.8934645088684553,1.1708484827152854,0
cobyla,adiabatic,606,607.0,0.8934645088684553,1.1708484827152854,0
cobyla,adiabatic,607,608.0,0.8934645088684553,1.1708484827152854,0
cobyla,adiabatic,608,609.0,0.8934645088684553,1.1708484827152854,0
cobyla,adiabatic,609,610.0,0.8934645088684553,1.1708484827152854,0
cobyla,adiabatic,610,611.0,0.8934645088684553,1.1708484827152854,0
cobyla,adiabatic,611,612.0,0.8934645088684553,1.1708484827152854,0
cobyla,adiabatic,612,613.0,0.8934645088684553,1.1708484827152854,0
cobyla,adiabatic,613,614.0,0.8934645088684553,1.1708484827152854,0
cobyla,adiabatic,614,615.0,0.8910145151894251,1.1677363587024658,0
cobyla,adiabatic,615,616.0,0.8910145151894251,1.1677363587024658,0
cobyla,adiabatic,616,617.0,0.8910145151894251,1.1677363587024658,0
cobyla,adiabatic,617,618.0,0.8910145151894251,1.1677363587024658,0
cobyla,adiabatic,618,619.0,0.8910145151894251,1.1677363587024658,0
cobyla,adiabatic,619,620.0,0.8910145151894251,1.1677363587024658,0
cobyla,adiabatic,620,621.0,0.8910145151894251,1.1677363587024658,0
cobyla,adiabatic,621,622.0,0.8910145151894251,1.1677363587024658,0
cobyla,adiabatic,622,623.0,0.8910145151894251,1.1677363587024658,0
cobyla,adiabatic,623,624.0,0.8910145151894251,1.1677363587024658,0
cobyla,adiabatic,624,625.0,0.8910145151894251,1.1677363587024658,0
cobyla,adiabatic,625,626.0,0.8910145151894251,1.1677363587024658,0
cobyla,adiabatic,626,627.0,0.8910145151894251,1.1677363587024658,0
cobyla,adiabatic,627,628.0,0.8910145151894251,1.1677363587024658,0
cobyla,adiabatic,628,629.0,0.8910145151894251,1.1677363587024658,0
cobyla,adiabatic,629,630.0,0.8910145151894251,1.1677363587024658,0
cobyla,adiabatic,630,631.0,0.8910145151894251,1.1677363587024658,0
cobyla,adiabatic,631,632.0,0.8910145151894251,1.1677363587024658,0
cobyla,adiabatic,632,633.0,0.8910145151894251,1.1677363587024658,0
cobyla,adiabatic,633,634.0,0.8910145151894251,1.1677363587024658,0
cobyla,adiabatic,634,635.0,0.8910145151894251,1.1677363587024658,0
cobyla,adiabatic,635,636.0,0.8910145151894251,1.1677363587024658,0
cobyla,adiabatic,636,637.0,0.8910145151894251,1.1677363587024658,0
cobyla,adiabatic,637,638.0,0.8910145151894251,1.1677363587024658,0
cobyla,adiabatic,638,639.0,0.8910145151894251,1.1677363587024658,0
cobyla,adiabatic,639,640.0,0.8910145151894251,1.1677363587024658,0
cobyla,adiabatic,640,641.0,0.8910145151894251,1.1677363587024658,0
cobyla,adiabatic,641,642.0,0.8910145151894251,1.1677363587024658,0
cobyla,adiabatic,642,643.0,0.8910145151894251,1.1677363587024658,0
cobyla,adiabatic,643,644.0,0.8910145151894251,1.1677363587024658,0
cobyla,adiabatic,644,645.0,0.8910145151894251,1.1677363587024658,0
cobyla,adiabatic,645,646.0,0.8910145151894251,1.1677363587024658,0
cobyla,adiabatic,646,647.0,0.8910145151894251,1.1677363587024658,0
cobyla,adiabatic,647,648.0,0.8910145151894251,1.1677363587024658,0
cobyla,adiabatic,648,649.0,0.8910145151894251,1.1677363587024658,0
cobyla,adiabatic,649,650.0,0.8910145151894251,1.1677363587024658,0
cobyla,adiabatic,650,651.0,0.8910145151894251,1.1677363587024658,0
cobyla,adiabatic,651,652.0,0.8910145151894251,1.1677363587024658,0
cobyla,adiabatic,652,653.0,0.8910145151894251,1.1677363587024658,0
cobyla,adiabatic,653,654.0,0.8910145151894251,1.1677363587024658,0
cobyla,adiabatic,654,655.0,0.8910145151894251,1.1677363587024658,0
cobyla,adiabatic,655,656.0,0.8910145151894251,1.1677363587024658,0
cobyla,adiabatic,656,657.0,0.8910145151894251,1.1677363587024658,0
cobyla,adiabatic,657,658.0,0.8910145151894251,1.1677363587024658,0
cobyla,adiabatic,658,659.0,0.8910145151894251,1.1677363587024658,0
cobyla,adiabatic,659,660.0,0.8910145151894251,1.1677363587024658,0
cobyla,adiabatic,660,661.0,0.8910145151894251,1.1677363587024658,0
cobyla,adiabatic,661,662.0,0.8910145151894251,1.1677363587024658,0
cobyla,adiabatic,662,663.0,0.8910145151894251,1.1677363587024658,0
cobyla,adiabatic,663,664.0,0.8910145151894251,1.1677363587024658,0
cobyla,adiabatic,664,665.0,0.8910145151894251,1.1677363587024658,0
cobyla,adiabatic,665,666.0,0.8719204446287354,1.141420004873159,0
cobyla,adiabatic,666,667.0,0.8719204446287354,1.141420004873159,0
cobyla,adiabatic,667,668.0,0.8719204446287354,1.141420004873159,0
cobyla,adiabatic,668,669.0,0.8719204446287354,1.141420004873159,0
cobyla,adiabatic,669,670.0,0.8719204446287354,1.141420004873159,0
cobyla,adiabatic,670,671.0,0.8719204446287354,1.141420004873159,0
cobyla,adiabatic,671,672.0,0.8719204446287354,1.141420004873159,0
cobyla,adiabatic,672,673.0,0.8719204446287354,1.141420004873159,0
cobyla,adiabatic,673,674.0,0.8719204446287354,1.141420004873159,0
cobyla,adiabatic,674,675.0,0.8667982347747242,1.1337366900921413,0
cobyla,adiabatic,675,676.0,0.8667982347747242,1.1337366900921413,0
cobyla,adiabatic,676,677.0,0.8667982347747242,1.1337366900921413,0
cobyla,adiabatic,677,678.0,0.8667982347747242,1.1337366900921413,0
cobyla,adiabatic,678,679.0,0.8667982347747242,1.1337366900921413,0
cobyla,adiabatic,679,680.0,0.8667982347747242,1.1337366900921413,0
cobyla,adiabatic,680,681.0,0.8667982347747242,1.1337366900921413,0
cobyla,adiabatic,681,682.0,0.8667982347747242,1.1337366900921413,0
cobyla,adiabatic,682,683.0,0.8667982347747242,1.1337366900921413,0
cobyla,adiabatic,683,684.0,0.6770434896202647,0.8569797554851517,0
cobyla,adiabatic,684,685.0,0.6770434896202647,0.8569797554851517,0
cobyla,adiabatic,685,686.0,0.6770434896202647,0.8569797554851517,0
cobyla,adiabatic,686,687.0,0.6770434896202647,0.8569797554851517,0
cobyla,adiabatic,687,688.0,0.6770434896202647,0.8569797554851517,0
cobyla,adiabatic,688,689.0,0.6770434896202647,0.8569797554851517,0
cobyla,adiabatic,689,690.0,0.6770434896202647,0.8569797554851517,0
cobyla,adiabatic,690,691.0,0.6770434896202647,0.8569797554851517,0
cobyla,adiabatic,691,692.0,0.6770434896202647,0.8569797554851517,0
cobyla,adiabatic,692,693.0,0.6770434896202647,0.8569797554851517,0
cobyla,adiabatic,693,694.0,0.6770434896202647,0.8569797554851517,0
cobyla,adiabatic,694,695.0,0.6770434896202647,0.8569797554851517,0
cobyla,adiabatic,695,696.0,0.6770434896202647,0.8569797554851517,0
cobyla,adiabatic,696,697.0,0.653443428923066,0.8222748421626025,0
cobyla,adiabatic,697,698.0,0.653443428923066,0.8222748421626025,0
cobyla,adiabatic,698,699.0,0.653443428923066,0.8222748421626025,0
cobyla,adiabatic,699,700.0,0.6351683045918682,0.7949519315931755,0
cobyla,adiabatic,700,701.0,0.6884295135923033,0.7949519315931755,0
cobyla,adiabatic,701,702.0,0.6884295135923033,0.7949519315931755,0
cobyla,adiabatic,702,703.0,0.6884295135923033,0.7949519315931755,0
cobyla,adiabatic,703,704.0,0.6884295135923033,0.7949519315931755,0
cobyla,adiabatic,704,705.0,0.6884295135923033,0.7949519315931755,0
cobyla,adiabatic,705,706.0,0.6884295135923033,0.7949519315931755,0
cobyla,adiabatic,706,707.0,0.6884295135923033,0.7949519315931755,0
cobyla,adiabatic,707,708.0,0.6884295135923033,0.7949519315931755,0
cobyla,adiabatic,708,709.0,0.6884295135923033,0.7949519315931755,0
cobyla,adiabatic,709,710.0,0.6884295135923033,0.7949519315931755,0
cobyla,adiabatic,710,711.0,0.6884295135923033,0.7949519315931755,0
cobyla,adiabatic,711,712.0,0.6884295135923033,0.7949519315931755,0
cobyla,adiabatic,712,713.0,0.6884295135923033,0.7949519315931755,0
cobyla,adiabatic,713,714.0,0.6884295135923033,0.7949519315931755,0
cobyla,adiabatic,714,715.0,0.6884295135923033,0.7949519315931755,0
cobyla,adiabatic,715,716.0,0.6884295135923033,0.7949519315931755,0
cobyla,adiabatic,716,717.0,0.6884295135923033,0.7949519315931755,0
cobyla,adiabatic,717,718.0,0.6884295135923033,0.7949519315931755,0
cobyla,adiabatic,718,719.0,0.6884295135923033,0.7949519315931755,0
cobyla,adiabatic,719,720.0,0.6884295135923033,0.7949519315931755,0
cobyla,adiabatic,720,721.0,0.6884295135923033,0.7949519315931755,0
cobyla,adiabatic,721,722.0,0.6884295135923033,0.7949519315931755,0
cobyla,adiabatic,722,723.0,0.6884295135923033,0.7949519315931755,0
cobyla,adiabatic,723,724.0,0.6884295135923033,0.7949519315931755,0
cobyla,adiabatic,724,725.0,0.6884295135923033,0.7949519315931755,0
cobyla,adiabatic,725,726.0,0.6884295135923033,0.7949519315931755,0
cobyla,adiabatic,726,727.0,0.6884295135923033,0.7949519315931755,0
cobyla,adiabatic,727,728.0,0.6884295135923033,0.7949519315931755,0
cobyla,adiabatic,728,729.0,0.6884295135923033,0.7949519315931755,0
cobyla,adiabatic,729,730.0,0.6884295135923033,0.7949519315931755,0
cobyla,adiabatic,730,731.0,0.6884295135923033,0.7949519315931755,0
cobyla,adiabatic,731,732.0,0.6884295135923033,0.7949519315931755,0
cobyla,adiabatic,732,733.0,0.6884295135923033,0.7949519315931755,0
cobyla,adiabatic,733,734.0,0.6884295135923033,0.7949519315931755,0
cobyla,adiabatic,734,735.0,0.6884295135923033,0.7949519315931755,0
cobyla,adiabatic,735,736.0,0.6884295135923033,0.7949519315931755,0
cobyla,adiabatic,736,737.0,0.6884295135923033,0.7949519315931755,0
cobyla,adiabatic,737,738.0,0.6884295135923033,0.7949519315931755,0
cobyla,adiabatic,738,739.0,0.6884295135923033,0.7949519315931755,0
cobyla,adiabatic,739,740.0,0.6884295135923033,0.7949519315931755,0
cobyla,adiabatic,740,741.0,0.6884295135923033,0.7949519315931755,0
cobyla,adiabatic,741,742.0,0.6884295135923033,0.7949519315931755,0
cobyla,adiabatic,742,743.0,0.6884295135923033,0.7949519315931755,0
cobyla,adiabatic,743,744.0,0.6884295135923033,0.7949519315931755,0
cobyla,adiabatic,744,745.0,0.6884295135923033,0.7949519315931755,0
cobyla,adiabatic,745,746.0,0.6884295135923033,0.7949519315931755,0
cobyla,adiabatic,746,747.0,0.6884295135923033,0.7949519315931755,0
cobyla,adiabatic,747,748.0,0.6884295135923033,0.7949519315931755,0
cobyla,adiabatic,748,749.0,0.6884295135923033,0.7949519315931755,0
cobyla,adiabatic,749,750.0,0.6884295135923033,0.7949519315931755,0
cobyla,adiabatic,750,751.0,0.6884295135923033,0.7949519315931755,0
cobyla,adiabatic,751,752.0,0.6884295135923033,0.7949519315931755,0
cobyla,adiabatic,752,753.0,0.6884295135923033,0.7949519315931755,0
cobyla,adiabatic,753,754.0,0.6884295135923033,0.7949519315931755,0
cobyla,adiabatic,754,755.0,0.6884295135923033,0.7949519315931755,0
cobyla,adiabatic,755,756.0,0.6884295135923033,0.7949519315931755,0
cobyla,adiabatic,756,757.0,0.6884295135923033,0.7949519315931755,0
cobyla,adiabatic,757,758.0,0.6884295135923033,0.7949519315931755,0
cobyla,adiabatic,758,759.0,0.6884295135923033,0.7949519315931755,0
cobyla,adiabatic,759,760.0,0.6884295135923033,0.7949519315931755,0
cobyla,adiabatic,760,761.0,0.6884295135923033,0.7949519315931755,0
cobyla,adiabatic,761,762.0,0.6884295135923033,0.7949519315931755,0
cobyla,adiabatic,762,763.0,0.6884295135923033,0.7949519315931755,0
cobyla,adiabatic,763,764.0,0.6884295135923033,0.7949519315931755,0
cobyla,adiabatic,764,765.0,0.6884295135923033,0.7949519315931755,0
cobyla,adiabatic,765,766.0,0.6884295135923033,0.7949519315931755,0
cobyla,adiabatic,766,767.0,0.6884295135923033,0.7949519315931755,0
cobyla,adiabatic,767,768.0,0.6884295135923033,0.7949519315931755,0
cobyla,adiabatic,768,769.0,0.6884295135923033,0.7949519315931755,0
cobyla,adiabatic,769,770.0,0.6884295135923033,0.7949519315931755,0
cobyla,adiabatic,770,771.0,0.6884295135923033,0.7949519315931755,0
cobyla,adiabatic,771,772.0,0.6884295135923033,0.7949519315931755,0
cobyla,adiabatic,772,773.0,0.6884295135923033,0.7949519315931755,0
cobyla,adiabatic,773,774.0,0.6884295135923033,0.7949519315931755,0
cobyla,adiabatic,774,775.0,0.6884295135923033,0.7949519315931755,0
cobyla,adiabatic,775,776.0,0.6884295135923033,0.7949519315931755,0
cobyla,adiabatic,776,777.0,0.6884295135923033,0.7949519315931755,0
cobyla,adiabatic,777,778.0,0.6884295135923033,0.7949519315931755,0
cobyla,adiabatic,778,779.0,0.6863894914061001,0.7923290459251998,0
cobyla,adiabatic,779,780.0,0.6863894914061001,0.7923290459251998,0
cobyla,adiabatic,780,781.0,0.6863894914061001,0.7923290459251998,0
cobyla,adiabatic,781,782.0,0.6863894914061001,0.7923290459251998,0
cobyla,adiabatic,782,783.0,0.5969067432898606,0.6748358500665655,0
cobyla,adiabatic,783,784.0,0.5969067432898606,0.6748358500665655,0
cobyla,adiabatic,784,785.0,0.583440769057091,0.6578673346614241,0
cobyla,adiabatic,785,786.0,0.583440769057091,0.6578673346614241,0
cobyla,adiabatic,786,787.0,0.583440769057091,0.6578673346614241,0
cobyla,adiabatic,787,788.0,0.583440769057091,0.6578673346614241,0
cobyla,adiabatic,788,789.0,0.583440769057091,0.6578673346614241,0
cobyla,adiabatic,789,790.0,0.583440769057091,0.6578673346614241,0
cobyla,adiabatic,790,791.0,0.583440769057091,0.6578673346614241,0
cobyla,adiabatic,791,792.0,0.583440769057091,0.6578673346614241,0
cobyla,adiabatic,792,793.0,0.583440769057091,0.6578673346614241,0
cobyla,adiabatic,793,794.0,0.583440769057091,0.6578673346614241,0
cobyla,adiabatic,794,795.0,0.568403783423526,0.6388158796448853,0
cobyla,adiabatic,795,796.0,0.568403783423526,0.6388158796448853,0
cobyla,adiabatic,796,797.0,0.568403783423526,0.6388158796448853,0
cobyla,adiabatic,797,798.0,0.568403783423526,0.6388158796448853,0
cobyla,adiabatic,798,799.0,0.568403783423526,0.6388158796448853,0
cobyla,adiabatic,799,800.0,0.568403783423526,0.6388158796448853,0
cobyla,adiabatic,800,801.0,0.6036098315342046,0.6388158796448853,0
cobyla,adiabatic,801,802.0,0.6036098315342046,0.6388158796448853,0
cobyla,adiabatic,802,803.0,0.6036098315342046,0.6388158796448853,0
cobyla,adiabatic,803,804.0,0.6036098315342046,0.6388158796448853,0
cobyla,adiabatic,804,805.0,0.6036098315342046,0.6388158796448853,0
cobyla,adiabatic,805,806.0,0.6036098315342046,0.6388158796448853,0
cobyla,adiabatic,806,807.0,0.6036098315342046,0.6388158796448853,0
cobyla,adiabatic,807,808.0,0.6036098315342046,0.6388158796448853,0
cobyla,adiabatic,808,809.0,0.6036098315342046,0.6388158796448853,0
cobyla,adiabatic,809,810.0,0.6036098315342046,0.6388158796448853,0
cobyla,adiabatic,810,811.0,0.6036098315342046,0.6388158796448853,0
cobyla,adiabatic,811,812.0,0.6036098315342046,0.6388158796448853,0
cobyla,adiabatic,812,813.0,0.6036098315342046,0.6388158796448853,0
cobyla,adiabatic,813,814.0,0.6036098315342046,0.6388158796448853,0
cobyla,adiabatic,814,815.0,0.6036098315342046,0.6388158796448853,0
cobyla,adiabatic,815,816.0,0.6036098315342046,0.6388158796448853,0
cobyla,adiabatic,816,817.0,0.6036098315342046,0.6388158796448853,0
cobyla,adiabatic,817,818.0,0.6036098315342046,0.6388158796448853,0
cobyla,adiabatic,818,819.0,0.6036098315342046,0.6388158796448853,0
cobyla,adiabatic,819,820.0,0.6036098315342046,0.6388158796448853,0
cobyla,adiabatic,820,821.0,0.6036098315342046,0.6388158796448853,0
cobyla,adiabatic,821,822.0,0.6036098315342046,0.6388158796448853,0
cobyla,adiabatic,822,823.0,0.6036098315342046,0.6388158796448853,0
cobyla,adiabatic,823,824.0,0.6036098315342046,0.6388158796448853,0
cobyla,adiabatic,824,825.0,0.6036098315342046,0.6388158796448853,0
cobyla,adiabatic,825,826.0,0.6036098315342046,0.6388158796448853,0
cobyla,adiabatic,826,827.0,0.6036098315342046,0.6388158796448853,0
cobyla,adiabatic,827,828.0,0.6036098315342046,0.6388158796448853,0
cobyla,adiabatic,828,829.0,0.6036098315342046,0.6388158796448853,0
cobyla,adiabatic,829,830.0,0.6036098315342046,0.6388158796448853,0
cobyla,adiabatic,830,831.0,0.6036098315342046,0.6388158796448853,0
cobyla,adiabatic,831,832.0,0.6036098315342046,0.6388158796448853,0
cobyla,adiabatic,832,833.0,0.6036098315342046,0.6388158796448853,0
cobyla,adiabatic,833,834.0,0.6036098315342046,0.6388158796448853,0
cobyla,adiabatic,834,835.0,0.6036098315342046,0.6388158796448853,0
cobyla,adiabatic,835,836.0,0.6036098315342046,0.6388158796448853,0
cobyla,adiabatic,836,837.0,0.6036098315342046,0.6388158796448853,0
cobyla,adiabatic,837,838.0,0.6036098315342046,0.6388158796448853,0
cobyla,adiabatic,838,839.0,0.6036098315342046,0.6388158796448853,0
cobyla,adiabatic,839,840.0,0.6036098315342046,0.6388158796448853,0
cobyla,adiabatic,840,841.0,0.6036098315342046,0.6388158796448853,0
cobyla,adiabatic,841,842.0,0.6036098315342046,0.6388158796448853,0
cobyla,adiabatic,842,843.0,0.6036098315342046,0.6388158796448853,0
cobyla,adiabatic,843,844.0,0.6036098315342046,0.6388158796448853,0
cobyla,adiabatic,844,845.0,0.6036098315342046,0.6388158796448853,0
cobyla,adiabatic,845,846.0,0.6036098315342046,0.6388158796448853,0
cobyla,adiabatic,846,847.0,0.6036098315342046,0.6388158796448853,0
cobyla,adiabatic,847,848.0,0.6036098315342046,0.6388158796448853,0
cobyla,adiabatic,848,849.0,0.6036098315342046,0.6388158796448853,0
cobyla,adiabatic,849,850.0,0.6036098315342046,0.6388158796448853,0
cobyla,adiabatic,850,851.0,0.6036098315342046,0.6388158796448853,0
cobyla,adiabatic,851,852.0,0.6036098315342046,0.6388158796448853,0
cobyla,adiabatic,852,853.0,0.6036098315342046,0.6388158796448853,0
cobyla,adiabatic,853,854.0,0.6036098315342046,0.6388158796448853,0
cobyla,adiabatic,854,855.0,0.6036098315342046,0.6388158796448853,0
cobyla,adiabatic,855,856.0,0.6036098315342046,0.6388158796448853,0
cobyla,adiabatic,856,857.0,0.6036098315342046,0.6388158796448853,0
cobyla,adiabatic,857,858.0,0.6036098315342046,0.6388158796448853,0
cobyla,adiabatic,858,859.0,0.6036098315342046,0.6388158796448853,0
cobyla,adiabatic,859,860.0,0.6036098315342046,0.6388158796448853,0
cobyla,adiabatic,860,861.0,0.6036098315342046,0.6388158796448853,0
cobyla,adiabatic,861,862.0,0.6036098315342046,0.6388158796448853,0
cobyla,adiabatic,862,863.0,0.6036098315342046,0.6388158796448853,0
cobyla,adiabatic,863,864.0,0.6036098315342046,0.6388158796448853,0
cobyla,adiabatic,864,865.0,0.6036098315342046,0.6388158796448853,0
cobyla,adiabatic,865,866.0,0.6036098315342046,0.6388158796448853,0
cobyla,adiabatic,866,867.0,0.6036098315342046,0.6388158796448853,0
cobyla,adiabatic,867,868.0,0.6036098315342046,0.6388158796448853,0
cobyla,adiabatic,868,869.0,0.6036098315342046,0.6388158796448853,0
cobyla,adiabatic,869,870.0,0.5832826776357566,0.615693175951728,0
cobyla,adiabatic,870,871.0,0.5653606134708407,0.5955308537661966,0
cobyla,adiabatic,871,872.0,0.5653606134708407,0.5955308537661966,0
cobyla,adiabatic,872,873.0,0.5633416758638112,0.5932595489582897,0
cobyla,adiabatic,873,874.0,0.5633416758638112,0.5932595489582897,0
cobyla,adiabatic,874,875.0,0.5633416758638112,0.5932595489582897,0
cobyla,adiabatic,875,876.0,0.5633416758638112,0.5932595489582897,0
cobyla,adiabatic,876,877.0,0.5633416758638112,0.5932595489582897,0
cobyla,adiabatic,877,878.0,0.5633416758638112,0.5932595489582897,0
cobyla,adiabatic,878,879.0,0.5633416758638112,0.5932595489582897,0
cobyla,adiabatic,879,880.0,0.5633416758638112,0.5932595489582897,0
cobyla,adiabatic,880,881.0,0.5606889566346739,0.590275239825509,0
cobyla,adiabatic,881,882.0,0.5606889566346739,0.590275239825509,0
cobyla,adiabatic,882,883.0,0.5606889566346739,0.590275239825509,0
cobyla,adiabatic,883,884.0,0.5606889566346739,0.590275239825509,0
cobyla,adiabatic,884,885.0,0.5606889566346739,0.590275239825509,0
cobyla,adiabatic,885,886.0,0.5606889566346739,0.590275239825509,0
cobyla,adiabatic,886,887.0,0.5606889566346739,0.590275239825509,0
cobyla,adiabatic,887,888.0,0.5606889566346739,0.590275239825509,0
cobyla,adiabatic,888,889.0,0.5606889566346739,0.590275239825509,0
cobyla,adiabatic,889,890.0,0.5606889566346739,0.590275239825509,0
cobyla,adiabatic,890,891.0,0.5606889566346739,0.590275239825509,0
cobyla,adiabatic,891,892.0,0.5606889566346739,0.590275239825509,0
cobyla,adiabatic,892,893.0,0.5606889566346739,0.590275239825509,0
cobyla,adiabatic,893,894.0,0.5473071681282494,0.5748725349703636,0
cobyla,adiabatic,894,895.0,0.5473071681282494,0.5748725349703636,0
cobyla,adiabatic,895,896.0,0.5473071681282494,0.5748725349703636,0
cobyla,adiabatic,896,897.0,0.5473071681282494,0.5748725349703636,0
cobyla,adiabatic,897,898.0,0.5473071681282494,0.5748725349703636,0
cobyla,adiabatic,898,899.0,0.5473071681282494,0.5748725349703636,0
cobyla,adiabatic,899,900.0,0.5473071681282494,0.5748725349703636,0
cobyla,adiabatic,900,901.0,0.5748725349703638,0.5748725349703636,0
cobyla,adiabatic,901,902.0,0.5748725349703638,0.5748725349703636,0
cobyla,adiabatic,902,903.0,0.5748725349703638,0.5748725349703636,0
cobyla,adiabatic,903,904.0,0.5748725349703638,0.5748725349703636,0
cobyla,adiabatic,904,905.0,0.5748725349703638,0.5748725349703636,0
cobyla,adiabatic,905,906.0,0.5748725349703638,0.5748725349703636,0
cobyla,adiabatic,906,907.0,0.5748725349703638,0.5748725349703636,0
cobyla,adiabatic,907,908.0,0.5748725349703638,0.5748725349703636,0
cobyla,adiabatic,908,909.0,0.5748725349703638,0.5748725349703636,0
cobyla,adiabatic,909,910.0,0.5748725349703638,0.5748725349703636,0
cobyla,adiabatic,910,911.0,0.5748725349703638,0.5748725349703636,0
cobyla,adiabatic,911,912.0,0.5748725349703638,0.5748725349703636,0
cobyla,adiabatic,912,913.0,0.5748725349703638,0.5748725349703636,0
cobyla,adiabatic,913,914.0,0.5748725349703638,0.5748725349703636,0
cobyla,adiabatic,914,915.0,0.5748725349703638,0.5748725349703636,0
cobyla,adiabatic,915,916.0,0.5748725349703638,0.5748725349703636,0
cobyla,adiabatic,916,917.0,0.5748725349703638,0.5748725349703636,0
cobyla,adiabatic,917,918.0,0.5748725349703638,0.5748725349703636,0
cobyla,adiabatic,918,919.0,0.5748725349703638,0.5748725349703636,0
cobyla,adiabatic,919,920.0,0.5748725349703638,0.5748725349703636,0
cobyla,adiabatic,920,921.0,0.5748725349703638,0.5748725349703636,0
cobyla,adiabatic,921,922.0,0.5748725349703638,0.5748725349703636,0
cobyla,adiabatic,922,923.0,0.5748725349703638,0.5748725349703636,0
cobyla,adiabatic,923,924.0,0.5748725349703638,0.5748725349703636,0
cobyla,adiabatic,924,925.0,0.5748725349703638,0.5748725349703636,0
cobyla,adiabatic,925,926.0,0.5748725349703638,0.5748725349703636,0
cobyla,adiabatic,926,927.0,0.5748725349703638,0.5748725349703636,0
cobyla,adiabatic,927,928.0,0.5748725349703638,0.5748725349703636,0
cobyla,adiabatic,928,929.0,0.5748725349703638,0.5748725349703636,0
cobyla,adiabatic,929,930.0,0.5748725349703638,0.5748725349703636,0
cobyla,adiabatic,930,931.0,0.5748725349703638,0.5748725349703636,0
cobyla,adiabatic,931,932.0,0.5748725349703638,0.5748725349703636,0
cobyla,adiabatic,932,933.0,0.5748725349703638,0.5748725349703636,0
cobyla,adiabatic,933,934.0,0.5748725349703638,0.5748725349703636,0
cobyla,adiabatic,934,935.0,0.5748725349703638,0.5748725349703636,0
cobyla,adiabatic,935,936.0,0.5748725349703638,0.5748725349703636,0
cobyla,adiabatic,936,937.0,0.5748725349703638,0.5748725349703636,0
cobyla,adiabatic,937,938.0,0.5748725349703638,0.5748725349703636,0
cobyla,adiabatic,938,939.0,0.5748725349703638,0.5748725349703636,0
cobyla,adiabatic,939,940.0,0.5748725349703638,0.5748725349703636,0
cobyla,adiabatic,940,941.0,0.5748725349703638,0.5748725349703636,0
cobyla,adiabatic,941,942.0,0.5748725349703638,0.5748725349703636,0
cobyla,adiabatic,942,943.0,0.5748725349703638,0.5748725349703636,0
cobyla,adiabatic,943,944.0,0.5748725349703638,0.5748725349703636,0
cobyla,adiabatic,944,945.0,0.5748725349703638,0.5748725349703636,0
cobyla,adiabatic,945,946.0,0.5748725349703638,0.5748725349703636,0
cobyla,adiabatic,946,947.0,0.5748725349703638,0.5748725349703636,0
cobyla,adiabatic,947,948.0,0.5748725349703638,0.5748725349703636,0
cobyla,adiabatic,948,949.0,0.5748725349703638,0.5748725349703636,0
cobyla,adiabatic,949,950.0,0.5748725349703638,0.5748725349703636,0
cobyla,adiabatic,950,951.0,0.5748725349703638,0.5748725349703636,0
cobyla,adiabatic,951,952.0,0.5748725349703638,0.5748725349703636,0
cobyla,adiabatic,952,953.0,0.5748725349703638,0.5748725349703636,0
cobyla,adiabatic,953,954.0,0.5748725349703638,0.5748725349703636,0
cobyla,adiabatic,954,955.0,0.5748725349703638,0.5748725349703636,0
cobyla,adiabatic,955,956.0,0.5748725349703638,0.5748725349703636,0
cobyla,adiabatic,956,957.0,0.5748725349703638,0.5748725349703636,0
cobyla,adiabatic,957,958.0,0.5748725349703638,0.5748725349703636,0
cobyla,adiabatic,958,959.0,0.5748725349703638,0.5748725349703636,0
cobyla,adiabatic,959,960.0,0.5748725349703638,0.5748725349703636,0
cobyla,adiabatic,960,961.0,0.5748725349703638,0.5748725349703636,0
cobyla,adiabatic,961,962.0,0.5748725349703638,0.5748725349703636,0
cobyla,adiabatic,962,963.0,0.5748725349703638,0.5748725349703636,0
cobyla,adiabatic,963,964.0,0.5748725349703638,0.5748725349703636,0
cobyla,adiabatic,964,965.0,0.5748725349703638,0.5748725349703636,0
cobyla,adiabatic,965,966.0,0.5748725349703638,0.5748725349703636,0
cobyla,adiabatic,966,967.0,0.5748725349703638,0.5748725349703636,0
cobyla,adiabatic,967,968.0,0.5748725349703638,0.5748725349703636,0
cobyla,adiabatic,968,969.0,0.5748725349703638,0.5748725349703636,0
cobyla,adiabatic,969,970.0,0.5729868378167119,0.5729868378167119,0
cobyla,adiabatic,970,971.0,0.5618111143587476,0.5618111143587479,0
cobyla,adiabatic,971,972.0,0.5618111143587476,0.5618111143587479,0
cobyla,adiabatic,972,973.0,0.5618111143587476,0.5618111143587479,0
cobyla,adiabatic,973,974.0,0.5618111143587476,0.5618111143587479,0
cobyla,adiabatic,974,975.0,0.5618111143587476,0.5618111143587479,0
cobyla,adiabatic,975,976.0,0.5618111143587476,0.5618111143587479,0
cobyla,adiabatic,976,977.0,0.5618111143587476,0.5618111143587479,0
cobyla,adiabatic,977,978.0,0.5618111143587476,0.5618111143587479,0
cobyla,adiabatic,978,979.0,0.5618111143587476,0.5618111143587479,0
cobyla,adiabatic,979,980.0,0.5618111143587476,0.5618111143587479,0
cobyla,adiabatic,980,981.0,0.5565702961367113,0.5565702961367114,0
cobyla,adiabatic,981,982.0,0.5565702961367113,0.5565702961367114,0
cobyla,adiabatic,982,983.0,0.5565702961367113,0.5565702961367114,0
cobyla,adiabatic,983,984.0,0.5565702961367113,0.5565702961367114,0
cobyla,adiabatic,984,985.0,0.5565702961367113,0.5565702961367114,0
cobyla,adiabatic,985,986.0,0.5565702961367113,0.5565702961367114,0
cobyla,adiabatic,986,987.0,0.5565702961367113,0.5565702961367114,0
cobyla,adiabatic,987,988.0,0.5565702961367113,0.5565702961367114,0
cobyla,adiabatic,988,989.0,0.5455381162871947,0.5455381162871946,0
cobyla,adiabatic,989,990.0,0.5455381162871947,0.5455381162871946,0
cobyla,adiabatic,990,991.0,0.5455381162871947,0.5455381162871946,0
cobyla,adiabatic,991,992.0,0.5392382901364766,0.5392382901364765,0
cobyla,adiabatic,992,993.0,0.5392382901364766,0.5392382901364765,0
cobyla,adiabatic,993,994.0,0.5392382901364766,0.5392382901364765,0
cobyla,adiabatic,994,995.0,0.5392382901364766,0.5392382901364765,0
cobyla,adiabatic,995,996.0,0.5392382901364766,0.5392382901364765,0
cobyla,adiabatic,996,997.0,0.5392382901364766,0.5392382901364765,0
cobyla,adiabatic,997,998.0,0.5392382901364766,0.5392382901364765,0
cobyla,adiabatic,998,999.0,0.5392382901364766,0.5392382901364765,0
cobyla,adiabatic,999,1000.0,0.5392382901364766,0.5392382901364765,0
cobyla,sea,0,1.0,3.1210128758499978,3.1210128758499978,0
cobyla,sea,1,2.0,2.9514876557918797,2.9514876557918797,0
cobyla,sea,2,3.0,2.9195083204896055,2.9195083204896055,0
cobyla,sea,3,4.0,2.7943044197036833,2.7943044197036833,0
cobyla,sea,4,5.0,2.7943044197036833,2.7943044197036833,0
cobyla,sea,5,6.0,2.7943044197036833,2.7943044197036833,0
cobyla,sea,6,7.0,2.7943044197036833,2.7943044197036833,0
cobyla,sea,7,8.0,2.7456013197557656,2.7456013197557656,0
cobyla,sea,8,9.0,2.7456013197557656,2.7456013197557656,0
cobyla,sea,9,10.0,2.7456013197557656,2.7456013197557656,0
cobyla,sea,10,11.0,2.473824540233927,2.473824540233927,0
cobyla,sea,11,12.0,2.473824540233927,2.473824540233927,0
cobyla,sea,12,13.0,2.3241829437906216,2.3241829437906216,0
cobyla,sea,13,14.0,2.3241829437906216,2.3241829437906216,0
cobyla,sea,14,15.0,2.3241829437906216,2.3241829437906216,0
cobyla,sea,15,16.0,2.3241829437906216,2.3241829437906216,0
cobyla,sea,16,17.0,2.3241829437906216,2.3241829437906216,0
cobyla,sea,17,18.0,2.3241829437906216,2.3241829437906216,0
cobyla,sea,18,19.0,2.3241829437906216,2.3241829437906216,0
cobyla,sea,19,20.0,2.2985042804154605,2.2985042804154605,0
cobyla,sea,20,21.0,2.2985042804154605,2.2985042804154605,0
cobyla,sea,21,22.0,1.9391948177066916,1.9391948177066916,0
cobyla,sea,22,23.0,1.9391948177066916,1.9391948177066916,0
cobyla,sea,23,24.0,1.9391948177066916,1.9391948177066916,0
cobyla,sea,24,25.0,1.9391948177066916,1.9391948177066916,0
cobyla,sea,25,26.0,1.9391948177066916,1.9391948177066916,0
cobyla,sea,26,27.0,1.9391948177066916,1.9391948177066916,0
cobyla,sea,27,28.0,1.9391948177066916,1.9391948177066916,0
cobyla,sea,28,29.0,1.9391948177066916,1.9391948177066916,0
cobyla,sea,29,30.0,1.9391948177066916,1.9391948177066916,0
cobyla,sea,30,31.0,1.8930354528265572,1.8930354528265572,0
cobyla,sea,31,32.0,1.8930354528265572,1.8930354528265572,0
cobyla,sea,32,33.0,1.8930354528265572,1.8930354528265572,0
cobyla,sea,33,34.0,1.8930354528265572,1.8930354528265572,0
cobyla,sea,34,35.0,1.8930354528265572,1.8930354528265572,0
cobyla,sea,35,36.0,1.8309362705975833,1.8309362705975833,0
cobyla,sea,36,37.0,1.8010491998395426,1.8010491998395426,0
cobyla,sea,37,38.0,1.8010491998395426,1.8010491998395426,0
cobyla,sea,38,39.0,1.7812010668695988,1.7812010668695988,0
cobyla,sea,39,40.0,1.7812010668695988,1.7812010668695988,0
cobyla,sea,40,41.0,1.7812010668695988,1.7812010668695988,0
cobyla,sea,41,42.0,1.7321788331917989,1.7321788331917989,0
cobyla,sea,42,43.0,1.6462293995417585,1.6462293995417585,0
cobyla,sea,43,44.0,1.6462293995417585,1.6462293995417585,0
cobyla,sea,44,45.0,1.6462293995417585,1.6462293995417585,0
cobyla,sea,45,46.0,1.6462293995417585,1.6462293995417585,0
cobyla,sea,46,47.0,1.6462293995417585,1.6462293995417585,0
cobyla,sea,47,48.0,1.6462293995417585,1.6462293995417585,0
cobyla,sea,48,49.0,1.6462293995417585,1.6462293995417585,0
cobyla,sea,49,50.0,1.6462293995417585,1.6462293995417585,0
cobyla,sea,50,51.0,1.6462293995417585,1.6462293995417585,0
cobyla,sea,51,52.0,1.6137501772086598,1.6137501772086598,0
cobyla,sea,52,53.0,1.6137501772086598,1.6137501772086598,0
cobyla,sea,53,54.0,1.6137501772086598,1.6137501772086598,0
cobyla,sea,54,55.0,1.6137501772086598,1.6137501772086598,0
cobyla,sea,55,56.0,1.6137501772086598,1.6137501772086598,0
cobyla,sea,56,57.0,1.6137501772086598,1.6137501772086598,0
cobyla,sea,57,58.0,1.6137501772086598,1.6137501772086598,0
cobyla,sea,58,59.0,1.6137501772086598,1.6137501772086598,0
cobyla,sea,59,60.0,1.6137501772086598,1.6137501772086598,0
cobyla,sea,60,61.0,1.6137501772086598,1.6137501772086598,0
cobyla,sea,61,62.0,1.5465258014818173,1.5465258014818173,0
cobyla,sea,62,63.0,1.5465258014818173,1.5465258014818173,0
cobyla,sea,63,64.0,1.5033702399086444,1.5033702399086444,0
cobyla,sea,64,65.0,1.5033702399086444,1.5033702399086444,0
cobyla,sea,65,66.0,1.5033702399086444,1.5033702399086444,0
cobyla,sea,66,67.0,1.500098098816299,1.500098098816299,0
cobyla,sea,67,68.0,1.500098098816299,1.500098098816299,0
cobyla,sea,68,69.0,1.500098098816299,1.500098098816299,0
cobyla,sea,69,70.0,0.942014681037796,0.942014681037796,0
cobyla,sea,70,71.0,0.942014681037796,0.942014681037796,0
cobyla,sea,71,72.0,0.942014681037796,0.942014681037796,0
cobyla,sea,72,73.0,0.9286369686678678,0.9286369686678678,0
cobyla,sea,73,74.0,0.9286369686678678,0.9286369686678678,0
cobyla,sea,74,75.0,0.9286369686678678,0.9286369686678678,0
cobyla,sea,75,76.0,0.9286369686678678,0.9286369686678678,0
cobyla,sea,76,77.0,0.9286369686678678,0.9286369686678678,0
cobyla,sea,77,78.0,0.9286369686678678,0.9286369686678678,0
cobyla,sea,78,79.0,0.9286369686678678,0.9286369686678678,0
cobyla,sea,79,80.0,0.9286369686678678,0.9286369686678678,0
cobyla,sea,80,81.0,0.9286369686678678,0.9286369686678678,0
cobyla,sea,81,82.0,0.9286369686678678,0.9286369686678678,0
cobyla,sea,82,83.0,0.9286369686678678,0.9286369686678678,0
cobyla,sea,83,84.0,0.9286369686678678,0.9286369686678678,0
cobyla,sea,84,85.0,0.9286369686678678,0.9286369686678678,0
cobyla,sea,85,86.0,0.5876838757753716,0.5876838757753716,0
cobyla,sea,86,87.0,0.5876838757753716,0.5876838757753716,0
cobyla,sea,87,88.0,0.5876838757753716,0.5876838757753716,0
cobyla,sea,88,89.0,0.5876838757753716,0.5876838757753716,0
cobyla,sea,89,90.0,0.5876838757753716,0.5876838757753716,0
cobyla,sea,90,91.0,0.5876838757753716,0.5876838757753716,0
cobyla,sea,91,92.0,0.5363856724285148,0.5363856724285148,0
cobyla,sea,92,93.0,0.5363856724285148,0.5363856724285148,0
cobyla,sea,93,94.0,0.5363856724285148,0.5363856724285148,0
cobyla,sea,94,95.0,0.5363856724285148,0.5363856724285148,0
cobyla,sea,95,96.0,0.5363856724285148,0.5363856724285148,0
cobyla,sea,96,97.0,0.5363856724285148,0.5363856724285148,0
cobyla,sea,97,98.0,0.5363856724285148,0.5363856724285148,0
cobyla,sea,98,99.0,0.5363856724285148,0.5363856724285148,0
cobyla,sea,99,100.0,0.5011739763600873,0.5011739763600873,0
cobyla,sea,100,101.0,0.5011739763600873,0.5011739763600873,0
cobyla,sea,101,102.0,0.5011739763600873,0.5011739763600873,0
cobyla,sea,102,103.0,0.3634076727312948,0.3634076727312948,0
cobyla,sea,103,104.0,0.3634076727312948,0.3634076727312948,0
cobyla,sea,104,105.0,0.3634076727312948,0.3634076727312948,0
cobyla,sea,105,106.0,0.3634076727312948,0.3634076727312948,0
cobyla,sea,106,107.0,0.3634076727312948,0.3634076727312948,0
cobyla,sea,107,108.0,0.3117490877449225,0.3117490877449225,0
cobyla,sea,108,109.0,0.3117490877449225,0.3117490877449225,0
cobyla,sea,109,110.0,0.225662221151791,0.225662221151791,0
cobyla,sea,110,111.0,0.225662221151791,0.225662221151791,0
cobyla,sea,111,112.0,0.225662221151791,0.225662221151791,0
cobyla,sea,112,113.0,0.225662221151791,0.225662221151791,0
cobyla,sea,113,114.0,0.225662221151791,0.225662221151791,0
cobyla,sea,114,115.0,0.225662221151791,0.225662221151791,0
cobyla,sea,115,116.0,0.225662221151791,0.225662221151791,0
cobyla,sea,116,117.0,0.225662221151791,0.225662221151791,0
cobyla,sea,117,118.0,0.225662221151791,0.225662221151791,0
cobyla,sea,118,119.0,0.225662221151791,0.225662221151791,0
cobyla,sea,119,120.0,0.225662221151791,0.225662221151791,0
cobyla,sea,120,121.0,0.225662221151791,0.225662221151791,0
cobyla,sea,121,122.0,0.225662221151791,0.225662221151791,0
cobyla,sea,122,123.0,0.225662221151791,0.225662221151791,0
cobyla,sea,123,124.0,0.225662221151791,0.225662221151791,0
cobyla,sea,124,125.0,0.225662221151791,0.225662221151791,0
cobyla,sea,125,126.0,0.2211701569930641,0.2211701569930641,0
cobyla,sea,126,127.0,0.2211701569930641,0.2211701569930641,0
cobyla,sea,127,128.0,0.2211701569930641,0.2211701569930641,0
cobyla,sea,128,129.0,0.2211701569930641,0.2211701569930641,0
cobyla,sea,129,130.0,0.2211701569930641,0.2211701569930641,0
cobyla,sea,130,131.0,0.2211701569930641,0.2211701569930641,0
cobyla,sea,131,132.0,0.21466083958341478,0.21466083958341478,0
cobyla,sea,132,133.0,0.21466083958341478,0.21466083958341478,0
cobyla,sea,133,134.0,0.1910877270596941,0.1910877270596941,0
cobyla,sea,134,135.0,0.1910877270596941,0.1910877270596941,0
cobyla,sea,135,136.0,0.1910877270596941,0.1910877270596941,0
cobyla,sea,136,137.0,0.1910877270596941,0.1910877270596941,0
cobyla,sea,137,138.0,0.1603669047239763,0.1603669047239763,0
cobyla,sea,138,139.0,0.1603669047239763,0.1603669047239763,0
cobyla,sea,139,140.0,0.1603669047239763,0.1603669047239763,0
cobyla,sea,140,141.0,0.1603669047239763,0.1603669047239763,0
cobyla,sea,141,142.0,0.1603669047239763,0.1603669047239763,0
cobyla,sea,142,143.0,0.1603669047239763,0.1603669047239763,0
cobyla,sea,143,144.0,0.1603669047239763,0.1603669047239763,0
cobyla,sea,144,145.0,0.1603669047239763,0.1603669047239763,0
cobyla,sea,145,146.0,0.1603669047239763,0.1603669047239763,0
cobyla,sea,146,147.0,0.1603669047239763,0.1603669047239763,0
cobyla,sea,147,148.0,0.1603669047239763,0.1603669047239763,0
cobyla,sea,148,149.0,0.011597678039119819,0.011597678039119819,0
cobyla,sea,149,150.0,0.011597678039119819,0.011597678039119819,0
cobyla,sea,150,151.0,0.011597678039119819,0.011597678039119819,0
cobyla,sea,151,152.0,0.011597678039119819,0.011597678039119819,0
cobyla,sea,152,153.0,0.011597678039119819,0.011597678039119819,0
cobyla,sea,153,154.0,0.011597678039119819,0.011597678039119819,0
cobyla,sea,154,155.0,0.011597678039119819,0.011597678039119819,0
cobyla,sea,155,156.0,0.011597678039119819,0.011597678039119819,0
cobyla,sea,156,157.0,0.011597678039119819,0.011597678039119819,0
cobyla,sea,157,158.0,0.011597678039119819,0.011597678039119819,0
cobyla,sea,158,159.0,0.011597678039119819,0.011597678039119819,0
cobyla,sea,159,160.0,0.011597678039119819,0.011597678039119819,0
cobyla,sea,160,161.0,0.011597678039119819,0.011597678039119819,0
cobyla,sea,161,162.0,0.011597678039119819,0.011597678039119819,0
cobyla,sea,162,163.0,0.011597678039119819,0.011597678039119819,0
cobyla,sea,163,164.0,0.0021573317188070765,0.0021573317188070765,0
cobyla,sea,164,165.0,0.0021573317188070765,0.0021573317188070765,0
cobyla,sea,165,166.0,0.0021573317188070765,0.0021573317188070765,0
cobyla,sea,166,167.0,0.0021573317188070765,0.0021573317188070765,0
cobyla,sea,167,168.0,-0.05860998964566872,-0.05860998964566872,0
cobyla,sea,168,169.0,-0.05860998964566872,-0.05860998964566872,0
cobyla,sea,169,170.0,-0.05860998964566872,-0.05860998964566872,0
cobyla,sea,170,171.0,-0.05860998964566872,-0.05860998964566872,0
cobyla,sea,171,172.0,-0.05860998964566872,-0.05860998964566872,0
cobyla,sea,172,173.0,-0.05860998964566872,-0.05860998964566872,0
cobyla,sea,173,174.0,-0.07571625370294113,-0.07571625370294113,0
cobyla,sea,174,175.0,-0.07571625370294113,-0.07571625370294113,0
cobyla,sea,175,176.0,-0.07571625370294113,-0.07571625370294113,0
cobyla,sea,176,177.0,-0.07571625370294113,-0.07571625370294113,0
cobyla,sea,177,178.0,-0.07571625370294113,-0.07571625370294113,0
cobyla,sea,178,179.0,-0.07571625370294113,-0.07571625370294113,0
cobyla,sea,179,180.0,-0.07571625370294113,-0.07571625370294113,0
cobyla,sea,180,181.0,-0.07571625370294113,-0.07571625370294113,0
cobyla,sea,181,182.0,-0.07571625370294113,-0.07571625370294113,0
cobyla,sea,182,183.0,-0.07571625370294113,-0.07571625370294113,0
cobyla,sea,183,184.0,-0.07571625370294113,-0.07571625370294113,0
cobyla,sea,184,185.0,-0.07571625370294113,-0.07571625370294113,0
cobyla,sea,185,186.0,-0.07571625370294113,-0.07571625370294113,0
cobyla,sea,186,187.0,-0.07571625370294113,-0.07571625370294113,0
cobyla,sea,187,188.0,-0.07571625370294113,-0.07571625370294113,0
cobyla,sea,188,189.0,-0.07571625370294113,-0.07571625370294113,0
cobyla,sea,189,190.0,-0.07571625370294113,-0.07571625370294113,0
cobyla,sea,190,191.0,-0.07571625370294113,-0.07571625370294113,0
cobyla,sea,191,192.0,-0.07571625370294113,-0.07571625370294113,0
cobyla,sea,192,193.0,-0.14410574262899595,-0.14410574262899595,0
cobyla,sea,193,194.0,-0.14410574262899595,-0.14410574262899595,0
cobyla,sea,194,195.0,-0.14410574262899595,-0.14410574262899595,0
cobyla,sea,195,196.0,-0.14410574262899595,-0.14410574262899595,0
cobyla,sea,196,197.0,-0.14410574262899595,-0.14410574262899595,0
cobyla,sea,197,198.0,-0.175859961819847,-0.175859961819847,0
cobyla,sea,198,199.0,-0.175859961819847,-0.175859961819847,0
cobyla,sea,199,200.0,-0.175859961819847,-0.175859961819847,0
cobyla,sea,200,201.0,-0.175859961819847,-0.175859961819847,0
cobyla,sea,201,202.0,-0.175859961819847,-0.175859961819847,0
cobyla,sea,202,203.0,-0.175859961819847,-0.175859961819847,0
cobyla,sea,203,204.0,-0.175859961819847,-0.175859961819847,0
cobyla,sea,204,205.0,-0.175859961819847,-0.175859961819847,0
cobyla,sea,205,206.0,-0.175859961819847,-0.175859961819847,0
cobyla,sea,206,207.0,-0.175859961819847,-0.175859961819847,0
cobyla,sea,207,208.0,-0.175859961819847,-0.175859961819847,0
cobyla,sea,208,209.0,-0.175859961819847,-0.175859961819847,0
cobyla,sea,209,210.0,-0.2771973023844642,-0.2771973023844642,0
cobyla,sea,210,211.0,-0.2771973023844642,-0.2771973023844642,0
cobyla,sea,211,212.0,-0.3271901995438412,-0.3271901995438412,0
cobyla,sea,212,213.0,-0.3271901995438412,-0.3271901995438412,0
cobyla,sea,213,214.0,-0.3271901995438412,-0.3271901995438412,0
cobyla,sea,214,215.0,-0.3499848693713854,-0.3499848693713854,0
cobyla,sea,215,216.0,-0.378053178976795,-0.378053178976795,0
cobyla,sea,216,217.0,-0.378053178976795,-0.378053178976795,0
cobyla,sea,217,218.0,-0.4035163739404989,-0.4035163739404989,0
cobyla,sea,218,219.0,-0.4035163739404989,-0.4035163739404989,0
cobyla,sea,219,220.0,-0.41814514619154547,-0.41814514619154547,0
cobyla,sea,220,221.0,-0.41814514619154547,-0.41814514619154547,0
cobyla,sea,221,222.0,-0.41814514619154547,-0.41814514619154547,0
cobyla,sea,222,223.0,-0.41814514619154547,-0.41814514619154547,0
cobyla,sea,223,224.0,-0.41814514619154547,-0.41814514619154547,0
cobyla,sea,224,225.0,-0.41814514619154547,-0.41814514619154547,0
cobyla,sea,225,226.0,-0.41814514619154547,-0.41814514619154547,0
cobyla,sea,226,227.0,-0.41814514619154547,-0.41814514619154547,0
cobyla,sea,227,228.0,-0.41814514619154547,-0.41814514619154547,0
cobyla,sea,228,229.0,-0.41814514619154547,-0.41814514619154547,0
cobyla,sea,229,230.0,-0.4196554196329,-0.4196554196329,0
cobyla,sea,230,231.0,-0.4196554196329,-0.4196554196329,0
cobyla,sea,231,232.0,-0.4196554196329,-0.4196554196329,0
cobyla,sea,232,233.0,-0.4196554196329,-0.4196554196329,0
cobyla,sea,233,234.0,-0.4196554196329,-0.4196554196329,0
cobyla,sea,234,235.0,-0.4196554196329,-0.4196554196329,0
cobyla,sea,235,236.0,-0.4196554196329,-0.4196554196329,0
cobyla,sea,236,237.0,-0.4196554196329,-0.4196554196329,0
cobyla,sea,237,238.0,-0.4196554196329,-0.4196554196329,0
cobyla,sea,238,239.0,-0.4196554196329,-0.4196554196329,0
cobyla,sea,239,240.0,-0.4196554196329,-0.4196554196329,0
cobyla,sea,240,241.0,-0.4196554196329,-0.4196554196329,0
cobyla,sea,241,242.0,-0.4196554196329,-0.4196554196329,0
cobyla,sea,242,243.0,-0.4196554196329,-0.4196554196329,0
cobyla,sea,243,244.0,-0.4196554196329,-0.4196554196329,0
cobyla,sea,244,245.0,-0.4196554196329,-0.4196554196329,0
cobyla,sea,245,246.0,-0.4196554196329,-0.4196554196329,0
cobyla,sea,246,247.0,-0.4196554196329,-0.4196554196329,0
cobyla,sea,247,248.0,-0.4196554196329,-0.4196554196329,0
cobyla,sea,248,249.0,-0.4196554196329,-0.4196554196329,0
cobyla,sea,249,250.0,-0.4196554196329,-0.4196554196329,0
cobyla,sea,250,251.0,-0.4196554196329,-0.4196554196329,0
cobyla,sea,251,252.0,-0.4196554196329,-0.4196554196329,0
cobyla,sea,252,253.0,-0.4196554196329,-0.4196554196329,0
cobyla,sea,253,254.0,-0.4196554196329,-0.4196554196329,0
cobyla,sea,254,255.0,-0.4196554196329,-0.4196554196329,0
cobyla,sea,255,256.0,-0.4196554196329,-0.4196554196329,0
cobyla,sea,256,257.0,-0.4196554196329,-0.4196554196329,0
cobyla,sea,257,258.0,-0.4196554196329,-0.4196554196329,0
cobyla,sea,258,259.0,-0.4196554196329,-0.4196554196329,0
cobyla,sea,259,260.0,-0.4196554196329,-0.4196554196329,0
cobyla,sea,260,261.0,-0.4196554196329,-0.4196554196329,0
cobyla,sea,261,262.0,-0.4196554196329,-0.4196554196329,0
cobyla,sea,262,263.0,-0.4196554196329,-0.4196554196329,0
cobyla,sea,263,264.0,-0.4196554196329,-0.4196554196329,0
cobyla,sea,264,265.0,-0.4196554196329,-0.4196554196329,0
cobyla,sea,265,266.0,-0.4196554196329,-0.4196554196329,0
cobyla,sea,266,267.0,-0.4196554196329,-0.4196554196329,0
cobyla,sea,267,268.0,-0.4196554196329,-0.4196554196329,0
cobyla,sea,268,269.0,-0.4196554196329,-0.4196554196329,0
cobyla,sea,269,270.0,-0.4196554196329,-0.4196554196329,0
cobyla,sea,270,271.0,-0.4196554196329,-0.4196554196329,0
cobyla,sea,271,272.0,-0.4196554196329,-0.4196554196329,0
cobyla,sea,272,273.0,-0.4196554196329,-0.4196554196329,0
cobyla,sea,273,274.0,-0.4196554196329,-0.4196554196329,0
cobyla,sea,274,275.0,-0.4196554196329,-0.4196554196329,0
cobyla,sea,275,276.0,-0.4196554196329,-0.4196554196329,0
cobyla,sea,276,277.0,-0.4196554196329,-0.4196554196329,0
cobyla,sea,277,278.0,-0.4196554196329,-0.4196554196329,0
cobyla,sea,278,279.0,-0.4196554196329,-0.4196554196329,0
cobyla,sea,279,280.0,-0.4196554196329,-0.4196554196329,0
cobyla,sea,280,281.0,-0.4196554196329,-0.4196554196329,0
cobyla,sea,281,282.0,-0.4196554196329,-0.4196554196329,0
cobyla,sea,282,283.0,-0.4196554196329,-0.4196554196329,0
cobyla,sea,283,284.0,-0.4196554196329,-0.4196554196329,0
cobyla,sea,284,285.0,-0.43411361210466454,-0.43411361210466454,0
cobyla,sea,285,286.0,-0.43411361210466454,-0.43411361210466454,0
cobyla,sea,286,287.0,-0.4349760717856219,-0.4349760717856219,0
cobyla,sea,287,288.0,-0.4349760717856219,-0.4349760717856219,0
cobyla,sea,288,289.0,-0.4349760717856219,-0.4349760717856219,0
cobyla,sea,289,290.0,-0.4349760717856219,-0.4349760717856219,0
cobyla,sea,290,291.0,-0.4349760717856219,-0.4349760717856219,0
cobyla,sea,291,292.0,-0.4349760717856219,-0.4349760717856219,0
cobyla,sea,292,293.0,-0.4349760717856219,-0.4349760717856219,0
cobyla,sea,293,294.0,-0.4349760717856219,-0.4349760717856219,0
cobyla,sea,294,295.0,-0.4397408952780744,-0.4397408952780744,0
cobyla,sea,295,296.0,-0.4397408952780744,-0.4397408952780744,0
cobyla,sea,296,297.0,-0.4397408952780744,-0.4397408952780744,0
cobyla,sea,297,298.0,-0.4397408952780744,-0.4397408952780744,0
cobyla,sea,298,299.0,-0.44176493684606266,-0.44176493684606266,0
cobyla,sea,299,300.0,-0.44176493684606266,-0.44176493684606266,0
cobyla,sea,300,301.0,-0.4808892483544387,-0.4808892483544387,0
cobyla,sea,301,302.0,-0.4808892483544387,-0.4808892483544387,0
cobyla,sea,302,303.0,-0.5316310256177589,-0.5316310256177589,0
cobyla,sea,303,304.0,-0.5316310256177589,-0.5316310256177589,0
cobyla,sea,304,305.0,-0.5316310256177589,-0.5316310256177589,0
cobyla,sea,305,306.0,-0.5316310256177589,-0.5316310256177589,0
cobyla,sea,306,307.0,-0.5316310256177589,-0.5316310256177589,0
cobyla,sea,307,308.0,-0.5316310256177589,-0.5316310256177589,0
cobyla,sea,308,309.0,-0.5379878652916095,-0.5379878652916095,0
cobyla,sea,309,310.0,-0.5379878652916095,-0.5379878652916095,0
cobyla,sea,310,311.0,-0.5379878652916095,-0.5379878652916095,0
cobyla,sea,311,312.0,-0.5379878652916095,-0.5379878652916095,0
cobyla,sea,312,313.0,-0.5379878652916095,-0.5379878652916095,0
cobyla,sea,313,314.0,-0.5473402598624132,-0.5473402598624132,0
cobyla,sea,314,315.0,-0.5473402598624132,-0.5473402598624132,0
cobyla,sea,315,316.0,-0.5669569132005893,-0.5669569132005893,0
cobyla,sea,316,317.0,-0.7061044660189002,-0.7061044660189002,0
cobyla,sea,317,318.0,-0.7061044660189002,-0.7061044660189002,0
cobyla,sea,318,319.0,-0.7451483383384024,-0.7451483383384024,0
cobyla,sea,319,320.0,-0.7451483383384024,-0.7451483383384024,0
cobyla,sea,320,321.0,-0.7451483383384024,-0.7451483383384024,0
cobyla,sea,321,322.0,-0.7451483383384024,-0.7451483383384024,0
cobyla,sea,322,323.0,-0.7591290214803662,-0.7591290214803662,0
cobyla,sea,323,324.0,-0.7591290214803662,-0.7591290214803662,0
cobyla,sea,324,325.0,-0.7757818336825522,-0.7757818336825522,0
cobyla,sea,325,326.0,-0.7757818336825522,-0.7757818336825522,0
cobyla,sea,326,327.0,-0.7757818336825522,-0.7757818336825522,0
cobyla,sea,327,328.0,-0.8407269958932705,-0.8407269958932705,0
cobyla,sea,328,329.0,-0.8463289426389863,-0.8463289426389863,0
cobyla,sea,329,330.0,-0.8463289426389863,-0.8463289426389863,0
cobyla,sea,330,331.0,-0.8471422741934462,-0.8471422741934462,0
cobyla,sea,331,332.0,-0.8471422741934462,-0.8471422741934462,0
cobyla,sea,332,333.0,-0.8588116902405514,-0.8588116902405514,0
cobyla,sea,333,334.0,-0.8588116902405514,-0.8588116902405514,0
cobyla,sea,334,335.0,-0.8588116902405514,-0.8588116902405514,0
cobyla,sea,335,336.0,-0.9027244176833394,-0.9027244176833394,0
cobyla,sea,336,337.0,-0.9027244176833394,-0.9027244176833394,0
cobyla,sea,337,338.0,-0.9027244176833394,-0.9027244176833394,0
cobyla,sea,338,339.0,-0.9027244176833394,-0.9027244176833394,0
cobyla,sea,339,340.0,-0.9027244176833394,-0.9027244176833394,0
cobyla,sea,340,341.0,-0.9027244176833394,-0.9027244176833394,0
cobyla,sea,341,342.0,-0.9027244176833394,-0.9027244176833394,0
cobyla,sea,342,343.0,-0.9027244176833394,-0.9027244176833394,0
cobyla,sea,343,344.0,-0.9027244176833394,-0.9027244176833394,0
cobyla,sea,344,345.0,-0.9027244176833394,-0.9027244176833394,0
cobyla,sea,345,346.0,-0.9027244176833394,-0.9027244176833394,0
cobyla,sea,346,347.0,-0.9027244176833394,-0.9027244176833394,0
cobyla,sea,347,348.0,-0.9027244176833394,-0.9027244176833394,0
cobyla,sea,348,349.0,-0.9027244176833394,-0.9027244176833394,0
cobyla,sea,349,350.0,-0.9027244176833394,-0.9027244176833394,0
cobyla,sea,350,351.0,-0.9027244176833394,-0.9027244176833394,0
cobyla,sea,351,352.0,-0.9027244176833394,-0.9027244176833394,0
cobyla,sea,352,353.0,-0.9768429114997648,-0.9768429114997648,0
cobyla,sea,353,354.0,-0.9768429114997648,-0.9768429114997648,0
cobyla,sea,354,355.0,-0.9768429114997648,-0.9768429114997648,0
cobyla,sea,355,356.0,-0.9768429114997648,-0.9768429114997648,0
cobyla,sea,356,357.0,-0.9768429114997648,-0.9768429114997648,0
cobyla,sea,357,358.0,-0.9768429114997648,-0.9768429114997648,0
cobyla,sea,358,359.0,-0.9768429114997648,-0.9768429114997648,0
cobyla,sea,359,360.0,-0.9768429114997648,-0.9768429114997648,0
cobyla,sea,360,361.0,-0.9768429114997648,-0.9768429114997648,0
cobyla,sea,361,362.0,-0.9768429114997648,-0.9768429114997648,0
cobyla,sea,362,363.0,-0.9768429114997648,-0.9768429114997648,0
cobyla,sea,363,364.0,-0.9768429114997648,-0.9768429114997648,0
cobyla,sea,364,365.0,-0.9768429114997648,-0.9768429114997648,0
cobyla,sea,365,366.0,-0.9768429114997648,-0.9768429114997648,0
cobyla,sea,366,367.0,-0.9768429114997648,-0.9768429114997648,0
cobyla,sea,367,368.0,-0.9768429114997648,-0.9768429114997648,0
cobyla,sea,368,369.0,-0.9768429114997648,-0.9768429114997648,0
cobyla,sea,369,370.0,-0.9768429114997648,-0.9768429114997648,0
cobyla,sea,370,371.0,-0.9768429114997648,-0.9768429114997648,0
cobyla,sea,371,372.0,-0.9768429114997648,-0.9768429114997648,0
cobyla,sea,372,373.0,-0.9768429114997648,-0.9768429114997648,0
cobyla,sea,373,374.0,-0.9768429114997648,-0.9768429114997648,0
cobyla,sea,374,375.0,-0.976842911499766,-0.976842911499766,0
cobyla,sea,375,376.0,-0.976842911499766,-0.976842911499766,0
cobyla,sea,376,377.0,-0.976842911499766,-0.976842911499766,0
cobyla,sea,377,378.0,-0.976842911499766,-0.976842911499766,0
cobyla,sea,378,379.0,-0.976842911499766,-0.976842911499766,0
cobyla,sea,379,380.0,-0.976842911499766,-0.976842911499766,0
cobyla,sea,380,381.0,-0.976842911499766,-0.976842911499766,0
cobyla,sea,381,382.0,-0.976842911499766,-0.976842911499766,0
cobyla,sea,382,383.0,-0.976842911499766,-0.976842911499766,0
cobyla,sea,383,384.0,-0.976842911499766,-0.976842911499766,0
cobyla,sea,384,385.0,-0.976842911499766,-0.976842911499766,0
cobyla,sea,385,386.0,-0.976842911499766,-0.976842911499766,0
cobyla,sea,386,387.0,-0.997331166983837,-0.997331166983837,0
cobyla,sea,387,388.0,-0.997331166983837,-0.997331166983837,0
cobyla,sea,388,389.0,-0.997331166983837,-0.997331166983837,0
cobyla,sea,389,390.0,-0.997331166983837,-0.997331166983837,0
cobyla,sea,390,391.0,-0.997331166983837,-0.997331166983837,0
cobyla,sea,391,392.0,-0.997331166983837,-0.997331166983837,0
cobyla,sea,392,393.0,-0.997331166983837,-0.997331166983837,0
cobyla,sea,393,394.0,-0.997331166983837,-0.997331166983837,0
cobyla,sea,394,395.0,-0.997331166983837,-0.997331166983837,0
cobyla,sea,395,396.0,-0.997331166983837,-0.997331166983837,0
cobyla,sea,396,397.0,-0.997331166983837,-0.997331166983837,0
cobyla,sea,397,398.0,-0.997331166983837,-0.997331166983837,0
cobyla,sea,398,399.0,-0.997331166983837,-0.997331166983837,0
cobyla,sea,399,400.0,-0.997331166983837,-0.997331166983837,0
cobyla,sea,400,401.0,-0.997331166983837,-0.997331166983837,0
cobyla,sea,401,402.0,-0.997331166983837,-0.997331166983837,0
cobyla,sea,402,403.0,-0.9996239443072413,-0.9996239443072413,0
cobyla,sea,403,404.0,-0.9996239443072413,-0.9996239443072413,0
cobyla,sea,404,405.0,-0.9996239443072413,-0.9996239443072413,0
cobyla,sea,405,406.0,-0.9996239443072413,-0.9996239443072413,0
cobyla,sea,406,407.0,-0.9996239443072413,-0.9996239443072413,0
cobyla,sea,407,408.0,-1.0932615855573202,-1.0932615855573202,0
cobyla,sea,408,409.0,-1.0932615855573202,-1.0932615855573202,0
cobyla,sea,409,410.0,-1.0932615855573202,-1.0932615855573202,0
cobyla,sea,410,411.0,-1.0932615855573202,-1.0932615855573202,0
cobyla,sea,411,412.0,-1.0932615855573202,-1.0932615855573202,0
cobyla,sea,412,413.0,-1.0932615855573202,-1.0932615855573202,0
cobyla,sea,413,414.0,-1.0932615855573202,-1.0932615855573202,0
cobyla,sea,414,415.0,-1.0932615855573202,-1.0932615855573202,0
cobyla,sea,415,416.0,-1.0932615855573202,-1.0932615855573202,0
cobyla,sea,416,417.0,-1.0932615855573202,-1.0932615855573202,0
cobyla,sea,417,418.0,-1.1007615925424827,-1.1007615925424827,0
cobyla,sea,418,419.0,-1.1007615925424827,-1.1007615925424827,0
cobyla,sea,419,420.0,-1.1007615925424827,-1.1007615925424827,0
cobyla,sea,420,421.0,-1.1007615925424827,-1.1007615925424827,0
cobyla,sea,421,422.0,-1.1007615925424827,-1.1007615925424827,0
cobyla,sea,422,423.0,-1.1007615925424827,-1.1007615925424827,0
cobyla,sea,423,424.0,-1.1007615925424827,-1.1007615925424827,0
cobyla,sea,424,425.0,-1.105183076267955,-1.105183076267955,0
cobyla,sea,425,426.0,-1.105183076267955,-1.105183076267955,0
cobyla,sea,426,427.0,-1.105183076267955,-1.105183076267955,0
cobyla,sea,427,428.0,-1.105183076267955,-1.105183076267955,0
cobyla,sea,428,429.0,-1.105183076267955,-1.105183076267955,0
cobyla,sea,429,430.0,-1.105183076267955,-1.105183076267955,0
cobyla,sea,430,431.0,-1.105183076267955,-1.105183076267955,0
cobyla,sea,431,432.0,-1.105183076267955,-1.105183076267955,0
cobyla,sea,432,433.0,-1.105183076267955,-1.105183076267955,0
cobyla,sea,433,434.0,-1.105183076267955,-1.105183076267955,0
cobyla,sea,434,435.0,-1.1348781175550684,-1.1348781175550684,0
cobyla,sea,435,436.0,-1.1348781175550684,-1.1348781175550684,0
cobyla,sea,436,437.0,-1.1348781175550684,-1.1348781175550684,0
cobyla,sea,437,438.0,-1.1348781175550684,-1.1348781175550684,0
cobyla,sea,438,439.0,-1.1459910577294898,-1.1459910577294898,0
cobyla,sea,439,440.0,-1.1459910577294898,-1.1459910577294898,0
cobyla,sea,440,441.0,-1.1459910577294898,-1.1459910577294898,0
cobyla,sea,441,442.0,-1.1459910577294898,-1.1459910577294898,0
cobyla,sea,442,443.0,-1.1459910577294898,-1.1459910577294898,0
cobyla,sea,443,444.0,-1.1459910577294898,-1.1459910577294898,0
cobyla,sea,444,445.0,-1.1583464037960285,-1.1583464037960285,0
cobyla,sea,445,446.0,-1.1583464037960285,-1.1583464037960285,0
cobyla,sea,446,447.0,-1.1655110062010765,-1.1655110062010765,0
cobyla,sea,447,448.0,-1.1655110062010765,-1.1655110062010765,0
cobyla,sea,448,449.0,-1.1964947333236566,-1.1964947333236566,0
cobyla,sea,449,450.0,-1.1964947333236566,-1.1964947333236566,0
cobyla,sea,450,451.0,-1.1964947333236566,-1.1964947333236566,0
cobyla,sea,451,452.0,-1.1964947333236566,-1.1964947333236566,0
cobyla,sea,452,453.0,-1.1964947333236566,-1.1964947333236566,0
cobyla,sea,453,454.0,-1.1964947333236566,-1.1964947333236566,0
cobyla,sea,454,455.0,-1.1964947333236566,-1.1964947333236566,0
cobyla,sea,455,456.0,-1.1964947333236566,-1.1964947333236566,0
cobyla,sea,456,457.0,-1.1965242441186839,-1.1965242441186839,0
cobyla,sea,457,458.0,-1.1965242441186839,-1.1965242441186839,0
cobyla,sea,458,459.0,-1.1965242441186839,-1.1965242441186839,0
cobyla,sea,459,460.0,-1.1965242441186839,-1.1965242441186839,0
cobyla,sea,460,461.0,-1.1965242441186839,-1.1965242441186839,0
cobyla,sea,461,462.0,-1.1965242441186839,-1.1965242441186839,0
cobyla,sea,462,463.0,-1.1965242441186839,-1.1965242441186839,0
cobyla,sea,463,464.0,-1.1965242441186839,-1.1965242441186839,0
cobyla,sea,464,465.0,-1.1965242441186839,-1.1965242441186839,0
cobyla,sea,465,466.0,-1.1965242441186839,-1.1965242441186839,0
cobyla,sea,466,467.0,-1.1965242441186839,-1.1965242441186839,0
cobyla,sea,467,468.0,-1.1965242441186839,-1.1965242441186839,0
cobyla,sea,468,469.0,-1.1965242441186839,-1.1965242441186839,0
cobyla,sea,469,470.0,-1.1965242441186839,-1.1965242441186839,0
cobyla,sea,470,471.0,-1.1965242441186839,-1.1965242441186839,0
cobyla,sea,471,472.0,-1.1965242441186839,-1.1965242441186839,0
cobyla,sea,472,473.0,-1.2244228782911994,-1.2244228782911994,0
cobyla,sea,473,474.0,-1.2244228782911994,-1.2244228782911994,0
cobyla,sea,474,475.0,-1.2244228782911994,-1.2244228782911994,0
cobyla,sea,475,476.0,-1.2244228782911994,-1.2244228782911994,0
cobyla,sea,476,477.0,-1.2244228782911994,-1.2244228782911994,0
cobyla,sea,477,478.0,-1.2244228782911994,-1.2244228782911994,0
cobyla,sea,478,479.0,-1.2244228782911994,-1.2244228782911994,0
cobyla,sea,479,480.0,-1.2244228782911994,-1.2244228782911994,0
cobyla,sea,480,481.0,-1.2244228782912194,-1.2244228782912194,0
cobyla,sea,481,482.0,-1.2244228782912194,-1.2244228782912194,0
cobyla,sea,482,483.0,-1.2244228782912194,-1.2244228782912194,0
cobyla,sea,483,484.0,-1.2244228782912194,-1.2244228782912194,0
cobyla,sea,484,485.0,-1.2244228782912194,-1.2244228782912194,0
cobyla,sea,485,486.0,-1.2244228782912194,-1.2244228782912194,0
cobyla,sea,486,487.0,-1.2244228782912194,-1.2244228782912194,0
cobyla,sea,487,488.0,-1.2244228782912194,-1.2244228782912194,0
cobyla,sea,488,489.0,-1.2244228782912194,-1.2244228782912194,0
cobyla,sea,489,490.0,-1.2244228782912194,-1.2244228782912194,0
cobyla,sea,490,491.0,-1.2244228782912194,-1.2244228782912194,0
cobyla,sea,491,492.0,-1.2244228782912194,-1.2244228782912194,0
cobyla,sea,492,493.0,-1.2244228782912194,-1.2244228782912194,0
cobyla,sea,493,494.0,-1.2244228782912194,-1.2244228782912194,0
cobyla,sea,494,495.0,-1.2244228782912194,-1.2244228782912194,0
cobyla,sea,495,496.0,-1.2244228782912194,-1.2244228782912194,0
cobyla,sea,496,497.0,-1.2244228782912194,-1.2244228782912194,0
cobyla,sea,497,498.0,-1.2244228782912194,-1.2244228782912194,0
cobyla,sea,498,499.0,-1.2244228782912194,-1.2244228782912194,0
cobyla,sea,499,500.0,-1.2244228782912194,-1.2244228782912194,0
cobyla,sea,500,501.0,-1.2444371913020489,-1.2444371913020489,0
cobyla,sea,501,502.0,-1.2444371913020489,-1.2444371913020489,0
cobyla,sea,502,503.0,-1.2444371913020489,-1.2444371913020489,0
cobyla,sea,503,504.0,-1.2444371913020489,-1.2444371913020489,0
cobyla,sea,504,505.0,-1.2532714014823783,-1.2532714014823783,0
cobyla,sea,505,506.0,-1.2532714014823783,-1.2532714014823783,0
cobyla,sea,506,507.0,-1.2532714014823783,-1.2532714014823783,0
cobyla,sea,507,508.0,-1.2532714014823783,-1.2532714014823783,0
cobyla,sea,508,509.0,-1.26237708189898,-1.26237708189898,0
cobyla,sea,509,510.0,-1.26237708189898,-1.26237708189898,0
cobyla,sea,510,511.0,-1.26237708189898,-1.26237708189898,0
cobyla,sea,511,512.0,-1.26237708189898,-1.26237708189898,0
cobyla,sea,512,513.0,-1.26237708189898,-1.26237708189898,0
cobyla,sea,513,514.0,-1.26237708189898,-1.26237708189898,0
cobyla,sea,514,515.0,-1.26237708189898,-1.26237708189898,0
cobyla,sea,515,516.0,-1.26237708189898,-1.26237708189898,0
cobyla,sea,516,517.0,-1.26237708189898,-1.26237708189898,0
cobyla,sea,517,518.0,-1.26237708189898,-1.26237708189898,0
cobyla,sea,518,519.0,-1.293554287257216,-1.293554287257216,0
cobyla,sea,519,520.0,-1.293554287257216,-1.293554287257216,0
cobyla,sea,520,521.0,-1.293554287257216,-1.293554287257216,0
cobyla,sea,521,522.0,-1.293554287257216,-1.293554287257216,0
cobyla,sea,522,523.0,-1.293554287257216,-1.293554287257216,0
cobyla,sea,523,524.0,-1.293554287257216,-1.293554287257216,0
cobyla,sea,524,525.0,-1.3051812276868384,-1.3051812276868384,0
cobyla,sea,525,526.0,-1.3051812276868384,-1.3051812276868384,0
cobyla,sea,526,527.0,-1.3051812276868384,-1.3051812276868384,0
cobyla,sea,527,528.0,-1.3051812276868384,-1.3051812276868384,0
cobyla,sea,528,529.0,-1.3051812276868384,-1.3051812276868384,0
cobyla,sea,529,530.0,-1.3051812276868384,-1.3051812276868384,0
cobyla,sea,530,531.0,-1.3051812276868384,-1.3051812276868384,0
cobyla,sea,531,532.0,-1.3051812276868384,-1.3051812276868384,0
cobyla,sea,532,533.0,-1.3051812276868384,-1.3051812276868384,0
cobyla,sea,533,534.0,-1.3051812276868384,-1.3051812276868384,0
cobyla,sea,534,535.0,-1.3153080993855146,-1.3153080993855146,0
cobyla,sea,535,536.0,-1.3153080993855146,-1.3153080993855146,0
cobyla,sea,536,537.0,-1.3153080993855146,-1.3153080993855146,0
cobyla,sea,537,538.0,-1.3153080993855146,-1.3153080993855146,0
cobyla,sea,538,539.0,-1.326804685328508,-1.326804685328508,0
cobyla,sea,539,540.0,-1.347675349426061,-1.347675349426061,0
cobyla,sea,540,541.0,-1.347675349426061,-1.347675349426061,0
cobyla,sea,541,542.0,-1.3521881256304045,-1.3521881256304045,0
cobyla,sea,542,543.0,-1.3521881256304045,-1.3521881256304045,0
cobyla,sea,543,544.0,-1.3699831140283971,-1.3699831140283971,0
cobyla,sea,544,545.0,-1.3699831140283971,-1.3699831140283971,0
cobyla,sea,545,546.0,-1.3699831140283971,-1.3699831140283971,0
cobyla,sea,546,547.0,-1.3699831140283971,-1.3699831140283971,0
cobyla,sea,547,548.0,-1.3699831140283971,-1.3699831140283971,0
cobyla,sea,548,549.0,-1.3699831140283971,-1.3699831140283971,0
cobyla,sea,549,550.0,-1.3868417348148185,-1.3868417348148185,0
cobyla,sea,550,551.0,-1.3985531754135072,-1.3985531754135072,0
cobyla,sea,551,552.0,-1.3985531754135072,-1.3985531754135072,0
cobyla,sea,552,553.0,-1.3985531754135072,-1.3985531754135072,0
cobyla,sea,553,554.0,-1.3990285154386242,-1.3990285154386242,0
cobyla,sea,554,555.0,-1.3990285154386242,-1.3990285154386242,0
cobyla,sea,555,556.0,-1.3990285154386242,-1.3990285154386242,0
cobyla,sea,556,557.0,-1.3990285154386242,-1.3990285154386242,0
cobyla,sea,557,558.0,-1.3990285154386242,-1.3990285154386242,0
cobyla,sea,558,559.0,-1.416330478220229,-1.416330478220229,0
cobyla,sea,559,560.0,-1.416330478220229,-1.416330478220229,0
cobyla,sea,560,561.0,-1.416330478220229,-1.416330478220229,0
cobyla,sea,561,562.0,-1.416330478220229,-1.416330478220229,0
cobyla,sea,562,563.0,-1.416330478220229,-1.416330478220229,0
cobyla,sea,563,564.0,-1.416330478220229,-1.416330478220229,0
cobyla,sea,564,565.0,-1.416330478220229,-1.416330478220229,0
cobyla,sea,565,566.0,-1.4180652803867215,-1.4180652803867215,0
cobyla,sea,566,567.0,-1.4180652803867215,-1.4180652803867215,0
cobyla,sea,567,568.0,-1.4180652803867215,-1.4180652803867215,0
cobyla,sea,568,569.0,-1.4180652803867215,-1.4180652803867215,0
cobyla,sea,569,570.0,-1.4180652803867215,-1.4180652803867215,0
cobyla,sea,570,571.0,-1.4180652803867215,-1.4180652803867215,0
cobyla,sea,571,572.0,-1.4180652803867215,-1.4180652803867215,0
cobyla,sea,572,573.0,-1.4180652803867215,-1.4180652803867215,0
cobyla,sea,573,574.0,-1.4180652803867215,-1.4180652803867215,0
cobyla,sea,574,575.0,-1.4180652803867215,-1.4180652803867215,0
cobyla,sea,575,576.0,-1.4180652803867215,-1.4180652803867215,0
cobyla,sea,576,577.0,-1.4180652803867215,-1.4180652803867215,0
cobyla,sea,577,578.0,-1.4186715847163032,-1.4186715847163032,0
cobyla,sea,578,579.0,-1.4186715847163032,-1.4186715847163032,0
cobyla,sea,579,580.0,-1.4299370780618084,-1.4299370780618084,0
cobyla,sea,580,581.0,-1.456971429919363,-1.456971429919363,0
cobyla,sea,581,582.0,-1.4569714299193637,-1.4569714299193637,0
cobyla,sea,582,583.0,-1.464784932523743,-1.464784932523743,0
cobyla,sea,583,584.0,-1.464784932523743,-1.464784932523743,0
cobyla,sea,584,585.0,-1.464784932523743,-1.464784932523743,0
cobyla,sea,585,586.0,-1.4729495460006479,-1.4729495460006479,0
cobyla,sea,586,587.0,-1.4729495460006479,-1.4729495460006479,0
cobyla,sea,587,588.0,-1.4799014966021646,-1.4799014966021646,0
cobyla,sea,588,589.0,-1.4799014966021646,-1.4799014966021646,0
cobyla,sea,589,590.0,-1.4982838644312795,-1.4982838644312795,0
cobyla,sea,590,591.0,-1.4982838644312795,-1.4982838644312795,0
cobyla,sea,591,592.0,-1.4982838644312795,-1.4982838644312795,0
cobyla,sea,592,593.0,-1.4982838644312795,-1.4982838644312795,0
cobyla,sea,593,594.0,-1.4993969132796359,-1.4993969132796359,0
cobyla,sea,594,595.0,-1.4993969132796359,-1.4993969132796359,0
cobyla,sea,595,596.0,-1.4993969132796359,-1.4993969132796359,0
cobyla,sea,596,597.0,-1.4993969132796359,-1.4993969132796359,0
cobyla,sea,597,598.0,-1.4993969132796359,-1.4993969132796359,0
cobyla,sea,598,599.0,-1.4993969132796359,-1.4993969132796359,0
cobyla,sea,599,600.0,-1.4993969132796359,-1.4993969132796359,0
cobyla,sea,600,601.0,-1.4993969132796359,-1.4993969132796359,0
cobyla,sea,601,602.0,-1.4993969132796359,-1.4993969132796359,0
cobyla,sea,602,603.0,-1.4993969132796359,-1.4993969132796359,0
cobyla,sea,603,604.0,-1.4993969132796359,-1.4993969132796359,0
cobyla,sea,604,605.0,-1.4993969132796359,-1.4993969132796359,0
cobyla,sea,605,606.0,-1.4993969132796359,-1.4993969132796359,0
cobyla,sea,606,607.0,-1.4993969132796359,-1.4993969132796359,0
cobyla,sea,607,608.0,-1.4993969132796359,-1.4993969132796359,0
cobyla,sea,608,609.0,-1.5064052210585832,-1.5064052210585832,0
cobyla,sea,609,610.0,-1.5064052210585832,-1.5064052210585832,0
cobyla,sea,610,611.0,-1.5064052210585832,-1.5064052210585832,0
cobyla,sea,611,612.0,-1.5064052210585832,-1.5064052210585832,0
cobyla,sea,612,613.0,-1.5064052210585832,-1.5064052210585832,0
cobyla,sea,613,614.0,-1.5064052210585832,-1.5064052210585832,0
cobyla,sea,614,615.0,-1.5064052210585832,-1.5064052210585832,0
cobyla,sea,615,616.0,-1.5064052210585832,-1.5064052210585832,0
cobyla,sea,616,617.0,-1.5064052210585832,-1.5064052210585832,0
cobyla,sea,617,618.0,-1.5064052210585832,-1.5064052210585832,0
cobyla,sea,618,619.0,-1.5064052210585832,-1.5064052210585832,0
cobyla,sea,619,620.0,-1.5064052210585832,-1.5064052210585832,0
cobyla,sea,620,621.0,-1.5064052210585832,-1.5064052210585832,0
cobyla,sea,621,622.0,-1.5083088196479757,-1.5083088196479757,0
cobyla,sea,622,623.0,-1.5083088196479757,-1.5083088196479757,0
cobyla,sea,623,624.0,-1.5083088196479757,-1.5083088196479757,0
cobyla,sea,624,625.0,-1.5083088196479757,-1.5083088196479757,0
cobyla,sea,625,626.0,-1.5083088196479757,-1.5083088196479757,0
cobyla,sea,626,627.0,-1.512079581534311,-1.512079581534311,0
cobyla,sea,627,628.0,-1.5120862411575113,-1.5120862411575113,0
cobyla,sea,628,629.0,-1.5120862411575113,-1.5120862411575113,0
cobyla,sea,629,630.0,-1.512216299794933,-1.512216299794933,0
cobyla,sea,630,631.0,-1.512216299794933,-1.512216299794933,0
cobyla,sea,631,632.0,-1.512216299794933,-1.512216299794933,0
cobyla,sea,632,633.0,-1.512216299794933,-1.512216299794933,0
cobyla,sea,633,634.0,-1.512216299794933,-1.512216299794933,0
cobyla,sea,634,635.0,-1.512216299794933,-1.512216299794933,0
cobyla,sea,635,636.0,-1.512216299794933,-1.512216299794933,0
cobyla,sea,636,637.0,-1.512216299794933,-1.512216299794933,0
cobyla,sea,637,638.0,-1.512216299794933,-1.512216299794933,0
cobyla,sea,638,639.0,-1.512216299794933,-1.512216299794933,0
cobyla,sea,639,640.0,-1.512216299794933,-1.512216299794933,0
cobyla,sea,640,641.0,-1.530292453977101,-1.530292453977101,0
cobyla,sea,641,642.0,-1.530292453977101,-1.530292453977101,0
cobyla,sea,642,643.0,-1.530292453977101,-1.530292453977101,0
cobyla,sea,643,644.0,-1.5399957063824508,-1.5399957063824508,0
cobyla,sea,644,645.0,-1.5481397255063096,-1.5481397255063096,0
cobyla,sea,645,646.0,-1.5481397255063096,-1.5481397255063096,0
cobyla,sea,646,647.0,-1.5481397255063096,-1.5481397255063096,0
cobyla,sea,647,648.0,-1.5492584672439673,-1.5492584672439673,0
cobyla,sea,648,649.0,-1.5492584672439673,-1.5492584672439673,0
cobyla,sea,649,650.0,-1.550326637886735,-1.550326637886735,0
cobyla,sea,650,651.0,-1.550326637886735,-1.550326637886735,0
cobyla,sea,651,652.0,-1.550326637886735,-1.550326637886735,0
cobyla,sea,652,653.0,-1.550326637886735,-1.550326637886735,0
cobyla,sea,653,654.0,-1.550326637886735,-1.550326637886735,0
cobyla,sea,654,655.0,-1.550326637886735,-1.550326637886735,0
cobyla,sea,655,656.0,-1.550326637886735,-1.550326637886735,0
cobyla,sea,656,657.0,-1.550326637886735,-1.550326637886735,0
cobyla,sea,657,658.0,-1.550326637886735,-1.550326637886735,0
cobyla,sea,658,659.0,-1.550326637886735,-1.550326637886735,0
cobyla,sea,659,660.0,-1.550326637886735,-1.550326637886735,0
cobyla,sea,660,661.0,-1.550326637886735,-1.550326637886735,0
cobyla,sea,661,662.0,-1.550326637886735,-1.550326637886735,0
cobyla,sea,662,663.0,-1.550326637886735,-1.550326637886735,0
cobyla,sea,663,664.0,-1.550326637886735,-1.550326637886735,0
cobyla,sea,664,665.0,-1.550326637886735,-1.550326637886735,0
cobyla,sea,665,666.0,-1.550326637886735,-1.550326637886735,0
cobyla,sea,666,667.0,-1.550326637886735,-1.550326637886735,0
cobyla,sea,667,668.0,-1.550326637886735,-1.550326637886735,0
cobyla,sea,668,669.0,-1.550326637886735,-1.550326637886735,0
cobyla,sea,669,670.0,-1.550326637886735,-1.550326637886735,0
cobyla,sea,670,671.0,-1.550326637886735,-1.550326637886735,0
cobyla,sea,671,672.0,-1.550326637886735,-1.550326637886735,0
cobyla,sea,672,673.0,-1.550326637886735,-1.550326637886735,0
cobyla,sea,673,674.0,-1.5527441957375208,-1.5527441957375208,0
cobyla,sea,674,675.0,-1.5527441957375208,-1.5527441957375208,0
cobyla,sea,675,676.0,-1.5527441957375208,-1.5527441957375208,0
cobyla,sea,676,677.0,-1.5527441957375208,-1.5527441957375208,0
cobyla,sea,677,678.0,-1.5527441957375208,-1.5527441957375208,0
cobyla,sea,678,679.0,-1.5527441957375208,-1.5527441957375208,0
cobyla,sea,679,680.0,-1.5527441957375208,-1.5527441957375208,0
cobyla,sea,680,681.0,-1.5527441957375208,-1.5527441957375208,0
cobyla,sea,681,682.0,-1.5527441957375208,-1.5527441957375208,0
cobyla,sea,682,683.0,-1.5527441957375208,-1.5527441957375208,0
cobyla,sea,683,684.0,-1.5527441957375208,-1.5527441957375208,0
cobyla,sea,684,685.0,-1.5527441957375208,-1.5527441957375208,0
cobyla,sea,685,686.0,-1.5527441957375208,-1.5527441957375208,0
cobyla,sea,686,687.0,-1.5527441957375208,-1.5527441957375208,0
cobyla,sea,687,688.0,-1.5527441957375208,-1.5527441957375208,0
cobyla,sea,688,689.0,-1.5527441957375208,-1.5527441957375208,0
cobyla,sea,689,690.0,-1.5527441957375208,-1.5527441957375208,0
cobyla,sea,690,691.0,-1.557671537790285,-1.557671537790285,0
cobyla,sea,691,692.0,-1.557671537790285,-1.557671537790285,0
cobyla,sea,692,693.0,-1.557671537790285,-1.557671537790285,0
cobyla,sea,693,694.0,-1.557671537790285,-1.557671537790285,0
cobyla,sea,694,695.0,-1.557671537790285,-1.557671537790285,0
cobyla,sea,695,696.0,-1.565490045188164,-1.565490045188164,0
cobyla,sea,696,697.0,-1.565490045188164,-1.565490045188164,0
cobyla,sea,697,698.0,-1.565490045188164,-1.565490045188164,0
cobyla,sea,698,699.0,-1.565490045188164,-1.565490045188164,0
cobyla,sea,699,700.0,-1.565490045188164,-1.565490045188164,0
cobyla,sea,700,701.0,-1.565490045188164,-1.565490045188164,0
cobyla,sea,701,702.0,-1.565490045188164,-1.565490045188164,0
cobyla,sea,702,703.0,-1.565490045188164,-1.565490045188164,0
cobyla,sea,703,704.0,-1.565490045188164,-1.565490045188164,0
cobyla,sea,704,705.0,-1.5662611368038863,-1.5662611368038863,0
cobyla,sea,705,706.0,-1.5700891328816362,-1.5700891328816362,0
cobyla,sea,706,707.0,-1.5700891328816362,-1.5700891328816362,0
cobyla,sea,707,708.0,-1.5700891328816362,-1.5700891328816362,0
cobyla,sea,708,709.0,-1.5700891328816362,-1.5700891328816362,0
cobyla,sea,709,710.0,-1.5700891328816362,-1.5700891328816362,0
cobyla,sea,710,711.0,-1.5700891328816362,-1.5700891328816362,0
cobyla,sea,711,712.0,-1.5720713730677853,-1.5720713730677853,0
cobyla,sea,712,713.0,-1.5720713730677853,-1.5720713730677853,0
cobyla,sea,713,714.0,-1.5806783765492216,-1.5806783765492216,0
cobyla,sea,714,715.0,-1.5806783765492216,-1.5806783765492216,0
cobyla,sea,715,716.0,-1.5806783765492216,-1.5806783765492216,0
cobyla,sea,716,717.0,-1.5806783765492216,-1.5806783765492216,0
cobyla,sea,717,718.0,-1.5806783765492216,-1.5806783765492216,0
cobyla,sea,718,719.0,-1.5806783765492216,-1.5806783765492216,0
cobyla,sea,719,720.0,-1.5806783765492216,-1.5806783765492216,0
cobyla,sea,720,721.0,-1.5806783765492216,-1.5806783765492216,0
cobyla,sea,721,722.0,-1.5806783765492216,-1.5806783765492216,0
cobyla,sea,722,723.0,-1.5806783765492216,-1.5806783765492216,0
cobyla,sea,723,724.0,-1.5806783765492216,-1.5806783765492216,0
cobyla,sea,724,725.0,-1.5806783765492216,-1.5806783765492216,0
cobyla,sea,725,726.0,-1.5878448710398037,-1.5878448710398037,0
cobyla,sea,726,727.0,-1.5878448710398037,-1.5878448710398037,0
cobyla,sea,727,728.0,-1.5878448710398037,-1.5878448710398037,0
cobyla,sea,728,729.0,-1.5878448710398037,-1.5878448710398037,0
cobyla,sea,729,730.0,-1.5878448710398037,-1.5878448710398037,0
cobyla,sea,730,731.0,-1.5878448710398037,-1.5878448710398037,0
cobyla,sea,731,732.0,-1.5878448710398037,-1.5878448710398037,0
cobyla,sea,732,733.0,-1.5878448710398037,-1.5878448710398037,0
cobyla,sea,733,734.0,-1.5878448710398037,-1.5878448710398037,0
cobyla,sea,734,735.0,-1.5878448710398037,-1.5878448710398037,0
cobyla,sea,735,736.0,-1.5878448710398037,-1.5878448710398037,0
cobyla,sea,736,737.0,-1.5878448710398037,-1.5878448710398037,0
cobyla,sea,737,738.0,-1.5878448710398037,-1.5878448710398037,0
cobyla,sea,738,739.0,-1.5878448710398037,-1.5878448710398037,0
cobyla,sea,739,740.0,-1.5878448710398037,-1.5878448710398037,0
cobyla,sea,740,741.0,-1.5878448710398037,-1.5878448710398037,0
cobyla,sea,741,742.0,-1.5885186778836589,-1.5885186778836589,0
cobyla,sea,742,743.0,-1.5885186778836589,-1.5885186778836589,0
cobyla,sea,743,744.0,-1.5885186778836589,-1.5885186778836589,0
cobyla,sea,744,745.0,-1.5885186778836589,-1.5885186778836589,0
cobyla,sea,745,746.0,-1.5885186778836589,-1.5885186778836589,0
cobyla,sea,746,747.0,-1.5885186778836589,-1.5885186778836589,0
cobyla,sea,747,748.0,-1.5885186778836589,-1.5885186778836589,0
cobyla,sea,748,749.0,-1.5885186778836589,-1.5885186778836589,0
cobyla,sea,749,750.0,-1.5885186778836589,-1.5885186778836589,0
cobyla,sea,750,751.0,-1.5885186778836589,-1.5885186778836589,0
cobyla,sea,751,752.0,-1.5885186778836589,-1.5885186778836589,0
cobyla,sea,752,753.0,-1.5885186778836589,-1.5885186778836589,0
cobyla,sea,753,754.0,-1.5885186778836589,-1.5885186778836589,0
cobyla,sea,754,755.0,-1.5885186778836589,-1.5885186778836589,0
cobyla,sea,755,756.0,-1.5885186778836589,-1.5885186778836589,0
cobyla,sea,756,757.0,-1.5885186778836589,-1.5885186778836589,0
cobyla,sea,757,758.0,-1.5885186778836589,-1.5885186778836589,0
cobyla,sea,758,759.0,-1.5885186778836589,-1.5885186778836589,0
cobyla,sea,759,760.0,-1.5885186778836589,-1.5885186778836589,0
cobyla,sea,760,761.0,-1.5885186778836589,-1.5885186778836589,0
cobyla,sea,761,762.0,-1.5885186778836589,-1.5885186778836589,0
cobyla,sea,762,763.0,-1.5885186778836589,-1.5885186778836589,0
cobyla,sea,763,764.0,-1.5885186778836589,-1.5885186778836589,0
cobyla,sea,764,765.0,-1.5885186778836589,-1.5885186778836589,0
cobyla,sea,765,766.0,-1.5885186778836589,-1.5885186778836589,0
cobyla,sea,766,767.0,-1.5885186778836589,-1.5885186778836589,0
cobyla,sea,767,768.0,-1.5885186778836589,-1.5885186778836589,0
cobyla,sea,768,769.0,-1.5885186778836589,-1.5885186778836589,0
cobyla,sea,769,770.0,-1.5885186778836589,-1.5885186778836589,0
cobyla,sea,770,771.0,-1.58975919586217,-1.58975919586217,0
cobyla,sea,771,772.0,-1.5911485371404026,-1.5911485371404026,0
cobyla,sea,772,773.0,-1.5911485371404026,-1.5911485371404026,0
cobyla,sea,773,774.0,-1.5911485371404026,-1.5911485371404026,0
cobyla,sea,774,775.0,-1.5911485371404026,-1.5911485371404026,0
cobyla,sea,775,776.0,-1.5911485371404026,-1.5911485371404026,0
cobyla,sea,776,777.0,-1.5911485371404026,-1.5911485371404026,0
cobyla,sea,777,778.0,-1.5926043868228807,-1.5926043868228807,0
cobyla,sea,778,779.0,-1.5934435418011814,-1.5934435418011814,0
cobyla,sea,779,780.0,-1.5934435418011814,-1.5934435418011814,0
cobyla,sea,780,781.0,-1.5995419149540826,-1.5995419149540826,0
cobyla,sea,781,782.0,-1.5995419149540826,-1.5995419149540826,0
cobyla,sea,782,783.0,-1.6006589830035085,-1.6006589830035085,0
cobyla,sea,783,784.0,-1.6006589830035085,-1.6006589830035085,0
cobyla,sea,784,785.0,-1.6029643006523984,-1.6029643006523984,0
cobyla,sea,785,786.0,-1.6029643006523984,-1.6029643006523984,0
cobyla,sea,786,787.0,-1.6029643006523984,-1.6029643006523984,0
cobyla,sea,787,788.0,-1.6029643006523984,-1.6029643006523984,0
cobyla,sea,788,789.0,-1.6029643006523984,-1.6029643006523984,0
cobyla,sea,789,790.0,-1.6029643006523984,-1.6029643006523984,0
cobyla,sea,790,791.0,-1.6029643006523984,-1.6029643006523984,0
cobyla,sea,791,792.0,-1.6029643006523984,-1.6029643006523984,0
cobyla,sea,792,793.0,-1.6029643006523984,-1.6029643006523984,0
cobyla,sea,793,794.0,-1.6029643006523984,-1.6029643006523984,0
cobyla,sea,794,795.0,-1.6029643006523984,-1.6029643006523984,0
cobyla,sea,795,796.0,-1.606296107834685,-1.606296107834685,0
cobyla,sea,796,797.0,-1.608144203999155,-1.608144203999155,0
cobyla,sea,797,798.0,-1.608144203999155,-1.608144203999155,0
cobyla,sea,798,799.0,-1.608144203999155,-1.608144203999155,0
cobyla,sea,799,800.0,-1.6106109308748915,-1.6106109308748915,0
cobyla,sea,800,801.0,-1.6106109308748915,-1.6106109308748915,0
cobyla,sea,801,802.0,-1.6106109308748915,-1.6106109308748915,0
cobyla,sea,802,803.0,-1.6171706614036299,-1.6171706614036299,0
cobyla,sea,803,804.0,-1.6171706614036299,-1.6171706614036299,0
cobyla,sea,804,805.0,-1.6171706614036299,-1.6171706614036299,0
cobyla,sea,805,806.0,-1.6171706614036299,-1.6171706614036299,0
cobyla,sea,806,807.0,-1.6175466193788846,-1.6175466193788846,0
cobyla,sea,807,808.0,-1.619397214831076,-1.619397214831076,0
cobyla,sea,808,809.0,-1.619397214831076,-1.619397214831076,0
cobyla,sea,809,810.0,-1.6203102284642765,-1.6203102284642765,0
cobyla,sea,810,811.0,-1.6203102284642765,-1.6203102284642765,0
cobyla,sea,811,812.0,-1.6203102284642765,-1.6203102284642765,0
cobyla,sea,812,813.0,-1.6220020427465265,-1.6220020427465265,0
cobyla,sea,813,814.0,-1.6220020427465265,-1.6220020427465265,0
cobyla,sea,814,815.0,-1.6220020427465265,-1.6220020427465265,0
cobyla,sea,815,816.0,-1.6220020427465265,-1.6220020427465265,0
cobyla,sea,816,817.0,-1.6220020427465265,-1.6220020427465265,0
cobyla,sea,817,818.0,-1.6220020427465265,-1.6220020427465265,0
cobyla,sea,818,819.0,-1.6220020427465265,-1.6220020427465265,0
cobyla,sea,819,820.0,-1.6220020427465265,-1.6220020427465265,0
cobyla,sea,820,821.0,-1.6220020427465265,-1.6220020427465265,0
cobyla,sea,821,822.0,-1.6278957681376753,-1.6278957681376753,0
cobyla,sea,822,823.0,-1.6278957681376753,-1.6278957681376753,0
cobyla,sea,823,824.0,-1.6336584185533314,-1.6336584185533314,0
cobyla,sea,824,825.0,-1.6348520894047254,-1.6348520894047254,0
cobyla,sea,825,826.0,-1.6348520894047254,-1.6348520894047254,0
cobyla,sea,826,827.0,-1.6351864780520693,-1.6351864780520693,0
cobyla,sea,827,828.0,-1.6351864780520693,-1.6351864780520693,0
cobyla,sea,828,829.0,-1.6351864780520693,-1.6351864780520693,0
cobyla,sea,829,830.0,-1.6351864780520693,-1.6351864780520693,0
cobyla,sea,830,831.0,-1.6362464560352536,-1.6362464560352536,0
cobyla,sea,831,832.0,-1.6362464560352536,-1.6362464560352536,0
cobyla,sea,832,833.0,-1.6362464560352536,-1.6362464560352536,0
cobyla,sea,833,834.0,-1.6362464560352536,-1.6362464560352536,0
cobyla,sea,834,835.0,-1.6362464560352536,-1.6362464560352536,0
cobyla,sea,835,836.0,-1.6362464560352536,-1.6362464560352536,0
cobyla,sea,836,837.0,-1.6362464560352536,-1.6362464560352536,0
cobyla,sea,837,838.0,-1.6362464560352536,-1.6362464560352536,0
cobyla,sea,838,839.0,-1.6381557336890684,-1.6381557336890684,0
cobyla,sea,839,840.0,-1.6385532746382245,-1.6385532746382245,0
cobyla,sea,840,841.0,-1.6385720791302845,-1.6385720791302845,0
cobyla,sea,841,842.0,-1.6385720791302845,-1.6385720791302845,0
cobyla,sea,842,843.0,-1.6385720791302845,-1.6385720791302845,0
cobyla,sea,843,844.0,-1.6385720791302845,-1.6385720791302845,0
cobyla,sea,844,845.0,-1.6385720791302845,-1.6385720791302845,0
cobyla,sea,845,846.0,-1.6390584351410864,-1.6390584351410864,0
cobyla,sea,846,847.0,-1.6390584351410864,-1.6390584351410864,0
cobyla,sea,847,848.0,-1.6390584351410864,-1.6390584351410864,0
cobyla,sea,848,849.0,-1.6390584351410864,-1.6390584351410864,0
cobyla,sea,849,850.0,-1.6390584351410864,-1.6390584351410864,0
cobyla,sea,850,851.0,-1.6390584351410864,-1.6390584351410864,0
cobyla,sea,851,852.0,-1.6398364614515324,-1.6398364614515324,0
cobyla,sea,852,853.0,-1.6398364614515324,-1.6398364614515324,0
cobyla,sea,853,854.0,-1.6398364614515324,-1.6398364614515324,0
cobyla,sea,854,855.0,-1.6426629436758544,-1.6426629436758544,0
cobyla,sea,855,856.0,-1.644469675407176,-1.644469675407176,0
cobyla,sea,856,857.0,-1.644469675407176,-1.644469675407176,0
cobyla,sea,857,858.0,-1.644469675407176,-1.644469675407176,0
cobyla,sea,858,859.0,-1.644469675407176,-1.644469675407176,0
cobyla,sea,859,860.0,-1.644469675407176,-1.644469675407176,0
cobyla,sea,860,861.0,-1.644469675407176,-1.644469675407176,0
cobyla,sea,861,862.0,-1.644469675407176,-1.644469675407176,0
cobyla,sea,862,863.0,-1.6475727779606606,-1.6475727779606606,0
cobyla,sea,863,864.0,-1.6475727779606606,-1.6475727779606606,0
cobyla,sea,864,865.0,-1.6475727779606606,-1.6475727779606606,0
cobyla,sea,865,866.0,-1.6475727779606606,-1.6475727779606606,0
cobyla,sea,866,867.0,-1.6475727779606606,-1.6475727779606606,0
cobyla,sea,867,868.0,-1.6475727779606606,-1.6475727779606606,0
cobyla,sea,868,869.0,-1.6475727779606606,-1.6475727779606606,0
cobyla,sea,869,870.0,-1.6475727779606606,-1.6475727779606606,0
cobyla,sea,870,871.0,-1.6475727779606606,-1.6475727779606606,0
cobyla,sea,871,872.0,-1.6491323510888418,-1.6491323510888418,0
cobyla,sea,872,873.0,-1.6496429753334354,-1.6496429753334354,0
cobyla,sea,873,874.0,-1.6496429753334354,-1.6496429753334354,0
cobyla,sea,874,875.0,-1.6496429753334354,-1.6496429753334354,0
cobyla,sea,875,876.0,-1.6496429753334354,-1.6496429753334354,0
cobyla,sea,876,877.0,-1.6496429753334354,-1.6496429753334354,0
cobyla,sea,877,878.0,-1.6496429753334354,-1.6496429753334354,0
cobyla,sea,878,879.0,-1.649855415119896,-1.649855415119896,0
cobyla,sea,879,880.0,-1.649855415119896,-1.649855415119896,0
cobyla,sea,880,881.0,-1.6510506987015403,-1.6510506987015403,0
cobyla,sea,881,882.0,-1.6510506987015403,-1.6510506987015403,0
cobyla,sea,882,883.0,-1.6510506987015403,-1.6510506987015403,0
cobyla,sea,883,884.0,-1.6510506987015403,-1.6510506987015403,0
cobyla,sea,884,885.0,-1.6510506987015403,-1.6510506987015403,0
cobyla,sea,885,886.0,-1.6510506987015403,-1.6510506987015403,0
cobyla,sea,886,887.0,-1.6510506987015403,-1.6510506987015403,0
cobyla,sea,887,888.0,-1.6510506987015403,-1.6510506987015403,0
cobyla,sea,888,889.0,-1.6510506987015403,-1.6510506987015403,0
cobyla,sea,889,890.0,-1.6510506987015403,-1.6510506987015403,0
cobyla,sea,890,891.0,-1.6510506987015403,-1.6510506987015403,0
cobyla,sea,891,892.0,-1.6510506987015403,-1.6510506987015403,0
cobyla,sea,892,893.0,-1.6510506987015403,-1.6510506987015403,0
cobyla,sea,893,894.0,-1.6510506987015403,-1.6510506987015403,0
cobyla,sea,894,895.0,-1.6510506987015403,-1.6510506987015403,0
cobyla,sea,895,896.0,-1.653257529332187,-1.653257529332187,0
cobyla,sea,896,897.0,-1.653257529332187,-1.653257529332187,0
cobyla,sea,897,898.0,-1.653257529332187,-1.653257529332187,0
cobyla,sea,898,899.0,-1.653257529332187,-1.653257529332187,0
cobyla,sea,899,900.0,-1.653257529332187,-1.653257529332187,0
cobyla,sea,900,901.0,-1.653257529332187,-1.653257529332187,0
cobyla,sea,901,902.0,-1.653257529332187,-1.653257529332187,0
cobyla,sea,902,903.0,-1.653257529332187,-1.653257529332187,0
cobyla,sea,903,904.0,-1.653257529332187,-1.653257529332187,0
cobyla,sea,904,905.0,-1.653257529332187,-1.653257529332187,0
cobyla,sea,905,906.0,-1.653257529332187,-1.653257529332187,0
cobyla,sea,906,907.0,-1.653257529332187,-1.653257529332187,0
cobyla,sea,907,908.0,-1.653257529332187,-1.653257529332187,0
cobyla,sea,908,909.0,-1.653257529332187,-1.653257529332187,0
cobyla,sea,909,910.0,-1.653257529332187,-1.653257529332187,0
cobyla,sea,910,911.0,-1.653257529332187,-1.653257529332187,0
cobyla,sea,911,912.0,-1.653257529332187,-1.653257529332187,0
cobyla,sea,912,913.0,-1.653257529332187,-1.653257529332187,0
cobyla,sea,913,914.0,-1.653257529332187,-1.653257529332187,0
cobyla,sea,914,915.0,-1.653257529332187,-1.653257529332187,0
cobyla,sea,915,916.0,-1.653257529332187,-1.653257529332187,0
cobyla,sea,916,917.0,-1.653257529332187,-1.653257529332187,0
cobyla,sea,917,918.0,-1.653257529332187,-1.653257529332187,0
cobyla,sea,918,919.0,-1.653257529332187,-1.653257529332187,0
cobyla,sea,919,920.0,-1.653257529332187,-1.653257529332187,0
cobyla,sea,920,921.0,-1.653257529332187,-1.653257529332187,0
cobyla,sea,921,922.0,-1.653257529332187,-1.653257529332187,0
cobyla,sea,922,923.0,-1.653257529332187,-1.653257529332187,0
cobyla,sea,923,924.0,-1.653257529332187,-1.653257529332187,0
cobyla,sea,924,925.0,-1.6533620691387707,-1.6533620691387707,0
cobyla,sea,925,926.0,-1.6533620691387707,-1.6533620691387707,0
cobyla,sea,926,927.0,-1.6533620691387707,-1.6533620691387707,0
cobyla,sea,927,928.0,-1.6533620691387707,-1.6533620691387707,0
cobyla,sea,928,929.0,-1.6540187726240443,-1.6540187726240443,0
cobyla,sea,929,930.0,-1.6540187726240443,-1.6540187726240443,0
cobyla,sea,930,931.0,-1.654307320427248,-1.654307320427248,0
cobyla,sea,931,932.0,-1.654307320427248,-1.654307320427248,0
cobyla,sea,932,933.0,-1.654307320427248,-1.654307320427248,0
cobyla,sea,933,934.0,-1.654307320427248,-1.654307320427248,0
cobyla,sea,934,935.0,-1.654307320427248,-1.654307320427248,0
cobyla,sea,935,936.0,-1.654307320427248,-1.654307320427248,0
cobyla,sea,936,937.0,-1.654307320427248,-1.654307320427248,0
cobyla,sea,937,938.0,-1.654307320427248,-1.654307320427248,0
cobyla,sea,938,939.0,-1.654307320427248,-1.654307320427248,0
cobyla,sea,939,940.0,-1.654307320427248,-1.654307320427248,0
cobyla,sea,940,941.0,-1.654307320427248,-1.654307320427248,0
cobyla,sea,941,942.0,-1.654307320427248,-1.654307320427248,0
cobyla,sea,942,943.0,-1.654307320427248,-1.654307320427248,0
cobyla,sea,943,944.0,-1.654307320427248,-1.654307320427248,0
cobyla,sea,944,945.0,-1.654307320427248,-1.654307320427248,0
cobyla,sea,945,946.0,-1.654307320427248,-1.654307320427248,0
cobyla,sea,946,947.0,-1.654307320427248,-1.654307320427248,0
cobyla,sea,947,948.0,-1.654307320427248,-1.654307320427248,0
cobyla,sea,948,949.0,-1.654307320427248,-1.654307320427248,0
cobyla,sea,949,950.0,-1.654307320427248,-1.654307320427248,0
cobyla,sea,950,951.0,-1.654307320427248,-1.654307320427248,0
cobyla,sea,951,952.0,-1.654307320427248,-1.654307320427248,0
cobyla,sea,952,953.0,-1.654307320427248,-1.654307320427248,0
cobyla,sea,953,954.0,-1.654307320427248,-1.654307320427248,0
cobyla,sea,954,955.0,-1.654307320427248,-1.654307320427248,0
cobyla,sea,955,956.0,-1.654307320427248,-1.654307320427248,0
cobyla,sea,956,957.0,-1.654307320427248,-1.654307320427248,0
cobyla,sea,957,958.0,-1.654307320427248,-1.654307320427248,0
cobyla,sea,958,959.0,-1.654307320427248,-1.654307320427248,0
cobyla,sea,959,960.0,-1.6547385554407614,-1.6547385554407614,0
cobyla,sea,960,961.0,-1.6547385554407614,-1.6547385554407614,0
cobyla,sea,961,962.0,-1.6547385554407614,-1.6547385554407614,0
cobyla,sea,962,963.0,-1.6547385554407614,-1.6547385554407614,0
cobyla,sea,963,964.0,-1.6548442750534367,-1.6548442750534367,0
cobyla,sea,964,965.0,-1.6554911763140114,-1.6554911763140114,0
cobyla,sea,965,966.0,-1.6554911763140114,-1.6554911763140114,0
cobyla,sea,966,967.0,-1.6554911763140114,-1.6554911763140114,0
cobyla,sea,967,968.0,-1.6565771002027243,-1.6565771002027243,0
cobyla,sea,968,969.0,-1.6565771002027243,-1.6565771002027243,0
cobyla,sea,969,970.0,-1.6565771002027243,-1.6565771002027243,0
cobyla,sea,970,971.0,-1.6565771002027243,-1.6565771002027243,0
cobyla,sea,971,972.0,-1.6565771002027243,-1.6565771002027243,0
cobyla,sea,972,973.0,-1.6565771002027243,-1.6565771002027243,0
cobyla,sea,973,974.0,-1.6565771002027243,-1.6565771002027243,0
cobyla,sea,974,975.0,-1.6565771002027243,-1.6565771002027243,0
cobyla,sea,975,976.0,-1.6565771002027243,-1.6565771002027243,0
cobyla,sea,976,977.0,-1.6565771002027243,-1.6565771002027243,0
cobyla,sea,977,978.0,-1.6566211369285162,-1.6566211369285162,0
cobyla,sea,978,979.0,-1.6566211369285162,-1.6566211369285162,0
cobyla,sea,979,980.0,-1.656915661086271,-1.656915661086271,0
cobyla,sea,980,981.0,-1.656915661086271,-1.656915661086271,0
cobyla,sea,981,982.0,-1.656915661086271,-1.656915661086271,0
cobyla,sea,982,983.0,-1.656915661086271,-1.656915661086271,0
cobyla,sea,983,984.0,-1.656915661086271,-1.656915661086271,0
cobyla,sea,984,985.0,-1.657379114640959,-1.657379114640959,0
cobyla,sea,985,986.0,-1.657379114640959,-1.657379114640959,0
cobyla,sea,986,987.0,-1.6581836563517192,-1.6581836563517192,0
cobyla,sea,987,988.0,-1.6581836563517192,-1.6581836563517192,0
cobyla,sea,988,989.0,-1.6581836563517192,-1.6581836563517192,0
cobyla,sea,989,990.0,-1.6581836563517192,-1.6581836563517192,0
cobyla,sea,990,991.0,-1.6581836563517192,-1.6581836563517192,0
cobyla,sea,991,992.0,-1.6591141331639576,-1.6591141331639576,0
cobyla,sea,992,993.0,-1.6591141331639576,-1.6591141331639576,0
cobyla,sea,993,994.0,-1.6591141331639576,-1.6591141331639576,0
cobyla,sea,994,995.0,-1.6613298075656848,-1.6613298075656848,0
cobyla,sea,995,996.0,-1.6619644343489999,-1.6619644343489999,0
cobyla,sea,996,997.0,-1.6619644343489999,-1.6619644343489999,0
cobyla,sea,997,998.0,-1.6619644343489999,-1.6619644343489999,0
cobyla,sea,998,999.0,-1.6619644343489999,-1.6619644343489999,0
cobyla,sea,999,1000.0,-1.6619644343489999,-1.6619644343489999,0
cobyla,pretrained,0,,2.704794492469404,,0
cobyla,pretrained,1,,2.6848463295648957,,0
cobyla,pretrained,2,,2.6848463295648957,,0
cobyla,pretrained,3,,2.6848463295648957,,0
cobyla,pretrained,4,,2.677758208029329,,0
cobyla,pretrained,5,,2.677758208029329,,0
cobyla,pretrained,6,,2.6432567377732394,,0
cobyla,pretrained,7,,2.6432567377732394,,0
cobyla,pretrained,8,,2.6420264925335633,,0
cobyla,pretrained,9,,2.6420264925335633,,0
cobyla,pretrained,10,,2.6420264925335633,,0
cobyla,pretrained,11,,2.6336986209499194,,0
cobyla,pretrained,12,,2.6336986209499194,,0
cobyla,pretrained,13,,2.6192134936793017,,0
cobyla,pretrained,14,,2.549427176803506,,0
cobyla,pretrained,15,,2.549427176803506,,0
cobyla,pretrained,16,,2.549427176803506,,0
cobyla,pretrained,17,,2.549427176803506,,0
cobyla,pretrained,18,,2.549427176803506,,0
cobyla,pretrained,19,,2.549427176803506,,0
cobyla,pretrained,20,,2.5090737361504063,,0
cobyla,pretrained,21,,2.5090737361504063,,0
cobyla,pretrained,22,,2.5090737361504063,,0
cobyla,pretrained,23,,2.5090737361504063,,0
cobyla,pretrained,24,,2.4453225302587893,,0
cobyla,pretrained,25,,2.3642424450217083,,0
cobyla,pretrained,26,,2.3642424450217083,,0
cobyla,pretrained,27,,2.225646724693768,,0
cobyla,pretrained,28,,2.225646724693768,,0
cobyla,pretrained,29,,2.225646724693768,,0
cobyla,pretrained,30,,2.1568650609775344,,0
cobyla,pretrained,31,,2.1568650609775344,,0
cobyla,pretrained,32,,2.1568650609775344,,0
cobyla,pretrained,33,,2.1568650609775344,,0
cobyla,pretrained,34,,2.1568650609775344,,0
cobyla,pretrained,35,,2.1568650609775344,,0
cobyla,pretrained,36,,2.1568650609775344,,0
cobyla,pretrained,37,,2.1568650609775344,,0
cobyla,pretrained,38,,2.1568650609775344,,0
cobyla,pretrained,39,,2.1568650609775344,,0
cobyla,pretrained,40,,2.1568650609775344,,0
cobyla,pretrained,41,,2.126519435717512,,0
cobyla,pretrained,42,,2.126519435717512,,0
cobyla,pretrained,43,,2.126519435717512,,0
cobyla,pretrained,44,,2.069913681323092,,0
cobyla,pretrained,45,,2.069913681323092,,0
cobyla,pretrained,46,,2.069913681323092,,0
cobyla,pretrained,47,,2.069913681323092,,0
cobyla,pretrained,48,,2.069913681323092,,0
cobyla,pretrained,49,,2.069913681323092,,0
cobyla,pretrained,50,,2.069913681323092,,0
cobyla,pretrained,51,,2.069913681323092,,0
cobyla,pretrained,52,,2.069913681323092,,0
cobyla,pretrained,53,,2.0185945357659474,,0
cobyla,pretrained,54,,2.0185945357659474,,0
cobyla,pretrained,55,,1.9639090891122595,,0
cobyla,pretrained,56,,1.9639090891122595,,0
cobyla,pretrained,57,,1.9639090891122595,,0
cobyla,pretrained,58,,1.9639090891122595,,0
cobyla,pretrained,59,,1.9216868392017394,,0
cobyla,pretrained,60,,1.9118082492049,,0
cobyla,pretrained,61,,1.9118082492049,,0
cobyla,pretrained,62,,1.9118082492049,,0
cobyla,pretrained,63,,1.9118082492049,,0
cobyla,pretrained,64,,1.9118082492049,,0
cobyla,pretrained,65,,1.9118082492049,,0
cobyla,pretrained,66,,1.8983366411530656,,0
cobyla,pretrained,67,,1.8983366411530656,,0
cobyla,pretrained,68,,1.8983366411530656,,0
cobyla,pretrained,69,,1.8983366411530656,,0
cobyla,pretrained,70,,1.8602640935489478,,0
cobyla,pretrained,71,,1.8485145148896844,,0
cobyla,pretrained,72,,1.8485145148896844,,0
cobyla,pretrained,73,,1.8485145148896844,,0
cobyla,pretrained,74,,1.8485145148896844,,0
cobyla,pretrained,75,,1.624028092412077,,0
cobyla,pretrained,76,,1.624028092412077,,0
cobyla,pretrained,77,,1.621637563678072,,0
cobyla,pretrained,78,,1.5479785902094974,,0
cobyla,pretrained,79,,1.5479785902094974,,0
cobyla,pretrained,80,,1.5479785902094974,,0
cobyla,pretrained,81,,1.5479785902094974,,0
cobyla,pretrained,82,,1.5479785902094974,,0
cobyla,pretrained,83,,1.5479785902094974,,0
cobyla,pretrained,84,,1.5479785902094974,,0
cobyla,pretrained,85,,1.5479785902094974,,0
cobyla,pretrained,86,,1.5479785902094974,,0
cobyla,pretrained,87,,1.5479785902094974,,0
cobyla,pretrained,88,,1.4818231678685445,,0
cobyla,pretrained,89,,1.4818231678685445,,0
cobyla,pretrained,90,,1.4818231678685445,,0
cobyla,pretrained,91,,1.4818231678685445,,0
cobyla,pretrained,92,,1.4818231678685445,,0
cobyla,pretrained,93,,1.4818231678685445,,0
cobyla,pretrained,94,,1.4756947597168906,,0
cobyla,pretrained,95,,1.4756947597168906,,0
cobyla,pretrained,96,,1.421738791443692,,0
cobyla,pretrained,97,,1.421738791443692,,0
cobyla,pretrained,98,,1.403004444335106,,0
cobyla,pretrained,99,,1.403004444335106,,0
cobyla,pretrained,100,,1.403004444335106,,0
cobyla,pretrained,101,,1.403004444335106,,0
cobyla,pretrained,102,,1.403004444335106,,0
cobyla,pretrained,103,,1.403004444335106,,0
cobyla,pretrained,104,,1.403004444335106,,0
cobyla,pretrained,105,,1.403004444335106,,0
cobyla,pretrained,106,,1.403004444335106,,0
cobyla,pretrained,107,,1.403004444335106,,0
cobyla,pretrained,108,,1.403004444335106,,0
cobyla,pretrained,109,,1.403004444335106,,0
cobyla,pretrained,110,,1.4004023099943845,,0
cobyla,pretrained,111,,1.4004023099943845,,0
cobyla,pretrained,112,,1.4004023099943845,,0
cobyla,pretrained,113,,1.3187901030293008,,0
cobyla,pretrained,114,,1.3187901030293008,,0
cobyla,pretrained,115,,1.3187901030293008,,0
cobyla,pretrained,116,,1.3187901030293008,,0
cobyla,pretrained,117,,1.3187901030293008,,0
cobyla,pretrained,118,,1.3035580589883826,,0
cobyla,pretrained,119,,1.3035580589883826,,0
cobyla,pretrained,120,,1.3035580589883826,,0
cobyla,pretrained,121,,1.3035580589883826,,0
cobyla,pretrained,122,,1.2875502456207437,,0
cobyla,pretrained,123,,1.2875502456207437,,0
cobyla,pretrained,124,,1.2755368978534296,,0
cobyla,pretrained,125,,1.2755368978534296,,0
cobyla,pretrained,126,,1.2755368978534296,,0
cobyla,pretrained,127,,1.2755368978534296,,0
cobyla,pretrained,128,,1.2737366436757693,,0
cobyla,pretrained,129,,1.257472884917875,,0
cobyla,pretrained,130,1.0,2.652221468616965,2.652221468616965,1
cobyla,pretrained,131,2.0,2.652221468616965,2.652221468616965,0
cobyla,pretrained,132,3.0,2.652221468616965,2.652221468616965,0
cobyla,pretrained,133,4.0,2.652221468616965,2.652221468616965,0
cobyla,pretrained,134,5.0,2.652221468616965,2.652221468616965,0
cobyla,pretrained,135,6.0,2.6235200028112384,2.6235200028112384,0
cobyla,pretrained,136,7.0,2.6235200028112384,2.6235200028112384,0
cobyla,pretrained,137,8.0,2.6235200028112384,2.6235200028112384,0
cobyla,pretrained,138,9.0,2.581234149194579,2.581234149194579,0
cobyla,pretrained,139,10.0,2.581234149194579,2.581234149194579,0
cobyla,pretrained,140,11.0,2.581234149194579,2.581234149194579,0
cobyla,pretrained,141,12.0,2.581234149194579,2.581234149194579,0
cobyla,pretrained,142,13.0,2.581234149194579,2.581234149194579,0
cobyla,pretrained,143,14.0,2.499452377467133,2.499452377467133,0
cobyla,pretrained,144,15.0,2.4945225658496732,2.4945225658496732,0
cobyla,pretrained,145,16.0,2.4945225658496732,2.4945225658496732,0
cobyla,pretrained,146,17.0,2.4945225658496732,2.4945225658496732,0
cobyla,pretrained,147,18.0,2.433029298766577,2.433029298766577,0
cobyla,pretrained,148,19.0,2.433029298766577,2.433029298766577,0
cobyla,pretrained,149,20.0,2.433029298766577,2.433029298766577,0
cobyla,pretrained,150,21.0,2.433029298766577,2.433029298766577,0
cobyla,pretrained,151,22.0,2.355734892832397,2.355734892832397,0
cobyla,pretrained,152,23.0,2.355734892832397,2.355734892832397,0
cobyla,pretrained,153,24.0,2.355734892832397,2.355734892832397,0
cobyla,pretrained,154,25.0,2.355734892832397,2.355734892832397,0
cobyla,pretrained,155,26.0,2.355734892832397,2.355734892832397,0
cobyla,pretrained,156,27.0,2.355734892832397,2.355734892832397,0
cobyla,pretrained,157,28.0,2.355734892832397,2.355734892832397,0
cobyla,pretrained,158,29.0,2.355734892832397,2.355734892832397,0
cobyla,pretrained,159,30.0,2.355734892832397,2.355734892832397,0
cobyla,pretrained,160,31.0,2.355734892832397,2.355734892832397,0
cobyla,pretrained,161,32.0,2.331771424497989,2.331771424497989,0
cobyla,pretrained,162,33.0,2.331771424497989,2.331771424497989,0
cobyla,pretrained,163,34.0,2.331771424497989,2.331771424497989,0
cobyla,pretrained,164,35.0,2.331771424497989,2.331771424497989,0
cobyla,pretrained,165,36.0,2.331771424497989,2.331771424497989,0
cobyla,pretrained,166,37.0,2.331771424497989,2.331771424497989,0
cobyla,pretrained,167,38.0,2.331771424497989,2.331771424497989,0
cobyla,pretrained,168,39.0,2.331771424497989,2.331771424497989,0
cobyla,pretrained,169,40.0,2.331771424497989,2.331771424497989,0
cobyla,pretrained,170,41.0,2.3225875868402692,2.3225875868402692,0
cobyla,pretrained,171,42.0,2.3225875868402692,2.3225875868402692,0
cobyla,pretrained,172,43.0,2.3225875868402692,2.3225875868402692,0
cobyla,pretrained,173,44.0,2.3225875868402692,2.3225875868402692,0
cobyla,pretrained,174,45.0,2.2857194510201273,2.2857194510201273,0
cobyla,pretrained,175,46.0,2.2857194510201273,2.2857194510201273,0
cobyla,pretrained,176,47.0,2.2553875051430685,2.2553875051430685,0
cobyla,pretrained,177,48.0,2.2553875051430685,2.2553875051430685,0
cobyla,pretrained,178,49.0,2.2553875051430685,2.2553875051430685,0
cobyla,pretrained,179,50.0,2.2179489796055285,2.2179489796055285,0
cobyla,pretrained,180,51.0,2.2179489796055285,2.2179489796055285,0
cobyla,pretrained,181,52.0,2.2179489796055285,2.2179489796055285,0
cobyla,pretrained,182,53.0,2.2003346421330887,2.2003346421330887,0
cobyla,pretrained,183,54.0,2.2003346421330887,2.2003346421330887,0
cobyla,pretrained,184,55.0,2.167964426247275,2.167964426247275,0
cobyla,pretrained,185,56.0,2.167964426247275,2.167964426247275,0
cobyla,pretrained,186,57.0,2.167964426247275,2.167964426247275,0
cobyla,pretrained,187,58.0,2.167964426247275,2.167964426247275,0
cobyla,pretrained,188,59.0,2.154647329880805,2.154647329880805,0
cobyla,pretrained,189,60.0,2.154647329880805,2.154647329880805,0
cobyla,pretrained,190,61.0,2.133655847420719,2.133655847420719,0
cobyla,pretrained,191,62.0,2.133655847420719,2.133655847420719,0
cobyla,pretrained,192,63.0,2.133655847420719,2.133655847420719,0
cobyla,pretrained,193,64.0,2.0386974051929063,2.0386974051929063,0
cobyla,pretrained,194,65.0,2.0386974051929063,2.0386974051929063,0
cobyla,pretrained,195,66.0,1.9974046500576388,1.9974046500576388,0
cobyla,pretrained,196,67.0,1.9973990472488024,1.9973990472488024,0
cobyla,pretrained,197,68.0,1.9973990472488024,1.9973990472488024,0
cobyla,pretrained,198,69.0,1.9973990472488024,1.9973990472488024,0
cobyla,pretrained,199,70.0,1.9925032428302312,1.9925032428302312,0
cobyla,pretrained,200,71.0,1.9909843570500274,1.9909843570500274,0
cobyla,pretrained,201,72.0,1.9909843570500274,1.9909843570500274,0
cobyla,pretrained,202,73.0,1.9792609568287116,1.9792609568287116,0
cobyla,pretrained,203,74.0,1.9792609568287116,1.9792609568287116,0
cobyla,pretrained,204,75.0,1.9792609568287116,1.9792609568287116,0
cobyla,pretrained,205,76.0,1.9539506088536565,1.9539506088536565,0
cobyla,pretrained,206,77.0,1.9539506088536565,1.9539506088536565,0
cobyla,pretrained,207,78.0,1.9539506088536565,1.9539506088536565,0
cobyla,pretrained,208,79.0,1.9539506088536565,1.9539506088536565,0
cobyla,pretrained,209,80.0,1.9539506088536565,1.9539506088536565,0
cobyla,pretrained,210,81.0,1.9539506088536565,1.9539506088536565,0
cobyla,pretrained,211,82.0,1.6512756134660205,1.6512756134660205,0
cobyla,pretrained,212,83.0,1.6512756134660205,1.6512756134660205,0
cobyla,pretrained,213,84.0,1.6512756134660205,1.6512756134660205,0
cobyla,pretrained,214,85.0,1.6512756134660205,1.6512756134660205,0
cobyla,pretrained,215,86.0,1.6512756134660205,1.6512756134660205,0
cobyla,pretrained,216,87.0,1.6512756134660205,1.6512756134660205,0
cobyla,pretrained,217,88.0,1.6512756134660205,1.6512756134660205,0
cobyla,pretrained,218,89.0,1.6512756134660205,1.6512756134660205,0
cobyla,pretrained,219,90.0,1.6280129912346584,1.6280129912346584,0
cobyla,pretrained,220,91.0,1.6280129912346584,1.6280129912346584,0
cobyla,pretrained,221,92.0,1.6280129912346584,1.6280129912346584,0
cobyla,pretrained,222,93.0,1.6280129912346584,1.6280129912346584,0
cobyla,pretrained,223,94.0,1.6280129912346584,1.6280129912346584,0
cobyla,pretrained,224,95.0,1.6280129912346584,1.6280129912346584,0
cobyla,pretrained,225,96.0,1.6280129912346584,1.6280129912346584,0
cobyla,pretrained,226,97.0,1.6280129912346584,1.6280129912346584,0
cobyla,pretrained,227,98.0,1.6280129912346584,1.6280129912346584,0
cobyla,pretrained,228,99.0,1.6280129912346584,1.6280129912346584,0
cobyla,pretrained,229,100.0,1.6280129912346584,1.6280129912346584,0
cobyla,pretrained,230,101.0,1.6280129912346584,1.6280129912346584,0
cobyla,pretrained,231,102.0,1.6202992667699823,1.6202992667699823,0
cobyla,pretrained,232,103.0,1.6202992667699823,1.6202992667699823,0
cobyla,pretrained,233,104.0,1.6076869309831479,1.6076869309831479,0
cobyla,pretrained,234,105.0,1.6076869309831479,1.6076869309831479,0
cobyla,pretrained,235,106.0,1.6076869309831479,1.6076869309831479,0
cobyla,pretrained,236,107.0,1.6076869309831479,1.6076869309831479,0
cobyla,pretrained,237,108.0,1.6076869309831479,1.6076869309831479,0
cobyla,pretrained,238,109.0,1.5297179479619378,1.5297179479619378,0
cobyla,pretrained,239,110.0,1.5297179479619378,1.5297179479619378,0
cobyla,pretrained,240,111.0,1.5297179479619378,1.5297179479619378,0
cobyla,pretrained,241,112.0,1.5297179479619378,1.5297179479619378,0
cobyla,pretrained,242,113.0,1.5297179479619378,1.5297179479619378,0
cobyla,pretrained,243,114.0,1.5297179479619378,1.5297179479619378,0
cobyla,pretrained,244,115.0,1.5297179479619378,1.5297179479619378,0
cobyla,pretrained,245,116.0,1.5297179479619378,1.5297179479619378,0
cobyla,pretrained,246,117.0,1.5297179479619378,1.5297179479619378,0
cobyla,pretrained,247,118.0,1.4632071229754513,1.4632071229754513,0
cobyla,pretrained,248,119.0,1.4632071229754513,1.4632071229754513,0
cobyla,pretrained,249,120.0,1.4632071229754513,1.4632071229754513,0
cobyla,pretrained,250,121.0,1.4632071229754513,1.4632071229754513,0
cobyla,pretrained,251,122.0,1.4632071229754513,1.4632071229754513,0
cobyla,pretrained,252,123.0,1.4632071229754513,1.4632071229754513,0
cobyla,pretrained,253,124.0,1.4533978111233579,1.4533978111233579,0
cobyla,pretrained,254,125.0,1.4533978111233579,1.4533978111233579,0
cobyla,pretrained,255,126.0,1.4533978111233579,1.4533978111233579,0
cobyla,pretrained,256,127.0,1.4533978111233579,1.4533978111233579,0
cobyla,pretrained,257,128.0,1.4533978111233579,1.4533978111233579,0
cobyla,pretrained,258,129.0,1.4533978111233579,1.4533978111233579,0
cobyla,pretrained,259,130.0,1.4361709536675031,1.4361709536675031,0
cobyla,pretrained,260,131.0,1.4361709536675031,1.4361709536675031,0
cobyla,pretrained,261,132.0,1.4361709536675031,1.4361709536675031,0
cobyla,pretrained,262,133.0,1.4361709536675031,1.4361709536675031,0
cobyla,pretrained,263,134.0,1.4271247414059318,1.4271247414059318,0
cobyla,pretrained,264,135.0,1.4271247414059318,1.4271247414059318,0
cobyla,pretrained,265,136.0,1.4048468019761802,1.4048468019761802,0
cobyla,pretrained,266,137.0,1.3838808202852602,1.3838808202852602,0
cobyla,pretrained,267,138.0,1.3838808202852602,1.3838808202852602,0
cobyla,pretrained,268,139.0,1.1690156965888248,1.1690156965888248,0
cobyla,pretrained,269,140.0,1.1690156965888248,1.1690156965888248,0
cobyla,pretrained,270,141.0,1.1690156965888248,1.1690156965888248,0
cobyla,pretrained,271,142.0,1.1690156965888248,1.1690156965888248,0
cobyla,pretrained,272,143.0,1.1690156965888248,1.1690156965888248,0
cobyla,pretrained,273,144.0,1.1446623264327456,1.1446623264327456,0
cobyla,pretrained,274,145.0,1.1446623264327456,1.1446623264327456,0
cobyla,pretrained,275,146.0,1.1446623264327456,1.1446623264327456,0
cobyla,pretrained,276,147.0,1.1446623264327456,1.1446623264327456,0
cobyla,pretrained,277,148.0,1.1425142328606275,1.1425142328606275,0
cobyla,pretrained,278,149.0,1.1425142328606275,1.1425142328606275,0
cobyla,pretrained,279,150.0,1.1406336431870188,1.1406336431870188,0
cobyla,pretrained,280,151.0,1.1387803524587592,1.1387803524587592,0
cobyla,pretrained,281,152.0,1.1184027764893154,1.1184027764893154,0
cobyla,pretrained,282,153.0,1.1184027764893154,1.1184027764893154,0
cobyla,pretrained,283,154.0,1.1184027764893154,1.1184027764893154,0
cobyla,pretrained,284,155.0,1.1095419225052368,1.1095419225052368,0
cobyla,pretrained,285,156.0,1.1095419225052368,1.1095419225052368,0
cobyla,pretrained,286,157.0,1.1095419225052368,1.1095419225052368,0
cobyla,pretrained,287,158.0,1.1095419225052368,1.1095419225052368,0
cobyla,pretrained,288,159.0,1.0941587821953187,1.0941587821953187,0
cobyla,pretrained,289,160.0,1.0878599513096334,1.0878599513096334,0
cobyla,pretrained,290,161.0,1.0878599513096334,1.0878599513096334,0
cobyla,pretrained,291,162.0,1.0811550247410842,1.0811550247410842,0
cobyla,pretrained,292,163.0,1.0811550247410842,1.0811550247410842,0
cobyla,pretrained,293,164.0,1.0272120718785611,1.0272120718785611,0
cobyla,pretrained,294,165.0,1.0272120718785611,1.0272120718785611,0
cobyla,pretrained,295,166.0,1.0272120718785611,1.0272120718785611,0
cobyla,pretrained,296,167.0,1.0272120718785611,1.0272120718785611,0
cobyla,pretrained,297,168.0,1.0272120718785611,1.0272120718785611,0
cobyla,pretrained,298,169.0,1.0272120718785611,1.0272120718785611,0
cobyla,pretrained,299,170.0,0.9885447610080156,0.9885447610080156,0
cobyla,pretrained,300,171.0,0.9885447610080156,0.9885447610080156,0
cobyla,pretrained,301,172.0,0.9885447610080156,0.9885447610080156,0
cobyla,pretrained,302,173.0,0.9885447610080156,0.9885447610080156,0
cobyla,pretrained,303,174.0,0.9885447610080156,0.9885447610080156,0
cobyla,pretrained,304,175.0,0.9885447610080156,0.9885447610080156,0
cobyla,pretrained,305,176.0,0.9885447610080156,0.9885447610080156,0
cobyla,pretrained,306,177.0,0.9885447610080156,0.9885447610080156,0
cobyla,pretrained,307,178.0,0.9885447610080156,0.9885447610080156,0
cobyla,pretrained,308,179.0,0.9885447610080156,0.9885447610080156,0
cobyla,pretrained,309,180.0,0.977688551015108,0.977688551015108,0
cobyla,pretrained,310,181.0,0.977688551015108,0.977688551015108,0
cobyla,pretrained,311,182.0,0.977688551015108,0.977688551015108,0
cobyla,pretrained,312,183.0,0.977688551015108,0.977688551015108,0
cobyla,pretrained,313,184.0,0.977688551015108,0.977688551015108,0
cobyla,pretrained,314,185.0,0.977688551015108,0.977688551015108,0
cobyla,pretrained,315,186.0,0.977688551015108,0.977688551015108,0
cobyla,pretrained,316,187.0,0.977688551015108,0.977688551015108,0
cobyla,pretrained,317,188.0,0.977688551015108,0.977688551015108,0
cobyla,pretrained,318,189.0,0.977688551015108,0.977688551015108,0
cobyla,pretrained,319,190.0,0.977688551015108,0.977688551015108,0
cobyla,pretrained,320,191.0,0.977688551015108,0.977688551015108,0
cobyla,pretrained,321,192.0,0.9429460582552937,0.9429460582552937,0
cobyla,pretrained,322,193.0,0.9429460582552937,0.9429460582552937,0
cobyla,pretrained,323,194.0,0.9429460582552937,0.9429460582552937,0
cobyla,pretrained,324,195.0,0.9429460582552937,0.9429460582552937,0
cobyla,pretrained,325,196.0,0.7492944572449138,0.7492944572449138,0
cobyla,pretrained,326,197.0,0.7492944572449138,0.7492944572449138,0
cobyla,pretrained,327,198.0,0.7492944572449138,0.7492944572449138,0
cobyla,pretrained,328,199.0,0.7024472370330419,0.7024472370330419,0
cobyla,pretrained,329,200.0,0.7024472370330419,0.7024472370330419,0
cobyla,pretrained,330,201.0,0.7024472370330419,0.7024472370330419,0
cobyla,pretrained,331,202.0,0.7024472370330419,0.7024472370330419,0
cobyla,pretrained,332,203.0,0.7024472370330419,0.7024472370330419,0
cobyla,pretrained,333,204.0,0.7024472370330419,0.7024472370330419,0
cobyla,pretrained,334,205.0,0.7024472370330419,0.7024472370330419,0
cobyla,pretrained,335,206.0,0.7024472370330419,0.7024472370330419,0
cobyla,pretrained,336,207.0,0.7024472370330419,0.7024472370330419,0
cobyla,pretrained,337,208.0,0.7024472370330419,0.7024472370330419,0
cobyla,pretrained,338,209.0,0.7024472370330419,0.7024472370330419,0
cobyla,pretrained,339,210.0,0.7024472370330419,0.7024472370330419,0
cobyla,pretrained,340,211.0,0.7024472370330419,0.7024472370330419,0
cobyla,pretrained,341,212.0,0.7024472370330419,0.7024472370330419,0
cobyla,pretrained,342,213.0,0.7024472370330419,0.7024472370330419,0
cobyla,pretrained,343,214.0,0.7024472370330419,0.7024472370330419,0
cobyla,pretrained,344,215.0,0.7024472370330419,0.7024472370330419,0
cobyla,pretrained,345,216.0,0.7024472370330419,0.7024472370330419,0
cobyla,pretrained,346,217.0,0.7024472370330419,0.7024472370330419,0
cobyla,pretrained,347,218.0,0.7024472370330419,0.7024472370330419,0
cobyla,pretrained,348,219.0,0.7024472370330419,0.7024472370330419,0
cobyla,pretrained,349,220.0,0.7024472370330419,0.7024472370330419,0
cobyla,pretrained,350,221.0,0.7024472370330419,0.7024472370330419,0
cobyla,pretrained,351,222.0,0.7024472370330419,0.7024472370330419,0
cobyla,pretrained,352,223.0,0.7024472370330419,0.7024472370330419,0
cobyla,pretrained,353,224.0,0.7024472370330419,0.7024472370330419,0
cobyla,pretrained,354,225.0,0.7024472370330419,0.7024472370330419,0
cobyla,pretrained,355,226.0,0.7024472370330419,0.7024472370330419,0
cobyla,pretrained,356,227.0,0.7024472370330419,0.7024472370330419,0
cobyla,pretrained,357,228.0,0.6863505916044409,0.6863505916044409,0
cobyla,pretrained,358,229.0,0.6863505916044409,0.6863505916044409,0
cobyla,pretrained,359,230.0,0.6863505916044409,0.6863505916044409,0
cobyla,pretrained,360,231.0,0.6863505916044409,0.6863505916044409,0
cobyla,pretrained,361,232.0,0.6694327842111518,0.6694327842111518,0
cobyla,pretrained,362,233.0,0.6694327842111518,0.6694327842111518,0
cobyla,pretrained,363,234.0,0.6694327842111518,0.6694327842111518,0
cobyla,pretrained,364,235.0,0.658879759302355,0.658879759302355,0
cobyla,pretrained,365,236.0,0.6475594350287233,0.6475594350287233,0
cobyla,pretrained,366,237.0,0.6437916457450648,0.6437916457450648,0
cobyla,pretrained,367,238.0,0.6437916457450648,0.6437916457450648,0
cobyla,pretrained,368,239.0,0.6437916457450648,0.6437916457450648,0
cobyla,pretrained,369,240.0,0.6437916457450648,0.6437916457450648,0
cobyla,pretrained,370,241.0,0.6437916457450648,0.6437916457450648,0
cobyla,pretrained,371,242.0,0.6437916457450648,0.6437916457450648,0
cobyla,pretrained,372,243.0,0.6437916457450648,0.6437916457450648,0
cobyla,pretrained,373,244.0,0.5896890909923286,0.5896890909923286,0
cobyla,pretrained,374,245.0,0.5896890909923286,0.5896890909923286,0
cobyla,pretrained,375,246.0,0.5896890909923286,0.5896890909923286,0
cobyla,pretrained,376,247.0,0.5896890909923286,0.5896890909923286,0
cobyla,pretrained,377,248.0,0.5896890909923286,0.5896890909923286,0
cobyla,pretrained,378,249.0,0.5896890909923286,0.5896890909923286,0
cobyla,pretrained,379,250.0,0.5805428093231466,0.5805428093231466,0
cobyla,pretrained,380,251.0,0.5805428093231466,0.5805428093231466,0
cobyla,pretrained,381,252.0,0.5805428093231466,0.5805428093231466,0
cobyla,pretrained,382,253.0,0.5805428093231466,0.5805428093231466,0
cobyla,pretrained,383,254.0,0.5805428093231466,0.5805428093231466,0
cobyla,pretrained,384,255.0,0.5805428093231466,0.5805428093231466,0
cobyla,pretrained,385,256.0,0.5805428093231466,0.5805428093231466,0
cobyla,pretrained,386,257.0,0.5805428093231466,0.5805428093231466,0
cobyla,pretrained,387,258.0,0.5805428093231466,0.5805428093231466,0
cobyla,pretrained,388,259.0,0.5805428093231466,0.5805428093231466,0
cobyla,pretrained,389,260.0,0.5805428093231466,0.5805428093231466,0
cobyla,pretrained,390,261.0,0.5805428093231466,0.5805428093231466,0
cobyla,pretrained,391,262.0,0.5805428093231466,0.5805428093231466,0
cobyla,pretrained,392,263.0,0.5805428093231466,0.5805428093231466,0
cobyla,pretrained,393,264.0,0.5061611515135707,0.5061611515135707,0
cobyla,pretrained,394,265.0,0.5061611515135707,0.5061611515135707,0
cobyla,pretrained,395,266.0,0.5061611515135707,0.5061611515135707,0
cobyla,pretrained,396,267.0,0.5061611515135707,0.5061611515135707,0
cobyla,pretrained,397,268.0,0.5061611515135707,0.5061611515135707,0
cobyla,pretrained,398,269.0,0.5061611515135707,0.5061611515135707,0
cobyla,pretrained,399,270.0,0.5061611515135707,0.5061611515135707,0
cobyla,pretrained,400,271.0,0.5061611515135707,0.5061611515135707,0
cobyla,pretrained,401,272.0,0.502055529759257,0.502055529759257,0
cobyla,pretrained,402,273.0,0.502055529759257,0.502055529759257,0
cobyla,pretrained,403,274.0,0.502055529759257,0.502055529759257,0
cobyla,pretrained,404,275.0,0.502055529759257,0.502055529759257,0
cobyla,pretrained,405,276.0,0.502055529759257,0.502055529759257,0
cobyla,pretrained,406,277.0,0.502055529759257,0.502055529759257,0
cobyla,pretrained,407,278.0,0.502055529759257,0.502055529759257,0
cobyla,pretrained,408,279.0,0.502055529759257,0.502055529759257,0
cobyla,pretrained,409,280.0,0.502055529759257,0.502055529759257,0
cobyla,pretrained,410,281.0,0.502055529759257,0.502055529759257,0
cobyla,pretrained,411,282.0,0.502055529759257,0.502055529759257,0
cobyla,pretrained,412,283.0,0.502055529759257,0.502055529759257,0
cobyla,pretrained,413,284.0,0.502055529759257,0.502055529759257,0
cobyla,pretrained,414,285.0,0.502055529759257,0.502055529759257,0
cobyla,pretrained,415,286.0,0.502055529759257,0.502055529759257,0
cobyla,pretrained,416,287.0,0.502055529759257,0.502055529759257,0
cobyla,pretrained,417,288.0,0.502055529759257,0.502055529759257,0
cobyla,pretrained,418,289.0,0.502055529759257,0.502055529759257,0
cobyla,pretrained,419,290.0,0.502055529759257,0.502055529759257,0
cobyla,pretrained,420,291.0,0.502055529759257,0.502055529759257,0
cobyla,pretrained,421,292.0,0.502055529759257,0.502055529759257,0
cobyla,pretrained,422,293.0,0.502055529759257,0.502055529759257,0
cobyla,pretrained,423,294.0,0.502055529759257,0.502055529759257,0
cobyla,pretrained,424,295.0,0.502055529759257,0.502055529759257,0
cobyla,pretrained,425,296.0,0.502055529759257,0.502055529759257,0
cobyla,pretrained,426,297.0,0.502055529759257,0.502055529759257,0
cobyla,pretrained,427,298.0,0.502055529759257,0.502055529759257,0
cobyla,pretrained,428,299.0,0.502055529759257,0.502055529759257,0
cobyla,pretrained,429,300.0,0.502055529759257,0.502055529759257,0
cobyla,pretrained,430,301.0,0.502055529759257,0.502055529759257,0
cobyla,pretrained,431,302.0,0.502055529759257,0.502055529759257,0
cobyla,pretrained,432,303.0,0.502055529759257,0.502055529759257,0
cobyla,pretrained,433,304.0,0.502055529759257,0.502055529759257,0
cobyla,pretrained,434,305.0,0.502055529759257,0.502055529759257,0
cobyla,pretrained,435,306.0,0.502055529759257,0.502055529759257,0
cobyla,pretrained,436,307.0,0.502055529759257,0.502055529759257,0
cobyla,pretrained,437,308.0,0.502055529759257,0.502055529759257,0
cobyla,pretrained,438,309.0,0.502055529759257,0.502055529759257,0
cobyla,pretrained,439,310.0,0.502055529759257,0.502055529759257,0
cobyla,pretrained,440,311.0,0.502055529759257,0.502055529759257,0
cobyla,pretrained,441,312.0,0.502055529759257,0.502055529759257,0
cobyla,pretrained,442,313.0,0.502055529759257,0.502055529759257,0
cobyla,pretrained,443,314.0,0.502055529759257,0.502055529759257,0
cobyla,pretrained,444,315.0,0.4979241117549087,0.4979241117549087,0
cobyla,pretrained,445,316.0,0.4972301035461433,0.4972301035461433,0
cobyla,pretrained,446,317.0,0.49119538807005936,0.49119538807005936,0
cobyla,pretrained,447,318.0,0.49119538807005936,0.49119538807005936,0
cobyla,pretrained,448,319.0,0.49119538807005936,0.49119538807005936,0
cobyla,pretrained,449,320.0,0.49119538807005936,0.49119538807005936,0
cobyla,pretrained,450,321.0,0.49119538807005936,0.49119538807005936,0
cobyla,pretrained,451,322.0,0.49119538807005936,0.49119538807005936,0
cobyla,pretrained,452,323.0,0.49119538807005936,0.49119538807005936,0
cobyla,pretrained,453,324.0,0.49119538807005936,0.49119538807005936,0
cobyla,pretrained,454,325.0,0.4903461424415093,0.4903461424415093,0
cobyla,pretrained,455,326.0,0.4903461424415093,0.4903461424415093,0
cobyla,pretrained,456,327.0,0.4903461424415093,0.4903461424415093,0
cobyla,pretrained,457,328.0,0.4903461424415093,0.4903461424415093,0
cobyla,pretrained,458,329.0,0.4903461424415093,0.4903461424415093,0
cobyla,pretrained,459,330.0,0.4903461424415093,0.4903461424415093,0
cobyla,pretrained,460,331.0,0.4903461424415093,0.4903461424415093,0
cobyla,pretrained,461,332.0,0.4903461424415093,0.4903461424415093,0
cobyla,pretrained,462,333.0,0.4903461424415093,0.4903461424415093,0
cobyla,pretrained,463,334.0,0.4903461424415093,0.4903461424415093,0
cobyla,pretrained,464,335.0,0.48108986675531346,0.48108986675531346,0
cobyla,pretrained,465,336.0,0.48108986675531346,0.48108986675531346,0
cobyla,pretrained,466,337.0,0.48108986675531346,0.48108986675531346,0
cobyla,pretrained,467,338.0,0.48108986675531346,0.48108986675531346,0
cobyla,pretrained,468,339.0,0.48108986675531346,0.48108986675531346,0
cobyla,pretrained,469,340.0,0.48108986675531346,0.48108986675531346,0
cobyla,pretrained,470,341.0,0.48108986675531346,0.48108986675531346,0
cobyla,pretrained,471,342.0,0.48108986675531346,0.48108986675531346,0
cobyla,pretrained,472,343.0,0.48108986675531346,0.48108986675531346,0
cobyla,pretrained,473,344.0,0.48108986675531346,0.48108986675531346,0
cobyla,pretrained,474,345.0,0.45086866734666753,0.45086866734666753,0
cobyla,pretrained,475,346.0,0.45086866734666753,0.45086866734666753,0
cobyla,pretrained,476,347.0,0.41560648830434643,0.41560648830434643,0
cobyla,pretrained,477,348.0,0.41560648830434643,0.41560648830434643,0
cobyla,pretrained,478,349.0,0.4056836668534078,0.4056836668534078,0
cobyla,pretrained,479,350.0,0.4056836668534078,0.4056836668534078,0
cobyla,pretrained,480,351.0,0.4056836668534078,0.4056836668534078,0
cobyla,pretrained,481,352.0,0.4056836668534078,0.4056836668534078,0
cobyla,pretrained,482,353.0,0.4056836668534078,0.4056836668534078,0
cobyla,pretrained,483,354.0,0.4056836668534078,0.4056836668534078,0
cobyla,pretrained,484,355.0,0.37649005276591013,0.37649005276591013,0
cobyla,pretrained,485,356.0,0.3668406504511321,0.3668406504511321,0
cobyla,pretrained,486,357.0,0.3587879577673244,0.3587879577673244,0
cobyla,pretrained,487,358.0,0.35667899812269754,0.35667899812269754,0
cobyla,pretrained,488,359.0,0.35667899812269754,0.35667899812269754,0
cobyla,pretrained,489,360.0,0.35667899812269754,0.35667899812269754,0
cobyla,pretrained,490,361.0,0.35667899812269754,0.35667899812269754,0
cobyla,pretrained,491,362.0,0.35667899812269754,0.35667899812269754,0
cobyla,pretrained,492,363.0,0.35667899812269754,0.35667899812269754,0
cobyla,pretrained,493,364.0,0.35667899812269754,0.35667899812269754,0
cobyla,pretrained,494,365.0,0.35667899812269754,0.35667899812269754,0
cobyla,pretrained,495,366.0,0.35667899812269754,0.35667899812269754,0
cobyla,pretrained,496,367.0,0.35667899812269754,0.35667899812269754,0
cobyla,pretrained,497,368.0,0.35667899812269754,0.35667899812269754,0
cobyla,pretrained,498,369.0,0.35667899812269754,0.35667899812269754,0
cobyla,pretrained,499,370.0,0.35667899812269754,0.35667899812269754,0
cobyla,pretrained,500,371.0,0.35667899812269754,0.35667899812269754,0
cobyla,pretrained,501,372.0,0.35667899812269754,0.35667899812269754,0
cobyla,pretrained,502,373.0,0.3444266329889519,0.3444266329889519,0
cobyla,pretrained,503,374.0,0.3444266329889519,0.3444266329889519,0
cobyla,pretrained,504,375.0,0.3356640678811466,0.3356640678811466,0
cobyla,pretrained,505,376.0,0.3356640678811466,0.3356640678811466,0
cobyla,pretrained,506,377.0,0.3356640678811466,0.3356640678811466,0
cobyla,pretrained,507,378.0,0.3356640678811466,0.3356640678811466,0
cobyla,pretrained,508,379.0,0.3356640678811466,0.3356640678811466,0
cobyla,pretrained,509,380.0,0.3356640678811466,0.3356640678811466,0
cobyla,pretrained,510,381.0,0.3199448510348572,0.3199448510348572,0
cobyla,pretrained,511,382.0,0.3199448510348572,0.3199448510348572,0
cobyla,pretrained,512,383.0,0.3199448510348572,0.3199448510348572,0
cobyla,pretrained,513,384.0,0.3199448510348572,0.3199448510348572,0
cobyla,pretrained,514,385.0,0.3199448510348572,0.3199448510348572,0
cobyla,pretrained,515,386.0,0.3199448510348572,0.3199448510348572,0
cobyla,pretrained,516,387.0,0.3199448510348572,0.3199448510348572,0
cobyla,pretrained,517,388.0,0.3199448510348572,0.3199448510348572,0
cobyla,pretrained,518,389.0,0.3199448510348572,0.3199448510348572,0
cobyla,pretrained,519,390.0,0.3199448510348572,0.3199448510348572,0
cobyla,pretrained,520,391.0,0.3199448510348572,0.3199448510348572,0
cobyla,pretrained,521,392.0,0.3199448510348572,0.3199448510348572,0
cobyla,pretrained,522,393.0,0.3199448510348572,0.3199448510348572,0
cobyla,pretrained,523,394.0,0.3199448510348572,0.3199448510348572,0
cobyla,pretrained,524,395.0,0.30245777795151146,0.30245777795151146,0
cobyla,pretrained,525,396.0,0.30245777795151146,0.30245777795151146,0
cobyla,pretrained,526,397.0,0.30245777795151146,0.30245777795151146,0
cobyla,pretrained,527,398.0,0.30245777795151146,0.30245777795151146,0
cobyla,pretrained,528,399.0,0.2848966305101456,0.2848966305101456,0
cobyla,pretrained,529,400.0,0.2848966305101456,0.2848966305101456,0
cobyla,pretrained,530,401.0,0.2848966305101456,0.2848966305101456,0
cobyla,pretrained,531,402.0,0.2848966305101456,0.2848966305101456,0
cobyla,pretrained,532,403.0,0.2848966305101456,0.2848966305101456,0
cobyla,pretrained,533,404.0,0.2848966305101456,0.2848966305101456,0
cobyla,pretrained,534,405.0,0.2848966305101456,0.2848966305101456,0
cobyla,pretrained,535,406.0,0.2848966305101456,0.2848966305101456,0
cobyla,pretrained,536,407.0,0.2848966305101456,0.2848966305101456,0
cobyla,pretrained,537,408.0,0.2848966305101456,0.2848966305101456,0
cobyla,pretrained,538,409.0,0.2848966305101456,0.2848966305101456,0
cobyla,pretrained,539,410.0,0.2848966305101456,0.2848966305101456,0
cobyla,pretrained,540,411.0,0.2848966305101456,0.2848966305101456,0
cobyla,pretrained,541,412.0,0.2848966305101456,0.2848966305101456,0
cobyla,pretrained,542,413.0,0.2848966305101456,0.2848966305101456,0
cobyla,pretrained,543,414.0,0.2848966305101456,0.2848966305101456,0
cobyla,pretrained,544,415.0,0.2848966305101456,0.2848966305101456,0
cobyla,pretrained,545,416.0,0.2848966305101456,0.2848966305101456,0
cobyla,pretrained,546,417.0,0.28422345908742447,0.28422345908742447,0
cobyla,pretrained,547,418.0,0.28422345908742447,0.28422345908742447,0
cobyla,pretrained,548,419.0,0.26022807773297285,0.26022807773297285,0
cobyla,pretrained,549,420.0,0.26022807773297285,0.26022807773297285,0
cobyla,pretrained,550,421.0,0.26022807773297285,0.26022807773297285,0
cobyla,pretrained,551,422.0,0.26022807773297285,0.26022807773297285,0
cobyla,pretrained,552,423.0,0.26022807773297285,0.26022807773297285,0
cobyla,pretrained,553,424.0,0.26022807773297285,0.26022807773297285,0
cobyla,pretrained,554,425.0,0.26022807773297285,0.26022807773297285,0
cobyla,pretrained,555,426.0,0.26022807773297285,0.26022807773297285,0
cobyla,pretrained,556,427.0,0.24018812931167924,0.24018812931167924,0
cobyla,pretrained,557,428.0,0.24018812931167924,0.24018812931167924,0
cobyla,pretrained,558,429.0,0.24018812931167924,0.24018812931167924,0
cobyla,pretrained,559,430.0,0.23680658965496162,0.23680658965496162,0
cobyla,pretrained,560,431.0,0.23680658965496162,0.23680658965496162,0
cobyla,pretrained,561,432.0,0.23680658965496162,0.23680658965496162,0
cobyla,pretrained,562,433.0,0.23680658965496162,0.23680658965496162,0
cobyla,pretrained,563,434.0,0.23680658965496162,0.23680658965496162,0
cobyla,pretrained,564,435.0,0.23680658965496162,0.23680658965496162,0
cobyla,pretrained,565,436.0,0.23680658965496162,0.23680658965496162,0
cobyla,pretrained,566,437.0,0.23680658965496162,0.23680658965496162,0
cobyla,pretrained,567,438.0,0.23680658965496162,0.23680658965496162,0
cobyla,pretrained,568,439.0,0.23680658965496162,0.23680658965496162,0
cobyla,pretrained,569,440.0,0.23680658965496162,0.23680658965496162,0
cobyla,pretrained,570,441.0,0.23680658965496162,0.23680658965496162,0
cobyla,pretrained,571,442.0,0.23680658965496162,0.23680658965496162,0
cobyla,pretrained,572,443.0,0.23680658965496162,0.23680658965496162,0
cobyla,pretrained,573,444.0,0.23680658965496162,0.23680658965496162,0
cobyla,pretrained,574,445.0,0.23680658965496162,0.23680658965496162,0
cobyla,pretrained,575,446.0,0.23680658965496162,0.23680658965496162,0
cobyla,pretrained,576,447.0,0.22683306161827488,0.22683306161827488,0
cobyla,pretrained,577,448.0,0.22509250543334913,0.22509250543334913,0
cobyla,pretrained,578,449.0,0.22509250543334913,0.22509250543334913,0
cobyla,pretrained,579,450.0,0.22509250543334913,0.22509250543334913,0
cobyla,pretrained,580,451.0,0.22509250543334913,0.22509250543334913,0
cobyla,pretrained,581,452.0,0.22509250543334913,0.22509250543334913,0
cobyla,pretrained,582,453.0,0.22509250543334913,0.22509250543334913,0
cobyla,pretrained,583,454.0,0.22509250543334913,0.22509250543334913,0
cobyla,pretrained,584,455.0,0.22509250543334913,0.22509250543334913,0
cobyla,pretrained,585,456.0,0.22509250543334913,0.22509250543334913,0
cobyla,pretrained,586,457.0,0.22509250543334913,0.22509250543334913,0
cobyla,pretrained,587,458.0,0.22509250543334913,0.22509250543334913,0
cobyla,pretrained,588,459.0,0.22509250543334913,0.22509250543334913,0
cobyla,pretrained,589,460.0,0.22509250543334913,0.22509250543334913,0
cobyla,pretrained,590,461.0,0.22509250543334913,0.22509250543334913,0
cobyla,pretrained,591,462.0,0.22131249154946656,0.22131249154946656,0
cobyla,pretrained,592,463.0,0.1854002463897337,0.1854002463897337,0
cobyla,pretrained,593,464.0,0.1854002463897337,0.1854002463897337,0
cobyla,pretrained,594,465.0,0.1854002463897337,0.1854002463897337,0
cobyla,pretrained,595,466.0,0.1854002463897337,0.1854002463897337,0
cobyla,pretrained,596,467.0,0.1854002463897337,0.1854002463897337,0
cobyla,pretrained,597,468.0,0.1854002463897337,0.1854002463897337,0
cobyla,pretrained,598,469.0,0.1854002463897337,0.1854002463897337,0
cobyla,pretrained,599,470.0,0.1854002463897337,0.1854002463897337,0
cobyla,pretrained,600,471.0,0.177438545561335,0.177438545561335,0
cobyla,pretrained,601,472.0,0.177438545561335,0.177438545561335,0
cobyla,pretrained,602,473.0,0.177438545561335,0.177438545561335,0
cobyla,pretrained,603,474.0,0.13559259320980824,0.13559259320980824,0
cobyla,pretrained,604,475.0,0.13559259320980824,0.13559259320980824,0
cobyla,pretrained,605,476.0,0.13559259320980824,0.13559259320980824,0
cobyla,pretrained,606,477.0,0.13559259320980824,0.13559259320980824,0
cobyla,pretrained,607,478.0,0.13559259320980824,0.13559259320980824,0
cobyla,pretrained,608,479.0,0.13559259320980824,0.13559259320980824,0
cobyla,pretrained,609,480.0,0.13559259320980824,0.13559259320980824,0
cobyla,pretrained,610,481.0,0.13559259320980824,0.13559259320980824,0
cobyla,pretrained,611,482.0,0.13559259320980824,0.13559259320980824,0
cobyla,pretrained,612,483.0,0.13559259320980824,0.13559259320980824,0
cobyla,pretrained,613,484.0,0.13559259320980824,0.13559259320980824,0
cobyla,pretrained,614,485.0,0.13559259320980824,0.13559259320980824,0
cobyla,pretrained,615,486.0,0.13559259320980824,0.13559259320980824,0
cobyla,pretrained,616,487.0,0.13559259320980824,0.13559259320980824,0
cobyla,pretrained,617,488.0,0.13559259320980824,0.13559259320980824,0
cobyla,pretrained,618,489.0,0.13111483237506272,0.13111483237506272,0
cobyla,pretrained,619,490.0,0.13111483237506272,0.13111483237506272,0
cobyla,pretrained,620,491.0,0.13111483237506272,0.13111483237506272,0
cobyla,pretrained,621,492.0,0.13111483237506272,0.13111483237506272,0
cobyla,pretrained,622,493.0,0.12053075886591595,0.12053075886591595,0
cobyla,pretrained,623,494.0,0.12053075886591595,0.12053075886591595,0
cobyla,pretrained,624,495.0,0.12053075886591595,0.12053075886591595,0
cobyla,pretrained,625,496.0,0.12053075886591595,0.12053075886591595,0
cobyla,pretrained,626,497.0,0.12053075886591595,0.12053075886591595,0
cobyla,pretrained,627,498.0,0.12053075886591595,0.12053075886591595,0
cobyla,pretrained,628,499.0,0.12053075886591595,0.12053075886591595,0
cobyla,pretrained,629,500.0,0.12053075886591595,0.12053075886591595,0
cobyla,pretrained,630,501.0,0.12053075886591595,0.12053075886591595,0
cobyla,pretrained,631,502.0,0.12053075886591595,0.12053075886591595,0
cobyla,pretrained,632,503.0,0.11955783348220744,0.11955783348220744,0
cobyla,pretrained,633,504.0,0.11955783348220744,0.11955783348220744,0
cobyla,pretrained,634,505.0,0.11630699418358507,0.11630699418358507,0
cobyla,pretrained,635,506.0,0.11630699418358507,0.11630699418358507,0
cobyla,pretrained,636,507.0,0.11630699418358507,0.11630699418358507,0
cobyla,pretrained,637,508.0,0.11630699418358507,0.11630699418358507,0
cobyla,pretrained,638,509.0,0.11630699418358507,0.11630699418358507,0
cobyla,pretrained,639,510.0,0.11630699418358507,0.11630699418358507,0
cobyla,pretrained,640,511.0,0.11488298804986473,0.11488298804986473,0
cobyla,pretrained,641,512.0,0.11488298804986473,0.11488298804986473,0
cobyla,pretrained,642,513.0,0.11488298804986473,0.11488298804986473,0
cobyla,pretrained,643,514.0,0.07495072129659085,0.07495072129659085,0
cobyla,pretrained,644,515.0,0.07495072129659085,0.07495072129659085,0
cobyla,pretrained,645,516.0,0.0433404110934633,0.0433404110934633,0
cobyla,pretrained,646,517.0,0.0433404110934633,0.0433404110934633,0
cobyla,pretrained,647,518.0,0.0433404110934633,0.0433404110934633,0
cobyla,pretrained,648,519.0,0.0433404110934633,0.0433404110934633,0
cobyla,pretrained,649,520.0,0.0433404110934633,0.0433404110934633,0
cobyla,pretrained,650,521.0,0.0433404110934633,0.0433404110934633,0
cobyla,pretrained,651,522.0,0.0433404110934633,0.0433404110934633,0
cobyla,pretrained,652,523.0,0.0433404110934633,0.0433404110934633,0
cobyla,pretrained,653,524.0,0.0433404110934633,0.0433404110934633,0
cobyla,pretrained,654,525.0,0.0433404110934633,0.0433404110934633,0
cobyla,pretrained,655,526.0,0.0433404110934633,0.0433404110934633,0
cobyla,pretrained,656,527.0,0.0433404110934633,0.0433404110934633,0
cobyla,pretrained,657,528.0,0.0433404110934633,0.0433404110934633,0
cobyla,pretrained,658,529.0,0.0433404110934633,0.0433404110934633,0
cobyla,pretrained,659,530.0,0.0433404110934633,0.0433404110934633,0
cobyla,pretrained,660,531.0,0.03520902155443111,0.03520902155443111,0
cobyla,pretrained,661,532.0,0.03520902155443111,0.03520902155443111,0
cobyla,pretrained,662,533.0,0.03520902155443111,0.03520902155443111,0
cobyla,pretrained,663,534.0,0.02537493605982703,0.02537493605982703,0
cobyla,pretrained,664,535.0,0.02537493605982703,0.02537493605982703,0
cobyla,pretrained,665,536.0,0.02537493605982703,0.02537493605982703,0
cobyla,pretrained,666,537.0,0.02537493605982703,0.02537493605982703,0
cobyla,pretrained,667,538.0,0.02537493605982703,0.02537493605982703,0
cobyla,pretrained,668,539.0,0.02537493605982703,0.02537493605982703,0
cobyla,pretrained,669,540.0,0.02537493605982703,0.02537493605982703,0
cobyla,pretrained,670,541.0,0.0060020878694840305,0.0060020878694840305,0
cobyla,pretrained,671,542.0,0.0060020878694840305,0.0060020878694840305,0
cobyla,pretrained,672,543.0,0.0060020878694840305,0.0060020878694840305,0
cobyla,pretrained,673,544.0,-0.0016219625548458605,-0.0016219625548458605,0
cobyla,pretrained,674,545.0,-0.0016219625548458605,-0.0016219625548458605,0
cobyla,pretrained,675,546.0,-0.012491083481793012,-0.012491083481793012,0
cobyla,pretrained,676,547.0,-0.014909018187644865,-0.014909018187644865,0
cobyla,pretrained,677,548.0,-0.014909018187644865,-0.014909018187644865,0
cobyla,pretrained,678,549.0,-0.014909018187644865,-0.014909018187644865,0
cobyla,pretrained,679,550.0,-0.014909018187644865,-0.014909018187644865,0
cobyla,pretrained,680,551.0,-0.014909018187644865,-0.014909018187644865,0
cobyla,pretrained,681,552.0,-0.014909018187644865,-0.014909018187644865,0
cobyla,pretrained,682,553.0,-0.014909018187644865,-0.014909018187644865,0
cobyla,pretrained,683,554.0,-0.04184416601491875,-0.04184416601491875,0
cobyla,pretrained,684,555.0,-0.04184416601491875,-0.04184416601491875,0
cobyla,pretrained,685,556.0,-0.04184416601491875,-0.04184416601491875,0
cobyla,pretrained,686,557.0,-0.04184416601491875,-0.04184416601491875,0
cobyla,pretrained,687,558.0,-0.119239085699337,-0.119239085699337,0
cobyla,pretrained,688,559.0,-0.119239085699337,-0.119239085699337,0
cobyla,pretrained,689,560.0,-0.119239085699337,-0.119239085699337,0
cobyla,pretrained,690,561.0,-0.119239085699337,-0.119239085699337,0
cobyla,pretrained,691,562.0,-0.119239085699337,-0.119239085699337,0
cobyla,pretrained,692,563.0,-0.119239085699337,-0.119239085699337,0
cobyla,pretrained,693,564.0,-0.119239085699337,-0.119239085699337,0
cobyla,pretrained,694,565.0,-0.119239085699337,-0.119239085699337,0
cobyla,pretrained,695,566.0,-0.119239085699337,-0.119239085699337,0
cobyla,pretrained,696,567.0,-0.119239085699337,-0.119239085699337,0
cobyla,pretrained,697,568.0,-0.119239085699337,-0.119239085699337,0
cobyla,pretrained,698,569.0,-0.119239085699337,-0.119239085699337,0
cobyla,pretrained,699,570.0,-0.119239085699337,-0.119239085699337,0
cobyla,pretrained,700,571.0,-0.119239085699337,-0.119239085699337,0
cobyla,pretrained,701,572.0,-0.119239085699337,-0.119239085699337,0
cobyla,pretrained,702,573.0,-0.119239085699337,-0.119239085699337,0
cobyla,pretrained,703,574.0,-0.119239085699337,-0.119239085699337,0
cobyla,pretrained,704,575.0,-0.119239085699337,-0.119239085699337,0
cobyla,pretrained,705,576.0,-0.119239085699337,-0.119239085699337,0
cobyla,pretrained,706,577.0,-0.11960647618818135,-0.11960647618818135,0
cobyla,pretrained,707,578.0,-0.11960647618818135,-0.11960647618818135,0
cobyla,pretrained,708,579.0,-0.11960647618818135,-0.11960647618818135,0
cobyla,pretrained,709,580.0,-0.11960647618818135,-0.11960647618818135,0
cobyla,pretrained,710,581.0,-0.11960647618818135,-0.11960647618818135,0
cobyla,pretrained,711,582.0,-0.11960647618818135,-0.11960647618818135,0
cobyla,pretrained,712,583.0,-0.11960647618818135,-0.11960647618818135,0
cobyla,pretrained,713,584.0,-0.11960647618818135,-0.11960647618818135,0
cobyla,pretrained,714,585.0,-0.1411637994466646,-0.1411637994466646,0
cobyla,pretrained,715,586.0,-0.1411637994466646,-0.1411637994466646,0
cobyla,pretrained,716,587.0,-0.1411637994466646,-0.1411637994466646,0
cobyla,pretrained,717,588.0,-0.1411637994466646,-0.1411637994466646,0
cobyla,pretrained,718,589.0,-0.1411637994466646,-0.1411637994466646,0
cobyla,pretrained,719,590.0,-0.1411637994466646,-0.1411637994466646,0
cobyla,pretrained,720,591.0,-0.14611142740437452,-0.14611142740437452,0
cobyla,pretrained,721,592.0,-0.14611142740437452,-0.14611142740437452,0
cobyla,pretrained,722,593.0,-0.14611142740437452,-0.14611142740437452,0
cobyla,pretrained,723,594.0,-0.14611142740437452,-0.14611142740437452,0
cobyla,pretrained,724,595.0,-0.14611142740437452,-0.14611142740437452,0
cobyla,pretrained,725,596.0,-0.14611142740437452,-0.14611142740437452,0
cobyla,pretrained,726,597.0,-0.14611142740437452,-0.14611142740437452,0
cobyla,pretrained,727,598.0,-0.14611142740437452,-0.14611142740437452,0
cobyla,pretrained,728,599.0,-0.14611142740437452,-0.14611142740437452,0
cobyla,pretrained,729,600.0,-0.14611142740437452,-0.14611142740437452,0
cobyla,pretrained,730,601.0,-0.14780631180143436,-0.14780631180143436,0
cobyla,pretrained,731,602.0,-0.14780631180143436,-0.14780631180143436,0
cobyla,pretrained,732,603.0,-0.17782453001322884,-0.17782453001322884,0
cobyla,pretrained,733,604.0,-0.1941411164553167,-0.1941411164553167,0
cobyla,pretrained,734,605.0,-0.22790638545301822,-0.22790638545301822,0
cobyla,pretrained,735,606.0,-0.22790638545301822,-0.22790638545301822,0
cobyla,pretrained,736,607.0,-0.22790638545301822,-0.22790638545301822,0
cobyla,pretrained,737,608.0,-0.22790638545301822,-0.22790638545301822,0
cobyla,pretrained,738,609.0,-0.22790638545301822,-0.22790638545301822,0
cobyla,pretrained,739,610.0,-0.22790638545301822,-0.22790638545301822,0
cobyla,pretrained,740,611.0,-0.22790638545301822,-0.22790638545301822,0
cobyla,pretrained,741,612.0,-0.22790638545301822,-0.22790638545301822,0
cobyla,pretrained,742,613.0,-0.22790638545301822,-0.22790638545301822,0
cobyla,pretrained,743,614.0,-0.22790638545301822,-0.22790638545301822,0
cobyla,pretrained,744,615.0,-0.22790638545301822,-0.22790638545301822,0
cobyla,pretrained,745,616.0,-0.22790638545301822,-0.22790638545301822,0
cobyla,pretrained,746,617.0,-0.2450407212432208,-0.2450407212432208,0
cobyla,pretrained,747,618.0,-0.2450407212432208,-0.2450407212432208,0
cobyla,pretrained,748,619.0,-0.2702219895318938,-0.2702219895318938,0
cobyla,pretrained,749,620.0,-0.2702219895318938,-0.2702219895318938,0
cobyla,pretrained,750,621.0,-0.2702219895318938,-0.2702219895318938,0
cobyla,pretrained,751,622.0,-0.2702219895318938,-0.2702219895318938,0
cobyla,pretrained,752,623.0,-0.28051594735643387,-0.28051594735643387,0
cobyla,pretrained,753,624.0,-0.2810534603040183,-0.2810534603040183,0
cobyla,pretrained,754,625.0,-0.2810534603040183,-0.2810534603040183,0
cobyla,pretrained,755,626.0,-0.2810534603040183,-0.2810534603040183,0
cobyla,pretrained,756,627.0,-0.2810534603040183,-0.2810534603040183,0
cobyla,pretrained,757,628.0,-0.2810534603040183,-0.2810534603040183,0
cobyla,pretrained,758,629.0,-0.2810534603040183,-0.2810534603040183,0
cobyla,pretrained,759,630.0,-0.2810534603040183,-0.2810534603040183,0
cobyla,pretrained,760,631.0,-0.2810534603040183,-0.2810534603040183,0
cobyla,pretrained,761,632.0,-0.2810534603040183,-0.2810534603040183,0
cobyla,pretrained,762,633.0,-0.2810534603040183,-0.2810534603040183,0
cobyla,pretrained,763,634.0,-0.2810534603040183,-0.2810534603040183,0
cobyla,pretrained,764,635.0,-0.2810534603040183,-0.2810534603040183,0
cobyla,pretrained,765,636.0,-0.2810534603040183,-0.2810534603040183,0
cobyla,pretrained,766,637.0,-0.2810534603040183,-0.2810534603040183,0
cobyla,pretrained,767,638.0,-0.2810534603040183,-0.2810534603040183,0
cobyla,pretrained,768,639.0,-0.31026113820079804,-0.31026113820079804,0
cobyla,pretrained,769,640.0,-0.31026113820079804,-0.31026113820079804,0
cobyla,pretrained,770,641.0,-0.31026113820079804,-0.31026113820079804,0
cobyla,pretrained,771,642.0,-0.31026113820079804,-0.31026113820079804,0
cobyla,pretrained,772,643.0,-0.32096659450581116,-0.32096659450581116,0
cobyla,pretrained,773,644.0,-0.41308162433602313,-0.41308162433602313,0
cobyla,pretrained,774,645.0,-0.41308162433602313,-0.41308162433602313,0
cobyla,pretrained,775,646.0,-0.41308162433602313,-0.41308162433602313,0
cobyla,pretrained,776,647.0,-0.41308162433602313,-0.41308162433602313,0
cobyla,pretrained,777,648.0,-0.41308162433602313,-0.41308162433602313,0
cobyla,pretrained,778,649.0,-0.41308162433602313,-0.41308162433602313,0
cobyla,pretrained,779,650.0,-0.41308162433602313,-0.41308162433602313,0
cobyla,pretrained,780,651.0,-0.41308162433602313,-0.41308162433602313,0
cobyla,pretrained,781,652.0,-0.41308162433602313,-0.41308162433602313,0
cobyla,pretrained,782,653.0,-0.41308162433602313,-0.41308162433602313,0
cobyla,pretrained,783,654.0,-0.41308162433602313,-0.41308162433602313,0
cobyla,pretrained,784,655.0,-0.4263471285647987,-0.4263471285647987,0
cobyla,pretrained,785,656.0,-0.4263471285647987,-0.4263471285647987,0
cobyla,pretrained,786,657.0,-0.4263471285647987,-0.4263471285647987,0
cobyla,pretrained,787,658.0,-0.4263471285647987,-0.4263471285647987,0
cobyla,pretrained,788,659.0,-0.4263471285647987,-0.4263471285647987,0
cobyla,pretrained,789,660.0,-0.4263471285647987,-0.4263471285647987,0
cobyla,pretrained,790,661.0,-0.4263471285647987,-0.4263471285647987,0
cobyla,pretrained,791,662.0,-0.4263471285647987,-0.4263471285647987,0
cobyla,pretrained,792,663.0,-0.4263471285647987,-0.4263471285647987,0
cobyla,pretrained,793,664.0,-0.4263471285647987,-0.4263471285647987,0
cobyla,pretrained,794,665.0,-0.4263471285647987,-0.4263471285647987,0
cobyla,pretrained,795,666.0,-0.4263471285647987,-0.4263471285647987,0
cobyla,pretrained,796,667.0,-0.4263471285647987,-0.4263471285647987,0
cobyla,pretrained,797,668.0,-0.4263471285647987,-0.4263471285647987,0
cobyla,pretrained,798,669.0,-0.4263471285647987,-0.4263471285647987,0
cobyla,pretrained,799,670.0,-0.4263471285647987,-0.4263471285647987,0
cobyla,pretrained,800,671.0,-0.4263471285647987,-0.4263471285647987,0
cobyla,pretrained,801,672.0,-0.4263471285647987,-0.4263471285647987,0
cobyla,pretrained,802,673.0,-0.4263471285647987,-0.4263471285647987,0
cobyla,pretrained,803,674.0,-0.4263471285647987,-0.4263471285647987,0
cobyla,pretrained,804,675.0,-0.4263471285647987,-0.4263471285647987,0
cobyla,pretrained,805,676.0,-0.4263471285647987,-0.4263471285647987,0
cobyla,pretrained,806,677.0,-0.4279541304715441,-0.4279541304715441,0
cobyla,pretrained,807,678.0,-0.4279541304715441,-0.4279541304715441,0
cobyla,pretrained,808,679.0,-0.4279541304715441,-0.4279541304715441,0
cobyla,pretrained,809,680.0,-0.4279541304715441,-0.4279541304715441,0
cobyla,pretrained,810,681.0,-0.4279541304715441,-0.4279541304715441,0
cobyla,pretrained,811,682.0,-0.4279541304715441,-0.4279541304715441,0
cobyla,pretrained,812,683.0,-0.4279541304715441,-0.4279541304715441,0
cobyla,pretrained,813,684.0,-0.4279541304715441,-0.4279541304715441,0
cobyla,pretrained,814,685.0,-0.4279541304715441,-0.4279541304715441,0
cobyla,pretrained,815,686.0,-0.4279541304715441,-0.4279541304715441,0
cobyla,pretrained,816,687.0,-0.4279541304715441,-0.4279541304715441,0
cobyla,pretrained,817,688.0,-0.4279541304715441,-0.4279541304715441,0
cobyla,pretrained,818,689.0,-0.4279541304715441,-0.4279541304715441,0
cobyla,pretrained,819,690.0,-0.4279541304715441,-0.4279541304715441,0
cobyla,pretrained,820,691.0,-0.45012545042177526,-0.45012545042177526,0
cobyla,pretrained,821,692.0,-0.4643580522884726,-0.4643580522884726,0
cobyla,pretrained,822,693.0,-0.4643580522884726,-0.4643580522884726,0
cobyla,pretrained,823,694.0,-0.4643580522884726,-0.4643580522884726,0
cobyla,pretrained,824,695.0,-0.4643580522884726,-0.4643580522884726,0
cobyla,pretrained,825,696.0,-0.4643580522884726,-0.4643580522884726,0
cobyla,pretrained,826,697.0,-0.4643580522884726,-0.4643580522884726,0
cobyla,pretrained,827,698.0,-0.4643580522884726,-0.4643580522884726,0
cobyla,pretrained,828,699.0,-0.4643580522884726,-0.4643580522884726,0
cobyla,pretrained,829,700.0,-0.4643580522884726,-0.4643580522884726,0
cobyla,pretrained,830,701.0,-0.4643580522884726,-0.4643580522884726,0
cobyla,pretrained,831,702.0,-0.4643580522884726,-0.4643580522884726,0
cobyla,pretrained,832,703.0,-0.4643580522884726,-0.4643580522884726,0
cobyla,pretrained,833,704.0,-0.4643580522884726,-0.4643580522884726,0
cobyla,pretrained,834,705.0,-0.4643580522884726,-0.4643580522884726,0
cobyla,pretrained,835,706.0,-0.4643580522884726,-0.4643580522884726,0
cobyla,pretrained,836,707.0,-0.4643580522884726,-0.4643580522884726,0
cobyla,pretrained,837,708.0,-0.4643580522884726,-0.4643580522884726,0
cobyla,pretrained,838,709.0,-0.4643580522884726,-0.4643580522884726,0
cobyla,pretrained,839,710.0,-0.4643580522884726,-0.4643580522884726,0
cobyla,pretrained,840,711.0,-0.4643580522884726,-0.4643580522884726,0
cobyla,pretrained,841,712.0,-0.4643580522884726,-0.4643580522884726,0
cobyla,pretrained,842,713.0,-0.4643580522884726,-0.4643580522884726,0
cobyla,pretrained,843,714.0,-0.4643580522884726,-0.4643580522884726,0
cobyla,pretrained,844,715.0,-0.4643580522884726,-0.4643580522884726,0
cobyla,pretrained,845,716.0,-0.4643580522884726,-0.4643580522884726,0
cobyla,pretrained,846,717.0,-0.4643580522884726,-0.4643580522884726,0
cobyla,pretrained,847,718.0,-0.4842477775208721,-0.4842477775208721,0
cobyla,pretrained,848,719.0,-0.4842477775208721,-0.4842477775208721,0
cobyla,pretrained,849,720.0,-0.4842477775208721,-0.4842477775208721,0
cobyla,pretrained,850,721.0,-0.4842477775208721,-0.4842477775208721,0
cobyla,pretrained,851,722.0,-0.517057768530791,-0.517057768530791,0
cobyla,pretrained,852,723.0,-0.5269087973235796,-0.5269087973235796,0
cobyla,pretrained,853,724.0,-0.5269087973235796,-0.5269087973235796,0
cobyla,pretrained,854,725.0,-0.5324328502483295,-0.5324328502483295,0
cobyla,pretrained,855,726.0,-0.5324328502483295,-0.5324328502483295,0
cobyla,pretrained,856,727.0,-0.5339963466165256,-0.5339963466165256,0
cobyla,pretrained,857,728.0,-0.5339963466165256,-0.5339963466165256,0
cobyla,pretrained,858,729.0,-0.5339963466165256,-0.5339963466165256,0
cobyla,pretrained,859,730.0,-0.5339963466165256,-0.5339963466165256,0
cobyla,pretrained,860,731.0,-0.5339963466165256,-0.5339963466165256,0
cobyla,pretrained,861,732.0,-0.5496152083532236,-0.5496152083532236,0
cobyla,pretrained,862,733.0,-0.5675836217733071,-0.5675836217733071,0
cobyla,pretrained,863,734.0,-0.5675836217733071,-0.5675836217733071,0
cobyla,pretrained,864,735.0,-0.5675836217733071,-0.5675836217733071,0
cobyla,pretrained,865,736.0,-0.5675836217733071,-0.5675836217733071,0
cobyla,pretrained,866,737.0,-0.5675836217733071,-0.5675836217733071,0
cobyla,pretrained,867,738.0,-0.5675836217733071,-0.5675836217733071,0
cobyla,pretrained,868,739.0,-0.5675836217733071,-0.5675836217733071,0
cobyla,pretrained,869,740.0,-0.5675836217733071,-0.5675836217733071,0
cobyla,pretrained,870,741.0,-0.5675836217733071,-0.5675836217733071,0
cobyla,pretrained,871,742.0,-0.5675836217733071,-0.5675836217733071,0
cobyla,pretrained,872,743.0,-0.5675836217733071,-0.5675836217733071,0
cobyla,pretrained,873,744.0,-0.5675836217733071,-0.5675836217733071,0
cobyla,pretrained,874,745.0,-0.5675836217733071,-0.5675836217733071,0
cobyla,pretrained,875,746.0,-0.5851369878036402,-0.5851369878036402,0
cobyla,pretrained,876,747.0,-0.5851369878036402,-0.5851369878036402,0
cobyla,pretrained,877,748.0,-0.5851369878036402,-0.5851369878036402,0
cobyla,pretrained,878,749.0,-0.5851369878036402,-0.5851369878036402,0
cobyla,pretrained,879,750.0,-0.5958997398153401,-0.5958997398153401,0
cobyla,pretrained,880,751.0,-0.5999061377124637,-0.5999061377124637,0
cobyla,pretrained,881,752.0,-0.5999061377124637,-0.5999061377124637,0
cobyla,pretrained,882,753.0,-0.5999061377124637,-0.5999061377124637,0
cobyla,pretrained,883,754.0,-0.5999061377124637,-0.5999061377124637,0
cobyla,pretrained,884,755.0,-0.6118956654822306,-0.6118956654822306,0
cobyla,pretrained,885,756.0,-0.6118956654822306,-0.6118956654822306,0
cobyla,pretrained,886,757.0,-0.6118956654822306,-0.6118956654822306,0
cobyla,pretrained,887,758.0,-0.6118956654822306,-0.6118956654822306,0
cobyla,pretrained,888,759.0,-0.6118956654822306,-0.6118956654822306,0
cobyla,pretrained,889,760.0,-0.6118956654822306,-0.6118956654822306,0
cobyla,pretrained,890,761.0,-0.6118956654822306,-0.6118956654822306,0
cobyla,pretrained,891,762.0,-0.6118956654822306,-0.6118956654822306,0
cobyla,pretrained,892,763.0,-0.6118956654822306,-0.6118956654822306,0
cobyla,pretrained,893,764.0,-0.6118956654822306,-0.6118956654822306,0
cobyla,pretrained,894,765.0,-0.6118956654822306,-0.6118956654822306,0
cobyla,pretrained,895,766.0,-0.6118956654822306,-0.6118956654822306,0
cobyla,pretrained,896,767.0,-0.6155741176555342,-0.6155741176555342,0
cobyla,pretrained,897,768.0,-0.6155741176555342,-0.6155741176555342,0
cobyla,pretrained,898,769.0,-0.6170836270990908,-0.6170836270990908,0
cobyla,pretrained,899,770.0,-0.6170836270990908,-0.6170836270990908,0
cobyla,pretrained,900,771.0,-0.6173910065288475,-0.6173910065288475,0
cobyla,pretrained,901,772.0,-0.6173910065288475,-0.6173910065288475,0
cobyla,pretrained,902,773.0,-0.6173910065288475,-0.6173910065288475,0
cobyla,pretrained,903,774.0,-0.6173910065288475,-0.6173910065288475,0
cobyla,pretrained,904,775.0,-0.6173910065288475,-0.6173910065288475,0
cobyla,pretrained,905,776.0,-0.618281495840334,-0.618281495840334,0
cobyla,pretrained,906,777.0,-0.618281495840334,-0.618281495840334,0
cobyla,pretrained,907,778.0,-0.618281495840334,-0.618281495840334,0
cobyla,pretrained,908,779.0,-0.618281495840334,-0.618281495840334,0
cobyla,pretrained,909,780.0,-0.6330295642798028,-0.6330295642798028,0
cobyla,pretrained,910,781.0,-0.6330295642798028,-0.6330295642798028,0
cobyla,pretrained,911,782.0,-0.6512324803121882,-0.6512324803121882,0
cobyla,pretrained,912,783.0,-0.6512324803121882,-0.6512324803121882,0
cobyla,pretrained,913,784.0,-0.6512324803121882,-0.6512324803121882,0
cobyla,pretrained,914,785.0,-0.6512324803121882,-0.6512324803121882,0
cobyla,pretrained,915,786.0,-0.6676478043864039,-0.6676478043864039,0
cobyla,pretrained,916,787.0,-0.6676478043864039,-0.6676478043864039,0
cobyla,pretrained,917,788.0,-0.6676478043864039,-0.6676478043864039,0
cobyla,pretrained,918,789.0,-0.6676478043864039,-0.6676478043864039,0
cobyla,pretrained,919,790.0,-0.6758697782775334,-0.6758697782775334,0
cobyla,pretrained,920,791.0,-0.6758697782775334,-0.6758697782775334,0
cobyla,pretrained,921,792.0,-0.6950306599535009,-0.6950306599535009,0
cobyla,pretrained,922,793.0,-0.6950306599535009,-0.6950306599535009,0
cobyla,pretrained,923,794.0,-0.6950306599535009,-0.6950306599535009,0
cobyla,pretrained,924,795.0,-0.6950306599535009,-0.6950306599535009,0
cobyla,pretrained,925,796.0,-0.6950306599535009,-0.6950306599535009,0
cobyla,pretrained,926,797.0,-0.6950306599535009,-0.6950306599535009,0
cobyla,pretrained,927,798.0,-0.6950306599535009,-0.6950306599535009,0
cobyla,pretrained,928,799.0,-0.6950306599535009,-0.6950306599535009,0
cobyla,pretrained,929,800.0,-0.6950306599535009,-0.6950306599535009,0
cobyla,pretrained,930,801.0,-0.6992764593676132,-0.6992764593676132,0
cobyla,pretrained,931,802.0,-0.6992764593676132,-0.6992764593676132,0
cobyla,pretrained,932,803.0,-0.6992764593676132,-0.6992764593676132,0
cobyla,pretrained,933,804.0,-0.6992764593676132,-0.6992764593676132,0
cobyla,pretrained,934,805.0,-0.6992764593676132,-0.6992764593676132,0
cobyla,pretrained,935,806.0,-0.6992764593676132,-0.6992764593676132,0
cobyla,pretrained,936,807.0,-0.6992764593676132,-0.6992764593676132,0
cobyla,pretrained,937,808.0,-0.7137008975062069,-0.7137008975062069,0
cobyla,pretrained,938,809.0,-0.7137008975062069,-0.7137008975062069,0
cobyla,pretrained,939,810.0,-0.7137008975062069,-0.7137008975062069,0
cobyla,pretrained,940,811.0,-0.7137008975062069,-0.7137008975062069,0
cobyla,pretrained,941,812.0,-0.7137008975062069,-0.7137008975062069,0
cobyla,pretrained,942,813.0,-0.7168859630016328,-0.7168859630016328,0
cobyla,pretrained,943,814.0,-0.7168859630016328,-0.7168859630016328,0
cobyla,pretrained,944,815.0,-0.7168859630016328,-0.7168859630016328,0
cobyla,pretrained,945,816.0,-0.7168859630016328,-0.7168859630016328,0
cobyla,pretrained,946,817.0,-0.7168859630016328,-0.7168859630016328,0
cobyla,pretrained,947,818.0,-0.7437753497274633,-0.7437753497274633,0
cobyla,pretrained,948,819.0,-0.752321832502979,-0.752321832502979,0
cobyla,pretrained,949,820.0,-0.752321832502979,-0.752321832502979,0
cobyla,pretrained,950,821.0,-0.752321832502979,-0.752321832502979,0
cobyla,pretrained,951,822.0,-0.7594925421104469,-0.7594925421104469,0
cobyla,pretrained,952,823.0,-0.7712693743450424,-0.7712693743450424,0
cobyla,pretrained,953,824.0,-0.7712693743450424,-0.7712693743450424,0
cobyla,pretrained,954,825.0,-0.7712693743450424,-0.7712693743450424,0
cobyla,pretrained,955,826.0,-0.7712693743450424,-0.7712693743450424,0
cobyla,pretrained,956,827.0,-0.7712693743450424,-0.7712693743450424,0
cobyla,pretrained,957,828.0,-0.7712693743450424,-0.7712693743450424,0
cobyla,pretrained,958,829.0,-0.7712693743450424,-0.7712693743450424,0
cobyla,pretrained,959,830.0,-0.7712693743450424,-0.7712693743450424,0
cobyla,pretrained,960,831.0,-0.7712693743450424,-0.7712693743450424,0
cobyla,pretrained,961,832.0,-0.7712693743450424,-0.7712693743450424,0
cobyla,pretrained,962,833.0,-0.7712693743450424,-0.7712693743450424,0
cobyla,pretrained,963,834.0,-0.7712693743450424,-0.7712693743450424,0
cobyla,pretrained,964,835.0,-0.7712693743450424,-0.7712693743450424,0
cobyla,pretrained,965,836.0,-0.7712693743450424,-0.7712693743450424,0
cobyla,pretrained,966,837.0,-0.7712693743450424,-0.7712693743450424,0
cobyla,pretrained,967,838.0,-0.7712693743450424,-0.7712693743450424,0
cobyla,pretrained,968,839.0,-0.7735073507933298,-0.7735073507933298,0
cobyla,pretrained,969,840.0,-0.7735073507933298,-0.7735073507933298,0
cobyla,pretrained,970,841.0,-0.7735073507933298,-0.7735073507933298,0
cobyla,pretrained,971,842.0,-0.79552923385197,-0.79552923385197,0
cobyla,pretrained,972,843.0,-0.7958296746514737,-0.7958296746514737,0
cobyla,pretrained,973,844.0,-0.7958296746514737,-0.7958296746514737,0
cobyla,pretrained,974,845.0,-0.7958296746514737,-0.7958296746514737,0
cobyla,pretrained,975,846.0,-0.7958296746514737,-0.7958296746514737,0
cobyla,pretrained,976,847.0,-0.7958296746514737,-0.7958296746514737,0
cobyla,pretrained,977,848.0,-0.7958296746514737,-0.7958296746514737,0
cobyla,pretrained,978,849.0,-0.7958296746514737,-0.7958296746514737,0
cobyla,pretrained,979,850.0,-0.7958296746514737,-0.7958296746514737,0
cobyla,pretrained,980,851.0,-0.7958296746514737,-0.7958296746514737,0
cobyla,pretrained,981,852.0,-0.7958296746514737,-0.7958296746514737,0
cobyla,pretrained,982,853.0,-0.8050719670591535,-0.8050719670591535,0
cobyla,pretrained,983,854.0,-0.8050719670591535,-0.8050719670591535,0
cobyla,pretrained,984,855.0,-0.8055016074428224,-0.8055016074428224,0
cobyla,pretrained,985,856.0,-0.8055016074428224,-0.8055016074428224,0
cobyla,pretrained,986,857.0,-0.8055016074428224,-0.8055016074428224,0
cobyla,pretrained,987,858.0,-0.8055016074428224,-0.8055016074428224,0
cobyla,pretrained,988,859.0,-0.8069423715664901,-0.8069423715664901,0
cobyla,pretrained,989,860.0,-0.8069423715664901,-0.8069423715664901,0
cobyla,pretrained,990,861.0,-0.8069423715664901,-0.8069423715664901,0
cobyla,pretrained,991,862.0,-0.8069423715664901,-0.8069423715664901,0
cobyla,pretrained,992,863.0,-0.8069423715664901,-0.8069423715664901,0
cobyla,pretrained,993,864.0,-0.8069423715664901,-0.8069423715664901,0
cobyla,pretrained,994,865.0,-0.8069423715664901,-0.8069423715664901,0
cobyla,pretrained,995,866.0,-0.8069423715664901,-0.8069423715664901,0
cobyla,pretrained,996,867.0,-0.8160554103006626,-0.8160554103006626,0
cobyla,pretrained,997,868.0,-0.8160554103006626,-0.8160554103006626,0
cobyla,pretrained,998,869.0,-0.8160554103006626,-0.8160554103006626,0
cobyla,pretrained,999,870.0,-0.8160554103006626,-0.8160554103006626,0
