optimizer,method,iteration,energy,energy_global,is_stage_boundary
adam,standard,0,2.845677068898275,2.845677068898275,0
adam,standard,1,2.708187890676442,2.708187890676442,0
adam,standard,2,2.579805984226968,2.579805984226968,0
adam,standard,3,2.4648640323107074,2.4648640323107074,0
adam,standard,4,2.365609996847936,2.365609996847936,0
adam,standard,5,2.2813032831939015,2.2813032831939015,0
adam,standard,6,2.209567190308933,2.209567190308933,0
adam,standard,7,2.147580897103719,2.147580897103719,0
adam,standard,8,2.092724880215014,2.092724880215014,0
adam,standard,9,2.0428950706134055,2.0428950706134055,0
adam,standard,10,1.996589585111506,1.996589585111506,0
adam,standard,11,1.9529076101800362,1.9529076101800362,0
adam,standard,12,1.9114888588010854,1.9114888588010854,0
adam,standard,13,1.8722954267680636,1.8722954267680636,0
adam,standard,14,1.8353244843591354,1.8353244843591354,0
adam,standard,15,1.8004088634483046,1.8004088634483046,0
adam,standard,16,1.767028744291278,1.767028744291278,0
adam,standard,17,1.7342294154102997,1.7342294154102997,0
adam,standard,18,1.7007851861971748,1.7007851861971748,0
adam,standard,19,1.6655323297388989,1.6655323297388989,0
adam,standard,20,1.627683715809424,1.627683715809424,0
adam,standard,21,1.5870050335935015,1.5870050335935015,0
adam,standard,22,1.5438194159969298,1.5438194159969298,0
adam,standard,23,1.4988487669172366,1.4988487669172366,0
adam,standard,24,1.452951840639284,1.452951840639284,0
adam,standard,25,1.4068728680217994,1.4068728680217994,0
adam,standard,26,1.361104934475914,1.361104934475914,0
adam,standard,27,1.3158651800692558,1.3158651800692558,0
adam,standard,28,1.271103323684388,1.271103323684388,0
adam,standard,29,1.226545678618607,1.226545678618607,0
adam,standard,30,1.1818163022834796,1.1818163022834796,0
adam,standard,31,1.1365899689664454,1.1365899689664454,0
adam,standard,32,1.0906747997357171,1.0906747997357171,0
adam,standard,33,1.0439687073302337,1.0439687073302337,0
adam,standard,34,0.9963273581842509,0.9963273581842509,0
adam,standard,35,0.9474373390558662,0.9474373390558662,0
adam,standard,36,0.8967733648289894,0.8967733648289894,0
adam,standard,37,0.8436544119340503,0.8436544119340503,0
adam,standard,38,0.787349899369137,0.787349899369137,0
adam,standard,39,0.7271690675416366,0.7271690675416366,0
adam,standard,40,0.662498201807125,0.662498201807125,0
adam,standard,41,0.5927937539395874,0.5927937539395874,0
adam,standard,42,0.5175665368437691,0.5175665368437691,0
adam,standard,43,0.43640443206093327,0.43640443206093327,0
adam,standard,44,0.34906286611862203,0.34906286611862203,0
adam,standard,45,0.25559019797392063,0.25559019797392063,0
adam,standard,46,0.15642499618762037,0.15642499618762037,0
adam,standard,47,0.05243525068445329,0.05243525068445329,0
adam,standard,48,-0.05510590907428338,-0.05510590907428338,0
adam,standard,49,-0.16460289378835263,-0.16460289378835263,0
adam,standard,50,-0.2742512780049252,-0.2742512780049252,0
adam,standard,51,-0.38213961939563557,-0.38213961939563557,0
adam,standard,52,-0.48632290612667045,-0.48632290612667045,0
adam,standard,53,-0.5849083674379176,-0.5849083674379176,0
adam,standard,54,-0.6762116263518135,-0.6762116263518135,0
adam,standard,55,-0.7589872212431548,-0.7589872212431548,0
adam,standard,56,-0.8326535764213119,-0.8326535764213119,0
adam,standard,57,-0.8973771088333591,-0.8973771088333591,0
adam,standard,58,-0.9539324190472414,-0.9539324190472414,0
adam,standard,59,-1.003413894598409,-1.003413894598409,0
adam,standard,60,-1.0469749133788397,-1.0469749133788397,0
adam,standard,61,-1.0857108614610473,-1.0857108614610473,0
adam,standard,62,-1.1206613175192779,-1.1206613175192779,0
adam,standard,63,-1.152809565715047,-1.152809565715047,0
adam,standard,64,-1.1830045354679832,-1.1830045354679832,0
adam,standard,65,-1.2118726259627586,-1.2118726259627586,0
adam,standard,66,-1.2398130827090215,-1.2398130827090215,0
adam,standard,67,-1.267070388909337,-1.267070388909337,0
adam,standard,68,-1.2938212969466667,-1.2938212969466667,0
adam,standard,69,-1.320225183994435,-1.320225183994435,0
adam,standard,70,-1.3464135529305765,-1.3464135529305765,0
adam,standard,71,-1.372438907609987,-1.372438907609987,0
adam,standard,72,-1.398242851401405,-1.398242851401405,0
adam,standard,73,-1.4236792163096488,-1.4236792163096488,0
adam,standard,74,-1.4485674262583719,-1.4485674262583719,0
adam,standard,75,-1.4727319674162853,-1.4727319674162853,0
adam,standard,76,-1.4960097497366291,-1.4960097497366291,0
adam,standard,77,-1.5182383971646565,-1.5182383971646565,0
adam,standard,78,-1.5392508887001268,-1.5392508887001268,0
adam,standard,79,-1.5588896858865435,-1.5588896858865435,0
adam,standard,80,-1.5770298794576565,-1.5770298794576565,0
adam,standard,81,-1.5935911132372556,-1.5935911132372556,0
adam,standard,82,-1.60853100970963,-1.60853100970963,0
adam,standard,83,-1.6218325891958172,-1.6218325891958172,0
adam,standard,84,-1.6335038858491064,-1.6335038858491064,0
adam,standard,85,-1.6435944965069589,-1.6435944965069589,0
adam,standard,86,-1.652214695577986,-1.652214695577986,0
adam,standard,87,-1.659535610733534,-1.659535610733534,0
adam,standard,88,-1.6657603214060221,-1.6657603214060221,0
adam,standard,89,-1.6710775227819088,-1.6710775227819088,0
adam,standard,90,-1.675624526618691,-1.675624526618691,0
adam,standard,91,-1.6794815711005182,-1.6794815711005182,0
adam,standard,92,-1.6826981278592663,-1.6826981278592663,0
adam,standard,93,-1.685331682284178,-1.685331682284178,0
adam,standard,94,-1.68747482278503,-1.68747482278503,0
adam,standard,95,-1.6892574726971261,-1.6892574726971261,0
adam,standard,96,-1.6908270797192313,-1.6908270797192313,0
adam,standard,97,-1.692319679602884,-1.692319679602884,0
adam,standard,98,-1.6938351973597183,-1.6938351973597183,0
adam,standard,99,-1.6954244325222758,-1.6954244325222758,0
adam,standard,100,-1.6970885783103524,-1.6970885783103524,0
adam,standard,101,-1.698788512267186,-1.698788512267186,0
adam,standard,102,-1.7004603798807318,-1.7004603798807318,0
adam,standard,103,-1.702033948825816,-1.702033948825816,0
adam,standard,104,-1.70344969005001,-1.70344969005001,0
adam,standard,105,-1.7046704683227083,-1.7046704683227083,0
adam,standard,106,-1.705685302218543,-1.705685302218543,0
adam,standard,107,-1.706505655886251,-1.706505655886251,0
adam,standard,108,-1.7071574863923564,-1.7071574863923564,0
adam,standard,109,-1.7076730524556722,-1.7076730524556722,0
adam,standard,110,-1.7080850833868804,-1.7080850833868804,0
adam,standard,111,-1.7084237505994726,-1.7084237505994726,0
adam,standard,112,-1.7087155284056406,-1.7087155284056406,0
adam,standard,113,-1.7089828478554145,-1.7089828478554145,0
adam,standard,114,-1.709243828117268,-1.709243828117268,0
adam,standard,115,-1.709511711774728,-1.709511711774728,0
adam,standard,116,-1.7097939010122385,-1.7097939010122385,0
adam,standard,117,-1.7100909451003747,-1.7100909451003747,0
adam,standard,118,-1.7103963819249413,-1.7103963819249413,0
adam,standard,119,-1.7106984146208448,-1.7106984146208448,0
adam,standard,120,-1.7109835548551133,-1.7109835548551133,0
adam,standard,121,-1.7112409772025186,-1.7112409772025186,0
adam,standard,122,-1.7114655204696672,-1.7114655204696672,0
adam,standard,123,-1.7116578706325951,-1.7116578706325951,0
adam,standard,124,-1.7118221524085053,-1.7118221524085053,0
adam,standard,125,-1.7119626922165865,-1.7119626922165865,0
adam,standard,126,-1.7120819689736375,-1.7120819689736375,0
adam,standard,127,-1.7121806647933115,-1.7121806647933115,0
adam,standard,128,-1.7122592173265647,-1.7122592173265647,0
adam,standard,129,-1.7123194668519783,-1.7123194668519783,0
adam,standard,130,-1.7123652786876764,-1.7123652786876764,0
adam,standard,131,-1.712401943724906,-1.712401943724906,0
adam,standard,132,-1.7124349402335561,-1.7124349402335561,0
adam,standard,133,-1.7124688223885103,-1.7124688223885103,0
adam,standard,134,-1.712506673626075,-1.712506673626075,0
adam,standard,135,-1.7125501185861047,-1.7125501185861047,0
adam,standard,136,-1.7125996397819916,-1.7125996397819916,0
adam,standard,137,-1.7126549457563207,-1.7126549457563207,0
adam,standard,138,-1.7127152611420364,-1.7127152611420364,0
adam,standard,139,-1.7127795257063234,-1.7127795257063234,0
adam,standard,140,-1.712846544743132,-1.712846544743132,0
adam,standard,141,-1.7129151289185038,-1.7129151289185038,0
adam,standard,142,-1.7129842219244302,-1.7129842219244302,0
adam,standard,143,-1.7130529775834424,-1.7130529775834424,0
adam,standard,144,-1.713120755051331,-1.713120755051331,0
adam,standard,145,-1.7131870561286173,-1.7131870561286173,0
adam,standard,146,-1.7132514802919137,-1.7132514802919137,0
adam,standard,147,-1.7133137572169554,-1.7133137572169554,0
adam,standard,148,-1.7133738335969353,-1.7133738335969353,0
adam,standard,149,-1.7134319191800904,-1.7134319191800904,0
adam,standard,150,-1.713488415078311,-1.713488415078311,0
adam,standard,151,-1.7135437473340134,-1.7135437473340134,0
adam,standard,152,-1.713598216685721,-1.713598216685721,0
adam,standard,153,-1.7136519654324203,-1.7136519654324203,0
adam,standard,154,-1.713705062735194,-1.713705062735194,0
adam,standard,155,-1.713757613772063,-1.713757613772063,0
adam,standard,156,-1.7138097911780847,-1.7138097911780847,0
adam,standard,157,-1.713861767508196,-1.713861767508196,0
adam,standard,158,-1.7139136159295623,-1.7139136159295623,0
adam,standard,159,-1.7139652666182164,-1.7139652666182164,0
adam,standard,160,-1.7140165523536415,-1.7140165523536415,0
adam,standard,161,-1.7140673064420733,-1.7140673064420733,0
adam,standard,162,-1.7141174482370118,-1.7141174482370118,0
adam,standard,163,-1.7141670153627386,-1.7141670153627386,0
adam,standard,164,-1.714216142895449,-1.714216142895449,0
adam,standard,165,-1.7142650135257427,-1.7142650135257427,0
adam,standard,166,-1.7143138032610779,-1.7143138032610779,0
adam,standard,167,-1.7143626390216167,-1.7143626390216167,0
adam,standard,168,-1.7144115781153928,-1.7144115781153928,0
adam,standard,169,-1.714460613202918,-1.714460613202918,0
adam,standard,170,-1.714509696550513,-1.714509696550513,0
adam,standard,171,-1.7145587688001074,-1.7145587688001074,0
adam,standard,172,-1.7146077780415931,-1.7146077780415931,0
adam,standard,173,-1.714656684919258,-1.714656684919258,0
adam,standard,174,-1.7147054599541514,-1.7147054599541514,0
adam,standard,175,-1.7147540816344116,-1.7147540816344116,0
adam,standard,176,-1.7148025383292798,-1.7148025383292798,0
adam,standard,177,-1.7148508309832602,-1.7148508309832602,0
adam,standard,178,-1.714898972608424,-1.714898972608424,0
adam,standard,179,-1.7149469838969866,-1.7149469838969866,0
adam,standard,180,-1.7149948871084308,-1.7149948871084308,0
adam,standard,181,-1.7150427003005622,-1.7150427003005622,0
adam,standard,182,-1.7150904326902903,-1.7150904326902903,0
adam,standard,183,-1.7151380818622302,-1.7151380818622302,0
adam,standard,184,-1.7151856343098415,-1.7151856343098415,0
adam,standard,185,-1.7152330701549703,-1.7152330701549703,0
adam,standard,186,-1.7152803703129613,-1.7152803703129613,0
adam,standard,187,-1.7153275221865099,-1.7153275221865099,0
adam,standard,188,-1.7153745206816378,-1.7153745206816378,0
adam,standard,189,-1.7154213646277783,-1.7154213646277783,0
adam,standard,190,-1.715468051747764,-1.715468051747764,0
adam,standard,191,-1.7155145757781547,-1.7155145757781547,0
adam,standard,192,-1.715560927247862,-1.715560927247862,0
adam,standard,193,-1.7156070967181771,-1.7156070967181771,0
adam,standard,194,-1.7156530778758612,-1.7156530778758612,0
adam,standard,195,-1.715698868384192,-1.715698868384192,0
adam,standard,196,-1.715744468177888,-1.715744468177888,0
adam,standard,197,-1.7157898766357687,-1.7157898766357687,0
adam,standard,198,-1.7158350906351867,-1.7158350906351867,0
adam,standard,199,-1.7158801045826166,-1.7158801045826166,0
adam,standard,200,-1.715924911900577,-1.715924911900577,0
adam,standard,201,-1.7159695064376679,-1.7159695064376679,0
adam,standard,202,-1.7160138826317708,-1.7160138826317708,0
adam,standard,203,-1.7160580345542342,-1.7160580345542342,0
adam,standard,204,-1.716101954953928,-1.716101954953928,0
adam,standard,205,-1.7161456352544027,-1.7161456352544027,0
adam,standard,206,-1.7161890664636283,-1.7161890664636283,0
adam,standard,207,-1.7162322401982153,-1.7162322401982153,0
adam,standard,208,-1.7162751491523545,-1.7162751491523545,0
adam,standard,209,-1.7163177870111752,-1.7163177870111752,0
adam,standard,210,-1.7163601482282969,-1.7163601482282969,0
adam,standard,211,-1.716402227937591,-1.716402227937591,0
adam,standard,212,-1.7164440219110235,-1.7164440219110235,0
adam,standard,213,-1.7164855263777656,-1.7164855263777656,0
adam,standard,214,-1.7165267377151296,-1.7165267377151296,0
adam,standard,215,-1.7165676521905633,-1.7165676521905633,0
adam,standard,216,-1.7166082658695991,-1.7166082658695991,0
adam,standard,217,-1.7166485746289843,-1.7166485746289843,0
adam,standard,218,-1.7166885741567852,-1.7166885741567852,0
adam,standard,219,-1.7167282599227884,-1.7167282599227884,0
adam,standard,220,-1.7167676272060628,-1.7167676272060628,0
adam,standard,221,-1.7168066712422525,-1.7168066712422525,0
adam,standard,222,-1.7168453874441358,-1.7168453874441358,0
adam,standard,223,-1.7168837715868126,-1.7168837715868126,0
adam,standard,224,-1.7169218198856897,-1.7169218198856897,0
adam,standard,225,-1.7169595289688095,-1.7169595289688095,0
adam,standard,226,-1.716996895783723,-1.716996895783723,0
adam,standard,227,-1.7170339174806732,-1.7170339174806732,0
adam,standard,228,-1.7170705913105815,-1.7170705913105815,0
adam,standard,229,-1.7171069145726565,-1.7171069145726565,0
adam,standard,230,-1.7171428846232377,-1.7171428846232377,0
adam,standard,231,-1.7171784989214924,-1.7171784989214924,0
adam,standard,232,-1.717213755071476,-1.717213755071476,0
adam,standard,233,-1.7172486508403608,-1.7172486508403608,0
adam,standard,234,-1.7172831841630625,-1.7172831841630625,0
adam,standard,235,-1.717317353150191,-1.717317353150191,0
adam,standard,236,-1.7173511560980474,-1.7173511560980474,0
adam,standard,237,-1.7173845914848183,-1.7173845914848183,0
adam,standard,238,-1.7174176579459457,-1.7174176579459457,0
adam,standard,239,-1.7174503542431094,-1.7174503542431094,0
adam,standard,240,-1.7174826792485063,-1.7174826792485063,0
adam,standard,241,-1.7175146319523553,-1.7175146319523553,0
adam,standard,242,-1.7175462114820699,-1.7175462114820699,0
adam,standard,243,-1.7175774171163833,-1.7175774171163833,0
adam,standard,244,-1.7176082482878638,-1.7176082482878638,0
adam,standard,245,-1.7176387045792227,-1.7176387045792227,0
adam,standard,246,-1.7176687857217918,-1.7176687857217918,0
adam,standard,247,-1.717698491598336,-1.717698491598336,0
adam,standard,248,-1.7177278222457852,-1.7177278222457852,0
adam,standard,249,-1.7177567778517295,-1.7177567778517295,0
adam,standard,250,-1.717785358743846,-1.717785358743846,0
adam,standard,251,-1.7178135653779723,-1.7178135653779723,0
adam,standard,252,-1.7178413983325913,-1.7178413983325913,0
adam,standard,253,-1.7178688583116168,-1.7178688583116168,0
adam,standard,254,-1.7178959461493357,-1.7178959461493357,0
adam,standard,255,-1.7179226628094875,-1.7179226628094875,0
adam,standard,256,-1.7179490093765613,-1.7179490093765613,0
adam,standard,257,-1.717974987045463,-1.717974987045463,0
adam,standard,258,-1.7180005971169343,-1.7180005971169343,0
adam,standard,259,-1.7180258410000995,-1.7180258410000995,0
adam,standard,260,-1.7180507202168935,-1.7180507202168935,0
adam,standard,261,-1.7180752364026581,-1.7180752364026581,0
adam,standard,262,-1.718099391301861,-1.718099391301861,0
adam,standard,263,-1.7181231867623687,-1.7181231867623687,0
adam,standard,264,-1.7181466247310468,-1.7181466247310468,0
adam,standard,265,-1.7181697072510167,-1.7181697072510167,0
adam,standard,266,-1.7181924364589372,-1.7181924364589372,0
adam,standard,267,-1.7182148145815141,-1.7182148145815141,0
adam,standard,268,-1.7182368439317277,-1.7182368439317277,0
adam,standard,269,-1.7182585269052508,-1.7182585269052508,0
adam,standard,270,-1.7182798659772238,-1.7182798659772238,0
adam,standard,271,-1.7183008636992796,-1.7183008636992796,0
adam,standard,272,-1.7183215226966084,-1.7183215226966084,0
adam,standard,273,-1.7183418456651511,-1.7183418456651511,0
adam,standard,274,-1.7183618353685686,-1.7183618353685686,0
adam,standard,275,-1.7183814946349731,-1.7183814946349731,0
adam,standard,276,-1.7184008263536033,-1.7184008263536033,0
adam,standard,277,-1.7184198334718328,-1.7184198334718328,0
adam,standard,278,-1.7184385189924143,-1.7184385189924143,0
adam,standard,279,-1.71845688597074,-1.71845688597074,0
adam,standard,280,-1.7184749375119102,-1.7184749375119102,0
adam,standard,281,-1.7184926767678126,-1.7184926767678126,0
adam,standard,282,-1.7185101069343363,-1.7185101069343363,0
adam,standard,283,-1.7185272312487458,-1.7185272312487458,0
adam,standard,284,-1.7185440529867393,-1.7185440529867393,0
adam,standard,285,-1.7185605754592277,-1.7185605754592277,0
adam,standard,286,-1.7185768020091172,-1.7185768020091172,0
adam,standard,287,-1.7185927360084483,-1.7185927360084483,0
adam,standard,288,-1.7186083808559705,-1.7186083808559705,0
adam,standard,289,-1.7186237399748692,-1.7186237399748692,0
adam,standard,290,-1.7186388168103783,-1.7186388168103783,0
adam,standard,291,-1.718653614827295,-1.718653614827295,0
adam,standard,292,-1.7186681375074864,-1.7186681375074864,0
adam,standard,293,-1.7186823883475528,-1.7186823883475528,0
adam,standard,294,-1.718696370856584,-1.718696370856584,0
adam,standard,295,-1.7187100885539641,-1.7187100885539641,0
adam,standard,296,-1.7187235449670937,-1.7187235449670937,0
adam,standard,297,-1.7187367436291676,-1.7187367436291676,0
adam,standard,298,-1.7187496880769058,-1.7187496880769058,0
adam,standard,299,-1.718762381848468,-1.718762381848468,0
adam,standard,300,-1.7187748284814752,-1.7187748284814752,0
adam,standard,301,-1.7187870315110856,-1.7187870315110856,0
adam,standard,302,-1.7187989944681943,-1.7187989944681943,0
adam,standard,303,-1.7188107208776264,-1.7188107208776264,0
adam,standard,304,-1.718822214256397,-1.718822214256397,0
adam,standard,305,-1.718833478112057,-1.718833478112057,0
adam,standard,306,-1.718844515941083,-1.718844515941083,0
adam,standard,307,-1.7188553312272936,-1.7188553312272936,0
adam,standard,308,-1.7188659274403764,-1.7188659274403764,0
adam,standard,309,-1.718876308034422,-1.718876308034422,0
adam,standard,310,-1.7188864764465357,-1.7188864764465357,0
adam,standard,311,-1.7188964360954682,-1.7188964360954682,0
adam,standard,312,-1.71890619038032,-1.71890619038032,0
adam,standard,313,-1.7189157426792852,-1.7189157426792852,0
adam,standard,314,-1.7189250963485185,-1.7189250963485185,0
adam,standard,315,-1.7189342547210387,-1.7189342547210387,0
adam,standard,316,-1.7189432211056563,-1.7189432211056563,0
adam,standard,317,-1.718951998786001,-1.718951998786001,0
adam,standard,318,-1.7189605910195187,-1.7189605910195187,0
adam,standard,319,-1.7189690010365735,-1.7189690010365735,0
adam,standard,320,-1.7189772320395929,-1.7189772320395929,0
adam,standard,321,-1.7189852872022424,-1.7189852872022424,0
adam,standard,322,-1.7189931696686866,-1.7189931696686866,0
adam,standard,323,-1.7190008825528775,-1.7190008825528775,0
adam,standard,324,-1.719008428937877,-1.719008428937877,0
adam,standard,325,-1.7190158118752523,-1.7190158118752523,0
adam,standard,326,-1.7190230343844828,-1.7190230343844828,0
adam,standard,327,-1.7190300994524244,-1.7190300994524244,0
adam,standard,328,-1.7190370100328487,-1.7190370100328487,0
adam,standard,329,-1.7190437690459592,-1.7190437690459592,0
adam,standard,330,-1.719050379377994,-1.719050379377994,0
adam,standard,331,-1.7190568438808522,-1.7190568438808522,0
adam,standard,332,-1.7190631653717403,-1.7190631653717403,0
adam,standard,333,-1.719069346632888,-1.719069346632888,0
adam,standard,334,-1.7190753904112845,-1.7190753904112845,0
adam,standard,335,-1.7190812994184332,-1.7190812994184332,0
adam,standard,336,-1.7190870763301622,-1.7190870763301622,0
adam,standard,337,-1.7190927237864622,-1.7190927237864622,0
adam,standard,338,-1.7190982443913294,-1.7190982443913294,0
adam,standard,339,-1.7191036407126816,-1.7191036407126816,0
adam,standard,340,-1.7191089152822636,-1.7191089152822636,0
adam,standard,341,-1.7191140705956145,-1.7191140705956145,0
adam,standard,342,-1.719119109112026,-1.719119109112026,0
adam,standard,343,-1.7191240332545532,-1.7191240332545532,0
adam,standard,344,-1.7191288454100468,-1.7191288454100468,0
adam,standard,345,-1.7191335479291852,-1.7191335479291852,0
adam,standard,346,-1.7191381431265684,-1.7191381431265684,0
adam,standard,347,-1.7191426332807858,-1.7191426332807858,0
adam,standard,348,-1.719147020634548,-1.719147020634548,0
adam,standard,349,-1.7191513073948124,-1.7191513073948124,0
adam,standard,350,-1.7191554957329305,-1.7191554957329305,0
adam,standard,351,-1.719159587784824,-1.719159587784824,0
adam,standard,352,-1.7191635856511724,-1.7191635856511724,0
adam,standard,353,-1.7191674913976027,-1.7191674913976027,0
adam,standard,354,-1.7191713070549153,-1.7191713070549153,0
adam,standard,355,-1.7191750346193202,-1.7191750346193202,0
adam,standard,356,-1.7191786760526724,-1.7191786760526724,0
adam,standard,357,-1.7191822332827413,-1.7191822332827413,0
adam,standard,358,-1.71918570820347,-1.71918570820347,0
adam,standard,359,-1.7191891026752628,-1.7191891026752628,0
adam,standard,360,-1.7191924185252845,-1.7191924185252845,0
adam,standard,361,-1.7191956575477458,-1.7191956575477458,0
adam,standard,362,-1.7191988215042446,-1.7191988215042446,0
adam,standard,363,-1.719201912124049,-1.719201912124049,0
adam,standard,364,-1.7192049311044575,-1.7192049311044575,0
adam,standard,365,-1.7192078801111292,-1.7192078801111292,0
adam,standard,366,-1.7192107607784082,-1.7192107607784082,0
adam,standard,367,-1.71921357470971,-1.71921357470971,0
adam,standard,368,-1.7192163234778322,-1.7192163234778322,0
adam,standard,369,-1.7192190086253514,-1.7192190086253514,0
adam,standard,370,-1.7192216316649824,-1.7192216316649824,0
adam,standard,371,-1.719224194079933,-1.719224194079933,0
adam,standard,372,-1.7192266973242958,-1.7192266973242958,0
adam,standard,373,-1.7192291428234043,-1.7192291428234043,0
adam,standard,374,-1.7192315319742488,-1.7192315319742488,0
adam,standard,375,-1.719233866145805,-1.719233866145805,0
adam,standard,376,-1.7192361466794854,-1.7192361466794854,0
adam,standard,377,-1.7192383748894713,-1.7192383748894713,0
adam,standard,378,-1.7192405520631189,-1.7192405520631189,0
adam,standard,379,-1.719242679461359,-1.719242679461359,0
adam,standard,380,-1.719244758319082,-1.719244758319082,0
adam,standard,381,-1.719246789845504,-1.719246789845504,0
adam,standard,382,-1.7192487752245926,-1.7192487752245926,0
adam,standard,383,-1.7192507156154357,-1.7192507156154357,0
adam,standard,384,-1.719252612152636,-1.719252612152636,0
adam,standard,385,-1.7192544659467006,-1.7192544659467006,0
adam,standard,386,-1.7192562780844098,-1.7192562780844098,0
adam,standard,387,-1.719258049629242,-1.719258049629242,0
adam,standard,388,-1.7192597816217206,-1.7192597816217206,0
adam,standard,389,-1.7192614750798103,-1.7192614750798103,0
adam,standard,390,-1.7192631309993038,-1.7192631309993038,0
adam,standard,391,-1.7192647503541911,-1.7192647503541911,0
adam,standard,392,-1.7192663340970404,-1.7192663340970404,0
adam,standard,393,-1.719267883159369,-1.719267883159369,0
adam,standard,394,-1.7192693984520113,-1.7192693984520113,0
adam,standard,395,-1.7192708808655028,-1.7192708808655028,0
adam,standard,396,-1.7192723312704141,-1.7192723312704141,0
adam,standard,397,-1.719273750517745,-1.719273750517745,0
adam,standard,398,-1.7192751394392694,-1.7192751394392694,0
adam,standard,399,-1.7192764988478837,-1.7192764988478837,0
adam,standard,400,-1.7192778295379707,-1.7192778295379707,0
adam,standard,401,-1.7192791322857413,-1.7192791322857413,0
adam,standard,402,-1.71928040784958,-1.71928040784958,0
adam,standard,403,-1.719281656970389,-1.719281656970389,0
adam,standard,404,-1.7192828803719122,-1.7192828803719122,0
adam,standard,405,-1.7192840787610997,-1.7192840787610997,0
adam,standard,406,-1.719285252828392,-1.719285252828392,0
adam,standard,407,-1.719286403248089,-1.719286403248089,0
adam,standard,408,-1.7192875306786362,-1.7192875306786362,0
adam,standard,409,-1.7192886357629626,-1.7192886357629626,0
adam,standard,410,-1.7192897191287908,-1.7192897191287908,0
adam,standard,411,-1.7192907813889384,-1.7192907813889384,0
adam,standard,412,-1.7192918231416257,-1.7192918231416257,0
adam,standard,413,-1.719292844970783,-1.719292844970783,0
adam,standard,414,-1.7192938474463293,-1.7192938474463293,0
adam,standard,415,-1.7192948311244867,-1.7192948311244867,0
adam,standard,416,-1.7192957965480506,-1.7192957965480506,0
adam,standard,417,-1.7192967442466727,-1.7192967442466727,0
adam,standard,418,-1.7192976747371584,-1.7192976747371584,0
adam,standard,419,-1.7192985885237173,-1.7192985885237173,0
adam,standard,420,-1.719299486098242,-1.719299486098242,0
adam,standard,421,-1.7193003679405896,-1.7193003679405896,0
adam,standard,422,-1.7193012345188234,-1.7193012345188234,0
adam,standard,423,-1.7193020862894663,-1.7193020862894663,0
adam,standard,424,-1.7193029236977864,-1.7193029236977864,0
adam,standard,425,-1.7193037471779984,-1.7193037471779984,0
adam,standard,426,-1.7193045571535581,-1.7193045571535581,0
adam,standard,427,-1.7193053540373653,-1.7193053540373653,0
adam,standard,428,-1.719306138232015,-1.719306138232015,0
adam,standard,429,-1.7193069101300207,-1.7193069101300207,0
adam,standard,430,-1.7193076701140726,-1.7193076701140726,0
adam,standard,431,-1.7193084185572158,-1.7193084185572158,0
adam,standard,432,-1.7193091558231026,-1.7193091558231026,0
adam,standard,433,-1.7193098822662016,-1.7193098822662016,0
adam,standard,434,-1.7193105982320012,-1.7193105982320012,0
adam,standard,435,-1.7193113040572323,-1.7193113040572323,0
adam,standard,436,-1.7193120000700537,-1.7193120000700537,0
adam,standard,437,-1.719312686590267,-1.719312686590267,0
adam,standard,438,-1.7193133639295164,-1.7193133639295164,0
adam,standard,439,-1.719314032391462,-1.719314032391462,0
adam,standard,440,-1.7193146922719837,-1.7193146922719837,0
adam,standard,441,-1.719315343859368,-1.719315343859368,0
adam,standard,442,-1.7193159874344812,-1.7193159874344812,0
adam,standard,443,-1.7193166232709554,-1.7193166232709554,0
adam,standard,444,-1.7193172516353483,-1.7193172516353483,0
adam,standard,445,-1.719317872787333,-1.719317872787333,0
adam,standard,446,-1.7193184869798603,-1.7193184869798603,0
adam,standard,447,-1.7193190944593184,-1.7193190944593184,0
adam,standard,448,-1.7193196954656818,-1.7193196954656818,0
adam,standard,449,-1.7193202902326963,-1.7193202902326963,0
adam,standard,450,-1.7193208789880123,-1.7193208789880123,0
adam,standard,451,-1.7193214619533488,-1.7193214619533488,0
adam,standard,452,-1.7193220393446285,-1.7193220393446285,0
adam,standard,453,-1.7193226113721212,-1.7193226113721212,0
adam,standard,454,-1.7193231782406098,-1.7193231782406098,0
adam,standard,455,-1.719323740149495,-1.719323740149495,0
adam,standard,456,-1.719324297292957,-1.719324297292957,0
adam,standard,457,-1.7193248498600744,-1.7193248498600744,0
adam,standard,458,-1.7193253980349588,-1.7193253980349588,0
adam,standard,459,-1.7193259419968774,-1.7193259419968774,0
adam,standard,460,-1.7193264819203862,-1.7193264819203862,0
adam,standard,461,-1.7193270179754323,-1.7193270179754323,0
adam,standard,462,-1.7193275503275047,-1.7193275503275047,0
adam,standard,463,-1.719328079137712,-1.719328079137712,0
adam,standard,464,-1.7193286045629221,-1.7193286045629221,0
adam,standard,465,-1.719329126755873,-1.719329126755873,0
adam,standard,466,-1.7193296458652572,-1.7193296458652572,0
adam,standard,467,-1.7193301620358523,-1.7193301620358523,0
adam,standard,468,-1.7193306754086217,-1.7193306754086217,0
adam,standard,469,-1.7193311861207898,-1.7193311861207898,0
adam,standard,470,-1.719331694305979,-1.719331694305979,0
adam,standard,471,-1.719332200094285,-1.719332200094285,0
adam,standard,472,-1.7193327036123578,-1.7193327036123578,0
adam,standard,473,-1.7193332049835206,-1.7193332049835206,0
adam,standard,474,-1.719333704327846,-1.719333704327846,0
adam,standard,475,-1.7193342017622453,-1.7193342017622453,0
adam,standard,476,-1.7193346974005475,-1.7193346974005475,0
adam,standard,477,-1.7193351913535972,-1.7193351913535972,0
adam,standard,478,-1.7193356837293188,-1.7193356837293188,0
adam,standard,479,-1.7193361746328062,-1.7193361746328062,0
adam,standard,480,-1.719336664166408,-1.719336664166408,0
adam,standard,481,-1.7193371524297816,-1.7193371524297816,0
adam,standard,482,-1.7193376395199869,-1.7193376395199869,0
adam,standard,483,-1.7193381255315314,-1.7193381255315314,0
adam,standard,484,-1.7193386105564994,-1.7193386105564994,0
adam,standard,485,-1.7193390946845393,-1.7193390946845393,0
adam,standard,486,-1.719339578002991,-1.719339578002991,0
adam,standard,487,-1.7193400605969276,-1.7193400605969276,0
adam,standard,488,-1.7193405425492256,-1.7193405425492256,0
adam,standard,489,-1.7193410239406137,-1.7193410239406137,0
adam,standard,490,-1.7193415048497571,-1.7193415048497571,0
adam,standard,491,-1.7193419853532996,-1.7193419853532996,0
adam,standard,492,-1.71934246552591,-1.71934246552591,0
adam,standard,493,-1.7193429454403666,-1.7193429454403666,0
adam,standard,494,-1.7193434251675832,-1.7193434251675832,0
adam,standard,495,-1.7193439047766956,-1.7193439047766956,0
adam,standard,496,-1.7193443843350622,-1.7193443843350622,0
adam,standard,497,-1.7193448639083795,-1.7193448639083795,0
adam,standard,498,-1.719345343560676,-1.719345343560676,0
adam,standard,499,-1.719345823354378,-1.719345823354378,0
adam,standard,500,-1.71934630335037,-1.71934630335037,0
adam,standard,501,-1.7193467836080278,-1.7193467836080278,0
adam,standard,502,-1.7193472641852483,-1.7193472641852483,0
adam,standard,503,-1.719347745138525,-1.719347745138525,0
adam,standard,504,-1.7193482265229647,-1.7193482265229647,0
adam,standard,505,-1.7193487083923318,-1.7193487083923318,0
adam,standard,506,-1.7193491907990988,-1.7193491907990988,0
adam,standard,507,-1.7193496737944722,-1.7193496737944722,0
adam,standard,508,-1.719350157428441,-1.719350157428441,0
adam,standard,509,-1.7193506417497995,-1.7193506417497995,0
adam,standard,510,-1.7193511268061914,-1.7193511268061914,0
adam,standard,511,-1.7193516126441568,-1.7193516126441568,0
adam,standard,512,-1.7193520993091362,-1.7193520993091362,0
adam,standard,513,-1.7193525868455264,-1.7193525868455264,0
adam,standard,514,-1.7193530752967001,-1.7193530752967001,0
adam,standard,515,-1.7193535647050595,-1.7193535647050595,0
adam,standard,516,-1.7193540551120254,-1.7193540551120254,0
adam,standard,517,-1.7193545465580973,-1.7193545465580973,0
adam,standard,518,-1.7193550390828867,-1.7193550390828867,0
adam,standard,519,-1.7193555327251135,-1.7193555327251135,0
adam,standard,520,-1.7193560275226634,-1.7193560275226634,0
adam,standard,521,-1.7193565235126018,-1.7193565235126018,0
adam,standard,522,-1.7193570207311872,-1.7193570207311872,0
adam,standard,523,-1.719357519213928,-1.719357519213928,0
adam,standard,524,-1.7193580189955666,-1.7193580189955666,0
adam,standard,525,-1.719358520110143,-1.719358520110143,0
adam,standard,526,-1.7193590225909663,-1.7193590225909663,0
adam,standard,527,-1.7193595264706973,-1.7193595264706973,0
adam,standard,528,-1.7193600317813214,-1.7193600317813214,0
adam,standard,529,-1.7193605385541963,-1.7193605385541963,0
adam,standard,530,-1.7193610468200629,-1.7193610468200629,0
adam,standard,531,-1.719361556609058,-1.719361556609058,0
adam,standard,532,-1.7193620679507386,-1.7193620679507386,0
adam,standard,533,-1.7193625808741166,-1.7193625808741166,0
adam,standard,534,-1.7193630954076449,-1.7193630954076449,0
adam,standard,535,-1.719363611579264,-1.719363611579264,0
adam,standard,536,-1.7193641294164006,-1.7193641294164006,0
adam,standard,537,-1.7193646489459837,-1.7193646489459837,0
adam,standard,538,-1.7193651701944817,-1.7193651701944817,0
adam,standard,539,-1.7193656931878838,-1.7193656931878838,0
adam,standard,540,-1.719366217951751,-1.719366217951751,0
adam,standard,541,-1.7193667445112,-1.7193667445112,0
adam,standard,542,-1.719367272890932,-1.719367272890932,0
adam,standard,543,-1.719367803115249,-1.719367803115249,0
adam,standard,544,-1.7193683352080709,-1.7193683352080709,0
adam,standard,545,-1.7193688691929148,-1.7193688691929148,0
adam,standard,546,-1.719369405092947,-1.719369405092947,0
adam,standard,547,-1.719369942930983,-1.719369942930983,0
adam,standard,548,-1.71937048272949,-1.71937048272949,0
adam,standard,549,-1.7193710245106115,-1.7193710245106115,0
adam,standard,550,-1.7193715682961561,-1.7193715682961561,0
adam,standard,551,-1.7193721141076406,-1.7193721141076406,0
adam,standard,552,-1.7193726619662657,-1.7193726619662657,0
adam,standard,553,-1.7193732118929566,-1.7193732118929566,0
adam,standard,554,-1.719373763908357,-1.719373763908357,0
adam,standard,555,-1.7193743180328191,-1.7193743180328191,0
adam,standard,556,-1.7193748742864672,-1.7193748742864672,0
adam,standard,557,-1.7193754326891488,-1.7193754326891488,0
adam,standard,558,-1.7193759932604737,-1.7193759932604737,0
adam,standard,559,-1.7193765560198118,-1.7193765560198118,0
adam,standard,560,-1.7193771209863014,-1.7193771209863014,0
adam,standard,561,-1.7193776881788783,-1.7193776881788783,0
adam,standard,562,-1.7193782576162373,-1.7193782576162373,0
adam,standard,563,-1.7193788293168872,-1.7193788293168872,0
adam,standard,564,-1.7193794032991319,-1.7193794032991319,0
adam,standard,565,-1.7193799795810745,-1.7193799795810745,0
adam,standard,566,-1.71938055818064,-1.71938055818064,0
adam,standard,567,-1.7193811391155653,-1.7193811391155653,0
adam,standard,568,-1.7193817224034176,-1.7193817224034176,0
adam,standard,569,-1.719382308061597,-1.719382308061597,0
adam,standard,570,-1.719382896107328,-1.719382896107328,0
adam,standard,571,-1.7193834865576947,-1.7193834865576947,0
adam,standard,572,-1.7193840794296178,-1.7193840794296178,0
adam,standard,573,-1.7193846747398664,-1.7193846747398664,0
adam,standard,574,-1.7193852725050798,-1.7193852725050798,0
adam,standard,575,-1.719385872741737,-1.719385872741737,0
adam,standard,576,-1.7193864754662096,-1.7193864754662096,0
adam,standard,577,-1.719387080694721,-1.719387080694721,0
adam,standard,578,-1.7193876884433696,-1.7193876884433696,0
adam,standard,579,-1.7193882987281421,-1.7193882987281421,0
adam,standard,580,-1.719388911564907,-1.719388911564907,0
adam,standard,581,-1.7193895269693995,-1.7193895269693995,0
adam,standard,582,-1.7193901449572715,-1.7193901449572715,0
adam,standard,583,-1.7193907655440497,-1.7193907655440497,0
adam,standard,584,-1.7193913887451604,-1.7193913887451604,0
adam,standard,585,-1.7193920145759303,-1.7193920145759303,0
adam,standard,586,-1.7193926430515951,-1.7193926430515951,0
adam,standard,587,-1.719393274187284,-1.719393274187284,0
adam,standard,588,-1.7193939079980376,-1.7193939079980376,0
adam,standard,589,-1.7193945444988146,-1.7193945444988146,0
adam,standard,590,-1.7193951837044774,-1.7193951837044774,0
adam,standard,591,-1.719395825629814,-1.719395825629814,0
adam,standard,592,-1.719396470289519,-1.719396470289519,0
adam,standard,593,-1.7193971176982117,-1.7193971176982117,0
adam,standard,594,-1.7193977678704395,-1.7193977678704395,0
adam,standard,595,-1.7193984208206687,-1.7193984208206687,0
adam,standard,596,-1.7193990765632912,-1.7193990765632912,0
adam,standard,597,-1.7193997351126276,-1.7193997351126276,0
adam,standard,598,-1.719400396482934,-1.719400396482934,0
adam,standard,599,-1.719401060688393,-1.719401060688393,0
adam,standard,600,-1.719401727743118,-1.719401727743118,0
adam,standard,601,-1.7194023976611605,-1.7194023976611605,0
adam,standard,602,-1.7194030704565149,-1.7194030704565149,0
adam,standard,603,-1.7194037461430995,-1.7194037461430995,0
adam,standard,604,-1.7194044247347815,-1.7194044247347815,0
adam,standard,605,-1.719405106245367,-1.719405106245367,0
adam,standard,606,-1.719405790688599,-1.719405790688599,0
adam,standard,607,-1.7194064780781635,-1.7194064780781635,0
adam,standard,608,-1.7194071684276973,-1.7194071684276973,0
adam,standard,609,-1.71940786175077,-1.71940786175077,0
adam,standard,610,-1.7194085580609069,-1.7194085580609069,0
adam,standard,611,-1.7194092573715722,-1.7194092573715722,0
adam,standard,612,-1.7194099596961783,-1.7194099596961783,0
adam,standard,613,-1.7194106650480878,-1.7194106650480878,0
adam,standard,614,-1.7194113734406062,-1.7194113734406062,0
adam,standard,615,-1.7194120848870007,-1.7194120848870007,0
adam,standard,616,-1.7194127994004658,-1.7194127994004658,0
adam,standard,617,-1.7194135169941638,-1.7194135169941638,0
adam,standard,618,-1.7194142376812012,-1.7194142376812012,0
adam,standard,619,-1.7194149614746341,-1.7194149614746341,0
adam,standard,620,-1.7194156883874725,-1.7194156883874725,0
adam,standard,621,-1.7194164184326746,-1.7194164184326746,0
adam,standard,622,-1.7194171516231476,-1.7194171516231476,0
adam,standard,623,-1.7194178879717545,-1.7194178879717545,0
adam,standard,624,-1.719418627491313,-1.719418627491313,0
adam,standard,625,-1.7194193701945917,-1.7194193701945917,0
adam,standard,626,-1.7194201160942977,-1.7194201160942977,0
adam,standard,627,-1.7194208652031155,-1.7194208652031155,0
adam,standard,628,-1.7194216175336534,-1.7194216175336534,0
adam,standard,629,-1.7194223730984959,-1.7194223730984959,0
adam,standard,630,-1.719423131910167,-1.719423131910167,0
adam,standard,631,-1.7194238939811428,-1.7194238939811428,0
adam,standard,632,-1.719424659323853,-1.719424659323853,0
adam,standard,633,-1.7194254279506822,-1.7194254279506822,0
adam,standard,634,-1.7194261998739633,-1.7194261998739633,0
adam,standard,635,-1.71942697510598,-1.71942697510598,0
adam,standard,636,-1.7194277536589702,-1.7194277536589702,0
adam,standard,637,-1.7194285355451182,-1.7194285355451182,0
adam,standard,638,-1.7194293207765634,-1.7194293207765634,0
adam,standard,639,-1.719430109365386,-1.719430109365386,0
adam,standard,640,-1.71943090132363,-1.71943090132363,0
adam,standard,641,-1.7194316966632783,-1.7194316966632783,0
adam,standard,642,-1.719432495396262,-1.719432495396262,0
adam,standard,643,-1.7194332975344688,-1.7194332975344688,0
adam,standard,644,-1.7194341030897278,-1.7194341030897278,0
adam,standard,645,-1.7194349120738253,-1.7194349120738253,0
adam,standard,646,-1.7194357244984724,-1.7194357244984724,0
adam,standard,647,-1.719436540375356,-1.719436540375356,0
adam,standard,648,-1.719437359716082,-1.719437359716082,0
adam,standard,649,-1.71943818253222,-1.71943818253222,0
adam,standard,650,-1.7194390088352778,-1.7194390088352778,0
adam,standard,651,-1.719439838636708,-1.719439838636708,0
adam,standard,652,-1.719440671947903,-1.719440671947903,0
adam,standard,653,-1.719441508780203,-1.719441508780203,0
adam,standard,654,-1.7194423491448882,-1.7194423491448882,0
adam,standard,655,-1.719443193053184,-1.719443193053184,0
adam,standard,656,-1.7194440405162459,-1.7194440405162459,0
adam,standard,657,-1.71944489154518,-1.71944489154518,0
adam,standard,658,-1.7194457461510253,-1.7194457461510253,0
adam,standard,659,-1.7194466043447703,-1.7194466043447703,0
adam,standard,660,-1.7194474661373247,-1.7194474661373247,0
adam,standard,661,-1.7194483315395448,-1.7194483315395448,0
adam,standard,662,-1.7194492005622208,-1.7194492005622208,0
adam,standard,663,-1.7194500732160818,-1.7194500732160818,0
adam,standard,664,-1.7194509495117833,-1.7194509495117833,0
adam,standard,665,-1.7194518294599224,-1.7194518294599224,0
adam,standard,666,-1.7194527130710273,-1.7194527130710273,0
adam,standard,667,-1.7194536003555514,-1.7194536003555514,0
adam,standard,668,-1.719454491323882,-1.719454491323882,0
adam,standard,669,-1.7194553859863446,-1.7194553859863446,0
adam,standard,670,-1.7194562843531807,-1.7194562843531807,0
adam,standard,671,-1.7194571864345702,-1.7194571864345702,0
adam,standard,672,-1.719458092240616,-1.719458092240616,0
adam,standard,673,-1.7194590017813416,-1.7194590017813416,0
adam,standard,674,-1.719459915066707,-1.719459915066707,0
adam,standard,675,-1.7194608321065903,-1.7194608321065903,0
adam,standard,676,-1.7194617529107887,-1.7194617529107887,0
adam,standard,677,-1.719462677489028,-1.719462677489028,0
adam,standard,678,-1.719463605850953,-1.719463605850953,0
adam,standard,679,-1.7194645380061306,-1.7194645380061306,0
adam,standard,680,-1.7194654739640451,-1.7194654739640451,0
adam,standard,681,-1.7194664137340872,-1.7194664137340872,0
adam,standard,682,-1.7194673573255943,-1.7194673573255943,0
adam,standard,683,-1.719468304747787,-1.719468304747787,0
adam,standard,684,-1.7194692560098188,-1.7194692560098188,0
adam,standard,685,-1.7194702111207512,-1.7194702111207512,0
adam,standard,686,-1.7194711700895657,-1.7194711700895657,0
adam,standard,687,-1.7194721329251441,-1.7194721329251441,0
adam,standard,688,-1.7194730996362892,-1.7194730996362892,0
adam,standard,689,-1.7194740702317042,-1.7194740702317042,0
adam,standard,690,-1.7194750447200038,-1.7194750447200038,0
adam,standard,691,-1.7194760231097161,-1.7194760231097161,0
adam,standard,692,-1.7194770054092599,-1.7194770054092599,0
adam,standard,693,-1.719477991626976,-1.719477991626976,0
adam,standard,694,-1.7194789817711014,-1.7194789817711014,0
adam,standard,695,-1.7194799758497712,-1.7194799758497712,0
adam,standard,696,-1.719480973871025,-1.719480973871025,0
adam,standard,697,-1.7194819758428082,-1.7194819758428082,0
adam,standard,698,-1.7194829817729562,-1.7194829817729562,0
adam,standard,699,-1.719483991669207,-1.719483991669207,0
adam,standard,700,-1.7194850055391968,-1.7194850055391968,0
adam,standard,701,-1.719486023390455,-1.719486023390455,0
adam,standard,702,-1.7194870452303996,-1.7194870452303996,0
adam,standard,703,-1.7194880710663547,-1.7194880710663547,0
adam,standard,704,-1.7194891009055226,-1.7194891009055226,0
adam,standard,705,-1.719490134755005,-1.719490134755005,0
adam,standard,706,-1.719491172621789,-1.719491172621789,0
adam,standard,707,-1.7194922145127483,-1.7194922145127483,0
adam,standard,708,-1.7194932604346502,-1.7194932604346502,0
adam,standard,709,-1.7194943103941467,-1.7194943103941467,0
adam,standard,710,-1.719495364397768,-1.719495364397768,0
adam,standard,711,-1.7194964224519262,-1.7194964224519262,0
adam,standard,712,-1.7194974845629305,-1.7194974845629305,0
adam,standard,713,-1.7194985507369516,-1.7194985507369516,0
adam,standard,714,-1.719499620980054,-1.719499620980054,0
adam,standard,715,-1.719500695298176,-1.719500695298176,0
adam,standard,716,-1.719501773697131,-1.719501773697131,0
adam,standard,717,-1.7195028561826085,-1.7195028561826085,0
adam,standard,718,-1.7195039427601764,-1.7195039427601764,0
adam,standard,719,-1.7195050334352744,-1.7195050334352744,0
adam,standard,720,-1.7195061282132134,-1.7195061282132134,0
adam,standard,721,-1.7195072270991743,-1.7195072270991743,0
adam,standard,722,-1.71950833009821,-1.71950833009821,0
adam,standard,723,-1.7195094372152435,-1.7195094372152435,0
adam,standard,724,-1.7195105484550612,-1.7195105484550612,0
adam,standard,725,-1.7195116638223142,-1.7195116638223142,0
adam,standard,726,-1.7195127833215251,-1.7195127833215251,0
adam,standard,727,-1.7195139069570742,-1.7195139069570742,0
adam,standard,728,-1.7195150347332115,-1.7195150347332115,0
adam,standard,729,-1.7195161666540366,-1.7195161666540366,0
adam,standard,730,-1.7195173027235167,-1.7195173027235167,0
adam,standard,731,-1.7195184429454773,-1.7195184429454773,0
adam,standard,732,-1.7195195873236033,-1.7195195873236033,0
adam,standard,733,-1.7195207358614302,-1.7195207358614302,0
adam,standard,734,-1.7195218885623522,-1.7195218885623522,0
adam,standard,735,-1.7195230454296146,-1.7195230454296146,0
adam,standard,736,-1.7195242064663225,-1.7195242064663225,0
adam,standard,737,-1.7195253716754237,-1.7195253716754237,0
adam,standard,738,-1.7195265410597167,-1.7195265410597167,0
adam,standard,739,-1.719527714621862,-1.719527714621862,0
adam,standard,740,-1.71952889236435,-1.71952889236435,0
adam,standard,741,-1.719530074289524,-1.719530074289524,0
adam,standard,742,-1.7195312603995863,-1.7195312603995863,0
adam,standard,743,-1.7195324506965626,-1.7195324506965626,0
adam,standard,744,-1.7195336451823335,-1.7195336451823335,0
adam,standard,745,-1.7195348438586215,-1.7195348438586215,0
adam,standard,746,-1.7195360467269862,-1.7195360467269862,0
adam,standard,747,-1.7195372537888334,-1.7195372537888334,0
adam,standard,748,-1.7195384650453924,-1.7195384650453924,0
adam,standard,749,-1.7195396804977507,-1.7195396804977507,0
adam,standard,750,-1.7195409001468192,-1.7195409001468192,0
adam,standard,751,-1.7195421239933464,-1.7195421239933464,0
adam,standard,752,-1.7195433520379142,-1.7195433520379142,0
adam,standard,753,-1.719544584280939,-1.719544584280939,0
adam,standard,754,-1.7195458207226648,-1.7195458207226648,0
adam,standard,755,-1.7195470613631803,-1.7195470613631803,0
adam,standard,756,-1.7195483062023846,-1.7195483062023846,0
adam,standard,757,-1.7195495552400204,-1.7195495552400204,0
adam,standard,758,-1.7195508084756523,-1.7195508084756523,0
adam,standard,759,-1.7195520659086672,-1.7195520659086672,0
adam,standard,760,-1.7195533275382868,-1.7195533275382868,0
adam,standard,761,-1.7195545933635552,-1.7195545933635552,0
adam,standard,762,-1.7195558633833328,-1.7195558633833328,0
adam,standard,763,-1.7195571375963095,-1.7195571375963095,0
adam,standard,764,-1.7195584160009976,-1.7195584160009976,0
adam,standard,765,-1.7195596985957193,-1.7195596985957193,0
adam,standard,766,-1.7195609853786349,-1.7195609853786349,0
adam,standard,767,-1.7195622763477043,-1.7195622763477043,0
adam,standard,768,-1.7195635715007196,-1.7195635715007196,0
adam,standard,769,-1.7195648708352818,-1.7195648708352818,0
adam,standard,770,-1.719566174348805,-1.719566174348805,0
adam,standard,771,-1.7195674820385334,-1.7195674820385334,0
adam,standard,772,-1.719568793901508,-1.719568793901508,0
adam,standard,773,-1.719570109934585,-1.719570109934585,0
adam,standard,774,-1.7195714301344518,-1.7195714301344518,0
adam,standard,775,-1.7195727544975863,-1.7195727544975863,0
adam,standard,776,-1.719574083020286,-1.719574083020286,0
adam,standard,777,-1.719575415698653,-1.719575415698653,0
adam,standard,778,-1.719576752528604,-1.719576752528604,0
adam,standard,779,-1.719578093505865,-1.719578093505865,0
adam,standard,780,-1.7195794386259649,-1.7195794386259649,0
adam,standard,781,-1.7195807878842426,-1.7195807878842426,0
adam,standard,782,-1.7195821412758407,-1.7195821412758407,0
adam,standard,783,-1.7195834987957093,-1.7195834987957093,0
adam,standard,784,-1.7195848604386001,-1.7195848604386001,0
adam,standard,785,-1.7195862261990706,-1.7195862261990706,0
adam,standard,786,-1.7195875960714857,-1.7195875960714857,0
adam,standard,787,-1.7195889700500044,-1.7195889700500044,0
adam,standard,788,-1.7195903481285952,-1.7195903481285952,0
adam,standard,789,-1.7195917303010253,-1.7195917303010253,0
adam,standard,790,-1.7195931165608604,-1.7195931165608604,0
adam,standard,791,-1.7195945069014733,-1.7195945069014733,0
adam,standard,792,-1.719595901316023,-1.719595901316023,0
adam,standard,793,-1.7195972997974824,-1.7195972997974824,0
adam,standard,794,-1.7195987023386154,-1.7195987023386154,0
adam,standard,795,-1.7196001089319821,-1.7196001089319821,0
adam,standard,796,-1.719601519569955,-1.719601519569955,0
adam,standard,797,-1.7196029342446826,-1.7196029342446826,0
adam,standard,798,-1.7196043529481186,-1.7196043529481186,0
adam,standard,799,-1.7196057756720178,-1.7196057756720178,0
adam,standard,800,-1.719607202407927,-1.719607202407927,0
adam,standard,801,-1.7196086331471898,-1.7196086331471898,0
adam,standard,802,-1.7196100678809385,-1.7196100678809385,0
adam,standard,803,-1.7196115066001156,-1.7196115066001156,0
adam,standard,804,-1.719612949295443,-1.719612949295443,0
adam,standard,805,-1.7196143959574361,-1.7196143959574361,0
adam,standard,806,-1.7196158465764182,-1.7196158465764182,0
adam,standard,807,-1.7196173011425004,-1.7196173011425004,0
adam,standard,808,-1.7196187596455756,-1.7196187596455756,0
adam,standard,809,-1.7196202220753447,-1.7196202220753447,0
adam,standard,810,-1.7196216884212938,-1.7196216884212938,0
adam,standard,811,-1.719623158672711,-1.719623158672711,0
adam,standard,812,-1.7196246328186673,-1.7196246328186673,0
adam,standard,813,-1.7196261108480262,-1.7196261108480262,0
adam,standard,814,-1.719627592749449,-1.719627592749449,0
adam,standard,815,-1.7196290785113912,-1.7196290785113912,0
adam,standard,816,-1.7196305681220987,-1.7196305681220987,0
adam,standard,817,-1.7196320615695988,-1.7196320615695988,0
adam,standard,818,-1.7196335588417357,-1.7196335588417357,0
adam,standard,819,-1.719635059926115,-1.719635059926115,0
adam,standard,820,-1.7196365648101684,-1.7196365648101684,0
adam,standard,821,-1.7196380734810885,-1.7196380734810885,0
adam,standard,822,-1.719639585925881,-1.719639585925881,0
adam,standard,823,-1.7196411021313422,-1.7196411021313422,0
adam,standard,824,-1.7196426220840577,-1.7196426220840577,0
adam,standard,825,-1.7196441457704015,-1.7196441457704015,0
adam,standard,826,-1.7196456731765477,-1.7196456731765477,0
adam,standard,827,-1.719647204288464,-1.719647204288464,0
adam,standard,828,-1.7196487390919084,-1.7196487390919084,0
adam,standard,829,-1.7196502775724405,-1.7196502775724405,0
adam,standard,830,-1.7196518197153972,-1.7196518197153972,0
adam,standard,831,-1.7196533655059365,-1.7196533655059365,0
adam,standard,832,-1.7196549149289835,-1.7196549149289835,0
adam,standard,833,-1.7196564679692845,-1.7196564679692845,0
adam,standard,834,-1.7196580246113589,-1.7196580246113589,0
adam,standard,835,-1.719659584839538,-1.719659584839538,0
adam,standard,836,-1.7196611486379456,-1.7196611486379456,0
adam,standard,837,-1.719662715990503,-1.719662715990503,0
adam,standard,838,-1.7196642868809187,-1.7196642868809187,0
adam,standard,839,-1.7196658612927254,-1.7196658612927254,0
adam,standard,840,-1.7196674392092242,-1.7196674392092242,0
adam,standard,841,-1.7196690206135412,-1.7196690206135412,0
adam,standard,842,-1.7196706054885833,-1.7196706054885833,0
adam,standard,843,-1.7196721938170665,-1.7196721938170665,0
adam,standard,844,-1.7196737855815134,-1.7196737855815134,0
adam,standard,845,-1.7196753807642413,-1.7196753807642413,0
adam,standard,846,-1.7196769793473734,-1.7196769793473734,0
adam,standard,847,-1.7196785813128324,-1.7196785813128324,0
adam,standard,848,-1.7196801866423477,-1.7196801866423477,0
adam,standard,849,-1.7196817953174615,-1.7196817953174615,0
adam,standard,850,-1.7196834073195086,-1.7196834073195086,0
adam,standard,851,-1.7196850226296359,-1.7196850226296359,0
adam,standard,852,-1.7196866412287992,-1.7196866412287992,0
adam,standard,853,-1.7196882630977726,-1.7196882630977726,0
adam,standard,854,-1.719689888217119,-1.719689888217119,0
adam,standard,855,-1.7196915165672284,-1.7196915165672284,0
adam,standard,856,-1.7196931481282922,-1.7196931481282922,0
adam,standard,857,-1.7196947828803202,-1.7196947828803202,0
adam,standard,858,-1.7196964208031378,-1.7196964208031378,0
adam,standard,859,-1.7196980618763724,-1.7196980618763724,0
adam,standard,860,-1.7196997060794827,-1.7196997060794827,0
adam,standard,861,-1.7197013533917376,-1.7197013533917376,0
adam,standard,862,-1.7197030037922159,-1.7197030037922159,0
adam,standard,863,-1.7197046572598287,-1.7197046572598287,0
adam,standard,864,-1.719706313773297,-1.719706313773297,0
adam,standard,865,-1.719707973311174,-1.719707973311174,0
adam,standard,866,-1.719709635851823,-1.719709635851823,0
adam,standard,867,-1.7197113013734366,-1.7197113013734366,0
adam,standard,868,-1.7197129698540363,-1.7197129698540363,0
adam,standard,869,-1.7197146412714654,-1.7197146412714654,0
adam,standard,870,-1.7197163156033983,-1.7197163156033983,0
adam,standard,871,-1.7197179928273278,-1.7197179928273278,0
adam,standard,872,-1.719719672920598,-1.719719672920598,0
adam,standard,873,-1.7197213558603601,-1.7197213558603601,0
adam,standard,874,-1.7197230416236184,-1.7197230416236184,0
adam,standard,875,-1.7197247301871998,-1.7197247301871998,0
adam,standard,876,-1.7197264215277799,-1.7197264215277799,0
adam,standard,877,-1.7197281156218562,-1.7197281156218562,0
adam,standard,878,-1.7197298124457747,-1.7197298124457747,0
adam,standard,879,-1.719731511975721,-1.719731511975721,0
adam,standard,880,-1.719733214187722,-1.719733214187722,0
adam,standard,881,-1.719734919057649,-1.719734919057649,0
adam,standard,882,-1.7197366265612188,-1.7197366265612188,0
adam,standard,883,-1.7197383366739947,-1.7197383366739947,0
adam,standard,884,-1.7197400493713875,-1.7197400493713875,0
adam,standard,885,-1.7197417646286641,-1.7197417646286641,0
adam,standard,886,-1.719743482420933,-1.719743482420933,0
adam,standard,887,-1.719745202723168,-1.719745202723168,0
adam,standard,888,-1.7197469255101858,-1.7197469255101858,0
adam,standard,889,-1.7197486507566724,-1.7197486507566724,0
adam,standard,890,-1.7197503784371666,-1.7197503784371666,0
adam,standard,891,-1.7197521085260685,-1.7197521085260685,0
adam,standard,892,-1.719753840997639,-1.719753840997639,0
adam,standard,893,-1.7197555758260077,-1.7197555758260077,0
adam,standard,894,-1.7197573129851642,-1.7197573129851642,0
adam,standard,895,-1.7197590524489748,-1.7197590524489748,0
adam,standard,896,-1.7197607941911637,-1.7197607941911637,0
adam,standard,897,-1.7197625381853427,-1.7197625381853427,0
adam,standard,898,-1.719764284404981,-1.719764284404981,0
adam,standard,899,-1.7197660328234317,-1.7197660328234317,0
adam,standard,900,-1.7197677834139282,-1.7197677834139282,0
adam,standard,901,-1.719769536149574,-1.719769536149574,0
adam,standard,902,-1.7197712910033642,-1.7197712910033642,0
adam,standard,903,-1.719773047948173,-1.719773047948173,0
adam,standard,904,-1.7197748069567518,-1.7197748069567518,0
adam,standard,905,-1.7197765680017536,-1.7197765680017536,0
adam,standard,906,-1.7197783310557182,-1.7197783310557182,0
adam,standard,907,-1.7197800960910652,-1.7197800960910652,0
adam,standard,908,-1.7197818630801187,-1.7197818630801187,0
adam,standard,909,-1.719783631995097,-1.719783631995097,0
adam,standard,910,-1.7197854028081134,-1.7197854028081134,0
adam,standard,911,-1.7197871754911855,-1.7197871754911855,0
adam,standard,912,-1.719788950016221,-1.719788950016221,0
adam,standard,913,-1.719790726355049,-1.719790726355049,0
adam,standard,914,-1.7197925044793916,-1.7197925044793916,0
adam,standard,915,-1.7197942843608875,-1.7197942843608875,0
adam,standard,916,-1.719796065971076,-1.719796065971076,0
adam,standard,917,-1.7197978492814234,-1.7197978492814234,0
adam,standard,918,-1.719799634263293,-1.719799634263293,0
adam,standard,919,-1.7198014208879784,-1.7198014208879784,0
adam,standard,920,-1.7198032091266904,-1.7198032091266904,0
adam,standard,921,-1.7198049989505575,-1.7198049989505575,0
adam,standard,922,-1.719806790330637,-1.719806790330637,0
adam,standard,923,-1.719808583237906,-1.719808583237906,0
adam,standard,924,-1.7198103776432658,-1.7198103776432658,0
adam,standard,925,-1.719812173517562,-1.719812173517562,0
adam,standard,926,-1.7198139708315723,-1.7198139708315723,0
adam,standard,927,-1.71981576955599,-1.71981576955599,0
adam,standard,928,-1.7198175696614604,-1.7198175696614604,0
adam,standard,929,-1.7198193711185692,-1.7198193711185692,0
adam,standard,930,-1.7198211738978366,-1.7198211738978366,0
adam,standard,931,-1.71982297796973,-1.71982297796973,0
adam,standard,932,-1.7198247833046656,-1.7198247833046656,0
adam,standard,933,-1.7198265898730052,-1.7198265898730052,0
adam,standard,934,-1.7198283976450555,-1.7198283976450555,0
adam,standard,935,-1.719830206591086,-1.719830206591086,0
adam,standard,936,-1.719832016681318,-1.719832016681318,0
adam,standard,937,-1.7198338278859293,-1.7198338278859293,0
adam,standard,938,-1.7198356401750585,-1.7198356401750585,0
adam,standard,939,-1.7198374535188004,-1.7198374535188004,0
adam,standard,940,-1.7198392678872307,-1.7198392678872307,0
adam,standard,941,-1.7198410832503706,-1.7198410832503706,0
adam,standard,942,-1.7198428995782273,-1.7198428995782273,0
adam,standard,943,-1.7198447168407696,-1.7198447168407696,0
adam,standard,944,-1.7198465350079417,-1.7198465350079417,0
adam,standard,945,-1.7198483540496718,-1.7198483540496718,0
adam,standard,946,-1.719850173935851,-1.719850173935851,0
adam,standard,947,-1.719851994636365,-1.719851994636365,0
adam,standard,948,-1.7198538161210795,-1.7198538161210795,0
adam,standard,949,-1.7198556383598353,-1.7198556383598353,0
adam,standard,950,-1.7198574613224735,-1.7198574613224735,0
adam,standard,951,-1.7198592849788206,-1.7198592849788206,0
adam,standard,952,-1.7198611092986862,-1.7198611092986862,0
adam,standard,953,-1.7198629342518919,-1.7198629342518919,0
adam,standard,954,-1.7198647598082384,-1.7198647598082384,0
adam,standard,955,-1.719866585937542,-1.719866585937542,0
adam,standard,956,-1.7198684126096007,-1.7198684126096007,0
adam,standard,957,-1.7198702397942331,-1.7198702397942331,0
adam,standard,958,-1.7198720674612586,-1.7198720674612586,0
adam,standard,959,-1.7198738955804902,-1.7198738955804902,0
adam,standard,960,-1.7198757241217817,-1.7198757241217817,0
adam,standard,961,-1.7198775530549673,-1.7198775530549673,0
adam,standard,962,-1.7198793823499146,-1.7198793823499146,0
adam,standard,963,-1.7198812119765006,-1.7198812119765006,0
adam,standard,964,-1.7198830419046245,-1.7198830419046245,0
adam,standard,965,-1.7198848721042073,-1.7198848721042073,0
adam,standard,966,-1.7198867025451938,-1.7198867025451938,0
adam,standard,967,-1.7198885331975509,-1.7198885331975509,0
adam,standard,968,-1.7198903640312684,-1.7198903640312684,0
adam,standard,969,-1.7198921950163848,-1.7198921950163848,0
adam,standard,970,-1.7198940261229514,-1.7198940261229514,0
adam,standard,971,-1.7198958573210623,-1.7198958573210623,0
adam,standard,972,-1.7198976885808575,-1.7198976885808575,0
adam,standard,973,-1.7198995198724893,-1.7198995198724893,0
adam,standard,974,-1.7199013511661705,-1.7199013511661705,0
adam,standard,975,-1.7199031824321662,-1.7199031824321662,0
adam,standard,976,-1.7199050136407599,-1.7199050136407599,0
adam,standard,977,-1.7199068447622994,-1.7199068447622994,0
adam,standard,978,-1.7199086757671782,-1.7199086757671782,0
adam,standard,979,-1.7199105066258398,-1.7199105066258398,0
adam,standard,980,-1.7199123373087821,-1.7199123373087821,0
adam,standard,981,-1.7199141677865584,-1.7199141677865584,0
adam,standard,982,-1.7199159980297831,-1.7199159980297831,0
adam,standard,983,-1.7199178280091176,-1.7199178280091176,0
adam,standard,984,-1.7199196576952973,-1.7199196576952973,0
adam,standard,985,-1.7199214870591182,-1.7199214870591182,0
adam,standard,986,-1.7199233160714307,-1.7199233160714307,0
adam,standard,987,-1.7199251447031731,-1.7199251447031731,0
adam,standard,988,-1.7199269729253366,-1.7199269729253366,0
adam,standard,989,-1.7199288007089817,-1.7199288007089817,0
adam,standard,990,-1.719930628025258,-1.719930628025258,0
adam,standard,991,-1.7199324548453734,-1.7199324548453734,0
adam,standard,992,-1.719934281140626,-1.719934281140626,0
adam,standard,993,-1.7199361068823766,-1.7199361068823766,0
adam,standard,994,-1.719937932042082,-1.719937932042082,0
adam,standard,995,-1.719939756591276,-1.719939756591276,0
adam,standard,996,-1.7199415805015685,-1.7199415805015685,0
adam,standard,997,-1.7199434037446713,-1.7199434037446713,0
adam,standard,998,-1.7199452262923645,-1.7199452262923645,0
adam,standard,999,-1.7199470481165386,-1.7199470481165386,0
adam,local_global,0,0.5106449236737369,2.7365391087395956,0
adam,local_global,1,0.4994188495848498,2.6318149583969617,0
adam,local_global,2,0.48888265432033495,2.534550084135726,0
adam,local_global,3,0.4790737609874143,2.4482041079776757,0
adam,local_global,4,0.4701732713067908,2.376124826934489,0
adam,local_global,5,0.4622736413616946,2.318182515109443,0
adam,local_global,6,0.45529850245906395,2.2719152650554664,0
adam,local_global,7,0.44906282377677553,2.2341142551337416,0
adam,local_global,8,0.44336411608546333,2.2019853940373832,0
adam,local_global,9,0.43803029106770464,2.1732409360158016,0
adam,local_global,10,0.4329198881979991,2.146023402861414,0
adam,local_global,11,0.42792515806827547,2.119005155744126,0
adam,local_global,12,0.4229772325930406,2.09137607877971,0
adam,local_global,13,0.4180410918712114,2.0626497208956946,0
adam,local_global,14,0.41310109724776717,2.03246609792479,0
adam,local_global,15,0.4081452969315394,2.000514877172388,0
adam,local_global,16,0.4031573080564464,1.9665493456981686,0
adam,local_global,17,0.3981171876941713,1.9303827565100298,0
adam,local_global,18,0.39300286647001614,1.8918479880155605,0
adam,local_global,19,0.3877879729218984,1.8507673432285505,0
adam,local_global,20,0.38243929837804247,1.8069662374191886,0
adam,local_global,21,0.37691797653158576,1.7603193428825659,0
adam,local_global,22,0.3711846726998191,1.7107754317251906,0
adam,local_global,23,0.3652051114669229,1.6583350870161615,0
adam,local_global,24,0.3589527606334787,1.6030110700466758,0
adam,local_global,25,0.35240797514289385,1.5448139822702676,0
adam,local_global,26,0.3455560118835864,1.4837874706918608,0
adam,local_global,27,0.33838717470490076,1.4200774636141693,0
adam,local_global,28,0.3308988498882364,1.353985575619096,0
adam,local_global,29,0.32309630984247345,1.2859653107000508,0
adam,local_global,30,0.31499060182527744,1.216554640408732,0
adam,local_global,31,0.30659486904377836,1.146264892264327,0
adam,local_global,32,0.29792099863894683,1.0754643398481052,0
adam,local_global,33,0.2889776226706521,1.004306416275926,0
adam,local_global,34,0.2797705193003012,0.9327347840957417,0
adam,local_global,35,0.2703060048675225,0.860554155622273,0
adam,local_global,36,0.26059623378106594,0.7875222523458699,0
adam,local_global,37,0.2506639444112277,0.7134176209808691,0
adam,local_global,38,0.24054428453803103,0.6380643130018573,0
adam,local_global,39,0.23028291881074708,0.5613250146415386,0
adam,local_global,40,0.2199315730100353,0.4830897356443458,0
adam,local_global,41,0.20954337662408457,0.40328410800229114,0
adam,local_global,42,0.19917057134092198,0.32190514192565617,0
adam,local_global,43,0.1888660890303158,0.23906898107755928,0
adam,local_global,44,0.1786875991540159,0.15504081673247622,0
adam,local_global,45,0.16869986138237747,0.07022963802893853,0
adam,local_global,46,0.15897236938301057,-0.014842581591489865,0
adam,local_global,47,0.14957331818463995,-0.0995726072431944,0
adam,local_global,48,0.14056344592525907,-0.18328763269657333,0
adam,local_global,49,0.13199275902202148,-0.2652358190610912,0
adam,local_global,50,0.12390061814466469,-0.3445808550250453,0
adam,local_global,51,0.11631723940106196,-0.42043777719021425,0
adam,local_global,52,0.109264192748911,-0.49197762740829964,0
adam,local_global,53,0.10275232466299916,-0.5586059547367674,0
adam,local_global,54,0.09677629647864097,-0.6201844498463567,0
adam,local_global,55,0.0913062417984795,-0.6772182356415504,0
adam,local_global,56,0.08627958672509378,-0.7309034408489691,0
adam,local_global,57,0.08159820803747493,-0.7829604551033563,0
adam,local_global,58,0.07713542298580289,-0.8352718391486206,0
adam,local_global,59,0.07275331888393408,-0.8894448081576133,0
adam,local_global,60,0.06832605449053131,-0.9464496402442345,0
adam,local_global,61,0.06376262166182381,-1.0064293745437196,0
adam,local_global,62,0.059023951950632876,-1.0686969406116373,0
adam,local_global,63,0.05413094137195722,-1.1318965091637145,0
adam,local_global,64,0.049160164425133455,-1.1942930390995705,0
adam,local_global,65,0.04422597026253337,-1.2541276717920584,0
adam,local_global,66,0.03945311469140132,-1.3099461084907496,0
adam,local_global,67,0.03494903817950862,-1.3608089058283166,0
adam,local_global,68,0.03078499945795854,-1.4063366759861717,0
adam,local_global,69,0.0269907949286575,-1.4466065375578254,0
adam,local_global,70,0.023562080666632314,-1.4819672974264984,0
adam,local_global,71,0.02047513143757439,-1.5128591502233648,0
adam,local_global,72,0.0177021660769819,-1.5397041150472959,0
adam,local_global,73,0.015221329420363285,-1.562886731945243,0
adam,local_global,74,0.013018730864333103,-1.5827946921137739,0
adam,local_global,75,0.011084116315387166,-1.5998623561660452,0
adam,local_global,76,0.009404582054700886,-1.614570157165728,0
adam,local_global,77,0.007960758052018683,-1.6273907107790613,0
adam,local_global,78,0.006727455827271957,-1.6387107755683235,0
adam,local_global,79,0.005677773798743547,-1.6487721391912284,0
adam,local_global,80,0.0047879465049347715,-1.6576606997764802,0
adam,local_global,81,0.004040363845531372,-1.6653465840993846,0
adam,local_global,82,0.003423540963429151,-1.6717557295806165,0
adam,local_global,83,0.002929454731835884,-1.676843881059192,0
adam,local_global,84,0.002549798429846215,-1.6806486720722056,0
adam,local_global,85,0.002272885971025638,-1.6833088583899183,0
adam,local_global,86,0.00208228717588186,-1.6850527320741235,0
adam,local_global,87,0.001957402304949915,-1.686164531946012,0
adam,local_global,88,0.0018755772368308958,-1.6869393534587898,0
adam,local_global,89,0.001815049116554133,-1.6876372734157388,0
adam,local_global,90,0.0017578561390433182,-1.6884471644045642,0
adam,local_global,91,0.00169186725252306,-1.6894685200383053,0
adam,local_global,92,0.0016113789214279397,-1.6907145747657943,0
adam,local_global,93,0.0015162344773473114,-1.6921332977741401,0
adam,local_global,94,0.0014099406143821263,-1.6936374769316143,0
adam,local_global,95,0.0012975413143989179,-1.6951338442552955,0
adam,local_global,96,0.0011839282154049535,-1.6965442665044788,0
adam,local_global,97,0.0010729053562886538,-1.697816948089676,0
adam,local_global,98,0.0009669359742748824,-1.6989293141412432,0
adam,local_global,99,0.0008672918311050405,-1.6998853483930327,0
adam,local_global,100,0.0007743400948625352,-1.7007093528588035,0
adam,local_global,101,0.0006878370064159924,-1.7014370991239067,0
adam,local_global,102,0.0006072187950306098,-1.7021053898405627,0
adam,local_global,103,0.0005319122109584963,-1.7027420281937977,0
adam,local_global,104,0.0004616386116339181,-1.7033589628963426,0
adam,local_global,105,0.00039662305601064976,-1.7039508770340952,0
adam,local_global,106,0.0003376089829490764,-1.7044996261622904,0
adam,local_global,107,0.0002856412304854003,-1.7049826061777722,0
adam,local_global,108,0.00024168614803990866,-1.705381609887757,0
adam,local_global,109,0.00020624591463348627,-1.7056888646929909,0
adam,local_global,110,0.0001791335394452482,-1.7059086241863988,0
adam,local_global,111,0.00015948838177088064,-1.7060548622664946,0
adam,local_global,112,0.00014598230416183657,-1.706147007054685,0
adam,local_global,113,0.00013708343753129703,-1.7062056553333618,0
adam,local_global,114,0.0001312613381951134,-1.7062492577379091,0
adam,local_global,115,0.00012710626283198896,-1.7062918393290543,0
adam,local_global,116,0.00012341297196722794,-1.7063415919871547,0
adam,local_global,117,0.0001192806493950981,-1.7064005123040467,0
adam,local_global,118,0.00011421516444033028,-1.706465481558712,0
adam,local_global,119,0.00010816092896322714,-1.706530797248309,0
adam,local_global,120,0.00010140226676399288,-1.7065913568036128,0
adam,local_global,121,9.435450057556906e-05,-1.706645151448667,0
adam,local_global,122,8.734464498938724e-05,-1.706693984949482,0
adam,local_global,123,8.049218104626735e-05,-1.7067422760280069,0
adam,local_global,124,7.373361011835706e-05,-1.706794783381777,0
adam,local_global,125,6.694501921313869e-05,-1.706854478421282,0
adam,local_global,126,6.007070392885083e-05,-1.7069214527370282,0
adam,local_global,127,5.3186040021298614e-05,-1.7069930566463374,0
adam,local_global,128,4.647979376259096e-05,-1.7070649070651402,0
adam,local_global,129,4.018781876129455e-05,-1.7071322085894656,0
adam,local_global,130,3.4521807002705496e-05,-1.7071909257651992,0
adam,local_global,131,2.9621193604155893e-05,-1.7072385407553334,0
adam,local_global,132,2.553514827143392e-05,-1.7072743129919832,0
adam,local_global,133,2.2228760296273995e-05,-1.7072990995902781,0
adam,local_global,134,1.9603796648662523e-05,-1.7073148876816329,0
adam,local_global,135,1.752531801256889e-05,-1.707324210557459,0
adam,local_global,136,1.584834659872171e-05,-1.7073295749971549,0
adam,local_global,137,1.4442325940791997e-05,-1.7073329748501465,0
adam,local_global,138,1.3212563459749397e-05,-1.707335560901635,0
adam,local_global,139,1.2115149395607024e-05,-1.7073375605745815,0
adam,local_global,140,1.1157930242259989e-05,-1.7073385121761833,0
adam,local_global,141,1.0381752214513015e-05,-1.7073377534623748,0
adam,local_global,142,9.826275371708797e-06,-1.707334952426697,0
adam,local_global,143,9.496583210400165e-06,-1.707330423161336,0
adam,local_global,144,9.34916591931552e-06,-1.7073250945225313,0
adam,local_global,145,9.304131023356316e-06,-1.7073202087374317,0
adam,local_global,146,9.27321632629551e-06,-1.7073169580036742,0
adam,local_global,147,9.184735728488932e-06,-1.7073162312927386,0
adam,local_global,148,8.993424173973174e-06,-1.7073185047719008,0
adam,local_global,149,8.677627641488677e-06,-1.7073238091833198,0
adam,local_global,150,-1.7073238091833198,-1.707491796393368,1
adam,local_global,151,-1.707491796393368,-1.7074756222721348,0
adam,local_global,152,-1.7074756222721348,-1.7075225017678564,0
adam,local_global,153,-1.7075225017678564,-1.7076429668292687,0
adam,local_global,154,-1.7076429668292687,-1.7077068059246687,0
adam,local_global,155,-1.7077068059246687,-1.7077563847262178,0
adam,local_global,156,-1.7077563847262178,-1.7078402429549024,0
adam,local_global,157,-1.7078402429549024,-1.7078522014973572,0
adam,local_global,158,-1.7078522014973572,-1.707835757393929,0
adam,local_global,159,-1.707835757393929,-1.7078614262025784,0
adam,local_global,160,-1.7078614262025784,-1.707845242693319,0
adam,local_global,161,-1.707845242693319,-1.7078025834604496,0
adam,local_global,162,-1.7078025834604496,-1.7078102840171674,0
adam,local_global,163,-1.7078102840171674,-1.7078249094743532,0
adam,local_global,164,-1.7078249094743532,-1.707814808666212,0
adam,local_global,165,-1.707814808666212,-1.7078436534223171,0
adam,local_global,166,-1.7078436534223171,-1.7078816163475208,0
adam,local_global,167,-1.7078816163475208,-1.707894445826516,0
adam,local_global,168,-1.707894445826516,-1.7079151381550726,0
adam,local_global,169,-1.7079151381550726,-1.7079409234411418,0
adam,local_global,170,-1.7079409234411418,-1.7079413274073372,0
adam,local_global,171,-1.7079413274073372,-1.7079397702887806,0
adam,local_global,172,-1.7079397702887806,-1.707953767741241,0
adam,local_global,173,-1.707953767741241,-1.7079531233457976,0
adam,local_global,174,-1.7079531233457976,-1.7079487003773226,0
adam,local_global,175,-1.7079487003773226,-1.7079589239238142,0
adam,local_global,176,-1.7079589239238142,-1.707970034441249,0
adam,local_global,177,-1.707970034441249,-1.707971877660025,0
adam,local_global,178,-1.707971877660025,-1.7079788027550975,0
adam,local_global,179,-1.7079788027550975,-1.7079815079294034,0
adam,local_global,180,-1.7079815079294034,-1.7079697877953441,0
adam,local_global,181,-1.7079697877953441,-1.7079607531295598,0
adam,local_global,182,-1.7079607531295598,-1.707980632804515,0
adam,local_global,183,-1.707980632804515,-1.7080247217761015,0
adam,local_global,184,-1.7080247217761015,-1.7080472991802622,0
adam,local_global,185,-1.7080472991802622,-1.7080317518741792,0
adam,local_global,186,-1.7080317518741792,-1.7080157850022417,0
adam,local_global,187,-1.7080157850022417,-1.7080360286643783,0
adam,local_global,188,-1.7080360286643783,-1.7080634151559735,0
adam,local_global,189,-1.7080634151559735,-1.7080608924750083,0
adam,local_global,190,-1.7080608924750083,-1.7080521573373,0
adam,local_global,191,-1.7080521573373,-1.7080695293962107,0
adam,local_global,192,-1.7080695293962107,-1.7080917453788005,0
adam,local_global,193,-1.7080917453788005,-1.708092161087579,0
adam,local_global,194,-1.708092161087579,-1.7080896241873345,0
adam,local_global,195,-1.7080896241873345,-1.7081041995770028,0
adam,local_global,196,-1.7081041995770028,-1.708119319936728,0
adam,local_global,197,-1.708119319936728,-1.7081206625671805,0
adam,local_global,198,-1.7081206625671805,-1.708122628662593,0
adam,local_global,199,-1.708122628662593,-1.7081357418359797,0
adam,local_global,200,-1.7081357418359797,-1.7081480059336902,0
adam,local_global,201,-1.7081480059336902,-1.7081513843824125,0
adam,local_global,202,-1.7081513843824125,-1.708155627154674,0
adam,local_global,203,-1.708155627154674,-1.7081667139804706,0
adam,local_global,204,-1.7081667139804706,-1.7081765348707891,0
adam,local_global,205,-1.7081765348707891,-1.7081798864939985,0
adam,local_global,206,-1.7081798864939985,-1.7081845836695808,0
adam,local_global,207,-1.7081845836695808,-1.708194610986194,0
adam,local_global,208,-1.708194610986194,-1.7082035740833048,0
adam,local_global,209,-1.7082035740833048,-1.708208597571463,0
adam,local_global,210,-1.708208597571463,-1.7082150492410186,0
adam,local_global,211,-1.7082150492410186,-1.708224604544432,0
adam,local_global,212,-1.708224604544432,-1.7082332530547082,0
adam,local_global,213,-1.7082332530547082,-1.7082393820502888,0
adam,local_global,214,-1.7082393820502888,-1.7082456338594132,0
adam,local_global,215,-1.7082456338594132,-1.708253777154907,0
adam,local_global,216,-1.708253777154907,-1.7082620581919148,0
adam,local_global,217,-1.7082620581919148,-1.708268633085655,0
adam,local_global,218,-1.708268633085655,-1.708275025978148,0
adam,local_global,219,-1.708275025978148,-1.7082829855580326,0
adam,local_global,220,-1.7082829855580326,-1.7082914229331723,0
adam,local_global,221,-1.7082914229331723,-1.7082988692369852,0
adam,local_global,222,-1.7082988692369852,-1.7083058978004386,0
adam,local_global,223,-1.7083058978004386,-1.708313555655709,0
adam,local_global,224,-1.708313555655709,-1.7083218365902864,0
adam,local_global,225,-1.7083218365902864,-1.7083298447690163,0
adam,local_global,226,-1.7083298447690163,-1.7083372864661976,0
adam,local_global,227,-1.7083372864661976,-1.7083449071251078,0
adam,local_global,228,-1.7083449071251078,-1.7083531596073194,0
adam,local_global,229,-1.7083531596073194,-1.7083615251449635,0
adam,local_global,230,-1.7083615251449635,-1.7083695101726104,0
adam,local_global,231,-1.7083695101726104,-1.7083773445735102,0
adam,local_global,232,-1.7083773445735102,-1.7083854504544886,0
adam,local_global,233,-1.7083854504544886,-1.7083938556703155,0
adam,local_global,234,-1.7083938556703155,-1.7084022666847105,0
adam,local_global,235,-1.7084022666847105,-1.708410523994652,0
adam,local_global,236,-1.708410523994652,-1.708418789094274,0
adam,local_global,237,-1.708418789094274,-1.7084272836279275,0
adam,local_global,238,-1.7084272836279275,-1.7084359464500156,0
adam,local_global,239,-1.7084359464500156,-1.7084445669048216,0
adam,local_global,240,-1.7084445669048216,-1.7084531020112506,0
adam,local_global,241,-1.7084531020112506,-1.708461646462605,0
adam,local_global,242,-1.708461646462605,-1.708470323560499,0
adam,local_global,243,-1.708470323560499,-1.7084791437132478,0
adam,local_global,244,-1.7084791437132478,-1.7084879963733228,0
adam,local_global,245,-1.7084879963733228,-1.7084968107496183,0
adam,local_global,246,-1.7084968107496183,-1.708505605397676,0
adam,local_global,247,-1.708505605397676,-1.7085143616529506,0
adam,local_global,248,-1.7085143616529506,-1.7085229511507318,0
adam,local_global,249,-1.7085229511507318,-1.7085309664912358,0
adam,local_global,250,-1.7085309664912358,-1.708537529854937,0
adam,local_global,251,-1.708537529854937,-1.7085408701320755,0
adam,local_global,252,-1.7085408701320755,-1.7085378088821754,0
adam,local_global,253,-1.7085378088821754,-1.7085260403498044,0
adam,local_global,254,-1.7085260403498044,-1.7085120853670492,0
adam,local_global,255,-1.7085120853670492,-1.708516851620616,0
adam,local_global,256,-1.708516851620616,-1.7085347125107186,0
adam,local_global,257,-1.7085347125107186,-1.7085284215795362,0
adam,local_global,258,-1.7085284215795362,-1.7085185033343921,0
adam,local_global,259,-1.7085185033343921,-1.7085649378521248,0
adam,local_global,260,-1.7085649378521248,-1.7086206541900888,0
adam,local_global,261,-1.7086206541900888,-1.7086148204402032,0
adam,local_global,262,-1.7086148204402032,-1.7085972025172809,0
adam,local_global,263,-1.7085972025172809,-1.708631262877076,0
adam,local_global,264,-1.708631262877076,-1.708663143330186,0
adam,local_global,265,-1.708663143330186,-1.7086554544396635,0
adam,local_global,266,-1.7086554544396635,-1.7086625968792424,0
adam,local_global,267,-1.7086625968792424,-1.7086917814076013,0
adam,local_global,268,-1.7086917814076013,-1.7086996766403058,0
adam,local_global,269,-1.7086996766403058,-1.7087025794444624,0
adam,local_global,270,-1.7087025794444624,-1.7087227298394254,0
adam,local_global,271,-1.7087227298394254,-1.7087351906381012,0
adam,local_global,272,-1.7087351906381012,-1.7087405988100073,0
adam,local_global,273,-1.7087405988100073,-1.7087575406087474,0
adam,local_global,274,-1.7087575406087474,-1.7087704457062098,0
adam,local_global,275,-1.7087704457062098,-1.7087751461969825,0
adam,local_global,276,-1.7087751461969825,-1.7087905953842621,0
adam,local_global,277,-1.7087905953842621,-1.7088071608478652,0
adam,local_global,278,-1.7088071608478652,-1.7088120538705194,0
adam,local_global,279,-1.7088120538705194,-1.7088223611518591,0
adam,local_global,280,-1.7088223611518591,-1.7088408130752495,0
adam,local_global,281,-1.7088408130752495,-1.7088503291511805,0
adam,local_global,282,-1.7088503291511805,-1.7088570728777903,0
adam,local_global,283,-1.7088570728777903,-1.7088730951641322,0
adam,local_global,284,-1.7088730951641322,-1.7088872951698255,0
adam,local_global,285,-1.7088872951698255,-1.7088943550629117,0
adam,local_global,286,-1.7088943550629117,-1.7089061199730349,0
adam,local_global,287,-1.7089061199730349,-1.7089222355645888,0
adam,local_global,288,-1.7089222355645888,-1.7089329554855373,0
adam,local_global,289,-1.7089329554855373,-1.7089421319911675,0
adam,local_global,290,-1.7089421319911675,-1.7089563405318122,0
adam,local_global,291,-1.7089563405318122,-1.708970369890849,0
adam,local_global,292,-1.708970369890849,-1.7089806137598744,0
adam,local_global,293,-1.7089806137598744,-1.708992257401015,0
adam,local_global,294,-1.708992257401015,-1.7090066749673076,0
adam,local_global,295,-1.7090066749673076,-1.7090195188380595,0
adam,local_global,296,-1.7090195188380595,-1.7090308411271673,0
adam,local_global,297,-1.7090308411271673,-1.709043847123547,0
adam,local_global,298,-1.709043847123547,-1.709057750381693,0
adam,local_global,299,-1.709057750381693,-1.7090704644520032,0
adam,local_global,300,-1.7090704644520032,-1.7090830327785638,0
adam,local_global,301,-1.7090830327785638,-1.7090967180543823,0
adam,local_global,302,-1.7090967180543823,-1.7091105053714353,0
adam,local_global,303,-1.7091105053714353,-1.7091236610490035,0
adam,local_global,304,-1.7091236610490035,-1.7091370547577038,0
adam,local_global,305,-1.7091370547577038,-1.7091510912015762,0
adam,local_global,306,-1.7091510912015762,-1.7091650967255914,0
adam,local_global,307,-1.7091650967255914,-1.709178915788295,0
adam,local_global,308,-1.709178915788295,-1.7091930447986434,0
adam,local_global,309,-1.7091930447986434,-1.7092074989387855,0
adam,local_global,310,-1.7092074989387855,-1.7092219200535963,0
adam,local_global,311,-1.7092219200535963,-1.7092363316355044,0
adam,local_global,312,-1.7092363316355044,-1.7092510214320007,0
adam,local_global,313,-1.7092510214320007,-1.7092659815387663,0
adam,local_global,314,-1.7092659815387663,-1.709280972583158,0
adam,local_global,315,-1.709280972583158,-1.7092960067466343,0
adam,local_global,316,-1.7092960067466343,-1.7093112858836508,0
adam,local_global,317,-1.7093112858836508,-1.7093268066132998,0
adam,local_global,318,-1.7093268066132998,-1.7093424032799864,0
adam,local_global,319,-1.7093424032799864,-1.7093580463089186,0
adam,local_global,320,-1.7093580463089186,-1.7093738754415577,0
adam,local_global,321,-1.7093738754415577,-1.7093899351622568,0
adam,local_global,322,-1.7093899351622568,-1.7094060872222956,0
adam,local_global,323,-1.7094060872222956,-1.709422229401628,0
adam,local_global,324,-1.709422229401628,-1.7094383402634807,0
adam,local_global,325,-1.7094383402634807,-1.709454268275245,0
adam,local_global,326,-1.709454268275245,-1.709469520084815,0
adam,local_global,327,-1.709469520084815,-1.7094832082334699,0
adam,local_global,328,-1.7094832082334699,-1.7094947410541546,0
adam,local_global,329,-1.7094947410541546,-1.709506506336264,0
adam,local_global,330,-1.709506506336264,-1.709524596947763,0
adam,local_global,331,-1.709524596947763,-1.7095465576848734,0
adam,local_global,332,-1.7095465576848734,-1.7095595472173084,0
adam,local_global,333,-1.7095595472173084,-1.7095644969057089,0
adam,local_global,334,-1.7095644969057089,-1.7095752879054464,0
adam,local_global,335,-1.7095752879054464,-1.7095946336977847,0
adam,local_global,336,-1.7095946336977847,-1.709614985113968,0
adam,local_global,337,-1.709614985113968,-1.7096401327907889,0
adam,local_global,338,-1.7096401327907889,-1.7096745357681267,0
adam,local_global,339,-1.7096745357681267,-1.7097050646771876,0
adam,local_global,340,-1.7097050646771876,-1.7097211867135162,0
adam,local_global,341,-1.7097211867135162,-1.709732327197823,0
adam,local_global,342,-1.709732327197823,-1.7097473794910998,0
adam,local_global,343,-1.7097473794910998,-1.7097648063703828,0
adam,local_global,344,-1.7097648063703828,-1.7097852575202843,0
adam,local_global,345,-1.7097852575202843,-1.7098071881837713,0
adam,local_global,346,-1.7098071881837713,-1.7098199026664425,0
adam,local_global,347,-1.7098199026664425,-1.7098189540435902,0
adam,local_global,348,-1.7098189540435902,-1.7098154674129007,0
adam,local_global,349,-1.7098154674129007,-1.7098243683123906,0
adam,local_global,350,-1.7098243683123906,-1.7098479415029137,0
adam,local_global,351,-1.7098479415029137,-1.709875074273438,0
adam,local_global,352,-1.709875074273438,-1.7099054490270833,0
adam,local_global,353,-1.7099054490270833,-1.7099457352603034,0
adam,local_global,354,-1.7099457352603034,-1.7099843458051651,0
adam,local_global,355,-1.7099843458051651,-1.7100039345824425,0
adam,local_global,356,-1.7100039345824425,-1.7100082974692727,0
adam,local_global,357,-1.7100082974692727,-1.7100256077107026,0
adam,local_global,358,-1.7100256077107026,-1.710067453103517,0
adam,local_global,359,-1.710067453103517,-1.7101039985198305,0
adam,local_global,360,-1.7101039985198305,-1.7101130986506448,0
adam,local_global,361,-1.7101130986506448,-1.710118487503402,0
adam,local_global,362,-1.710118487503402,-1.7101480880871922,0
adam,local_global,363,-1.7101480880871922,-1.7101867933714063,0
adam,local_global,364,-1.7101867933714063,-1.710206320546646,0
adam,local_global,365,-1.710206320546646,-1.7102143642392549,0
adam,local_global,366,-1.7102143642392549,-1.7102353706041873,0
adam,local_global,367,-1.7102353706041873,-1.7102669258961252,0
adam,local_global,368,-1.7102669258961252,-1.7102892867641055,0
adam,local_global,369,-1.7102892867641055,-1.7103024345175586,0
adam,local_global,370,-1.7103024345175586,-1.7103218014472124,0
adam,local_global,371,-1.7103218014472124,-1.7103486670888703,0
adam,local_global,372,-1.7103486670888703,-1.7103705664499795,0
adam,local_global,373,-1.7103705664499795,-1.7103852732448719,0
adam,local_global,374,-1.7103852732448719,-1.710402828893028,0
adam,local_global,375,-1.710402828893028,-1.7104265570943684,0
adam,local_global,376,-1.7104265570943684,-1.7104488247736707,0
adam,local_global,377,-1.7104488247736707,-1.7104654261603227,0
adam,local_global,378,-1.7104654261603227,-1.7104814304864797,0
adam,local_global,379,-1.7104814304864797,-1.7105011435249928,0
adam,local_global,380,-1.7105011435249928,-1.7105217414888003,0
adam,local_global,381,-1.7105217414888003,-1.7105394280602764,0
adam,local_global,382,-1.7105394280602764,-1.7105554129384033,0
adam,local_global,383,-1.7105554129384033,-1.7105727132404165,0
adam,local_global,384,-1.7105727132404165,-1.7105911263201599,0
adam,local_global,385,-1.7105911263201599,-1.7106083880808864,0
adam,local_global,386,-1.7106083880808864,-1.7106240382076296,0
adam,local_global,387,-1.7106240382076296,-1.7106395888154957,0
adam,local_global,388,-1.7106395888154957,-1.7106557997209009,0
adam,local_global,389,-1.7106557997209009,-1.710671863354885,0
adam,local_global,390,-1.710671863354885,-1.7106869999125784,0
adam,local_global,391,-1.7106869999125784,-1.7107015235137992,0
adam,local_global,392,-1.7107015235137992,-1.7107160485792083,0
adam,local_global,393,-1.7107160485792083,-1.7107305419837657,0
adam,local_global,394,-1.7107305419837657,-1.710744567571128,0
adam,local_global,395,-1.710744567571128,-1.7107579956432342,0
adam,local_global,396,-1.7107579956432342,-1.7107710857930858,0
adam,local_global,397,-1.7107710857930858,-1.7107840540919117,0
adam,local_global,398,-1.7107840540919117,-1.7107968366585462,0
adam,local_global,399,-1.7107968366585462,-1.7108092870689455,0
adam,local_global,400,-1.7108092870689455,-1.7108213730694506,0
adam,local_global,401,-1.7108213730694506,-1.7108331613206358,0
adam,local_global,402,-1.7108331613206358,-1.7108446965058572,0
adam,local_global,403,-1.7108446965058572,-1.710855969760513,0
adam,local_global,404,-1.710855969760513,-1.7108669678648631,0
adam,local_global,405,-1.7108669678648631,-1.7108776926444296,0
adam,local_global,406,-1.7108776926444296,-1.710888152477781,0
adam,local_global,407,-1.710888152477781,-1.7108983469417998,0
adam,local_global,408,-1.7108983469417998,-1.7109082676332905,0
adam,local_global,409,-1.7109082676332905,-1.7109178793700572,0
adam,local_global,410,-1.7109178793700572,-1.7109270939759422,0
adam,local_global,411,-1.7109270939759422,-1.7109357359800057,0
adam,local_global,412,-1.7109357359800057,-1.710943500839826,0
adam,local_global,413,-1.710943500839826,-1.7109498183013765,0
adam,local_global,414,-1.7109498183013765,-1.7109536465898258,0
adam,local_global,415,-1.7109536465898258,-1.7109531841489192,0
adam,local_global,416,-1.7109531841489192,-1.7109462933866124,0
adam,local_global,417,-1.7109462933866124,-1.7109324549190883,0
adam,local_global,418,-1.7109324549190883,-1.710919097265307,0
adam,local_global,419,-1.710919097265307,-1.7109238596674063,0
adam,local_global,420,-1.7109238596674063,-1.7109587740270051,0
adam,local_global,421,-1.7109587740270051,-1.7110004398387195,0
adam,local_global,422,-1.7110004398387195,-1.711009183243013,0
adam,local_global,423,-1.711009183243013,-1.710978364285683,0
adam,local_global,424,-1.710978364285683,-1.710936932311818,0
adam,local_global,425,-1.710936932311818,-1.7109120682063192,0
adam,local_global,426,-1.7109120682063192,-1.7109087080301697,0
adam,local_global,427,-1.7109087080301697,-1.7109343452330348,0
adam,local_global,428,-1.7109343452330348,-1.7109941130201534,0
adam,local_global,429,-1.7109941130201534,-1.7110469137415458,0
adam,local_global,430,-1.7110469137415458,-1.7110495192787059,0
adam,local_global,431,-1.7110495192787059,-1.7110209966810628,0
adam,local_global,432,-1.7110209966810628,-1.7110158851557815,0
adam,local_global,433,-1.7110158851557815,-1.7110519216279707,0
adam,local_global,434,-1.7110519216279707,-1.7110824266281563,0
adam,local_global,435,-1.7110824266281563,-1.7110774585296897,0
adam,local_global,436,-1.7110774585296897,-1.7110696275760087,0
adam,local_global,437,-1.7110696275760087,-1.7110928111204737,0
adam,local_global,438,-1.7110928111204737,-1.7111261413260224,0
adam,local_global,439,-1.7111261413260224,-1.7111345180702338,0
adam,local_global,440,-1.7111345180702338,-1.7111272578827688,0
adam,local_global,441,-1.7111272578827688,-1.7111338179378788,0
adam,local_global,442,-1.7111338179378788,-1.7111529579422238,0
adam,local_global,443,-1.7111529579422238,-1.7111623644605252,0
adam,local_global,444,-1.7111623644605252,-1.7111620001180146,0
adam,local_global,445,-1.7111620001180146,-1.7111700730153399,0
adam,local_global,446,-1.7111700730153399,-1.7111878410767876,0
adam,local_global,447,-1.7111878410767876,-1.7111987575498064,0
adam,local_global,448,-1.7111987575498064,-1.7111985087049113,0
adam,local_global,449,-1.7111985087049113,-1.711200801787845,0
adam,local_global,450,-1.711200801787845,-1.7112133456855536,0
adam,local_global,451,-1.7112133456855536,-1.711227048684883,0
adam,local_global,452,-1.711227048684883,-1.7112329156573378,0
adam,local_global,453,-1.7112329156573378,-1.711235511938233,0
adam,local_global,454,-1.711235511938233,-1.7112430845100837,0
adam,local_global,455,-1.7112430845100837,-1.7112544754472414,0
adam,local_global,456,-1.7112544754472414,-1.7112629060429034,0
adam,local_global,457,-1.7112629060429034,-1.7112672928551858,0
adam,local_global,458,-1.7112672928551858,-1.7112727843689426,0
adam,local_global,459,-1.7112727843689426,-1.7112821534009033,0
adam,local_global,460,-1.7112821534009033,-1.711292194375796,0
adam,local_global,461,-1.711292194375796,-1.711299219141692,0
adam,local_global,462,-1.711299219141692,-1.711304186715822,0
adam,local_global,463,-1.711304186715822,-1.7113105457389508,0
adam,local_global,464,-1.7113105457389508,-1.711319313585759,0
adam,local_global,465,-1.711319313585759,-1.711328289656418,0
adam,local_global,466,-1.711328289656418,-1.7113354556539946,0
adam,local_global,467,-1.7113354556539946,-1.711341424319533,0
adam,local_global,468,-1.711341424319533,-1.7113481507137425,0
adam,local_global,469,-1.7113481507137425,-1.7113563356992814,0
adam,local_global,470,-1.7113563356992814,-1.711364865592991,0
adam,local_global,471,-1.711364865592991,-1.7113724059092725,0
adam,local_global,472,-1.7113724059092725,-1.7113788725822603,0
adam,local_global,473,-1.7113788725822603,-1.7113852279444457,0
adam,local_global,474,-1.7113852279444457,-1.711392225719563,0
adam,local_global,475,-1.711392225719563,-1.7113996648227199,0
adam,local_global,476,-1.7113996648227199,-1.7114067099095736,0
adam,local_global,477,-1.7114067099095736,-1.711412629799942,0
adam,local_global,478,-1.711412629799942,-1.7114171216291574,0
adam,local_global,479,-1.7114171216291574,-1.7114200429683633,0
adam,local_global,480,-1.7114200429683633,-1.7114210338740283,0
adam,local_global,481,-1.7114210338740283,-1.7114196285258994,0
adam,local_global,482,-1.7114196285258994,-1.7114162902285242,0
adam,local_global,483,-1.7114162902285242,-1.711414133485861,0
adam,local_global,484,-1.711414133485861,-1.711419160730903,0
adam,local_global,485,-1.711419160730903,-1.7114355630120015,0
adam,local_global,486,-1.7114355630120015,-1.7114587331990312,0
adam,local_global,487,-1.7114587331990312,-1.7114776659971356,0
adam,local_global,488,-1.7114776659971356,-1.7114864201330742,0
adam,local_global,489,-1.7114864201330742,-1.7114887102711704,0
adam,local_global,490,-1.7114887102711704,-1.7114925833134562,0
adam,local_global,491,-1.7114925833134562,-1.7115031516854189,0
adam,local_global,492,-1.7115031516854189,-1.711517576922372,0
adam,local_global,493,-1.711517576922372,-1.7115283490085558,0
adam,local_global,494,-1.7115283490085558,-1.7115328647446795,0
adam,local_global,495,-1.7115328647446795,-1.7115360890703801,0
adam,local_global,496,-1.7115360890703801,-1.711543810112581,0
adam,local_global,497,-1.711543810112581,-1.7115560863020305,0
adam,local_global,498,-1.7115560863020305,-1.7115676084260927,0
adam,local_global,499,-1.7115676084260927,-1.7115741050837372,0
adam,local_global,500,-1.7115741050837372,-1.7115771790612686,0
adam,local_global,501,-1.7115771790612686,-1.7115819847313003,0
adam,local_global,502,-1.7115819847313003,-1.7115912447922181,0
adam,local_global,503,-1.7115912447922181,-1.7116025472651286,0
adam,local_global,504,-1.7116025472651286,-1.711611536847763,0
adam,local_global,505,-1.711611536847763,-1.7116168154672649,0
adam,local_global,506,-1.7116168154672649,-1.7116208685241385,0
adam,local_global,507,-1.7116208685241385,-1.7116267784085144,0
adam,local_global,508,-1.7116267784085144,-1.711635041048617,0
adam,local_global,509,-1.711635041048617,-1.7116436884025283,0
adam,local_global,510,-1.7116436884025283,-1.7116508733293476,0
adam,local_global,511,-1.7116508733293476,-1.711656670707987,0
adam,local_global,512,-1.711656670707987,-1.711662400245021,0
adam,local_global,513,-1.711662400245021,-1.7116688553692814,0
adam,local_global,514,-1.7116688553692814,-1.7116755165925195,0
adam,local_global,515,-1.7116755165925195,-1.7116812875528407,0
adam,local_global,516,-1.7116812875528407,-1.7116855613906579,0
adam,local_global,517,-1.7116855613906579,-1.7116883255260658,0
adam,local_global,518,-1.7116883255260658,-1.7116892369305317,0
adam,local_global,519,-1.7116892369305317,-1.7116865891863542,0
adam,local_global,520,-1.7116865891863542,-1.7116771403938327,0
adam,local_global,521,-1.7116771403938327,-1.7116578252504677,0
adam,local_global,522,-1.7116578252504677,-1.7116310149041438,0
adam,local_global,523,-1.7116310149041438,-1.711612914428556,0
adam,local_global,524,-1.711612914428556,-1.711629863139,0
adam,local_global,525,-1.711629863139,-1.7116833500683193,0
adam,local_global,526,-1.7116833500683193,-1.7117287530876766,0
adam,local_global,527,-1.7117287530876766,-1.7117293264845082,0
adam,local_global,528,-1.7117293264845082,-1.7117056593966546,0
adam,local_global,529,-1.7117056593966546,-1.711704625440825,0
adam,local_global,530,-1.711704625440825,-1.7117392613401576,0
adam,local_global,531,-1.7117392613401576,-1.7117722367816266,0
adam,local_global,532,-1.7117722367816266,-1.7117704882483658,0
adam,local_global,533,-1.7117704882483658,-1.7117514921185095,0
adam,local_global,534,-1.7117514921185095,-1.7117526985380294,0
adam,local_global,535,-1.7117526985380294,-1.7117778757792965,0
adam,local_global,536,-1.7117778757792965,-1.7117963873867532,0
adam,local_global,537,-1.7117963873867532,-1.7117917823848583,0
adam,local_global,538,-1.7117917823848583,-1.7117813386788554,0
adam,local_global,539,-1.7117813386788554,-1.711783516226776,0
adam,local_global,540,-1.711783516226776,-1.7117914410590624,0
adam,local_global,541,-1.7117914410590624,-1.7117913570485082,0
adam,local_global,542,-1.7117913570485082,-1.7117906499164477,0
adam,local_global,543,-1.7117906499164477,-1.711805308334269,0
adam,local_global,544,-1.711805308334269,-1.7118283242031167,0
adam,local_global,545,-1.7118283242031167,-1.7118374443053417,0
adam,local_global,546,-1.7118374443053417,-1.7118295171690425,0
adam,local_global,547,-1.7118295171690425,-1.7118242399180503,0
adam,local_global,548,-1.7118242399180503,-1.7118356473450145,0
adam,local_global,549,-1.7118356473450145,-1.7118527223048496,0
adam,local_global,550,-1.7118527223048496,-1.7118573391210694,0
adam,local_global,551,-1.7118573391210694,-1.7118512244853439,0
adam,local_global,552,-1.7118512244853439,-1.71185027581177,0
adam,local_global,553,-1.71185027581177,-1.7118599296881627,0
adam,local_global,554,-1.7118599296881627,-1.7118688281425531,0
adam,local_global,555,-1.7118688281425531,-1.7118672066983802,0
adam,local_global,556,-1.7118672066983802,-1.7118593559509734,0
adam,local_global,557,-1.7118593559509734,-1.711853124752071,0
adam,local_global,558,-1.711853124752071,-1.7118466657814406,0
adam,local_global,559,-1.7118466657814406,-1.7118333506036496,0
adam,local_global,560,-1.7118333506036496,-1.711817448732898,0
adam,local_global,561,-1.711817448732898,-1.7118168167243992,0
adam,local_global,562,-1.7118168167243992,-1.7118436129417887,0
adam,local_global,563,-1.7118436129417887,-1.71188360303919,0
adam,local_global,564,-1.71188360303919,-1.7119067681989508,0
adam,local_global,565,-1.7119067681989508,-1.7119011541748312,0
adam,local_global,566,-1.7119011541748312,-1.711883452458882,0
adam,local_global,567,-1.711883452458882,-1.7118782639848866,0
adam,local_global,568,-1.7118782639848866,-1.7118938034884172,0
adam,local_global,569,-1.7118938034884172,-1.7119153310524495,0
adam,local_global,570,-1.7119153310524495,-1.711923492567112,0
adam,local_global,571,-1.711923492567112,-1.7119167728821565,0
adam,local_global,572,-1.7119167728821565,-1.7119100942452763,0
adam,local_global,573,-1.7119100942452763,-1.7119154060645425,0
adam,local_global,574,-1.7119154060645425,-1.711928657915344,0
adam,local_global,575,-1.711928657915344,-1.711936878866402,0
adam,local_global,576,-1.711936878866402,-1.711935224670097,0
adam,local_global,577,-1.711935224670097,-1.711931306604413,0
adam,local_global,578,-1.711931306604413,-1.7119338737138101,0
adam,local_global,579,-1.7119338737138101,-1.7119422297640259,0
adam,local_global,580,-1.7119422297640259,-1.7119486081028308,0
adam,local_global,581,-1.7119486081028308,-1.7119489082664765,0
adam,local_global,582,-1.7119489082664765,-1.7119470610006882,0
adam,local_global,583,-1.7119470610006882,-1.7119487587699644,0
adam,local_global,584,-1.7119487587699644,-1.711954304655405,0
adam,local_global,585,-1.711954304655405,-1.711959228971792,0
adam,local_global,586,-1.711959228971792,-1.7119605285421333,0
adam,local_global,587,-1.7119605285421333,-1.7119600025275719,0
adam,local_global,588,-1.7119600025275719,-1.7119612083617617,0
adam,local_global,589,-1.7119612083617617,-1.711964913818525,0
adam,local_global,590,-1.711964913818525,-1.7119687192807558,0
adam,local_global,591,-1.7119687192807558,-1.7119704861748872,0
adam,local_global,592,-1.7119704861748872,-1.7119707726881934,0
adam,local_global,593,-1.7119707726881934,-1.7119716719450506,0
adam,local_global,594,-1.7119716719450506,-1.7119741344015358,0
adam,local_global,595,-1.7119741344015358,-1.7119771060392712,0
adam,local_global,596,-1.7119771060392712,-1.7119791003736957,0
adam,local_global,597,-1.7119791003736957,-1.7119799456897757,0
adam,local_global,598,-1.7119799456897757,-1.711980703810626,0
adam,local_global,599,-1.711980703810626,-1.7119822623185745,0
adam,local_global,600,-1.7119822623185745,-1.7119844172687375,0
adam,local_global,601,-1.7119844172687375,-1.7119863010505703,0
adam,local_global,602,-1.7119863010505703,-1.7119874233755956,0
adam,local_global,603,-1.7119874233755956,-1.7119880933816376,0
adam,local_global,604,-1.7119880933816376,-1.7119889102229928,0
adam,local_global,605,-1.7119889102229928,-1.7119900664702778,0
adam,local_global,606,-1.7119900664702778,-1.7119912162499946,0
adam,local_global,607,-1.7119912162499946,-1.7119919037966067,0
adam,local_global,608,-1.7119919037966067,-1.7119919967169046,0
adam,local_global,609,-1.7119919967169046,-1.7119916877541785,0
adam,local_global,610,-1.7119916877541785,-1.7119911218955697,0
adam,local_global,611,-1.7119911218955697,-1.7119900303133877,0
adam,local_global,612,-1.7119900303133877,-1.7119876479949259,0
adam,local_global,613,-1.7119876479949259,-1.711982951693289,0
adam,local_global,614,-1.711982951693289,-1.7119752542888544,0
adam,local_global,615,-1.7119752542888544,-1.7119653634045748,0
adam,local_global,616,-1.7119653634045748,-1.711957144900845,0
adam,local_global,617,-1.711957144900845,-1.7119574508592512,0
adam,local_global,618,-1.7119574508592512,-1.7119708117949493,0
adam,local_global,619,-1.7119708117949493,-1.7119916094177257,0
adam,local_global,620,-1.7119916094177257,-1.7120061590623339,0
adam,local_global,621,-1.7120061590623339,-1.7120062307191592,0
adam,local_global,622,-1.7120062307191592,-1.7119966220354446,0
adam,local_global,623,-1.7119966220354446,-1.7119892746221725,0
adam,local_global,624,-1.7119892746221725,-1.7119924331469236,0
adam,local_global,625,-1.7119924331469236,-1.7120033282631306,0
adam,local_global,626,-1.7120033282631306,-1.7120113262956596,0
adam,local_global,627,-1.7120113262956596,-1.7120097788052688,0
adam,local_global,628,-1.7120097788052688,-1.7120022864846087,0
adam,local_global,629,-1.7120022864846087,-1.7119970167133842,0
adam,local_global,630,-1.7119970167133842,-1.711997563372413,0
adam,local_global,631,-1.711997563372413,-1.7120002064628257,0
adam,local_global,632,-1.7120002064628257,-1.7119999052907298,0
adam,local_global,633,-1.7119999052907298,-1.7119972663023073,0
adam,local_global,634,-1.7119972663023073,-1.7119977490559675,0
adam,local_global,635,-1.7119977490559675,-1.7120046352867522,0
adam,local_global,636,-1.7120046352867522,-1.7120144889082343,0
adam,local_global,637,-1.7120144889082343,-1.712020516275019,0
adam,local_global,638,-1.712020516275019,-1.7120195310333584,0
adam,local_global,639,-1.7120195310333584,-1.7120144585353072,0
adam,local_global,640,-1.7120144585353072,-1.7120108992690555,0
adam,local_global,641,-1.7120108992690555,-1.7120121636310517,0
adam,local_global,642,-1.7120121636310517,-1.7120169658516375,0
adam,local_global,643,-1.7120169658516375,-1.712021322703129,0
adam,local_global,644,-1.712021322703129,-1.7120225777743499,0
adam,local_global,645,-1.7120225777743499,-1.712021421075003,0
adam,local_global,646,-1.712021421075003,-1.7120204457505963,0
adam,local_global,647,-1.7120204457505963,-1.7120215140596962,0
adam,local_global,648,-1.7120215140596962,-1.712024437995823,0
adam,local_global,649,-1.712024437995823,-1.7120275412013204,0
adam,local_global,650,-1.7120275412013204,-1.7120292214332276,0
adam,local_global,651,-1.7120292214332276,-1.712029148763811,0
adam,local_global,652,-1.712029148763811,-1.7120282415636998,0
adam,local_global,653,-1.7120282415636998,-1.7120277307439973,0
adam,local_global,654,-1.7120277307439973,-1.7120282350166063,0
adam,local_global,655,-1.7120282350166063,-1.712029473988679,0
adam,local_global,656,-1.712029473988679,-1.71203067787395,0
adam,local_global,657,-1.71203067787395,-1.7120312694700532,0
adam,local_global,658,-1.7120312694700532,-1.7120312271682785,0
adam,local_global,659,-1.7120312271682785,-1.7120309067105215,0
adam,local_global,660,-1.7120309067105215,-1.712030591873551,0
adam,local_global,661,-1.712030591873551,-1.7120301764242438,0
adam,local_global,662,-1.7120301764242438,-1.7120291764282531,0
adam,local_global,663,-1.7120291764282531,-1.7120270648745075,0
adam,local_global,664,-1.7120270648745075,-1.7120237365029571,0
adam,local_global,665,-1.7120237365029571,-1.7120199605473219,0
adam,local_global,666,-1.7120199605473219,-1.712017568270458,0
adam,local_global,667,-1.712017568270458,-1.7120187798491746,0
adam,local_global,668,-1.7120187798491746,-1.7120242586454513,0
adam,local_global,669,-1.7120242586454513,-1.7120314119654403,0
adam,local_global,670,-1.7120314119654403,-1.7120359480247571,0
adam,local_global,671,-1.7120359480247571,-1.7120356814476259,0
adam,local_global,672,-1.7120356814476259,-1.7120321755892434,0
adam,local_global,673,-1.7120321755892434,-1.712029006781661,0
adam,local_global,674,-1.712029006781661,-1.7120289118820755,0
adam,local_global,675,-1.7120289118820755,-1.7120317517561539,0
adam,local_global,676,-1.7120317517561539,-1.7120347475980442,0
adam,local_global,677,-1.7120347475980442,-1.7120350911648985,0
adam,local_global,678,-1.7120350911648985,-1.7120322511342998,0
adam,local_global,679,-1.7120322511342998,-1.7120276507648997,0
adam,local_global,680,-1.7120276507648997,-1.7120225406481067,0
adam,local_global,681,-1.7120225406481067,-1.712016324569792,0
adam,local_global,682,-1.712016324569792,-1.7120067253305702,0
adam,local_global,683,-1.7120067253305702,-1.7119923763178506,0
adam,local_global,684,-1.7119923763178506,-1.7119760729412103,0
adam,local_global,685,-1.7119760729412103,-1.7119663141517492,0
adam,local_global,686,-1.7119663141517492,-1.7119733716377583,0
adam,local_global,687,-1.7119733716377583,-1.7119982241418743,0
adam,local_global,688,-1.7119982241418743,-1.712026324061138,0
adam,local_global,689,-1.712026324061138,-1.7120388497361938,0
adam,local_global,690,-1.7120388497361938,-1.7120312453003081,0
adam,local_global,691,-1.7120312453003081,-1.71201573008142,0
adam,local_global,692,-1.71201573008142,-1.7120089434371524,0
adam,local_global,693,-1.7120089434371524,-1.712017834897639,0
adam,local_global,694,-1.712017834897639,-1.712034038526297,0
adam,local_global,695,-1.712034038526297,-1.712042868415465,0
adam,local_global,696,-1.712042868415465,-1.7120386964766963,0
adam,local_global,697,-1.7120386964766963,-1.7120290428320037,0
adam,local_global,698,-1.7120290428320037,-1.71202503688422,0
adam,local_global,699,-1.71202503688422,-1.7120301957187674,0
adam,local_global,700,-1.7120301957187674,-1.7120380666059056,0
adam,local_global,701,-1.7120380666059056,-1.712040220294135,0
adam,local_global,702,-1.712040220294135,-1.712035001459034,0
adam,local_global,703,-1.712035001459034,-1.7120275191824637,0
adam,local_global,704,-1.7120275191824637,-1.712022652216854,0
adam,local_global,705,-1.712022652216854,-1.7120194421554178,0
adam,local_global,706,-1.7120194421554178,-1.7120122926608874,0
adam,local_global,707,-1.7120122926608874,-1.7119972922488151,0
adam,local_global,708,-1.7119972922488151,-1.7119774785929602,0
adam,local_global,709,-1.7119774785929602,-1.7119631231019035,0
adam,local_global,710,-1.7119631231019035,-1.7119663726070076,0
adam,local_global,711,-1.7119663726070076,-1.7119907840510211,0
adam,local_global,712,-1.7119907840510211,-1.712023267194791,0
adam,local_global,713,-1.712023267194791,-1.712042558913896,0
adam,local_global,714,-1.712042558913896,-1.7120390551195028,0
adam,local_global,715,-1.7120390551195028,-1.7120223141833495,0
adam,local_global,716,-1.7120223141833495,-1.7120103868853354,0
adam,local_global,717,-1.7120103868853354,-1.712014553432016,0
adam,local_global,718,-1.712014553432016,-1.7120305364616428,0
adam,local_global,719,-1.7120305364616428,-1.7120433477638555,0
adam,local_global,720,-1.7120433477638555,-1.7120429523036418,0
adam,local_global,721,-1.7120429523036418,-1.7120334936593191,0
adam,local_global,722,-1.7120334936593191,-1.712026882521565,0
adam,local_global,723,-1.712026882521565,-1.7120301522279142,0
adam,local_global,724,-1.7120301522279142,-1.7120393602301798,0
adam,local_global,725,-1.7120393602301798,-1.7120450781798018,0
adam,local_global,726,-1.7120450781798018,-1.71204290612006,0
adam,local_global,727,-1.71204290612006,-1.7120371119104507,0
adam,local_global,728,-1.7120371119104507,-1.7120347863605185,0
adam,local_global,729,-1.7120347863605185,-1.712038291999887,0
adam,local_global,730,-1.712038291999887,-1.7120436806101917,0
adam,local_global,731,-1.7120436806101917,-1.7120457995717697,0
adam,local_global,732,-1.7120457995717697,-1.7120437287506276,0
adam,local_global,733,-1.7120437287506276,-1.7120408948262247,0
adam,local_global,734,-1.7120408948262247,-1.7120408273904044,0
adam,local_global,735,-1.7120408273904044,-1.712043640853588,0
adam,local_global,736,-1.712043640853588,-1.7120465453887417,0
adam,local_global,737,-1.7120465453887417,-1.712047136531516,0
adam,local_global,738,-1.712047136531516,-1.7120456616538176,0
adam,local_global,739,-1.7120456616538176,-1.7120442283523318,0
adam,local_global,740,-1.7120442283523318,-1.7120444123744976,0
adam,local_global,741,-1.7120444123744976,-1.712045878900735,0
adam,local_global,742,-1.712045878900735,-1.7120470967142116,0
adam,local_global,743,-1.7120470967142116,-1.712047033166496,0
adam,local_global,744,-1.712047033166496,-1.7120460047498598,0
adam,local_global,745,-1.7120460047498598,-1.7120450681268848,0
adam,local_global,746,-1.7120450681268848,-1.7120448513622784,0
adam,local_global,747,-1.7120448513622784,-1.7120450080549783,0
adam,local_global,748,-1.7120450080549783,-1.7120446108390412,0
adam,local_global,749,-1.7120446108390412,-1.7120429036591525,0
adam,local_global,750,-1.7120429036591525,-1.7120396000187856,0
adam,local_global,751,-1.7120396000187856,-1.712034545570601,0
adam,local_global,752,-1.712034545570601,-1.7120272689605107,0
adam,local_global,753,-1.7120272689605107,-1.7120171671775857,0
adam,local_global,754,-1.7120171671775857,-1.7120047494953776,0
adam,local_global,755,-1.7120047494953776,-1.7119930148590163,0
adam,local_global,756,-1.7119930148590163,-1.7119859628340381,0
adam,local_global,757,-1.7119859628340381,-1.711982891641664,0
adam,local_global,758,-1.711982891641664,-1.7119770156421112,0
adam,local_global,759,-1.7119770156421112,-1.7119666513512866,0
adam,local_global,760,-1.7119666513512866,-1.7119638642895694,0
adam,local_global,761,-1.7119638642895694,-1.711981574152078,0
adam,local_global,762,-1.711981574152078,-1.712013300876412,0
adam,local_global,763,-1.712013300876412,-1.7120362385423633,0
adam,local_global,764,-1.7120362385423633,-1.712035358526948,0
adam,local_global,765,-1.712035358526948,-1.7120184219531418,0
adam,local_global,766,-1.7120184219531418,-1.712007290053476,0
adam,local_global,767,-1.712007290053476,-1.71201547248099,0
adam,local_global,768,-1.71201547248099,-1.7120344252101762,0
adam,local_global,769,-1.7120344252101762,-1.7120445351789122,0
adam,local_global,770,-1.7120445351789122,-1.7120382753508543,0
adam,local_global,771,-1.7120382753508543,-1.7120269241398864,0
adam,local_global,772,-1.7120269241398864,-1.71202524857916,0
adam,local_global,773,-1.71202524857916,-1.7120347761300667,0
adam,local_global,774,-1.7120347761300667,-1.7120440884991932,0
adam,local_global,775,-1.7120440884991932,-1.7120439130079577,0
adam,local_global,776,-1.7120439130079577,-1.7120374561611207,0
adam,local_global,777,-1.7120374561611207,-1.712034388140136,0
adam,local_global,778,-1.712034388140136,-1.7120385874939497,0
adam,local_global,779,-1.7120385874939497,-1.712044648571884,0
adam,local_global,780,-1.712044648571884,-1.7120457192900618,0
adam,local_global,781,-1.7120457192900618,-1.7120417969953656,0
adam,local_global,782,-1.7120417969953656,-1.712038525891969,0
adam,local_global,783,-1.712038525891969,-1.712039684034071,0
adam,local_global,784,-1.712039684034071,-1.712043171356205,0
adam,local_global,785,-1.712043171356205,-1.7120444979226537,0
adam,local_global,786,-1.7120444979226537,-1.7120425230078598,0
adam,local_global,787,-1.7120425230078598,-1.712040267758083,0
adam,local_global,788,-1.712040267758083,-1.7120407112136533,0
adam,local_global,789,-1.7120407112136533,-1.7120433564808202,0
adam,local_global,790,-1.7120433564808202,-1.7120453607892718,0
adam,local_global,791,-1.7120453607892718,-1.7120451750250498,0
adam,local_global,792,-1.7120451750250498,-1.7120440126623229,0
adam,local_global,793,-1.7120440126623229,-1.7120438848931054,0
adam,local_global,794,-1.7120438848931054,-1.712045137049252,0
adam,local_global,795,-1.712045137049252,-1.7120463793440026,0
adam,local_global,796,-1.7120463793440026,-1.7120464250126348,0
adam,local_global,797,-1.7120464250126348,-1.7120456364608754,0
adam,local_global,798,-1.7120456364608754,-1.7120452678308795,0
adam,local_global,799,-1.7120452678308795,-1.7120459464393474,0
adam,local_global,800,-1.7120459464393474,-1.7120471247733202,0
adam,local_global,801,-1.7120471247733202,-1.712047888637237,0
adam,local_global,802,-1.712047888637237,-1.7120479724464177,0
adam,local_global,803,-1.7120479724464177,-1.7120478593518482,0
adam,local_global,804,-1.7120478593518482,-1.7120480784699421,0
adam,local_global,805,-1.7120480784699421,-1.7120486145319471,0
adam,local_global,806,-1.7120486145319471,-1.7120490219913624,0
adam,local_global,807,-1.7120490219913624,-1.7120489740807614,0
adam,local_global,808,-1.7120489740807614,-1.7120485886297259,0
adam,local_global,809,-1.7120485886297259,-1.7120482409942592,0
adam,local_global,810,-1.7120482409942592,-1.712048157051935,0
adam,local_global,811,-1.712048157051935,-1.712048235299062,0
adam,local_global,812,-1.712048235299062,-1.712048218345232,0
adam,local_global,813,-1.712048218345232,-1.712047966659561,0
adam,local_global,814,-1.712047966659561,-1.7120475403289557,0
adam,local_global,815,-1.7120475403289557,-1.7120470569797184,0
adam,local_global,816,-1.7120470569797184,-1.7120465070625925,0
adam,local_global,817,-1.7120465070625925,-1.7120457073117226,0
adam,local_global,818,-1.7120457073117226,-1.712044383561688,0
adam,local_global,819,-1.712044383561688,-1.712042263920433,0
adam,local_global,820,-1.712042263920433,-1.7120390739591522,0
adam,local_global,821,-1.7120390739591522,-1.712034460143368,0
adam,local_global,822,-1.712034460143368,-1.7120279680496924,0
adam,local_global,823,-1.7120279680496924,-1.712019205788305,0
adam,local_global,824,-1.712019205788305,-1.7120083918366373,0
adam,local_global,825,-1.7120083918366373,-1.7119971259921531,0
adam,local_global,826,-1.7119971259921531,-1.7119892102312353,0
adam,local_global,827,-1.7119892102312353,-1.7119895544037103,0
adam,local_global,828,-1.7119895544037103,-1.7120009448953233,0
adam,local_global,829,-1.7120009448953233,-1.712019234286939,0
adam,local_global,830,-1.712019234286939,-1.712034713657103,0
adam,local_global,831,-1.712034713657103,-1.7120386981490772,0
adam,local_global,832,-1.7120386981490772,-1.7120304851132568,0
adam,local_global,833,-1.7120304851132568,-1.7120173040534614,0
adam,local_global,834,-1.7120173040534614,-1.7120096753537264,0
adam,local_global,835,-1.7120096753537264,-1.7120149399411686,0
adam,local_global,836,-1.7120149399411686,-1.712030425351387,0
adam,local_global,837,-1.712030425351387,-1.7120447239705414,0
adam,local_global,838,-1.7120447239705414,-1.712048183360018,0
adam,local_global,839,-1.712048183360018,-1.712041180403678,0
adam,local_global,840,-1.712041180403678,-1.7120320251698702,0
adam,local_global,841,-1.7120320251698702,-1.7120291177894993,0
adam,local_global,842,-1.7120291177894993,-1.7120341975387432,0
adam,local_global,843,-1.7120341975387432,-1.7120413310521463,0
adam,local_global,844,-1.7120413310521463,-1.7120435872337467,0
adam,local_global,845,-1.7120435872337467,-1.7120396461372813,0
adam,local_global,846,-1.7120396461372813,-1.7120336857252059,0
adam,local_global,847,-1.7120336857252059,-1.7120295733102868,0
adam,local_global,848,-1.7120295733102868,-1.7120269732413693,0
adam,local_global,849,-1.7120269732413693,-1.7120223866996633,0
adam,local_global,850,-1.7120223866996633,-1.7120135806048458,0
adam,local_global,851,-1.7120135806048458,-1.7120016199074994,0
adam,local_global,852,-1.7120016199074994,-1.7119899272539136,0
adam,local_global,853,-1.7119899272539136,-1.7119834606454083,0
adam,local_global,854,-1.7119834606454083,-1.7119867298116527,0
adam,local_global,855,-1.7119867298116527,-1.7120013225303687,0
adam,local_global,856,-1.7120013225303687,-1.7120226074502758,0
adam,local_global,857,-1.7120226074502758,-1.7120407739407135,0
adam,local_global,858,-1.7120407739407135,-1.7120475625934928,0
adam,local_global,859,-1.7120475625934928,-1.7120420125052547,0
adam,local_global,860,-1.7120420125052547,-1.712030546919312,0
adam,local_global,861,-1.712030546919312,-1.7120224662258021,0
adam,local_global,862,-1.7120224662258021,-1.7120238994778079,0
adam,local_global,863,-1.7120238994778079,-1.712033555652986,0
adam,local_global,864,-1.712033555652986,-1.7120439811724597,0
adam,local_global,865,-1.7120439811724597,-1.7120480714632689,0
adam,local_global,866,-1.7120480714632689,-1.7120446625827312,0
adam,local_global,867,-1.7120446625827312,-1.712038402065282,0
adam,local_global,868,-1.712038402065282,-1.7120351651403922,0
adam,local_global,869,-1.7120351651403922,-1.7120374304124315,0
adam,local_global,870,-1.7120374304124315,-1.7120429166721798,0
adam,local_global,871,-1.7120429166721798,-1.7120472215306055,0
adam,local_global,872,-1.7120472215306055,-1.7120477229392617,0
adam,local_global,873,-1.7120477229392617,-1.712045242375394,0
adam,local_global,874,-1.712045242375394,-1.712042613379306,0
adam,local_global,875,-1.712042613379306,-1.7120421254947389,0
adam,local_global,876,-1.7120421254947389,-1.712043956483191,0
adam,local_global,877,-1.712043956483191,-1.7120464764104648,0
adam,local_global,878,-1.7120464764104648,-1.712047837021871,0
adam,local_global,879,-1.712047837021871,-1.7120474080570451,0
adam,local_global,880,-1.7120474080570451,-1.712045969314138,0
adam,local_global,881,-1.712045969314138,-1.7120448339517103,0
adam,local_global,882,-1.7120448339517103,-1.712044809505928,0
adam,local_global,883,-1.712044809505928,-1.7120457487864922,0
adam,local_global,884,-1.7120457487864922,-1.7120468387091479,0
adam,local_global,885,-1.7120468387091479,-1.7120472883263114,0
adam,local_global,886,-1.7120472883263114,-1.712046866386943,0
adam,local_global,887,-1.712046866386943,-1.7120459608772025,0
adam,local_global,888,-1.7120459608772025,-1.712045211353001,0
adam,local_global,889,-1.712045211353001,-1.7120450534617637,0
adam,local_global,890,-1.7120450534617637,-1.7120454905559743,0
adam,local_global,891,-1.7120454905559743,-1.712046192097012,0
adam,local_global,892,-1.712046192097012,-1.7120467683703007,0
adam,local_global,893,-1.7120467683703007,-1.7120470283755873,0
adam,local_global,894,-1.7120470283755873,-1.7120470448610388,0
adam,local_global,895,-1.7120470448610388,-1.7120470413005893,0
adam,local_global,896,-1.7120470413005893,-1.7120472045664454,0
adam,local_global,897,-1.7120472045664454,-1.7120475643529118,0
adam,local_global,898,-1.7120475643529118,-1.7120479972017795,0
adam,local_global,899,-1.7120479972017795,-1.7120483334026722,0
adam,local_global,900,-1.7120483334026722,-1.7120484683901096,0
adam,local_global,901,-1.7120484683901096,-1.7120484157695917,0
adam,local_global,902,-1.7120484157695917,-1.7120482807589636,0
adam,local_global,903,-1.7120482807589636,-1.712048187977662,0
adam,local_global,904,-1.712048187977662,-1.712048210369145,0
adam,local_global,905,-1.712048210369145,-1.712048341873354,0
adam,local_global,906,-1.712048341873354,-1.7120485160171255,0
adam,local_global,907,-1.7120485160171255,-1.7120486515538564,0
adam,local_global,908,-1.7120486515538564,-1.7120486915464106,0
adam,local_global,909,-1.7120486915464106,-1.7120486208243717,0
adam,local_global,910,-1.7120486208243717,-1.712048457223738,0
adam,local_global,911,-1.712048457223738,-1.7120482301043813,0
adam,local_global,912,-1.7120482301043813,-1.7120479561097053,0
adam,local_global,913,-1.7120479561097053,-1.7120476233920632,0
adam,local_global,914,-1.7120476233920632,-1.7120471848149637,0
adam,local_global,915,-1.7120471848149637,-1.7120465587031493,0
adam,local_global,916,-1.7120465587031493,-1.7120456283047838,0
adam,local_global,917,-1.7120456283047838,-1.7120442375261937,0
adam,local_global,918,-1.7120442375261937,-1.7120421795264495,0
adam,local_global,919,-1.7120421795264495,-1.7120391849063854,0
adam,local_global,920,-1.7120391849063854,-1.712034913582369,0
adam,local_global,921,-1.712034913582369,-1.7120289820637762,0
adam,local_global,922,-1.7120289820637762,-1.7120210529795585,0
adam,local_global,923,-1.7120210529795585,-1.712011077034708,0
adam,local_global,924,-1.712011077034708,-1.7119997019194355,0
adam,local_global,925,-1.7119997019194355,-1.7119888676255557,0
adam,local_global,926,-1.7119888676255557,-1.711982082672492,0
adam,local_global,927,-1.711982082672492,-1.7119836033115192,0
adam,local_global,928,-1.7119836033115192,-1.7119953943060573,0
adam,local_global,929,-1.7119953943060573,-1.7120136556553573,0
adam,local_global,930,-1.7120136556553573,-1.7120294512987957,0
adam,local_global,931,-1.7120294512987957,-1.7120353644424018,0
adam,local_global,932,-1.7120353644424018,-1.7120312401033166,0
adam,local_global,933,-1.7120312401033166,-1.7120231564394233,0
adam,local_global,934,-1.7120231564394233,-1.7120182614545423,0
adam,local_global,935,-1.7120182614545423,-1.712019839829487,0
adam,local_global,936,-1.712019839829487,-1.7120251869916743,0
adam,local_global,937,-1.7120251869916743,-1.7120281872505632,0
adam,local_global,938,-1.7120281872505632,-1.7120246370043797,0
adam,local_global,939,-1.7120246370043797,-1.7120152164670628,0
adam,local_global,940,-1.7120152164670628,-1.7120039910238085,0
adam,local_global,941,-1.7120039910238085,-1.7119952566484327,0
adam,local_global,942,-1.7119952566484327,-1.711991532382399,0
adam,local_global,943,-1.711991532382399,-1.7119940384105816,0
adam,local_global,944,-1.7119940384105816,-1.712003150384869,0
adam,local_global,945,-1.712003150384869,-1.7120173712948523,0
adam,local_global,946,-1.7120173712948523,-1.7120322380017203,0
adam,local_global,947,-1.7120322380017203,-1.7120422034546563,0
adam,local_global,948,-1.7120422034546563,-1.7120441839575964,0
adam,local_global,949,-1.7120441839575964,-1.7120393610137274,0
adam,local_global,950,-1.7120393610137274,-1.7120322917486481,0
adam,local_global,951,-1.7120322917486481,-1.712028278708045,0
adam,local_global,952,-1.712028278708045,-1.712030204876794,0
adam,local_global,953,-1.712030204876794,-1.7120367920575326,0
adam,local_global,954,-1.7120367920575326,-1.7120437573286356,0
adam,local_global,955,-1.7120437573286356,-1.7120471553257135,0
adam,local_global,956,-1.7120471553257135,-1.7120461308638593,0
adam,local_global,957,-1.7120461308638593,-1.712042906598388,0
adam,local_global,958,-1.712042906598388,-1.712040635795826,0
adam,local_global,959,-1.712040635795826,-1.7120411140915175,0
adam,local_global,960,-1.7120411140915175,-1.712043896015957,0
adam,local_global,961,-1.712043896015957,-1.7120470204847584,0
adam,local_global,962,-1.7120470204847584,-1.7120486292292911,0
adam,local_global,963,-1.7120486292292911,-1.7120481820154718,0
adam,local_global,964,-1.7120481820154718,-1.712046515638033,0
adam,local_global,965,-1.712046515638033,-1.712044997489047,0
adam,local_global,966,-1.712044997489047,-1.7120445527521597,0
adam,local_global,967,-1.7120445527521597,-1.7120452062811817,0
adam,local_global,968,-1.7120452062811817,-1.7120462479191831,0
adam,local_global,969,-1.7120462479191831,-1.712046778598711,0
adam,local_global,970,-1.712046778598711,-1.712046189579794,0
adam,local_global,971,-1.712046189579794,-1.7120443313102867,0
adam,local_global,972,-1.7120443313102867,-1.7120413464887434,0
adam,local_global,973,-1.7120413464887434,-1.7120373571267515,0
adam,local_global,974,-1.7120373571267515,-1.7120322291833894,0
adam,local_global,975,-1.7120322291833894,-1.7120255602668757,0
adam,local_global,976,-1.7120255602668757,-1.7120169477591352,0
adam,local_global,977,-1.7120169477591352,-1.7120066286764977,0
adam,local_global,978,-1.7120066286764977,-1.711996296197246,0
adam,local_global,979,-1.711996296197246,-1.711989651570405,0
adam,local_global,980,-1.711989651570405,-1.711991358874496,0
adam,local_global,981,-1.711991358874496,-1.7120037636929994,0
adam,local_global,982,-1.7120037636929994,-1.7120232888868623,0
adam,local_global,983,-1.7120232888868623,-1.7120411491617102,0
adam,local_global,984,-1.7120411491617102,-1.7120493481686603,0
adam,local_global,985,-1.7120493481686603,-1.7120462704669026,0
adam,local_global,986,-1.7120462704669026,-1.7120368770224772,0
adam,local_global,987,-1.7120368770224772,-1.7120287454335443,0
adam,local_global,988,-1.7120287454335443,-1.7120275197205665,0
adam,local_global,989,-1.7120275197205665,-1.712033806668024,0
adam,local_global,990,-1.712033806668024,-1.71204311972646,0
adam,local_global,991,-1.71204311972646,-1.7120494069885872,0
adam,local_global,992,-1.7120494069885872,-1.7120495753951053,0
adam,local_global,993,-1.7120495753951053,-1.7120451737701532,0
adam,local_global,994,-1.7120451737701532,-1.7120404589306946,0
adam,local_global,995,-1.7120404589306946,-1.7120390508204784,0
adam,local_global,996,-1.7120390508204784,-1.7120416364175506,0
adam,local_global,997,-1.7120416364175506,-1.7120459227076954,0
adam,local_global,998,-1.7120459227076954,-1.7120487009313494,0
adam,local_global,999,-1.7120487009313494,-1.712048229778427,0
adam,local_global,1000,-1.712048229778427,-1.7120451366846219,0
adam,local_global,1001,-1.7120451366846219,-1.712041448444581,0
adam,local_global,1002,-1.712041448444581,-1.7120388721943498,0
adam,local_global,1003,-1.7120388721943498,-1.7120376397121186,0
adam,local_global,1004,-1.7120376397121186,-1.7120365663861508,0
adam,local_global,1005,-1.7120365663861508,-1.7120341155798202,0
adam,local_global,1006,-1.7120341155798202,-1.712029654872244,0
adam,local_global,1007,-1.712029654872244,-1.7120240369893602,0
adam,local_global,1008,-1.7120240369893602,-1.712019284250362,0
adam,local_global,1009,-1.712019284250362,-1.712017503994589,0
adam,local_global,1010,-1.712017503994589,-1.712019664306774,0
adam,local_global,1011,-1.712019664306774,-1.7120246984471923,0
adam,local_global,1012,-1.7120246984471923,-1.712029882631251,0
adam,local_global,1013,-1.712029882631251,-1.712032452227885,0
adam,local_global,1014,-1.712032452227885,-1.7120314308654443,0
adam,local_global,1015,-1.7120314308654443,-1.712028223637203,0
adam,local_global,1016,-1.712028223637203,-1.7120253620194013,0
adam,local_global,1017,-1.7120253620194013,-1.712024254041881,0
adam,local_global,1018,-1.712024254041881,-1.712024053253487,0
adam,local_global,1019,-1.712024053253487,-1.7120222501348645,0
adam,local_global,1020,-1.7120222501348645,-1.7120167711461385,0
adam,local_global,1021,-1.7120167711461385,-1.7120079623938116,0
adam,local_global,1022,-1.7120079623938116,-1.711999060576532,0
adam,local_global,1023,-1.711999060576532,-1.7119957275496958,0
adam,local_global,1024,-1.7119957275496958,-1.7120022527645051,0
adam,local_global,1025,-1.7120022527645051,-1.712017947975846,0
adam,local_global,1026,-1.712017947975846,-1.7120352823453062,0
adam,local_global,1027,-1.7120352823453062,-1.712045592878327,0
adam,local_global,1028,-1.712045592878327,-1.7120455648574675,0
adam,local_global,1029,-1.7120455648574675,-1.7120388112621319,0
adam,local_global,1030,-1.7120388112621319,-1.7120320832505878,0
adam,local_global,1031,-1.7120320832505878,-1.7120304475829757,0
adam,local_global,1032,-1.7120304475829757,-1.7120344993286505,0
adam,local_global,1033,-1.7120344993286505,-1.7120406140285267,0
adam,local_global,1034,-1.7120406140285267,-1.7120443683707605,0
adam,local_global,1035,-1.7120443683707605,-1.7120437862099374,0
adam,local_global,1036,-1.7120437862099374,-1.7120399564294975,0
adam,local_global,1037,-1.7120399564294975,-1.7120353110810476,0
adam,local_global,1038,-1.7120353110810476,-1.7120318901863714,0
adam,local_global,1039,-1.7120318901863714,-1.7120303486587098,0
adam,local_global,1040,-1.7120303486587098,-1.7120304969994904,0
adam,local_global,1041,-1.7120304969994904,-1.7120316115478524,0
adam,local_global,1042,-1.7120316115478524,-1.7120327716450419,0
adam,local_global,1043,-1.7120327716450419,-1.7120324390583996,0
adam,local_global,1044,-1.7120324390583996,-1.7120287635561777,0
adam,local_global,1045,-1.7120287635561777,-1.712021059624998,0
adam,local_global,1046,-1.712021059624998,-1.7120104199947301,0
adam,local_global,1047,-1.7120104199947301,-1.7119995597750604,0
adam,local_global,1048,-1.7119995597750604,-1.7119922191227936,0
adam,local_global,1049,-1.7119922191227936,-1.711992125558356,0
adam,local_global,1050,-1.711992125558356,-1.7120012581404602,0
adam,local_global,1051,-1.7120012581404602,-1.7120172945865328,0
adam,local_global,1052,-1.7120172945865328,-1.712033594395956,0
adam,local_global,1053,-1.712033594395956,-1.7120431009973591,0
adam,local_global,1054,-1.7120431009973591,-1.7120432839448119,0
adam,local_global,1055,-1.7120432839448119,-1.7120371528199025,0
adam,local_global,1056,-1.7120371528199025,-1.7120303906729606,0
adam,local_global,1057,-1.7120303906729606,-1.7120277637995014,0
adam,local_global,1058,-1.7120277637995014,-1.7120308141351845,0
adam,local_global,1059,-1.7120308141351845,-1.7120375201198104,0
adam,local_global,1060,-1.7120375201198104,-1.7120439394893499,0
adam,local_global,1061,-1.7120439394893499,-1.7120470705238056,0
adam,local_global,1062,-1.7120470705238056,-1.7120466354035202,0
adam,local_global,1063,-1.7120466354035202,-1.7120445857679103,0
adam,local_global,1064,-1.7120445857679103,-1.7120432590885095,0
adam,local_global,1065,-1.7120432590885095,-1.712043865183392,0
adam,local_global,1066,-1.712043865183392,-1.712046053954132,0
adam,local_global,1067,-1.712046053954132,-1.7120484955656465,0
adam,local_global,1068,-1.7120484955656465,-1.7120499677860113,0
adam,local_global,1069,-1.7120499677860113,-1.7120501154226726,0
adam,local_global,1070,-1.7120501154226726,-1.712049428895183,0
adam,local_global,1071,-1.712049428895183,-1.7120486747291659,0
adam,local_global,1072,-1.7120486747291659,-1.7120483904069588,0
adam,local_global,1073,-1.7120483904069588,-1.7120486874689427,0
adam,local_global,1074,-1.7120486874689427,-1.7120493386000135,0
adam,local_global,1075,-1.7120493386000135,-1.7120500080637548,0
adam,local_global,1076,-1.7120500080637548,-1.7120504419008586,0
adam,local_global,1077,-1.7120504419008586,-1.7120505509656694,0
adam,local_global,1078,-1.7120505509656694,-1.7120503775347835,0
adam,local_global,1079,-1.7120503775347835,-1.7120500579822437,0
adam,local_global,1080,-1.7120500579822437,-1.7120497730762207,0
adam,local_global,1081,-1.7120497730762207,-1.7120496768691817,0
adam,local_global,1082,-1.7120496768691817,-1.712049820451084,0
adam,local_global,1083,-1.712049820451084,-1.7120501230909544,0
adam,local_global,1084,-1.7120501230909544,-1.7120504049747634,0
adam,local_global,1085,-1.7120504049747634,-1.712050481833643,0
adam,local_global,1086,-1.712050481833643,-1.712050261582244,0
adam,local_global,1087,-1.712050261582244,-1.7120497936964372,0
adam,local_global,1088,-1.7120497936964372,-1.7120492279241162,0
adam,local_global,1089,-1.7120492279241162,-1.7120487261842985,0
adam,local_global,1090,-1.7120487261842985,-1.712048363874311,0
adam,local_global,1091,-1.712048363874311,-1.7120481035043449,0
adam,local_global,1092,-1.7120481035043449,-1.7120478129902172,0
adam,local_global,1093,-1.7120478129902172,-1.7120473539510712,0
adam,local_global,1094,-1.7120473539510712,-1.7120466300997732,0
adam,local_global,1095,-1.7120466300997732,-1.7120456360273228,0
adam,local_global,1096,-1.7120456360273228,-1.7120443831395147,0
adam,local_global,1097,-1.7120443831395147,-1.7120428836476513,0
adam,local_global,1098,-1.7120428836476513,-1.7120410007705893,0
adam,local_global,1099,-1.7120410007705893,-1.7120385065111994,0
adam,local_global,1100,-1.7120385065111994,-1.7120349363632814,0
adam,local_global,1101,-1.7120349363632814,-1.712029762147697,0
adam,local_global,1102,-1.712029762147697,-1.7120222413458173,0
adam,local_global,1103,-1.7120222413458173,-1.7120117519210987,0
adam,local_global,1104,-1.7120117519210987,-1.711997868172912,0
adam,local_global,1105,-1.711997868172912,-1.711981472940801,0
adam,local_global,1106,-1.711981472940801,-1.71196543962303,0
adam,local_global,1107,-1.71196543962303,-1.7119559472929047,0
adam,local_global,1108,-1.7119559472929047,-1.7119594793976092,0
adam,local_global,1109,-1.7119594793976092,-1.7119784011572303,0
adam,local_global,1110,-1.7119784011572303,-1.712005194976421,0
adam,local_global,1111,-1.712005194976421,-1.712027105806464,0
adam,local_global,1112,-1.712027105806464,-1.712035348611814,0
adam,local_global,1113,-1.712035348611814,-1.712031077323448,0
adam,local_global,1114,-1.712031077323448,-1.712022630144916,0
adam,local_global,1115,-1.712022630144916,-1.7120191329731678,0
adam,local_global,1116,-1.7120191329731678,-1.7120244808544893,0
adam,local_global,1117,-1.7120244808544893,-1.712034869958239,0
adam,local_global,1118,-1.712034869958239,-1.712042428714668,0
adam,local_global,1119,-1.712042428714668,-1.7120423852551148,0
adam,local_global,1120,-1.7120423852551148,-1.7120368922860139,0
adam,local_global,1121,-1.7120368922860139,-1.7120321570984482,0
adam,local_global,1122,-1.7120321570984482,-1.712033045059722,0
adam,local_global,1123,-1.712033045059722,-1.7120392552193486,0
adam,local_global,1124,-1.7120392552193486,-1.7120462306983282,0
adam,local_global,1125,-1.7120462306983282,-1.712049165918512,0
adam,local_global,1126,-1.712049165918512,-1.712046920294035,0
adam,local_global,1127,-1.712046920294035,-1.7120422526617667,0
adam,local_global,1128,-1.7120422526617667,-1.712038951904597,0
adam,local_global,1129,-1.712038951904597,-1.71203869824756,0
adam,local_global,1130,-1.71203869824756,-1.712040066182448,0
adam,local_global,1131,-1.712040066182448,-1.71204007658251,0
adam,local_global,1132,-1.71204007658251,-1.7120366387182768,0
adam,local_global,1133,-1.7120366387182768,-1.7120299000176054,0
adam,local_global,1134,-1.7120299000176054,-1.7120215199342634,0
adam,local_global,1135,-1.7120215199342634,-1.712013413725685,0
adam,local_global,1136,-1.712013413725685,-1.7120066192745484,0
adam,local_global,1137,-1.7120066192745484,-1.7120022962242591,0
adam,local_global,1138,-1.7120022962242591,-1.7120018840823297,0
adam,local_global,1139,-1.7120018840823297,-1.7120076782425722,0
adam,local_global,1140,-1.7120076782425722,-1.7120196308101707,0
adam,local_global,1141,-1.7120196308101707,-1.7120344508179992,0
adam,local_global,1142,-1.7120344508179992,-1.7120462511629686,0
adam,local_global,1143,-1.7120462511629686,-1.7120507772105542,0
adam,local_global,1144,-1.7120507772105542,-1.7120479188596485,0
adam,local_global,1145,-1.7120479188596485,-1.7120411956865156,0
adam,local_global,1146,-1.7120411956865156,-1.7120353778334203,0
adam,local_global,1147,-1.7120353778334203,-1.7120338159088375,0
adam,local_global,1148,-1.7120338159088375,-1.7120368540541342,0
adam,local_global,1149,-1.7120368540541342,-1.7120417148136031,0
adam,adiabatic,0,0.17031877877980137,2.7365499198295447,0
adam,adiabatic,1,-0.009302549751882177,2.6318248323801776,0
adam,adiabatic,2,-0.1778810910787769,2.5345568850103546,0
adam,adiabatic,3,-0.3348211919029358,2.4482074744432905,0
adam,adiabatic,4,-0.47722653415226907,2.376125421625656,0
adam,adiabatic,5,-0.6036183083835628,2.318180665451896,0
adam,adiabatic,6,-0.7152183758306547,2.2719123312114444,0
adam,adiabatic,7,-0.8149862703512429,2.234111708158807,0
adam,adiabatic,8,-0.9061623927532966,2.201983839130542,0
adam,adiabatic,9,-0.9915008745634712,2.1732404901791154,0
adam,adiabatic,10,-1.0732653204132971,2.1460239855755563,0
adam,adiabatic,11,-1.1531795609996585,2.119006702401855,0
adam,adiabatic,12,-1.2323451505650638,2.0913786008941186,0
adam,adiabatic,13,-1.3113222093952968,2.062653237644133,0
adam,adiabatic,14,-1.3903610136677274,2.0324705682489044,0
adam,adiabatic,15,-1.469653013868342,2.0005202533506883,0
adam,adiabatic,16,-1.549460436113203,1.966555707317564,0
adam,adiabatic,17,-1.6301021534346614,1.930390419720168,0
adam,adiabatic,18,-1.7119308811343878,1.8918575642782538,0
adam,adiabatic,19,-1.795368199791723,1.8507797303014673,0
adam,adiabatic,20,-1.8809452549420707,1.8069824959082887,0
adam,adiabatic,21,-1.969283988801486,1.7603404244620948,0
adam,adiabatic,22,-2.061014084382417,1.7108018306867008,0
adam,adiabatic,23,-2.156684237820339,1.6583665991523981,0
adam,adiabatic,24,-2.2567189336205447,1.603046761603712,0
adam,adiabatic,25,-2.3614321615128695,1.5448523479069798,0
adam,adiabatic,26,-2.4710592739612025,1.4838267138660386,0
adam,adiabatic,27,-2.5857546940074525,1.4201157540245855,0
adam,adiabatic,28,-2.7055594697573544,1.354021156714725,0
adam,adiabatic,29,-2.830388680904733,1.285996505420743,0
adam,adiabatic,30,-2.9600654787327927,1.2165799165407116,0
adam,adiabatic,31,-3.0943800328241124,1.1462830459660514,0
adam,adiabatic,32,-3.233143060494956,1.0754746809790101,0
adam,adiabatic,33,-3.3762176591164796,1.0043088102882247,0
adam,adiabatic,34,-3.523512766191529,0.9327295152540072,0
adam,adiabatic,35,-3.674928756757336,0.8605416844823165,0
adam,adiabatic,36,-3.830272480780962,0.7875029837075429,0
adam,adiabatic,37,-3.989181131609869,0.7133917916255409,0
adam,adiabatic,38,-4.151092796238633,0.6380320625130486,0
adam,adiabatic,39,-4.315276480201708,0.561286624832559,0
adam,adiabatic,40,-4.480903263466657,0.48304593239866367,0
adam,adiabatic,41,-4.647121002268659,0.4032362495731403,0
adam,adiabatic,42,-4.813091635010978,0.3218551526060834,0
adam,adiabatic,43,-4.977966872051234,0.23901905715303445,0
adam,adiabatic,44,-5.140824113725526,0.15499304229083266,0
adam,adiabatic,45,-5.300628793562438,0.07018556973648844,0
adam,adiabatic,46,-5.456271542574069,-0.01488235508682581,0
adam,adiabatic,47,-5.606664023102276,-0.09960880816199502,0
adam,adiabatic,48,-5.7508367585085445,-0.1833223140903785,0
adam,adiabatic,49,-5.887990894758756,-0.2652719422756402,0
adam,adiabatic,50,-6.017496434432568,-0.34462152416368025,0
adam,adiabatic,51,-6.138868195314281,-0.4204853598171737,0
adam,adiabatic,52,-6.251758157782872,-0.49203301608955347,0
adam,adiabatic,53,-6.355989294011593,-0.5586682243627659,0
adam,adiabatic,54,-6.451643704734438,-0.6202511273606484,0
adam,adiabatic,55,-6.539196829764706,-0.6772862345783606,0
adam,adiabatic,56,-6.619648816785114,-0.730970404647851,0
adam,adiabatic,57,-6.694570048063739,-0.7830259616258034,0
adam,adiabatic,58,-6.7659888497184015,-0.8353378924082944,0
adam,adiabatic,59,-6.836113432394586,-0.8895153851845664,0
adam,adiabatic,60,-6.906958388803998,-0.9465295832651154,0
adam,adiabatic,61,-6.979980371915318,-1.0065232364860721,0
adam,adiabatic,62,-7.055804828756605,-1.0688082438784312,0
adam,adiabatic,63,-7.13409808771993,-1.1320274355267188,0
adam,adiabatic,64,-7.213635870037384,-1.194444301867408,0
adam,adiabatic,65,-7.292589169447559,-1.2542984311020962,0
adam,adiabatic,66,-7.368961623602292,-1.3101340274022666,0
adam,adiabatic,67,-7.441033077068105,-1.3610105071601588,0
adam,adiabatic,68,-7.507661954427953,-1.4065479938703995,0
adam,adiabatic,69,-7.5683704028347725,-1.4468238252691337,0
adam,adiabatic,70,-7.623227567946793,-1.4821874621724986,0
adam,adiabatic,71,-7.672613469019337,-1.5130797267885663,0
adam,adiabatic,72,-7.71697345037681,-1.5399228671079213,0
adam,adiabatic,73,-7.756657990303812,-1.5631011835077384,0
adam,adiabatic,74,-7.791889740914292,-1.5830019094594703,0
adam,adiabatic,75,-7.822832749300394,-1.6000591378059519,0
adam,adiabatic,76,-7.8496933090212,-1.614753555180277,0
adam,adiabatic,77,-7.872781403107363,-1.6275586249831695,0
adam,adiabatic,78,-7.8925005550485645,-1.638862322669477,0
adam,adiabatic,79,-7.909282043897526,-1.6489076236678328,0
adam,adiabatic,80,-7.9235069602544055,-1.6577812287888047,0
adam,adiabatic,81,-7.935457522756032,-1.6654535429720077,0
adam,adiabatic,82,-7.945317409797092,-1.6718503662005717,0
adam,adiabatic,83,-7.953214526831963,-1.6769271376688555,0
adam,adiabatic,84,-7.959281253648729,-1.6807212414723165,0
adam,adiabatic,85,-7.963704249873418,-1.6833713334505387,0
adam,adiabatic,86,-7.966746363991718,-1.6851057151907787,0
adam,adiabatic,87,-7.968737317547154,-1.686208653790188,0
adam,adiabatic,88,-7.970039672904593,-1.6869752451725566,0
adam,adiabatic,89,-7.971001598966269,-1.6876655697048606,0
adam,adiabatic,90,-7.971910357041479,-1.6884685690453785,0
adam,adiabatic,91,-7.972959951509745,-1.6894838904490075,0
adam,adiabatic,92,-7.974241673606326,-1.690724947194725,0
adam,adiabatic,93,-7.975758179154703,-1.6921398069214202,0
adam,adiabatic,94,-7.9774535296810845,-1.693641195228854,0
adam,adiabatic,95,-7.979247115327581,-1.6951356215105655,0
adam,adiabatic,96,-7.9810606665372,-1.6965446498074546,0
adam,adiabatic,97,-7.982833272091693,-1.6978162080401413,0
adam,adiabatic,98,-7.984525502045918,-1.6989275401610326,0
adam,adiabatic,99,-7.986117042853552,-1.6998825492999736,0
adam,adiabatic,100,-7.288966566901086,-1.700721194327813,0
adam,adiabatic,101,-7.290274988868718,-1.701470276181881,0
adam,adiabatic,102,-7.291483059207516,-1.7021654834716136,0
adam,adiabatic,103,-7.292608727149371,-1.7028314767317698,0
adam,adiabatic,104,-7.293662908677812,-1.7034753255008415,0
adam,adiabatic,105,-7.294645488464489,-1.704086248855933,0
adam,adiabatic,106,-7.29554540848419,-1.7046417306334036,0
adam,adiabatic,107,-7.296345008840657,-1.705117483058006,0
adam,adiabatic,108,-7.297027040092724,-1.7054972528009087,0
adam,adiabatic,109,-7.297581563372166,-1.7057785826335325,0
adam,adiabatic,110,-7.298010004406643,-1.705972528976332,0
adam,adiabatic,111,-7.298325044757492,-1.7060987355079085,0
adam,adiabatic,112,-7.298547127608104,-1.7061795415503318,0
adam,adiabatic,113,-7.298699783850607,-1.7062355399467257,0
adam,adiabatic,114,-7.298805810902044,-1.7062829490022844,0
adam,adiabatic,115,-7.29888508639802,-1.7063324181262947,0
adam,adiabatic,116,-7.298953593645681,-1.7063888584142153,0
adam,adiabatic,117,-7.299022844546005,-1.7064521171118734,0
adam,adiabatic,118,-7.299099387076635,-1.7065185109173375,0
adam,adiabatic,119,-7.299184825428147,-1.7065831038142873,0
adam,adiabatic,120,-7.299276955340571,-1.706642184827858,0
adam,adiabatic,121,-7.2993720011441425,-1.706695054875928,0
adam,adiabatic,122,-7.299467073145331,-1.7067443646308305,0
adam,adiabatic,123,-7.29956163191545,-1.706794884460468,0
adam,adiabatic,124,-7.299657279161346,-1.7068513478934457,0
adam,adiabatic,125,-7.299756200905673,-1.7069164067958231,0
adam,adiabatic,126,-7.299859325783404,-1.7069895604352507,0
adam,adiabatic,127,-7.29996526075532,-1.70706735510278,0
adam,adiabatic,128,-7.300070450214982,-1.7071445733568895,0
adam,adiabatic,129,-7.300170282678709,-1.7072158216751514,0
adam,adiabatic,130,-7.300260487335925,-1.7072769285283511,0
adam,adiabatic,131,-7.300338218544177,-1.7073257663018013,0
adam,adiabatic,132,-7.300402529475568,-1.7073623734206194,0
adam,adiabatic,133,-7.300454245423859,-1.7073884883105697,0
adam,adiabatic,134,-7.300495435222899,-1.7074067598491873,0
adam,adiabatic,135,-7.300528733882025,-1.7074199327453927,0
adam,adiabatic,136,-7.3005567241845375,-1.7074302237627692,0
adam,adiabatic,137,-7.300581483742838,-1.7074389702519925,0
adam,adiabatic,138,-7.30060430773728,-1.7074465366366993,0
adam,adiabatic,139,-7.300625586736677,-1.707452447668265,0
adam,adiabatic,140,-7.300644858871289,-1.7074557331718057,0
adam,adiabatic,141,-7.3006610920858,-1.7074554387651408,0
adam,adiabatic,142,-7.300673196031227,-1.7074511643927675,0
adam,adiabatic,143,-7.300680615445925,-1.7074434165685062,0
adam,adiabatic,144,-7.300683737247345,-1.70743360114203,0
adam,adiabatic,145,-7.300683887924157,-1.7074236521960056,0
adam,adiabatic,146,-7.3006829154286255,-1.7074154815876055,0
adam,adiabatic,147,-7.30068259015543,-1.707410505268199,0
adam,adiabatic,148,-7.300684137815515,-1.7074094129779835,0
adam,adiabatic,149,-7.3006880814696276,-1.7074121830640734,0
adam,adiabatic,150,-7.300694347387557,-1.7074182355368197,0
adam,adiabatic,151,-7.300702462987293,-1.7074266229493122,0
adam,adiabatic,152,-7.30071171809387,-1.707436228204008,0
adam,adiabatic,153,-7.3007212863090825,-1.7074459775232518,0
adam,adiabatic,154,-7.300730369075899,-1.707455048731003,0
adam,adiabatic,155,-7.300738376773666,-1.7074630069681505,0
adam,adiabatic,156,-7.30074507204448,-1.70746980217005,0
adam,adiabatic,157,-7.300750580091869,-1.7074756301426433,0
adam,adiabatic,158,-7.300755248756609,-1.7074807376166639,0
adam,adiabatic,159,-7.300759444582446,-1.7074852746457427,0
adam,adiabatic,160,-7.300763404988077,-1.7074892503886638,0
adam,adiabatic,161,-7.300767207742438,-1.707492575934059,0
adam,adiabatic,162,-7.300770828431112,-1.7074951375843332,0
adam,adiabatic,163,-7.300774212243337,-1.7074968543673152,0
adam,adiabatic,164,-7.300777310640182,-1.7074977079881128,0
adam,adiabatic,165,-7.300780085592022,-1.7074977553487698,0
adam,adiabatic,166,-7.300782511153241,-1.7074971311685616,0
adam,adiabatic,167,-7.3007845889703535,-1.7074960365544511,0
adam,adiabatic,168,-7.300786366718696,-1.7074947079075464,0
adam,adiabatic,169,-7.300787938260243,-1.7074933719347316,0
adam,adiabatic,170,-7.300789418332553,-1.7074922040472902,0
adam,adiabatic,171,-7.300790905187457,-1.7074913071737792,0
adam,adiabatic,172,-7.300792452435242,-1.7074907164029174,0
adam,adiabatic,173,-7.300794062835524,-1.707490421722275,0
adam,adiabatic,174,-7.3007957022593875,-1.7074903951151688,0
adam,adiabatic,175,-7.300797322795352,-1.7074906106423435,0
adam,adiabatic,176,-7.300798883420275,-1.7074910525678821,0
adam,adiabatic,177,-7.300800361516368,-1.7074917125718334,0
adam,adiabatic,178,-7.300801754242017,-1.707492580646092,0
adam,adiabatic,179,-7.3008030727184465,-1.7074936352969494,0
adam,adiabatic,180,-7.300804333383496,-1.7074948376294132,0
adam,adiabatic,181,-7.300805550051949,-1.7074961315085155,0
adam,adiabatic,182,-7.300806728485635,-1.7074974494285406,0
adam,adiabatic,183,-7.300807864105281,-1.7074987220002753,0
adam,adiabatic,184,-7.300808943268143,-1.7074998883099886,0
adam,adiabatic,185,-7.300809948246954,-1.7075009043913107,0
adam,adiabatic,186,-7.300810864644886,-1.7075017474567133,0
adam,adiabatic,187,-7.300811688100322,-1.7075024146565734,0
adam,adiabatic,188,-7.300812426735094,-1.707502917104089,0
adam,adiabatic,189,-7.300813097954389,-1.7075032719488485,0
adam,adiabatic,190,-7.300813721604087,-1.7075034960524131,0
adam,adiabatic,191,-7.300814313477668,-1.707503603626381,0
adam,adiabatic,192,-7.300814882293486,-1.7075036077814274,0
adam,adiabatic,193,-7.300815430556875,-1.707503523920354,0
adam,adiabatic,194,-7.300815957494506,-1.707503372435799,0
adam,adiabatic,195,-7.300816461889924,-1.7075031791402737,0
adam,adiabatic,196,-7.300816943718205,-1.7075029732845384,0
adam,adiabatic,197,-7.300817404626599,-1.7075027840150598,0
adam,adiabatic,198,-7.300817847712144,-1.7075026364380794,0
adam,adiabatic,199,-7.300818276878408,-1.7075025483444013,0
adam,adiabatic,200,-6.601654177440027,-1.7075095578815338,0
adam,adiabatic,201,-6.601655385813786,-1.7075222987988927,0
adam,adiabatic,202,-6.601657126735774,-1.7075390204171654,0
adam,adiabatic,203,-6.601658984195432,-1.7075578546409702,0
adam,adiabatic,204,-6.601660589070869,-1.7075770403489454,0
adam,adiabatic,205,-6.601661710462636,-1.7075950790670955,0
adam,adiabatic,206,-6.601662285607629,-1.7076108192712742,0
adam,adiabatic,207,-6.601662401071984,-1.707623478152045,0
adam,adiabatic,208,-6.601662241257339,-1.7076326163443745,0
adam,adiabatic,209,-6.601662019611957,-1.7076380872852794,0
adam,adiabatic,210,-6.601661912431681,-1.7076399837361613,0
adam,adiabatic,211,-6.601662016864942,-1.7076385949628294,0
adam,adiabatic,212,-6.60166234407682,-1.707634374012409,0
adam,adiabatic,213,-6.601662840499377,-1.7076279060065571,0
adam,adiabatic,214,-6.601663419537278,-1.7076198700488534,0
adam,adiabatic,215,-6.601663989826362,-1.7076109939739557,0
adam,adiabatic,216,-6.601664476132673,-1.7076020051365186,0
adam,adiabatic,217,-6.601664833779677,-1.7075935802689903,0
adam,adiabatic,218,-6.601665055491429,-1.7075862971613316,0
adam,adiabatic,219,-6.601665167934495,-1.7075805930500891,0
adam,adiabatic,220,-6.601665218725327,-1.7075767367110686,0
adam,adiabatic,221,-6.601665259717167,-1.7075748197422973,0
adam,adiabatic,222,-6.601665333157049,-1.707574767636176,0
adam,adiabatic,223,-6.601665463563152,-1.7075763666224255,0
adam,adiabatic,224,-6.601665654727933,-1.7075793005096092,0
adam,adiabatic,225,-6.601665891106045,-1.7075831920509785,0
adam,adiabatic,226,-6.601666143901978,-1.707587643696986,0
adam,adiabatic,227,-6.601666381148263,-1.707592272759626,0
adam,adiabatic,228,-6.601666578362797,-1.7075967373564933,0
adam,adiabatic,229,-6.601666725329159,-1.7076007523895191,0
adam,adiabatic,230,-6.601666826776067,-1.7076040976151423,0
adam,adiabatic,231,-6.601666898138851,-1.7076066207709508,0
adam,adiabatic,232,-6.601666959212253,-1.7076082377547288,0
adam,adiabatic,233,-6.601667027927554,-1.7076089305047977,0
adam,adiabatic,234,-6.601667115507809,-1.7076087425958817,0
adam,adiabatic,235,-6.601667224016246,-1.7076077724599399,0
adam,adiabatic,236,-6.601667347099224,-1.707606164023417,0
adam,adiabatic,237,-6.6016674736051035,-1.7076040945386006,0
adam,adiabatic,238,-6.6016675923037855,-1.7076017599469417,0
adam,adiabatic,239,-6.601667695546674,-1.7075993591103777,0
adam,adiabatic,240,-6.60166778075764,-1.7075970788617407,0
adam,adiabatic,241,-6.601667850022201,-1.7075950814932257,0
adam,adiabatic,242,-6.601667908595981,-1.707593495374742,0
adam,adiabatic,243,-6.601667962938872,-1.707592408678003,0
adam,adiabatic,244,-6.601668018687432,-1.7075918660358653,0
adam,adiabatic,245,-6.601668079104408,-1.7075918680924975,0
adam,adiabatic,246,-6.601668144549949,-1.7075923739120527,0
adam,adiabatic,247,-6.601668213061648,-1.707593306092865,0
adam,adiabatic,248,-6.601668281549042,-1.7075945583536796,0
adam,adiabatic,249,-6.601668346952057,-1.707596005294115,0
adam,adiabatic,250,-6.601668407029318,-1.7075975137848236,0
adam,adiabatic,251,-6.6016684607764935,-1.707598954987828,0
adam,adiabatic,252,-6.601668508524655,-1.7076002156252394,0
adam,adiabatic,253,-6.601668551687553,-1.7076012071102264,0
adam,adiabatic,254,-6.601668592194647,-1.7076018715484782,0
adam,adiabatic,255,-6.601668631831526,-1.7076021841872036,0
adam,adiabatic,256,-6.601668671765089,-1.707602152425179,0
adam,adiabatic,257,-6.601668712374415,-1.7076018119329213,0
adam,adiabatic,258,-6.601668753323984,-1.7076012207370594,0
adam,adiabatic,259,-6.601668793777194,-1.7076004522200108,0
adam,adiabatic,260,-6.601668832702513,-1.7075995878370929,0
adam,adiabatic,261,-6.601668869226581,-1.7075987100668355,0
adam,adiabatic,262,-6.601668902921567,-1.7075978958818614,0
adam,adiabatic,263,-6.601668933902813,-1.7075972109699344,0
adam,adiabatic,264,-6.601668962711716,-1.7075967049976617,0
adam,adiabatic,265,-6.601668990077191,-1.7075964082727628,0
adam,adiabatic,266,-6.601669016675216,-1.7075963301503319,0
adam,adiabatic,267,-6.601669042953575,-1.7075964594279793,0
adam,adiabatic,268,-6.601669069042328,-1.7075967667798742,0
adam,adiabatic,269,-6.601669094764836,-1.7075972089938491,0
adam,adiabatic,270,-6.601669119752414,-1.7075977344581932,0
adam,adiabatic,271,-6.601669143620097,-1.707598289112144,0
adam,adiabatic,272,-6.60166916612118,-1.7075988220278386,0
adam,adiabatic,273,-6.601669187215272,-1.707599289942656,0
adam,adiabatic,274,-6.6016692070449166,-1.7075996603360923,0
adam,adiabatic,275,-6.60166922585964,-1.7075999129480723,0
adam,adiabatic,276,-6.601669243928051,-1.7076000398920643,0
adam,adiabatic,277,-6.601669261461103,-1.7076000446785449,0
adam,adiabatic,278,-6.601669278563618,-1.7075999405083577,0
adam,adiabatic,279,-6.60166929522803,-1.7075997481359855,0
adam,adiabatic,280,-6.601669311370782,-1.7075994934972547,0
adam,adiabatic,281,-6.601669326887843,-1.7075992052153386,0
adam,adiabatic,282,-6.601669341700695,-1.707598912080755,0
adam,adiabatic,283,-6.601669355778919,-1.7075986406355548,0
adam,adiabatic,284,-6.60166936914319,-1.7075984130412638,0
adam,adiabatic,285,-6.6016693818567775,-1.7075982454374878,0
adam,adiabatic,286,-6.601669394007965,-1.707598146978286,0
adam,adiabatic,287,-6.601669405686436,-1.707598119656649,0
adam,adiabatic,288,-6.601669416961439,-1.707598158904495,0
adam,adiabatic,289,-6.601669427870453,-1.7075982548223263,0
adam,adiabatic,290,-6.601669438420042,-1.7075983937950159,0
adam,adiabatic,291,-6.601669448594663,-1.7075985602203605,0
adam,adiabatic,292,-6.601669458368587,-1.7075987381159978,0
adam,adiabatic,293,-6.601669467719264,-1.707598912454546,0
adam,adiabatic,294,-6.6016694766399,-1.7075990701712835,0
adam,adiabatic,295,-6.60166948514591,-1.7075992008634961,0
adam,adiabatic,296,-6.601669493272147,-1.7075992972353833,0
adam,adiabatic,297,-6.601669501062436,-1.7075993553352125,0
adam,adiabatic,298,-6.601669508557483,-1.707599374598278,0
adam,adiabatic,299,-6.601669515786421,-1.707599357677705,0
adam,adiabatic,300,-5.902516642036925,-1.7076072902956554,0
adam,adiabatic,301,-5.902517729511029,-1.7076214086713621,0
adam,adiabatic,302,-5.902519421361062,-1.707639438305547,0
adam,adiabatic,303,-5.9025211206211985,-1.7076590219881693,0
adam,adiabatic,304,-5.902522350701306,-1.707678053832646,0
adam,adiabatic,305,-5.902522886598668,-1.7076948790523734,0
adam,adiabatic,306,-5.902522769846021,-1.7077083674474434,0
adam,adiabatic,307,-5.902522239456455,-1.7077178890729958,0
adam,adiabatic,308,-5.902521615332841,-1.707723232606067,0
adam,adiabatic,309,-5.902521173728307,-1.707724513418907,0
adam,adiabatic,310,-5.90252106071619,-1.707722105081033,0
adam,adiabatic,311,-5.9025212741108835,-1.707716596641365,0
adam,adiabatic,312,-5.90252170521862,-1.707708754419286,0
adam,adiabatic,313,-5.902522203001794,-1.707699469424557,0
adam,adiabatic,314,-5.902522628493103,-1.7076896882125163,0
adam,adiabatic,315,-5.902522890048758,-1.7076803342681002,0
adam,adiabatic,316,-5.902522961101396,-1.7076722260745951,0
adam,adiabatic,317,-5.902522878631222,-1.7076659990041383,0
adam,adiabatic,318,-5.902522720848816,-1.7076620447314288,0
adam,adiabatic,319,-5.902522573094733,-1.7076604841108283,0
adam,adiabatic,320,-5.902522498345582,-1.7076611805738418,0
adam,adiabatic,321,-5.902522522801634,-1.7076637877357013,0
adam,adiabatic,322,-5.9025226357267035,-1.7076678174640594,0
adam,adiabatic,323,-5.902522798451124,-1.707672714665901,0
adam,adiabatic,324,-5.90252295976722,-1.7076779270616556,0
adam,adiabatic,325,-5.902523074940591,-1.7076829599868097,0
adam,adiabatic,326,-5.902523121573768,-1.7076874104715862,0
adam,adiabatic,327,-5.9025231048394415,-1.7076909819667692,0
adam,adiabatic,328,-5.902523050710745,-1.7076934864573174,0
adam,adiabatic,329,-5.902522992817043,-1.7076948405065284,0
adam,adiabatic,330,-5.9025229597985165,-1.7076950580320722,0
adam,adiabatic,331,-5.902522966747325,-1.70769423994158,0
adam,adiabatic,332,-5.902523011862635,-1.7076925604722928,0
adam,adiabatic,333,-5.902523079039819,-1.7076902502098033,0
adam,adiabatic,334,-5.902523145825622,-1.7076875753554586,0
adam,adiabatic,335,-5.9025231932499835,-1.7076848132578286,0
adam,adiabatic,336,-5.902523212663536,-1.7076822262461924,0
adam,adiabatic,337,-5.9025232069493585,-1.70768003767421,0
adam,adiabatic,338,-5.902523187100268,-1.7076784138549532,0
adam,adiabatic,339,-5.902523166830092,-1.7076774536421597,0
adam,adiabatic,340,-5.902523157364863,-1.7076771856596038,0
adam,adiabatic,341,-5.902523163807135,-1.707677572410792,0
adam,adiabatic,342,-5.902523184192817,-1.707678520052992,0
adam,adiabatic,343,-5.902523211553469,-1.7076798920539589,0
adam,adiabatic,344,-5.902523237729589,-1.7076815247911297,0
adam,adiabatic,345,-5.902523256766277,-1.7076832437460114,0
adam,adiabatic,346,-5.9025232664604435,-1.7076848796163164,0
adam,adiabatic,347,-5.9025232681125654,-1.7076862836055642,0
adam,adiabatic,348,-5.9025232652842,-1.7076873405457706,0
adam,adiabatic,349,-5.902523262201495,-1.7076879782270582,0
adam,adiabatic,350,-5.902523262224765,-1.7076881717400858,0
adam,adiabatic,351,-5.902523266859625,-1.7076879424379363,0
adam,adiabatic,352,-5.90252327566154,-1.7076873519045972,0
adam,adiabatic,353,-5.902523286887185,-1.70768649203414,0
adam,adiabatic,354,-5.902523298367929,-1.707685472920298,0
adam,adiabatic,355,-5.902523308215368,-1.7076844104179814,0
adam,adiabatic,356,-5.902523315302406,-1.7076834147944102,0
adam,adiabatic,357,-5.90252331953586,-1.707682581169162,0
adam,adiabatic,358,-5.902523321808156,-1.7076819819803895,0
adam,adiabatic,359,-5.902523323564159,-1.7076816616733872,0
adam,adiabatic,360,-5.902523326173756,-1.7076816339314485,0
adam,adiabatic,361,-5.902523330434657,-1.707681881782551,0
adam,adiabatic,362,-5.90252333638929,-1.7076823607611595,0
adam,adiabatic,363,-5.902523343432413,-1.7076830050084466,0
adam,adiabatic,364,-5.902523350613231,-1.7076837357485164,0
adam,adiabatic,365,-5.902523357037165,-1.7076844710569523,0
adam,adiabatic,366,-5.902523362224964,-1.707685135478088,0
adam,adiabatic,367,-5.9025233662597545,-1.7076856680712544,0
adam,adiabatic,368,-5.902523369656664,-1.7076860278678154,0
adam,adiabatic,369,-5.902523373065219,-1.7076861962980578,0
adam,adiabatic,370,-5.902523376987873,-1.7076861767021567,0
adam,adiabatic,371,-5.902523381626144,-1.707685991468338,0
adam,adiabatic,372,-5.902523386865969,-1.7076856775810998,0
adam,adiabatic,373,-5.902523392373813,-1.7076852813719634,0
adam,adiabatic,374,-5.902523397762788,-1.7076848530914128,0
adam,adiabatic,375,-5.902523402759151,-1.7076844417097266,0
adam,adiabatic,376,-5.9025234072915715,-1.7076840902374126,0
adam,adiabatic,377,-5.902523411473056,-1.7076838318501117,0
adam,adiabatic,378,-5.902523415514354,-1.707683687132117,0
adam,adiabatic,379,-5.902523419628088,-1.7076836627388463,0
adam,adiabatic,380,-5.902523423957502,-1.7076837516805246,0
adam,adiabatic,381,-5.902523428539527,-1.7076839352324702,0
adam,adiabatic,382,-5.902523433308539,-1.7076841862040537,0
adam,adiabatic,383,-5.902523438139641,-1.7076844730289105,0
adam,adiabatic,384,-5.90252344290933,-1.7076847639840205,0
adam,adiabatic,385,-5.902523447541177,-1.7076850308725295,0
adam,adiabatic,386,-5.9025234520208425,-1.7076852516957128,0
adam,adiabatic,387,-5.90252345638688,-1.7076854121124938,0
adam,adiabatic,388,-5.902523460709161,-1.7076855057490623,0
adam,adiabatic,389,-5.902523465061296,-1.7076855336061147,0
adam,adiabatic,390,-5.902523469493727,-1.7076855028783235,0
adam,adiabatic,391,-5.902523474018351,-1.707685425459345,0
adam,adiabatic,392,-5.902523478611414,-1.707685316310109,0
adam,adiabatic,393,-5.90252348322962,-1.7076851917875282,0
adam,adiabatic,394,-5.902523487828937,-1.7076850680039135,0
adam,adiabatic,395,-5.902523492379494,-1.707684959309354,0
adam,adiabatic,396,-5.902523496874464,-1.7076848770261308,0
adam,adiabatic,397,-5.902523501330382,-1.7076848285793886,0
adam,adiabatic,398,-5.902523505777986,-1.7076848171363719,0
adam,adiabatic,399,-5.902523510247167,-1.7076848417850286,0
adam,adiabatic,400,-5.203383735926427,-1.7076933826487248,0
adam,adiabatic,401,-5.203385099465377,-1.7077083114760359,0
adam,adiabatic,402,-5.203387142390925,-1.707726887730439,0
adam,adiabatic,403,-5.20338905080325,-1.707746371595611,0
adam,adiabatic,404,-5.203390235463249,-1.7077644620952073,0
adam,adiabatic,405,-5.20339050360813,-1.707779512208166,0
adam,adiabatic,406,-5.203390038990133,-1.7077905537242317,0
adam,adiabatic,407,-5.203389255448555,-1.7077971949600639,0
adam,adiabatic,408,-5.2033885942052205,-1.707799472960435,0
adam,adiabatic,409,-5.203388344158681,-1.707797735476526,0
adam,adiabatic,410,-5.203388560976871,-1.7077925796898545,0
adam,adiabatic,411,-5.203389105333783,-1.7077848204992465,0
adam,adiabatic,412,-5.203389749284414,-1.7077754461184638,0
adam,adiabatic,413,-5.2033902802311065,-1.7077655424151492,0
adam,adiabatic,414,-5.203390567411005,-1.7077561924711937,0
adam,adiabatic,415,-5.203390589716745,-1.7077483618016924,0
adam,adiabatic,416,-5.203390426149705,-1.7077427810282388,0
adam,adiabatic,417,-5.203390209632519,-1.7077398519504003,0
adam,adiabatic,418,-5.203390063673145,-1.7077396099216304,0
adam,adiabatic,419,-5.203390055527964,-1.7077417562954962,0
adam,adiabatic,420,-5.203390184698625,-1.7077457450597449,0
adam,adiabatic,421,-5.203390399165015,-1.7077508940857986,0
adam,adiabatic,422,-5.203390623052619,-1.7077564960005815,0
adam,adiabatic,423,-5.203390786771861,-1.7077619108697264,0
adam,adiabatic,424,-5.203390853348599,-1.7077666271928955,0
adam,adiabatic,425,-5.203390830274883,-1.7077702868640219,0
adam,adiabatic,426,-5.20339075991337,-1.70777268347857,0
adam,adiabatic,427,-5.203390695421892,-1.7077737491213838,0
adam,adiabatic,428,-5.2033906773043554,-1.7077735384562984,0
adam,adiabatic,429,-5.203390720237787,-1.7077722114360403,0
adam,adiabatic,430,-5.203390811371338,-1.7077700140369039,0
adam,adiabatic,431,-5.203390918647124,-1.707767255869905,0
adam,adiabatic,432,-5.203391006530102,-1.7077642820517298,0
adam,adiabatic,433,-5.2033910525359826,-1.7077614376787218,0
adam,adiabatic,434,-5.20339105581542,-1.7077590280116453,0
adam,adiabatic,435,-5.203391033790305,-1.7077572825781455,0
adam,adiabatic,436,-5.203391010827893,-1.707756332101285,0
adam,adiabatic,437,-5.203391006543423,-1.7077562026157758,0
adam,adiabatic,438,-5.2033910288298495,-1.7077568253161426,0
adam,adiabatic,439,-5.203391072859476,-1.7077580573677484,0
adam,adiabatic,440,-5.203391125303474,-1.707759708100547,0
adam,adiabatic,441,-5.203391171630293,-1.7077615653730673,0
adam,adiabatic,442,-5.2033912027866975,-1.7077634185100794,0
adam,adiabatic,443,-5.203391217868258,-1.7077650769840609,0
adam,adiabatic,444,-5.2033912223483005,-1.707766385910353,0
adam,adiabatic,445,-5.203391224245918,-1.707767238765985,0
adam,adiabatic,446,-5.203391230661349,-1.707767585900231,0
adam,adiabatic,447,-5.203391245533891,-1.7077674369616431,0
adam,adiabatic,448,-5.203391268750478,-1.7077668565117667,0
adam,adiabatic,449,-5.203391296842208,-1.7077659532962342,0
adam,adiabatic,450,-5.203391325011432,-1.7077648645203798,0
adam,adiabatic,451,-5.203391349347598,-1.7077637374849457,0
adam,adiabatic,452,-5.20339136812331,-1.7077627115851448,0
adam,adiabatic,453,-5.20339138195278,-1.707761903204318,0
adam,adiabatic,454,-5.203391393173315,-1.707761394825906,0
adam,adiabatic,455,-5.203391404757123,-1.7077612287300243,0
adam,adiabatic,456,-5.203391419042301,-1.7077614052673349,0
adam,adiabatic,457,-5.203391436808551,-1.7077618855458703,0
adam,adiabatic,458,-5.203391457186637,-1.7077625981050972,0
adam,adiabatic,459,-5.203391478356067,-1.7077634488438198,0
adam,adiabatic,460,-5.203391498499492,-1.7077643332296515,0
adam,adiabatic,461,-5.203391516519495,-1.707765149544151,0
adam,adiabatic,462,-5.203391532346433,-1.7077658115241081,0
adam,adiabatic,463,-5.203391546835021,-1.7077662585135298,0
adam,adiabatic,464,-5.2033915612891155,-1.7077664615345807,0
adam,adiabatic,465,-5.203391576807938,-1.7077664245100068,0
adam,adiabatic,466,-5.203391593808973,-1.7077661808213231,0
adam,adiabatic,467,-5.203391611971316,-1.7077657861624647,0
adam,adiabatic,468,-5.203391630532307,-1.7077653091809681,0
adam,adiabatic,469,-5.203391648698091,-1.7077648215938177,0
adam,adiabatic,470,-5.203391665980474,-1.7077643892256409,0
adam,adiabatic,471,-5.2033916823608255,-1.7077640649010872,0
adam,adiabatic,472,-5.2033916982277955,-1.7077638836463356,0
adam,adiabatic,473,-5.203391714125842,-1.707763860356072,0
adam,adiabatic,474,-5.203391730470659,-1.7077639898902373,0
adam,adiabatic,475,-5.2033917473954086,-1.7077642494020155,0
adam,adiabatic,476,-5.203391764769547,-1.7077646025492972,0
adam,adiabatic,477,-5.203391782318375,-1.7077650050832227,0
adam,adiabatic,478,-5.20339179976013,-1.707765411113723,0
adam,adiabatic,479,-5.2033918169153885,-1.7077657791722975,0
adam,adiabatic,480,-5.203391833761342,-1.707766077149975,0
adam,adiabatic,481,-5.203391850412559,-1.707766285382999,0
adam,adiabatic,482,-5.203391867045331,-1.7077663975630688,0
adam,adiabatic,483,-5.2033918838144055,-1.707766419621695,0
adam,adiabatic,484,-5.203391900800972,-1.7077663671235979,0
adam,adiabatic,485,-5.203391917997223,-1.707766261901402,0
adam,adiabatic,486,-5.203391935320501,-1.7077661286330066,0
adam,adiabatic,487,-5.203391952654599,-1.707765991840381,0
adam,adiabatic,488,-5.2033919699055415,-1.707765873502897,0
adam,adiabatic,489,-5.203391987041904,-1.7077657912777848,0
adam,adiabatic,490,-5.203392004097761,-1.7077657572639853,0
adam,adiabatic,491,-5.203392021144787,-1.7077657772909578,0
adam,adiabatic,492,-5.2033920382551075,-1.7077658507822966,0
adam,adiabatic,493,-5.203392055471354,-1.7077659712686521,0
adam,adiabatic,494,-5.2033920727926954,-1.7077661275640292,0
adam,adiabatic,495,-5.203392090181664,-1.7077663054844825,0
adam,adiabatic,496,-5.203392107587982,-1.7077664898443037,0
adam,adiabatic,497,-5.203392124975209,-1.7077666663905342,0
adam,adiabatic,498,-5.203392142334854,-1.707766823370213,0
adam,adiabatic,499,-5.203392159683734,-1.7077669525458479,0
adam,adiabatic,500,-4.504267132150194,-1.70777564277815,0
adam,adiabatic,501,-4.504268790290188,-1.7077904986442514,0
adam,adiabatic,502,-4.50427117485903,-1.7078084670432894,0
adam,adiabatic,503,-4.504273249956398,-1.707826632153146,0
adam,adiabatic,504,-4.50427433994702,-1.7078427236646123,0
adam,adiabatic,505,-4.504274329452309,-1.70785529664976,0
adam,adiabatic,506,-4.504273578323493,-1.7078636670875667,0
adam,adiabatic,507,-4.504272672373445,-1.7078677193127763,0
adam,adiabatic,508,-4.504272131223853,-1.7078677037939982,0
adam,adiabatic,509,-4.504272194163848,-1.7078641162605055,0
adam,adiabatic,510,-4.504272777340898,-1.707857664941332,0
adam,adiabatic,511,-4.504273591527273,-1.7078492625417032,0
adam,adiabatic,512,-4.5042743160006395,-1.7078399856380606,0
adam,adiabatic,513,-4.50427473240892,-1.707830984831348,0
adam,adiabatic,514,-4.504274786636741,-1.707823353797767,0
adam,adiabatic,515,-4.504274582608962,-1.7078179711529342,0
adam,adiabatic,516,-4.504274314560093,-1.7078153512852796,0
adam,adiabatic,517,-4.504274164722856,-1.7078155627271454,0
adam,adiabatic,518,-4.504274221952167,-1.707818251819793,0
adam,adiabatic,519,-4.50427446294367,-1.7078227576765375,0
adam,adiabatic,520,-4.504274789262658,-1.707828269604123,0
adam,adiabatic,521,-4.504275084356744,-1.7078339801580777,0
adam,adiabatic,522,-4.504275263579032,-1.707839203696223,0
adam,adiabatic,523,-4.504275305332708,-1.7078434422076318,0
adam,adiabatic,524,-4.504275253292636,-1.707846396232977,0
adam,adiabatic,525,-4.504275186696947,-1.7078479403291422,0
adam,adiabatic,526,-4.504275175712726,-1.7078480912775216,0
adam,adiabatic,527,-4.5042752492132445,-1.707846986138193,0
adam,adiabatic,528,-4.504275389858983,-1.707844868646893,0
adam,adiabatic,529,-4.504275551315384,-1.7078420733984165,0
adam,adiabatic,530,-4.504275684378828,-1.707838998597072,0
adam,adiabatic,531,-4.504275760625191,-1.7078360619669153,0
adam,adiabatic,532,-4.504275783627806,-1.7078336424905147,0
adam,adiabatic,533,-4.504275782169704,-1.7078320219201797,0
adam,adiabatic,534,-4.5042757906992374,-1.7078313453538523,0
adam,adiabatic,535,-4.504275830847436,-1.707831612781419,0
adam,adiabatic,536,-4.504275904486855,-1.707832699009958,0
adam,adiabatic,537,-4.504275998023274,-1.7078343905147524,0
adam,adiabatic,538,-4.504276091728731,-1.7078364276492395,0
adam,adiabatic,539,-4.504276169159594,-1.707838543852644,0
adam,adiabatic,540,-4.504276223705091,-1.7078404968068845,0
adam,adiabatic,541,-4.504276259958386,-1.7078420899906395,0
adam,adiabatic,542,-4.504276289559775,-1.7078431864200558,0
adam,adiabatic,543,-4.50427632453777,-1.707843717025699,0
adam,adiabatic,544,-4.50427637215661,-1.707843683861401,0
adam,adiabatic,545,-4.504276432944418,-1.7078431567659045,0
adam,adiabatic,546,-4.504276501539451,-1.707842262572364,0
adam,adiabatic,547,-4.504276569692592,-1.7078411672134104,0
adam,adiabatic,548,-4.504276630422485,-1.7078400522152946,0
adam,adiabatic,549,-4.504276681302226,-1.7078390884993644,0
adam,adiabatic,550,-4.504276724947875,-1.7078384121923578,0
adam,adiabatic,551,-4.504276766807687,-1.7078381074042768,0
adam,adiabatic,552,-4.504276812098656,-1.7078381988605016,0
adam,adiabatic,553,-4.504276863563965,-1.7078386544632858,0
adam,adiabatic,554,-4.504276920683022,-1.7078393958837736,0
adam,adiabatic,555,-4.5042769803562654,-1.7078403143989918,0
adam,adiabatic,556,-4.504277038741259,-1.7078412888254977,0
adam,adiabatic,557,-4.5042770932989535,-1.7078422026340454,0
adam,adiabatic,558,-4.504277143846525,-1.7078429583277133,0
adam,adiabatic,559,-4.504277192165057,-1.7078434881414915,0
adam,adiabatic,560,-4.504277240724299,-1.7078437604732044,0
adam,adiabatic,561,-4.504277291400663,-1.7078437814610574,0
adam,adiabatic,562,-4.504277344737509,-1.7078435914142966,0
adam,adiabatic,563,-4.504277399932338,-1.7078432565488668,0
adam,adiabatic,564,-4.504277455482337,-1.7078428572927364,0
adam,adiabatic,565,-4.504277510089027,-1.7078424751274643,0
adam,adiabatic,566,-4.5042775632581495,-1.7078421803807085,0
adam,adiabatic,567,-4.5042776153214525,-1.7078420232143678,0
adam,adiabatic,568,-4.50427766706195,-1.7078420291196226,0
adam,adiabatic,569,-4.5042777192802195,-1.7078421989124457,0
adam,adiabatic,570,-4.50427777247577,-1.7078425122303456,0
adam,adiabatic,571,-4.504277826689561,-1.7078429331763127,0
adam,adiabatic,572,-4.504277881550931,-1.7078434168508745,0
adam,adiabatic,573,-4.504277936512623,-1.7078439158196095,0
adam,adiabatic,574,-4.5042779911368225,-1.7078443859105432,0
adam,adiabatic,575,-4.504278045273479,-1.7078447909969836,0
adam,adiabatic,576,-4.504278099077239,-1.7078451065059739,0
adam,adiabatic,577,-4.504278152899357,-1.707845321369319,0
adam,adiabatic,578,-4.504278207106505,-1.7078454382011194,0
adam,adiabatic,579,-4.504278261900115,-1.7078454717054097,0
adam,adiabatic,580,-4.504278317233389,-1.70784544560765,0
adam,adiabatic,581,-4.504278372874179,-1.7078453886586829,0
adam,adiabatic,582,-4.504278428557336,-1.7078453304082888,0
adam,adiabatic,583,-4.504278484119984,-1.7078452974354656,0
adam,adiabatic,584,-4.504278539557936,-1.7078453105184606,0
adam,adiabatic,585,-4.504278595001682,-1.7078453829209752,0
adam,adiabatic,586,-4.504278650636186,-1.7078455197254563,0
adam,adiabatic,587,-4.504278706602675,-1.7078457180468765,0
adam,adiabatic,588,-4.504278762933837,-1.7078459679766067,0
adam,adiabatic,589,-4.504278819557762,-1.7078462541472514,0
adam,adiabatic,590,-4.504278876356663,-1.7078465578213948,0
adam,adiabatic,591,-4.504278933234113,-1.707846859360914,0
adam,adiabatic,592,-4.5042789901552,-1.7078471408235052,0
adam,adiabatic,593,-4.504279047150167,-1.707847388314969,0
adam,adiabatic,594,-4.504279104288076,-1.7078475936882063,0
adam,adiabatic,595,-4.504279161635625,-1.7078477552807751,0
adam,adiabatic,596,-4.504279219224493,-1.7078478775940222,0
adam,adiabatic,597,-4.504279277043804,-1.7078479700555116,0
adam,adiabatic,598,-4.504279335055417,-1.7078480451886682,0
adam,adiabatic,599,-4.504279393216503,-1.7078481165841326,0
adam,adiabatic,600,-3.8051716177692017,-1.7078567360154475,0
adam,adiabatic,601,-3.805173703933267,-1.707871255832958,0
adam,adiabatic,602,-3.8051766291015476,-1.7078883264987192,0
adam,adiabatic,603,-3.8051790381109893,-1.7079049132242086,0
adam,adiabatic,604,-3.8051801185687113,-1.7079188722744112,0
adam,adiabatic,605,-3.805179848959104,-1.707929062088866,0
adam,adiabatic,606,-3.8051788220057348,-1.7079351520324542,0
adam,adiabatic,607,-3.8051778487992505,-1.7079373114847818,0
adam,adiabatic,608,-3.8051775446291165,-1.7079359420816214,0
adam,adiabatic,609,-3.8051780725358277,-1.7079315611651018,0
adam,adiabatic,610,-3.8051791506326125,-1.7079248334904964,0
adam,adiabatic,611,-3.805180280324653,-1.7079166490600952,0
adam,adiabatic,612,-3.8051810320582273,-1.7079081324066265,0
adam,adiabatic,613,-3.805181234816089,-1.7079005282828514,0
adam,adiabatic,614,-3.8051810091448486,-1.707894977608268,0
adam,adiabatic,615,-3.805180660687259,-1.7078922566122217,0
adam,adiabatic,616,-3.805180498497491,-1.7078925898248116,0
adam,adiabatic,617,-3.805180675918527,-1.7078956282277864,0
adam,adiabatic,618,-3.8051811409915977,-1.7079005965560587,0
adam,adiabatic,619,-3.8051817069207687,-1.707906527890308,0
adam,adiabatic,620,-3.8051821749747563,-1.7079124861880437,0
adam,adiabatic,621,-3.805182431628499,-1.7079177175401494,0
adam,adiabatic,622,-3.8051824841906425,-1.707921714783149,0
adam,adiabatic,623,-3.8051824359888777,-1.7079242092892966,0
adam,adiabatic,624,-3.8051824198169917,-1.7079251256168049,0
adam,adiabatic,625,-3.805182524240399,-1.7079245419364515,0
adam,adiabatic,626,-3.8051827547231047,-1.7079226764345126,0
adam,adiabatic,627,-3.8051830485610876,-1.7079198842850642,0
adam,adiabatic,628,-3.80518332377294,-1.7079166350308634,0
adam,adiabatic,629,-3.8051835250074757,-1.70791345548755,0
adam,adiabatic,630,-3.805183644014662,-1.707910846891955,0
adam,adiabatic,631,-3.8051837136012443,-1.7079091980406833,0
adam,adiabatic,632,-3.805183784211363,-1.7079087184783819,0
adam,adiabatic,633,-3.8051838958823083,-1.707909411003038,0
adam,adiabatic,634,-3.8051840598026883,-1.7079110903225843,0
adam,adiabatic,635,-3.8051842580410375,-1.7079134384459385,0
adam,adiabatic,636,-3.8051844579933722,-1.7079160774686728,0
adam,adiabatic,637,-3.805184630719414,-1.7079186404939328,0
adam,adiabatic,638,-3.8051847641770133,-1.7079208265044352,0
adam,adiabatic,639,-3.8051848670684025,-1.7079224311691654,0
adam,adiabatic,640,-3.8051849621485654,-1.7079233540127705,0
adam,adiabatic,641,-3.805185072296453,-1.7079235905275667,0
adam,adiabatic,642,-3.805185207813261,-1.7079232192323492,0
adam,adiabatic,643,-3.8051853630097954,-1.7079223872324931,0
adam,adiabatic,644,-3.8051855226863593,-1.7079212912887176,0
adam,adiabatic,645,-3.80518567222912,-1.7079201513221183,0
adam,adiabatic,646,-3.805185804783927,-1.7079191780333973,0
adam,adiabatic,647,-3.8051859229527345,-1.7079185404285249,0
adam,adiabatic,648,-3.805186035690443,-1.707918340358256,0
adam,adiabatic,649,-3.8051861526655664,-1.7079186001948692,0
adam,adiabatic,650,-3.8051862792313473,-1.7079192665901994,0
adam,adiabatic,651,-3.805186414623683,-1.7079202284727084,0
adam,adiabatic,652,-3.8051865536911516,-1.707921343419494,0
adam,adiabatic,653,-3.805186690318445,-1.7079224653962557,0
adam,adiabatic,654,-3.805186820490937,-1.7079234681390034,0
adam,adiabatic,655,-3.8051869438598005,-1.7079242606950673,0
adam,adiabatic,656,-3.8051870633943956,-1.707924794181387,0
adam,adiabatic,657,-3.8051871833773028,-1.7079250612373151,0
adam,adiabatic,658,-3.805187306940088,-1.7079250907908354,0
adam,adiabatic,659,-3.8051874346612657,-1.7079249401642138,0
adam,adiabatic,660,-3.805187564842519,-1.7079246853728514,0
adam,adiabatic,661,-3.8051876948623766,-1.7079244100785311,0
adam,adiabatic,662,-3.8051878226344416,-1.7079241940200356,0
adam,adiabatic,663,-3.805187947526678,-1.7079241021798761,0
adam,adiabatic,664,-3.805188070442669,-1.707924176234917,0
adam,adiabatic,665,-3.805188193085684,-1.7079244298929068,0
adam,adiabatic,666,-3.805188316883993,-1.707924849141018,0
adam,adiabatic,667,-3.805188442287219,-1.7079253971432635,0
adam,adiabatic,668,-3.805188568785887,-1.7079260222621397,0
adam,adiabatic,669,-3.805188695430389,-1.7079266671971278,0
adam,adiabatic,670,-3.8051888214094705,-1.7079272775359344,0
adam,adiabatic,671,-3.805188946410666,-1.707927808630053,0
adam,adiabatic,672,-3.805189070673785,-1.7079282303103125,0
adam,adiabatic,673,-3.805189194765541,-1.7079285293970488,0
adam,adiabatic,674,-3.8051893192278987,-1.7079287101323197,0
adam,adiabatic,675,-3.805189444314874,-1.7079287926263733,0
adam,adiabatic,676,-3.805189569933814,-1.707928809401949,0
adam,adiabatic,677,-3.8051896957550695,-1.7079288003034534,0
adam,adiabatic,678,-3.8051898214046282,-1.7079288063599516,0
adam,adiabatic,679,-3.80518994666173,-1.7079288635082832,0
adam,adiabatic,680,-3.805190071568763,-1.707928997263454,0
adam,adiabatic,681,-3.8051901963786356,-1.7079292193601707,0
adam,adiabatic,682,-3.805190321376412,-1.7079295270111705,0
adam,adiabatic,683,-3.8051904467122037,-1.7079299047978485,0
adam,adiabatic,684,-3.8051905723511408,-1.7079303285562073,0
adam,adiabatic,685,-3.8051906981356973,-1.70793077022079,0
adam,adiabatic,686,-3.8051908238933705,-1.707931202565822,0
adam,adiabatic,687,-3.8051909495290355,-1.7079316030472964,0
adam,adiabatic,688,-3.805191075063504,-1.7079319563254596,0
adam,adiabatic,689,-3.805191200604339,-1.7079322553942093,0
adam,adiabatic,690,-3.8051913262736474,-1.7079325014765374,0
adam,adiabatic,691,-3.8051914521425974,-1.707932702929471,0
adam,adiabatic,692,-3.805191578206595,-1.7079328733958479,0
adam,adiabatic,693,-3.805191704401284,-1.707933029448711,0
adam,adiabatic,694,-3.805191830643573,-1.7079331880276403,0
adam,adiabatic,695,-3.8051919568780925,-1.7079333640135526,0
adam,adiabatic,696,-3.805192083106181,-1.707933568286833,0
adam,adiabatic,697,-3.805192209379388,-1.7079338065531944,0
adam,adiabatic,698,-3.8051923357641066,-1.7079340790844795,0
adam,adiabatic,699,-3.8051924623038964,-1.7079343813227137,0
adam,adiabatic,700,-3.106106519775384,-1.7079426954137147,0
adam,adiabatic,701,-3.106109243100578,-1.7079561564051322,0
adam,adiabatic,702,-3.1061129163284313,-1.7079712550472637,0
adam,adiabatic,703,-3.1061157780099533,-1.7079850848031584,0
adam,adiabatic,704,-3.1061168679312736,-1.7079959359079122,0
adam,adiabatic,705,-3.1061163196092245,-1.7080032512110415,0
adam,adiabatic,706,-3.106115043370528,-1.7080072172595937,0
adam,adiabatic,707,-3.1061141234821164,-1.7080082681072926,0
adam,adiabatic,708,-3.1061142379094426,-1.7080067492283706,0
adam,adiabatic,709,-3.106115361297051,-1.708002909526126,0
adam,adiabatic,710,-3.106116898705083,-1.7079971573917663,0
adam,adiabatic,711,-3.1061181342929367,-1.7079902989582694,0
adam,adiabatic,712,-3.1061186644422736,-1.7079835215786476,0
adam,adiabatic,713,-3.1061185524226542,-1.7079781146956932,0
adam,adiabatic,714,-3.1061181895238494,-1.7079750918586065,0
adam,adiabatic,715,-3.106118017769853,-1.7079748982754688,0
adam,adiabatic,716,-3.106118285911082,-1.7079773214179714,0
adam,adiabatic,717,-3.1061189521701285,-1.7079816258212133,0
adam,adiabatic,718,-3.10611976178817,-1.707986830389326,0
adam,adiabatic,719,-3.106120428724371,-1.7079919917946125,0
adam,adiabatic,720,-3.1061207974144587,-1.7079963904963125,0
adam,adiabatic,721,-3.1061208982934483,-1.707999593527516,0
adam,adiabatic,722,-3.106120894750556,-1.7080014243047863,0
adam,adiabatic,723,-3.106120973424197,-1.7080018915160704,0
adam,adiabatic,724,-3.1061212401954155,-1.7080011291823594,0
adam,adiabatic,725,-3.1061216740008435,-1.7079993772872912,0
adam,adiabatic,726,-3.10612216022861,-1.7079969881971941,0
adam,adiabatic,727,-3.1061225749856702,-1.707994413605345,0
adam,adiabatic,728,-3.106122858597333,-1.707992143819838,0
adam,adiabatic,729,-3.1061230349906657,-1.7079906125903936,0
adam,adiabatic,730,-3.1061231804560947,-1.7079901043634684,0
adam,adiabatic,731,-3.1061233731125677,-1.7079906966037963,0
adam,adiabatic,732,-3.1061236519288347,-1.7079922545191175,0
adam,adiabatic,733,-3.1061240019382526,-1.7079944799739943,0
adam,adiabatic,734,-3.10612437027426,-1.707996997121569,0
adam,adiabatic,735,-3.1061247018736973,-1.7079994418110769,0
adam,adiabatic,736,-3.106124971172172,-1.7080015254140768,0
adam,adiabatic,737,-3.1061251908119947,-1.7080030629557266,0
adam,adiabatic,738,-3.1061253969983147,-1.7080039733959422,0
adam,adiabatic,739,-3.10612562542836,-1.7080042661097603,0
adam,adiabatic,740,-3.10612589261731,-1.708004024153682,0
adam,adiabatic,741,-3.106126190780202,-1.7080033890301995,0
adam,adiabatic,742,-3.106126496663129,-1.708002545144943,0
adam,adiabatic,743,-3.1061267874884613,-1.708001698500027,0
adam,adiabatic,744,-3.1061270535934864,-1.7080010474305336,0
adam,adiabatic,745,-3.1061273009553925,-1.7080007496576572,0
adam,adiabatic,746,-3.1061275445680123,-1.7080008944411733,0
adam,adiabatic,747,-3.1061277985235125,-1.7080014881403158,0
adam,adiabatic,748,-3.106128068484281,-1.708002457701453,0
adam,adiabatic,749,-3.1061283498692633,-1.708003671618106,0
adam,adiabatic,750,-3.1061286321468637,-1.7080049718408934,0
adam,adiabatic,751,-3.1061289061296407,-1.7080062065792412,0
adam,adiabatic,752,-3.1061291692231063,-1.708007255605775,0
adam,adiabatic,753,-3.1061294255944927,-1.708008044453007,0
adam,adiabatic,754,-3.106129682387384,-1.7080085482540182,0
adam,adiabatic,755,-3.1061299452683486,-1.7080087875764456,0
adam,adiabatic,756,-3.106130215743721,-1.708008818992662,0
adam,adiabatic,757,-3.10613049104935,-1.7080087231681311,0
adam,adiabatic,758,-3.1061307663069315,-1.7080085921267723,0
adam,adiabatic,759,-3.1061310376320383,-1.7080085163152707,0
adam,adiabatic,760,-3.1061313042344567,-1.7080085719417026,0
adam,adiabatic,761,-3.1061315682888093,-1.7080088100712074,0
adam,adiabatic,762,-3.1061318330773378,-1.7080092497071042,0
adam,adiabatic,763,-3.106132100937022,-1.7080098763944833,0
adam,adiabatic,764,-3.106132372197629,-1.7080106467356864,0
adam,adiabatic,765,-3.106132645403262,-1.7080114978208933,0
adam,adiabatic,766,-3.106132918447306,-1.7080123594487528,0
adam,adiabatic,767,-3.106133189879956,-1.7080131664912759,0
adam,adiabatic,768,-3.1061334596140617,-1.708013868918669,0
adam,adiabatic,769,-3.10613372870655,-1.7080144380487947,0
adam,adiabatic,770,-3.1061339985389704,-1.7080148685628407,0
adam,adiabatic,771,-3.106134270002273,-1.708015176638302,0
adam,adiabatic,772,-3.106134543109707,-1.708015395150719,0
adam,adiabatic,773,-3.106134817145382,-1.7080155670700947,0
adam,adiabatic,774,-3.1061350911954286,-1.7080157382012693,0
adam,adiabatic,775,-3.1061353647141057,-1.7080159501653156,0
adam,adiabatic,776,-3.1061356377661293,-1.7080162344915537,0
adam,adiabatic,777,-3.106135910848779,-1.7080166086485422,0
adam,adiabatic,778,-3.1061361845096473,-1.708017074545162,0
adam,adiabatic,779,-3.1061364590424465,-1.708017619652457,0
adam,adiabatic,780,-3.106136734391413,-1.7080182203786156,0
adam,adiabatic,781,-3.106137010250481,-1.708018847011781,0
adam,adiabatic,782,-3.10613728628016,-1.7080194692356483,0
adam,adiabatic,783,-3.106137562317293,-1.708020061127496,0
adam,adiabatic,784,-3.1061378384458944,-1.708020604798178,0
adam,adiabatic,785,-3.1061381148965226,-1.7080210922149814,0
adam,adiabatic,786,-3.106138391874272,-1.7080215252299988,0
adam,adiabatic,787,-3.106138669444063,-1.708021914086352,0
adam,adiabatic,788,-3.106138947523844,-1.7080222748732692,0
adam,adiabatic,789,-3.1061392259586267,-1.7080226264536558,0
adam,adiabatic,790,-3.10613950462046,-1.708022987332769,0
adam,adiabatic,791,-3.106139783479378,-1.708023372877787,0
adam,adiabatic,792,-3.1061400626066864,-1.7080237931842919,0
adam,adiabatic,793,-3.1061403421164493,-1.7080242518688764,0
adam,adiabatic,794,-3.1061406220920493,-1.708024745938854,0
adam,adiabatic,795,-3.106140902545157,-1.7080252667621252,0
adam,adiabatic,796,-3.1061411834227264,-1.7080258019604644,0
adam,adiabatic,797,-3.106141464648106,-1.7080263378555085,0
adam,adiabatic,798,-3.1061417461693828,-1.7080268619864112,0
adam,adiabatic,799,-3.1061420279859293,-1.7080273651819158,0
adam,adiabatic,800,-2.40708483766058,-1.708034561719879,0
adam,adiabatic,801,-2.4070884330281332,-1.7080455220657533,0
adam,adiabatic,802,-2.4070931356113223,-1.7080568306761292,0
adam,adiabatic,803,-2.407096678329954,-1.708066072789653,0
adam,adiabatic,804,-2.407097926237633,-1.7080723641809659,0
adam,adiabatic,805,-2.4070971983901073,-1.7080759682967914,0
adam,adiabatic,806,-2.4070957061270666,-1.7080772142116398,0
adam,adiabatic,807,-2.4070943725999836,-1.7080775287411838,0
adam,adiabatic,808,-2.407094650170255,-1.7080787242347408,0
adam,adiabatic,809,-2.4070978098815248,-1.7080761301831984,0
adam,adiabatic,810,-2.4070990274049877,-1.7080737765250604,0
adam,adiabatic,811,-2.40710110318035,-1.7080691581493468,0
adam,adiabatic,812,-2.407101009665045,-1.7080658498968646,0
adam,adiabatic,813,-2.4071013350378485,-1.7080626924082858,0
adam,adiabatic,814,-2.407100667670494,-1.7080626609328866,0
adam,adiabatic,815,-2.4071014914863276,-1.7080637055493262,0
adam,adiabatic,816,-2.407101976977068,-1.7080673333980037,0
adam,adiabatic,817,-2.407103655194828,-1.7080709249394797,0
adam,adiabatic,818,-2.407104535306702,-1.7080750037477572,0
adam,adiabatic,819,-2.4071055408136512,-1.7080780861115694,0
adam,adiabatic,820,-2.4071058136532546,-1.7080804913619991,0
adam,adiabatic,821,-2.407106041088176,-1.708082079056543,0
adam,adiabatic,822,-2.4071063762379734,-1.7080827312084181,0
adam,adiabatic,823,-2.4071068220965945,-1.7080829492644867,0
adam,adiabatic,824,-2.4071077432887953,-1.7080822230815378,0
adam,adiabatic,825,-2.407108443213914,-1.7080813884538497,0
adam,adiabatic,826,-2.4071093547231883,-1.7080800000069951,0
adam,adiabatic,827,-2.4071097673356805,-1.7080790380383246,0
adam,adiabatic,828,-2.407110287250164,-1.708078386237869,0
adam,adiabatic,829,-2.4071106058171856,-1.708078601289459,0
adam,adiabatic,830,-2.4071111062595163,-1.7080796356733696,0
adam,adiabatic,831,-2.407111736589369,-1.7080812658683127,0
adam,adiabatic,832,-2.40711238343258,-1.7080834308826123,0
adam,adiabatic,833,-2.407113147652557,-1.708085543803751,0
adam,adiabatic,834,-2.4071137009852017,-1.7080876395504265,0
adam,adiabatic,835,-2.4071142886020107,-1.7080892800352057,0
adam,adiabatic,836,-2.4071147178876267,-1.7080905731045712,0
adam,adiabatic,837,-2.4071152269860643,-1.708091391776796,0
adam,adiabatic,838,-2.4071157557700698,-1.7080918125040123,0
adam,adiabatic,839,-2.4071163381097485,-1.7080919449324357,0
adam,adiabatic,840,-2.4071169741997207,-1.7080918118006532,0
adam,adiabatic,841,-2.4071175499758954,-1.7080916697040478,0
adam,adiabatic,842,-2.4071181460174755,-1.7080915503909966,0
adam,adiabatic,843,-2.4071186521188372,-1.7080917111808918,0
adam,adiabatic,844,-2.4071191961534786,-1.7080921477349993,0
adam,adiabatic,845,-2.407119722606791,-1.70809293551539,0
adam,adiabatic,846,-2.407120295089647,-1.7080940041552222,0
adam,adiabatic,847,-2.407120884905481,-1.7080952500876865,0
adam,adiabatic,848,-2.407121465091234,-1.70809658918449,0
adam,adiabatic,849,-2.4071220508434865,-1.7080978553148733,0
adam,adiabatic,850,-2.407122593792807,-1.7080990120831483,0
adam,adiabatic,851,-2.4071231496722993,-1.7080999561625252,0
adam,adiabatic,852,-2.407123685390294,-1.7081007149361396,0
adam,adiabatic,853,-2.407124249696571,-1.7081012715193757,0
adam,adiabatic,854,-2.4071248174632784,-1.7081016814127354,0
adam,adiabatic,855,-2.4071253968638207,-1.7081020040380275,0
adam,adiabatic,856,-2.4071259756039947,-1.7081023088427103,0
adam,adiabatic,857,-2.4071265413674974,-1.7081026856242363,0
adam,adiabatic,858,-2.4071271084931465,-1.7081031713715933,0
adam,adiabatic,859,-2.407127663610443,-1.7081038208566817,0
adam,adiabatic,860,-2.4071282315416647,-1.7081046197232461,0
adam,adiabatic,861,-2.4071287972828985,-1.7081055617330214,0
adam,adiabatic,862,-2.4071293747407037,-1.708106588736699,0
adam,adiabatic,863,-2.4071299498096144,-1.7081076497718497,0
adam,adiabatic,864,-2.4071305247157544,-1.7081086889267587,0
adam,adiabatic,865,-2.407131096856669,-1.7081096605415957,0
adam,adiabatic,866,-2.4071316653237846,-1.7081105411308726,0
adam,adiabatic,867,-2.407132237774171,-1.7081113100675753,0
adam,adiabatic,868,-2.40713280948901,-1.7081119808727987,0
adam,adiabatic,869,-2.4071333881858794,-1.7081125679770641,0
adam,adiabatic,870,-2.407133965484064,-1.7081131120570798,0
adam,adiabatic,871,-2.407134546025244,-1.7081136447422736,0
adam,adiabatic,872,-2.4071351236368628,-1.7081142055761573,0
adam,adiabatic,873,-2.407135701960415,-1.7081148214676287,0
adam,adiabatic,874,-2.40713627999805,-1.7081155104154233,0
adam,adiabatic,875,-2.4071368594209153,-1.708116275099936,0
adam,adiabatic,876,-2.4071374413669733,-1.7081171015899157,0
adam,adiabatic,877,-2.407138023929371,-1.7081179713600434,0
adam,adiabatic,878,-2.4071386085141073,-1.7081188572698511,0
adam,adiabatic,879,-2.4071391920180885,-1.7081197379128876,0
adam,adiabatic,880,-2.4071397768157823,-1.7081205899619976,0
adam,adiabatic,881,-2.40714036096646,-1.7081214020289035,0
adam,adiabatic,882,-2.407140947012523,-1.708122168039395,0
adam,adiabatic,883,-2.407141533781663,-1.7081228933038703,0
adam,adiabatic,884,-2.4071421223523837,-1.7081235873451572,0
adam,adiabatic,885,-2.4071427117360598,-1.7081242650471833,0
adam,adiabatic,886,-2.407143301763045,-1.7081249437212522,0
adam,adiabatic,887,-2.407143892355956,-1.7081256394214328,0
adam,adiabatic,888,-2.4071444832219564,-1.708126364751569,0
adam,adiabatic,889,-2.4071450752012082,-1.7081271242519238,0
adam,adiabatic,890,-2.407145667841989,-1.7081279176105018,0
adam,adiabatic,891,-2.407146261968874,-1.7081287374974794,0
adam,adiabatic,892,-2.4071468567603564,-1.7081295739567763,0
adam,adiabatic,893,-2.4071474527031054,-1.7081304134419268,0
adam,adiabatic,894,-2.407148049072067,-1.7081312443847687,0
adam,adiabatic,895,-2.4071486463358025,-1.7081320575668895,0
adam,adiabatic,896,-2.407149244230124,-1.7081328486104008,0
adam,adiabatic,897,-2.4071498431326264,-1.7081336166485261,0
adam,adiabatic,898,-2.407150442958405,-1.7081343648492129,0
adam,adiabatic,899,-2.4071510437449004,-1.7081350997668419,0
adam,adiabatic,900,-1.7081350997668407,-1.7081401627281507,0
adam,adiabatic,901,-1.7081401627281498,-1.7081466818814766,0
adam,adiabatic,902,-1.7081466818814761,-1.7081515658791644,0
adam,adiabatic,903,-1.7081515658791648,-1.7081533510221256,0
adam,adiabatic,904,-1.7081533510221263,-1.7081526386374566,0
adam,adiabatic,905,-1.7081526386374557,-1.7081513081068265,0
adam,adiabatic,906,-1.708151308106826,-1.708151177480778,0
adam,adiabatic,907,-1.7081511774807785,-1.7081529108340774,0
adam,adiabatic,908,-1.708152910834077,-1.7081558383823054,0
adam,adiabatic,909,-1.7081558383823072,-1.7081586460272835,0
adam,adiabatic,910,-1.7081586460272826,-1.7081603418305322,0
adam,adiabatic,911,-1.7081603418305331,-1.7081608489530697,0
adam,adiabatic,912,-1.7081608489530709,-1.7081608592531792,0
adam,adiabatic,913,-1.7081608592531796,-1.7081612152322632,0
adam,adiabatic,914,-1.7081612152322645,-1.7081623770824859,0
adam,adiabatic,915,-1.7081623770824859,-1.7081642402438606,0
adam,adiabatic,916,-1.7081642402438615,-1.7081662864770846,0
adam,adiabatic,917,-1.7081662864770841,-1.7081679627921902,0
adam,adiabatic,918,-1.70816796279219,-1.7081690513419123,0
adam,adiabatic,919,-1.7081690513419134,-1.7081697508928935,0
adam,adiabatic,920,-1.708169750892893,-1.7081704516219796,0
adam,adiabatic,921,-1.7081704516219796,-1.7081714458602348,0
adam,adiabatic,922,-1.7081714458602353,-1.708172776580369,0
adam,adiabatic,923,-1.7081727765803696,-1.708174262221027,0
adam,adiabatic,924,-1.7081742622210256,-1.7081756517201294,0
adam,adiabatic,925,-1.7081756517201294,-1.708176798162725,0
adam,adiabatic,926,-1.7081767981627243,-1.7081777344170455,0
adam,adiabatic,927,-1.7081777344170475,-1.708178624351225,0
adam,adiabatic,928,-1.7081786243512251,-1.7081796382951946,0
adam,adiabatic,929,-1.708179638295195,-1.708180839096669,0
adam,adiabatic,930,-1.7081808390966702,-1.7081821594337123,0
adam,adiabatic,931,-1.7081821594337123,-1.7081834727084155,0
adam,adiabatic,932,-1.708183472708416,-1.7081846829961282,0
adam,adiabatic,933,-1.7081846829961282,-1.708185772676282,0
adam,adiabatic,934,-1.7081857726762824,-1.7081867982657681,0
adam,adiabatic,935,-1.7081867982657672,-1.7081878448141445,0
adam,adiabatic,936,-1.7081878448141445,-1.708188966477052,0
adam,adiabatic,937,-1.7081889664770518,-1.7081901571858602,0
adam,adiabatic,938,-1.7081901571858582,-1.7081913684991605,0
adam,adiabatic,939,-1.7081913684991603,-1.7081925503158415,0
adam,adiabatic,940,-1.7081925503158408,-1.7081936832609146,0
adam,adiabatic,941,-1.7081936832609146,-1.708194785026392,0
adam,adiabatic,942,-1.708194785026392,-1.7081958910390909,0
adam,adiabatic,943,-1.7081958910390902,-1.7081970284944419,0
adam,adiabatic,944,-1.708197028494443,-1.708198201502845,0
adam,adiabatic,945,-1.7081982015028445,-1.708199391796262,0
adam,adiabatic,946,-1.708199391796263,-1.7082005732589085,0
adam,adiabatic,947,-1.7082005732589092,-1.7082017307889288,0
adam,adiabatic,948,-1.7082017307889281,-1.7082028682682777,0
adam,adiabatic,949,-1.7082028682682782,-1.7082040015457065,0
adam,adiabatic,950,-1.7082040015457047,-1.7082051461624728,0
adam,adiabatic,951,-1.7082051461624717,-1.708206308560093,0
adam,adiabatic,952,-1.7082063085600934,-1.708207484062226,0
adam,adiabatic,953,-1.7082074840622279,-1.7082086620737749,0
adam,adiabatic,954,-1.708208662073774,-1.7082098340900738,0
adam,adiabatic,955,-1.708209834090074,-1.708210998571117,0
adam,adiabatic,956,-1.7082109985711165,-1.7082121605394238,0
adam,adiabatic,957,-1.7082121605394225,-1.7082133269421587,0
adam,adiabatic,958,-1.7082133269421584,-1.708214501384354,0
adam,adiabatic,959,-1.7082145013843555,-1.7082156824964536,0
adam,adiabatic,960,-1.7082156824964532,-1.7082168661596728,0
adam,adiabatic,961,-1.7082168661596715,-1.7082180486121796,0
adam,adiabatic,962,-1.7082180486121799,-1.7082192286379678,0
adam,adiabatic,963,-1.7082192286379683,-1.7082204080415555,0
adam,adiabatic,964,-1.708220408041554,-1.7082215899540343,0
adam,adiabatic,965,-1.708221589954034,-1.7082227764474633,0
adam,adiabatic,966,-1.7082227764474633,-1.7082239674513318,0
adam,adiabatic,967,-1.7082239674513322,-1.7082251612847508,0
adam,adiabatic,968,-1.708225161284751,-1.7082263561169455,0
adam,adiabatic,969,-1.7082263561169462,-1.7082275512560776,0
adam,adiabatic,970,-1.708227551256077,-1.708228747302405,0
adam,adiabatic,971,-1.708228747302406,-1.7082299454296535,0
adam,adiabatic,972,-1.7082299454296528,-1.7082311465577895,0
adam,adiabatic,973,-1.7082311465577886,-1.7082323507648398,0
adam,adiabatic,974,-1.7082323507648405,-1.7082335573100125,0
adam,adiabatic,975,-1.7082335573100127,-1.7082347653188876,0
adam,adiabatic,976,-1.708234765318889,-1.708235974435165,0
adam,adiabatic,977,-1.7082359744351656,-1.7082371849444546,0
adam,adiabatic,978,-1.7082371849444549,-1.708238397485046,0
adam,adiabatic,979,-1.7082383974850446,-1.708239612588282,0
adam,adiabatic,980,-1.7082396125882835,-1.7082408303609127,0
adam,adiabatic,981,-1.7082408303609127,-1.7082420505187952,0
adam,adiabatic,982,-1.7082420505187956,-1.7082432726341308,0
adam,adiabatic,983,-1.7082432726341303,-1.7082444964169927,0
adam,adiabatic,984,-1.7082444964169925,-1.708245721893344,0
adam,adiabatic,985,-1.7082457218933438,-1.7082469493220243,0
adam,adiabatic,986,-1.7082469493220231,-1.708248178953909,0
adam,adiabatic,987,-1.7082481789539097,-1.7082494108802069,0
adam,adiabatic,988,-1.7082494108802069,-1.7082506450194357,0
adam,adiabatic,989,-1.7082506450194366,-1.7082518812035625,0
adam,adiabatic,990,-1.7082518812035625,-1.7082531193121009,0
adam,adiabatic,991,-1.7082531193120989,-1.708254359345113,0
adam,adiabatic,992,-1.7082543593451125,-1.7082556014009933,0
adam,adiabatic,993,-1.7082556014009935,-1.7082568456023666,0
adam,adiabatic,994,-1.7082568456023666,-1.7082580920093846,0
adam,adiabatic,995,-1.7082580920093844,-1.70825934058989,0
adam,adiabatic,996,-1.7082593405898905,-1.708260591268773,0
adam,adiabatic,997,-1.7082605912687725,-1.7082618439863528,0
adam,adiabatic,998,-1.7082618439863537,-1.708263098728054,0
adam,adiabatic,999,-1.708263098728053,-1.7082643555266521,0
adam,sea,0,3.1210128758499978,3.1210128758499978,0
adam,sea,1,2.8511397551675857,2.8511397551675857,0
adam,sea,2,2.596598483979401,2.596598483979401,0
adam,sea,3,2.3753284054057007,2.3753284054057007,0
adam,sea,4,2.2027029948438392,2.2027029948438392,0
adam,sea,5,2.083725364795241,2.083725364795241,0
adam,sea,6,2.0092310166935494,2.0092310166935494,0
adam,sea,7,1.9617430998351526,1.9617430998351526,0
adam,sea,8,1.9245106735349782,1.9245106735349782,0
adam,sea,9,1.8866084231527782,1.8866084231527782,0
adam,sea,10,1.8431293707075873,1.8431293707075873,0
adam,sea,11,1.7931589072547574,1.7931589072547574,0
adam,sea,12,1.737539685750492,1.737539685750492,0
adam,sea,13,1.6774665870496863,1.6774665870496863,0
adam,sea,14,1.6140024745677874,1.6140024745677874,0
adam,sea,15,1.5478333050093174,1.5478333050093174,0
adam,sea,16,1.4789043168514406,1.4789043168514406,0
adam,sea,17,1.4062125328277886,1.4062125328277886,0
adam,sea,18,1.3280073117321534,1.3280073117321534,0
adam,sea,19,1.2423880529816829,1.2423880529816829,0
adam,sea,20,1.1480516481087248,1.1480516481087248,0
adam,sea,21,1.0448315249890685,1.0448315249890685,0
adam,sea,22,0.9337868173615231,0.9337868173615231,0
adam,sea,23,0.8168533895641303,0.8168533895641303,0
adam,sea,24,0.6962708376956083,0.6962708376956083,0
adam,sea,25,0.5740913468233324,0.5740913468233324,0
adam,sea,26,0.4520752980039296,0.4520752980039296,0
adam,sea,27,0.332038512709672,0.332038512709672,0
adam,sea,28,0.2162360780602838,0.2162360780602838,0
adam,sea,29,0.10727085896212979,0.10727085896212979,0
adam,sea,30,0.007544368421557184,0.007544368421557184,0
adam,sea,31,-0.08133341231694796,-0.08133341231694796,0
adam,sea,32,-0.1588580528407871,-0.1588580528407871,0
adam,sea,33,-0.2256040222496921,-0.2256040222496921,0
adam,sea,34,-0.28299711384094806,-0.28299711384094806,0
adam,sea,35,-0.33304219996388723,-0.33304219996388723,0
adam,sea,36,-0.37800205446044133,-0.37800205446044133,0
adam,sea,37,-0.41996474702194864,-0.41996474702194864,0
adam,sea,38,-0.46040173881092067,-0.46040173881092067,0
adam,sea,39,-0.49996849994264936,-0.49996849994264936,0
adam,sea,40,-0.5386806876648182,-0.5386806876648182,0
adam,sea,41,-0.5763069530111494,-0.5763069530111494,0
adam,sea,42,-0.6126688672797117,-0.6126688672797117,0
adam,sea,43,-0.6476672085488976,-0.6476672085488976,0
adam,sea,44,-0.68110851066935,-0.68110851066935,0
adam,sea,45,-0.7125534009620369,-0.7125534009620369,0
adam,sea,46,-0.7413542292913734,-0.7413542292913734,0
adam,sea,47,-0.7668757876996731,-0.7668757876996731,0
adam,sea,48,-0.7887484796229361,-0.7887484796229361,0
adam,sea,49,-0.8069952958535959,-0.8069952958535959,0
adam,sea,50,-0.8219983492721942,-0.8219983492721942,0
adam,sea,51,-0.8343943729642634,-0.8343943729642634,0
adam,sea,52,-0.8449850752945027,-0.8449850752945027,0
adam,sea,53,-0.8546595803861241,-0.8546595803861241,0
adam,sea,54,-0.8642832962589866,-0.8642832962589866,0
adam,sea,55,-0.8745472905827048,-0.8745472905827048,0
adam,sea,56,-0.8858363228188318,-0.8858363228188318,0
adam,sea,57,-0.8981979878498018,-0.8981979878498018,0
adam,sea,58,-0.9114485526157079,-0.9114485526157079,0
adam,sea,59,-0.9253641536958229,-0.9253641536958229,0
adam,sea,60,-0.9398576202072558,-0.9398576202072558,0
adam,sea,61,-0.9550684264145016,-0.9550684264145016,0
adam,sea,62,-0.9713593556040575,-0.9713593556040575,0
adam,sea,63,-0.9892607053736331,-0.9892607053736331,0
adam,sea,64,-1.009401214490248,-1.009401214490248,0
adam,sea,65,-1.0324308119281556,-1.0324308119281556,0
adam,sea,66,-1.0589188490088242,-1.0589188490088242,0
adam,sea,67,-1.0892271878659585,-1.0892271878659585,0
adam,sea,68,-1.1233890911486244,-1.1233890911486244,0
adam,sea,69,-1.1610356194044797,-1.1610356194044797,0
adam,sea,70,-1.2013923724014413,-1.2013923724014413,0
adam,sea,71,-1.2433397048009749,-1.2433397048009749,0
adam,sea,72,-1.285509982424016,-1.285509982424016,0
adam,sea,73,-1.3263981601922914,-1.3263981601922914,0
adam,sea,74,-1.3644891860145372,-1.3644891860145372,0
adam,sea,75,-1.3984367319463975,-1.3984367319463975,0
adam,sea,76,-1.427311335506005,-1.427311335506005,0
adam,sea,77,-1.4508521003206951,-1.4508521003206951,0
adam,sea,78,-1.4695822351770844,-1.4695822351770844,0
adam,sea,79,-1.484681958967214,-1.484681958967214,0
adam,sea,80,-1.4976425339270065,-1.4976425339270065,0
adam,sea,81,-1.5098453815792403,-1.5098453815792403,0
adam,sea,82,-1.522230060627911,-1.522230060627911,0
adam,sea,83,-1.5351400103280974,-1.5351400103280974,0
adam,sea,84,-1.5483420927796785,-1.5483420927796785,0
adam,sea,85,-1.561169988072352,-1.561169988072352,0
adam,sea,86,-1.5727469005695056,-1.5727469005695056,0
adam,sea,87,-1.5822606444754028,-1.5822606444754028,0
adam,sea,88,-1.5892533325235947,-1.5892533325235947,0
adam,sea,89,-1.5938439038087207,-1.5938439038087207,0
adam,sea,90,-1.5967720167333659,-1.5967720167333659,0
adam,sea,91,-1.5991969995220026,-1.5991969995220026,0
adam,sea,92,-1.6023068886709972,-1.6023068886709972,0
adam,sea,93,-1.6069085692903982,-1.6069085692903982,0
adam,sea,94,-1.6131858725379653,-1.6131858725379653,0
adam,sea,95,-1.6207168458669041,-1.6207168458669041,0
adam,sea,96,-1.6287112702551194,-1.6287112702551194,0
adam,sea,97,-1.6363442487121909,-1.6363442487121909,0
adam,sea,98,-1.643045591598948,-1.643045591598948,0
adam,sea,99,-1.6486432020086086,-1.6486432020086086,0
adam,sea,100,-1.6533292049846267,-1.6533292049846267,0
adam,sea,101,-1.6574938631335296,-1.6574938631335296,0
adam,sea,102,-1.661521673118192,-1.661521673118192,0
adam,sea,103,-1.6656427206519728,-1.6656427206519728,0
adam,sea,104,-1.6698860491336205,-1.6698860491336205,0
adam,sea,105,-1.6741234788801582,-1.6741234788801582,0
adam,sea,106,-1.6781566758455764,-1.6781566758455764,0
adam,sea,107,-1.6817995221444575,-1.6817995221444575,0
adam,sea,108,-1.6849296569488446,-1.6849296569488446,0
adam,sea,109,-1.6875067724186352,-1.6875067724186352,0
adam,sea,110,-1.6895677676708332,-1.6895677676708332,0
adam,sea,111,-1.691209186857433,-1.691209186857433,0
adam,sea,112,-1.6925624307401455,-1.6925624307401455,0
adam,sea,113,-1.6937645518638966,-1.6937645518638966,0
adam,sea,114,-1.6949290025842254,-1.6949290025842254,0
adam,sea,115,-1.6961230458170584,-1.6961230458170584,0
adam,sea,116,-1.6973583070397151,-1.6973583070397151,0
adam,sea,117,-1.6985979743687576,-1.6985979743687576,0
adam,sea,118,-1.699779225813164,-1.699779225813164,0
adam,sea,119,-1.7008431357803186,-1.7008431357803186,0
adam,sea,120,-1.7017594523387765,-1.7017594523387765,0
adam,sea,121,-1.7025351261133022,-1.7025351261133022,0
adam,sea,122,-1.7032043626232323,-1.7032043626232323,0
adam,sea,123,-1.7038082638153427,-1.7038082638153427,0
adam,sea,124,-1.7043762245336989,-1.7043762245336989,0
adam,sea,125,-1.7049174291207034,-1.7049174291207034,0
adam,sea,126,-1.7054235274555634,-1.7054235274555634,0
adam,sea,127,-1.7058780773277236,-1.7058780773277236,0
adam,sea,128,-1.7062667791663357,-1.7062667791663357,0
adam,sea,129,-1.7065842247061997,-1.7065842247061997,0
adam,sea,130,-1.7068358426999921,-1.7068358426999921,0
adam,sea,131,-1.7070359440837604,-1.7070359440837604,0
adam,sea,132,-1.7072034517896568,-1.7072034517896568,0
adam,sea,133,-1.7073567462405042,-1.7073567462405042,0
adam,sea,134,-1.7075090109077133,-1.7075090109077133,0
adam,sea,135,-1.7076655070250368,-1.7076655070250368,0
adam,sea,136,-1.707823720640865,-1.707823720640865,0
adam,sea,137,-1.7079761990103262,-1.7079761990103262,0
adam,sea,138,-1.7081147769753722,-1.7081147769753722,0
adam,sea,139,-1.708234447225184,-1.708234447225184,0
adam,sea,140,-1.708335431637196,-1.708335431637196,0
adam,sea,141,-1.7084227762670743,-1.7084227762670743,0
adam,sea,142,-1.7085037977433162,-1.7085037977433162,0
adam,sea,143,-1.7085847173462687,-1.7085847173462687,0
adam,sea,144,-1.7086682740352594,-1.7086682740352594,0
adam,sea,145,-1.7087534686802228,-1.7087534686802228,0
adam,sea,146,-1.708837161542613,-1.708837161542613,0
adam,sea,147,-1.708916178192776,-1.708916178192776,0
adam,sea,148,-1.7089886900312765,-1.7089886900312765,0
adam,sea,149,-1.7090545257011003,-1.7090545257011003,0
adam,sea,150,-1.709114770549466,-1.709114770549466,0
adam,sea,151,-1.7091711270718613,-1.7091711270718613,0
adam,sea,152,-1.709225328469506,-1.709225328469506,0
adam,sea,153,-1.7092787302167554,-1.7092787302167554,0
adam,sea,154,-1.709332102655383,-1.709332102655383,0
adam,sea,155,-1.7093856025999081,-1.7093856025999081,0
adam,sea,156,-1.7094389116147746,-1.7094389116147746,0
adam,sea,157,-1.7094915215120088,-1.7094915215120088,0
adam,sea,158,-1.7095430733195867,-1.7095430733195867,0
adam,sea,159,-1.7095935905696216,-1.7095935905696216,0
adam,sea,160,-1.7096434849128153,-1.7096434849128153,0
adam,sea,161,-1.7096933341226968,-1.7096933341226968,0
adam,sea,162,-1.7097435579914917,-1.7097435579914917,0
adam,sea,163,-1.7097941823785527,-1.7097941823785527,0
adam,sea,164,-1.7098448402313642,-1.7098448402313642,0
adam,sea,165,-1.7098950083944742,-1.7098950083944742,0
adam,sea,166,-1.7099443176856384,-1.7099443176856384,0
adam,sea,167,-1.7099927388739509,-1.7099927388739509,0
adam,sea,168,-1.7100405630394577,-1.7100405630394577,0
adam,sea,169,-1.7100882392550785,-1.7100882392550785,0
adam,sea,170,-1.7101361859239816,-1.7101361859239816,0
adam,sea,171,-1.710184658691086,-1.710184658691086,0
adam,sea,172,-1.7102337087083332,-1.7102337087083332,0
adam,sea,173,-1.7102832281098603,-1.7102832281098603,0
adam,sea,174,-1.7103330454065746,-1.7103330454065746,0
adam,sea,175,-1.7103830165505791,-1.7103830165505791,0
adam,sea,176,-1.7104330769175617,-1.7104330769175617,0
adam,sea,177,-1.7104832514071195,-1.7104832514071195,0
adam,sea,178,-1.710533631079914,-1.710533631079914,0
adam,sea,179,-1.7105843251836303,-1.7105843251836303,0
adam,sea,180,-1.7106354083774733,-1.7106354083774733,0
adam,sea,181,-1.710686891165262,-1.710686891165262,0
adam,sea,182,-1.7107387283132003,-1.7107387283132003,0
adam,sea,183,-1.710790857169315,-1.710790857169315,0
adam,sea,184,-1.7108432432677039,-1.7108432432677039,0
adam,sea,185,-1.710895906804717,-1.710895906804717,0
adam,sea,186,-1.7109489137351814,-1.7109489137351814,0
adam,sea,187,-1.7110023404545343,-1.7110023404545343,0
adam,sea,188,-1.7110562400897134,-1.7110562400897134,0
adam,sea,189,-1.7111106303476384,-1.7111106303476384,0
adam,sea,190,-1.7111655011738363,-1.7111655011738363,0
adam,sea,191,-1.7112208310122048,-1.7112208310122048,0
adam,sea,192,-1.7112766032929756,-1.7112766032929756,0
adam,sea,193,-1.7113328168925912,-1.7113328168925912,0
adam,sea,194,-1.7113894865501973,-1.7113894865501973,0
adam,sea,195,-1.711446635732621,-1.711446635732621,0
adam,sea,196,-1.7115042881694018,-1.7115042881694018,0
adam,sea,197,-1.7115624610416735,-1.7115624610416735,0
adam,sea,198,-1.7116211599821451,-1.7116211599821451,0
adam,sea,199,-1.7116803776161038,-1.7116803776161038,0
adam,sea,200,-1.7117400978171142,-1.7117400978171142,0
adam,sea,201,-1.7118003044900403,-1.7118003044900403,0
adam,sea,202,-1.711860990549441,-1.711860990549441,0
adam,sea,203,-1.7119221624076826,-1.7119221624076826,0
adam,sea,204,-1.7119838373711436,-1.7119838373711436,0
adam,sea,205,-1.7120460355395724,-1.7120460355395724,0
adam,sea,206,-1.7121087715804753,-1.7121087715804753,0
adam,sea,207,-1.7121720510974447,-1.7121720510974447,0
adam,sea,208,-1.7122358721071442,-1.7122358721071442,0
adam,sea,209,-1.7123002292142884,-1.7123002292142884,0
adam,sea,210,-1.7123651178826949,-1.7123651178826949,0
adam,sea,211,-1.7124305368857353,-1.7124305368857353,0
adam,sea,212,-1.712496488174028,-1.712496488174028,0
adam,sea,213,-1.7125629750223677,-1.7125629750223677,0
adam,sea,214,-1.7126299999215346,-1.7126299999215346,0
adam,sea,215,-1.712697563046235,-1.712697563046235,0
adam,sea,216,-1.7127656617278084,-1.7127656617278084,0
adam,sea,217,-1.7128342912228287,-1.7128342912228287,0
adam,sea,218,-1.7129034464093755,-1.7129034464093755,0
adam,sea,219,-1.7129731234905374,-1.7129731234905374,0
adam,sea,220,-1.7130433209040072,-1.7130433209040072,0
adam,sea,221,-1.7131140389606538,-1.7131140389606538,0
adam,sea,222,-1.7131852783409942,-1.7131852783409942,0
adam,sea,223,-1.7132570384908934,-1.7132570384908934,0
adam,sea,224,-1.7133293170212944,-1.7133293170212944,0
adam,sea,225,-1.7134021101735502,-1.7134021101735502,0
adam,sea,226,-1.7134754136800865,-1.7134754136800865,0
adam,sea,227,-1.7135492234774148,-1.7135492234774148,0
adam,sea,228,-1.713623535999385,-1.713623535999385,0
adam,sea,229,-1.713698348017529,-1.713698348017529,0
adam,sea,230,-1.7137736562840944,-1.7137736562840944,0
adam,sea,231,-1.713849457233238,-1.713849457233238,0
adam,sea,232,-1.7139257467967313,-1.7139257467967313,0
adam,sea,233,-1.714002520363723,-1.714002520363723,0
adam,sea,234,-1.7140797729004453,-1.7140797729004453,0
adam,sea,235,-1.7141574991380693,-1.7141574991380693,0
adam,sea,236,-1.7142356937549554,-1.7142356937549554,0
adam,sea,237,-1.7143143515232895,-1.7143143515232895,0
adam,sea,238,-1.7143934673323338,-1.7143934673323338,0
adam,sea,239,-1.7144730360576639,-1.7144730360576639,0
adam,sea,240,-1.7145530523862311,-1.7145530523862311,0
adam,sea,241,-1.7146335106985626,-1.7146335106985626,0
adam,sea,242,-1.7147144050460894,-1.7147144050460894,0
adam,sea,243,-1.7147957292346594,-1.7147957292346594,0
adam,sea,244,-1.7148774769467645,-1.7148774769467645,0
adam,sea,245,-1.7149596417983433,-1.7149596417983433,0
adam,sea,246,-1.7150422173046151,-1.7150422173046151,0
adam,sea,247,-1.7151251967882153,-1.7151251967882153,0
adam,sea,248,-1.71520857328432,-1.71520857328432,0
adam,sea,249,-1.7152923395183513,-1.7152923395183513,0
adam,sea,250,-1.7153764879706448,-1.7153764879706448,0
adam,sea,251,-1.715461010952479,-1.715461010952479,0
adam,sea,252,-1.7155459006313514,-1.7155459006313514,0
adam,sea,253,-1.7156311490033278,-1.7156311490033278,0
adam,sea,254,-1.7157167478396482,-1.7157167478396482,0
adam,sea,255,-1.7158026886427318,-1.7158026886427318,0
adam,sea,256,-1.7158889626213136,-1.7158889626213136,0
adam,sea,257,-1.7159755606687792,-1.7159755606687792,0
adam,sea,258,-1.716062473347723,-1.716062473347723,0
adam,sea,259,-1.716149690892007,-1.716149690892007,0
adam,sea,260,-1.7162372032151825,-1.7162372032151825,0
adam,sea,261,-1.7163249999095995,-1.7163249999095995,0
adam,sea,262,-1.7164130702276181,-1.7164130702276181,0
adam,sea,263,-1.7165014030450183,-1.7165014030450183,0
adam,sea,264,-1.7165899868251338,-1.7165899868251338,0
adam,sea,265,-1.7166788095994872,-1.7166788095994872,0
adam,sea,266,-1.7167678589588984,-1.7167678589588984,0
adam,sea,267,-1.7168571220449746,-1.7168571220449746,0
adam,sea,268,-1.7169465855365587,-1.7169465855365587,0
adam,sea,269,-1.7170362356314313,-1.7170362356314313,0
adam,sea,270,-1.7171260580302647,-1.7171260580302647,0
adam,sea,271,-1.717216037924781,-1.717216037924781,0
adam,sea,272,-1.7173061599853838,-1.7173061599853838,0
adam,sea,273,-1.7173964083486655,-1.7173964083486655,0
adam,sea,274,-1.717486766606951,-1.717486766606951,0
adam,sea,275,-1.7175772178002868,-1.7175772178002868,0
adam,sea,276,-1.7176677444108077,-1.7176677444108077,0
adam,sea,277,-1.7177583283567934,-1.7177583283567934,0
adam,sea,278,-1.7178489509858077,-1.7178489509858077,0
adam,sea,279,-1.7179395930708516,-1.7179395930708516,0
adam,sea,280,-1.7180302348116536,-1.7180302348116536,0
adam,sea,281,-1.718120855841837,-1.718120855841837,0
adam,sea,282,-1.7182114352425715,-1.7182114352425715,0
adam,sea,283,-1.7183019515604097,-1.7183019515604097,0
adam,sea,284,-1.7183923828261254,-1.7183923828261254,0
adam,sea,285,-1.7184827065718455,-1.7184827065718455,0
adam,sea,286,-1.7185728998467114,-1.7185728998467114,0
adam,sea,287,-1.7186629392352912,-1.7186629392352912,0
adam,sea,288,-1.7187528008823267,-1.7187528008823267,0
adam,sea,289,-1.7188424605229367,-1.7188424605229367,0
adam,sea,290,-1.7189318935167117,-1.7189318935167117,0
adam,sea,291,-1.719021074885163,-1.719021074885163,0
adam,sea,292,-1.7191099793538427,-1.7191099793538427,0
adam,sea,293,-1.7191985814001676,-1.7191985814001676,0
adam,sea,294,-1.7192868553052316,-1.7192868553052316,0
adam,sea,295,-1.719374775207339,-1.719374775207339,0
adam,sea,296,-1.719462315156744,-1.719462315156744,0
adam,sea,297,-1.7195494491723071,-1.7195494491723071,0
adam,sea,298,-1.7196361513005864,-1.7196361513005864,0
adam,sea,299,-1.7197223956767116,-1.7197223956767116,0
adam,sea,300,-1.7198081565858445,-1.7198081565858445,0
adam,sea,301,-1.719893408525554,-1.719893408525554,0
adam,sea,302,-1.7199781262701932,-1.7199781262701932,0
adam,sea,303,-1.7200622849380296,-1.7200622849380296,0
adam,sea,304,-1.7201458600608377,-1.7201458600608377,0
adam,sea,305,-1.7202288276543654,-1.7202288276543654,0
adam,sea,306,-1.7203111642881197,-1.7203111642881197,0
adam,sea,307,-1.720392847153639,-1.720392847153639,0
adam,sea,308,-1.720473854130543,-1.720473854130543,0
adam,sea,309,-1.720554163850217,-1.720554163850217,0
adam,sea,310,-1.7206337557566775,-1.7206337557566775,0
adam,sea,311,-1.7207126101642463,-1.7207126101642463,0
adam,sea,312,-1.7207907083121077,-1.7207907083121077,0
adam,sea,313,-1.72086803241554,-1.72086803241554,0
adam,sea,314,-1.7209445657141953,-1.7209445657141953,0
adam,sea,315,-1.7210202925165488,-1.7210202925165488,0
adam,sea,316,-1.7210951982399811,-1.7210951982399811,0
adam,sea,317,-1.7211692694459237,-1.7211692694459237,0
adam,sea,318,-1.7212424938697433,-1.7212424938697433,0
adam,sea,319,-1.721314860445461,-1.721314860445461,0
adam,sea,320,-1.7213863593247127,-1.7213863593247127,0
adam,sea,321,-1.7214569818897778,-1.7214569818897778,0
adam,sea,322,-1.7215267207603737,-1.7215267207603737,0
adam,sea,323,-1.7215955697945247,-1.7215955697945247,0
adam,sea,324,-1.7216635240836926,-1.7216635240836926,0
adam,sea,325,-1.7217305799422522,-1.7217305799422522,0
adam,sea,326,-1.7217967348916219,-1.7217967348916219,0
adam,sea,327,-1.7218619876393455,-1.7218619876393455,0
adam,sea,328,-1.721926338053405,-1.721926338053405,0
adam,sea,329,-1.7219897871319736,-1.7219897871319736,0
adam,sea,330,-1.7220523369687877,-1.7220523369687877,0
adam,sea,331,-1.7221139907141894,-1.7221139907141894,0
adam,sea,332,-1.7221747525323676,-1.7221747525323676,0
adam,sea,333,-1.7222346275551403,-1.7222346275551403,0
adam,sea,334,-1.722293621832587,-1.722293621832587,0
adam,sea,335,-1.7223517422809969,-1.7223517422809969,0
adam,sea,336,-1.7224089966286356,-1.7224089966286356,0
adam,sea,337,-1.7224653933598675,-1.7224653933598675,0
adam,sea,338,-1.7225209416581788,-1.7225209416581788,0
adam,sea,339,-1.7225756513485069,-1.7225756513485069,0
adam,sea,340,-1.72262953283933,-1.72262953283933,0
adam,sea,341,-1.7226825970649011,-1.7226825970649011,0
adam,sea,342,-1.7227348554281134,-1.7227348554281134,0
adam,sea,343,-1.7227863197443167,-1.7227863197443167,0
adam,sea,344,-1.7228370021863135,-1.7228370021863135,0
adam,sea,345,-1.7228869152307875,-1.7228869152307875,0
adam,sea,346,-1.7229360716063633,-1.7229360716063633,0
adam,sea,347,-1.722984484243678,-1.722984484243678,0
adam,sea,348,-1.7230321662276598,-1.7230321662276598,0
adam,sea,349,-1.7230791307522393,-1.7230791307522393,0
adam,sea,350,-1.7231253910776538,-1.7231253910776538,0
adam,sea,351,-1.7231709604905021,-1.7231709604905021,0
adam,sea,352,-1.7232158522667755,-1.7232158522667755,0
adam,sea,353,-1.7232600796378457,-1.7232600796378457,0
adam,sea,354,-1.723303655759449,-1.723303655759449,0
adam,sea,355,-1.7233465936835652,-1.7233465936835652,0
adam,sea,356,-1.7233889063331214,-1.7233889063331214,0
adam,sea,357,-1.7234306064795815,-1.7234306064795815,0
adam,sea,358,-1.72347170672325,-1.72347170672325,0
adam,sea,359,-1.7235122194761583,-1.7235122194761583,0
adam,sea,360,-1.7235521569475563,-1.7235521569475563,0
adam,sea,361,-1.723591531131769,-1.723591531131769,0
adam,sea,362,-1.7236303537983833,-1.7236303537983833,0
adam,sea,363,-1.7236686364847535,-1.7236686364847535,0
adam,sea,364,-1.723706390490409,-1.723706390490409,0
adam,sea,365,-1.7237436268733883,-1.7237436268733883,0
adam,sea,366,-1.7237803564482856,-1.7237803564482856,0
adam,sea,367,-1.7238165897858113,-1.7238165897858113,0
adam,sea,368,-1.723852337213781,-1.723852337213781,0
adam,sea,369,-1.72388760881924,-1.72388760881924,0
adam,sea,370,-1.7239224144516958,-1.7239224144516958,0
adam,sea,371,-1.7239567637272348,-1.7239567637272348,0
adam,sea,372,-1.723990666033379,-1.723990666033379,0
adam,sea,373,-1.7240241305346125,-1.7240241305346125,0
adam,sea,374,-1.7240571661784052,-1.7240571661784052,0
adam,sea,375,-1.7240897817016465,-1.7240897817016465,0
adam,sea,376,-1.7241219856373118,-1.7241219856373118,0
adam,sea,377,-1.7241537863213856,-1.7241537863213856,0
adam,sea,378,-1.7241851918998585,-1.7241851918998585,0
adam,sea,379,-1.7242162103357208,-1.7242162103357208,0
adam,sea,380,-1.7242468494158716,-1.7242468494158716,0
adam,sea,381,-1.7242771167579147,-1.7242771167579147,0
adam,sea,382,-1.724307019816759,-1.724307019816759,0
adam,sea,383,-1.724336565890986,-1.724336565890986,0
adam,sea,384,-1.7243657621288981,-1.7243657621288981,0
adam,sea,385,-1.7243946155343213,-1.7243946155343213,0
adam,sea,386,-1.7244231329720183,-1.7244231329720183,0
adam,sea,387,-1.724451321172798,-1.724451321172798,0
adam,sea,388,-1.7244791867382507,-1.7244791867382507,0
adam,sea,389,-1.7245067361451205,-1.7245067361451205,0
adam,sea,390,-1.724533975749312,-1.724533975749312,0
adam,sea,391,-1.7245609117895653,-1.7245609117895653,0
adam,sea,392,-1.7245875503907413,-1.7245875503907413,0
adam,sea,393,-1.7246138975667964,-1.7246138975667964,0
adam,sea,394,-1.7246399592234167,-1.7246399592234167,0
adam,sea,395,-1.7246657411603235,-1.7246657411603235,0
adam,sea,396,-1.7246912490732824,-1.7246912490732824,0
adam,sea,397,-1.724716488555879,-1.724716488555879,0
adam,sea,398,-1.7247414651009632,-1.7247414651009632,0
adam,sea,399,-1.724766184101961,-1.724766184101961,0
adam,sea,400,-1.7247906508538917,-1.7247906508538917,0
adam,sea,401,-1.7248148705542445,-1.7248148705542445,0
adam,sea,402,-1.7248388483036912,-1.7248388483036912,0
adam,sea,403,-1.7248625891066534,-1.7248625891066534,0
adam,sea,404,-1.7248860978717604,-1.7248860978717604,0
adam,sea,405,-1.7249093794121773,-1.7249093794121773,0
adam,sea,406,-1.7249324384459166,-1.7249324384459166,0
adam,sea,407,-1.7249552795959873,-1.7249552795959873,0
adam,sea,408,-1.7249779073906273,-1.7249779073906273,0
adam,sea,409,-1.7250003262634022,-1.7250003262634022,0
adam,sea,410,-1.7250225405533643,-1.7250225405533643,0
adam,sea,411,-1.7250445545051591,-1.7250445545051591,0
adam,sea,412,-1.7250663722692123,-1.7250663722692123,0
adam,sea,413,-1.725087997901904,-1.725087997901904,0
adam,sea,414,-1.7251094353657808,-1.7251094353657808,0
adam,sea,415,-1.725130688529837,-1.725130688529837,0
adam,sea,416,-1.7251517611698495,-1.7251517611698495,0
adam,sea,417,-1.725172656968745,-1.725172656968745,0
adam,sea,418,-1.7251933795170682,-1.7251933795170682,0
adam,sea,419,-1.7252139323135094,-1.7252139323135094,0
adam,sea,420,-1.725234318765494,-1.725234318765494,0
adam,sea,421,-1.725254542189855,-1.725254542189855,0
adam,sea,422,-1.7252746058136148,-1.7252746058136148,0
adam,sea,423,-1.725294512774777,-1.725294512774777,0
adam,sea,424,-1.7253142661232734,-1.7253142661232734,0
adam,sea,425,-1.7253338688219315,-1.7253338688219315,0
adam,sea,426,-1.7253533237475454,-1.7253533237475454,0
adam,sea,427,-1.7253726336919935,-1.7253726336919935,0
adam,sea,428,-1.725391801363467,-1.725391801363467,0
adam,sea,429,-1.725410829387721,-1.725410829387721,0
adam,sea,430,-1.7254297203094162,-1.7254297203094162,0
adam,sea,431,-1.7254484765935252,-1.7254484765935252,0
adam,sea,432,-1.7254671006267392,-1.7254671006267392,0
adam,sea,433,-1.7254855947190118,-1.7254855947190118,0
adam,sea,434,-1.7255039611050798,-1.7255039611050798,0
adam,sea,435,-1.725522201946057,-1.725522201946057,0
adam,sea,436,-1.7255403193310554,-1.7255403193310554,0
adam,sea,437,-1.7255583152788418,-1.7255583152788418,0
adam,sea,438,-1.725576191739539,-1.725576191739539,0
adam,sea,439,-1.7255939505963003,-1.7255939505963003,0
adam,sea,440,-1.7256115936670777,-1.7256115936670777,0
adam,sea,441,-1.7256291227063247,-1.7256291227063247,0
adam,sea,442,-1.7256465394067595,-1.7256465394067595,0
adam,sea,443,-1.7256638454011517,-1.7256638454011517,0
adam,sea,444,-1.725681042264039,-1.725681042264039,0
adam,sea,445,-1.7256981315134867,-1.7256981315134867,0
adam,sea,446,-1.7257151146128802,-1.7257151146128802,0
adam,sea,447,-1.725731992972625,-1.725731992972625,0
adam,sea,448,-1.7257487679519015,-1.7257487679519015,0
adam,sea,449,-1.7257654408603607,-1.7257654408603607,0
adam,sea,450,-1.7257820129598462,-1.7257820129598462,0
adam,sea,451,-1.7257984854660633,-1.7257984854660633,0
adam,sea,452,-1.7258148595502079,-1.7258148595502079,0
adam,sea,453,-1.7258311363406305,-1.7258311363406305,0
adam,sea,454,-1.7258473169244377,-1.7258473169244377,0
adam,sea,455,-1.7258634023490291,-1.7258634023490291,0
adam,sea,456,-1.7258793936236723,-1.7258793936236723,0
adam,sea,457,-1.725895291720998,-1.725895291720998,0
adam,sea,458,-1.7259110975784875,-1.7259110975784875,0
adam,sea,459,-1.7259268120999105,-1.7259268120999105,0
adam,sea,460,-1.7259424361567326,-1.7259424361567326,0
adam,sea,461,-1.7259579705894803,-1.7259579705894803,0
adam,sea,462,-1.7259734162091052,-1.7259734162091052,0
adam,sea,463,-1.7259887737982353,-1.7259887737982353,0
adam,sea,464,-1.7260040441124833,-1.7260040441124833,0
adam,sea,465,-1.7260192278816435,-1.7260192278816435,0
adam,sea,466,-1.7260343258108821,-1.7260343258108821,0
adam,sea,467,-1.7260493385819011,-1.7260493385819011,0
adam,sea,468,-1.7260642668540334,-1.7260642668540334,0
adam,sea,469,-1.7260791112653167,-1.7260791112653167,0
adam,sea,470,-1.7260938724335582,-1.7260938724335582,0
adam,sea,471,-1.726108550957293,-1.726108550957293,0
adam,sea,472,-1.7261231474168017,-1.7261231474168017,0
adam,sea,473,-1.7261376623749956,-1.7261376623749956,0
adam,sea,474,-1.7261520963783334,-1.7261520963783334,0
adam,sea,475,-1.7261664499576992,-1.7261664499576992,0
adam,sea,476,-1.7261807236291866,-1.7261807236291866,0
adam,sea,477,-1.7261949178949478,-1.7261949178949478,0
adam,sea,478,-1.726209033243911,-1.726209033243911,0
adam,sea,479,-1.7262230701525452,-1.7262230701525452,0
adam,sea,480,-1.7262370290855562,-1.7262370290855562,0
adam,sea,481,-1.7262509104965242,-1.7262509104965242,0
adam,sea,482,-1.726264714828609,-1.726264714828609,0
adam,sea,483,-1.726278442515118,-1.726278442515118,0
adam,sea,484,-1.7262920939801083,-1.7262920939801083,0
adam,sea,485,-1.726305669638953,-1.726305669638953,0
adam,sea,486,-1.726319169898876,-1.726319169898876,0
adam,sea,487,-1.7263325951594568,-1.7263325951594568,0
adam,sea,488,-1.7263459458131418,-1.7263459458131418,0
adam,sea,489,-1.7263592222456636,-1.7263592222456636,0
adam,sea,490,-1.7263724248365317,-1.7263724248365317,0
adam,sea,491,-1.7263855539594266,-1.7263855539594266,0
adam,sea,492,-1.7263986099826076,-1.7263986099826076,0
adam,sea,493,-1.7264115932692987,-1.7264115932692987,0
adam,sea,494,-1.7264245041780344,-1.7264245041780344,0
adam,sea,495,-1.7264373430630158,-1.7264373430630158,0
adam,sea,496,-1.7264501102744332,-1.7264501102744332,0
adam,sea,497,-1.726462806158774,-1.726462806158774,0
adam,sea,498,-1.7264754310591195,-1.7264754310591195,0
adam,sea,499,-1.7264879853153987,-1.7264879853153987,0
adam,sea,500,-1.7265004692646775,-1.7265004692646775,0
adam,sea,501,-1.7265128832413883,-1.7265128832413883,0
adam,sea,502,-1.7265252275775747,-1.7265252275775747,0
adam,sea,503,-1.726537502603094,-1.726537502603094,0
adam,sea,504,-1.7265497086458446,-1.7265497086458446,0
adam,sea,505,-1.7265618460319343,-1.7265618460319343,0
adam,sea,506,-1.726573915085895,-1.726573915085895,0
adam,sea,507,-1.726585916130828,-1.726585916130828,0
adam,sea,508,-1.7265978494885779,-1.7265978494885779,0
adam,sea,509,-1.726609715479875,-1.726609715479875,0
adam,sea,510,-1.7266215144244923,-1.7266215144244923,0
adam,sea,511,-1.7266332466413574,-1.7266332466413574,0
adam,sea,512,-1.7266449124486902,-1.7266449124486902,0
adam,sea,513,-1.7266565121641124,-1.7266565121641124,0
adam,sea,514,-1.7266680461047494,-1.7266680461047494,0
adam,sea,515,-1.7266795145873428,-1.7266795145873428,0
adam,sea,516,-1.72669091792832,-1.72669091792832,0
adam,sea,517,-1.726702256443901,-1.726702256443901,0
adam,sea,518,-1.726713530450168,-1.726713530450168,0
adam,sea,519,-1.7267247402631238,-1.7267247402631238,0
adam,sea,520,-1.7267358861987758,-1.7267358861987758,0
adam,sea,521,-1.7267469685731822,-1.7267469685731822,0
adam,sea,522,-1.7267579877025239,-1.7267579877025239,0
adam,sea,523,-1.7267689439031295,-1.7267689439031295,0
adam,sea,524,-1.7267798374915277,-1.7267798374915277,0
adam,sea,525,-1.7267906687844978,-1.7267906687844978,0
adam,sea,526,-1.7268014380990846,-1.7268014380990846,0
adam,sea,527,-1.7268121457526517,-1.7268121457526517,0
adam,sea,528,-1.7268227920628811,-1.7268227920628811,0
adam,sea,529,-1.7268333773478157,-1.7268333773478157,0
adam,sea,530,-1.7268439019258732,-1.7268439019258732,0
adam,sea,531,-1.726854366115845,-1.726854366115845,0
adam,sea,532,-1.7268647702369375,-1.7268647702369375,0
adam,sea,533,-1.726875114608754,-1.726875114608754,0
adam,sea,534,-1.7268853995513191,-1.7268853995513191,0
adam,sea,535,-1.7268956253850614,-1.7268956253850614,0
adam,sea,536,-1.7269057924308298,-1.7269057924308298,0
adam,sea,537,-1.726915901009891,-1.726915901009891,0
adam,sea,538,-1.7269259514439088,-1.7269259514439088,0
adam,sea,539,-1.7269359440549574,-1.7269359440549574,0
adam,sea,540,-1.7269458791654964,-1.7269458791654964,0
adam,sea,541,-1.7269557570983687,-1.7269557570983687,0
adam,sea,542,-1.7269655781767776,-1.7269655781767776,0
adam,sea,543,-1.7269753427242913,-1.7269753427242913,0
adam,sea,544,-1.7269850510647922,-1.7269850510647922,0
adam,sea,545,-1.726994703522503,-1.726994703522503,0
adam,sea,546,-1.7270043004219295,-1.7270043004219295,0
adam,sea,547,-1.7270138420878551,-1.7270138420878551,0
adam,sea,548,-1.7270233288453203,-1.7270233288453203,0
adam,sea,549,-1.7270327610195941,-1.7270327610195941,0
adam,sea,550,-1.7270421389361654,-1.7270421389361654,0
adam,sea,551,-1.7270514629206681,-1.7270514629206681,0
adam,sea,552,-1.7270607332989287,-1.7270607332989287,0
adam,sea,553,-1.7270699503968863,-1.7270699503968863,0
adam,sea,554,-1.7270791145405595,-1.7270791145405595,0
adam,sea,555,-1.7270882260560823,-1.7270882260560823,0
adam,sea,556,-1.7270972852695856,-1.7270972852695856,0
adam,sea,557,-1.7271062925072236,-1.7271062925072236,0
adam,sea,558,-1.7271152480951444,-1.7271152480951444,0
adam,sea,559,-1.7271241523594272,-1.7271241523594272,0
adam,sea,560,-1.727133005626075,-1.727133005626075,0
adam,sea,561,-1.727141808220979,-1.727141808220979,0
adam,sea,562,-1.7271505604698794,-1.7271505604698794,0
adam,sea,563,-1.7271592626983407,-1.7271592626983407,0
adam,sea,564,-1.7271679152317132,-1.7271679152317132,0
adam,sea,565,-1.7271765183950987,-1.7271765183950987,0
adam,sea,566,-1.7271850725133309,-1.7271850725133309,0
adam,sea,567,-1.7271935779109295,-1.7271935779109295,0
adam,sea,568,-1.727202034912058,-1.727202034912058,0
adam,sea,569,-1.7272104438405271,-1.7272104438405271,0
adam,sea,570,-1.7272188050197212,-1.7272188050197212,0
adam,sea,571,-1.72722711877259,-1.72722711877259,0
adam,sea,572,-1.7272353854216012,-1.7272353854216012,0
adam,sea,573,-1.7272436052887201,-1.7272436052887201,0
adam,sea,574,-1.7272517786953685,-1.7272517786953685,0
adam,sea,575,-1.7272599059623988,-1.7272599059623988,0
adam,sea,576,-1.727267987410051,-1.727267987410051,0
adam,sea,577,-1.7272760233579445,-1.7272760233579445,0
adam,sea,578,-1.72728401412501,-1.72728401412501,0
adam,sea,579,-1.7272919600294965,-1.7272919600294965,0
adam,sea,580,-1.727299861388895,-1.727299861388895,0
adam,sea,581,-1.7273077185199879,-1.7273077185199879,0
adam,sea,582,-1.727315531738698,-1.727315531738698,0
adam,sea,583,-1.7273233013601843,-1.7273233013601843,0
adam,sea,584,-1.7273310276987235,-1.7273310276987235,0
adam,sea,585,-1.7273387110677159,-1.7273387110677159,0
adam,sea,586,-1.7273463517796652,-1.7273463517796652,0
adam,sea,587,-1.727353950146118,-1.727353950146118,0
adam,sea,588,-1.7273615064776733,-1.7273615064776733,0
adam,sea,589,-1.727369021083933,-1.727369021083933,0
adam,sea,590,-1.727376494273475,-1.727376494273475,0
adam,sea,591,-1.7273839263538404,-1.7273839263538404,0
adam,sea,592,-1.7273913176314835,-1.7273913176314835,0
adam,sea,593,-1.7273986684117755,-1.7273986684117755,0
adam,sea,594,-1.7274059789989529,-1.7274059789989529,0
adam,sea,595,-1.7274132496961168,-1.7274132496961168,0
adam,sea,596,-1.727420480805196,-1.727420480805196,0
adam,sea,597,-1.7274276726269244,-1.7274276726269244,0
adam,sea,598,-1.727434825460817,-1.727434825460817,0
adam,sea,599,-1.7274419396051426,-1.7274419396051426,0
adam,sea,600,-1.7274490153569273,-1.7274490153569273,0
adam,sea,601,-1.7274560530118985,-1.7274560530118985,0
adam,sea,602,-1.7274630528644952,-1.7274630528644952,0
adam,sea,603,-1.7274700152078233,-1.7274700152078233,0
adam,sea,604,-1.7274769403336478,-1.7274769403336478,0
adam,sea,605,-1.7274838285323793,-1.7274838285323793,0
adam,sea,606,-1.7274906800930365,-1.7274906800930365,0
adam,sea,607,-1.7274974953032587,-1.7274974953032587,0
adam,sea,608,-1.7275042744492577,-1.7275042744492577,0
adam,sea,609,-1.7275110178158086,-1.7275110178158086,0
adam,sea,610,-1.7275177256862528,-1.7275177256862528,0
adam,sea,611,-1.7275243983424704,-1.7275243983424704,0
adam,sea,612,-1.7275310360648417,-1.7275310360648417,0
adam,sea,613,-1.7275376391322788,-1.7275376391322788,0
adam,sea,614,-1.7275442078221628,-1.7275442078221628,0
adam,sea,615,-1.7275507424103738,-1.7275507424103738,0
adam,sea,616,-1.7275572431712587,-1.7275572431712587,0
adam,sea,617,-1.727563710377606,-1.727563710377606,0
adam,sea,618,-1.7275701443006524,-1.7275701443006524,0
adam,sea,619,-1.7275765452100655,-1.7275765452100655,0
adam,sea,620,-1.7275829133739375,-1.7275829133739375,0
adam,sea,621,-1.7275892490587634,-1.7275892490587634,0
adam,sea,622,-1.7275955525294495,-1.7275955525294495,0
adam,sea,623,-1.7276018240492736,-1.7276018240492736,0
adam,sea,624,-1.7276080638799258,-1.7276080638799258,0
adam,sea,625,-1.727614272281439,-1.727614272281439,0
adam,sea,626,-1.7276204495122287,-1.7276204495122287,0
adam,sea,627,-1.7276265958290777,-1.7276265958290777,0
adam,sea,628,-1.7276327114871035,-1.7276327114871035,0
adam,sea,629,-1.7276387967397733,-1.7276387967397733,0
adam,sea,630,-1.7276448518389056,-1.7276448518389056,0
adam,sea,631,-1.727650877034644,-1.727650877034644,0
adam,sea,632,-1.7276568725754684,-1.7276568725754684,0
adam,sea,633,-1.7276628387081794,-1.7276628387081794,0
adam,sea,634,-1.7276687756778955,-1.7276687756778955,0
adam,sea,635,-1.7276746837280605,-1.7276746837280605,0
adam,sea,636,-1.7276805631004375,-1.7276805631004375,0
adam,sea,637,-1.7276864140350872,-1.7276864140350872,0
adam,sea,638,-1.72769223677039,-1.72769223677039,0
adam,sea,639,-1.7276980315430346,-1.7276980315430346,0
adam,sea,640,-1.727703798588006,-1.727703798588006,0
adam,sea,641,-1.727709538138606,-1.727709538138606,0
adam,sea,642,-1.7277152504264424,-1.7277152504264424,0
adam,sea,643,-1.7277209356814094,-1.7277209356814094,0
adam,sea,644,-1.727726594131733,-1.727726594131733,0
adam,sea,645,-1.727732226003913,-1.727732226003913,0
adam,sea,646,-1.7277378315227752,-1.7277378315227752,0
adam,sea,647,-1.7277434109114524,-1.7277434109114524,0
adam,sea,648,-1.7277489643913682,-1.7277489643913682,0
adam,sea,649,-1.7277544921822727,-1.7277544921822727,0
adam,sea,650,-1.7277599945022224,-1.7277599945022224,0
adam,sea,651,-1.7277654715675845,-1.7277654715675845,0
adam,sea,652,-1.7277709235930472,-1.7277709235930472,0
adam,sea,653,-1.7277763507916146,-1.7277763507916146,0
adam,sea,654,-1.7277817533746203,-1.7277817533746203,0
adam,sea,655,-1.7277871315517184,-1.7277871315517184,0
adam,sea,656,-1.727792485530896,-1.727792485530896,0
adam,sea,657,-1.7277978155184808,-1.7277978155184808,0
adam,sea,658,-1.7278031217191239,-1.7278031217191239,0
adam,sea,659,-1.7278084043358353,-1.7278084043358353,0
adam,sea,660,-1.7278136635699777,-1.7278136635699777,0
adam,sea,661,-1.7278188996212458,-1.7278188996212458,0
adam,sea,662,-1.7278241126877139,-1.7278241126877139,0
adam,sea,663,-1.727829302965824,-1.727829302965824,0
adam,sea,664,-1.7278344706503628,-1.7278344706503628,0
adam,sea,665,-1.727839615934537,-1.727839615934537,0
adam,sea,666,-1.7278447390098821,-1.7278447390098821,0
adam,sea,667,-1.7278498400663846,-1.7278498400663846,0
adam,sea,668,-1.7278549192923764,-1.7278549192923764,0
adam,sea,669,-1.7278599768746228,-1.7278599768746228,0
adam,sea,670,-1.727865012998289,-1.727865012998289,0
adam,sea,671,-1.7278700278469648,-1.7278700278469648,0
adam,sea,672,-1.7278750216026637,-1.7278750216026637,0
adam,sea,673,-1.7278799944458243,-1.7278799944458243,0
adam,sea,674,-1.727884946555328,-1.727884946555328,0
adam,sea,675,-1.7278898781085288,-1.7278898781085288,0
adam,sea,676,-1.7278947892812082,-1.7278947892812082,0
adam,sea,677,-1.7278996802476254,-1.7278996802476254,0
adam,sea,678,-1.727904551180508,-1.727904551180508,0
adam,sea,679,-1.7279094022510832,-1.7279094022510832,0
adam,sea,680,-1.7279142336290456,-1.7279142336290456,0
adam,sea,681,-1.727919045482604,-1.727919045482604,0
adam,sea,682,-1.727923837978469,-1.727923837978469,0
adam,sea,683,-1.727928611281885,-1.727928611281885,0
adam,sea,684,-1.7279333655565934,-1.7279333655565934,0
adam,sea,685,-1.7279381009648938,-1.7279381009648938,0
adam,sea,686,-1.7279428176676321,-1.7279428176676321,0
adam,sea,687,-1.7279475158241886,-1.7279475158241886,0
adam,sea,688,-1.7279521955925334,-1.7279521955925334,0
adam,sea,689,-1.7279568571291897,-1.7279568571291897,0
adam,sea,690,-1.727961500589271,-1.727961500589271,0
adam,sea,691,-1.727966126126489,-1.727966126126489,0
adam,sea,692,-1.7279707338931447,-1.7279707338931447,0
adam,sea,693,-1.72797532404016,-1.72797532404016,0
adam,sea,694,-1.7279798967170759,-1.7279798967170759,0
adam,sea,695,-1.7279844520720744,-1.7279844520720744,0
adam,sea,696,-1.7279889902519618,-1.7279889902519618,0
adam,sea,697,-1.7279935114022085,-1.7279935114022085,0
adam,sea,698,-1.727998015666937,-1.727998015666937,0
adam,sea,699,-1.7280025031889552,-1.7280025031889552,0
adam,sea,700,-1.728006974109746,-1.728006974109746,0
adam,sea,701,-1.7280114285694765,-1.7280114285694765,0
adam,sea,702,-1.7280158667070251,-1.7280158667070251,0
adam,sea,703,-1.728020288659978,-1.728020288659978,0
adam,sea,704,-1.728024694564646,-1.728024694564646,0
adam,sea,705,-1.7280290845560702,-1.7280290845560702,0
adam,sea,706,-1.728033458768031,-1.728033458768031,0
adam,sea,707,-1.728037817333067,-1.728037817333067,0
adam,sea,708,-1.7280421603824814,-1.7280421603824814,0
adam,sea,709,-1.728046488046338,-1.728046488046338,0
adam,sea,710,-1.7280508004534965,-1.7280508004534965,0
adam,sea,711,-1.7280550977316012,-1.7280550977316012,0
adam,sea,712,-1.7280593800071102,-1.7280593800071102,0
adam,sea,713,-1.728063647405284,-1.728063647405284,0
adam,sea,714,-1.7280679000502006,-1.7280679000502006,0
adam,sea,715,-1.728072138064796,-1.728072138064796,0
adam,sea,716,-1.728076361570823,-1.728076361570823,0
adam,sea,717,-1.728080570688905,-1.728080570688905,0
adam,sea,718,-1.728084765538527,-1.728084765538527,0
adam,sea,719,-1.7280889462380347,-1.7280889462380347,0
adam,sea,720,-1.7280931129046775,-1.7280931129046775,0
adam,sea,721,-1.7280972656545759,-1.7280972656545759,0
adam,sea,722,-1.7281014046027747,-1.7281014046027747,0
adam,sea,723,-1.7281055298632144,-1.7281055298632144,0
adam,sea,724,-1.7281096415487773,-1.7281096415487773,0
adam,sea,725,-1.7281137397712483,-1.7281137397712483,0
adam,sea,726,-1.7281178246413913,-1.7281178246413913,0
adam,sea,727,-1.7281218962688962,-1.7281218962688962,0
adam,sea,728,-1.7281259547624261,-1.7281259547624261,0
adam,sea,729,-1.7281300002296018,-1.7281300002296018,0
adam,sea,730,-1.7281340327770471,-1.7281340327770471,0
adam,sea,731,-1.7281380525103545,-1.7281380525103545,0
adam,sea,732,-1.7281420595341246,-1.7281420595341246,0
adam,sea,733,-1.7281460539519788,-1.7281460539519788,0
adam,sea,734,-1.7281500358665365,-1.7281500358665365,0
adam,sea,735,-1.7281540053794477,-1.7281540053794477,0
adam,sea,736,-1.7281579625914183,-1.7281579625914183,0
adam,sea,737,-1.7281619076021735,-1.7281619076021735,0
adam,sea,738,-1.7281658405105143,-1.7281658405105143,0
adam,sea,739,-1.7281697614142935,-1.7281697614142935,0
adam,sea,740,-1.7281736704104531,-1.7281736704104531,0
adam,sea,741,-1.728177567594985,-1.728177567594985,0
adam,sea,742,-1.728181453063002,-1.728181453063002,0
adam,sea,743,-1.7281853269087113,-1.7281853269087113,0
adam,sea,744,-1.728189189225411,-1.728189189225411,0
adam,sea,745,-1.7281930401055337,-1.7281930401055337,0
adam,sea,746,-1.728196879640638,-1.728196879640638,0
adam,sea,747,-1.7282007079213986,-1.7282007079213986,0
adam,sea,748,-1.7282045250376508,-1.7282045250376508,0
adam,sea,749,-1.72820833107837,-1.72820833107837,0
adam,sea,750,-1.7282121261316985,-1.7282121261316985,0
adam,sea,751,-1.7282159102849382,-1.7282159102849382,0
adam,sea,752,-1.7282196836245698,-1.7282196836245698,0
adam,sea,753,-1.728223446236257,-1.728223446236257,0
adam,sea,754,-1.7282271982048578,-1.7282271982048578,0
adam,sea,755,-1.7282309396144273,-1.7282309396144273,0
adam,sea,756,-1.728234670548227,-1.728234670548227,0
adam,sea,757,-1.728238391088739,-1.728238391088739,0
adam,sea,758,-1.7282421013176592,-1.7282421013176592,0
adam,sea,759,-1.728245801315923,-1.728245801315923,0
adam,sea,760,-1.7282494911637045,-1.7282494911637045,0
adam,sea,761,-1.7282531709404134,-1.7282531709404134,0
adam,sea,762,-1.7282568407247247,-1.7282568407247247,0
adam,sea,763,-1.728260500594572,-1.728260500594572,0
adam,sea,764,-1.7282641506271468,-1.7282641506271468,0
adam,sea,765,-1.7282677908989323,-1.7282677908989323,0
adam,sea,766,-1.7282714214856847,-1.7282714214856847,0
adam,sea,767,-1.728275042462447,-1.728275042462447,0
adam,sea,768,-1.7282786539035775,-1.7282786539035775,0
adam,sea,769,-1.7282822558827053,-1.7282822558827053,0
adam,sea,770,-1.7282858484728068,-1.7282858484728068,0
adam,sea,771,-1.7282894317461495,-1.7282894317461495,0
adam,sea,772,-1.7282930057743422,-1.7282930057743422,0
adam,sea,773,-1.7282965706283235,-1.7282965706283235,0
adam,sea,774,-1.7283001263783597,-1.7283001263783597,0
adam,sea,775,-1.728303673094068,-1.728303673094068,0
adam,sea,776,-1.7283072108444162,-1.7283072108444162,0
adam,sea,777,-1.7283107396977333,-1.7283107396977333,0
adam,sea,778,-1.7283142597217136,-1.7283142597217136,0
adam,sea,779,-1.7283177709834072,-1.7283177709834072,0
adam,sea,780,-1.7283212735492657,-1.7283212735492657,0
adam,sea,781,-1.7283247674851037,-1.7283247674851037,0
adam,sea,782,-1.7283282528561288,-1.7283282528561288,0
adam,sea,783,-1.7283317297269494,-1.7283317297269494,0
adam,sea,784,-1.7283351981615747,-1.7283351981615747,0
adam,sea,785,-1.728338658223419,-1.728338658223419,0
adam,sea,786,-1.7283421099753045,-1.7283421099753045,0
adam,sea,787,-1.7283455534794936,-1.7283455534794936,0
adam,sea,788,-1.7283489887976338,-1.7283489887976338,0
adam,sea,789,-1.7283524159908443,-1.7283524159908443,0
adam,sea,790,-1.728355835119668,-1.728355835119668,0
adam,sea,791,-1.7283592462440707,-1.7283592462440707,0
adam,sea,792,-1.7283626494234927,-1.7283626494234927,0
adam,sea,793,-1.7283660447168074,-1.7283660447168074,0
adam,sea,794,-1.7283694321823564,-1.7283694321823564,0
adam,sea,795,-1.7283728118779436,-1.7283728118779436,0
adam,sea,796,-1.7283761838608458,-1.7283761838608458,0
adam,sea,797,-1.7283795481877982,-1.7283795481877982,0
adam,sea,798,-1.7283829049150374,-1.7283829049150374,0
adam,sea,799,-1.7283862540982673,-1.7283862540982673,0
adam,sea,800,-1.7283895957926896,-1.7283895957926896,0
adam,sea,801,-1.7283929300529997,-1.7283929300529997,0
adam,sea,802,-1.7283962569333942,-1.7283962569333942,0
adam,sea,803,-1.728399576487566,-1.728399576487566,0
adam,sea,804,-1.7284028887687364,-1.7284028887687364,0
adam,sea,805,-1.728406193829613,-1.728406193829613,0
adam,sea,806,-1.7284094917224453,-1.7284094917224453,0
adam,sea,807,-1.7284127824990045,-1.7284127824990045,0
adam,sea,808,-1.7284160662105787,-1.7284160662105787,0
adam,sea,809,-1.728419342907992,-1.728419342907992,0
adam,sea,810,-1.7284226126416176,-1.7284226126416176,0
adam,sea,811,-1.728425875461357,-1.728425875461357,0
adam,sea,812,-1.728429131416669,-1.728429131416669,0
adam,sea,813,-1.7284323805565545,-1.7284323805565545,0
adam,sea,814,-1.7284356229295756,-1.7284356229295756,0
adam,sea,815,-1.728438858583853,-1.728438858583853,0
adam,sea,816,-1.728442087567069,-1.728442087567069,0
adam,sea,817,-1.7284453099264734,-1.7284453099264734,0
adam,sea,818,-1.7284485257088957,-1.7284485257088957,0
adam,sea,819,-1.7284517349607307,-1.7284517349607307,0
adam,sea,820,-1.7284549377279599,-1.7284549377279599,0
adam,sea,821,-1.728458134056159,-1.728458134056159,0
adam,sea,822,-1.7284613239904745,-1.7284613239904745,0
adam,sea,823,-1.728464507575652,-1.728464507575652,0
adam,sea,824,-1.728467684856042,-1.728467684856042,0
adam,sea,825,-1.7284708558755844,-1.7284708558755844,0
adam,sea,826,-1.7284740206778255,-1.7284740206778255,0
adam,sea,827,-1.728477179305927,-1.728477179305927,0
adam,sea,828,-1.7284803318026476,-1.7284803318026476,0
adam,sea,829,-1.7284834782103766,-1.7284834782103766,0
adam,sea,830,-1.7284866185711163,-1.7284866185711163,0
adam,sea,831,-1.7284897529264918,-1.7284897529264918,0
adam,sea,832,-1.7284928813177456,-1.7284928813177456,0
adam,sea,833,-1.7284960037857697,-1.7284960037857697,0
adam,sea,834,-1.728499120371073,-1.728499120371073,0
adam,sea,835,-1.7285022311138034,-1.7285022311138034,0
adam,sea,836,-1.7285053360537508,-1.7285053360537508,0
adam,sea,837,-1.7285084352303541,-1.7285084352303541,0
adam,sea,838,-1.728511528682695,-1.728511528682695,0
adam,sea,839,-1.7285146164494953,-1.7285146164494953,0
adam,sea,840,-1.7285176985691508,-1.7285176985691508,0
adam,sea,841,-1.7285207750796907,-1.7285207750796907,0
adam,sea,842,-1.7285238460188275,-1.7285238460188275,0
adam,sea,843,-1.7285269114239201,-1.7285269114239201,0
adam,sea,844,-1.7285299713319937,-1.7285299713319937,0
adam,sea,845,-1.7285330257797604,-1.7285330257797604,0
adam,sea,846,-1.7285360748035796,-1.7285360748035796,0
adam,sea,847,-1.7285391184394965,-1.7285391184394965,0
adam,sea,848,-1.7285421567232508,-1.7285421567232508,0
adam,sea,849,-1.7285451896902448,-1.7285451896902448,0
adam,sea,850,-1.7285482173755546,-1.7285482173755546,0
adam,sea,851,-1.7285512398139748,-1.7285512398139748,0
adam,sea,852,-1.7285542570399681,-1.7285542570399681,0
adam,sea,853,-1.7285572690876951,-1.7285572690876951,0
adam,sea,854,-1.7285602759910133,-1.7285602759910133,0
adam,sea,855,-1.7285632777834845,-1.7285632777834845,0
adam,sea,856,-1.7285662744983459,-1.7285662744983459,0
adam,sea,857,-1.7285692661685728,-1.7285692661685728,0
adam,sea,858,-1.7285722528268344,-1.7285722528268344,0
adam,sea,859,-1.7285752345054965,-1.7285752345054965,0
adam,sea,860,-1.7285782112366523,-1.7285782112366523,0
adam,sea,861,-1.7285811830521063,-1.7285811830521063,0
adam,sea,862,-1.7285841499833732,-1.7285841499833732,0
adam,sea,863,-1.7285871120616931,-1.7285871120616931,0
adam,sea,864,-1.728590069318024,-1.728590069318024,0
adam,sea,865,-1.7285930217830616,-1.7285930217830616,0
adam,sea,866,-1.728595969487203,-1.728595969487203,0
adam,sea,867,-1.728598912460607,-1.728598912460607,0
adam,sea,868,-1.7286018507331355,-1.7286018507331355,0
adam,sea,869,-1.7286047843343988,-1.7286047843343988,0
adam,sea,870,-1.7286077132937505,-1.7286077132937505,0
adam,sea,871,-1.7286106376402695,-1.7286106376402695,0
adam,sea,872,-1.7286135574027748,-1.7286135574027748,0
adam,sea,873,-1.7286164726098396,-1.7286164726098396,0
adam,sea,874,-1.728619383289783,-1.728619383289783,0
adam,sea,875,-1.7286222894706638,-1.7286222894706638,0
adam,sea,876,-1.7286251911802926,-1.7286251911802926,0
adam,sea,877,-1.7286280884462313,-1.7286280884462313,0
adam,sea,878,-1.7286309812958085,-1.7286309812958085,0
adam,sea,879,-1.7286338697560997,-1.7286338697560997,0
adam,sea,880,-1.728636753853933,-1.728636753853933,0
adam,sea,881,-1.7286396336159098,-1.7286396336159098,0
adam,sea,882,-1.728642509068395,-1.728642509068395,0
adam,sea,883,-1.728645380237497,-1.728645380237497,0
adam,sea,884,-1.7286482471491242,-1.7286482471491242,0
adam,sea,885,-1.7286511098289248,-1.7286511098289248,0
adam,sea,886,-1.7286539683023394,-1.7286539683023394,0
adam,sea,887,-1.7286568225945627,-1.7286568225945627,0
adam,sea,888,-1.7286596727305812,-1.7286596727305812,0
adam,sea,889,-1.7286625187351536,-1.7286625187351536,0
adam,sea,890,-1.7286653606328128,-1.7286653606328128,0
adam,sea,891,-1.728668198447867,-1.728668198447867,0
adam,sea,892,-1.7286710322044208,-1.7286710322044208,0
adam,sea,893,-1.7286738619263573,-1.7286738619263573,0
adam,sea,894,-1.728676687637344,-1.728676687637344,0
adam,sea,895,-1.7286795093608411,-1.7286795093608411,0
adam,sea,896,-1.7286823271200897,-1.7286823271200897,0
adam,sea,897,-1.7286851409381216,-1.7286851409381216,0
adam,sea,898,-1.7286879508377853,-1.7286879508377853,0
adam,sea,899,-1.7286907568416934,-1.7286907568416934,0
adam,sea,900,-1.728693558972277,-1.728693558972277,0
adam,sea,901,-1.7286963572517466,-1.7286963572517466,0
adam,sea,902,-1.728699151702137,-1.728699151702137,0
adam,sea,903,-1.7287019423452539,-1.7287019423452539,0
adam,sea,904,-1.7287047292027409,-1.7287047292027409,0
adam,sea,905,-1.7287075122960196,-1.7287075122960196,0
adam,sea,906,-1.728710291646329,-1.728710291646329,0
adam,sea,907,-1.7287130672747106,-1.7287130672747106,0
adam,sea,908,-1.7287158392020265,-1.7287158392020265,0
adam,sea,909,-1.728718607448943,-1.728718607448943,0
adam,sea,910,-1.72872137203593,-1.72872137203593,0
adam,sea,911,-1.7287241329832943,-1.7287241329832943,0
adam,sea,912,-1.7287268903111341,-1.7287268903111341,0
adam,sea,913,-1.728729644039381,-1.728729644039381,0
adam,sea,914,-1.7287323941877735,-1.7287323941877735,0
adam,sea,915,-1.7287351407758857,-1.7287351407758857,0
adam,sea,916,-1.7287378838231022,-1.7287378838231022,0
adam,sea,917,-1.728740623348628,-1.728740623348628,0
adam,sea,918,-1.7287433593715018,-1.7287433593715018,0
adam,sea,919,-1.7287460919105813,-1.7287460919105813,0
adam,sea,920,-1.7287488209845534,-1.7287488209845534,0
adam,sea,921,-1.7287515466119399,-1.7287515466119399,0
adam,sea,922,-1.7287542688110757,-1.7287542688110757,0
adam,sea,923,-1.7287569876001478,-1.7287569876001478,0
adam,sea,924,-1.728759702997157,-1.728759702997157,0
adam,sea,925,-1.728762415019954,-1.728762415019954,0
adam,sea,926,-1.7287651236862145,-1.7287651236862145,0
adam,sea,927,-1.728767829013449,-1.728767829013449,0
adam,sea,928,-1.7287705310190167,-1.7287705310190167,0
adam,sea,929,-1.7287732297201008,-1.7287732297201008,0
adam,sea,930,-1.7287759251337433,-1.7287759251337433,0
adam,sea,931,-1.728778617276809,-1.728778617276809,0
adam,sea,932,-1.7287813061660167,-1.7287813061660167,0
adam,sea,933,-1.7287839918179275,-1.7287839918179275,0
adam,sea,934,-1.7287866742489377,-1.7287866742489377,0
adam,sea,935,-1.7287893534753067,-1.7287893534753067,0
adam,sea,936,-1.7287920295131287,-1.7287920295131287,0
adam,sea,937,-1.72879470237835,-1.72879470237835,0
adam,sea,938,-1.7287973720867662,-1.7287973720867662,0
adam,sea,939,-1.7288000386540279,-1.7288000386540279,0
adam,sea,940,-1.728802702095633,-1.728802702095633,0
adam,sea,941,-1.728805362426928,-1.728805362426928,0
adam,sea,942,-1.7288080196631206,-1.7288080196631206,0
adam,sea,943,-1.7288106738192743,-1.7288106738192743,0
adam,sea,944,-1.728813324910304,-1.728813324910304,0
adam,sea,945,-1.728815972950983,-1.728815972950983,0
adam,sea,946,-1.7288186179559457,-1.7288186179559457,0
adam,sea,947,-1.7288212599396884,-1.7288212599396884,0
adam,sea,948,-1.7288238989165519,-1.7288238989165519,0
adam,sea,949,-1.7288265349007643,-1.7288265349007643,0
adam,sea,950,-1.7288291679063923,-1.7288291679063923,0
adam,sea,951,-1.7288317979473815,-1.7288317979473815,0
adam,sea,952,-1.7288344250375336,-1.7288344250375336,0
adam,sea,953,-1.7288370491905096,-1.7288370491905096,0
adam,sea,954,-1.7288396704198603,-1.7288396704198603,0
adam,sea,955,-1.7288422887389816,-1.7288422887389816,0
adam,sea,956,-1.7288449041611351,-1.7288449041611351,0
adam,sea,957,-1.728847516699479,-1.728847516699479,0
adam,sea,958,-1.728850126367015,-1.728850126367015,0
adam,sea,959,-1.7288527331766295,-1.7288527331766295,0
adam,sea,960,-1.7288553371410726,-1.7288553371410726,0
adam,sea,961,-1.7288579382729667,-1.7288579382729667,0
adam,sea,962,-1.728860536584816,-1.728860536584816,0
adam,sea,963,-1.7288631320889982,-1.7288631320889982,0
adam,sea,964,-1.7288657247977597,-1.7288657247977597,0
adam,sea,965,-1.7288683147232327,-1.7288683147232327,0
adam,sea,966,-1.728870901877415,-1.728870901877415,0
adam,sea,967,-1.7288734862721873,-1.7288734862721873,0
adam,sea,968,-1.7288760679193202,-1.7288760679193202,0
adam,sea,969,-1.728878646830444,-1.728878646830444,0
adam,sea,970,-1.7288812230170847,-1.7288812230170847,0
adam,sea,971,-1.728883796490646,-1.728883796490646,0
adam,sea,972,-1.72888636726241,-1.72888636726241,0
adam,sea,973,-1.7288889353435404,-1.7288889353435404,0
adam,sea,974,-1.7288915007451024,-1.7288915007451024,0
adam,sea,975,-1.7288940634780203,-1.7288940634780203,0
adam,sea,976,-1.7288966235531167,-1.7288966235531167,0
adam,sea,977,-1.7288991809811014,-1.7288991809811014,0
adam,sea,978,-1.7289017357725696,-1.7289017357725696,0
adam,sea,979,-1.728904287938001,-1.728904287938001,0
adam,sea,980,-1.7289068374877672,-1.7289068374877672,0
adam,sea,981,-1.7289093844321275,-1.7289093844321275,0
adam,sea,982,-1.7289119287812327,-1.7289119287812327,0
adam,sea,983,-1.7289144705451192,-1.7289144705451192,0
adam,sea,984,-1.7289170097337208,-1.7289170097337208,0
adam,sea,985,-1.7289195463568572,-1.7289195463568572,0
adam,sea,986,-1.7289220804242509,-1.7289220804242509,0
adam,sea,987,-1.7289246119455024,-1.7289246119455024,0
adam,sea,988,-1.72892714093012,-1.72892714093012,0
adam,sea,989,-1.7289296673874996,-1.7289296673874996,0
adam,sea,990,-1.72893219132694,-1.72893219132694,0
adam,sea,991,-1.7289347127576324,-1.7289347127576324,0
adam,sea,992,-1.7289372316886502,-1.7289372316886502,0
adam,sea,993,-1.7289397481289865,-1.7289397481289865,0
adam,sea,994,-1.7289422620875246,-1.7289422620875246,0
adam,sea,995,-1.728944773573042,-1.728944773573042,0
adam,sea,996,-1.7289472825942205,-1.7289472825942205,0
adam,sea,997,-1.7289497891596395,-1.7289497891596395,0
adam,sea,998,-1.7289522932777834,-1.7289522932777834,0
adam,sea,999,-1.7289547949570254,-1.7289547949570254,0
adam,pretrained,0,2.790339576858222,,0
adam,pretrained,1,1.8922059769645119,,0
adam,pretrained,2,1.4267470241959126,,0
adam,pretrained,3,1.0314038985273004,,0
adam,pretrained,4,0.6484397009012276,,0
adam,pretrained,5,0.3797874780989853,,0
adam,pretrained,6,0.25873988774170986,,0
adam,pretrained,7,0.1761161949028951,,0
adam,pretrained,8,0.05223309900371723,,0
adam,pretrained,9,-0.09447446399402377,,0
adam,pretrained,10,-0.2249900255525863,,0
adam,pretrained,11,-0.3278159199131106,,0
adam,pretrained,12,-0.4181411456519095,,0
adam,pretrained,13,-0.5073897128554559,,0
adam,pretrained,14,-0.5938985845705109,,0
adam,pretrained,15,-0.6772052061732051,,0
adam,pretrained,16,-0.7528495889785238,,0
adam,pretrained,17,-0.810232851368313,,0
adam,pretrained,18,-0.8478416837540872,,0
adam,pretrained,19,-0.8792357307223977,,0
adam,pretrained,20,-0.9211510380841843,,0
adam,pretrained,21,-0.9729458357434008,,0
adam,pretrained,22,-1.0223790248442037,,0
adam,pretrained,23,-1.065414396638835,,0
adam,pretrained,24,-1.1037805754302754,,0
adam,pretrained,25,-1.136540444648257,,0
adam,pretrained,26,-1.1676072383667997,,0
adam,pretrained,27,-1.2002755647328718,,0
adam,pretrained,28,-1.2316632821077387,,0
adam,pretrained,29,-1.2615581517658974,,0
adam,pretrained,30,-1.2916433088172994,,0
adam,pretrained,31,-1.323340431045046,,0
adam,pretrained,32,-1.355131582321143,,0
adam,pretrained,33,-1.3851322762374594,,0
adam,pretrained,34,-1.4146066192227722,,0
adam,pretrained,35,-1.4431620457623764,,0
adam,pretrained,36,-1.4710502506878491,,0
adam,pretrained,37,-1.4992065027145867,,0
adam,pretrained,38,-1.5260306581137135,,0
adam,pretrained,39,-1.5492064148260893,,0
adam,pretrained,40,-1.5680314258235755,,0
adam,pretrained,41,-1.5853404732611593,,0
adam,pretrained,42,-1.6027071811954487,,0
adam,pretrained,43,-1.618194276078544,,0
adam,pretrained,44,-1.6300381747662855,,0
adam,pretrained,45,-1.6386799713523263,,0
adam,pretrained,46,-1.6459328486819897,,0
adam,pretrained,47,-1.6525228141160266,,0
adam,pretrained,48,-1.6583520109792074,,0
adam,pretrained,49,-1.662427386520778,,0
adam,pretrained,50,-1.6645242378053637,,0
adam,pretrained,51,-1.666816662432907,,0
adam,pretrained,52,-1.6707238961120074,,0
adam,pretrained,53,-1.675352464181496,,0
adam,pretrained,54,-1.6790869408998144,,0
adam,pretrained,55,-1.6817132196643403,,0
adam,pretrained,56,-1.683967188649924,,0
adam,pretrained,57,-1.6862922189838703,,0
adam,pretrained,58,-1.6886759521315493,,0
adam,pretrained,59,-1.6905222202008512,,0
adam,pretrained,60,-1.691761811263543,,0
adam,pretrained,61,-1.6928111879002767,,0
adam,pretrained,62,-1.693821184732827,,0
adam,pretrained,63,-1.6947215161019815,,0
adam,pretrained,64,-1.6954332408188846,,0
adam,pretrained,65,-1.6960867270700122,,0
adam,pretrained,66,-1.6968152664573934,,0
adam,pretrained,67,-1.6977751721016008,,0
adam,pretrained,68,-1.6987518896167577,,0
adam,pretrained,69,-1.6994745925212884,,0
adam,pretrained,70,-1.7000946087272544,,0
adam,pretrained,71,-1.700765598777854,,0
adam,pretrained,72,-1.7014838051612102,,0
adam,pretrained,73,-1.7021201944209499,,0
adam,pretrained,74,-1.7026357736276332,,0
adam,pretrained,75,-1.7031384696515433,,0
adam,pretrained,76,-1.7037056487347333,,0
adam,pretrained,77,-1.7042138056290719,,0
adam,pretrained,78,-1.7045563841169482,,0
adam,pretrained,79,-1.7048113010689503,,0
adam,pretrained,80,-1.7050920862755699,,0
adam,pretrained,81,-1.7053936372371394,,0
adam,pretrained,82,-1.7056347944405323,,0
adam,pretrained,83,-1.7058393132355576,,0
adam,pretrained,84,-1.706023224274145,,0
adam,pretrained,85,-1.7061950298137196,,0
adam,pretrained,86,-1.706367614827328,,0
adam,pretrained,87,-1.7065427482779412,,0
adam,pretrained,88,-1.7067270396911036,,0
adam,pretrained,89,-1.7068990397443289,,0
adam,pretrained,90,-1.7070369292938627,,0
adam,pretrained,91,-1.707166514886048,,0
adam,pretrained,92,-1.7073054899651938,,0
adam,pretrained,93,-1.7074416850537608,,0
adam,pretrained,94,-1.7075657012166694,,0
adam,pretrained,95,-1.7076701805963952,,0
adam,pretrained,96,-1.7077726430622682,,0
adam,pretrained,97,-1.7078741157030304,,0
adam,pretrained,98,-1.7079699133629944,,0
adam,pretrained,99,-1.7080613468596257,,0
adam,pretrained,100,-1.7081465610994433,,0
adam,pretrained,101,-1.7082201962669012,,0
adam,pretrained,102,-1.7082840458397004,,0
adam,pretrained,103,-1.7083424942507899,,0
adam,pretrained,104,-1.7084032826765552,,0
adam,pretrained,105,-1.7084642704164366,,0
adam,pretrained,106,-1.7085174559881176,,0
adam,pretrained,107,-1.7085636229851242,,0
adam,pretrained,108,-1.7086132346699052,,0
adam,pretrained,109,-1.7086665747959764,,0
adam,pretrained,110,-1.7087176299922224,,0
adam,pretrained,111,-1.7087650405681336,,0
adam,pretrained,112,-1.7088115846333025,,0
adam,pretrained,113,-1.7088585983804798,,0
adam,pretrained,114,-1.7089027018311425,,0
adam,pretrained,115,-1.7089432858629825,,0
adam,pretrained,116,-1.7089842095908856,,0
adam,pretrained,117,-1.7090249280000984,,0
adam,pretrained,118,-1.709063731810843,,0
adam,pretrained,119,-1.7091013188382682,,0
adam,pretrained,120,-1.7091392600295874,,0
adam,pretrained,121,-1.709177085029215,,0
adam,pretrained,122,-1.7092130587071785,,0
adam,pretrained,123,-1.7092476525585472,,0
adam,pretrained,124,-1.7092819462511664,,0
adam,pretrained,125,-1.7093157151518,,0
adam,pretrained,126,-1.709348389091945,,0
adam,pretrained,127,-1.7093793502085535,,0
adam,pretrained,128,-1.7094092304604358,,0
adam,pretrained,129,-1.7094385641624268,,0
adam,pretrained,130,-1.7094675725871118,,0
adam,pretrained,131,-1.7094962390032036,,0
adam,pretrained,132,-1.7095245286336185,,0
adam,pretrained,133,-1.7095524471909254,,0
adam,pretrained,134,-1.7095802402245588,,0
adam,pretrained,135,-1.7096079230369456,,0
adam,pretrained,136,-1.7096354367142073,,0
adam,pretrained,137,-1.7096625536586272,,0
adam,pretrained,138,-1.7096890830796216,,0
adam,pretrained,139,-1.7097152244703342,,0
adam,pretrained,140,-1.7097410640500632,,0
adam,pretrained,141,-1.7097665218389162,,0
adam,pretrained,142,-1.7097916635305626,,0
adam,pretrained,143,-1.7098164598425512,,0
adam,pretrained,144,-1.7098410161327537,,0
adam,pretrained,145,-1.7098653965723571,,0
adam,pretrained,146,-1.7098896493997398,,0
adam,pretrained,147,-1.7099136568979996,,0
adam,pretrained,148,-1.709937349986929,,0
adam,pretrained,149,-1.7099608636300354,,0
adam,pretrained,150,-1.7099842538855925,-1.7099842538855925,1
adam,pretrained,151,-1.434945672172574,-1.434945672172574,0
adam,pretrained,152,-1.4237916278091767,-1.4237916278091767,0
adam,pretrained,153,-1.424396340918507,-1.424396340918507,0
adam,pretrained,154,-1.3898979277018857,-1.3898979277018857,0
adam,pretrained,155,-1.5481634112200606,-1.5481634112200606,0
adam,pretrained,156,-1.6048906911336562,-1.6048906911336562,0
adam,pretrained,157,-1.5536823013632828,-1.5536823013632828,0
adam,pretrained,158,-1.5276080190921404,-1.5276080190921404,0
adam,pretrained,159,-1.6100370086149196,-1.6100370086149196,0
adam,pretrained,160,-1.6273197536441273,-1.6273197536441273,0
adam,pretrained,161,-1.6333013527177893,-1.6333013527177893,0
adam,pretrained,162,-1.6410338106628606,-1.6410338106628606,0
adam,pretrained,163,-1.6405465697817103,-1.6405465697817103,0
adam,pretrained,164,-1.6493654600230647,-1.6493654600230647,0
adam,pretrained,165,-1.6467524626559724,-1.6467524626559724,0
adam,pretrained,166,-1.6589561564182456,-1.6589561564182456,0
adam,pretrained,167,-1.6745622929533384,-1.6745622929533384,0
adam,pretrained,168,-1.6759156885056765,-1.6759156885056765,0
adam,pretrained,169,-1.6763113223593418,-1.6763113223593418,0
adam,pretrained,170,-1.673844328156966,-1.673844328156966,0
adam,pretrained,171,-1.679571422335563,-1.679571422335563,0
adam,pretrained,172,-1.6889155413023453,-1.6889155413023453,0
adam,pretrained,173,-1.6920181702352497,-1.6920181702352497,0
adam,pretrained,174,-1.6929950124178013,-1.6929950124178013,0
adam,pretrained,175,-1.6898090680278104,-1.6898090680278104,0
adam,pretrained,176,-1.6911848783762098,-1.6911848783762098,0
adam,pretrained,177,-1.695818593728852,-1.695818593728852,0
adam,pretrained,178,-1.6977348450634135,-1.6977348450634135,0
adam,pretrained,179,-1.7020125439465932,-1.7020125439465932,0
adam,pretrained,180,-1.702506684465597,-1.702506684465597,0
adam,pretrained,181,-1.7012682483888524,-1.7012682483888524,0
adam,pretrained,182,-1.7013378754336514,-1.7013378754336514,0
adam,pretrained,183,-1.7020488080443734,-1.7020488080443734,0
adam,pretrained,184,-1.7058828986586243,-1.7058828986586243,0
adam,pretrained,185,-1.7070618723985858,-1.7070618723985858,0
adam,pretrained,186,-1.706589732814038,-1.706589732814038,0
adam,pretrained,187,-1.7065499672824316,-1.7065499672824316,0
adam,pretrained,188,-1.7064862810122852,-1.7064862810122852,0
adam,pretrained,189,-1.7079146543158554,-1.7079146543158554,0
adam,pretrained,190,-1.7087721902816548,-1.7087721902816548,0
adam,pretrained,191,-1.709842538789772,-1.709842538789772,0
adam,pretrained,192,-1.7098938683327383,-1.7098938683327383,0
adam,pretrained,193,-1.7093863111627623,-1.7093863111627623,0
adam,pretrained,194,-1.7094024643100434,-1.7094024643100434,0
adam,pretrained,195,-1.7102968370443614,-1.7102968370443614,0
adam,pretrained,196,-1.711700127115622,-1.711700127115622,0
adam,pretrained,197,-1.7114014937370896,-1.7114014937370896,0
adam,pretrained,198,-1.7109007233120437,-1.7109007233120437,0
adam,pretrained,199,-1.7108567732154811,-1.7108567732154811,0
adam,pretrained,200,-1.7116807506170295,-1.7116807506170295,0
adam,pretrained,201,-1.7121395567686666,-1.7121395567686666,0
adam,pretrained,202,-1.7121658497308734,-1.7121658497308734,0
adam,pretrained,203,-1.712232199754901,-1.712232199754901,0
adam,pretrained,204,-1.7120098392259187,-1.7120098392259187,0
adam,pretrained,205,-1.7122400467130716,-1.7122400467130716,0
adam,pretrained,206,-1.7127009494499923,-1.7127009494499923,0
adam,pretrained,207,-1.7130161418673493,-1.7130161418673493,0
adam,pretrained,208,-1.7127227825521645,-1.7127227825521645,0
adam,pretrained,209,-1.71266386801482,-1.71266386801482,0
adam,pretrained,210,-1.7129225474121987,-1.7129225474121987,0
adam,pretrained,211,-1.7132417776437712,-1.7132417776437712,0
adam,pretrained,212,-1.7132471264354399,-1.7132471264354399,0
adam,pretrained,213,-1.713248571432985,-1.713248571432985,0
adam,pretrained,214,-1.7132409358733955,-1.7132409358733955,0
adam,pretrained,215,-1.713330236813709,-1.713330236813709,0
adam,pretrained,216,-1.713462412230307,-1.713462412230307,0
adam,pretrained,217,-1.7135889370781685,-1.7135889370781685,0
adam,pretrained,218,-1.7135973019733415,-1.7135973019733415,0
adam,pretrained,219,-1.7135914346523045,-1.7135914346523045,0
adam,pretrained,220,-1.7136939768490276,-1.7136939768490276,0
adam,pretrained,221,-1.7137802616762097,-1.7137802616762097,0
adam,pretrained,222,-1.7138124761443485,-1.7138124761443485,0
adam,pretrained,223,-1.7138353651174063,-1.7138353651174063,0
adam,pretrained,224,-1.7138864056268923,-1.7138864056268923,0
adam,pretrained,225,-1.7139440184786714,-1.7139440184786714,0
adam,pretrained,226,-1.7140140463607714,-1.7140140463607714,0
adam,pretrained,227,-1.7140563848178267,-1.7140563848178267,0
adam,pretrained,228,-1.7140683526493035,-1.7140683526493035,0
adam,pretrained,229,-1.7141166001445494,-1.7141166001445494,0
adam,pretrained,230,-1.7141768843825345,-1.7141768843825345,0
adam,pretrained,231,-1.7142241091651447,-1.7142241091651447,0
adam,pretrained,232,-1.7142561284496796,-1.7142561284496796,0
adam,pretrained,233,-1.7142977355314073,-1.7142977355314073,0
adam,pretrained,234,-1.7143390676006613,-1.7143390676006613,0
adam,pretrained,235,-1.7143852226501284,-1.7143852226501284,0
adam,pretrained,236,-1.714424944286753,-1.714424944286753,0
adam,pretrained,237,-1.7144690165372904,-1.7144690165372904,0
adam,pretrained,238,-1.7145037163589503,-1.7145037163589503,0
adam,pretrained,239,-1.7145421668853575,-1.7145421668853575,0
adam,pretrained,240,-1.714584298884954,-1.714584298884954,0
adam,pretrained,241,-1.7146318511826828,-1.7146318511826828,0
adam,pretrained,242,-1.7146691693879352,-1.7146691693879352,0
adam,pretrained,243,-1.7147054580130752,-1.7147054580130752,0
adam,pretrained,244,-1.7147440456637004,-1.7147440456637004,0
adam,pretrained,245,-1.7147897673068768,-1.7147897673068768,0
adam,pretrained,246,-1.7148328431872812,-1.7148328431872812,0
adam,pretrained,247,-1.7148697433987052,-1.7148697433987052,0
adam,pretrained,248,-1.7149064136124,-1.7149064136124,0
adam,pretrained,249,-1.714949851073067,-1.714949851073067,0
adam,pretrained,250,-1.7149979337588979,-1.7149979337588979,0
adam,pretrained,251,-1.7150346762197657,-1.7150346762197657,0
adam,pretrained,252,-1.715071129141685,-1.715071129141685,0
adam,pretrained,253,-1.7151153726429738,-1.7151153726429738,0
adam,pretrained,254,-1.715161579629703,-1.715161579629703,0
adam,pretrained,255,-1.7152020264672718,-1.7152020264672718,0
adam,pretrained,256,-1.7152411818137383,-1.7152411818137383,0
adam,pretrained,257,-1.7152834998281343,-1.7152834998281343,0
adam,pretrained,258,-1.7153284812961744,-1.7153284812961744,0
adam,pretrained,259,-1.7153729567414024,-1.7153729567414024,0
adam,pretrained,260,-1.7154134826173133,-1.7154134826173133,0
adam,pretrained,261,-1.7154561704995024,-1.7154561704995024,0
adam,pretrained,262,-1.7155009653200013,-1.7155009653200013,0
adam,pretrained,263,-1.7155458032196558,-1.7155458032196558,0
adam,pretrained,264,-1.7155888382197746,-1.7155888382197746,0
adam,pretrained,265,-1.7156324566788843,-1.7156324566788843,0
adam,pretrained,266,-1.7156775599077012,-1.7156775599077012,0
adam,pretrained,267,-1.7157228234506103,-1.7157228234506103,0
adam,pretrained,268,-1.7157677368447455,-1.7157677368447455,0
adam,pretrained,269,-1.7158121390896974,-1.7158121390896974,0
adam,pretrained,270,-1.7158577981773586,-1.7158577981773586,0
adam,pretrained,271,-1.7159042016428,-1.7159042016428,0
adam,pretrained,272,-1.7159497102477996,-1.7159497102477996,0
adam,pretrained,273,-1.7159954131863557,-1.7159954131863557,0
adam,pretrained,274,-1.7160418481214033,-1.7160418481214033,0
adam,pretrained,275,-1.7160888026072052,-1.7160888026072052,0
adam,pretrained,276,-1.7161352313939078,-1.7161352313939078,0
adam,pretrained,277,-1.7161817944795223,-1.7161817944795223,0
adam,pretrained,278,-1.7162291007531854,-1.7162291007531854,0
adam,pretrained,279,-1.716276452328848,-1.716276452328848,0
adam,pretrained,280,-1.7163238101734875,-1.7163238101734875,0
adam,pretrained,281,-1.7163712975079928,-1.7163712975079928,0
adam,pretrained,282,-1.7164190722659056,-1.7164190722659056,0
adam,pretrained,283,-1.7164670471209675,-1.7164670471209675,0
adam,pretrained,284,-1.7165150131369624,-1.7165150131369624,0
adam,pretrained,285,-1.7165632035133471,-1.7165632035133471,0
adam,pretrained,286,-1.7166115538925644,-1.7166115538925644,0
adam,pretrained,287,-1.7166599471641137,-1.7166599471641137,0
adam,pretrained,288,-1.716708520196343,-1.716708520196343,0
adam,pretrained,289,-1.7167571892949052,-1.7167571892949052,0
adam,pretrained,290,-1.7168059139718614,-1.7168059139718614,0
adam,pretrained,291,-1.716854736667243,-1.716854736667243,0
adam,pretrained,292,-1.7169036987971276,-1.7169036987971276,0
adam,pretrained,293,-1.716952734966693,-1.716952734966693,0
adam,pretrained,294,-1.7170017696712994,-1.7170017696712994,0
adam,pretrained,295,-1.7170508648914353,-1.7170508648914353,0
adam,pretrained,296,-1.7171000692749987,-1.7171000692749987,0
adam,pretrained,297,-1.7171492821998375,-1.7171492821998375,0
adam,pretrained,298,-1.7171985045661184,-1.7171985045661184,0
adam,pretrained,299,-1.7172477520360419,-1.7172477520360419,0
adam,pretrained,300,-1.71729703502196,-1.71729703502196,0
adam,pretrained,301,-1.7173463312856347,-1.7173463312856347,0
adam,pretrained,302,-1.7173955770249467,-1.7173955770249467,0
adam,pretrained,303,-1.7174448265264162,-1.7174448265264162,0
adam,pretrained,304,-1.717494077382856,-1.717494077382856,0
adam,pretrained,305,-1.7175432701136724,-1.7175432701136724,0
adam,pretrained,306,-1.7175924169396903,-1.7175924169396903,0
adam,pretrained,307,-1.7176415314068945,-1.7176415314068945,0
adam,pretrained,308,-1.7176905920546204,-1.7176905920546204,0
adam,pretrained,309,-1.7177395766314925,-1.7177395766314925,0
adam,pretrained,310,-1.7177884755622679,-1.7177884755622679,0
adam,pretrained,311,-1.71783730572223,-1.71783730572223,0
adam,pretrained,312,-1.7178860458129264,-1.7178860458129264,0
adam,pretrained,313,-1.7179346684395254,-1.7179346684395254,0
adam,pretrained,314,-1.7179831902416425,-1.7179831902416425,0
adam,pretrained,315,-1.7180316038883936,-1.7180316038883936,0
adam,pretrained,316,-1.7180798880882366,-1.7180798880882366,0
adam,pretrained,317,-1.718128034873633,-1.718128034873633,0
adam,pretrained,318,-1.7181760444126257,-1.7181760444126257,0
adam,pretrained,319,-1.718223908892655,-1.718223908892655,0
adam,pretrained,320,-1.7182716119618924,-1.7182716119618924,0
adam,pretrained,321,-1.7183191503501722,-1.7183191503501722,0
adam,pretrained,322,-1.7183665235203107,-1.7183665235203107,0
adam,pretrained,323,-1.7184137176870296,-1.7184137176870296,0
adam,pretrained,324,-1.7184607251316562,-1.7184607251316562,0
adam,pretrained,325,-1.7185075432211279,-1.7185075432211279,0
adam,pretrained,326,-1.7185541602286336,-1.7185541602286336,0
adam,pretrained,327,-1.7186005708040208,-1.7186005708040208,0
adam,pretrained,328,-1.7186467715694125,-1.7186467715694125,0
adam,pretrained,329,-1.7186927519009816,-1.7186927519009816,0
adam,pretrained,330,-1.7187385078916606,-1.7187385078916606,0
adam,pretrained,331,-1.7187840351214303,-1.7187840351214303,0
adam,pretrained,332,-1.718829325037148,-1.718829325037148,0
adam,pretrained,333,-1.7188743714106658,-1.7188743714106658,0
adam,pretrained,334,-1.7189191699277975,-1.7189191699277975,0
adam,pretrained,335,-1.718963715194393,-1.718963715194393,0
adam,pretrained,336,-1.7190079999422603,-1.7190079999422603,0
adam,pretrained,337,-1.7190520214580487,-1.7190520214580487,0
adam,pretrained,338,-1.7190957752140528,-1.7190957752140528,0
adam,pretrained,339,-1.7191392547857438,-1.7191392547857438,0
adam,pretrained,340,-1.719182455616047,-1.719182455616047,0
adam,pretrained,341,-1.7192253738951888,-1.7192253738951888,0
adam,pretrained,342,-1.7192680053817078,-1.7192680053817078,0
adam,pretrained,343,-1.7193103451067597,-1.7193103451067597,0
adam,pretrained,344,-1.719352389866987,-1.719352389866987,0
adam,pretrained,345,-1.719394136593139,-1.719394136593139,0
adam,pretrained,346,-1.7194355809085788,-1.7194355809085788,0
adam,pretrained,347,-1.7194767194680471,-1.7194767194680471,0
adam,pretrained,348,-1.7195175489191161,-1.7195175489191161,0
adam,pretrained,349,-1.719558066430181,-1.719558066430181,0
adam,pretrained,350,-1.719598269498406,-1.719598269498406,0
adam,pretrained,351,-1.719638155063017,-1.719638155063017,0
adam,pretrained,352,-1.719677720751152,-1.719677720751152,0
adam,pretrained,353,-1.7197169646642778,-1.7197169646642778,0
adam,pretrained,354,-1.7197558844161986,-1.7197558844161986,0
adam,pretrained,355,-1.7197944777124778,-1.7197944777124778,0
adam,pretrained,356,-1.719832743101369,-1.719832743101369,0
adam,pretrained,357,-1.7198706790594451,-1.7198706790594451,0
adam,pretrained,358,-1.7199082839705222,-1.7199082839705222,0
adam,pretrained,359,-1.7199455564995936,-1.7199455564995936,0
adam,pretrained,360,-1.719982495809152,-1.719982495809152,0
adam,pretrained,361,-1.7200191008367562,-1.7200191008367562,0
adam,pretrained,362,-1.720055370554851,-1.720055370554851,0
adam,pretrained,363,-1.720091304503718,-1.720091304503718,0
adam,pretrained,364,-1.7201269021417447,-1.7201269021417447,0
adam,pretrained,365,-1.7201621630075,-1.7201621630075,0
adam,pretrained,366,-1.7201970870511993,-1.7201970870511993,0
adam,pretrained,367,-1.7202316742245298,-1.7202316742245298,0
adam,pretrained,368,-1.7202659245591156,-1.7202659245591156,0
adam,pretrained,369,-1.720299838194703,-1.720299838194703,0
adam,pretrained,370,-1.720333415454798,-1.720333415454798,0
adam,pretrained,371,-1.7203666568387492,-1.7203666568387492,0
adam,pretrained,372,-1.7203995628446007,-1.7203995628446007,0
adam,pretrained,373,-1.7204321341855335,-1.7204321341855335,0
adam,pretrained,374,-1.7204643717050616,-1.7204643717050616,0
adam,pretrained,375,-1.7204962763066687,-1.7204962763066687,0
adam,pretrained,376,-1.7205278489998026,-1.7205278489998026,0
adam,pretrained,377,-1.720559090860488,-1.720559090860488,0
adam,pretrained,378,-1.7205900031037342,-1.7205900031037342,0
adam,pretrained,379,-1.7206205870014482,-1.7206205870014482,0
adam,pretrained,380,-1.720650843948016,-1.720650843948016,0
adam,pretrained,381,-1.720680775440877,-1.720680775440877,0
adam,pretrained,382,-1.720710383010841,-1.720710383010841,0
adam,pretrained,383,-1.7207396682740543,-1.7207396682740543,0
adam,pretrained,384,-1.7207686329069674,-1.7207686329069674,0
adam,pretrained,385,-1.7207972786544623,-1.7207972786544623,0
adam,pretrained,386,-1.720825607319428,-1.720825607319428,0
adam,pretrained,387,-1.7208536207814809,-1.7208536207814809,0
adam,pretrained,388,-1.720881320975837,-1.720881320975837,0
adam,pretrained,389,-1.7209087098734497,-1.7209087098734497,0
adam,pretrained,390,-1.7209357895004387,-1.7209357895004387,0
adam,pretrained,391,-1.7209625618993405,-1.7209625618993405,0
adam,pretrained,392,-1.7209890291675274,-1.7209890291675274,0
adam,pretrained,393,-1.721015193435405,-1.721015193435405,0
adam,pretrained,394,-1.721041056882502,-1.721041056882502,0
adam,pretrained,395,-1.7210666217136732,-1.7210666217136732,0
adam,pretrained,396,-1.7210918901478505,-1.7210918901478505,0
adam,pretrained,397,-1.7211168644265404,-1.7211168644265404,0
adam,pretrained,398,-1.721141546810007,-1.721141546810007,0
adam,pretrained,399,-1.721165939589285,-1.721165939589285,0
adam,pretrained,400,-1.7211900450629836,-1.7211900450629836,0
adam,pretrained,401,-1.7212138655613056,-1.7212138655613056,0
adam,pretrained,402,-1.7212374034149656,-1.7212374034149656,0
adam,pretrained,403,-1.721260660969647,-1.721260660969647,0
adam,pretrained,404,-1.7212836405704766,-1.7212836405704766,0
adam,pretrained,405,-1.7213063445759405,-1.7213063445759405,0
adam,pretrained,406,-1.7213287753448003,-1.7213287753448003,0
adam,pretrained,407,-1.721350935253265,-1.721350935253265,0
adam,pretrained,408,-1.7213728266750037,-1.7213728266750037,0
adam,pretrained,409,-1.7213944519969266,-1.7213944519969266,0
adam,pretrained,410,-1.7214158135893367,-1.7214158135893367,0
adam,pretrained,411,-1.7214369138343142,-1.7214369138343142,0
adam,pretrained,412,-1.7214577550983254,-1.7214577550983254,0
adam,pretrained,413,-1.7214783397665705,-1.7214783397665705,0
adam,pretrained,414,-1.721498670189688,-1.721498670189688,0
adam,pretrained,415,-1.7215187487399328,-1.7215187487399328,0
adam,pretrained,416,-1.7215385777227719,-1.7215385777227719,0
adam,pretrained,417,-1.7215581594408222,-1.7215581594408222,0
adam,pretrained,418,-1.721577495995223,-1.721577495995223,0
adam,pretrained,419,-1.7215965892982223,-1.7215965892982223,0
adam,pretrained,420,-1.7216154404532842,-1.7216154404532842,0
adam,pretrained,421,-1.7216340491275703,-1.7216340491275703,0
adam,pretrained,422,-1.721652410715794,-1.721652410715794,0
adam,pretrained,423,-1.7216705108709986,-1.7216705108709986,0
adam,pretrained,424,-1.7216883087455626,-1.7216883087455626,0
adam,pretrained,425,-1.7217056961522503,-1.7217056961522503,0
adam,pretrained,426,-1.721722381921696,-1.721722381921696,0
adam,pretrained,427,-1.7217375814881155,-1.7217375814881155,0
adam,pretrained,428,-1.721749135430957,-1.721749135430957,0
adam,pretrained,429,-1.7217510180973778,-1.7217510180973778,0
adam,pretrained,430,-1.7217260897898812,-1.7217260897898812,0
adam,pretrained,431,-1.7216249785054258,-1.7216249785054258,0
adam,pretrained,432,-1.7213037606473716,-1.7213037606473716,0
adam,pretrained,433,-1.7203473541654901,-1.7203473541654901,0
adam,pretrained,434,-1.7176130254745856,-1.7176130254745856,0
adam,pretrained,435,-1.7105554772604996,-1.7105554772604996,0
adam,pretrained,436,-1.6968315845586703,-1.6968315845586703,0
adam,pretrained,437,-1.6862500044887085,-1.6862500044887085,0
adam,pretrained,438,-1.7005652148573112,-1.7005652148573112,0
adam,pretrained,439,-1.7207730920694757,-1.7207730920694757,0
adam,pretrained,440,-1.7124474162714363,-1.7124474162714363,0
adam,pretrained,441,-1.7024407756072477,-1.7024407756072477,0
adam,pretrained,442,-1.71583661394177,-1.71583661394177,0
adam,pretrained,443,-1.7193099457601058,-1.7193099457601058,0
adam,pretrained,444,-1.7093961761605767,-1.7093961761605767,0
adam,pretrained,445,-1.7157984404054363,-1.7157984404054363,0
adam,pretrained,446,-1.7204189874039517,-1.7204189874039517,0
adam,pretrained,447,-1.7135785501036152,-1.7135785501036152,0
adam,pretrained,448,-1.7174585272588958,-1.7174585272588958,0
adam,pretrained,449,-1.7206690110783742,-1.7206690110783742,0
adam,pretrained,450,-1.7159150744924518,-1.7159150744924518,0
adam,pretrained,451,-1.719108777900406,-1.719108777900406,0
adam,pretrained,452,-1.7207159022886052,-1.7207159022886052,0
adam,pretrained,453,-1.7174817445072512,-1.7174817445072512,0
adam,pretrained,454,-1.72030910888913,-1.72030910888913,0
adam,pretrained,455,-1.7207234757714893,-1.7207234757714893,0
adam,pretrained,456,-1.7187120498433477,-1.7187120498433477,0
adam,pretrained,457,-1.7210789338219683,-1.7210789338219683,0
adam,pretrained,458,-1.7207925808170301,-1.7207925808170301,0
adam,pretrained,459,-1.7196869924568752,-1.7196869924568752,0
adam,pretrained,460,-1.7215992326254355,-1.7215992326254355,0
adam,pretrained,461,-1.7208636705945037,-1.7208636705945037,0
adam,pretrained,462,-1.7205174368633707,-1.7205174368633707,0
adam,pretrained,463,-1.721892166283224,-1.721892166283224,0
adam,pretrained,464,-1.7209750914216582,-1.7209750914216582,0
adam,pretrained,465,-1.7211908095395654,-1.7211908095395654,0
adam,pretrained,466,-1.7220006266125758,-1.7220006266125758,0
adam,pretrained,467,-1.7211448727155891,-1.7211448727155891,0
adam,pretrained,468,-1.7216806849325057,-1.7216806849325057,0
adam,pretrained,469,-1.7220003615936488,-1.7220003615936488,0
adam,pretrained,470,-1.7213643800439171,-1.7213643800439171,0
adam,pretrained,471,-1.7219918206450084,-1.7219918206450084,0
adam,pretrained,472,-1.7219635863546658,-1.7219635863546658,0
adam,pretrained,473,-1.7216044169337243,-1.7216044169337243,0
adam,pretrained,474,-1.7221572214587435,-1.7221572214587435,0
adam,pretrained,475,-1.7219493633058653,-1.7219493633058653,0
adam,pretrained,476,-1.7218259764284087,-1.7218259764284087,0
adam,pretrained,477,-1.7222318521240676,-1.7222318521240676,0
adam,pretrained,478,-1.721974680375507,-1.721974680375507,0
adam,pretrained,479,-1.722000799148936,-1.722000799148936,0
adam,pretrained,480,-1.722262018777071,-1.722262018777071,0
adam,pretrained,481,-1.7220330770459542,-1.7220330770459542,0
adam,pretrained,482,-1.7221247265917388,-1.7221247265917388,0
adam,pretrained,483,-1.722278000319822,-1.722278000319822,0
adam,pretrained,484,-1.7221072121899315,-1.7221072121899315,0
adam,pretrained,485,-1.722206617037113,-1.722206617037113,0
adam,pretrained,486,-1.7222960128380487,-1.7222960128380487,0
adam,pretrained,487,-1.7221781002084358,-1.7221781002084358,0
adam,pretrained,488,-1.7222624526025505,-1.7222624526025505,0
adam,pretrained,489,-1.7223189725524275,-1.7223189725524275,0
adam,pretrained,490,-1.7222392918035232,-1.7222392918035232,0
adam,pretrained,491,-1.7223024243254466,-1.7223024243254466,0
adam,pretrained,492,-1.7223451119676843,-1.7223451119676843,0
adam,pretrained,493,-1.722291250026656,-1.722291250026656,0
adam,pretrained,494,-1.722332874302704,-1.722332874302704,0
adam,pretrained,495,-1.7223716670819822,-1.7223716670819822,0
adam,pretrained,496,-1.722335172419001,-1.722335172419001,0
adam,pretrained,497,-1.7223593928059742,-1.7223593928059742,0
adam,pretrained,498,-1.7223961514661132,-1.7223961514661132,0
adam,pretrained,499,-1.7223725002563965,-1.7223725002563965,0
adam,pretrained,500,-1.7223841415733137,-1.7223841415733137,0
adam,pretrained,501,-1.7224183428120186,-1.7224183428120186,0
adam,pretrained,502,-1.7224050440644283,-1.7224050440644283,0
adam,pretrained,503,-1.7224074388416337,-1.7224074388416337,0
adam,pretrained,504,-1.7224382618119767,-1.7224382618119767,0
adam,pretrained,505,-1.7224339193488993,-1.7224339193488993,0
adam,pretrained,506,-1.722430487189883,-1.722430487189883,0
adam,pretrained,507,-1.7224556137233582,-1.7224556137233582,0
adam,pretrained,508,-1.7224593947244657,-1.7224593947244657,0
adam,pretrained,509,-1.7224536776659847,-1.7224536776659847,0
adam,pretrained,510,-1.72247165953118,-1.72247165953118,0
adam,pretrained,511,-1.7224813316187146,-1.7224813316187146,0
adam,pretrained,512,-1.7224765941144131,-1.7224765941144131,0
adam,pretrained,513,-1.7224874718123304,-1.7224874718123304,0
adam,pretrained,514,-1.7225000579608942,-1.7225000579608942,0
adam,pretrained,515,-1.7224987692080693,-1.7224987692080693,0
adam,pretrained,516,-1.7225038722020183,-1.7225038722020183,0
adam,pretrained,517,-1.722516034657587,-1.722516034657587,0
adam,pretrained,518,-1.7225193062409638,-1.7225193062409638,0
adam,pretrained,519,-1.7225213953688179,-1.7225213953688179,0
adam,pretrained,520,-1.7225306127123767,-1.7225306127123767,0
adam,pretrained,521,-1.7225373177161283,-1.7225373177161283,0
adam,pretrained,522,-1.7225394704754484,-1.7225394704754484,0
adam,pretrained,523,-1.7225452225410645,-1.7225452225410645,0
adam,pretrained,524,-1.7225529451230333,-1.7225529451230333,0
adam,pretrained,525,-1.7225570450066154,-1.7225570450066154,0
adam,pretrained,526,-1.722560591106041,-1.722560591106041,0
adam,pretrained,527,-1.7225670733168044,-1.7225670733168044,0
adam,pretrained,528,-1.7225730328216375,-1.7225730328216375,0
adam,pretrained,529,-1.7225765857084379,-1.7225765857084379,0
adam,pretrained,530,-1.7225810838135776,-1.7225810838135776,0
adam,pretrained,531,-1.7225872444370758,-1.7225872444370758,0
adam,pretrained,532,-1.7225920644403003,-1.7225920644403003,0
adam,pretrained,533,-1.7225956698113545,-1.7225956698113545,0
adam,pretrained,534,-1.7226006323525387,-1.7226006323525387,0
adam,pretrained,535,-1.7226062140050244,-1.7226062140050244,0
adam,pretrained,536,-1.7226103650079334,-1.7226103650079334,0
adam,pretrained,537,-1.7226142366869301,-1.7226142366869301,0
adam,pretrained,538,-1.7226192693116158,-1.7226192693116158,0
adam,pretrained,539,-1.7226242048521188,-1.7226242048521188,0
adam,pretrained,540,-1.722628133738693,-1.722628133738693,0
adam,pretrained,541,-1.7226322345749827,-1.7226322345749827,0
adam,pretrained,542,-1.722637030237279,-1.722637030237279,0
adam,pretrained,543,-1.7226415230278977,-1.7226415230278977,0
adam,pretrained,544,-1.7226454420980222,-1.7226454420980222,0
adam,pretrained,545,-1.7226495716534118,-1.7226495716534118,0
adam,pretrained,546,-1.7226540608328709,-1.7226540608328709,0
adam,pretrained,547,-1.7226583320261846,-1.7226583320261846,0
adam,pretrained,548,-1.7226622713713158,-1.7226622713713158,0
adam,pretrained,549,-1.7226662993110766,-1.7226662993110766,0
adam,pretrained,550,-1.7226705353404703,-1.7226705353404703,0
adam,pretrained,551,-1.722674683240816,-1.722674683240816,0
adam,pretrained,552,-1.722678602036757,-1.722678602036757,0
adam,pretrained,553,-1.7226825043072418,-1.7226825043072418,0
adam,pretrained,554,-1.7226865542595968,-1.7226865542595968,0
adam,pretrained,555,-1.7226906014274057,-1.7226906014274057,0
adam,pretrained,556,-1.7226944764759569,-1.7226944764759569,0
adam,pretrained,557,-1.7226982803279858,-1.7226982803279858,0
adam,pretrained,558,-1.7227021773999074,-1.7227021773999074,0
adam,pretrained,559,-1.7227061137761448,-1.7227061137761448,0
adam,pretrained,560,-1.722709940635799,-1.722709940635799,0
adam,pretrained,561,-1.722713676357256,-1.722713676357256,0
adam,pretrained,562,-1.722717448820857,-1.722717448820857,0
adam,pretrained,563,-1.7227212686316762,-1.7227212686316762,0
adam,pretrained,564,-1.7227250404292689,-1.7227250404292689,0
adam,pretrained,565,-1.7227287339166009,-1.7227287339166009,0
adam,pretrained,566,-1.7227324122080012,-1.7227324122080012,0
adam,pretrained,567,-1.722736117149246,-1.722736117149246,0
adam,pretrained,568,-1.722739818326334,-1.722739818326334,0
adam,pretrained,569,-1.7227434759705385,-1.7227434759705385,0
adam,pretrained,570,-1.7227470947024495,-1.7227470947024495,0
adam,pretrained,571,-1.722750705644015,-1.722750705644015,0
adam,pretrained,572,-1.7227543234220226,-1.7227543234220226,0
adam,pretrained,573,-1.7227579327574398,-1.7227579327574398,0
adam,pretrained,574,-1.7227615126412783,-1.7227615126412783,0
adam,pretrained,575,-1.722765063623473,-1.722765063623473,0
adam,pretrained,576,-1.7227686053199314,-1.7227686053199314,0
adam,pretrained,577,-1.7227721498448625,-1.7227721498448625,0
adam,pretrained,578,-1.7227756868479402,-1.7227756868479402,0
adam,pretrained,579,-1.7227792008726337,-1.7227792008726337,0
adam,pretrained,580,-1.722782692777777,-1.722782692777777,0
adam,pretrained,581,-1.7227861755313811,-1.7227861755313811,0
adam,pretrained,582,-1.7227896565143288,-1.7227896565143288,0
adam,pretrained,583,-1.7227931302028907,-1.7227931302028907,0
adam,pretrained,584,-1.7227965884395668,-1.7227965884395668,0
adam,pretrained,585,-1.7228000300585626,-1.7228000300585626,0
adam,pretrained,586,-1.7228034597538626,-1.7228034597538626,0
adam,pretrained,587,-1.722806880851801,-1.722806880851801,0
adam,pretrained,588,-1.722810291706876,-1.722810291706876,0
adam,pretrained,589,-1.7228136861923211,-1.7228136861923211,0
adam,pretrained,590,-1.7228170552731426,-1.7228170552731426,0
adam,pretrained,591,-1.7228203858452145,-1.7228203858452145,0
adam,pretrained,592,-1.7228236561358041,-1.7228236561358041,0
adam,pretrained,593,-1.72282682152436,-1.72282682152436,0
adam,pretrained,594,-1.722829791011314,-1.722829791011314,0
adam,pretrained,595,-1.7228323773780494,-1.7228323773780494,0
adam,pretrained,596,-1.7228342045252876,-1.7228342045252876,0
adam,pretrained,597,-1.722834494802303,-1.722834494802303,0
adam,pretrained,598,-1.7228316330480364,-1.7228316330480364,0
adam,pretrained,599,-1.722822166382114,-1.722822166382114,0
adam,pretrained,600,-1.7227987290969933,-1.7227987290969933,0
adam,pretrained,601,-1.7227451368953723,-1.7227451368953723,0
adam,pretrained,602,-1.7226264406304768,-1.7226264406304768,0
adam,pretrained,603,-1.7223645019141436,-1.7223645019141436,0
adam,pretrained,604,-1.7217955909154727,-1.7217955909154727,0
adam,pretrained,605,-1.7205678280865502,-1.7205678280865502,0
adam,pretrained,606,-1.7180958990660629,-1.7180958990660629,0
adam,pretrained,607,-1.713502959027924,-1.713502959027924,0
adam,pretrained,608,-1.7072360152688595,-1.7072360152688595,0
adam,pretrained,609,-1.7015601308904393,-1.7015601308904393,0
adam,pretrained,610,-1.7044917580993857,-1.7044917580993857,0
adam,pretrained,611,-1.713312631750179,-1.713312631750179,0
adam,pretrained,612,-1.7207459689321492,-1.7207459689321492,0
adam,pretrained,613,-1.7193105950577332,-1.7193105950577332,0
adam,pretrained,614,-1.7146016671700972,-1.7146016671700972,0
adam,pretrained,615,-1.715505537277621,-1.715505537277621,0
adam,pretrained,616,-1.7193202677024444,-1.7193202677024444,0
adam,pretrained,617,-1.719995200125595,-1.719995200125595,0
adam,pretrained,618,-1.718012666055886,-1.718012666055886,0
adam,pretrained,619,-1.7186698788407226,-1.7186698788407226,0
adam,pretrained,620,-1.7214306743302994,-1.7214306743302994,0
adam,pretrained,621,-1.7209109752027694,-1.7209109752027694,0
adam,pretrained,622,-1.718791334959262,-1.718791334959262,0
adam,pretrained,623,-1.7199978481498561,-1.7199978481498561,0
adam,pretrained,624,-1.722356581238408,-1.722356581238408,0
adam,pretrained,625,-1.7217690607845222,-1.7217690607845222,0
adam,pretrained,626,-1.7202840683464415,-1.7202840683464415,0
adam,pretrained,627,-1.7210105903872115,-1.7210105903872115,0
adam,pretrained,628,-1.7222449207604142,-1.7222449207604142,0
adam,pretrained,629,-1.7219328089836796,-1.7219328089836796,0
adam,pretrained,630,-1.7215024899442568,-1.7215024899442568,0
adam,pretrained,631,-1.722023179431087,-1.722023179431087,0
adam,pretrained,632,-1.7222147785853763,-1.7222147785853763,0
adam,pretrained,633,-1.7218469602752478,-1.7218469602752478,0
adam,pretrained,634,-1.7220968599805737,-1.7220968599805737,0
adam,pretrained,635,-1.7226512424487959,-1.7226512424487959,0
adam,pretrained,636,-1.7224734440943947,-1.7224734440943947,0
adam,pretrained,637,-1.7220575743454443,-1.7220575743454443,0
adam,pretrained,638,-1.7223134233651656,-1.7223134233651656,0
adam,pretrained,639,-1.722769496184215,-1.722769496184215,0
adam,pretrained,640,-1.7226398294681193,-1.7226398294681193,0
adam,pretrained,641,-1.722398352350548,-1.722398352350548,0
adam,pretrained,642,-1.7225931242086916,-1.7225931242086916,0
adam,pretrained,643,-1.7227819908518391,-1.7227819908518391,0
adam,pretrained,644,-1.7226397454183415,-1.7226397454183415,0
adam,pretrained,645,-1.7225797293203433,-1.7225797293203433,0
adam,pretrained,646,-1.7228035083254223,-1.7228035083254223,0
adam,pretrained,647,-1.7229046583015468,-1.7229046583015468,0
adam,pretrained,648,-1.7227265844247086,-1.7227265844247086,0
adam,pretrained,649,-1.7226536443080316,-1.7226536443080316,0
adam,pretrained,650,-1.722830864515682,-1.722830864515682,0
adam,pretrained,651,-1.7229345206251265,-1.7229345206251265,0
adam,pretrained,652,-1.7228485612529219,-1.7228485612529219,0
adam,pretrained,653,-1.7228088517229574,-1.7228088517229574,0
adam,pretrained,654,-1.7228894964507042,-1.7228894964507042,0
adam,pretrained,655,-1.7229208381155932,-1.7229208381155932,0
adam,pretrained,656,-1.7228668202688981,-1.7228668202688981,0
adam,pretrained,657,-1.7228679218890601,-1.7228679218890601,0
adam,pretrained,658,-1.722945941064858,-1.722945941064858,0
adam,pretrained,659,-1.7229746250522067,-1.7229746250522067,0
adam,pretrained,660,-1.7229321181649744,-1.7229321181649744,0
adam,pretrained,661,-1.7229172102116856,-1.7229172102116856,0
adam,pretrained,662,-1.722954354890318,-1.722954354890318,0
adam,pretrained,663,-1.7229748464626633,-1.7229748464626633,0
adam,pretrained,664,-1.7229573821672164,-1.7229573821672164,0
adam,pretrained,665,-1.72295610317696,-1.72295610317696,0
adam,pretrained,666,-1.7229900626220513,-1.7229900626220513,0
adam,pretrained,667,-1.7230129730836117,-1.7230129730836117,0
adam,pretrained,668,-1.7230003225995834,-1.7230003225995834,0
adam,pretrained,669,-1.7229859312015954,-1.7229859312015954,0
adam,pretrained,670,-1.722997496326613,-1.722997496326613,0
adam,pretrained,671,-1.723015225385939,-1.723015225385939,0
adam,pretrained,672,-1.7230154901376753,-1.7230154901376753,0
adam,pretrained,673,-1.7230096542764985,-1.7230096542764985,0
adam,pretrained,674,-1.7230179331597066,-1.7230179331597066,0
adam,pretrained,675,-1.7230342032282662,-1.7230342032282662,0
adam,pretrained,676,-1.7230412533458437,-1.7230412533458437,0
adam,pretrained,677,-1.7230395234732834,-1.7230395234732834,0
adam,pretrained,678,-1.7230423721344224,-1.7230423721344224,0
adam,pretrained,679,-1.723052188346675,-1.723052188346675,0
adam,pretrained,680,-1.7230583042594643,-1.7230583042594643,0
adam,pretrained,681,-1.723056724706184,-1.723056724706184,0
adam,pretrained,682,-1.7230558066570276,-1.7230558066570276,0
adam,pretrained,683,-1.7230614017786452,-1.7230614017786452,0
adam,pretrained,684,-1.723068213260621,-1.723068213260621,0
adam,pretrained,685,-1.7230698979081696,-1.7230698979081696,0
adam,pretrained,686,-1.7230684513065515,-1.7230684513065515,0
adam,pretrained,687,-1.7230693278488434,-1.7230693278488434,0
adam,pretrained,688,-1.7230725947666532,-1.7230725947666532,0
adam,pretrained,689,-1.7230737971328147,-1.7230737971328147,0
adam,pretrained,690,-1.7230703270192518,-1.7230703270192518,0
adam,pretrained,691,-1.7230634609400806,-1.7230634609400806,0
adam,pretrained,692,-1.7230536566626142,-1.7230536566626142,0
adam,pretrained,693,-1.7230365206493798,-1.7230365206493798,0
adam,pretrained,694,-1.7230039194232663,-1.7230039194232663,0
adam,pretrained,695,-1.7229457391578584,-1.7229457391578584,0
adam,pretrained,696,-1.7228449569814923,-1.7228449569814923,0
adam,pretrained,697,-1.7226707838357331,-1.7226707838357331,0
adam,pretrained,698,-1.7223594986420006,-1.7223594986420006,0
adam,pretrained,699,-1.721805819311071,-1.721805819311071,0
adam,pretrained,700,-1.7208085547150413,-1.7208085547150413,0
adam,pretrained,701,-1.7190721467898273,-1.7190721467898273,0
adam,pretrained,702,-1.7160985620152918,-1.7160985620152918,0
adam,pretrained,703,-1.7116115506247291,-1.7116115506247291,0
adam,pretrained,704,-1.705688073911998,-1.705688073911998,0
adam,pretrained,705,-1.7013229166124366,-1.7013229166124366,0
adam,pretrained,706,-1.7018278714173736,-1.7018278714173736,0
adam,pretrained,707,-1.7103207058699648,-1.7103207058699648,0
adam,pretrained,708,-1.7195734476400344,-1.7195734476400344,0
adam,pretrained,709,-1.7221016918723615,-1.7221016918723615,0
adam,pretrained,710,-1.7177939191416496,-1.7177939191416496,0
adam,pretrained,711,-1.714088744332614,-1.714088744332614,0
adam,pretrained,712,-1.7166430012332363,-1.7166430012332363,0
adam,pretrained,713,-1.7208647917272946,-1.7208647917272946,0
adam,pretrained,714,-1.7211090099625241,-1.7211090099625241,0
adam,pretrained,715,-1.7189092521239113,-1.7189092521239113,0
adam,pretrained,716,-1.7191206609271759,-1.7191206609271759,0
adam,pretrained,717,-1.721500314708972,-1.721500314708972,0
adam,pretrained,718,-1.7216378230095097,-1.7216378230095097,0
adam,pretrained,719,-1.7201010918256028,-1.7201010918256028,0
adam,pretrained,720,-1.7206250874185152,-1.7206250874185152,0
adam,pretrained,721,-1.7223348995369965,-1.7223348995369965,0
adam,pretrained,722,-1.722222604309531,-1.722222604309531,0
adam,pretrained,723,-1.7210686522612018,-1.7210686522612018,0
adam,pretrained,724,-1.7214513490010939,-1.7214513490010939,0
adam,pretrained,725,-1.7226306011646015,-1.7226306011646015,0
adam,pretrained,726,-1.722424249699324,-1.722424249699324,0
adam,pretrained,727,-1.7217354081947938,-1.7217354081947938,0
adam,pretrained,728,-1.72219278503201,-1.72219278503201,0
adam,pretrained,729,-1.7228657200405222,-1.7228657200405222,0
adam,pretrained,730,-1.7225510066979068,-1.7225510066979068,0
adam,pretrained,731,-1.7221180095289845,-1.7221180095289845,0
adam,pretrained,732,-1.7225374009275813,-1.7225374009275813,0
adam,pretrained,733,-1.7230211287407795,-1.7230211287407795,0
adam,pretrained,734,-1.7228045262488247,-1.7228045262488247,0
adam,pretrained,735,-1.7224884312352475,-1.7224884312352475,0
adam,pretrained,736,-1.722675636026651,-1.722675636026651,0
adam,pretrained,737,-1.7229760865494064,-1.7229760865494064,0
adam,pretrained,738,-1.7229365358182556,-1.7229365358182556,0
adam,pretrained,739,-1.7228187154604975,-1.7228187154604975,0
adam,pretrained,740,-1.722890322097679,-1.722890322097679,0
adam,pretrained,741,-1.7229837071632035,-1.7229837071632035,0
adam,pretrained,742,-1.7229497248515415,-1.7229497248515415,0
adam,pretrained,743,-1.722925607175202,-1.722925607175202,0
adam,pretrained,744,-1.7230186456296939,-1.7230186456296939,0
adam,pretrained,745,-1.7230920331209039,-1.7230920331209039,0
adam,pretrained,746,-1.7230526704911329,-1.7230526704911329,0
adam,pretrained,747,-1.7229989588391963,-1.7229989588391963,0
adam,pretrained,748,-1.7230329699661207,-1.7230329699661207,0
adam,pretrained,749,-1.723110719254178,-1.723110719254178,0
adam,pretrained,750,-1.7231308549062028,-1.7231308549062028,0
adam,pretrained,751,-1.723095871121101,-1.723095871121101,0
adam,pretrained,752,-1.7230855639919427,-1.7230855639919427,0
adam,pretrained,753,-1.723128722933242,-1.723128722933242,0
adam,pretrained,754,-1.7231669585648417,-1.7231669585648417,0
adam,pretrained,755,-1.7231551855737732,-1.7231551855737732,0
adam,pretrained,756,-1.7231279442199963,-1.7231279442199963,0
adam,pretrained,757,-1.7231390391691677,-1.7231390391691677,0
adam,pretrained,758,-1.7231774285985384,-1.7231774285985384,0
adam,pretrained,759,-1.723195560863588,-1.723195560863588,0
adam,pretrained,760,-1.7231854389412815,-1.7231854389412815,0
adam,pretrained,761,-1.7231807123128815,-1.7231807123128815,0
adam,pretrained,762,-1.7231961825414654,-1.7231961825414654,0
adam,pretrained,763,-1.7232092910251011,-1.7232092910251011,0
adam,pretrained,764,-1.7232052953820338,-1.7232052953820338,0
adam,pretrained,765,-1.7232009991162853,-1.7232009991162853,0
adam,pretrained,766,-1.7232128221259444,-1.7232128221259444,0
adam,pretrained,767,-1.7232296963442768,-1.7232296963442768,0
adam,pretrained,768,-1.7232331916323558,-1.7232331916323558,0
adam,pretrained,769,-1.7232278595945458,-1.7232278595945458,0
adam,pretrained,770,-1.7232313459366242,-1.7232313459366242,0
adam,pretrained,771,-1.723245942855116,-1.723245942855116,0
adam,pretrained,772,-1.72325681927035,-1.72325681927035,0
adam,pretrained,773,-1.7232556854032621,-1.7232556854032621,0
adam,pretrained,774,-1.7232515002383881,-1.7232515002383881,0
adam,pretrained,775,-1.72325498150827,-1.72325498150827,0
adam,pretrained,776,-1.723264588961251,-1.723264588961251,0
adam,pretrained,777,-1.7232713349556703,-1.7232713349556703,0
adam,pretrained,778,-1.723272205197008,-1.723272205197008,0
adam,pretrained,779,-1.723271923035773,-1.723271923035773,0
adam,pretrained,780,-1.7232747791667355,-1.7232747791667355,0
adam,pretrained,781,-1.7232796002748163,-1.7232796002748163,0
adam,pretrained,782,-1.7232830636329006,-1.7232830636329006,0
adam,pretrained,783,-1.723284295929279,-1.723284295929279,0
adam,pretrained,784,-1.7232842952844363,-1.7232842952844363,0
adam,pretrained,785,-1.723283509062878,-1.723283509062878,0
adam,pretrained,786,-1.7232805999102236,-1.7232805999102236,0
adam,pretrained,787,-1.7232738931489149,-1.7232738931489149,0
adam,pretrained,788,-1.7232608140849897,-1.7232608140849897,0
adam,pretrained,789,-1.7232373150611218,-1.7232373150611218,0
adam,pretrained,790,-1.7231949751594613,-1.7231949751594613,0
adam,pretrained,791,-1.7231215365257928,-1.7231215365257928,0
adam,pretrained,792,-1.7229910365260785,-1.7229910365260785,0
adam,pretrained,793,-1.7227662376754187,-1.7227662376754187,0
adam,pretrained,794,-1.7223564665493813,-1.7223564665493813,0
adam,pretrained,795,-1.7216533585544773,-1.7216533585544773,0
adam,pretrained,796,-1.7203645279135142,-1.7203645279135142,0
adam,pretrained,797,-1.7183061483573303,-1.7183061483573303,0
adam,pretrained,798,-1.7147855935574203,-1.7147855935574203,0
adam,pretrained,799,-1.7105676771399194,-1.7105676771399194,0
adam,pretrained,800,-1.7054150995056678,-1.7054150995056678,0
adam,pretrained,801,-1.7048394967341658,-1.7048394967341658,0
adam,pretrained,802,-1.7081671195339863,-1.7081671195339863,0
adam,pretrained,803,-1.7168271662041787,-1.7168271662041787,0
adam,pretrained,804,-1.7226531846799145,-1.7226531846799145,0
adam,pretrained,805,-1.7221099245065628,-1.7221099245065628,0
adam,pretrained,806,-1.717623462649689,-1.717623462649689,0
adam,pretrained,807,-1.7149975584551325,-1.7149975584551325,0
adam,pretrained,808,-1.718070930394914,-1.718070930394914,0
adam,pretrained,809,-1.722252910993605,-1.722252910993605,0
adam,pretrained,810,-1.7228797014704318,-1.7228797014704318,0
adam,pretrained,811,-1.7202743720472444,-1.7202743720472444,0
adam,pretrained,812,-1.7187709971531577,-1.7187709971531577,0
adam,pretrained,813,-1.7207239994473678,-1.7207239994473678,0
adam,pretrained,814,-1.722983204876487,-1.722983204876487,0
adam,pretrained,815,-1.7227117009085327,-1.7227117009085327,0
adam,pretrained,816,-1.7210430758843058,-1.7210430758843058,0
adam,pretrained,817,-1.7208167597708854,-1.7208167597708854,0
adam,pretrained,818,-1.7223722067957414,-1.7223722067957414,0
adam,pretrained,819,-1.7232619943454865,-1.7232619943454865,0
adam,pretrained,820,-1.7225124812718333,-1.7225124812718333,0
adam,pretrained,821,-1.7216941173170535,-1.7216941173170535,0
adam,pretrained,822,-1.7221423864851022,-1.7221423864851022,0
adam,pretrained,823,-1.7231122125022604,-1.7231122125022604,0
adam,pretrained,824,-1.723186521024971,-1.723186521024971,0
adam,pretrained,825,-1.7225318430563255,-1.7225318430563255,0
adam,pretrained,826,-1.7223386235888047,-1.7223386235888047,0
adam,pretrained,827,-1.7228779661390703,-1.7228779661390703,0
adam,pretrained,828,-1.7233217260761826,-1.7233217260761826,0
adam,pretrained,829,-1.7231224217678451,-1.7231224217678451,0
adam,pretrained,830,-1.7227400208416088,-1.7227400208416088,0
adam,pretrained,831,-1.7228009518223275,-1.7228009518223275,0
adam,pretrained,832,-1.7231858537006595,-1.7231858537006595,0
adam,pretrained,833,-1.723362453622712,-1.723362453622712,0
adam,pretrained,834,-1.7231691717998676,-1.7231691717998676,0
adam,pretrained,835,-1.7229681393650242,-1.7229681393650242,0
adam,pretrained,836,-1.7230662335831524,-1.7230662335831524,0
adam,pretrained,837,-1.723305474156905,-1.723305474156905,0
adam,pretrained,838,-1.7233794067025892,-1.7233794067025892,0
adam,pretrained,839,-1.7232520755471958,-1.7232520755471958,0
adam,pretrained,840,-1.723147053609611,-1.723147053609611,0
adam,pretrained,841,-1.7232138173286629,-1.7232138173286629,0
adam,pretrained,842,-1.723353820431349,-1.723353820431349,0
adam,pretrained,843,-1.7234029210574253,-1.7234029210574253,0
adam,pretrained,844,-1.7233366501944574,-1.7233366501944574,0
adam,pretrained,845,-1.7232689119479843,-1.7232689119479843,0
adam,pretrained,846,-1.7232936497883473,-1.7232936497883473,0
adam,pretrained,847,-1.723378274218622,-1.723378274218622,0
adam,pretrained,848,-1.723429757009248,-1.723429757009248,0
adam,pretrained,849,-1.723408338367167,-1.723408338367167,0
adam,pretrained,850,-1.7233607251334644,-1.7233607251334644,0
adam,pretrained,851,-1.7233515981817045,-1.7233515981817045,0
adam,pretrained,852,-1.7233912600163201,-1.7233912600163201,0
adam,pretrained,853,-1.7234390994787745,-1.7234390994787745,0
adam,pretrained,854,-1.7234541296863537,-1.7234541296863537,0
adam,pretrained,855,-1.7234357568333443,-1.7234357568333443,0
adam,pretrained,856,-1.7234142333905056,-1.7234142333905056,0
adam,pretrained,857,-1.7234154585561883,-1.7234154585561883,0
adam,pretrained,858,-1.7234399171254964,-1.7234399171254964,0
adam,pretrained,859,-1.7234670930896923,-1.7234670930896923,0
adam,pretrained,860,-1.7234784007590767,-1.7234784007590767,0
adam,pretrained,861,-1.7234723074023368,-1.7234723074023368,0
adam,pretrained,862,-1.7234618979401963,-1.7234618979401963,0
adam,pretrained,863,-1.7234606855616126,-1.7234606855616126,0
adam,pretrained,864,-1.723471590966855,-1.723471590966855,0
adam,pretrained,865,-1.7234879279948654,-1.7234879279948654,0
adam,pretrained,866,-1.7235004361087385,-1.7235004361087385,0
adam,pretrained,867,-1.7235046033110786,-1.7235046033110786,0
adam,pretrained,868,-1.723502404533507,-1.723502404533507,0
adam,pretrained,869,-1.72349957965674,-1.72349957965674,0
adam,pretrained,870,-1.7235010355573834,-1.7235010355573834,0
adam,pretrained,871,-1.7235076992889862,-1.7235076992889862,0
adam,pretrained,872,-1.7235171161413083,-1.7235171161413083,0
adam,pretrained,873,-1.7235256692830039,-1.7235256692830039,0
adam,pretrained,874,-1.7235309092303333,-1.7235309092303333,0
adam,pretrained,875,-1.7235322640032082,-1.7235322640032082,0
adam,pretrained,876,-1.723530506121063,-1.723530506121063,0
adam,pretrained,877,-1.7235263108517573,-1.7235263108517573,0
adam,pretrained,878,-1.7235186489480914,-1.7235186489480914,0
adam,pretrained,879,-1.7235023783659167,-1.7235023783659167,0
adam,pretrained,880,-1.7234658318807448,-1.7234658318807448,0
adam,pretrained,881,-1.7233821223680823,-1.7233821223680823,0
adam,pretrained,882,-1.7231976838827572,-1.7231976838827572,0
adam,pretrained,883,-1.7227831045862072,-1.7227831045862072,0
adam,pretrained,884,-1.7218869991392205,-1.7218869991392205,0
adam,pretrained,885,-1.7198533799694353,-1.7198533799694353,0
adam,pretrained,886,-1.7156576371121264,-1.7156576371121264,0
adam,pretrained,887,-1.7065287535695572,-1.7065287535695572,0
adam,pretrained,888,-1.6923276545501729,-1.6923276545501729,0
adam,pretrained,889,-1.671712977592556,-1.671712977592556,0
adam,pretrained,890,-1.6728488477283836,-1.6728488477283836,0
adam,pretrained,891,-1.6939339986423991,-1.6939339986423991,0
adam,pretrained,892,-1.71845892240866,-1.71845892240866,0
adam,pretrained,893,-1.7120254209902843,-1.7120254209902843,0
adam,pretrained,894,-1.69885476483684,-1.69885476483684,0
adam,pretrained,895,-1.7115272483427477,-1.7115272483427477,0
adam,pretrained,896,-1.7197963597255324,-1.7197963597255324,0
adam,pretrained,897,-1.7093943357059511,-1.7093943357059511,0
adam,pretrained,898,-1.7114008123873266,-1.7114008123873266,0
adam,pretrained,899,-1.7212115424239767,-1.7212115424239767,0
adam,pretrained,900,-1.7172774622935496,-1.7172774622935496,0
adam,pretrained,901,-1.715138356781578,-1.715138356781578,0
adam,pretrained,902,-1.7195466574303238,-1.7195466574303238,0
adam,pretrained,903,-1.7190070826655268,-1.7190070826655268,0
adam,pretrained,904,-1.7194339691392049,-1.7194339691392049,0
adam,pretrained,905,-1.7205425700473966,-1.7205425700473966,0
adam,pretrained,906,-1.719355382056445,-1.719355382056445,0
adam,pretrained,907,-1.720900656004998,-1.720900656004998,0
adam,pretrained,908,-1.7212741139909713,-1.7212741139909713,0
adam,pretrained,909,-1.7205200814062123,-1.7205200814062123,0
adam,pretrained,910,-1.7219014299340745,-1.7219014299340745,0
adam,pretrained,911,-1.7214946883089088,-1.7214946883089088,0
adam,pretrained,912,-1.7211117678930188,-1.7211117678930188,0
adam,pretrained,913,-1.7225160417304892,-1.7225160417304892,0
adam,pretrained,914,-1.7222146716726072,-1.7222146716726072,0
adam,pretrained,915,-1.721535053586583,-1.721535053586583,0
adam,pretrained,916,-1.7225212529657203,-1.7225212529657203,0
adam,pretrained,917,-1.7227807984037196,-1.7227807984037196,0
adam,pretrained,918,-1.7221068833487796,-1.7221068833487796,0
adam,pretrained,919,-1.7226488842746304,-1.7226488842746304,0
adam,pretrained,920,-1.722950575177203,-1.722950575177203,0
adam,pretrained,921,-1.7224445880916028,-1.7224445880916028,0
adam,pretrained,922,-1.7229545250731995,-1.7229545250731995,0
adam,pretrained,923,-1.7230926086043536,-1.7230926086043536,0
adam,pretrained,924,-1.7226539711433515,-1.7226539711433515,0
adam,pretrained,925,-1.7231125907407028,-1.7231125907407028,0
adam,pretrained,926,-1.7231646012967805,-1.7231646012967805,0
adam,pretrained,927,-1.722954524274553,-1.722954524274553,0
adam,pretrained,928,-1.7232136527100028,-1.7232136527100028,0
adam,pretrained,929,-1.7231236421785638,-1.7231236421785638,0
adam,pretrained,930,-1.7231832066870738,-1.7231832066870738,0
adam,pretrained,931,-1.7233335209961893,-1.7233335209961893,0
adam,pretrained,932,-1.7231541910570494,-1.7231541910570494,0
adam,pretrained,933,-1.7232901542207943,-1.7232901542207943,0
adam,pretrained,934,-1.7233776751590477,-1.7233776751590477,0
adam,pretrained,935,-1.7232504437016163,-1.7232504437016163,0
adam,pretrained,936,-1.7233773683782458,-1.7233773683782458,0
adam,pretrained,937,-1.7234055558368908,-1.7234055558368908,0
adam,pretrained,938,-1.723319012322013,-1.723319012322013,0
adam,pretrained,939,-1.7234104235068655,-1.7234104235068655,0
adam,pretrained,940,-1.7234565573534002,-1.7234565573534002,0
adam,pretrained,941,-1.7234098557089355,-1.7234098557089355,0
adam,pretrained,942,-1.7234166113553553,-1.7234166113553553,0
adam,pretrained,943,-1.7234720180929488,-1.7234720180929488,0
adam,pretrained,944,-1.7234783773356244,-1.7234783773356244,0
adam,pretrained,945,-1.7234535918208138,-1.7234535918208138,0
adam,pretrained,946,-1.7234950818879677,-1.7234950818879677,0
adam,pretrained,947,-1.7235120723907218,-1.7235120723907218,0
adam,pretrained,948,-1.7234835769463,-1.7234835769463,0
adam,pretrained,949,-1.723517740533052,-1.723517740533052,0
adam,pretrained,950,-1.7235381715326985,-1.7235381715326985,0
adam,pretrained,951,-1.7235199007525728,-1.7235199007525728,0
adam,pretrained,952,-1.7235381100614446,-1.7235381100614446,0
adam,pretrained,953,-1.723550156772909,-1.723550156772909,0
adam,pretrained,954,-1.7235510156968992,-1.7235510156968992,0
adam,pretrained,955,-1.7235634839629181,-1.7235634839629181,0
adam,pretrained,956,-1.723561685354195,-1.723561685354195,0
adam,pretrained,957,-1.7235709722739012,-1.7235709722739012,0
adam,pretrained,958,-1.7235871921576564,-1.7235871921576564,0
adam,pretrained,959,-1.7235816386031662,-1.7235816386031662,0
adam,pretrained,960,-1.7235869606868413,-1.7235869606868413,0
adam,pretrained,961,-1.7236014595751294,-1.7236014595751294,0
adam,pretrained,962,-1.7236003886196067,-1.7236003886196067,0
adam,pretrained,963,-1.7236039105895136,-1.7236039105895136,0
adam,pretrained,964,-1.7236153321656336,-1.7236153321656336,0
adam,pretrained,965,-1.7236196620775477,-1.7236196620775477,0
adam,pretrained,966,-1.7236213061540335,-1.7236213061540335,0
adam,pretrained,967,-1.7236259494797728,-1.7236259494797728,0
adam,pretrained,968,-1.723633361763509,-1.723633361763509,0
adam,pretrained,969,-1.7236387232751935,-1.7236387232751935,0
adam,pretrained,970,-1.7236405058332949,-1.7236405058332949,0
adam,pretrained,971,-1.7236459328606348,-1.7236459328606348,0
adam,pretrained,972,-1.7236524620357858,-1.7236524620357858,0
adam,pretrained,973,-1.7236554192874363,-1.7236554192874363,0
adam,pretrained,974,-1.7236596180940527,-1.7236596180940527,0
adam,pretrained,975,-1.7236649803189525,-1.7236649803189525,0
adam,pretrained,976,-1.723668814347189,-1.723668814347189,0
adam,pretrained,977,-1.7236729796371406,-1.7236729796371406,0
adam,pretrained,978,-1.7236768890456928,-1.7236768890456928,0
adam,pretrained,979,-1.723681049692757,-1.723681049692757,0
adam,pretrained,980,-1.7236863653371972,-1.7236863653371972,0
adam,pretrained,981,-1.7236899615142602,-1.7236899615142602,0
adam,pretrained,982,-1.7236930995969642,-1.7236930995969642,0
adam,pretrained,983,-1.7236982018564933,-1.7236982018564933,0
adam,pretrained,984,-1.7237024019632357,-1.7237024019632357,0
adam,pretrained,985,-1.7237055420648395,-1.7237055420648395,0
adam,pretrained,986,-1.7237099464664674,-1.7237099464664674,0
adam,pretrained,987,-1.7237141229867832,-1.7237141229867832,0
adam,pretrained,988,-1.7237174454443358,-1.7237174454443358,0
adam,pretrained,989,-1.7237214329930646,-1.7237214329930646,0
adam,pretrained,990,-1.7237254834364402,-1.7237254834364402,0
adam,pretrained,991,-1.7237290441789295,-1.7237290441789295,0
adam,pretrained,992,-1.7237328492507396,-1.7237328492507396,0
adam,pretrained,993,-1.7237367220795243,-1.7237367220795243,0
adam,pretrained,994,-1.7237402919387468,-1.7237402919387468,0
adam,pretrained,995,-1.7237438722695029,-1.7237438722695029,0
adam,pretrained,996,-1.7237475709782522,-1.7237475709782522,0
adam,pretrained,997,-1.7237512560384651,-1.7237512560384651,0
adam,pretrained,998,-1.723754736696849,-1.723754736696849,0
adam,pretrained,999,-1.7237580377164705,-1.7237580377164705,0
adam,pretrained,1000,-1.7237614049717531,-1.7237614049717531,0
adam,pretrained,1001,-1.7237646229263583,-1.7237646229263583,0
adam,pretrained,1002,-1.7237673522049788,-1.7237673522049788,0
adam,pretrained,1003,-1.7237696900481094,-1.7237696900481094,0
adam,pretrained,1004,-1.7237713488842195,-1.7237713488842195,0
adam,pretrained,1005,-1.7237714996137785,-1.7237714996137785,0
adam,pretrained,1006,-1.723769161616402,-1.723769161616402,0
adam,pretrained,1007,-1.723762562200966,-1.723762562200966,0
adam,pretrained,1008,-1.7237477513357102,-1.7237477513357102,0
adam,pretrained,1009,-1.7237180945093924,-1.7237180945093924,0
adam,pretrained,1010,-1.723659422059893,-1.723659422059893,0
adam,pretrained,1011,-1.7235471279306231,-1.7235471279306231,0
adam,pretrained,1012,-1.7233250024526177,-1.7233250024526177,0
adam,pretrained,1013,-1.7229022148603326,-1.7229022148603326,0
adam,pretrained,1014,-1.7220486892524434,-1.7220486892524434,0
adam,pretrained,1015,-1.7204644305887078,-1.7204644305887078,0
adam,pretrained,1016,-1.7172727783941344,-1.7172727783941344,0
adam,pretrained,1017,-1.7121036762164716,-1.7121036762164716,0
adam,pretrained,1018,-1.702954939951312,-1.702954939951312,0
adam,pretrained,1019,-1.6950598084270099,-1.6950598084270099,0
adam,pretrained,1020,-1.688986845685363,-1.688986845685363,0
adam,pretrained,1021,-1.7004742863670754,-1.7004742863670754,0
adam,pretrained,1022,-1.7158334232370955,-1.7158334232370955,0
adam,pretrained,1023,-1.7235255513802008,-1.7235255513802008,0
adam,pretrained,1024,-1.7173493346361641,-1.7173493346361641,0
adam,pretrained,1025,-1.708779167273538,-1.708779167273538,0
adam,pretrained,1026,-1.7128546822373611,-1.7128546822373611,0
adam,pretrained,1027,-1.721445846004341,-1.721445846004341,0
adam,pretrained,1028,-1.7222960263326026,-1.7222960263326026,0
adam,pretrained,1029,-1.716850330131429,-1.716850330131429,0
adam,pretrained,1030,-1.7159800404515915,-1.7159800404515915,0
adam,pretrained,1031,-1.7215510389827497,-1.7215510389827497,0
adam,pretrained,1032,-1.7229034387293944,-1.7229034387293944,0
adam,pretrained,1033,-1.7191868131471146,-1.7191868131471146,0
adam,pretrained,1034,-1.7190100693784807,-1.7190100693784807,0
adam,pretrained,1035,-1.7225027964934045,-1.7225027964934045,0
adam,pretrained,1036,-1.7231161283283023,-1.7231161283283023,0
adam,pretrained,1037,-1.72072864414687,-1.72072864414687,0
adam,pretrained,1038,-1.720771175687375,-1.720771175687375,0
adam,pretrained,1039,-1.7230891829029662,-1.7230891829029662,0
adam,pretrained,1040,-1.7230457625778592,-1.7230457625778592,0
adam,pretrained,1041,-1.7215064213099258,-1.7215064213099258,0
adam,pretrained,1042,-1.7221226314897502,-1.7221226314897502,0
adam,pretrained,1043,-1.7234785136231914,-1.7234785136231914,0
adam,pretrained,1044,-1.7230098380778893,-1.7230098380778893,0
adam,pretrained,1045,-1.72218783264941,-1.72218783264941,0
adam,pretrained,1046,-1.7228633468687962,-1.7228633468687962,0
adam,pretrained,1047,-1.723620785731213,-1.723620785731213,0
adam,pretrained,1048,-1.7231365553769886,-1.7231365553769886,0
adam,pretrained,1049,-1.7227118659188352,-1.7227118659188352,0
adam,pretrained,1050,-1.7232681038635362,-1.7232681038635362,0
adam,pretrained,1051,-1.7236508540019404,-1.7236508540019404,0
adam,pretrained,1052,-1.7232788799237615,-1.7232788799237615,0
adam,pretrained,1053,-1.7231072998778854,-1.7231072998778854,0
adam,pretrained,1054,-1.723506268664823,-1.723506268664823,0
adam,pretrained,1055,-1.7237096548074133,-1.7237096548074133,0
adam,pretrained,1056,-1.7234269258540347,-1.7234269258540347,0
adam,pretrained,1057,-1.723319358182293,-1.723319358182293,0
adam,pretrained,1058,-1.7236244868792379,-1.7236244868792379,0
adam,pretrained,1059,-1.7237634940648427,-1.7237634940648427,0
adam,pretrained,1060,-1.7235611412823866,-1.7235611412823866,0
adam,pretrained,1061,-1.7234935463644518,-1.7234935463644518,0
adam,pretrained,1062,-1.7236917725808694,-1.7236917725808694,0
adam,pretrained,1063,-1.7237919612246735,-1.7237919612246735,0
adam,pretrained,1064,-1.7236675040802336,-1.7236675040802336,0
adam,pretrained,1065,-1.7236090884823618,-1.7236090884823618,0
adam,pretrained,1066,-1.723736254320718,-1.723736254320718,0
adam,pretrained,1067,-1.7238227842393243,-1.7238227842393243,0
adam,pretrained,1068,-1.7237521693060822,-1.7237521693060822,0
adam,pretrained,1069,-1.72369199046332,-1.72369199046332,0
adam,pretrained,1070,-1.7237582851683173,-1.7237582851683173,0
adam,pretrained,1071,-1.723840266906221,-1.723840266906221,0
adam,pretrained,1072,-1.7238195478660208,-1.7238195478660208,0
adam,pretrained,1073,-1.7237643950682515,-1.7237643950682515,0
adam,pretrained,1074,-1.7237839220406592,-1.7237839220406592,0
adam,pretrained,1075,-1.7238464613527213,-1.7238464613527213,0
adam,pretrained,1076,-1.7238582638544735,-1.7238582638544735,0
adam,pretrained,1077,-1.7238230539658372,-1.7238230539658372,0
adam,pretrained,1078,-1.723815419829876,-1.723815419829876,0
adam,pretrained,1079,-1.723851916585689,-1.723851916585689,0
adam,pretrained,1080,-1.7238789453895222,-1.7238789453895222,0
adam,pretrained,1081,-1.723868199109367,-1.723868199109367,0
adam,pretrained,1082,-1.7238510094842838,-1.7238510094842838,0
adam,pretrained,1083,-1.723860441189186,-1.723860441189186,0
adam,pretrained,1084,-1.7238857473165323,-1.7238857473165323,0
adam,pretrained,1085,-1.723895627546279,-1.723895627546279,0
adam,pretrained,1086,-1.7238865621935247,-1.7238865621935247,0
adam,pretrained,1087,-1.7238812191954114,-1.7238812191954114,0
adam,pretrained,1088,-1.7238922933018797,-1.7238922933018797,0
adam,pretrained,1089,-1.723907075912992,-1.723907075912992,0
adam,pretrained,1090,-1.7239105890558537,-1.7239105890558537,0
adam,pretrained,1091,-1.7239060514678894,-1.7239060514678894,0
adam,pretrained,1092,-1.7239062870154929,-1.7239062870154929,0
adam,pretrained,1093,-1.7239145619403669,-1.7239145619403669,0
adam,pretrained,1094,-1.723923564513589,-1.723923564513589,0
adam,pretrained,1095,-1.7239266732434473,-1.7239266732434473,0
adam,pretrained,1096,-1.7239256809008323,-1.7239256809008323,0
adam,pretrained,1097,-1.7239264939698442,-1.7239264939698442,0
adam,pretrained,1098,-1.7239315761023197,-1.7239315761023197,0
adam,pretrained,1099,-1.7239379197714488,-1.7239379197714488,0
adam,pretrained,1100,-1.7239417999000652,-1.7239417999000652,0
adam,pretrained,1101,-1.7239430514732061,-1.7239430514732061,0
adam,pretrained,1102,-1.7239442699189924,-1.7239442699189924,0
adam,pretrained,1103,-1.7239472591971392,-1.7239472591971392,0
adam,pretrained,1104,-1.7239515835664152,-1.7239515835664152,0
adam,pretrained,1105,-1.7239556287551618,-1.7239556287551618,0
adam,pretrained,1106,-1.7239583226122812,-1.7239583226122812,0
adam,pretrained,1107,-1.7239599698987418,-1.7239599698987418,0
adam,pretrained,1108,-1.72396181944516,-1.72396181944516,0
adam,pretrained,1109,-1.7239647845374686,-1.7239647845374686,0
adam,pretrained,1110,-1.7239685293557128,-1.7239685293557128,0
adam,pretrained,1111,-1.7239719465015828,-1.7239719465015828,0
adam,pretrained,1112,-1.723974370239364,-1.723974370239364,0
adam,pretrained,1113,-1.723976131680115,-1.723976131680115,0
adam,pretrained,1114,-1.723978079310062,-1.723978079310062,0
adam,pretrained,1115,-1.7239807633055526,-1.7239807633055526,0
adam,pretrained,1116,-1.7239839878953092,-1.7239839878953092,0
adam,pretrained,1117,-1.723987067908152,-1.723987067908152,0
adam,pretrained,1118,-1.7239895280567532,-1.7239895280567532,0
adam,pretrained,1119,-1.7239915134365253,-1.7239915134365253,0
adam,pretrained,1120,-1.7239935365002492,-1.7239935365002492,0
adam,pretrained,1121,-1.7239959410802894,-1.7239959410802894,0
adam,pretrained,1122,-1.723998658183509,-1.723998658183509,0
adam,pretrained,1123,-1.7240014026595571,-1.7240014026595571,0
adam,pretrained,1124,-1.7240039468590915,-1.7240039468590915,0
adam,pretrained,1125,-1.7240062481789438,-1.7240062481789438,0
adam,pretrained,1126,-1.7240084258038806,-1.7240084258038806,0
adam,pretrained,1127,-1.7240106295294724,-1.7240106295294724,0
adam,pretrained,1128,-1.724012938103253,-1.724012938103253,0
adam,pretrained,1129,-1.724015339499042,-1.724015339499042,0
adam,pretrained,1130,-1.724017784279399,-1.724017784279399,0
adam,pretrained,1131,-1.7240202103458657,-1.7240202103458657,0
adam,pretrained,1132,-1.7240225643216311,-1.7240225643216311,0
adam,pretrained,1133,-1.7240248196036256,-1.7240248196036256,0
adam,pretrained,1134,-1.724027009478189,-1.724027009478189,0
adam,pretrained,1135,-1.724029200662464,-1.724029200662464,0
adam,pretrained,1136,-1.7240314457817465,-1.7240314457817465,0
adam,pretrained,1137,-1.72403375042534,-1.72403375042534,0
adam,pretrained,1138,-1.7240360806360135,-1.7240360806360135,0
adam,pretrained,1139,-1.7240383910602628,-1.7240383910602628,0
adam,pretrained,1140,-1.724040650437005,-1.724040650437005,0
adam,pretrained,1141,-1.7240428560929637,-1.7240428560929637,0
adam,pretrained,1142,-1.7240450263652782,-1.7240450263652782,0
adam,pretrained,1143,-1.7240471792195307,-1.7240471792195307,0
adam,pretrained,1144,-1.7240493174960503,-1.7240493174960503,0
adam,pretrained,1145,-1.7240514300745526,-1.7240514300745526,0
adam,pretrained,1146,-1.7240534949619253,-1.7240534949619253,0
adam,pretrained,1147,-1.7240554752282449,-1.7240554752282449,0
adam,pretrained,1148,-1.7240573049352625,-1.7240573049352625,0
adam,pretrained,1149,-1.7240588704751776,-1.7240588704751776,0
