optimizer,method,iteration,evals,energy,energy_global,is_stage_boundary
spsa,standard,0,2.0,-0.056806008883814874,-0.056806008883814874,0
spsa,standard,1,4.0,-0.20221978851158065,-0.20221978851158065,0
spsa,standard,2,6.0,-0.23286107083213686,-0.23286107083213686,0
spsa,standard,3,8.0,-0.2610686558448196,-0.2610686558448196,0
spsa,standard,4,10.0,-0.20434911844727294,-0.20434911844727294,0
spsa,standard,5,12.0,-0.16128461113664935,-0.16128461113664935,0
spsa,standard,6,14.0,-0.23782829150160598,-0.23782829150160598,0
spsa,standard,7,16.0,-0.2639088727485974,-0.2639088727485974,0
spsa,standard,8,18.0,-0.27217141385484833,-0.27217141385484833,0
spsa,standard,9,20.0,-0.3174213613361303,-0.3174213613361303,0
spsa,standard,10,22.0,-0.32914947291729324,-0.32914947291729324,0
spsa,standard,11,24.0,-0.34256930032032756,-0.34256930032032756,0
spsa,standard,12,26.0,-0.39340317647322626,-0.39340317647322626,0
spsa,standard,13,28.0,-0.38778996953628353,-0.38778996953628353,0
spsa,standard,14,30.0,-0.38741206637853354,-0.38741206637853354,0
spsa,standard,15,32.0,-0.4014847977567874,-0.4014847977567874,0
spsa,standard,16,34.0,-0.380675678713565,-0.380675678713565,0
spsa,standard,17,36.0,-0.3939400984046559,-0.3939400984046559,0
spsa,standard,18,38.0,-0.3876646555468466,-0.3876646555468466,0
spsa,standard,19,40.0,-0.4074159394818583,-0.4074159394818583,0
spsa,standard,20,42.0,-0.3863951450139328,-0.3863951450139328,0
spsa,standard,21,44.0,-0.40654462735248664,-0.40654462735248664,0
spsa,standard,22,46.0,-0.4311189825008169,-0.4311189825008169,0
spsa,standard,23,48.0,-0.4301939905216881,-0.4301939905216881,0
spsa,standard,24,50.0,-0.44703152885589637,-0.44703152885589637,0
spsa,standard,25,52.0,-0.4436740916848273,-0.4436740916848273,0
spsa,standard,26,54.0,-0.46122852087113286,-0.46122852087113286,0
spsa,standard,27,56.0,-0.5248991717210397,-0.5248991717210397,0
spsa,standard,28,58.0,-0.5268602374898119,-0.5268602374898119,0
spsa,standard,29,60.0,-0.5503447045352687,-0.5503447045352687,0
spsa,standard,30,62.0,-0.536753767072133,-0.536753767072133,0
spsa,standard,31,64.0,-0.5222052523374299,-0.5222052523374299,0
spsa,standard,32,66.0,-0.5470752451668441,-0.5470752451668441,0
spsa,standard,33,68.0,-0.5415902806815407,-0.5415902806815407,0
spsa,standard,34,70.0,-0.5384369800855222,-0.5384369800855222,0
spsa,standard,35,72.0,-0.5645480477192903,-0.5645480477192903,0
spsa,standard,36,74.0,-0.5650163158101902,-0.5650163158101902,0
spsa,standard,37,76.0,-0.5874014648610496,-0.5874014648610496,0
spsa,standard,38,78.0,-0.6605954771802005,-0.6605954771802005,0
spsa,standard,39,80.0,-0.7056329312279709,-0.7056329312279709,0
spsa,standard,40,82.0,-0.7038624623895511,-0.7038624623895511,0
spsa,standard,41,84.0,-0.7093414847863301,-0.7093414847863301,0
spsa,standard,42,86.0,-0.7202804736983055,-0.7202804736983055,0
spsa,standard,43,88.0,-0.7227932866969713,-0.7227932866969713,0
spsa,standard,44,90.0,-0.7181571910608332,-0.7181571910608332,0
spsa,standard,45,92.0,-0.7376159898019736,-0.7376159898019736,0
spsa,standard,46,94.0,-0.7443659019712129,-0.7443659019712129,0
spsa,standard,47,96.0,-0.7692442212693904,-0.7692442212693904,0
spsa,standard,48,98.0,-0.7892109348495027,-0.7892109348495027,0
spsa,standard,49,100.0,-0.8043847173820879,-0.8043847173820879,0
spsa,standard,50,102.0,-0.8236119081259614,-0.8236119081259614,0
spsa,standard,51,104.0,-0.8159172171591798,-0.8159172171591798,0
spsa,standard,52,106.0,-0.8239700166589194,-0.8239700166589194,0
spsa,standard,53,108.0,-0.8333038030882349,-0.8333038030882349,0
spsa,standard,54,110.0,-0.83627942729614,-0.83627942729614,0
spsa,standard,55,112.0,-0.8405355890368541,-0.8405355890368541,0
spsa,standard,56,114.0,-0.8415170791549422,-0.8415170791549422,0
spsa,standard,57,116.0,-0.8494970213161513,-0.8494970213161513,0
spsa,standard,58,118.0,-0.8622089744902697,-0.8622089744902697,0
spsa,standard,59,120.0,-0.8583258758523803,-0.8583258758523803,0
spsa,standard,60,122.0,-0.8789430280640063,-0.8789430280640063,0
spsa,standard,61,124.0,-0.8818268026841962,-0.8818268026841962,0
spsa,standard,62,126.0,-0.8908792662159504,-0.8908792662159504,0
spsa,standard,63,128.0,-0.8901059871554657,-0.8901059871554657,0
spsa,standard,64,130.0,-0.895181174856954,-0.895181174856954,0
spsa,standard,65,132.0,-0.8998507399647221,-0.8998507399647221,0
spsa,standard,66,134.0,-0.8995218085563679,-0.8995218085563679,0
spsa,standard,67,136.0,-0.917952193008722,-0.917952193008722,0
spsa,standard,68,138.0,-0.9173873279043042,-0.9173873279043042,0
spsa,standard,69,140.0,-0.9251010867118585,-0.9251010867118585,0
spsa,standard,70,142.0,-0.9359050723128574,-0.9359050723128574,0
spsa,standard,71,144.0,-0.9356148986382014,-0.9356148986382014,0
spsa,standard,72,146.0,-0.9377719930892383,-0.9377719930892383,0
spsa,standard,73,148.0,-0.9382424262384699,-0.9382424262384699,0
spsa,standard,74,150.0,-0.9466609050641003,-0.9466609050641003,0
spsa,standard,75,152.0,-0.9562957827987795,-0.9562957827987795,0
spsa,standard,76,154.0,-0.9696689435582362,-0.9696689435582362,0
spsa,standard,77,156.0,-0.9646528314267365,-0.9646528314267365,0
spsa,standard,78,158.0,-0.9480709250957127,-0.9480709250957127,0
spsa,standard,79,160.0,-0.9535182771880353,-0.9535182771880353,0
spsa,standard,80,162.0,-0.9602366779359819,-0.9602366779359819,0
spsa,standard,81,164.0,-0.9582823670351077,-0.9582823670351077,0
spsa,standard,82,166.0,-0.9741380641212022,-0.9741380641212022,0
spsa,standard,83,168.0,-0.9699106549264791,-0.9699106549264791,0
spsa,standard,84,170.0,-0.9706323203111005,-0.9706323203111005,0
spsa,standard,85,172.0,-0.9597229780565413,-0.9597229780565413,0
spsa,standard,86,174.0,-0.9791493126318387,-0.9791493126318387,0
spsa,standard,87,176.0,-0.9668137712779565,-0.9668137712779565,0
spsa,standard,88,178.0,-0.9730105407153053,-0.9730105407153053,0
spsa,standard,89,180.0,-0.9827824052822647,-0.9827824052822647,0
spsa,standard,90,182.0,-0.9916090512660138,-0.9916090512660138,0
spsa,standard,91,184.0,-0.9882456706932257,-0.9882456706932257,0
spsa,standard,92,186.0,-0.9918224870413757,-0.9918224870413757,0
spsa,standard,93,188.0,-0.9899604446283773,-0.9899604446283773,0
spsa,standard,94,190.0,-1.0068818983375571,-1.0068818983375571,0
spsa,standard,95,192.0,-1.0027420542325811,-1.0027420542325811,0
spsa,standard,96,194.0,-0.9849695750986134,-0.9849695750986134,0
spsa,standard,97,196.0,-1.0055419231424354,-1.0055419231424354,0
spsa,standard,98,198.0,-0.9994973473728157,-0.9994973473728157,0
spsa,standard,99,200.0,-1.0059204653325309,-1.0059204653325309,0
spsa,standard,100,202.0,-1.008662341922799,-1.008662341922799,0
spsa,standard,101,204.0,-0.9970081948893436,-0.9970081948893436,0
spsa,standard,102,206.0,-1.0103577514429734,-1.0103577514429734,0
spsa,standard,103,208.0,-1.0162110681183876,-1.0162110681183876,0
spsa,standard,104,210.0,-1.0155855076104445,-1.0155855076104445,0
spsa,standard,105,212.0,-1.022196284245041,-1.022196284245041,0
spsa,standard,106,214.0,-1.0225504263965381,-1.0225504263965381,0
spsa,standard,107,216.0,-1.0314923886017024,-1.0314923886017024,0
spsa,standard,108,218.0,-1.019918076293386,-1.019918076293386,0
spsa,standard,109,220.0,-1.0241799959636875,-1.0241799959636875,0
spsa,standard,110,222.0,-1.025516697672864,-1.025516697672864,0
spsa,standard,111,224.0,-1.025320727100129,-1.025320727100129,0
spsa,standard,112,226.0,-1.024896110995492,-1.024896110995492,0
spsa,standard,113,228.0,-1.031277917364477,-1.031277917364477,0
spsa,standard,114,230.0,-1.0361932218275158,-1.0361932218275158,0
spsa,standard,115,232.0,-1.0319748279092855,-1.0319748279092855,0
spsa,standard,116,234.0,-1.0399760304128765,-1.0399760304128765,0
spsa,standard,117,236.0,-1.0366645644958754,-1.0366645644958754,0
spsa,standard,118,238.0,-1.0396660449942292,-1.0396660449942292,0
spsa,standard,119,240.0,-1.0334500230460848,-1.0334500230460848,0
spsa,standard,120,242.0,-1.037615852721414,-1.037615852721414,0
spsa,standard,121,244.0,-1.0405648912772394,-1.0405648912772394,0
spsa,standard,122,246.0,-1.0437914631395655,-1.0437914631395655,0
spsa,standard,123,248.0,-1.0411909712063645,-1.0411909712063645,0
spsa,standard,124,250.0,-1.035357459460305,-1.035357459460305,0
spsa,standard,125,252.0,-1.0409857380694434,-1.0409857380694434,0
spsa,standard,126,254.0,-1.0538262818824757,-1.0538262818824757,0
spsa,standard,127,256.0,-1.0482226376282502,-1.0482226376282502,0
spsa,standard,128,258.0,-1.0472912044757916,-1.0472912044757916,0
spsa,standard,129,260.0,-1.0547718922446605,-1.0547718922446605,0
spsa,standard,130,262.0,-1.0483732234524772,-1.0483732234524772,0
spsa,standard,131,264.0,-1.0503668611614558,-1.0503668611614558,0
spsa,standard,132,266.0,-1.039519150404153,-1.039519150404153,0
spsa,standard,133,268.0,-1.043131856058352,-1.043131856058352,0
spsa,standard,134,270.0,-1.0431292878841623,-1.0431292878841623,0
spsa,standard,135,272.0,-1.062990301880149,-1.062990301880149,0
spsa,standard,136,274.0,-1.0383019029467515,-1.0383019029467515,0
spsa,standard,137,276.0,-1.0520268980882166,-1.0520268980882166,0
spsa,standard,138,278.0,-1.0549555619154332,-1.0549555619154332,0
spsa,standard,139,280.0,-1.0573315022370768,-1.0573315022370768,0
spsa,standard,140,282.0,-1.0546889563705062,-1.0546889563705062,0
spsa,standard,141,284.0,-1.062516655556657,-1.062516655556657,0
spsa,standard,142,286.0,-1.0561814604413668,-1.0561814604413668,0
spsa,standard,143,288.0,-1.0519830065742608,-1.0519830065742608,0
spsa,standard,144,290.0,-1.049946616697303,-1.049946616697303,0
spsa,standard,145,292.0,-1.0595610398492608,-1.0595610398492608,0
spsa,standard,146,294.0,-1.0547265570385322,-1.0547265570385322,0
spsa,standard,147,296.0,-1.0552348789051713,-1.0552348789051713,0
spsa,standard,148,298.0,-1.0479869809930995,-1.0479869809930995,0
spsa,standard,149,300.0,-1.0607310493876825,-1.0607310493876825,0
spsa,standard,150,302.0,-1.049495619460814,-1.049495619460814,0
spsa,standard,151,304.0,-1.0462170573901728,-1.0462170573901728,0
spsa,standard,152,306.0,-1.058450904576214,-1.058450904576214,0
spsa,standard,153,308.0,-1.0651849788740853,-1.0651849788740853,0
spsa,standard,154,310.0,-1.0517006858795306,-1.0517006858795306,0
spsa,standard,155,312.0,-1.054969558160468,-1.054969558160468,0
spsa,standard,156,314.0,-1.0578893352706968,-1.0578893352706968,0
spsa,standard,157,316.0,-1.063189432669068,-1.063189432669068,0
spsa,standard,158,318.0,-1.0636678042339685,-1.0636678042339685,0
spsa,standard,159,320.0,-1.0542067149225085,-1.0542067149225085,0
spsa,standard,160,322.0,-1.0552541314273496,-1.0552541314273496,0
spsa,standard,161,324.0,-1.0609751341178333,-1.0609751341178333,0
spsa,standard,162,326.0,-1.0592230711801554,-1.0592230711801554,0
spsa,standard,163,328.0,-1.0742043045818832,-1.0742043045818832,0
spsa,standard,164,330.0,-1.0575181204347848,-1.0575181204347848,0
spsa,standard,165,332.0,-1.0555424674058145,-1.0555424674058145,0
spsa,standard,166,334.0,-1.0583566252548287,-1.0583566252548287,0
spsa,standard,167,336.0,-1.0596623012409054,-1.0596623012409054,0
spsa,standard,168,338.0,-1.062072169472814,-1.062072169472814,0
spsa,standard,169,340.0,-1.051569296774531,-1.051569296774531,0
spsa,standard,170,342.0,-1.051013688347059,-1.051013688347059,0
spsa,standard,171,344.0,-1.0552341258997862,-1.0552341258997862,0
spsa,standard,172,346.0,-1.0496192955632793,-1.0496192955632793,0
spsa,standard,173,348.0,-1.0677067443150194,-1.0677067443150194,0
spsa,standard,174,350.0,-1.0637052266529614,-1.0637052266529614,0
spsa,standard,175,352.0,-1.0619669718144615,-1.0619669718144615,0
spsa,standard,176,354.0,-1.0772781755747256,-1.0772781755747256,0
spsa,standard,177,356.0,-1.065409955485454,-1.065409955485454,0
spsa,standard,178,358.0,-1.0668772929904753,-1.0668772929904753,0
spsa,standard,179,360.0,-1.0697286087471904,-1.0697286087471904,0
spsa,standard,180,362.0,-1.0699900313274227,-1.0699900313274227,0
spsa,standard,181,364.0,-1.0738982066778882,-1.0738982066778882,0
spsa,standard,182,366.0,-1.06999041059811,-1.06999041059811,0
spsa,standard,183,368.0,-1.0532973533373613,-1.0532973533373613,0
spsa,standard,184,370.0,-1.0686339336640691,-1.0686339336640691,0
spsa,standard,185,372.0,-1.0701956674800606,-1.0701956674800606,0
spsa,standard,186,374.0,-1.058887811715633,-1.058887811715633,0
spsa,standard,187,376.0,-1.0690536414776233,-1.0690536414776233,0
spsa,standard,188,378.0,-1.0755520219433103,-1.0755520219433103,0
spsa,standard,189,380.0,-1.06108708673951,-1.06108708673951,0
spsa,standard,190,382.0,-1.0729526378350451,-1.0729526378350451,0
spsa,standard,191,384.0,-1.0694709704360235,-1.0694709704360235,0
spsa,standard,192,386.0,-1.0558830086484514,-1.0558830086484514,0
spsa,standard,193,388.0,-1.0582403429823215,-1.0582403429823215,0
spsa,standard,194,390.0,-1.0722755645973043,-1.0722755645973043,0
spsa,standard,195,392.0,-1.070892268410807,-1.070892268410807,0
spsa,standard,196,394.0,-1.073611599399242,-1.073611599399242,0
spsa,standard,197,396.0,-1.0756760350791899,-1.0756760350791899,0
spsa,standard,198,398.0,-1.0727929630921396,-1.0727929630921396,0
spsa,standard,199,400.0,-1.0826772307735264,-1.0826772307735264,0
spsa,standard,200,402.0,-1.0741490080151046,-1.0741490080151046,0
spsa,standard,201,404.0,-1.0536805659739574,-1.0536805659739574,0
spsa,standard,202,406.0,-1.0830944309734654,-1.0830944309734654,0
spsa,standard,203,408.0,-1.069597790382244,-1.069597790382244,0
spsa,standard,204,410.0,-1.0687100803045047,-1.0687100803045047,0
spsa,standard,205,412.0,-1.0731079419720886,-1.0731079419720886,0
spsa,standard,206,414.0,-1.0847020986449365,-1.0847020986449365,0
spsa,standard,207,416.0,-1.0807549053256542,-1.0807549053256542,0
spsa,standard,208,418.0,-1.0739350433562491,-1.0739350433562491,0
spsa,standard,209,420.0,-1.0767832922105147,-1.0767832922105147,0
spsa,standard,210,422.0,-1.0733424932575097,-1.0733424932575097,0
spsa,standard,211,424.0,-1.0802596340209747,-1.0802596340209747,0
spsa,standard,212,426.0,-1.0671427862961098,-1.0671427862961098,0
spsa,standard,213,428.0,-1.072593269749851,-1.072593269749851,0
spsa,standard,214,430.0,-1.068411930347286,-1.068411930347286,0
spsa,standard,215,432.0,-1.0880274492287287,-1.0880274492287287,0
spsa,standard,216,434.0,-1.0753879039909597,-1.0753879039909597,0
spsa,standard,217,436.0,-1.0724189107857103,-1.0724189107857103,0
spsa,standard,218,438.0,-1.077339582416419,-1.077339582416419,0
spsa,standard,219,440.0,-1.0738413199698058,-1.0738413199698058,0
spsa,standard,220,442.0,-1.0846656414673141,-1.0846656414673141,0
spsa,standard,221,444.0,-1.0834274816300389,-1.0834274816300389,0
spsa,standard,222,446.0,-1.0908444049402137,-1.0908444049402137,0
spsa,standard,223,448.0,-1.078664814609981,-1.078664814609981,0
spsa,standard,224,450.0,-1.0760256058317657,-1.0760256058317657,0
spsa,standard,225,452.0,-1.085078068767003,-1.085078068767003,0
spsa,standard,226,454.0,-1.0791679249285637,-1.0791679249285637,0
spsa,standard,227,456.0,-1.0902281962360658,-1.0902281962360658,0
spsa,standard,228,458.0,-1.0789477641187006,-1.0789477641187006,0
spsa,standard,229,460.0,-1.0814444746126939,-1.0814444746126939,0
spsa,standard,230,462.0,-1.077053908991064,-1.077053908991064,0
spsa,standard,231,464.0,-1.0763324212676804,-1.0763324212676804,0
spsa,standard,232,466.0,-1.0851449605374854,-1.0851449605374854,0
spsa,standard,233,468.0,-1.0841392228288351,-1.0841392228288351,0
spsa,standard,234,470.0,-1.0669654410508436,-1.0669654410508436,0
spsa,standard,235,472.0,-1.0816080044483058,-1.0816080044483058,0
spsa,standard,236,474.0,-1.0736796174641507,-1.0736796174641507,0
spsa,standard,237,476.0,-1.094176983996069,-1.094176983996069,0
spsa,standard,238,478.0,-1.0825211487118134,-1.0825211487118134,0
spsa,standard,239,480.0,-1.0902469812214381,-1.0902469812214381,0
spsa,standard,240,482.0,-1.0810960895579642,-1.0810960895579642,0
spsa,standard,241,484.0,-1.0834452824707772,-1.0834452824707772,0
spsa,standard,242,486.0,-1.0894680006980255,-1.0894680006980255,0
spsa,standard,243,488.0,-1.080402591477445,-1.080402591477445,0
spsa,standard,244,490.0,-1.0829027940972515,-1.0829027940972515,0
spsa,standard,245,492.0,-1.0791903447726687,-1.0791903447726687,0
spsa,standard,246,494.0,-1.0805062009817163,-1.0805062009817163,0
spsa,standard,247,496.0,-1.0826743404281176,-1.0826743404281176,0
spsa,standard,248,498.0,-1.081267244856178,-1.081267244856178,0
spsa,standard,249,500.0,-1.0973506259532795,-1.0973506259532795,0
spsa,standard,250,502.0,-1.0953251976645801,-1.0953251976645801,0
spsa,standard,251,504.0,-1.0819588320557867,-1.0819588320557867,0
spsa,standard,252,506.0,-1.0873827411822485,-1.0873827411822485,0
spsa,standard,253,508.0,-1.0736857433337925,-1.0736857433337925,0
spsa,standard,254,510.0,-1.0882548947640203,-1.0882548947640203,0
spsa,standard,255,512.0,-1.0684249687632361,-1.0684249687632361,0
spsa,standard,256,514.0,-1.0941474165150546,-1.0941474165150546,0
spsa,standard,257,516.0,-1.0914247237381394,-1.0914247237381394,0
spsa,standard,258,518.0,-1.0910456240787973,-1.0910456240787973,0
spsa,standard,259,520.0,-1.079760909643058,-1.079760909643058,0
spsa,standard,260,522.0,-1.0909539141609081,-1.0909539141609081,0
spsa,standard,261,524.0,-1.0885795100726063,-1.0885795100726063,0
spsa,standard,262,526.0,-1.0987890893007641,-1.0987890893007641,0
spsa,standard,263,528.0,-1.0952406906053223,-1.0952406906053223,0
spsa,standard,264,530.0,-1.0977358000871877,-1.0977358000871877,0
spsa,standard,265,532.0,-1.088216382088439,-1.088216382088439,0
spsa,standard,266,534.0,-1.0786038123601212,-1.0786038123601212,0
spsa,standard,267,536.0,-1.0805535302970397,-1.0805535302970397,0
spsa,standard,268,538.0,-1.090863310691474,-1.090863310691474,0
spsa,standard,269,540.0,-1.0834250224656687,-1.0834250224656687,0
spsa,standard,270,542.0,-1.0919961451518319,-1.0919961451518319,0
spsa,standard,271,544.0,-1.094442487662175,-1.094442487662175,0
spsa,standard,272,546.0,-1.0965280483213204,-1.0965280483213204,0
spsa,standard,273,548.0,-1.0900839639757707,-1.0900839639757707,0
spsa,standard,274,550.0,-1.089796636776759,-1.089796636776759,0
spsa,standard,275,552.0,-1.0873081623044927,-1.0873081623044927,0
spsa,standard,276,554.0,-1.0927611787820948,-1.0927611787820948,0
spsa,standard,277,556.0,-1.0906279424349905,-1.0906279424349905,0
spsa,standard,278,558.0,-1.0959584024981677,-1.0959584024981677,0
spsa,standard,279,560.0,-1.0998868838368727,-1.0998868838368727,0
spsa,standard,280,562.0,-1.0969712016211985,-1.0969712016211985,0
spsa,standard,281,564.0,-1.0955281044008554,-1.0955281044008554,0
spsa,standard,282,566.0,-1.0856698404384506,-1.0856698404384506,0
spsa,standard,283,568.0,-1.0953742055383069,-1.0953742055383069,0
spsa,standard,284,570.0,-1.101103259085297,-1.101103259085297,0
spsa,standard,285,572.0,-1.0917598951253373,-1.0917598951253373,0
spsa,standard,286,574.0,-1.0828154151180063,-1.0828154151180063,0
spsa,standard,287,576.0,-1.0818378506533315,-1.0818378506533315,0
spsa,standard,288,578.0,-1.0942603804414641,-1.0942603804414641,0
spsa,standard,289,580.0,-1.095617849960485,-1.095617849960485,0
spsa,standard,290,582.0,-1.097219086225175,-1.097219086225175,0
spsa,standard,291,584.0,-1.0984327055540872,-1.0984327055540872,0
spsa,standard,292,586.0,-1.095393434395112,-1.095393434395112,0
spsa,standard,293,588.0,-1.1000913208882304,-1.1000913208882304,0
spsa,standard,294,590.0,-1.0926748996781572,-1.0926748996781572,0
spsa,standard,295,592.0,-1.0987734184394027,-1.0987734184394027,0
spsa,standard,296,594.0,-1.0998328404258944,-1.0998328404258944,0
spsa,standard,297,596.0,-1.1080020230056895,-1.1080020230056895,0
spsa,standard,298,598.0,-1.0950599220094501,-1.0950599220094501,0
spsa,standard,299,600.0,-1.0962966695683083,-1.0962966695683083,0
spsa,standard,300,602.0,-1.1003976477138915,-1.1003976477138915,0
spsa,standard,301,604.0,-1.0979820735556787,-1.0979820735556787,0
spsa,standard,302,606.0,-1.099562724076679,-1.099562724076679,0
spsa,standard,303,608.0,-1.1055388236238286,-1.1055388236238286,0
spsa,standard,304,610.0,-1.0937449910611021,-1.0937449910611021,0
spsa,standard,305,612.0,-1.100065199646034,-1.100065199646034,0
spsa,standard,306,614.0,-1.108619536836859,-1.108619536836859,0
spsa,standard,307,616.0,-1.0997485674775782,-1.0997485674775782,0
spsa,standard,308,618.0,-1.100945807710997,-1.100945807710997,0
spsa,standard,309,620.0,-1.0983388737049737,-1.0983388737049737,0
spsa,standard,310,622.0,-1.0988184308315283,-1.0988184308315283,0
spsa,standard,311,624.0,-1.1013217890364604,-1.1013217890364604,0
spsa,standard,312,626.0,-1.1065618274310212,-1.1065618274310212,0
spsa,standard,313,628.0,-1.0981992532919271,-1.0981992532919271,0
spsa,standard,314,630.0,-1.0993717346932073,-1.0993717346932073,0
spsa,standard,315,632.0,-1.09765378338721,-1.09765378338721,0
spsa,standard,316,634.0,-1.1010481381467114,-1.1010481381467114,0
spsa,standard,317,636.0,-1.0873105493616708,-1.0873105493616708,0
spsa,standard,318,638.0,-1.0848324339965572,-1.0848324339965572,0
spsa,standard,319,640.0,-1.0966552650546153,-1.0966552650546153,0
spsa,standard,320,642.0,-1.1002823117259062,-1.1002823117259062,0
spsa,standard,321,644.0,-1.0977533767985121,-1.0977533767985121,0
spsa,standard,322,646.0,-1.0983893696086322,-1.0983893696086322,0
spsa,standard,323,648.0,-1.098361366879512,-1.098361366879512,0
spsa,standard,324,650.0,-1.0943542010313254,-1.0943542010313254,0
spsa,standard,325,652.0,-1.1010524372410417,-1.1010524372410417,0
spsa,standard,326,654.0,-1.0918835495216124,-1.0918835495216124,0
spsa,standard,327,656.0,-1.103204095258107,-1.103204095258107,0
spsa,standard,328,658.0,-1.1050542191057509,-1.1050542191057509,0
spsa,standard,329,660.0,-1.0971512381101771,-1.0971512381101771,0
spsa,standard,330,662.0,-1.0978968537860858,-1.0978968537860858,0
spsa,standard,331,664.0,-1.100356963009931,-1.100356963009931,0
spsa,standard,332,666.0,-1.0990889980016756,-1.0990889980016756,0
spsa,standard,333,668.0,-1.1059109331669692,-1.1059109331669692,0
spsa,standard,334,670.0,-1.1025412401914374,-1.1025412401914374,0
spsa,standard,335,672.0,-1.0937135451242366,-1.0937135451242366,0
spsa,standard,336,674.0,-1.0852988574804954,-1.0852988574804954,0
spsa,standard,337,676.0,-1.1033695436398498,-1.1033695436398498,0
spsa,standard,338,678.0,-1.0998543069215136,-1.0998543069215136,0
spsa,standard,339,680.0,-1.1007775866311544,-1.1007775866311544,0
spsa,standard,340,682.0,-1.104606572189289,-1.104606572189289,0
spsa,standard,341,684.0,-1.1046193167488392,-1.1046193167488392,0
spsa,standard,342,686.0,-1.1012142156175988,-1.1012142156175988,0
spsa,standard,343,688.0,-1.087384552236884,-1.087384552236884,0
spsa,standard,344,690.0,-1.1076282513833182,-1.1076282513833182,0
spsa,standard,345,692.0,-1.1045746416338682,-1.1045746416338682,0
spsa,standard,346,694.0,-1.1067123022005907,-1.1067123022005907,0
spsa,standard,347,696.0,-1.100578944115992,-1.100578944115992,0
spsa,standard,348,698.0,-1.1023023719389364,-1.1023023719389364,0
spsa,standard,349,700.0,-1.104557895937846,-1.104557895937846,0
spsa,standard,350,702.0,-1.1018800341963617,-1.1018800341963617,0
spsa,standard,351,704.0,-1.0969517621117806,-1.0969517621117806,0
spsa,standard,352,706.0,-1.088683025121779,-1.088683025121779,0
spsa,standard,353,708.0,-1.10710526923565,-1.10710526923565,0
spsa,standard,354,710.0,-1.1041586687978233,-1.1041586687978233,0
spsa,standard,355,712.0,-1.1007942754061557,-1.1007942754061557,0
spsa,standard,356,714.0,-1.0966585427203603,-1.0966585427203603,0
spsa,standard,357,716.0,-1.103198303738006,-1.103198303738006,0
spsa,standard,358,718.0,-1.0939409770916437,-1.0939409770916437,0
spsa,standard,359,720.0,-1.110307513690585,-1.110307513690585,0
spsa,standard,360,722.0,-1.1019572296425104,-1.1019572296425104,0
spsa,standard,361,724.0,-1.0969698562485415,-1.0969698562485415,0
spsa,standard,362,726.0,-1.0975160062497222,-1.0975160062497222,0
spsa,standard,363,728.0,-1.1118597840140396,-1.1118597840140396,0
spsa,standard,364,730.0,-1.111345362482536,-1.111345362482536,0
spsa,standard,365,732.0,-1.1065020899034548,-1.1065020899034548,0
spsa,standard,366,734.0,-1.0940696735175433,-1.0940696735175433,0
spsa,standard,367,736.0,-1.0933911681718558,-1.0933911681718558,0
spsa,standard,368,738.0,-1.0997869699105802,-1.0997869699105802,0
spsa,standard,369,740.0,-1.1065750226384226,-1.1065750226384226,0
spsa,standard,370,742.0,-1.0983203800178192,-1.0983203800178192,0
spsa,standard,371,744.0,-1.099681164779514,-1.099681164779514,0
spsa,standard,372,746.0,-1.1069457363660848,-1.1069457363660848,0
spsa,standard,373,748.0,-1.106361425293065,-1.106361425293065,0
spsa,standard,374,750.0,-1.1071263620992293,-1.1071263620992293,0
spsa,standard,375,752.0,-1.1020932248255795,-1.1020932248255795,0
spsa,standard,376,754.0,-1.0912723411136198,-1.0912723411136198,0
spsa,standard,377,756.0,-1.0953147964705807,-1.0953147964705807,0
spsa,standard,378,758.0,-1.1051066375394667,-1.1051066375394667,0
spsa,standard,379,760.0,-1.0988055311686518,-1.0988055311686518,0
spsa,standard,380,762.0,-1.104763669440285,-1.104763669440285,0
spsa,standard,381,764.0,-1.1064625606433247,-1.1064625606433247,0
spsa,standard,382,766.0,-1.1027254139142273,-1.1027254139142273,0
spsa,standard,383,768.0,-1.106137277675197,-1.106137277675197,0
spsa,standard,384,770.0,-1.1008275298035635,-1.1008275298035635,0
spsa,standard,385,772.0,-1.102379100170026,-1.102379100170026,0
spsa,standard,386,774.0,-1.104812235758324,-1.104812235758324,0
spsa,standard,387,776.0,-1.104847722319827,-1.104847722319827,0
spsa,standard,388,778.0,-1.0977330441656044,-1.0977330441656044,0
spsa,standard,389,780.0,-1.1023516521428092,-1.1023516521428092,0
spsa,standard,390,782.0,-1.0860357712301902,-1.0860357712301902,0
spsa,standard,391,784.0,-1.110561654119269,-1.110561654119269,0
spsa,standard,392,786.0,-1.1024370329914297,-1.1024370329914297,0
spsa,standard,393,788.0,-1.1045725440694714,-1.1045725440694714,0
spsa,standard,394,790.0,-1.1094022755973203,-1.1094022755973203,0
spsa,standard,395,792.0,-1.1106883335279991,-1.1106883335279991,0
spsa,standard,396,794.0,-1.1068075432765951,-1.1068075432765951,0
spsa,standard,397,796.0,-1.0995866924016053,-1.0995866924016053,0
spsa,standard,398,798.0,-1.1034425593672084,-1.1034425593672084,0
spsa,standard,399,800.0,-1.0971162840699629,-1.0971162840699629,0
spsa,standard,400,802.0,-1.1094015890181455,-1.1094015890181455,0
spsa,standard,401,804.0,-1.1050917515427363,-1.1050917515427363,0
spsa,standard,402,806.0,-1.1031918521228439,-1.1031918521228439,0
spsa,standard,403,808.0,-1.1112433245403996,-1.1112433245403996,0
spsa,standard,404,810.0,-1.1101075956214541,-1.1101075956214541,0
spsa,standard,405,812.0,-1.1019405406452858,-1.1019405406452858,0
spsa,standard,406,814.0,-1.112808799018984,-1.112808799018984,0
spsa,standard,407,816.0,-1.1133615958720513,-1.1133615958720513,0
spsa,standard,408,818.0,-1.1157153784853113,-1.1157153784853113,0
spsa,standard,409,820.0,-1.1058929596095561,-1.1058929596095561,0
spsa,standard,410,822.0,-1.0999590669886496,-1.0999590669886496,0
spsa,standard,411,824.0,-1.1059005851331092,-1.1059005851331092,0
spsa,standard,412,826.0,-1.1148671134026606,-1.1148671134026606,0
spsa,standard,413,828.0,-1.10992294877364,-1.10992294877364,0
spsa,standard,414,830.0,-1.1080139383737215,-1.1080139383737215,0
spsa,standard,415,832.0,-1.1066286668451726,-1.1066286668451726,0
spsa,standard,416,834.0,-1.1026179218126033,-1.1026179218126033,0
spsa,standard,417,836.0,-1.1070335184013342,-1.1070335184013342,0
spsa,standard,418,838.0,-1.1076560870633103,-1.1076560870633103,0
spsa,standard,419,840.0,-1.1143346630444593,-1.1143346630444593,0
spsa,standard,420,842.0,-1.0978600858321692,-1.0978600858321692,0
spsa,standard,421,844.0,-1.1057492521493681,-1.1057492521493681,0
spsa,standard,422,846.0,-1.1079108499439874,-1.1079108499439874,0
spsa,standard,423,848.0,-1.1074991520440451,-1.1074991520440451,0
spsa,standard,424,850.0,-1.1022558376845475,-1.1022558376845475,0
spsa,standard,425,852.0,-1.1039349917088495,-1.1039349917088495,0
spsa,standard,426,854.0,-1.0991042976818686,-1.0991042976818686,0
spsa,standard,427,856.0,-1.1016386799717277,-1.1016386799717277,0
spsa,standard,428,858.0,-1.1143452041453008,-1.1143452041453008,0
spsa,standard,429,860.0,-1.105012307859977,-1.105012307859977,0
spsa,standard,430,862.0,-1.0956129100926133,-1.0956129100926133,0
spsa,standard,431,864.0,-1.111988599115196,-1.111988599115196,0
spsa,standard,432,866.0,-1.1077953829945493,-1.1077953829945493,0
spsa,standard,433,868.0,-1.0946013188051538,-1.0946013188051538,0
spsa,standard,434,870.0,-1.0992644162097975,-1.0992644162097975,0
spsa,standard,435,872.0,-1.101716770752452,-1.101716770752452,0
spsa,standard,436,874.0,-1.1021241859476727,-1.1021241859476727,0
spsa,standard,437,876.0,-1.0993647821617154,-1.0993647821617154,0
spsa,standard,438,878.0,-1.1014381511512776,-1.1014381511512776,0
spsa,standard,439,880.0,-1.103574718246352,-1.103574718246352,0
spsa,standard,440,882.0,-1.1081006008548648,-1.1081006008548648,0
spsa,standard,441,884.0,-1.1010189467690585,-1.1010189467690585,0
spsa,standard,442,886.0,-1.108907284911791,-1.108907284911791,0
spsa,standard,443,888.0,-1.1028479852444337,-1.1028479852444337,0
spsa,standard,444,890.0,-1.0978049077768097,-1.0978049077768097,0
spsa,standard,445,892.0,-1.1150131867606627,-1.1150131867606627,0
spsa,standard,446,894.0,-1.1102954253364332,-1.1102954253364332,0
spsa,standard,447,896.0,-1.1172907183393566,-1.1172907183393566,0
spsa,standard,448,898.0,-1.1144676317793696,-1.1144676317793696,0
spsa,standard,449,900.0,-1.1097352837137957,-1.1097352837137957,0
spsa,standard,450,902.0,-1.1027451852172865,-1.1027451852172865,0
spsa,standard,451,904.0,-1.1079224156514416,-1.1079224156514416,0
spsa,standard,452,906.0,-1.1110091177434986,-1.1110091177434986,0
spsa,standard,453,908.0,-1.099622063366604,-1.099622063366604,0
spsa,standard,454,910.0,-1.1092731373468085,-1.1092731373468085,0
spsa,standard,455,912.0,-1.1088943082941634,-1.1088943082941634,0
spsa,standard,456,914.0,-1.112385232863544,-1.112385232863544,0
spsa,standard,457,916.0,-1.1063199091999114,-1.1063199091999114,0
spsa,standard,458,918.0,-1.1096112288132454,-1.1096112288132454,0
spsa,standard,459,920.0,-1.104359117022442,-1.104359117022442,0
spsa,standard,460,922.0,-1.1052848715447825,-1.1052848715447825,0
spsa,standard,461,924.0,-1.111989023889247,-1.111989023889247,0
spsa,standard,462,926.0,-1.098257780214913,-1.098257780214913,0
spsa,standard,463,928.0,-1.1058138639744368,-1.1058138639744368,0
spsa,standard,464,930.0,-1.1037293057261506,-1.1037293057261506,0
spsa,standard,465,932.0,-1.111852327253747,-1.111852327253747,0
spsa,standard,466,934.0,-1.1036234540756942,-1.1036234540756942,0
spsa,standard,467,936.0,-1.1037767098109417,-1.1037767098109417,0
spsa,standard,468,938.0,-1.1050674460182446,-1.1050674460182446,0
spsa,standard,469,940.0,-1.104611503426397,-1.104611503426397,0
spsa,standard,470,942.0,-1.1096137524032907,-1.1096137524032907,0
spsa,standard,471,944.0,-1.105868512915123,-1.105868512915123,0
spsa,standard,472,946.0,-1.107946693576642,-1.107946693576642,0
spsa,standard,473,948.0,-1.107656938484297,-1.107656938484297,0
spsa,standard,474,950.0,-1.11147186936427,-1.11147186936427,0
spsa,standard,475,952.0,-1.10097021280877,-1.10097021280877,0
spsa,standard,476,954.0,-1.107934105079201,-1.107934105079201,0
spsa,standard,477,956.0,-1.1143926554924026,-1.1143926554924026,0
spsa,standard,478,958.0,-1.0980502057269255,-1.0980502057269255,0
spsa,standard,479,960.0,-1.1086620966283856,-1.1086620966283856,0
spsa,standard,480,962.0,-1.1139997918795284,-1.1139997918795284,0
spsa,standard,481,964.0,-1.1069709011008508,-1.1069709011008508,0
spsa,standard,482,966.0,-1.110939504793015,-1.110939504793015,0
spsa,standard,483,968.0,-1.111398947940613,-1.111398947940613,0
spsa,standard,484,970.0,-1.1020666740130962,-1.1020666740130962,0
spsa,standard,485,972.0,-1.110392640347429,-1.110392640347429,0
spsa,standard,486,974.0,-1.1071207385581712,-1.1071207385581712,0
spsa,standard,487,976.0,-1.1118265362974755,-1.1118265362974755,0
spsa,standard,488,978.0,-1.121820279727157,-1.121820279727157,0
spsa,standard,489,980.0,-1.1062570862983025,-1.1062570862983025,0
spsa,standard,490,982.0,-1.1091713495035207,-1.1091713495035207,0
spsa,standard,491,984.0,-1.109158117390546,-1.109158117390546,0
spsa,standard,492,986.0,-1.1075259941131272,-1.1075259941131272,0
spsa,standard,493,988.0,-1.1116907899741126,-1.1116907899741126,0
spsa,standard,494,990.0,-1.1133635922177598,-1.1133635922177598,0
spsa,standard,495,992.0,-1.1023713848546264,-1.1023713848546264,0
spsa,standard,496,994.0,-1.1144047631783578,-1.1144047631783578,0
spsa,standard,497,996.0,-1.1028095449310684,-1.1028095449310684,0
spsa,standard,498,998.0,-1.0997578938648278,-1.0997578938648278,0
spsa,standard,499,1000.0,-1.111832842015336,-1.111832842015336,0
spsa,local_global,0,2.0,0.5177928611453785,-0.058373840008318315,0
spsa,local_global,1,4.0,0.5317007454702116,-0.20032506466777358,0
spsa,local_global,2,6.0,0.4893208159473622,-0.2514652109499435,0
spsa,local_global,3,8.0,0.4884484010260274,-0.22178025884826794,0
spsa,local_global,4,10.0,0.4591739607758315,-0.2535909587345287,0
spsa,local_global,5,12.0,0.4563177168717098,-0.31730459738093925,0
spsa,local_global,6,14.0,0.40813873868911055,-0.30983099467584946,0
spsa,local_global,7,16.0,0.406822088728827,-0.32803188616435847,0
spsa,local_global,8,18.0,0.39837142078630305,-0.32585657587441397,0
spsa,local_global,9,20.0,0.3967080769355123,-0.32627394484627303,0
spsa,local_global,10,22.0,0.3984040089869785,-0.3280051071533976,0
spsa,local_global,11,24.0,0.39408217072854423,-0.342672905047957,0
spsa,local_global,12,26.0,0.38691023315826706,-0.35199883415178257,0
spsa,local_global,13,28.0,0.3841352761607747,-0.362826544444614,0
spsa,local_global,14,30.0,0.37866452076797197,-0.3831594932552796,0
spsa,local_global,15,32.0,0.3737203997476477,-0.3734866244977647,0
spsa,local_global,16,34.0,0.3727170022822063,-0.3750743351176574,0
spsa,local_global,17,36.0,0.3693242943993642,-0.3694833219708167,0
spsa,local_global,18,38.0,0.3646507877214865,-0.37815934835089743,0
spsa,local_global,19,40.0,0.36188134434411195,-0.3830427815995375,0
spsa,local_global,20,42.0,0.3668224606472644,-0.3873609909696696,0
spsa,local_global,21,44.0,0.36182352750153557,-0.393181796857199,0
spsa,local_global,22,46.0,0.355296629585938,-0.39128403219126673,0
spsa,local_global,23,48.0,0.36296323933882385,-0.38963012676471137,0
spsa,local_global,24,50.0,0.3533354026316003,-0.4036371567221201,0
spsa,local_global,25,52.0,0.3466193185822112,-0.41102698101856383,0
spsa,local_global,26,54.0,0.3353260235184219,-0.41091127930396015,0
spsa,local_global,27,56.0,0.3294103245469936,-0.4036698746781391,0
spsa,local_global,28,58.0,0.33462186337619304,-0.40421675323660566,0
spsa,local_global,29,60.0,0.3268936407929456,-0.4061535449776338,0
spsa,local_global,30,62.0,0.33125162264499547,-0.4061143614356571,0
spsa,local_global,31,64.0,0.32684772787672556,-0.431785329320212,0
spsa,local_global,32,66.0,0.3184730351858415,-0.43240856670270383,0
spsa,local_global,33,68.0,0.3149305331257026,-0.4361020093691635,0
spsa,local_global,34,70.0,0.3132315469459013,-0.43309893496308627,0
spsa,local_global,35,72.0,0.31220345924021786,-0.4346177152113845,0
spsa,local_global,36,74.0,0.3121011887596309,-0.4469169212324717,0
spsa,local_global,37,76.0,0.31445377968314414,-0.4484191792347387,0
spsa,local_global,38,78.0,0.3154227738698073,-0.44539699206096095,0
spsa,local_global,39,80.0,0.30786801869716895,-0.447102946415755,0
spsa,local_global,40,82.0,0.3057443508834624,-0.4519630725496761,0
spsa,local_global,41,84.0,0.3082399840198894,-0.4493183000214705,0
spsa,local_global,42,86.0,0.31030849237663694,-0.45408994825689064,0
spsa,local_global,43,88.0,0.3053772103877529,-0.4538997357533849,0
spsa,local_global,44,90.0,0.30414669544351447,-0.5073276635718456,0
spsa,local_global,45,92.0,0.2869975314960408,-0.5086085200516638,0
spsa,local_global,46,94.0,0.2850809819891448,-0.5420466399117997,0
spsa,local_global,47,96.0,0.27374136824072137,-0.560813177415069,0
spsa,local_global,48,98.0,0.2734128320768839,-0.5608642296154188,0
spsa,local_global,49,100.0,0.2681963894886178,-0.5608243650156867,0
spsa,local_global,50,102.0,0.26740776802983474,-0.5652590766155005,0
spsa,local_global,51,104.0,0.26658234551967186,-0.5653620960108381,0
spsa,local_global,52,106.0,0.2635034974568079,-0.5674474571986077,0
spsa,local_global,53,108.0,0.26465946129209983,-0.573139727816882,0
spsa,local_global,54,110.0,0.2588817380820095,-0.5731989792276312,0
spsa,local_global,55,112.0,0.2580555806815946,-0.5715635174296574,0
spsa,local_global,56,114.0,0.2599576436966369,-0.5716311854503492,0
spsa,local_global,57,116.0,0.2525611545630435,-0.6001174622143386,0
spsa,local_global,58,118.0,0.24242222841895616,-0.6002528365798292,0
spsa,local_global,59,120.0,0.24898751130489497,-0.5975996162025291,0
spsa,local_global,60,122.0,0.2405369148584961,-0.5982488963432335,0
spsa,local_global,61,124.0,0.24584589881101418,-0.5976778021571023,0
spsa,local_global,62,126.0,0.2416707468956172,-0.5997230611495811,0
spsa,local_global,63,128.0,0.2398584433831121,-0.6063077876480848,0
spsa,local_global,64,130.0,0.24934781225521313,-0.6098860371050927,0
spsa,local_global,65,132.0,-0.5984142977582285,-0.6272340979411357,1
spsa,local_global,66,134.0,-0.6076718513298267,-0.627262097052641,0
spsa,local_global,67,136.0,-0.6077408501675107,-0.6377163419092394,0
spsa,local_global,68,138.0,-0.6228102150970534,-0.6380327240762227,0
spsa,local_global,69,140.0,-0.6170739855319405,-0.6381867341702591,0
spsa,local_global,70,142.0,-0.6183595428704081,-0.6451542675375551,0
spsa,local_global,71,144.0,-0.6330285760888125,-0.6460625161758898,0
spsa,local_global,72,146.0,-0.6213850926552522,-0.647570726344077,0
spsa,local_global,73,148.0,-0.6316490461495099,-0.6507941279205198,0
spsa,local_global,74,150.0,-0.6250145371295852,-0.6522812291205925,0
spsa,local_global,75,152.0,-0.636538017752653,-0.654976876953884,0
spsa,local_global,76,154.0,-0.6368667984898874,-0.6644934623852807,0
spsa,local_global,77,156.0,-0.642206643619782,-0.6773964231934352,0
spsa,local_global,78,158.0,-0.6507250817683854,-0.6794967877990185,0
spsa,local_global,79,160.0,-0.6701121114502784,-0.7276233332910236,0
spsa,local_global,80,162.0,-0.7017942924543729,-0.7277032503533151,0
spsa,local_global,81,164.0,-0.7163952567502541,-0.7339620084938795,0
spsa,local_global,82,166.0,-0.7108685412604285,-0.7494912765475216,0
spsa,local_global,83,168.0,-0.7206929448216123,-0.7508096906405973,0
spsa,local_global,84,170.0,-0.7330579802259971,-0.7617032855532523,0
spsa,local_global,85,172.0,-0.7394659984357346,-0.7685971209154132,0
spsa,local_global,86,174.0,-0.7437405852818044,-0.7712121308231961,0
spsa,local_global,87,176.0,-0.7495306809118862,-0.7817555379155015,0
spsa,local_global,88,178.0,-0.7597564498382987,-0.7824673638326504,0
spsa,local_global,89,180.0,-0.7582606912896939,-0.8173956836134529,0
spsa,local_global,90,182.0,-0.7820282112942812,-0.8176508808915776,0
spsa,local_global,91,184.0,-0.795048554271187,-0.8298393468290096,0
spsa,local_global,92,186.0,-0.815360152747634,-0.8448020820233001,0
spsa,local_global,93,188.0,-0.8305812492823983,-0.8476160683447455,0
spsa,local_global,94,190.0,-0.805321251339843,-0.8476470590347063,0
spsa,local_global,95,192.0,-0.808419190953436,-0.8514263205109465,0
spsa,local_global,96,194.0,-0.8275281277656119,-0.8556536537590408,0
spsa,local_global,97,196.0,-0.8388620741151962,-0.8562074591858062,0
spsa,local_global,98,198.0,-0.83856436738986,-0.8571588264616431,0
spsa,local_global,99,200.0,-0.8249087224951601,-0.8611527930096294,0
spsa,local_global,100,202.0,-0.8264189448535615,-0.8613861054140161,0
spsa,local_global,101,204.0,-0.8195899268588098,-0.8678535386385664,0
spsa,local_global,102,206.0,-0.8266886395895885,-0.8842538299545092,0
spsa,local_global,103,208.0,-0.8451374083588343,-0.8842596420152797,0
spsa,local_global,104,210.0,-0.8489224155538746,-0.8842393857502188,0
spsa,local_global,105,212.0,-0.853243481770205,-0.8948330918548377,0
spsa,local_global,106,214.0,-0.8726839518162278,-0.8959692474981118,0
spsa,local_global,107,216.0,-0.85677689875718,-0.901245972601241,0
spsa,local_global,108,218.0,-0.8745463344251323,-0.9016120870813613,0
spsa,local_global,109,220.0,-0.8811348469540732,-0.9017089209539677,0
spsa,local_global,110,222.0,-0.8762167656697779,-0.9100365797106081,0
spsa,local_global,111,224.0,-0.8834114702913751,-0.91041089299631,0
spsa,local_global,112,226.0,-0.8860406563636534,-0.9104894410809145,0
spsa,local_global,113,228.0,-0.8738084390533811,-0.9140499546017655,0
spsa,local_global,114,230.0,-0.8937770308306064,-0.9140545658009591,0
spsa,local_global,115,232.0,-0.8769729580479693,-0.9144114547511859,0
spsa,local_global,116,234.0,-0.8862810879746619,-0.9203966564413947,0
spsa,local_global,117,236.0,-0.8841889677307275,-0.922816215319875,0
spsa,local_global,118,238.0,-0.8926360753276448,-0.9329936360535254,0
spsa,local_global,119,240.0,-0.8914788770469955,-0.9338115048598389,0
spsa,local_global,120,242.0,-0.90064515613564,-0.9338258360312967,0
spsa,local_global,121,244.0,-0.9138676561866103,-0.9345879924501489,0
spsa,local_global,122,246.0,-0.9098109032566715,-0.9472826640064507,0
spsa,local_global,123,248.0,-0.9184779897029968,-0.9475084731025983,0
spsa,local_global,124,250.0,-0.925364465771056,-0.9489605126571199,0
spsa,local_global,125,252.0,-0.9159959833014371,-0.9608725837486793,0
spsa,local_global,126,254.0,-0.920218870367752,-0.971607867914206,0
spsa,local_global,127,256.0,-0.9486819204816871,-0.9759724995020249,0
spsa,local_global,128,258.0,-0.9547917444187982,-0.9768106442071626,0
spsa,local_global,129,260.0,-0.9617234975863187,-0.9777669442117105,0
spsa,local_global,130,262.0,-0.94416162609635,-0.9789879081357145,0
spsa,local_global,131,264.0,-0.9595382282679819,-0.9895291401561752,0
spsa,local_global,132,266.0,-0.9523425096954674,-0.9901418536580977,0
spsa,local_global,133,268.0,-0.9609555554603872,-0.9902701788790728,0
spsa,local_global,134,270.0,-0.9633718776229394,-0.9923733665900866,0
spsa,local_global,135,272.0,-0.9675844966744769,-1.005812237668823,0
spsa,local_global,136,274.0,-0.9824861713752657,-1.0090236097213534,0
spsa,local_global,137,276.0,-0.9865803952560626,-1.0093358783950586,0
spsa,local_global,138,278.0,-0.9790937688201715,-1.0093355705366824,0
spsa,local_global,139,280.0,-0.9820846430750825,-1.010347677406601,0
spsa,local_global,140,282.0,-0.9819592713303367,-1.0105617053203892,0
spsa,local_global,141,284.0,-0.9789090191449786,-1.0148110373386412,0
spsa,local_global,142,286.0,-0.9868841013389372,-1.0149869699122707,0
spsa,local_global,143,288.0,-0.9856656711044679,-1.0156085319189816,0
spsa,local_global,144,290.0,-0.985798337066329,-1.016341545382596,0
spsa,local_global,145,292.0,-0.9908239869953002,-1.0191705444570895,0
spsa,local_global,146,294.0,-0.9902121708469434,-1.0206787162983415,0
spsa,local_global,147,296.0,-1.0028716246286722,-1.020767121209191,0
spsa,local_global,148,298.0,-0.9973673029254948,-1.0211005107721958,0
spsa,local_global,149,300.0,-0.9931264357025829,-1.0217682373362011,0
spsa,local_global,150,302.0,-0.9791779917439867,-1.022102071143379,0
spsa,local_global,151,304.0,-1.0010511749247546,-1.022519702091673,0
spsa,local_global,152,306.0,-1.0096275455232673,-1.027056246284549,0
spsa,local_global,153,308.0,-1.000984871836935,-1.0334719505263472,0
spsa,local_global,154,310.0,-0.9983738971402301,-1.0337943711013704,0
spsa,local_global,155,312.0,-1.0011332144885416,-1.0338002211330184,0
spsa,local_global,156,314.0,-1.007217394108717,-1.0338230121748566,0
spsa,local_global,157,316.0,-0.9982591851183458,-1.035060911266131,0
spsa,local_global,158,318.0,-1.0083554914901363,-1.0355271526797298,0
spsa,local_global,159,320.0,-1.0155101358301686,-1.0382075254435075,0
spsa,local_global,160,322.0,-1.0124046391201262,-1.039753146718218,0
spsa,local_global,161,324.0,-1.0145411933781006,-1.0397786102012947,0
spsa,local_global,162,326.0,-1.0062107868549415,-1.0414852059664634,0
spsa,local_global,163,328.0,-0.9939238866290463,-1.0443404741826423,0
spsa,local_global,164,330.0,-1.021138239769455,-1.0445414169331204,0
spsa,local_global,165,332.0,-1.0279727283840288,-1.0451390804714973,0
spsa,local_global,166,334.0,-1.0204579351573912,-1.0452864955655805,0
spsa,local_global,167,336.0,-1.0234504271869993,-1.0474586386448557,0
spsa,local_global,168,338.0,-1.016604977214135,-1.0474592341876692,0
spsa,local_global,169,340.0,-1.0203140187689792,-1.0497786074994508,0
spsa,local_global,170,342.0,-1.002458525025531,-1.0498377370393175,0
spsa,local_global,171,344.0,-1.0113384414831117,-1.0517441573584076,0
spsa,local_global,172,346.0,-1.0362935841697982,-1.0517425564294445,0
spsa,local_global,173,348.0,-1.0343787458336378,-1.0543690253310085,0
spsa,local_global,174,350.0,-1.018835735871563,-1.054965931752476,0
spsa,local_global,175,352.0,-1.014086734346987,-1.0551629698118927,0
spsa,local_global,176,354.0,-1.037060824184649,-1.0552058093536547,0
spsa,local_global,177,356.0,-1.0396691887015428,-1.0556611533124447,0
spsa,local_global,178,358.0,-1.022927895511713,-1.0569756408350248,0
spsa,local_global,179,360.0,-1.0379437928928212,-1.0595671430671199,0
spsa,local_global,180,362.0,-1.0375220945018424,-1.0599749297576713,0
spsa,local_global,181,364.0,-1.0403443390514597,-1.060068269702003,0
spsa,local_global,182,366.0,-1.0365023801183542,-1.0601450356019517,0
spsa,local_global,183,368.0,-1.0133044602094672,-1.0614352407051175,0
spsa,local_global,184,370.0,-1.0346318145230553,-1.0620584920989282,0
spsa,local_global,185,372.0,-1.04177129113042,-1.0621677905952394,0
spsa,local_global,186,374.0,-1.0390071220530641,-1.0622302196848181,0
spsa,local_global,187,376.0,-1.0392443419604218,-1.0623117670802975,0
spsa,local_global,188,378.0,-1.0187868726312421,-1.0635643230425869,0
spsa,local_global,189,380.0,-1.0362966472204242,-1.063538176587505,0
spsa,local_global,190,382.0,-1.0318418211846843,-1.0635646534499865,0
spsa,local_global,191,384.0,-1.0344905034813574,-1.0639438584545875,0
spsa,local_global,192,386.0,-1.0265364595841657,-1.0664124759489024,0
spsa,local_global,193,388.0,-1.0383980749981156,-1.066537889718598,0
spsa,local_global,194,390.0,-1.0485916116558802,-1.0668285707922631,0
spsa,local_global,195,392.0,-1.0440758379769635,-1.0674356513021621,0
spsa,local_global,196,394.0,-1.038822979801028,-1.0685747038205589,0
spsa,local_global,197,396.0,-1.0372596974882438,-1.0685737457384705,0
spsa,local_global,198,398.0,-1.0445518055195953,-1.070851869559063,0
spsa,local_global,199,400.0,-1.0411712820627708,-1.071022834580022,0
spsa,local_global,200,402.0,-1.0351906046810282,-1.0710994741567479,0
spsa,local_global,201,404.0,-1.044090630903268,-1.0711889564553156,0
spsa,local_global,202,406.0,-1.0534767315882703,-1.0720431357452087,0
spsa,local_global,203,408.0,-1.038794096995084,-1.0725304447733561,0
spsa,local_global,204,410.0,-1.0525572608019256,-1.072790572008322,0
spsa,local_global,205,412.0,-1.0416318346928368,-1.0727899071969524,0
spsa,local_global,206,414.0,-1.045174769381827,-1.0737407994504464,0
spsa,local_global,207,416.0,-1.04930824917682,-1.0737702675372158,0
spsa,local_global,208,418.0,-1.0441661794114263,-1.0740360005553187,0
spsa,local_global,209,420.0,-1.0504515634164,-1.074824873381204,0
spsa,local_global,210,422.0,-1.0563313288450722,-1.0752591418017825,0
spsa,local_global,211,424.0,-1.0504518707685802,-1.0753176010078314,0
spsa,local_global,212,426.0,-1.04739942485581,-1.0760306875186956,0
spsa,local_global,213,428.0,-1.0490273714163556,-1.0760428805007871,0
spsa,local_global,214,430.0,-1.0606997250402315,-1.0787150098637215,0
spsa,local_global,215,432.0,-1.0534503811313558,-1.078841746649069,0
spsa,local_global,216,434.0,-1.0579308171559578,-1.0788528172435836,0
spsa,local_global,217,436.0,-1.0445173303744424,-1.0788518518432209,0
spsa,local_global,218,438.0,-1.0632903554462585,-1.0800979401823405,0
spsa,local_global,219,440.0,-1.0469321686903688,-1.080578835373616,0
spsa,local_global,220,442.0,-1.0554088882601342,-1.0805969816328287,0
spsa,local_global,221,444.0,-1.0604851836464764,-1.0806071905353265,0
spsa,local_global,222,446.0,-1.0516064980424449,-1.0824711191101049,0
spsa,local_global,223,448.0,-1.0558500592055733,-1.0830090888586479,0
spsa,local_global,224,450.0,-1.0573747605439023,-1.0835596331407638,0
spsa,local_global,225,452.0,-1.0609558046087577,-1.0854069511452382,0
spsa,local_global,226,454.0,-1.050034683354014,-1.0855197805158732,0
spsa,local_global,227,456.0,-1.0535044822368147,-1.0859626579244055,0
spsa,local_global,228,458.0,-1.0631844797254397,-1.0860126507274408,0
spsa,local_global,229,460.0,-1.0661622232223271,-1.0864629248817532,0
spsa,local_global,230,462.0,-1.0684672381917029,-1.0865321563312025,0
spsa,local_global,231,464.0,-1.0570985239846569,-1.0873590960806134,0
spsa,local_global,232,466.0,-1.065861580753173,-1.0874352127739917,0
spsa,local_global,233,468.0,-1.0628878916922186,-1.0874465324036695,0
spsa,local_global,234,470.0,-1.0515561702074538,-1.0879891143245988,0
spsa,local_global,235,472.0,-1.0478665443475697,-1.0882378664979622,0
spsa,local_global,236,474.0,-1.0556105288120268,-1.0885482886042046,0
spsa,local_global,237,476.0,-1.072920466304673,-1.088658916248834,0
spsa,local_global,238,478.0,-1.070280176748833,-1.0887316758939944,0
spsa,local_global,239,480.0,-1.057662238072973,-1.0888597255218477,0
spsa,local_global,240,482.0,-1.060347588589453,-1.0895232892107933,0
spsa,local_global,241,484.0,-1.0616691796474682,-1.0895589114348172,0
spsa,local_global,242,486.0,-1.062008326704918,-1.089593829963317,0
spsa,local_global,243,488.0,-1.0499624994559276,-1.0905401085730546,0
spsa,local_global,244,490.0,-1.0486730415945305,-1.0908280819933043,0
spsa,local_global,245,492.0,-1.0620464715244533,-1.0910868367735822,0
spsa,local_global,246,494.0,-1.065887340039183,-1.0918489827903217,0
spsa,local_global,247,496.0,-1.0700931370328308,-1.092752127078854,0
spsa,local_global,248,498.0,-1.0676572384941547,-1.0927512499699747,0
spsa,local_global,249,500.0,-1.0718077161829833,-1.092765541961476,0
spsa,local_global,250,502.0,-1.0778653028142395,-1.0927710694462613,0
spsa,local_global,251,504.0,-1.07083743858781,-1.092800744845924,0
spsa,local_global,252,506.0,-1.0717066849110517,-1.0931470526721554,0
spsa,local_global,253,508.0,-1.0698591320848914,-1.0931576292576284,0
spsa,local_global,254,510.0,-1.0677521074915186,-1.0932171233777066,0
spsa,local_global,255,512.0,-1.0593771748351815,-1.0932277928467193,0
spsa,local_global,256,514.0,-1.067832507321107,-1.0937760048533611,0
spsa,local_global,257,516.0,-1.08248527891739,-1.0938615378344585,0
spsa,local_global,258,518.0,-1.0686709979535751,-1.0939150350090452,0
spsa,local_global,259,520.0,-1.059441433547713,-1.093943466003079,0
spsa,local_global,260,522.0,-1.0648038349920474,-1.0939471489420933,0
spsa,local_global,261,524.0,-1.0647320479174252,-1.0940252149976122,0
spsa,local_global,262,526.0,-1.0790899757184786,-1.0940338583717828,0
spsa,local_global,263,528.0,-1.0725260217228294,-1.094110651567164,0
spsa,local_global,264,530.0,-1.0621809773294477,-1.0941905258525426,0
spsa,local_global,265,532.0,-1.0592123213081324,-1.0945851303351706,0
spsa,local_global,266,534.0,-1.0519760680429722,-1.0948055977131927,0
spsa,local_global,267,536.0,-1.0419111172743913,-1.0949918836635764,0
spsa,local_global,268,538.0,-1.0731350964917796,-1.0952259090320693,0
spsa,local_global,269,540.0,-1.0608683314327547,-1.0952303901264735,0
spsa,local_global,270,542.0,-1.0748651830323968,-1.095308733210822,0
spsa,local_global,271,544.0,-1.0724791195037502,-1.0953086249441704,0
spsa,local_global,272,546.0,-1.0737343751178274,-1.095400275057168,0
spsa,local_global,273,548.0,-1.0741551231550566,-1.0953993358435694,0
spsa,local_global,274,550.0,-1.0755009533311413,-1.0958192160596945,0
spsa,local_global,275,552.0,-1.0406154848181506,-1.097079019615865,0
spsa,local_global,276,554.0,-1.072547719424709,-1.0970764082050817,0
spsa,local_global,277,556.0,-1.0553894834518316,-1.097105063956534,0
spsa,local_global,278,558.0,-1.0700397933761183,-1.0972499044646733,0
spsa,local_global,279,560.0,-1.074883747277488,-1.0986080538074043,0
spsa,local_global,280,562.0,-1.0688973170810105,-1.099165141445055,0
spsa,local_global,281,564.0,-1.0809135716991891,-1.1003031574714621,0
spsa,local_global,282,566.0,-1.0843164122655709,-1.1003189015779247,0
spsa,local_global,283,568.0,-1.0832555741603007,-1.1003188268135442,0
spsa,local_global,284,570.0,-1.0777205341960947,-1.1005393748308225,0
spsa,local_global,285,572.0,-1.0728603893798438,-1.101399922600774,0
spsa,local_global,286,574.0,-1.0844843364047527,-1.1015269230156512,0
spsa,local_global,287,576.0,-1.0662553291417334,-1.1021096939754622,0
spsa,local_global,288,578.0,-1.0690033618908532,-1.1022182296474918,0
spsa,local_global,289,580.0,-1.0724246907606843,-1.102493901884358,0
spsa,local_global,290,582.0,-1.074848966786638,-1.1024952275488717,0
spsa,local_global,291,584.0,-1.0778518793130285,-1.102734030015381,0
spsa,local_global,292,586.0,-1.0845704732889216,-1.102737767284113,0
spsa,local_global,293,588.0,-1.082173762959951,-1.1032559464721563,0
spsa,local_global,294,590.0,-1.069572101609205,-1.103580444118543,0
spsa,local_global,295,592.0,-1.0845795844140729,-1.1041233771665029,0
spsa,local_global,296,594.0,-1.0651888891137844,-1.1044484610195355,0
spsa,local_global,297,596.0,-1.079995422578184,-1.104608780558641,0
spsa,local_global,298,598.0,-1.0670838380610415,-1.10510450359444,0
spsa,local_global,299,600.0,-1.0740907344123007,-1.105111086609716,0
spsa,local_global,300,602.0,-1.0863716582489005,-1.1054524336621445,0
spsa,local_global,301,604.0,-1.0722792593677974,-1.1055002321423149,0
spsa,local_global,302,606.0,-1.0696554901660673,-1.1055364067598648,0
spsa,local_global,303,608.0,-1.0598128076174655,-1.1059868339195147,0
spsa,local_global,304,610.0,-1.0685947386726182,-1.1060377717486418,0
spsa,local_global,305,612.0,-1.090138362683486,-1.1060611588982476,0
spsa,local_global,306,614.0,-1.067770865676632,-1.1061318588237614,0
spsa,local_global,307,616.0,-1.083370698415107,-1.1062513840946864,0
spsa,local_global,308,618.0,-1.0773233744213773,-1.1062548146476046,0
spsa,local_global,309,620.0,-1.0817113974616308,-1.106478770559016,0
spsa,local_global,310,622.0,-1.0750382956787867,-1.1065483973305268,0
spsa,local_global,311,624.0,-1.083334056936777,-1.1065520512064722,0
spsa,local_global,312,626.0,-1.085818206916922,-1.1065784090606097,0
spsa,local_global,313,628.0,-1.0815716799209072,-1.1065787427629024,0
spsa,local_global,314,630.0,-1.087804965242721,-1.1066234458269828,0
spsa,local_global,315,632.0,-1.0815199792278376,-1.1066751686224876,0
spsa,local_global,316,634.0,-1.0881907172230816,-1.1067400995534737,0
spsa,local_global,317,636.0,-1.092619278808764,-1.107207004676764,0
spsa,local_global,318,638.0,-1.0794036795335993,-1.1072215860313317,0
spsa,local_global,319,640.0,-1.0778625814366465,-1.1073113028601629,0
spsa,local_global,320,642.0,-1.084487304150594,-1.1081283547078793,0
spsa,local_global,321,644.0,-1.0836422447021197,-1.10834779887485,0
spsa,local_global,322,646.0,-1.0776933064031153,-1.1086548791192092,0
spsa,local_global,323,648.0,-1.0790139936956282,-1.1087115923070985,0
spsa,local_global,324,650.0,-1.0895364322376928,-1.1089738971711218,0
spsa,local_global,325,652.0,-1.0893649036580422,-1.1090966132841362,0
spsa,local_global,326,654.0,-1.0823055734820417,-1.1091173719911587,0
spsa,local_global,327,656.0,-1.0916445950913967,-1.1094358370237913,0
spsa,local_global,328,658.0,-1.0899896168563146,-1.1094374138962317,0
spsa,local_global,329,660.0,-1.0801323578859394,-1.1096465184862228,0
spsa,local_global,330,662.0,-1.0843982236681382,-1.1097341887988872,0
spsa,local_global,331,664.0,-1.0914386546554735,-1.1097282032967064,0
spsa,local_global,332,666.0,-1.0699739864670332,-1.1100856478255234,0
spsa,local_global,333,668.0,-1.084870011364555,-1.1101527231148267,0
spsa,local_global,334,670.0,-1.0882068575150108,-1.1102669614091474,0
spsa,local_global,335,672.0,-1.0698577924954984,-1.110262449135861,0
spsa,local_global,336,674.0,-1.0918785803253903,-1.1105331351837882,0
spsa,local_global,337,676.0,-1.0904257463020042,-1.1107057640783473,0
spsa,local_global,338,678.0,-1.0781809033171272,-1.110842651451756,0
spsa,local_global,339,680.0,-1.068680485389717,-1.1108228619990343,0
spsa,local_global,340,682.0,-1.092623854127003,-1.1108832399247814,0
spsa,local_global,341,684.0,-1.0814728763972161,-1.1109419628992454,0
spsa,local_global,342,686.0,-1.0889947429690068,-1.1109421839642095,0
spsa,local_global,343,688.0,-1.0788096822947082,-1.1110819976043707,0
spsa,local_global,344,690.0,-1.085619075613847,-1.1116512990829077,0
spsa,local_global,345,692.0,-1.0901831963820676,-1.1116536601157392,0
spsa,local_global,346,694.0,-1.0867517933325765,-1.111653709406126,0
spsa,local_global,347,696.0,-1.0871345311794995,-1.1116682384159255,0
spsa,local_global,348,698.0,-1.0960226808671591,-1.1119172086504403,0
spsa,local_global,349,700.0,-1.090551750998935,-1.1119460387902311,0
spsa,local_global,350,702.0,-1.0977000999131206,-1.111965886476706,0
spsa,local_global,351,704.0,-1.084733559091875,-1.112116181937223,0
spsa,local_global,352,706.0,-1.0786052674715343,-1.1121090118966799,0
spsa,local_global,353,708.0,-1.079932148019421,-1.112109277093944,0
spsa,local_global,354,710.0,-1.0810887453163684,-1.1121661437791324,0
spsa,local_global,355,712.0,-1.0918128167484213,-1.1122329920691683,0
spsa,local_global,356,714.0,-1.0761988937161693,-1.11230953368921,0
spsa,local_global,357,716.0,-1.0861695915674454,-1.112380840653126,0
spsa,local_global,358,718.0,-1.0821816797341346,-1.1123990693080001,0
spsa,local_global,359,720.0,-1.0897781349102835,-1.112450851541283,0
spsa,local_global,360,722.0,-1.0746953655983122,-1.112454448377275,0
spsa,local_global,361,724.0,-1.071393166255137,-1.112516547571377,0
spsa,local_global,362,726.0,-1.0887778883015735,-1.1125576124428165,0
spsa,local_global,363,728.0,-1.0896364952212836,-1.11255115330862,0
spsa,local_global,364,730.0,-1.0906243692401734,-1.112723995056707,0
spsa,local_global,365,732.0,-1.0570549016306445,-1.1129340754469945,0
spsa,local_global,366,734.0,-1.07254935222924,-1.1129608134608606,0
spsa,local_global,367,736.0,-1.0662681481005982,-1.1129740092832647,0
spsa,local_global,368,738.0,-1.0839942730678056,-1.112971749424742,0
spsa,local_global,369,740.0,-1.0823460648113334,-1.113000020457611,0
spsa,local_global,370,742.0,-1.0825771293657713,-1.1130270977027303,0
spsa,local_global,371,744.0,-1.0815035301350644,-1.1130282086524452,0
spsa,local_global,372,746.0,-1.0869859083412767,-1.1130287070110276,0
spsa,local_global,373,748.0,-1.0767168919147354,-1.1130312305573546,0
spsa,local_global,374,750.0,-1.0908393461333254,-1.1130405281805724,0
spsa,local_global,375,752.0,-1.0937577152536138,-1.1131062261614735,0
spsa,local_global,376,754.0,-1.0824236536511544,-1.113113644499059,0
spsa,local_global,377,756.0,-1.0931199777255145,-1.1131136746087076,0
spsa,local_global,378,758.0,-1.0889916886415896,-1.1133158936851173,0
spsa,local_global,379,760.0,-1.0741772460045862,-1.1133789935033238,0
spsa,local_global,380,762.0,-1.0938427207790595,-1.1134618562094043,0
spsa,local_global,381,764.0,-1.1009277024495825,-1.1134936929797676,0
spsa,local_global,382,766.0,-1.0829632301051657,-1.1134919856392214,0
spsa,local_global,383,768.0,-1.0873635366541996,-1.1135445806508897,0
spsa,local_global,384,770.0,-1.0881785526784529,-1.1136233687688266,0
spsa,local_global,385,772.0,-1.0940612825565785,-1.1136300370116017,0
spsa,local_global,386,774.0,-1.0821168707811726,-1.1136299506626361,0
spsa,local_global,387,776.0,-1.0766878412508738,-1.1136413631343545,0
spsa,local_global,388,778.0,-1.0907722950010177,-1.1137398199878246,0
spsa,local_global,389,780.0,-1.0899959721754173,-1.1138004666678243,0
spsa,local_global,390,782.0,-1.0904447592775912,-1.1138431595296543,0
spsa,local_global,391,784.0,-1.0898096076548818,-1.1138481318721933,0
spsa,local_global,392,786.0,-1.088769877189407,-1.1138549631461647,0
spsa,local_global,393,788.0,-1.0904829730927572,-1.1138382541399237,0
spsa,local_global,394,790.0,-1.0865166421114945,-1.1138850584387836,0
spsa,local_global,395,792.0,-1.083857129902777,-1.114010059568909,0
spsa,local_global,396,794.0,-1.088240763436656,-1.114066475301118,0
spsa,local_global,397,796.0,-1.0989169590071615,-1.1140728862010103,0
spsa,local_global,398,798.0,-1.09724324401988,-1.1141105711318326,0
spsa,local_global,399,800.0,-1.0918437978135485,-1.1145760232829516,0
spsa,local_global,400,802.0,-1.0968111024244507,-1.1145936897189292,0
spsa,local_global,401,804.0,-1.092579768325081,-1.114617200179483,0
spsa,local_global,402,806.0,-1.0889429045532548,-1.1146474884047846,0
spsa,local_global,403,808.0,-1.0807052212264552,-1.1146447121188945,0
spsa,local_global,404,810.0,-1.0787364655624567,-1.114652490305355,0
spsa,local_global,405,812.0,-1.0891291932315244,-1.1148038688909117,0
spsa,local_global,406,814.0,-1.084409149481126,-1.1148307326445344,0
spsa,local_global,407,816.0,-1.0958766836173393,-1.114984577036294,0
spsa,local_global,408,818.0,-1.0843644242168908,-1.1149852026208558,0
spsa,local_global,409,820.0,-1.093529427955059,-1.114986113233593,0
spsa,local_global,410,822.0,-1.0805270689577728,-1.1149849830515017,0
spsa,local_global,411,824.0,-1.0996485765529997,-1.1150063013138527,0
spsa,local_global,412,826.0,-1.09447852891275,-1.1150649826056689,0
spsa,local_global,413,828.0,-1.092910578706079,-1.1152079575648997,0
spsa,local_global,414,830.0,-1.1010703974114548,-1.1153378041608577,0
spsa,local_global,415,832.0,-1.0882630184522477,-1.1153571754364602,0
spsa,local_global,416,834.0,-1.0882373316908471,-1.1154851199765385,0
spsa,local_global,417,836.0,-1.093046124853609,-1.1155039995565923,0
spsa,local_global,418,838.0,-1.0926302243231767,-1.1155687056043146,0
spsa,local_global,419,840.0,-1.0920776515936765,-1.1155846357093064,0
spsa,local_global,420,842.0,-1.0959917690597527,-1.1156418383925726,0
spsa,local_global,421,844.0,-1.0821091568612575,-1.1156491551909429,0
spsa,local_global,422,846.0,-1.0902815158445314,-1.1159563159848924,0
spsa,local_global,423,848.0,-1.0929127931578417,-1.1159616976350104,0
spsa,local_global,424,850.0,-1.0866735713611835,-1.1159590848926237,0
spsa,local_global,425,852.0,-1.0671735818133554,-1.115957479563774,0
spsa,local_global,426,854.0,-1.083925301270824,-1.1159646468227573,0
spsa,local_global,427,856.0,-1.0973425505349161,-1.1159798021545346,0
spsa,local_global,428,858.0,-1.0933841030757567,-1.1159829928844154,0
spsa,local_global,429,860.0,-1.099955849410335,-1.1159892199531718,0
spsa,local_global,430,862.0,-1.0899828696691833,-1.1159893975258928,0
spsa,local_global,431,864.0,-1.099666659374439,-1.1159893822150382,0
spsa,local_global,432,866.0,-1.0964430445401523,-1.1160257641120566,0
spsa,local_global,433,868.0,-1.0758458155816288,-1.1161366336338334,0
spsa,local_global,434,870.0,-1.088331699883324,-1.1162205114379424,0
spsa,local_global,435,872.0,-1.0862819452299606,-1.116234663569052,0
spsa,local_global,436,874.0,-1.0875855370491998,-1.1163107594338335,0
spsa,local_global,437,876.0,-1.0910131323698233,-1.116337212649284,0
spsa,local_global,438,878.0,-1.0903217827404497,-1.1163497747766664,0
spsa,local_global,439,880.0,-1.1035570504049454,-1.1163998682638192,0
spsa,local_global,440,882.0,-1.0886679621397337,-1.1166515987239336,0
spsa,local_global,441,884.0,-1.0944168092061641,-1.1166486376334592,0
spsa,local_global,442,886.0,-1.0831741329683222,-1.1168953775291848,0
spsa,local_global,443,888.0,-1.0904655306694733,-1.1170015614952682,0
spsa,local_global,444,890.0,-1.0932597231426229,-1.117018851346682,0
spsa,local_global,445,892.0,-1.0780368187122047,-1.1171218715440745,0
spsa,local_global,446,894.0,-1.0845954138137286,-1.117119694241577,0
spsa,local_global,447,896.0,-1.0956583271470173,-1.1171509384101383,0
spsa,local_global,448,898.0,-1.0931918367742246,-1.1171544129710838,0
spsa,local_global,449,900.0,-1.0881552978606708,-1.1171601562255522,0
spsa,local_global,450,902.0,-1.0750778264347307,-1.1171639148030947,0
spsa,local_global,451,904.0,-1.0844177723242128,-1.1171617952230752,0
spsa,local_global,452,906.0,-1.0886627976034249,-1.117222023262956,0
spsa,local_global,453,908.0,-1.0984271242886847,-1.1172278878401434,0
spsa,local_global,454,910.0,-1.0964979665658436,-1.117241046048697,0
spsa,local_global,455,912.0,-1.0976491181319348,-1.117505143759024,0
spsa,local_global,456,914.0,-1.1002298725682844,-1.1175872855673132,0
spsa,local_global,457,916.0,-1.0917299502566626,-1.1175860747674065,0
spsa,local_global,458,918.0,-1.097595242147125,-1.1175876636749782,0
spsa,local_global,459,920.0,-1.0980373893928683,-1.1176321313572397,0
spsa,local_global,460,922.0,-1.0886232678356202,-1.11801621017171,0
spsa,local_global,461,924.0,-1.0915145144078253,-1.1180213499432161,0
spsa,local_global,462,926.0,-1.094700307205649,-1.1180440598931973,0
spsa,local_global,463,928.0,-1.0949755975624171,-1.1180663452379955,0
spsa,local_global,464,930.0,-1.1047727937080625,-1.1180726981756366,0
spsa,local_global,465,932.0,-1.0963562531865425,-1.118156360215535,0
spsa,local_global,466,934.0,-1.1040601678880555,-1.1182099881727063,0
spsa,local_global,467,936.0,-1.0918866439605581,-1.1182518611947578,0
spsa,local_global,468,938.0,-1.0761317196205367,-1.1182534980887793,0
spsa,local_global,469,940.0,-1.098941978976923,-1.1182535237553721,0
spsa,local_global,470,942.0,-1.1050496475227094,-1.1182792962435673,0
spsa,local_global,471,944.0,-1.0964978752876564,-1.1182917301220257,0
spsa,local_global,472,946.0,-1.076480759891579,-1.1183676137313203,0
spsa,local_global,473,948.0,-1.0750011784885132,-1.118367034482724,0
spsa,local_global,474,950.0,-1.0996333480118956,-1.1186009460921174,0
spsa,local_global,475,952.0,-1.0896723105384503,-1.1186918142072184,0
spsa,local_global,476,954.0,-1.097639416017677,-1.1186925755961306,0
spsa,local_global,477,956.0,-1.1050062514524701,-1.118752806732752,0
spsa,local_global,478,958.0,-1.0880149416290839,-1.1187772018295326,0
spsa,local_global,479,960.0,-1.0997582042708283,-1.1187887515704364,0
spsa,local_global,480,962.0,-1.0800058912216268,-1.1187990809188848,0
spsa,local_global,481,964.0,-1.092085641877817,-1.1187997079808922,0
spsa,local_global,482,966.0,-1.098281689502841,-1.1187995300229632,0
spsa,local_global,483,968.0,-1.0857618334630446,-1.118840834080005,0
spsa,local_global,484,970.0,-1.0872765133210764,-1.1188436895194502,0
spsa,local_global,485,972.0,-1.0919336980391647,-1.1189346828581899,0
spsa,local_global,486,974.0,-1.0953187500410826,-1.1189484230903934,0
spsa,local_global,487,976.0,-1.098566001135338,-1.1189622073681897,0
spsa,local_global,488,978.0,-1.1033604601333495,-1.1189632176141657,0
spsa,local_global,489,980.0,-1.0917429644809329,-1.1189772988670612,0
spsa,local_global,490,982.0,-1.0749100928143522,-1.1189789938072112,0
spsa,local_global,491,984.0,-1.1008534016762657,-1.1190279829647316,0
spsa,local_global,492,986.0,-1.0950153597390673,-1.1190717784133588,0
spsa,local_global,493,988.0,-1.067047821237412,-1.119076143555769,0
spsa,local_global,494,990.0,-1.0830808026878382,-1.1190949232262104,0
spsa,local_global,495,992.0,-1.0807760150425882,-1.1191091473401225,0
spsa,local_global,496,994.0,-1.084912083560298,-1.119105016242777,0
spsa,local_global,497,996.0,-1.0962082810196705,-1.1191335507509743,0
spsa,local_global,498,998.0,-1.0887331388856574,-1.1193907477250749,0
spsa,local_global,499,1000.0,-1.0943773178584728,-1.1193910186340998,0
spsa,adiabatic,0,2.0,0.5177928611453785,-0.058373840008318315,0
spsa,adiabatic,1,4.0,0.5317007454702116,-0.20032506466777358,0
spsa,adiabatic,2,6.0,0.4893208159473622,-0.2514652109499435,0
spsa,adiabatic,3,8.0,0.4884484010260274,-0.22178025884826794,0
spsa,adiabatic,4,10.0,0.4591739607758315,-0.2535909587345287,0
spsa,adiabatic,5,12.0,0.4563177168717098,-0.31730459738093925,0
spsa,adiabatic,6,14.0,0.40813873868911055,-0.30983099467584946,0
spsa,adiabatic,7,16.0,0.406822088728827,-0.32803188616435847,0
spsa,adiabatic,8,18.0,0.39837142078630305,-0.32585657587441397,0
spsa,adiabatic,9,20.0,0.3967080769355123,-0.32627394484627303,0
spsa,adiabatic,10,22.0,0.3984040089869785,-0.3280051071533976,0
spsa,adiabatic,11,24.0,0.39408217072854423,-0.342672905047957,0
spsa,adiabatic,12,26.0,0.38691023315826706,-0.35199883415178257,0
spsa,adiabatic,13,28.0,0.3841352761607747,-0.362826544444614,0
spsa,adiabatic,14,30.0,0.37866452076797197,-0.3831594932552796,0
spsa,adiabatic,15,32.0,0.3737203997476477,-0.3734866244977647,0
spsa,adiabatic,16,34.0,0.3727170022822063,-0.3750743351176574,0
spsa,adiabatic,17,36.0,0.3693242943993642,-0.3694833219708167,0
spsa,adiabatic,18,38.0,0.3646507877214865,-0.37815934835089743,0
spsa,adiabatic,19,40.0,0.36188134434411195,-0.3830427815995375,0
spsa,adiabatic,20,42.0,0.3668224606472644,-0.3873609909696696,0
spsa,adiabatic,21,44.0,0.36182352750153557,-0.393181796857199,0
spsa,adiabatic,22,46.0,0.355296629585938,-0.39128403219126673,0
spsa,adiabatic,23,48.0,0.36296323933882385,-0.38963012676471137,0
spsa,adiabatic,24,50.0,0.3533354026316003,-0.4036371567221201,0
spsa,adiabatic,25,52.0,0.3466193185822112,-0.41102698101856383,0
spsa,adiabatic,26,54.0,0.3353260235184219,-0.41091127930396015,0
spsa,adiabatic,27,56.0,0.3294103245469936,-0.4036698746781391,0
spsa,adiabatic,28,58.0,0.33462186337619304,-0.40421675323660566,0
spsa,adiabatic,29,60.0,0.3268936407929456,-0.4061535449776338,0
spsa,adiabatic,30,62.0,0.33125162264499547,-0.4061143614356571,0
spsa,adiabatic,31,64.0,0.32684772787672556,-0.431785329320212,0
spsa,adiabatic,32,66.0,0.3184730351858415,-0.43240856670270383,0
spsa,adiabatic,33,68.0,0.3149305331257026,-0.4361020093691635,0
spsa,adiabatic,34,70.0,0.3132315469459013,-0.43309893496308627,0
spsa,adiabatic,35,72.0,0.31220345924021786,-0.4346177152113845,0
spsa,adiabatic,36,74.0,0.3121011887596309,-0.4469169212324717,0
spsa,adiabatic,37,76.0,0.31445377968314414,-0.4484191792347387,0
spsa,adiabatic,38,78.0,0.3154227738698073,-0.44539699206096095,0
spsa,adiabatic,39,80.0,0.30786801869716895,-0.447102946415755,0
spsa,adiabatic,40,82.0,0.3057443508834624,-0.4519630725496761,0
spsa,adiabatic,41,84.0,0.3082399840198894,-0.4493183000214705,0
spsa,adiabatic,42,86.0,0.31030849237663694,-0.45408994825689064,0
spsa,adiabatic,43,88.0,0.3053772103877529,-0.4538997357533849,0
spsa,adiabatic,44,90.0,0.30414669544351447,-0.5073276635718456,0
spsa,adiabatic,45,92.0,0.2869975314960408,-0.5086085200516638,0
spsa,adiabatic,46,94.0,0.2850809819891448,-0.5420466399117997,0
spsa,adiabatic,47,96.0,0.27374136824072137,-0.560813177415069,0
spsa,adiabatic,48,98.0,0.2734128320768839,-0.5608642296154188,0
spsa,adiabatic,49,100.0,0.2681963894886178,-0.5608243650156867,0
spsa,adiabatic,50,102.0,0.17658744944331028,-0.5666152020751617,0
spsa,adiabatic,51,104.0,0.17580551636072633,-0.5668265839149501,0
spsa,adiabatic,52,106.0,0.1724640366666811,-0.5690500489607832,0
spsa,adiabatic,53,108.0,0.173635013173518,-0.5748893267736249,0
spsa,adiabatic,54,110.0,0.1672633735906349,-0.57495859030605,0
spsa,adiabatic,55,112.0,0.16698264188184142,-0.5740497639106429,0
spsa,adiabatic,56,114.0,0.16914185155626593,-0.5741027326425842,0
spsa,adiabatic,57,116.0,0.16029649350636144,-0.6060231975278642,0
spsa,adiabatic,58,118.0,0.14817647287976624,-0.6061668706918203,0
spsa,adiabatic,59,120.0,0.15597977446997302,-0.6044961697607372,0
spsa,adiabatic,60,122.0,0.14613029358891366,-0.6060918724757318,0
spsa,adiabatic,61,124.0,0.15238321061120919,-0.6059328328496753,0
spsa,adiabatic,62,126.0,0.14794742499622665,-0.6083653141231953,0
spsa,adiabatic,63,128.0,0.1452246868201334,-0.6158113714014846,0
spsa,adiabatic,64,130.0,0.1561301621234119,-0.6207925186131361,0
spsa,adiabatic,65,132.0,0.1389201126311564,-0.6259060441373695,0
spsa,adiabatic,66,134.0,0.14188392393260887,-0.6263528894120849,0
spsa,adiabatic,67,136.0,0.13924318674696484,-0.632283292811903,0
spsa,adiabatic,68,138.0,0.13343858477228884,-0.6336310421897721,0
spsa,adiabatic,69,140.0,0.1339886474695206,-0.6335106138854677,0
spsa,adiabatic,70,142.0,0.1330466143728215,-0.6386863389857803,0
spsa,adiabatic,71,144.0,0.12850965159345948,-0.6390419691134129,0
spsa,adiabatic,72,146.0,0.1293544270783049,-0.6409368059672312,0
spsa,adiabatic,73,148.0,0.12652494755350407,-0.6411564239261468,0
spsa,adiabatic,74,150.0,0.13401752042702114,-0.6408168923275,0
spsa,adiabatic,75,152.0,0.1242411299191755,-0.6416421065361657,0
spsa,adiabatic,76,154.0,0.1260372332358446,-0.6490732115136085,0
spsa,adiabatic,77,156.0,0.1274038940530705,-0.6552771130770516,0
spsa,adiabatic,78,158.0,0.12605468075219517,-0.655317033781998,0
spsa,adiabatic,79,160.0,0.11420743414123445,-0.6846770295914674,0
spsa,adiabatic,80,162.0,0.10966302206361851,-0.6854893186758684,0
spsa,adiabatic,81,164.0,0.10297117441541165,-0.68750539087255,0
spsa,adiabatic,82,166.0,0.10386446744551898,-0.7074690679621644,0
spsa,adiabatic,83,168.0,0.09966924911559369,-0.7070681903706267,0
spsa,adiabatic,84,170.0,0.09281028702037424,-0.7098546594929993,0
spsa,adiabatic,85,172.0,0.09260154979592367,-0.7205561864983218,0
spsa,adiabatic,86,174.0,0.08606850749501975,-0.7207073142109768,0
spsa,adiabatic,87,176.0,0.08396075294829153,-0.7224239014385391,0
spsa,adiabatic,88,178.0,0.08478662248414895,-0.7232746738968396,0
spsa,adiabatic,89,180.0,0.08390056447969434,-0.7511101183067008,0
spsa,adiabatic,90,182.0,0.08194078013556236,-0.7505734389319639,0
spsa,adiabatic,91,184.0,0.07423471580243116,-0.7626293272781839,0
spsa,adiabatic,92,186.0,0.0679719425772543,-0.765287446891261,0
spsa,adiabatic,93,188.0,0.06736366611743459,-0.7654265138549494,0
spsa,adiabatic,94,190.0,0.07525992786459955,-0.7675984754513957,0
spsa,adiabatic,95,192.0,0.072260389266004,-0.7677936740721174,0
spsa,adiabatic,96,194.0,0.06874366661569425,-0.7692584706002327,0
spsa,adiabatic,97,196.0,0.06635797982493019,-0.7702019133468143,0
spsa,adiabatic,98,198.0,0.06556333204046824,-0.7700366143716202,0
spsa,adiabatic,99,200.0,0.06976780640001493,-0.7761638216774603,0
spsa,adiabatic,100,202.0,-0.034770098116375873,-0.7784024110841162,0
spsa,adiabatic,101,204.0,-0.03331819267117114,-0.7836798232474675,0
spsa,adiabatic,102,206.0,-0.03211941718576411,-0.7932590018851905,0
spsa,adiabatic,103,208.0,-0.04289276078706869,-0.7944126435795361,0
spsa,adiabatic,104,210.0,-0.04486552966247722,-0.7959713137877324,0
spsa,adiabatic,105,212.0,-0.042646258166673424,-0.8001425341239242,0
spsa,adiabatic,106,214.0,-0.04902980295430507,-0.808724166994448,0
spsa,adiabatic,107,216.0,-0.04455466414409809,-0.8086884791904065,0
spsa,adiabatic,108,218.0,-0.053288131092274066,-0.8093148853008595,0
spsa,adiabatic,109,220.0,-0.05401850913811701,-0.8099408132279589,0
spsa,adiabatic,110,222.0,-0.05683699035854067,-0.8099794484494881,0
spsa,adiabatic,111,224.0,-0.053975349244450965,-0.8117439279917845,0
spsa,adiabatic,112,226.0,-0.05448959535092502,-0.8124136924999392,0
spsa,adiabatic,113,228.0,-0.05117893609971111,-0.8144112671894995,0
spsa,adiabatic,114,230.0,-0.05834245213846764,-0.821477660229852,0
spsa,adiabatic,115,232.0,-0.053964462829962284,-0.8211126887584108,0
spsa,adiabatic,116,234.0,-0.05992002091052592,-0.8244690893234633,0
spsa,adiabatic,117,236.0,-0.05849686205325083,-0.8254982595611764,0
spsa,adiabatic,118,238.0,-0.060231158416889655,-0.8302675394309303,0
spsa,adiabatic,119,240.0,-0.05809835007520323,-0.8310053692623222,0
spsa,adiabatic,120,242.0,-0.06282218420164452,-0.8329762398518272,0
spsa,adiabatic,121,244.0,-0.06708944934382549,-0.8325482604629255,0
spsa,adiabatic,122,246.0,-0.06355897917190464,-0.8472649117965998,0
spsa,adiabatic,123,248.0,-0.07314664761230394,-0.8472470119020115,0
spsa,adiabatic,124,250.0,-0.0758532564283316,-0.8471891865920571,0
spsa,adiabatic,125,252.0,-0.0728947893569934,-0.8493185055080726,0
spsa,adiabatic,126,254.0,-0.06803099476774835,-0.8488784943246076,0
spsa,adiabatic,127,256.0,-0.07746310513240622,-0.8530331338293041,0
spsa,adiabatic,128,258.0,-0.077940116196691,-0.8543159856609,0
spsa,adiabatic,129,260.0,-0.0812220029265415,-0.8556218593920922,0
spsa,adiabatic,130,262.0,-0.08002324696341133,-0.8567799499324813,0
spsa,adiabatic,131,264.0,-0.08428731689051472,-0.8704638793069626,0
spsa,adiabatic,132,266.0,-0.08328457846794196,-0.8704245994782293,0
spsa,adiabatic,133,268.0,-0.08476421040191712,-0.8711062677510388,0
spsa,adiabatic,134,270.0,-0.08895587137189348,-0.8752711894776517,0
spsa,adiabatic,135,272.0,-0.08526863863348988,-0.8783887183180445,0
spsa,adiabatic,136,274.0,-0.0925853087049649,-0.8814726823739232,0
spsa,adiabatic,137,276.0,-0.09416320801296835,-0.8828199246642859,0
spsa,adiabatic,138,278.0,-0.09181884035454796,-0.8863345936328223,0
spsa,adiabatic,139,280.0,-0.09389495922048785,-0.8874667047067043,0
spsa,adiabatic,140,282.0,-0.09336274413775787,-0.8875782521026383,0
spsa,adiabatic,141,284.0,-0.08998866739248201,-0.8945515252784978,0
spsa,adiabatic,142,286.0,-0.09577579846420464,-0.894495446603004,0
spsa,adiabatic,143,288.0,-0.09585466608094133,-0.8944931373251483,0
spsa,adiabatic,144,290.0,-0.09507246149699576,-0.8949326841705714,0
spsa,adiabatic,145,292.0,-0.09714532969107835,-0.8977122583921076,0
spsa,adiabatic,146,294.0,-0.0992670619638067,-0.8977522343085863,0
spsa,adiabatic,147,296.0,-0.10035664493082413,-0.9018749922163496,0
spsa,adiabatic,148,298.0,-0.10687688679253621,-0.9027691413655957,0
spsa,adiabatic,149,300.0,-0.10126581781519813,-0.9040196598686867,0
spsa,adiabatic,150,302.0,-0.2022758142158298,-0.9060259720514391,0
spsa,adiabatic,151,304.0,-0.21607696191668574,-0.9073639032172066,0
spsa,adiabatic,152,306.0,-0.22652748223847297,-0.9089523325319703,0
spsa,adiabatic,153,308.0,-0.21554238988050628,-0.9092383959375534,0
spsa,adiabatic,154,310.0,-0.2141322522953376,-0.9098378645559009,0
spsa,adiabatic,155,312.0,-0.2149918026056006,-0.9100367584201422,0
spsa,adiabatic,156,314.0,-0.21890506610304272,-0.9114600929423471,0
spsa,adiabatic,157,316.0,-0.21500090391621307,-0.9117022270464855,0
spsa,adiabatic,158,318.0,-0.2226985930650896,-0.9120424922448973,0
spsa,adiabatic,159,320.0,-0.22633920960808745,-0.9194326326000904,0
spsa,adiabatic,160,322.0,-0.22498092198287442,-0.9194975502493226,0
spsa,adiabatic,161,324.0,-0.22274728264576538,-0.9194767209894635,0
spsa,adiabatic,162,326.0,-0.22209040799324498,-0.9202130619278612,0
spsa,adiabatic,163,328.0,-0.21189167266299241,-0.9232833463099605,0
spsa,adiabatic,164,330.0,-0.2256509642068587,-0.926803473127092,0
spsa,adiabatic,165,332.0,-0.23666015612826846,-0.9282758763872576,0
spsa,adiabatic,166,334.0,-0.23044018053233079,-0.9298879768716284,0
spsa,adiabatic,167,336.0,-0.23476021924770674,-0.9298889773245551,0
spsa,adiabatic,168,338.0,-0.22787296517806782,-0.9317787493827929,0
spsa,adiabatic,169,340.0,-0.23299804448257935,-0.9355763729491876,0
spsa,adiabatic,170,342.0,-0.21740724244171739,-0.9355938332900581,0
spsa,adiabatic,171,344.0,-0.23215155773709095,-0.9358746775609988,0
spsa,adiabatic,172,346.0,-0.24006091806739202,-0.935840340813515,0
spsa,adiabatic,173,348.0,-0.24114181204323085,-0.9358682854122731,0
spsa,adiabatic,174,350.0,-0.22934367710113363,-0.9384247122963334,0
spsa,adiabatic,175,352.0,-0.2259763858223045,-0.9389514812567566,0
spsa,adiabatic,176,354.0,-0.24012219900141632,-0.9392199596015275,0
spsa,adiabatic,177,356.0,-0.24238392851296123,-0.9393477317994041,0
spsa,adiabatic,178,358.0,-0.23321620134445847,-0.939334448969769,0
spsa,adiabatic,179,360.0,-0.2385554606223454,-0.9394041889849983,0
spsa,adiabatic,180,362.0,-0.23751132412591608,-0.9394399931717556,0
spsa,adiabatic,181,364.0,-0.23546604650573943,-0.9401842280110294,0
spsa,adiabatic,182,366.0,-0.23423566664472026,-0.9406010282303789,0
spsa,adiabatic,183,368.0,-0.23076674121961438,-0.9460916868066171,0
spsa,adiabatic,184,370.0,-0.24103798471238597,-0.946081120597601,0
spsa,adiabatic,185,372.0,-0.24171244044220241,-0.9474778375940976,0
spsa,adiabatic,186,374.0,-0.24091447962718643,-0.9476504755320542,0
spsa,adiabatic,187,376.0,-0.24394726235336803,-0.9489045250066196,0
spsa,adiabatic,188,378.0,-0.2414583930144521,-0.9526135191737509,0
spsa,adiabatic,189,380.0,-0.2417227414423816,-0.9525986285515026,0
spsa,adiabatic,190,382.0,-0.23613887062053196,-0.9527205407840407,0
spsa,adiabatic,191,384.0,-0.2422446373123223,-0.9553088922948146,0
spsa,adiabatic,192,386.0,-0.23829071681205952,-0.9572378268396109,0
spsa,adiabatic,193,388.0,-0.2426851658139767,-0.9573262552571794,0
spsa,adiabatic,194,390.0,-0.24715615045260367,-0.9593797153429294,0
spsa,adiabatic,195,392.0,-0.24769286274604016,-0.9593428984500565,0
spsa,adiabatic,196,394.0,-0.24722381099758411,-0.9593359727244292,0
spsa,adiabatic,197,396.0,-0.24580869102266978,-0.9598281770767052,0
spsa,adiabatic,198,398.0,-0.24991033687726305,-0.9599803061664516,0
spsa,adiabatic,199,400.0,-0.24737493594532517,-0.9606352021683437,0
spsa,adiabatic,200,402.0,-0.3562614783809531,-0.9607305915160343,0
spsa,adiabatic,201,404.0,-0.3650880685007385,-0.9607275672967195,0
spsa,adiabatic,202,406.0,-0.36909181483854586,-0.9626500243281267,0
spsa,adiabatic,203,408.0,-0.3595198230734096,-0.9629105315603861,0
spsa,adiabatic,204,410.0,-0.3672781679676509,-0.9634356457884677,0
spsa,adiabatic,205,412.0,-0.36617650195342627,-0.9670773080117945,0
spsa,adiabatic,206,414.0,-0.3701033679726123,-0.9672259924406268,0
spsa,adiabatic,207,416.0,-0.3707842756129637,-0.9672939553247467,0
spsa,adiabatic,208,418.0,-0.36436868926816207,-0.9674361654668985,0
spsa,adiabatic,209,420.0,-0.3636127426311243,-0.967569822535565,0
spsa,adiabatic,210,422.0,-0.37344822282825263,-0.972064522570979,0
spsa,adiabatic,211,424.0,-0.3706468055952842,-0.9720418979494153,0
spsa,adiabatic,212,426.0,-0.3698226575587914,-0.9724029212295068,0
spsa,adiabatic,213,428.0,-0.37445760797883676,-0.9727051117076404,0
spsa,adiabatic,214,430.0,-0.3764901356561568,-0.9845994327696834,0
spsa,adiabatic,215,432.0,-0.3810732494076443,-0.9849861125307502,0
spsa,adiabatic,216,434.0,-0.38177421728847827,-0.9851903079479659,0
spsa,adiabatic,217,436.0,-0.37837509428369964,-0.9852128410541661,0
spsa,adiabatic,218,438.0,-0.3832130299790726,-0.9876683166463435,0
spsa,adiabatic,219,440.0,-0.3790410701120057,-0.9877218443853719,0
spsa,adiabatic,220,442.0,-0.38372890971825385,-0.987769027846595,0
spsa,adiabatic,221,444.0,-0.3799354079927072,-0.9882391575265995,0
spsa,adiabatic,222,446.0,-0.38022715254005324,-0.9910598090499896,0
spsa,adiabatic,223,448.0,-0.38415860854137773,-0.9915570331746137,0
spsa,adiabatic,224,450.0,-0.38542582279960047,-0.9915396800026066,0
spsa,adiabatic,225,452.0,-0.38270820528346394,-0.991481668317468,0
spsa,adiabatic,226,454.0,-0.3796402672224156,-0.9919823150276839,0
spsa,adiabatic,227,456.0,-0.38299262439187615,-0.9935263763443394,0
spsa,adiabatic,228,458.0,-0.38546793455792616,-0.9955906796759598,0
spsa,adiabatic,229,460.0,-0.38476561485451444,-0.9982524282924424,0
spsa,adiabatic,230,462.0,-0.3926812119506826,-0.9982098988802137,0
spsa,adiabatic,231,464.0,-0.38842060204118734,-0.9981623785028437,0
spsa,adiabatic,232,466.0,-0.3878938227666971,-0.9986461894456271,0
spsa,adiabatic,233,468.0,-0.39075609404970035,-0.9986726040427077,0
spsa,adiabatic,234,470.0,-0.3818621503660421,-0.9987395106029094,0
spsa,adiabatic,235,472.0,-0.3785542314788156,-0.9988605578120491,0
spsa,adiabatic,236,474.0,-0.3907126620739885,-0.9990536313107568,0
spsa,adiabatic,237,476.0,-0.39044668017634365,-0.9995766070072708,0
spsa,adiabatic,238,478.0,-0.39156132721053727,-0.9996691178306714,0
spsa,adiabatic,239,480.0,-0.38613660777461706,-1.0010428002984078,0
spsa,adiabatic,240,482.0,-0.3896749907274207,-1.002060610051602,0
spsa,adiabatic,241,484.0,-0.38686565856911453,-1.0020372186100048,0
spsa,adiabatic,242,486.0,-0.3921982752348855,-1.0022510180203834,0
spsa,adiabatic,243,488.0,-0.3818008034856093,-1.002210226518772,0
spsa,adiabatic,244,490.0,-0.38446322771444935,-1.0024742602361014,0
spsa,adiabatic,245,492.0,-0.3890267628301947,-1.0061554879893067,0
spsa,adiabatic,246,494.0,-0.38769158554483507,-1.0072814115276745,0
spsa,adiabatic,247,496.0,-0.39436896789746834,-1.0072490914107814,0
spsa,adiabatic,248,498.0,-0.3926981205025396,-1.0085605046910229,0
spsa,adiabatic,249,500.0,-0.39332426221615824,-1.0088599314860975,0
spsa,adiabatic,250,502.0,-0.5161649301134428,-1.0088672564423022,0
spsa,adiabatic,251,504.0,-0.5122839242210355,-1.0088966815187355,0
spsa,adiabatic,252,506.0,-0.5171396035337683,-1.010529572481448,0
spsa,adiabatic,253,508.0,-0.5126833611138059,-1.011292798654811,0
spsa,adiabatic,254,510.0,-0.513776505409284,-1.0113328350655921,0
spsa,adiabatic,255,512.0,-0.5085142186941269,-1.0115245882404478,0
spsa,adiabatic,256,514.0,-0.5124379124897394,-1.0119737087693272,0
spsa,adiabatic,257,516.0,-0.5237274623790171,-1.012227693625162,0
spsa,adiabatic,258,518.0,-0.5088789974108492,-1.0130470287668867,0
spsa,adiabatic,259,520.0,-0.5142673534370187,-1.0130505609461284,0
spsa,adiabatic,260,522.0,-0.5126762978328778,-1.0155335512400987,0
spsa,adiabatic,261,524.0,-0.5158109969059723,-1.0160222942379895,0
spsa,adiabatic,262,526.0,-0.5235102111426647,-1.0160544563862262,0
spsa,adiabatic,263,528.0,-0.5187529035875056,-1.0167319027009862,0
spsa,adiabatic,264,530.0,-0.5140117174886085,-1.0179193801769324,0
spsa,adiabatic,265,532.0,-0.5138556717783138,-1.0182842836939223,0
spsa,adiabatic,266,534.0,-0.5075311152055946,-1.01833818333717,0
spsa,adiabatic,267,536.0,-0.5059963515885622,-1.0189947914866264,0
spsa,adiabatic,268,538.0,-0.5164916799790671,-1.0192835250570293,0
spsa,adiabatic,269,540.0,-0.5199554113378706,-1.0192256121675087,0
spsa,adiabatic,270,542.0,-0.5216445074845112,-1.0193924958044192,0
spsa,adiabatic,271,544.0,-0.5228839489266743,-1.0193794412512356,0
spsa,adiabatic,272,546.0,-0.5240438195183885,-1.019570387850716,0
spsa,adiabatic,273,548.0,-0.5226215707097505,-1.019577521509992,0
spsa,adiabatic,274,550.0,-0.5231952210295214,-1.0205836313545213,0
spsa,adiabatic,275,552.0,-0.5019513026560298,-1.0216598199421112,0
spsa,adiabatic,276,554.0,-0.5264776852853279,-1.0217114811344068,0
spsa,adiabatic,277,556.0,-0.5144200124019203,-1.0217648972096496,0
spsa,adiabatic,278,558.0,-0.5232948248727722,-1.021767142012568,0
spsa,adiabatic,279,560.0,-0.5199298698778145,-1.0240845513697243,0
spsa,adiabatic,280,562.0,-0.5218958960501183,-1.025178343683686,0
spsa,adiabatic,281,564.0,-0.5237275521203901,-1.0254595410362264,0
spsa,adiabatic,282,566.0,-0.5283441907159094,-1.0255793910786202,0
spsa,adiabatic,283,568.0,-0.5278866300587312,-1.0257139337066923,0
spsa,adiabatic,284,570.0,-0.5254740129644278,-1.02584687865743,0
spsa,adiabatic,285,572.0,-0.5245692816242324,-1.0261367277571043,0
spsa,adiabatic,286,574.0,-0.5299796830069705,-1.0267576732421604,0
spsa,adiabatic,287,576.0,-0.5241470301269966,-1.0286029644888837,0
spsa,adiabatic,288,578.0,-0.5249835790044106,-1.0292279645488165,0
spsa,adiabatic,289,580.0,-0.5260893698552689,-1.0292130523641565,0
spsa,adiabatic,290,582.0,-0.5250641186575371,-1.0299480297594574,0
spsa,adiabatic,291,584.0,-0.5301915791224501,-1.0305941345922927,0
spsa,adiabatic,292,586.0,-0.5331210445063559,-1.0305998408486554,0
spsa,adiabatic,293,588.0,-0.5301249092543255,-1.030767468225647,0
spsa,adiabatic,294,590.0,-0.5248663010223817,-1.0320167761703243,0
spsa,adiabatic,295,592.0,-0.5307170095574986,-1.0320592580860988,0
spsa,adiabatic,296,594.0,-0.5238439543189066,-1.0319563059931567,0
spsa,adiabatic,297,596.0,-0.5270002741318687,-1.0320184652924298,0
spsa,adiabatic,298,598.0,-0.5191078934461415,-1.035890039935747,0
spsa,adiabatic,299,600.0,-0.5267792643764826,-1.0358849476194698,0
spsa,adiabatic,300,602.0,-0.6542271626416404,-1.0358705747749097,0
spsa,adiabatic,301,604.0,-0.6401165358346788,-1.0359976808231381,0
spsa,adiabatic,302,606.0,-0.6450999996487933,-1.0361668515078635,0
spsa,adiabatic,303,608.0,-0.6375746426707736,-1.0361644781405066,0
spsa,adiabatic,304,610.0,-0.6388674497601659,-1.0365730238993642,0
spsa,adiabatic,305,612.0,-0.658812338992059,-1.036767802442464,0
spsa,adiabatic,306,614.0,-0.6494271460716917,-1.036948888162656,0
spsa,adiabatic,307,616.0,-0.6560212625826283,-1.0383259873053412,0
spsa,adiabatic,308,618.0,-0.6510602620131394,-1.0383376097827803,0
spsa,adiabatic,309,620.0,-0.6557973560878367,-1.038394455695646,0
spsa,adiabatic,310,622.0,-0.6473655053712024,-1.0385525449506685,0
spsa,adiabatic,311,624.0,-0.6579109154094136,-1.0385661602315825,0
spsa,adiabatic,312,626.0,-0.6579137855492434,-1.039222261943831,0
spsa,adiabatic,313,628.0,-0.6556519986423401,-1.0407842133455887,0
spsa,adiabatic,314,630.0,-0.662798358436409,-1.0409884684546455,0
spsa,adiabatic,315,632.0,-0.654314241341942,-1.0420051846305272,0
spsa,adiabatic,316,634.0,-0.6616811968420051,-1.0420449827371716,0
spsa,adiabatic,317,636.0,-0.662850243731146,-1.0429407046814414,0
spsa,adiabatic,318,638.0,-0.655236851861333,-1.0436059711220456,0
spsa,adiabatic,319,640.0,-0.6539942175504008,-1.0437110307801236,0
spsa,adiabatic,320,642.0,-0.659211850552195,-1.0477091760275947,0
spsa,adiabatic,321,644.0,-0.6632061837715819,-1.0477540666794227,0
spsa,adiabatic,322,646.0,-0.6590704938214014,-1.048195069270273,0
spsa,adiabatic,323,648.0,-0.6631475388049641,-1.048193438454733,0
spsa,adiabatic,324,650.0,-0.6645777961516708,-1.0482986910560297,0
spsa,adiabatic,325,652.0,-0.6622506381497826,-1.0489131439911357,0
spsa,adiabatic,326,654.0,-0.6614613820801016,-1.0489117295718742,0
spsa,adiabatic,327,656.0,-0.661791315564142,-1.0499249094503367,0
spsa,adiabatic,328,658.0,-0.6658334391680819,-1.050059986917973,0
spsa,adiabatic,329,660.0,-0.6625533448150431,-1.0514142734003964,0
spsa,adiabatic,330,662.0,-0.6637313110491809,-1.0514779060447572,0
spsa,adiabatic,331,664.0,-0.6649244445932422,-1.0516488386298193,0
spsa,adiabatic,332,666.0,-0.6517248431966044,-1.051748819910582,0
spsa,adiabatic,333,668.0,-0.6592778713789647,-1.0519128392157817,0
spsa,adiabatic,334,670.0,-0.6669463976108074,-1.05229516347335,0
spsa,adiabatic,335,672.0,-0.6505921224692235,-1.0524797757777404,0
spsa,adiabatic,336,674.0,-0.6686222543327607,-1.052676332053428,0
spsa,adiabatic,337,676.0,-0.6682912262002625,-1.052677518903551,0
spsa,adiabatic,338,678.0,-0.6559620535231059,-1.0528089065290964,0
spsa,adiabatic,339,680.0,-0.6533441946216468,-1.0528054511285916,0
spsa,adiabatic,340,682.0,-0.6705578246502821,-1.052863233298122,0
spsa,adiabatic,341,684.0,-0.6579447367355591,-1.0528915663004978,0
spsa,adiabatic,342,686.0,-0.6663449425502288,-1.052885442993392,0
spsa,adiabatic,343,688.0,-0.6586084973218962,-1.0550755541208734,0
spsa,adiabatic,344,690.0,-0.6658885913348673,-1.0550877331852522,0
spsa,adiabatic,345,692.0,-0.667701364498433,-1.055097325418149,0
spsa,adiabatic,346,694.0,-0.6605603887394194,-1.055194108678671,0
spsa,adiabatic,347,696.0,-0.6684155232067034,-1.0552919855955976,0
spsa,adiabatic,348,698.0,-0.675463990541181,-1.0555298681416398,0
spsa,adiabatic,349,700.0,-0.6729178077900044,-1.0557954139434262,0
spsa,adiabatic,350,702.0,-0.7985094199788607,-1.0557964726318303,0
spsa,adiabatic,351,704.0,-0.7847663173657579,-1.0561927515727243,0
spsa,adiabatic,352,706.0,-0.7825971755272227,-1.05644838962804,0
spsa,adiabatic,353,708.0,-0.7846077236851924,-1.0568881212565349,0
spsa,adiabatic,354,710.0,-0.7879389280357987,-1.0569264753651246,0
spsa,adiabatic,355,712.0,-0.7848982709288717,-1.0570907180643518,0
spsa,adiabatic,356,714.0,-0.7799025693591844,-1.0572411498191476,0
spsa,adiabatic,357,716.0,-0.7868207029872067,-1.0572448324917443,0
spsa,adiabatic,358,718.0,-0.7869074799181751,-1.0574987077067257,0
spsa,adiabatic,359,720.0,-0.789656010110413,-1.0575013545261611,0
spsa,adiabatic,360,722.0,-0.7795286677196283,-1.057647709441511,0
spsa,adiabatic,361,724.0,-0.7872567662830066,-1.0582734723193599,0
spsa,adiabatic,362,726.0,-0.7940402351407944,-1.0586262208385953,0
spsa,adiabatic,363,728.0,-0.7966408338828335,-1.0586434970646237,0
spsa,adiabatic,364,730.0,-0.7965866901974797,-1.0595404940503266,0
spsa,adiabatic,365,732.0,-0.7782057865214252,-1.0601004436281596,0
spsa,adiabatic,366,734.0,-0.7801592907972968,-1.0601768694528808,0
spsa,adiabatic,367,736.0,-0.7869895212951447,-1.0609659203140434,0
spsa,adiabatic,368,738.0,-0.7905623564090549,-1.060998126293199,0
spsa,adiabatic,369,740.0,-0.7910635184431236,-1.0610729095276457,0
spsa,adiabatic,370,742.0,-0.783970445165102,-1.062975876521847,0
spsa,adiabatic,371,744.0,-0.7905524391415937,-1.06367001527974,0
spsa,adiabatic,372,746.0,-0.7928784624392053,-1.063977446727066,0
spsa,adiabatic,373,748.0,-0.7884190214458024,-1.0639642395507627,0
spsa,adiabatic,374,750.0,-0.7974601097240621,-1.0655843630804929,0
spsa,adiabatic,375,752.0,-0.8022618208692357,-1.0655962821509393,0
spsa,adiabatic,376,754.0,-0.7912573796986119,-1.0656790571678296,0
spsa,adiabatic,377,756.0,-0.7960779850888722,-1.0656834225060985,0
spsa,adiabatic,378,758.0,-0.798572367581629,-1.065704486085403,0
spsa,adiabatic,379,760.0,-0.7917371554288779,-1.0656959282729324,0
spsa,adiabatic,380,762.0,-0.8035298781112339,-1.065693867872743,0
spsa,adiabatic,381,764.0,-0.803943032388137,-1.0658824130468225,0
spsa,adiabatic,382,766.0,-0.7992567652238343,-1.066114153730429,0
spsa,adiabatic,383,768.0,-0.7895393020980179,-1.0662322773264228,0
spsa,adiabatic,384,770.0,-0.7946620102885171,-1.0665029272473192,0
spsa,adiabatic,385,772.0,-0.8067917780296165,-1.0668122485870675,0
spsa,adiabatic,386,774.0,-0.7934426993438846,-1.0668357446089873,0
spsa,adiabatic,387,776.0,-0.7869560761080632,-1.0669389932591882,0
spsa,adiabatic,388,778.0,-0.8015392043603837,-1.0669598562680256,0
spsa,adiabatic,389,780.0,-0.7950470529266818,-1.0669440426858752,0
spsa,adiabatic,390,782.0,-0.7943537268901604,-1.0679865539528912,0
spsa,adiabatic,391,784.0,-0.7961776955599705,-1.068112410950732,0
spsa,adiabatic,392,786.0,-0.8006991913589686,-1.0681608765766772,0
spsa,adiabatic,393,788.0,-0.803017301379672,-1.068173025787455,0
spsa,adiabatic,394,790.0,-0.7982995522543991,-1.0681857838781306,0
spsa,adiabatic,395,792.0,-0.7988672125401111,-1.0686909133492757,0
spsa,adiabatic,396,794.0,-0.8000400354711175,-1.0692288076840188,0
spsa,adiabatic,397,796.0,-0.8088030890023103,-1.06927188465278,0
spsa,adiabatic,398,798.0,-0.8053086824756596,-1.069345677679195,0
spsa,adiabatic,399,800.0,-0.8038666528228356,-1.0698989940907568,0
spsa,adiabatic,400,802.0,-0.9266353773475623,-1.0699067899405497,0
spsa,adiabatic,401,804.0,-0.927379058906066,-1.0699184474518206,0
spsa,adiabatic,402,806.0,-0.9248625964831034,-1.0700902054206616,0
spsa,adiabatic,403,808.0,-0.9189329605512165,-1.0701355376828765,0
spsa,adiabatic,404,810.0,-0.9145090232468567,-1.0701718201983679,0
spsa,adiabatic,405,812.0,-0.923346320863881,-1.070828683275826,0
spsa,adiabatic,406,814.0,-0.9143319121663596,-1.0710089160879244,0
spsa,adiabatic,407,816.0,-0.9274742033847586,-1.0710078753544328,0
spsa,adiabatic,408,818.0,-0.9201732211106382,-1.0710616820499022,0
spsa,adiabatic,409,820.0,-0.9364481476113576,-1.0710678193794316,0
spsa,adiabatic,410,822.0,-0.9228932749988586,-1.0713959107202449,0
spsa,adiabatic,411,824.0,-0.9332459566263551,-1.0714196883788754,0
spsa,adiabatic,412,826.0,-0.9272988494979679,-1.0714222768507178,0
spsa,adiabatic,413,828.0,-0.9285058485749076,-1.0717253275789005,0
spsa,adiabatic,414,830.0,-0.9342203866493037,-1.0721003705450003,0
spsa,adiabatic,415,832.0,-0.9171581699441167,-1.0722286557721548,0
spsa,adiabatic,416,834.0,-0.9218955791727443,-1.0735189000483254,0
spsa,adiabatic,417,836.0,-0.9250215818985597,-1.0736698705213397,0
spsa,adiabatic,418,838.0,-0.9227489793023377,-1.0740780410239756,0
spsa,adiabatic,419,840.0,-0.9309327043006825,-1.0742584188315634,0
spsa,adiabatic,420,842.0,-0.9302024393366675,-1.0751676147651466,0
spsa,adiabatic,421,844.0,-0.9260990429574025,-1.0751697554559636,0
spsa,adiabatic,422,846.0,-0.9288707188860296,-1.0760355452647419,0
spsa,adiabatic,423,848.0,-0.9245685071686873,-1.076229349756464,0
spsa,adiabatic,424,850.0,-0.9242837029764154,-1.076242377550088,0
spsa,adiabatic,425,852.0,-0.9077836781944801,-1.0763447798056998,0
spsa,adiabatic,426,854.0,-0.9301882431909382,-1.0764966168110628,0
spsa,adiabatic,427,856.0,-0.9358529766821048,-1.0766676852172414,0
spsa,adiabatic,428,858.0,-0.930898804846056,-1.0775603872023765,0
spsa,adiabatic,429,860.0,-0.9355208189199495,-1.0775895798209822,0
spsa,adiabatic,430,862.0,-0.9282399666290722,-1.077585424659911,0
spsa,adiabatic,431,864.0,-0.9354581746956732,-1.0776869995242362,0
spsa,adiabatic,432,866.0,-0.93533228473483,-1.0779327278726982,0
spsa,adiabatic,433,868.0,-0.923864597788683,-1.0788173975742892,0
spsa,adiabatic,434,870.0,-0.9250542393837231,-1.078823849761504,0
spsa,adiabatic,435,872.0,-0.9302972131020462,-1.0788237118509614,0
spsa,adiabatic,436,874.0,-0.9297277388729572,-1.079281532668647,0
spsa,adiabatic,437,876.0,-0.9294309371473508,-1.0793154659677777,0
spsa,adiabatic,438,878.0,-0.9284844177611068,-1.0793797335819189,0
spsa,adiabatic,439,880.0,-0.9415368947340228,-1.0797726816221296,0
spsa,adiabatic,440,882.0,-0.9313124506682509,-1.0810714351463715,0
spsa,adiabatic,441,884.0,-0.9326385193085307,-1.0813435679990635,0
spsa,adiabatic,442,886.0,-0.9280279823801556,-1.0816684813723112,0
spsa,adiabatic,443,888.0,-0.9285315339487142,-1.081716330081274,0
spsa,adiabatic,444,890.0,-0.9313903013120748,-1.0817954621811803,0
spsa,adiabatic,445,892.0,-0.925977156985769,-1.0821592309863917,0
spsa,adiabatic,446,894.0,-0.932535040994272,-1.0823071255110037,0
spsa,adiabatic,447,896.0,-0.9433682966598218,-1.082329582010517,0
spsa,adiabatic,448,898.0,-0.9380318949925668,-1.0825572792926974,0
spsa,adiabatic,449,900.0,-0.9306929236856558,-1.0825586144564796,0
spsa,adiabatic,450,902.0,-1.0466368468598906,-1.0833846012816257,0
spsa,adiabatic,451,904.0,-1.053730657288778,-1.0834254331344955,0
spsa,adiabatic,452,906.0,-1.052176043754547,-1.083586472332241,0
spsa,adiabatic,453,908.0,-1.0645494407802545,-1.083695400287247,0
spsa,adiabatic,454,910.0,-1.0609810852228314,-1.084232119884911,0
spsa,adiabatic,455,912.0,-1.0628804022974307,-1.0844507119303455,0
spsa,adiabatic,456,914.0,-1.0607502999141243,-1.0846189647923534,0
spsa,adiabatic,457,916.0,-1.0569289038282217,-1.0848638831501152,0
spsa,adiabatic,458,918.0,-1.066365897598403,-1.0848669989361115,0
spsa,adiabatic,459,920.0,-1.0673910489371525,-1.0849594550337258,0
spsa,adiabatic,460,922.0,-1.0607159635472516,-1.085924730340306,0
spsa,adiabatic,461,924.0,-1.060734922397745,-1.0861563010371271,0
spsa,adiabatic,462,926.0,-1.0675963176535572,-1.0874669505186136,0
spsa,adiabatic,463,928.0,-1.066691705828701,-1.0874839323671104,0
spsa,adiabatic,464,930.0,-1.0744740638747428,-1.08776881883513,0
spsa,adiabatic,465,932.0,-1.0653889574290911,-1.0880811020310417,0
spsa,adiabatic,466,934.0,-1.07612107424315,-1.0882244401427903,0
spsa,adiabatic,467,936.0,-1.064123636785299,-1.0883245725137494,0
spsa,adiabatic,468,938.0,-1.056916076642057,-1.0883935186648603,0
spsa,adiabatic,469,940.0,-1.0707419705975108,-1.0888038022369537,0
spsa,adiabatic,470,942.0,-1.0771101249225863,-1.088898808861679,0
spsa,adiabatic,471,944.0,-1.0653104954092132,-1.0888996832517785,0
spsa,adiabatic,472,946.0,-1.0608494617870137,-1.0890145490372476,0
spsa,adiabatic,473,948.0,-1.051937275976163,-1.0897868248204188,0
spsa,adiabatic,474,950.0,-1.0757319507195116,-1.0898310545964172,0
spsa,adiabatic,475,952.0,-1.0656237815800038,-1.0898430554875105,0
spsa,adiabatic,476,954.0,-1.072235391733296,-1.0898569610547655,0
spsa,adiabatic,477,956.0,-1.0741047145561138,-1.0901386973413465,0
spsa,adiabatic,478,958.0,-1.0591700878479153,-1.090163523424747,0
spsa,adiabatic,479,960.0,-1.0697250765871913,-1.0901694310182746,0
spsa,adiabatic,480,962.0,-1.052921919299009,-1.0902523192935367,0
spsa,adiabatic,481,964.0,-1.065268544871421,-1.090331733354174,0
spsa,adiabatic,482,966.0,-1.0747993340410615,-1.0903366966551362,0
spsa,adiabatic,483,968.0,-1.0588385999519505,-1.0906920394107413,0
spsa,adiabatic,484,970.0,-1.0596732562627245,-1.0911136833690533,0
spsa,adiabatic,485,972.0,-1.0649321851580311,-1.091166941824478,0
spsa,adiabatic,486,974.0,-1.0699576901422725,-1.091180967971966,0
spsa,adiabatic,487,976.0,-1.0701783310693875,-1.0912204053494967,0
spsa,adiabatic,488,978.0,-1.0729870809670947,-1.0913581358687054,0
spsa,adiabatic,489,980.0,-1.067205216732587,-1.0913774604179043,0
spsa,adiabatic,490,982.0,-1.049417079253399,-1.0913597528800123,0
spsa,adiabatic,491,984.0,-1.07596851432403,-1.091456089833507,0
spsa,adiabatic,492,986.0,-1.0673468102914416,-1.0917621325801128,0
spsa,adiabatic,493,988.0,-1.045015201778511,-1.0918184106781257,0
spsa,adiabatic,494,990.0,-1.0605141880279598,-1.0918463987686282,0
spsa,adiabatic,495,992.0,-1.0540605819293738,-1.0918482534291503,0
spsa,adiabatic,496,994.0,-1.0645101476116139,-1.0919999463107235,0
spsa,adiabatic,497,996.0,-1.0708172694242575,-1.0919907008490244,0
spsa,adiabatic,498,998.0,-1.0635230500102928,-1.0926038168147922,0
spsa,adiabatic,499,1000.0,-1.0680580548569987,-1.0926436118839016,0
spsa,sea,0,2.0,-0.29051571296392986,-0.29051571296392986,0
spsa,sea,1,4.0,-0.22995383211315668,-0.22995383211315668,0
spsa,sea,2,6.0,-0.24917980135163117,-0.24917980135163117,0
spsa,sea,3,8.0,-0.23985148980601687,-0.23985148980601687,0
spsa,sea,4,10.0,-0.2729582311824687,-0.2729582311824687,0
spsa,sea,5,12.0,-0.3526133812809297,-0.3526133812809297,0
spsa,sea,6,14.0,-0.36028879021923277,-0.36028879021923277,0
spsa,sea,7,16.0,-0.35827229462706356,-0.35827229462706356,0
spsa,sea,8,18.0,-0.36241398540365566,-0.36241398540365566,0
spsa,sea,9,20.0,-0.3791788416959839,-0.3791788416959839,0
spsa,sea,10,22.0,-0.39424416157783204,-0.39424416157783204,0
spsa,sea,11,24.0,-0.4262444615457802,-0.4262444615457802,0
spsa,sea,12,26.0,-0.4312848906150457,-0.4312848906150457,0
spsa,sea,13,28.0,-0.4561623599168323,-0.4561623599168323,0
spsa,sea,14,30.0,-0.44549413801466853,-0.44549413801466853,0
spsa,sea,15,32.0,-0.4477191801256072,-0.4477191801256072,0
spsa,sea,16,34.0,-0.44567043019429703,-0.44567043019429703,0
spsa,sea,17,36.0,-0.48045485473799787,-0.48045485473799787,0
spsa,sea,18,38.0,-0.45150553785717806,-0.45150553785717806,0
spsa,sea,19,40.0,-0.4781832820703422,-0.4781832820703422,0
spsa,sea,20,42.0,-0.4907032089808321,-0.4907032089808321,0
spsa,sea,21,44.0,-0.4758406737133414,-0.4758406737133414,0
spsa,sea,22,46.0,-0.5182900766873109,-0.5182900766873109,0
spsa,sea,23,48.0,-0.5215808191431037,-0.5215808191431037,0
spsa,sea,24,50.0,-0.5132656571347594,-0.5132656571347594,0
spsa,sea,25,52.0,-0.5137299748046255,-0.5137299748046255,0
spsa,sea,26,54.0,-0.5184139948916036,-0.5184139948916036,0
spsa,sea,27,56.0,-0.5225405200576931,-0.5225405200576931,0
spsa,sea,28,58.0,-0.5069092557453112,-0.5069092557453112,0
spsa,sea,29,60.0,-0.5033809359051404,-0.5033809359051404,0
spsa,sea,30,62.0,-0.5139076376946663,-0.5139076376946663,0
spsa,sea,31,64.0,-0.5016173338115608,-0.5016173338115608,0
spsa,sea,32,66.0,-0.5325857820857682,-0.5325857820857682,0
spsa,sea,33,68.0,-0.5317587305089657,-0.5317587305089657,0
spsa,sea,34,70.0,-0.5382626820533993,-0.5382626820533993,0
spsa,sea,35,72.0,-0.5319162415183435,-0.5319162415183435,0
spsa,sea,36,74.0,-0.5383563978560437,-0.5383563978560437,0
spsa,sea,37,76.0,-0.5517402127861973,-0.5517402127861973,0
spsa,sea,38,78.0,-0.5518758060193949,-0.5518758060193949,0
spsa,sea,39,80.0,-0.5530667598469359,-0.5530667598469359,0
spsa,sea,40,82.0,-0.5616263703421138,-0.5616263703421138,0
spsa,sea,41,84.0,-0.5648688972325628,-0.5648688972325628,0
spsa,sea,42,86.0,-0.5775997478913801,-0.5775997478913801,0
spsa,sea,43,88.0,-0.5728711607999921,-0.5728711607999921,0
spsa,sea,44,90.0,-0.5821479692898952,-0.5821479692898952,0
spsa,sea,45,92.0,-0.571826997740274,-0.571826997740274,0
spsa,sea,46,94.0,-0.6075028885212828,-0.6075028885212828,0
spsa,sea,47,96.0,-0.606096721319869,-0.606096721319869,0
spsa,sea,48,98.0,-0.6313849249531357,-0.6313849249531357,0
spsa,sea,49,100.0,-0.6259198858753127,-0.6259198858753127,0
spsa,sea,50,102.0,-0.6320998375545523,-0.6320998375545523,0
spsa,sea,51,104.0,-0.6227344990710472,-0.6227344990710472,0
spsa,sea,52,106.0,-0.6092147568640928,-0.6092147568640928,0
spsa,sea,53,108.0,-0.6443409346145699,-0.6443409346145699,0
spsa,sea,54,110.0,-0.6447163088715355,-0.6447163088715355,0
spsa,sea,55,112.0,-0.650865064418692,-0.650865064418692,0
spsa,sea,56,114.0,-0.6356697383512488,-0.6356697383512488,0
spsa,sea,57,116.0,-0.6393795182548662,-0.6393795182548662,0
spsa,sea,58,118.0,-0.6713573898162317,-0.6713573898162317,0
spsa,sea,59,120.0,-0.6490764934952651,-0.6490764934952651,0
spsa,sea,60,122.0,-0.6585579733444373,-0.6585579733444373,0
spsa,sea,61,124.0,-0.668741677903609,-0.668741677903609,0
spsa,sea,62,126.0,-0.6889082782856168,-0.6889082782856168,0
spsa,sea,63,128.0,-0.6825843663896982,-0.6825843663896982,0
spsa,sea,64,130.0,-0.7175377122150786,-0.7175377122150786,0
spsa,sea,65,132.0,-0.7073815835250783,-0.7073815835250783,0
spsa,sea,66,134.0,-0.7285473307743041,-0.7285473307743041,0
spsa,sea,67,136.0,-0.7329388644587642,-0.7329388644587642,0
spsa,sea,68,138.0,-0.7427363239493224,-0.7427363239493224,0
spsa,sea,69,140.0,-0.7458655744091076,-0.7458655744091076,0
spsa,sea,70,142.0,-0.7502573162455697,-0.7502573162455697,0
spsa,sea,71,144.0,-0.7623570883145485,-0.7623570883145485,0
spsa,sea,72,146.0,-0.767121331209517,-0.767121331209517,0
spsa,sea,73,148.0,-0.7507016969998894,-0.7507016969998894,0
spsa,sea,74,150.0,-0.7588740417558363,-0.7588740417558363,0
spsa,sea,75,152.0,-0.7837121576058336,-0.7837121576058336,0
spsa,sea,76,154.0,-0.7819528642104889,-0.7819528642104889,0
spsa,sea,77,156.0,-0.8172163945310835,-0.8172163945310835,0
spsa,sea,78,158.0,-0.8283707956786335,-0.8283707956786335,0
spsa,sea,79,160.0,-0.8776214657813771,-0.8776214657813771,0
spsa,sea,80,162.0,-0.9039834208084216,-0.9039834208084216,0
spsa,sea,81,164.0,-0.8967002210055345,-0.8967002210055345,0
spsa,sea,82,166.0,-0.8881870465308883,-0.8881870465308883,0
spsa,sea,83,168.0,-0.9109343653968593,-0.9109343653968593,0
spsa,sea,84,170.0,-0.9662417428663579,-0.9662417428663579,0
spsa,sea,85,172.0,-0.94704154135943,-0.94704154135943,0
spsa,sea,86,174.0,-0.9937010457999028,-0.9937010457999028,0
spsa,sea,87,176.0,-0.9950354460503414,-0.9950354460503414,0
spsa,sea,88,178.0,-0.9906345870297492,-0.9906345870297492,0
spsa,sea,89,180.0,-1.0171195088044165,-1.0171195088044165,0
spsa,sea,90,182.0,-1.013603057080915,-1.013603057080915,0
spsa,sea,91,184.0,-1.0490273317446397,-1.0490273317446397,0
spsa,sea,92,186.0,-1.0480764659180446,-1.0480764659180446,0
spsa,sea,93,188.0,-1.0570427423605806,-1.0570427423605806,0
spsa,sea,94,190.0,-1.0518902343873813,-1.0518902343873813,0
spsa,sea,95,192.0,-1.0724886579529291,-1.0724886579529291,0
spsa,sea,96,194.0,-1.0865834079965118,-1.0865834079965118,0
spsa,sea,97,196.0,-1.0855250430015584,-1.0855250430015584,0
spsa,sea,98,198.0,-1.0577526698597615,-1.0577526698597615,0
spsa,sea,99,200.0,-1.0857572636716073,-1.0857572636716073,0
spsa,sea,100,202.0,-1.0801118471998956,-1.0801118471998956,0
spsa,sea,101,204.0,-1.0812140599286604,-1.0812140599286604,0
spsa,sea,102,206.0,-1.0656749379849042,-1.0656749379849042,0
spsa,sea,103,208.0,-1.069950285198254,-1.069950285198254,0
spsa,sea,104,210.0,-1.079152862373753,-1.079152862373753,0
spsa,sea,105,212.0,-1.0697978147033371,-1.0697978147033371,0
spsa,sea,106,214.0,-1.0848519525546818,-1.0848519525546818,0
spsa,sea,107,216.0,-1.0761294387860438,-1.0761294387860438,0
spsa,sea,108,218.0,-1.098837280056976,-1.098837280056976,0
spsa,sea,109,220.0,-1.075670333404017,-1.075670333404017,0
spsa,sea,110,222.0,-1.0897338743832221,-1.0897338743832221,0
spsa,sea,111,224.0,-1.0548449794366839,-1.0548449794366839,0
spsa,sea,112,226.0,-1.0514487991449952,-1.0514487991449952,0
spsa,sea,113,228.0,-1.094775267714072,-1.094775267714072,0
spsa,sea,114,230.0,-1.0956550304092056,-1.0956550304092056,0
spsa,sea,115,232.0,-1.0637721568495315,-1.0637721568495315,0
spsa,sea,116,234.0,-1.1093202852373767,-1.1093202852373767,0
spsa,sea,117,236.0,-1.1001267283119658,-1.1001267283119658,0
spsa,sea,118,238.0,-1.0828399775762665,-1.0828399775762665,0
spsa,sea,119,240.0,-1.1005856649360126,-1.1005856649360126,0
spsa,sea,120,242.0,-1.0865853096456928,-1.0865853096456928,0
spsa,sea,121,244.0,-1.0758816137228355,-1.0758816137228355,0
spsa,sea,122,246.0,-1.0966213841129073,-1.0966213841129073,0
spsa,sea,123,248.0,-1.1120221841785316,-1.1120221841785316,0
spsa,sea,124,250.0,-1.085190139219677,-1.085190139219677,0
spsa,sea,125,252.0,-1.0776622040060035,-1.0776622040060035,0
spsa,sea,126,254.0,-1.0866855945856813,-1.0866855945856813,0
spsa,sea,127,256.0,-1.0911174562941812,-1.0911174562941812,0
spsa,sea,128,258.0,-1.0902200166397313,-1.0902200166397313,0
spsa,sea,129,260.0,-1.1001266567179493,-1.1001266567179493,0
spsa,sea,130,262.0,-1.0793592698916066,-1.0793592698916066,0
spsa,sea,131,264.0,-1.0806877153089178,-1.0806877153089178,0
spsa,sea,132,266.0,-1.099911665291388,-1.099911665291388,0
spsa,sea,133,268.0,-1.079169135197875,-1.079169135197875,0
spsa,sea,134,270.0,-1.1000002844987484,-1.1000002844987484,0
spsa,sea,135,272.0,-1.108880779816547,-1.108880779816547,0
spsa,sea,136,274.0,-1.0916363486452427,-1.0916363486452427,0
spsa,sea,137,276.0,-1.1121569030014502,-1.1121569030014502,0
spsa,sea,138,278.0,-1.1112122072195016,-1.1112122072195016,0
spsa,sea,139,280.0,-1.1129621588115226,-1.1129621588115226,0
spsa,sea,140,282.0,-1.1100875212729369,-1.1100875212729369,0
spsa,sea,141,284.0,-1.1051470120198092,-1.1051470120198092,0
spsa,sea,142,286.0,-1.1128261685117427,-1.1128261685117427,0
spsa,sea,143,288.0,-1.0798126351961566,-1.0798126351961566,0
spsa,sea,144,290.0,-1.1001116176597685,-1.1001116176597685,0
spsa,sea,145,292.0,-1.0989325198865556,-1.0989325198865556,0
spsa,sea,146,294.0,-1.1074625906940314,-1.1074625906940314,0
spsa,sea,147,296.0,-1.120198549096885,-1.120198549096885,0
spsa,sea,148,298.0,-1.1168330061975515,-1.1168330061975515,0
spsa,sea,149,300.0,-1.1055580998356187,-1.1055580998356187,0
spsa,sea,150,302.0,-1.0964777949303603,-1.0964777949303603,0
spsa,sea,151,304.0,-1.115273838191595,-1.115273838191595,0
spsa,sea,152,306.0,-1.1037716071272252,-1.1037716071272252,0
spsa,sea,153,308.0,-1.0977440342129303,-1.0977440342129303,0
spsa,sea,154,310.0,-1.1168339085317993,-1.1168339085317993,0
spsa,sea,155,312.0,-1.096523416487516,-1.096523416487516,0
spsa,sea,156,314.0,-1.124734137884709,-1.124734137884709,0
spsa,sea,157,316.0,-1.111507848178648,-1.111507848178648,0
spsa,sea,158,318.0,-1.0965953168790792,-1.0965953168790792,0
spsa,sea,159,320.0,-1.0937994777699385,-1.0937994777699385,0
spsa,sea,160,322.0,-1.0992981099574535,-1.0992981099574535,0
spsa,sea,161,324.0,-1.1067133174062562,-1.1067133174062562,0
spsa,sea,162,326.0,-1.1079674080640547,-1.1079674080640547,0
spsa,sea,163,328.0,-1.1168021759109887,-1.1168021759109887,0
spsa,sea,164,330.0,-1.12504843673979,-1.12504843673979,0
spsa,sea,165,332.0,-1.1039573355283323,-1.1039573355283323,0
spsa,sea,166,334.0,-1.1158545473522725,-1.1158545473522725,0
spsa,sea,167,336.0,-1.097966111692128,-1.097966111692128,0
spsa,sea,168,338.0,-1.1097730176173826,-1.1097730176173826,0
spsa,sea,169,340.0,-1.1085734944285333,-1.1085734944285333,0
spsa,sea,170,342.0,-1.0932396484859237,-1.0932396484859237,0
spsa,sea,171,344.0,-1.1026328670566332,-1.1026328670566332,0
spsa,sea,172,346.0,-1.1291332915248837,-1.1291332915248837,0
spsa,sea,173,348.0,-1.0914626847102296,-1.0914626847102296,0
spsa,sea,174,350.0,-1.1043870191066065,-1.1043870191066065,0
spsa,sea,175,352.0,-1.1164906929622114,-1.1164906929622114,0
spsa,sea,176,354.0,-1.0915710314228377,-1.0915710314228377,0
spsa,sea,177,356.0,-1.110314526195923,-1.110314526195923,0
spsa,sea,178,358.0,-1.1081190334236182,-1.1081190334236182,0
spsa,sea,179,360.0,-1.1064595260419687,-1.1064595260419687,0
spsa,sea,180,362.0,-1.1159090730326162,-1.1159090730326162,0
spsa,sea,181,364.0,-1.1148389589901266,-1.1148389589901266,0
spsa,sea,182,366.0,-1.1145363663867878,-1.1145363663867878,0
spsa,sea,183,368.0,-1.1068365717018107,-1.1068365717018107,0
spsa,sea,184,370.0,-1.1040748200164194,-1.1040748200164194,0
spsa,sea,185,372.0,-1.1065814656243145,-1.1065814656243145,0
spsa,sea,186,374.0,-1.1099071736834527,-1.1099071736834527,0
spsa,sea,187,376.0,-1.0888094171057425,-1.0888094171057425,0
spsa,sea,188,378.0,-1.1107344611446506,-1.1107344611446506,0
spsa,sea,189,380.0,-1.1075530160944362,-1.1075530160944362,0
spsa,sea,190,382.0,-1.1104505007837249,-1.1104505007837249,0
spsa,sea,191,384.0,-1.1110951415493986,-1.1110951415493986,0
spsa,sea,192,386.0,-1.1261594727657824,-1.1261594727657824,0
spsa,sea,193,388.0,-1.0956466550717037,-1.0956466550717037,0
spsa,sea,194,390.0,-1.115698629810172,-1.115698629810172,0
spsa,sea,195,392.0,-1.0932643973264824,-1.0932643973264824,0
spsa,sea,196,394.0,-1.082991320521852,-1.082991320521852,0
spsa,sea,197,396.0,-1.0989014575288945,-1.0989014575288945,0
spsa,sea,198,398.0,-1.0994241840732046,-1.0994241840732046,0
spsa,sea,199,400.0,-1.1158416788742933,-1.1158416788742933,0
spsa,sea,200,402.0,-1.1148223769483938,-1.1148223769483938,0
spsa,sea,201,404.0,-1.1119545421165582,-1.1119545421165582,0
spsa,sea,202,406.0,-1.101231105060799,-1.101231105060799,0
spsa,sea,203,408.0,-1.1133322815610642,-1.1133322815610642,0
spsa,sea,204,410.0,-1.1130387127674748,-1.1130387127674748,0
spsa,sea,205,412.0,-1.1081601131945369,-1.1081601131945369,0
spsa,sea,206,414.0,-1.1138062653418688,-1.1138062653418688,0
spsa,sea,207,416.0,-1.1150633715818663,-1.1150633715818663,0
spsa,sea,208,418.0,-1.1275110907126054,-1.1275110907126054,0
spsa,sea,209,420.0,-1.1080011577466937,-1.1080011577466937,0
spsa,sea,210,422.0,-1.1100667309651118,-1.1100667309651118,0
spsa,sea,211,424.0,-1.1144880505989874,-1.1144880505989874,0
spsa,sea,212,426.0,-1.1274306150004436,-1.1274306150004436,0
spsa,sea,213,428.0,-1.116736414177196,-1.116736414177196,0
spsa,sea,214,430.0,-1.1071904609383996,-1.1071904609383996,0
spsa,sea,215,432.0,-1.1160060111054366,-1.1160060111054366,0
spsa,sea,216,434.0,-1.0843587523955276,-1.0843587523955276,0
spsa,sea,217,436.0,-1.1071154051539005,-1.1071154051539005,0
spsa,sea,218,438.0,-1.1145078282750096,-1.1145078282750096,0
spsa,sea,219,440.0,-1.1053723193572018,-1.1053723193572018,0
spsa,sea,220,442.0,-1.118887613917136,-1.118887613917136,0
spsa,sea,221,444.0,-1.1165147643187816,-1.1165147643187816,0
spsa,sea,222,446.0,-1.1214751935617202,-1.1214751935617202,0
spsa,sea,223,448.0,-1.1153996492836034,-1.1153996492836034,0
spsa,sea,224,450.0,-1.119628525135047,-1.119628525135047,0
spsa,sea,225,452.0,-1.1033045597734468,-1.1033045597734468,0
spsa,sea,226,454.0,-1.1148548131585427,-1.1148548131585427,0
spsa,sea,227,456.0,-1.1102931993382406,-1.1102931993382406,0
spsa,sea,228,458.0,-1.1127435916707142,-1.1127435916707142,0
spsa,sea,229,460.0,-1.1082923428092781,-1.1082923428092781,0
spsa,sea,230,462.0,-1.1013152859085418,-1.1013152859085418,0
spsa,sea,231,464.0,-1.1071458095981828,-1.1071458095981828,0
spsa,sea,232,466.0,-1.1153629648701893,-1.1153629648701893,0
spsa,sea,233,468.0,-1.1143297908910712,-1.1143297908910712,0
spsa,sea,234,470.0,-1.0834492960641797,-1.0834492960641797,0
spsa,sea,235,472.0,-1.1054000479649795,-1.1054000479649795,0
spsa,sea,236,474.0,-1.0932184762553185,-1.0932184762553185,0
spsa,sea,237,476.0,-1.1017061932046985,-1.1017061932046985,0
spsa,sea,238,478.0,-1.108674750470056,-1.108674750470056,0
spsa,sea,239,480.0,-1.1240729101772606,-1.1240729101772606,0
spsa,sea,240,482.0,-1.107333434813615,-1.107333434813615,0
spsa,sea,241,484.0,-1.1186366991827261,-1.1186366991827261,0
spsa,sea,242,486.0,-1.0938679262245645,-1.0938679262245645,0
spsa,sea,243,488.0,-1.0943562120176862,-1.0943562120176862,0
spsa,sea,244,490.0,-1.1161358056061286,-1.1161358056061286,0
spsa,sea,245,492.0,-1.103114996639036,-1.103114996639036,0
spsa,sea,246,494.0,-1.1098109558597917,-1.1098109558597917,0
spsa,sea,247,496.0,-1.1216385376547335,-1.1216385376547335,0
spsa,sea,248,498.0,-1.1010033327353148,-1.1010033327353148,0
spsa,sea,249,500.0,-1.113998619808513,-1.113998619808513,0
spsa,sea,250,502.0,-1.1255576995499992,-1.1255576995499992,0
spsa,sea,251,504.0,-1.1201977630122155,-1.1201977630122155,0
spsa,sea,252,506.0,-1.115896180802485,-1.115896180802485,0
spsa,sea,253,508.0,-1.1082424804907132,-1.1082424804907132,0
spsa,sea,254,510.0,-1.1084831223775955,-1.1084831223775955,0
spsa,sea,255,512.0,-1.1099970537542978,-1.1099970537542978,0
spsa,sea,256,514.0,-1.1042137477511806,-1.1042137477511806,0
spsa,sea,257,516.0,-1.1069176972756924,-1.1069176972756924,0
spsa,sea,258,518.0,-1.1013534097421074,-1.1013534097421074,0
spsa,sea,259,520.0,-1.1236733031401653,-1.1236733031401653,0
spsa,sea,260,522.0,-1.1099286353967526,-1.1099286353967526,0
spsa,sea,261,524.0,-1.1151354320123215,-1.1151354320123215,0
spsa,sea,262,526.0,-1.0825088643353304,-1.0825088643353304,0
spsa,sea,263,528.0,-1.0997748246353432,-1.0997748246353432,0
spsa,sea,264,530.0,-1.1229855869860472,-1.1229855869860472,0
spsa,sea,265,532.0,-1.1021828413776706,-1.1021828413776706,0
spsa,sea,266,534.0,-1.1211604715464483,-1.1211604715464483,0
spsa,sea,267,536.0,-1.091889762031357,-1.091889762031357,0
spsa,sea,268,538.0,-1.1042854229640615,-1.1042854229640615,0
spsa,sea,269,540.0,-1.107977204877478,-1.107977204877478,0
spsa,sea,270,542.0,-1.1101615115208654,-1.1101615115208654,0
spsa,sea,271,544.0,-1.1166812810490787,-1.1166812810490787,0
spsa,sea,272,546.0,-1.1066644877506027,-1.1066644877506027,0
spsa,sea,273,548.0,-1.102011074901291,-1.102011074901291,0
spsa,sea,274,550.0,-1.1110155522778058,-1.1110155522778058,0
spsa,sea,275,552.0,-1.102077445268674,-1.102077445268674,0
spsa,sea,276,554.0,-1.1023679595506968,-1.1023679595506968,0
spsa,sea,277,556.0,-1.1090448152185006,-1.1090448152185006,0
spsa,sea,278,558.0,-1.1150910499763151,-1.1150910499763151,0
spsa,sea,279,560.0,-1.0983080781643997,-1.0983080781643997,0
spsa,sea,280,562.0,-1.1088791542616616,-1.1088791542616616,0
spsa,sea,281,564.0,-1.1075802320299926,-1.1075802320299926,0
spsa,sea,282,566.0,-1.11261449037969,-1.11261449037969,0
spsa,sea,283,568.0,-1.1217949229364996,-1.1217949229364996,0
spsa,sea,284,570.0,-1.1275974166056073,-1.1275974166056073,0
spsa,sea,285,572.0,-1.1168503408482922,-1.1168503408482922,0
spsa,sea,286,574.0,-1.1055129188135142,-1.1055129188135142,0
spsa,sea,287,576.0,-1.0926251162884388,-1.0926251162884388,0
spsa,sea,288,578.0,-1.1190430916499463,-1.1190430916499463,0
spsa,sea,289,580.0,-1.0925881566638278,-1.0925881566638278,0
spsa,sea,290,582.0,-1.1171646749725352,-1.1171646749725352,0
spsa,sea,291,584.0,-1.0925728937877666,-1.0925728937877666,0
spsa,sea,292,586.0,-1.105750061024004,-1.105750061024004,0
spsa,sea,293,588.0,-1.1025246478688757,-1.1025246478688757,0
spsa,sea,294,590.0,-1.1101209849259677,-1.1101209849259677,0
spsa,sea,295,592.0,-1.1146960258162482,-1.1146960258162482,0
spsa,sea,296,594.0,-1.1116613944626672,-1.1116613944626672,0
spsa,sea,297,596.0,-1.1140089540622462,-1.1140089540622462,0
spsa,sea,298,598.0,-1.1165911380908906,-1.1165911380908906,0
spsa,sea,299,600.0,-1.0987172500515985,-1.0987172500515985,0
spsa,sea,300,602.0,-1.1073951512626763,-1.1073951512626763,0
spsa,sea,301,604.0,-1.1202266518575397,-1.1202266518575397,0
spsa,sea,302,606.0,-1.1094381722408806,-1.1094381722408806,0
spsa,sea,303,608.0,-1.1140685369444707,-1.1140685369444707,0
spsa,sea,304,610.0,-1.1083133369039162,-1.1083133369039162,0
spsa,sea,305,612.0,-1.1028052491490352,-1.1028052491490352,0
spsa,sea,306,614.0,-1.106097268967352,-1.106097268967352,0
spsa,sea,307,616.0,-1.1124025358101524,-1.1124025358101524,0
spsa,sea,308,618.0,-1.0972169593759582,-1.0972169593759582,0
spsa,sea,309,620.0,-1.1066094477240724,-1.1066094477240724,0
spsa,sea,310,622.0,-1.1226160220403618,-1.1226160220403618,0
spsa,sea,311,624.0,-1.1173407194005485,-1.1173407194005485,0
spsa,sea,312,626.0,-1.0960732859691737,-1.0960732859691737,0
spsa,sea,313,628.0,-1.1222281522790547,-1.1222281522790547,0
spsa,sea,314,630.0,-1.1202080935838108,-1.1202080935838108,0
spsa,sea,315,632.0,-1.1151057123927672,-1.1151057123927672,0
spsa,sea,316,634.0,-1.1098746760751408,-1.1098746760751408,0
spsa,sea,317,636.0,-1.1231767434343376,-1.1231767434343376,0
spsa,sea,318,638.0,-1.0924058404150403,-1.0924058404150403,0
spsa,sea,319,640.0,-1.1118857037524048,-1.1118857037524048,0
spsa,sea,320,642.0,-1.1012475726709563,-1.1012475726709563,0
spsa,sea,321,644.0,-1.1156947313321552,-1.1156947313321552,0
spsa,sea,322,646.0,-1.12205136504719,-1.12205136504719,0
spsa,sea,323,648.0,-1.0880610279508809,-1.0880610279508809,0
spsa,sea,324,650.0,-1.1127782802950512,-1.1127782802950512,0
spsa,sea,325,652.0,-1.1062874782343028,-1.1062874782343028,0
spsa,sea,326,654.0,-1.1105682181871688,-1.1105682181871688,0
spsa,sea,327,656.0,-1.1235911097063354,-1.1235911097063354,0
spsa,sea,328,658.0,-1.1034873391798738,-1.1034873391798738,0
spsa,sea,329,660.0,-1.096168407456167,-1.096168407456167,0
spsa,sea,330,662.0,-1.1117815988287143,-1.1117815988287143,0
spsa,sea,331,664.0,-1.1165993528691058,-1.1165993528691058,0
spsa,sea,332,666.0,-1.1115519391237343,-1.1115519391237343,0
spsa,sea,333,668.0,-1.1146195374982146,-1.1146195374982146,0
spsa,sea,334,670.0,-1.1093465082559013,-1.1093465082559013,0
spsa,sea,335,672.0,-1.1054914548335306,-1.1054914548335306,0
spsa,sea,336,674.0,-1.1005520987546449,-1.1005520987546449,0
spsa,sea,337,676.0,-1.109017414474808,-1.109017414474808,0
spsa,sea,338,678.0,-1.1186374631672438,-1.1186374631672438,0
spsa,sea,339,680.0,-1.1180507203370054,-1.1180507203370054,0
spsa,sea,340,682.0,-1.117769315855063,-1.117769315855063,0
spsa,sea,341,684.0,-1.1071884979132065,-1.1071884979132065,0
spsa,sea,342,686.0,-1.1074517237267063,-1.1074517237267063,0
spsa,sea,343,688.0,-1.0864508614792237,-1.0864508614792237,0
spsa,sea,344,690.0,-1.1233353421157353,-1.1233353421157353,0
spsa,sea,345,692.0,-1.1240617990792712,-1.1240617990792712,0
spsa,sea,346,694.0,-1.1113603598831503,-1.1113603598831503,0
spsa,sea,347,696.0,-1.109341952776584,-1.109341952776584,0
spsa,sea,348,698.0,-1.096573847106531,-1.096573847106531,0
spsa,sea,349,700.0,-1.105030400916383,-1.105030400916383,0
spsa,sea,350,702.0,-1.079298607030657,-1.079298607030657,0
spsa,sea,351,704.0,-1.1025319555612758,-1.1025319555612758,0
spsa,sea,352,706.0,-1.1101594966714332,-1.1101594966714332,0
spsa,sea,353,708.0,-1.1231483859268927,-1.1231483859268927,0
spsa,sea,354,710.0,-1.1070910191460723,-1.1070910191460723,0
spsa,sea,355,712.0,-1.1048223519767064,-1.1048223519767064,0
spsa,sea,356,714.0,-1.1051080853162891,-1.1051080853162891,0
spsa,sea,357,716.0,-1.1052031874738137,-1.1052031874738137,0
spsa,sea,358,718.0,-1.0974980447264184,-1.0974980447264184,0
spsa,sea,359,720.0,-1.0848393409753285,-1.0848393409753285,0
spsa,sea,360,722.0,-1.0882738905077292,-1.0882738905077292,0
spsa,sea,361,724.0,-1.09037173953709,-1.09037173953709,0
spsa,sea,362,726.0,-1.1011901560370205,-1.1011901560370205,0
spsa,sea,363,728.0,-1.1156153506523774,-1.1156153506523774,0
spsa,sea,364,730.0,-1.1065316341071132,-1.1065316341071132,0
spsa,sea,365,732.0,-1.1287699032250997,-1.1287699032250997,0
spsa,sea,366,734.0,-1.1140978020993688,-1.1140978020993688,0
spsa,sea,367,736.0,-1.1217670807988016,-1.1217670807988016,0
spsa,sea,368,738.0,-1.1248290745504657,-1.1248290745504657,0
spsa,sea,369,740.0,-1.103572204617783,-1.103572204617783,0
spsa,sea,370,742.0,-1.1056188483261953,-1.1056188483261953,0
spsa,sea,371,744.0,-1.1069230828627914,-1.1069230828627914,0
spsa,sea,372,746.0,-1.09716648354799,-1.09716648354799,0
spsa,sea,373,748.0,-1.1065795628308948,-1.1065795628308948,0
spsa,sea,374,750.0,-1.1004571413681037,-1.1004571413681037,0
spsa,sea,375,752.0,-1.1132336727700767,-1.1132336727700767,0
spsa,sea,376,754.0,-1.116633700629798,-1.116633700629798,0
spsa,sea,377,756.0,-1.1152400880262514,-1.1152400880262514,0
spsa,sea,378,758.0,-1.0970186367215273,-1.0970186367215273,0
spsa,sea,379,760.0,-1.1147296681224848,-1.1147296681224848,0
spsa,sea,380,762.0,-1.1173757279933367,-1.1173757279933367,0
spsa,sea,381,764.0,-1.08600156310889,-1.08600156310889,0
spsa,sea,382,766.0,-1.1115814838806868,-1.1115814838806868,0
spsa,sea,383,768.0,-1.1244583062474343,-1.1244583062474343,0
spsa,sea,384,770.0,-1.1139148068320637,-1.1139148068320637,0
spsa,sea,385,772.0,-1.0982616590184093,-1.0982616590184093,0
spsa,sea,386,774.0,-1.1011662889527791,-1.1011662889527791,0
spsa,sea,387,776.0,-1.120369827644856,-1.120369827644856,0
spsa,sea,388,778.0,-1.1198368370444216,-1.1198368370444216,0
spsa,sea,389,780.0,-1.1080068465521498,-1.1080068465521498,0
spsa,sea,390,782.0,-1.110065364214647,-1.110065364214647,0
spsa,sea,391,784.0,-1.0980523054742544,-1.0980523054742544,0
spsa,sea,392,786.0,-1.1193504226579618,-1.1193504226579618,0
spsa,sea,393,788.0,-1.1174632731571723,-1.1174632731571723,0
spsa,sea,394,790.0,-1.1149813055804376,-1.1149813055804376,0
spsa,sea,395,792.0,-1.1167933941646806,-1.1167933941646806,0
spsa,sea,396,794.0,-1.1044968734872298,-1.1044968734872298,0
spsa,sea,397,796.0,-1.1046987167424516,-1.1046987167424516,0
spsa,sea,398,798.0,-1.1185243746689753,-1.1185243746689753,0
spsa,sea,399,800.0,-1.0954342512664739,-1.0954342512664739,0
spsa,sea,400,802.0,-1.1081689964990291,-1.1081689964990291,0
spsa,sea,401,804.0,-1.1157643133717188,-1.1157643133717188,0
spsa,sea,402,806.0,-1.1223658177496123,-1.1223658177496123,0
spsa,sea,403,808.0,-1.1142047657059733,-1.1142047657059733,0
spsa,sea,404,810.0,-1.1056123360228818,-1.1056123360228818,0
spsa,sea,405,812.0,-1.1065245794180347,-1.1065245794180347,0
spsa,sea,406,814.0,-1.1171466613898309,-1.1171466613898309,0
spsa,sea,407,816.0,-1.1109469767499003,-1.1109469767499003,0
spsa,sea,408,818.0,-1.1121862823602071,-1.1121862823602071,0
spsa,sea,409,820.0,-1.1072873509007324,-1.1072873509007324,0
spsa,sea,410,822.0,-1.1224945633473742,-1.1224945633473742,0
spsa,sea,411,824.0,-1.107819784213356,-1.107819784213356,0
spsa,sea,412,826.0,-1.112479600605512,-1.112479600605512,0
spsa,sea,413,828.0,-1.1029880141739574,-1.1029880141739574,0
spsa,sea,414,830.0,-1.120493295244286,-1.120493295244286,0
spsa,sea,415,832.0,-1.115339835622828,-1.115339835622828,0
spsa,sea,416,834.0,-1.1130924332379575,-1.1130924332379575,0
spsa,sea,417,836.0,-1.124673910775154,-1.124673910775154,0
spsa,sea,418,838.0,-1.1176599776198224,-1.1176599776198224,0
spsa,sea,419,840.0,-1.1085907485219426,-1.1085907485219426,0
spsa,sea,420,842.0,-1.1196103515435152,-1.1196103515435152,0
spsa,sea,421,844.0,-1.1067395386898482,-1.1067395386898482,0
spsa,sea,422,846.0,-1.1206596591875697,-1.1206596591875697,0
spsa,sea,423,848.0,-1.1064198375291205,-1.1064198375291205,0
spsa,sea,424,850.0,-1.125356288788987,-1.125356288788987,0
spsa,sea,425,852.0,-1.1001125889892074,-1.1001125889892074,0
spsa,sea,426,854.0,-1.1037664417331126,-1.1037664417331126,0
spsa,sea,427,856.0,-1.1167556364801157,-1.1167556364801157,0
spsa,sea,428,858.0,-1.1176621643326852,-1.1176621643326852,0
spsa,sea,429,860.0,-1.103467068255163,-1.103467068255163,0
spsa,sea,430,862.0,-1.106333160455896,-1.106333160455896,0
spsa,sea,431,864.0,-1.1199519969270784,-1.1199519969270784,0
spsa,sea,432,866.0,-1.1278663220756107,-1.1278663220756107,0
spsa,sea,433,868.0,-1.0900532048902152,-1.0900532048902152,0
spsa,sea,434,870.0,-1.1077547704026312,-1.1077547704026312,0
spsa,sea,435,872.0,-1.1093757905966664,-1.1093757905966664,0
spsa,sea,436,874.0,-1.1115141461277398,-1.1115141461277398,0
spsa,sea,437,876.0,-1.092532393204432,-1.092532393204432,0
spsa,sea,438,878.0,-1.101339442889623,-1.101339442889623,0
spsa,sea,439,880.0,-1.106614830650999,-1.106614830650999,0
spsa,sea,440,882.0,-1.1125663838062092,-1.1125663838062092,0
spsa,sea,441,884.0,-1.113620716982074,-1.113620716982074,0
spsa,sea,442,886.0,-1.1174407875330807,-1.1174407875330807,0
spsa,sea,443,888.0,-1.106625510340955,-1.106625510340955,0
spsa,sea,444,890.0,-1.096267481798657,-1.096267481798657,0
spsa,sea,445,892.0,-1.1024398899864907,-1.1024398899864907,0
spsa,sea,446,894.0,-1.1181480201342122,-1.1181480201342122,0
spsa,sea,447,896.0,-1.113275523776668,-1.113275523776668,0
spsa,sea,448,898.0,-1.1232165492311719,-1.1232165492311719,0
spsa,sea,449,900.0,-1.1184631130740423,-1.1184631130740423,0
spsa,sea,450,902.0,-1.1258957192782444,-1.1258957192782444,0
spsa,sea,451,904.0,-1.1216678813229883,-1.1216678813229883,0
spsa,sea,452,906.0,-1.1246194021541691,-1.1246194021541691,0
spsa,sea,453,908.0,-1.1208928506997133,-1.1208928506997133,0
spsa,sea,454,910.0,-1.123035390569172,-1.123035390569172,0
spsa,sea,455,912.0,-1.112236051007471,-1.112236051007471,0
spsa,sea,456,914.0,-1.109996808030742,-1.109996808030742,0
spsa,sea,457,916.0,-1.1150137708320227,-1.1150137708320227,0
spsa,sea,458,918.0,-1.1209442386620228,-1.1209442386620228,0
spsa,sea,459,920.0,-1.1178744155770899,-1.1178744155770899,0
spsa,sea,460,922.0,-1.1148521172982253,-1.1148521172982253,0
spsa,sea,461,924.0,-1.1014331095002146,-1.1014331095002146,0
spsa,sea,462,926.0,-1.1097226588363878,-1.1097226588363878,0
spsa,sea,463,928.0,-1.118762165002666,-1.118762165002666,0
spsa,sea,464,930.0,-1.1124286104722623,-1.1124286104722623,0
spsa,sea,465,932.0,-1.1184423078519468,-1.1184423078519468,0
spsa,sea,466,934.0,-1.1159679707688395,-1.1159679707688395,0
spsa,sea,467,936.0,-1.116881593904545,-1.116881593904545,0
spsa,sea,468,938.0,-1.1214788761786187,-1.1214788761786187,0
spsa,sea,469,940.0,-1.1231370145466477,-1.1231370145466477,0
spsa,sea,470,942.0,-1.1208228507380043,-1.1208228507380043,0
spsa,sea,471,944.0,-1.106729342138777,-1.106729342138777,0
spsa,sea,472,946.0,-1.1045788847750027,-1.1045788847750027,0
spsa,sea,473,948.0,-1.1208987332666172,-1.1208987332666172,0
spsa,sea,474,950.0,-1.1142330374735603,-1.1142330374735603,0
spsa,sea,475,952.0,-1.1241185217427865,-1.1241185217427865,0
spsa,sea,476,954.0,-1.1186866828122835,-1.1186866828122835,0
spsa,sea,477,956.0,-1.1216536990817447,-1.1216536990817447,0
spsa,sea,478,958.0,-1.1147333089260245,-1.1147333089260245,0
spsa,sea,479,960.0,-1.0909462506814864,-1.0909462506814864,0
spsa,sea,480,962.0,-1.117264755180166,-1.117264755180166,0
spsa,sea,481,964.0,-1.1231237138915082,-1.1231237138915082,0
spsa,sea,482,966.0,-1.1268884940106612,-1.1268884940106612,0
spsa,sea,483,968.0,-1.1273702887411834,-1.1273702887411834,0
spsa,sea,484,970.0,-1.104758629947568,-1.104758629947568,0
spsa,sea,485,972.0,-1.0928488532858005,-1.0928488532858005,0
spsa,sea,486,974.0,-1.109962535967112,-1.109962535967112,0
spsa,sea,487,976.0,-1.1147595495942384,-1.1147595495942384,0
spsa,sea,488,978.0,-1.1038138056585027,-1.1038138056585027,0
spsa,sea,489,980.0,-1.1040969674613028,-1.1040969674613028,0
spsa,sea,490,982.0,-1.098536058814994,-1.098536058814994,0
spsa,sea,491,984.0,-1.0909012064852273,-1.0909012064852273,0
spsa,sea,492,986.0,-1.1044705897908091,-1.1044705897908091,0
spsa,sea,493,988.0,-1.0986762435282595,-1.0986762435282595,0
spsa,sea,494,990.0,-1.1001572879408186,-1.1001572879408186,0
spsa,sea,495,992.0,-1.1061477139669704,-1.1061477139669704,0
spsa,sea,496,994.0,-1.1149613158896017,-1.1149613158896017,0
spsa,sea,497,996.0,-1.1197635558896561,-1.1197635558896561,0
spsa,sea,498,998.0,-1.1128858706373315,-1.1128858706373315,0
spsa,sea,499,1000.0,-1.1199017170669134,-1.1199017170669134,0
spsa,pretrained,0,,0.05240592951405859,,0
spsa,pretrained,1,,-0.25289690551858873,,0
spsa,pretrained,2,,-0.30345236089032857,,0
spsa,pretrained,3,,-0.3347671314757087,,0
spsa,pretrained,4,,-0.34252048785415945,,0
spsa,pretrained,5,,-0.35792606370528335,,0
spsa,pretrained,6,,-0.43255490828826815,,0
spsa,pretrained,7,,-0.43241304112107454,,0
spsa,pretrained,8,,-0.4338980268008543,,0
spsa,pretrained,9,,-0.42080155453682533,,0
spsa,pretrained,10,,-0.41873820678872453,,0
spsa,pretrained,11,,-0.4258211763285139,,0
spsa,pretrained,12,,-0.4657041265427704,,0
spsa,pretrained,13,,-0.48560950875733616,,0
spsa,pretrained,14,,-0.50042396195302,,0
spsa,pretrained,15,,-0.4995979125845646,,0
spsa,pretrained,16,,-0.48022040446555253,,0
spsa,pretrained,17,,-0.5036483087804309,,0
spsa,pretrained,18,,-0.48507387408181274,,0
spsa,pretrained,19,,-0.48624799266780383,,0
spsa,pretrained,20,,-0.5278830810241953,,0
spsa,pretrained,21,,-0.527393242864387,,0
spsa,pretrained,22,,-0.523109978223627,,0
spsa,pretrained,23,,-0.539657414365291,,0
spsa,pretrained,24,,-0.5147196985689959,,0
spsa,pretrained,25,,-0.5386694940295359,,0
spsa,pretrained,26,,-0.5407403411514917,,0
spsa,pretrained,27,,-0.5477866845588942,,0
spsa,pretrained,28,,-0.5611983449895868,,0
spsa,pretrained,29,,-0.565310877753183,,0
spsa,pretrained,30,,-0.5712095721262244,,0
spsa,pretrained,31,,-0.5547005521064104,,0
spsa,pretrained,32,,-0.5824628300530319,,0
spsa,pretrained,33,,-0.5851776407992008,,0
spsa,pretrained,34,,-0.5639183209670675,,0
spsa,pretrained,35,,-0.5791873649754964,,0
spsa,pretrained,36,,-0.6005739317522413,,0
spsa,pretrained,37,,-0.591242190945831,,0
spsa,pretrained,38,,-0.6029368127917604,,0
spsa,pretrained,39,,-0.578636740007999,,0
spsa,pretrained,40,,-0.6117151088463233,,0
spsa,pretrained,41,,-0.6223977961947575,,0
spsa,pretrained,42,,-0.6098492646617277,,0
spsa,pretrained,43,,-0.6250159014859971,,0
spsa,pretrained,44,,-0.7336589437701947,,0
spsa,pretrained,45,,-0.7421113010460569,,0
spsa,pretrained,46,,-0.7264150671253091,,0
spsa,pretrained,47,,-0.7316993657077823,,0
spsa,pretrained,48,,-0.7250301819321552,,0
spsa,pretrained,49,,-0.755818876038264,,0
spsa,pretrained,50,,-0.7558916796515098,,0
spsa,pretrained,51,,-0.7622452831136992,,0
spsa,pretrained,52,,-0.7933648119656709,,0
spsa,pretrained,53,,-0.7920710917159,,0
spsa,pretrained,54,,-0.8174614371740986,,0
spsa,pretrained,55,,-0.8349466669280778,,0
spsa,pretrained,56,,-0.8279125974523014,,0
spsa,pretrained,57,,-0.8417955356270708,,0
spsa,pretrained,58,,-0.8485245919683375,,0
spsa,pretrained,59,,-0.8384321947752673,,0
spsa,pretrained,60,,-0.852460900626644,,0
spsa,pretrained,61,,-0.8978921704204801,,0
spsa,pretrained,62,,-0.8731585043008405,,0
spsa,pretrained,63,,-0.8936719251501514,,0
spsa,pretrained,64,,-0.9259725150322012,,0
spsa,pretrained,65,2.0,-0.09142830830931015,-0.09142830830931015,1
spsa,pretrained,66,4.0,-0.1407151132076317,-0.1407151132076317,0
spsa,pretrained,67,6.0,-0.12752038113623276,-0.12752038113623276,0
spsa,pretrained,68,8.0,-0.13263377091457001,-0.13263377091457001,0
spsa,pretrained,69,10.0,-0.13312201994091027,-0.13312201994091027,0
spsa,pretrained,70,12.0,-0.1648026536672004,-0.1648026536672004,0
spsa,pretrained,71,14.0,-0.22238556407163784,-0.22238556407163784,0
spsa,pretrained,72,16.0,-0.24954079634347529,-0.24954079634347529,0
spsa,pretrained,73,18.0,-0.2416280995693002,-0.2416280995693002,0
spsa,pretrained,74,20.0,-0.2675475113832495,-0.2675475113832495,0
spsa,pretrained,75,22.0,-0.24824334997472505,-0.24824334997472505,0
spsa,pretrained,76,24.0,-0.24640000906455445,-0.24640000906455445,0
spsa,pretrained,77,26.0,-0.26826929451492,-0.26826929451492,0
spsa,pretrained,78,28.0,-0.27583508409038376,-0.27583508409038376,0
spsa,pretrained,79,30.0,-0.3114253687631676,-0.3114253687631676,0
spsa,pretrained,80,32.0,-0.3265298810696676,-0.3265298810696676,0
spsa,pretrained,81,34.0,-0.39768952850504175,-0.39768952850504175,0
spsa,pretrained,82,36.0,-0.3974695070128691,-0.3974695070128691,0
spsa,pretrained,83,38.0,-0.43060485899369355,-0.43060485899369355,0
spsa,pretrained,84,40.0,-0.43380798817361166,-0.43380798817361166,0
spsa,pretrained,85,42.0,-0.4602486362171115,-0.4602486362171115,0
spsa,pretrained,86,44.0,-0.47705088657446737,-0.47705088657446737,0
spsa,pretrained,87,46.0,-0.4786835435978988,-0.4786835435978988,0
spsa,pretrained,88,48.0,-0.4992315765371559,-0.4992315765371559,0
spsa,pretrained,89,50.0,-0.5138632616895641,-0.5138632616895641,0
spsa,pretrained,90,52.0,-0.5146864881186568,-0.5146864881186568,0
spsa,pretrained,91,54.0,-0.5334539380220171,-0.5334539380220171,0
spsa,pretrained,92,56.0,-0.5245535678139196,-0.5245535678139196,0
spsa,pretrained,93,58.0,-0.5224594552874623,-0.5224594552874623,0
spsa,pretrained,94,60.0,-0.5183933508548941,-0.5183933508548941,0
spsa,pretrained,95,62.0,-0.5348078302830517,-0.5348078302830517,0
spsa,pretrained,96,64.0,-0.5342649771555941,-0.5342649771555941,0
spsa,pretrained,97,66.0,-0.5294753372296557,-0.5294753372296557,0
spsa,pretrained,98,68.0,-0.5344593212839475,-0.5344593212839475,0
spsa,pretrained,99,70.0,-0.5358263551989587,-0.5358263551989587,0
spsa,pretrained,100,72.0,-0.5442864792330055,-0.5442864792330055,0
spsa,pretrained,101,74.0,-0.5386756912424862,-0.5386756912424862,0
spsa,pretrained,102,76.0,-0.5466346439744006,-0.5466346439744006,0
spsa,pretrained,103,78.0,-0.5692616559330927,-0.5692616559330927,0
spsa,pretrained,104,80.0,-0.5794772006158071,-0.5794772006158071,0
spsa,pretrained,105,82.0,-0.5839955522713023,-0.5839955522713023,0
spsa,pretrained,106,84.0,-0.585362456261214,-0.585362456261214,0
spsa,pretrained,107,86.0,-0.5874638066642632,-0.5874638066642632,0
spsa,pretrained,108,88.0,-0.5857772800486303,-0.5857772800486303,0
spsa,pretrained,109,90.0,-0.5897115372892878,-0.5897115372892878,0
spsa,pretrained,110,92.0,-0.5937896097772741,-0.5937896097772741,0
spsa,pretrained,111,94.0,-0.5851843657043663,-0.5851843657043663,0
spsa,pretrained,112,96.0,-0.598164111117974,-0.598164111117974,0
spsa,pretrained,113,98.0,-0.5956529989237391,-0.5956529989237391,0
spsa,pretrained,114,100.0,-0.5719682919492008,-0.5719682919492008,0
spsa,pretrained,115,102.0,-0.6133275834064853,-0.6133275834064853,0
spsa,pretrained,116,104.0,-0.5901417587473237,-0.5901417587473237,0
spsa,pretrained,117,106.0,-0.5960007248844252,-0.5960007248844252,0
spsa,pretrained,118,108.0,-0.6095021999447495,-0.6095021999447495,0
spsa,pretrained,119,110.0,-0.6133528382258251,-0.6133528382258251,0
spsa,pretrained,120,112.0,-0.6210172946728877,-0.6210172946728877,0
spsa,pretrained,121,114.0,-0.6240684329263704,-0.6240684329263704,0
spsa,pretrained,122,116.0,-0.6364824754793488,-0.6364824754793488,0
spsa,pretrained,123,118.0,-0.6524256198528464,-0.6524256198528464,0
spsa,pretrained,124,120.0,-0.675007697791971,-0.675007697791971,0
spsa,pretrained,125,122.0,-0.6744473429745006,-0.6744473429745006,0
spsa,pretrained,126,124.0,-0.6880395518104203,-0.6880395518104203,0
spsa,pretrained,127,126.0,-0.6740517765342433,-0.6740517765342433,0
spsa,pretrained,128,128.0,-0.6781948513007434,-0.6781948513007434,0
spsa,pretrained,129,130.0,-0.6892468043407878,-0.6892468043407878,0
spsa,pretrained,130,132.0,-0.7013987300842128,-0.7013987300842128,0
spsa,pretrained,131,134.0,-0.7089085053122495,-0.7089085053122495,0
spsa,pretrained,132,136.0,-0.7098849217295621,-0.7098849217295621,0
spsa,pretrained,133,138.0,-0.6984613994528341,-0.6984613994528341,0
spsa,pretrained,134,140.0,-0.703753385747848,-0.703753385747848,0
spsa,pretrained,135,142.0,-0.7125940852974012,-0.7125940852974012,0
spsa,pretrained,136,144.0,-0.7099079672049929,-0.7099079672049929,0
spsa,pretrained,137,146.0,-0.7049980735032432,-0.7049980735032432,0
spsa,pretrained,138,148.0,-0.7231806269800747,-0.7231806269800747,0
spsa,pretrained,139,150.0,-0.7305932465146183,-0.7305932465146183,0
spsa,pretrained,140,152.0,-0.7224471195350204,-0.7224471195350204,0
spsa,pretrained,141,154.0,-0.731886602807,-0.731886602807,0
spsa,pretrained,142,156.0,-0.7316335649815902,-0.7316335649815902,0
spsa,pretrained,143,158.0,-0.7504791246202884,-0.7504791246202884,0
spsa,pretrained,144,160.0,-0.7452442411459077,-0.7452442411459077,0
spsa,pretrained,145,162.0,-0.7522238182230816,-0.7522238182230816,0
spsa,pretrained,146,164.0,-0.7513189579450668,-0.7513189579450668,0
spsa,pretrained,147,166.0,-0.7450380220280404,-0.7450380220280404,0
spsa,pretrained,148,168.0,-0.7549294474370136,-0.7549294474370136,0
spsa,pretrained,149,170.0,-0.760956166306558,-0.760956166306558,0
spsa,pretrained,150,172.0,-0.7693751870440111,-0.7693751870440111,0
spsa,pretrained,151,174.0,-0.7675424594336464,-0.7675424594336464,0
spsa,pretrained,152,176.0,-0.7683169029631796,-0.7683169029631796,0
spsa,pretrained,153,178.0,-0.7559885613221762,-0.7559885613221762,0
spsa,pretrained,154,180.0,-0.7749240178317747,-0.7749240178317747,0
spsa,pretrained,155,182.0,-0.7796227214892059,-0.7796227214892059,0
spsa,pretrained,156,184.0,-0.7734654353198951,-0.7734654353198951,0
spsa,pretrained,157,186.0,-0.7751263008815964,-0.7751263008815964,0
spsa,pretrained,158,188.0,-0.7823182412898879,-0.7823182412898879,0
spsa,pretrained,159,190.0,-0.7865450882477634,-0.7865450882477634,0
spsa,pretrained,160,192.0,-0.770302670557752,-0.770302670557752,0
spsa,pretrained,161,194.0,-0.796196778606397,-0.796196778606397,0
spsa,pretrained,162,196.0,-0.7962872697065679,-0.7962872697065679,0
spsa,pretrained,163,198.0,-0.8056005079024297,-0.8056005079024297,0
spsa,pretrained,164,200.0,-0.8141263351395951,-0.8141263351395951,0
spsa,pretrained,165,202.0,-0.8109506778128469,-0.8109506778128469,0
spsa,pretrained,166,204.0,-0.7910245252378074,-0.7910245252378074,0
spsa,pretrained,167,206.0,-0.8017845156146712,-0.8017845156146712,0
spsa,pretrained,168,208.0,-0.8166048375825915,-0.8166048375825915,0
spsa,pretrained,169,210.0,-0.8191062639930056,-0.8191062639930056,0
spsa,pretrained,170,212.0,-0.8242726332727496,-0.8242726332727496,0
spsa,pretrained,171,214.0,-0.8339773298679652,-0.8339773298679652,0
spsa,pretrained,172,216.0,-0.8338549247687697,-0.8338549247687697,0
spsa,pretrained,173,218.0,-0.8323841610714067,-0.8323841610714067,0
spsa,pretrained,174,220.0,-0.8255333890081884,-0.8255333890081884,0
spsa,pretrained,175,222.0,-0.8395321466418433,-0.8395321466418433,0
spsa,pretrained,176,224.0,-0.8322484914040746,-0.8322484914040746,0
spsa,pretrained,177,226.0,-0.8535052772650711,-0.8535052772650711,0
spsa,pretrained,178,228.0,-0.8510333371666486,-0.8510333371666486,0
spsa,pretrained,179,230.0,-0.8535390105997487,-0.8535390105997487,0
spsa,pretrained,180,232.0,-0.8572754730463288,-0.8572754730463288,0
spsa,pretrained,181,234.0,-0.8581335608845684,-0.8581335608845684,0
spsa,pretrained,182,236.0,-0.8738247240657436,-0.8738247240657436,0
spsa,pretrained,183,238.0,-0.8427724491063646,-0.8427724491063646,0
spsa,pretrained,184,240.0,-0.8628048532521486,-0.8628048532521486,0
spsa,pretrained,185,242.0,-0.8653724399637304,-0.8653724399637304,0
spsa,pretrained,186,244.0,-0.8510236335699599,-0.8510236335699599,0
spsa,pretrained,187,246.0,-0.8645608907551777,-0.8645608907551777,0
spsa,pretrained,188,248.0,-0.8779185284351084,-0.8779185284351084,0
spsa,pretrained,189,250.0,-0.8822021793869491,-0.8822021793869491,0
spsa,pretrained,190,252.0,-0.8742912473134017,-0.8742912473134017,0
spsa,pretrained,191,254.0,-0.8841548791457561,-0.8841548791457561,0
spsa,pretrained,192,256.0,-0.8845508571903984,-0.8845508571903984,0
spsa,pretrained,193,258.0,-0.8855182521543834,-0.8855182521543834,0
spsa,pretrained,194,260.0,-0.8853995023323107,-0.8853995023323107,0
spsa,pretrained,195,262.0,-0.8759660890193972,-0.8759660890193972,0
spsa,pretrained,196,264.0,-0.8753567507612054,-0.8753567507612054,0
spsa,pretrained,197,266.0,-0.8877243526232497,-0.8877243526232497,0
spsa,pretrained,198,268.0,-0.888576493492825,-0.888576493492825,0
spsa,pretrained,199,270.0,-0.8711589445085075,-0.8711589445085075,0
spsa,pretrained,200,272.0,-0.8929362912926224,-0.8929362912926224,0
spsa,pretrained,201,274.0,-0.8873510640106732,-0.8873510640106732,0
spsa,pretrained,202,276.0,-0.8937567915188211,-0.8937567915188211,0
spsa,pretrained,203,278.0,-0.8919363967713259,-0.8919363967713259,0
spsa,pretrained,204,280.0,-0.906890486484473,-0.906890486484473,0
spsa,pretrained,205,282.0,-0.8923136910852694,-0.8923136910852694,0
spsa,pretrained,206,284.0,-0.9060453305036555,-0.9060453305036555,0
spsa,pretrained,207,286.0,-0.9110193630735399,-0.9110193630735399,0
spsa,pretrained,208,288.0,-0.9156890214571676,-0.9156890214571676,0
spsa,pretrained,209,290.0,-0.9056481458131715,-0.9056481458131715,0
spsa,pretrained,210,292.0,-0.9106652820234753,-0.9106652820234753,0
spsa,pretrained,211,294.0,-0.929727672088034,-0.929727672088034,0
spsa,pretrained,212,296.0,-0.9245573811570502,-0.9245573811570502,0
spsa,pretrained,213,298.0,-0.9121586597028168,-0.9121586597028168,0
spsa,pretrained,214,300.0,-0.921847421851359,-0.921847421851359,0
spsa,pretrained,215,302.0,-0.9229991644365144,-0.9229991644365144,0
spsa,pretrained,216,304.0,-0.9221857830162574,-0.9221857830162574,0
spsa,pretrained,217,306.0,-0.9255069460145675,-0.9255069460145675,0
spsa,pretrained,218,308.0,-0.9277100464018543,-0.9277100464018543,0
spsa,pretrained,219,310.0,-0.9211520106126387,-0.9211520106126387,0
spsa,pretrained,220,312.0,-0.9471186727028116,-0.9471186727028116,0
spsa,pretrained,221,314.0,-0.9347473334621811,-0.9347473334621811,0
spsa,pretrained,222,316.0,-0.918975685017057,-0.918975685017057,0
spsa,pretrained,223,318.0,-0.9437122199381696,-0.9437122199381696,0
spsa,pretrained,224,320.0,-0.9441243000207808,-0.9441243000207808,0
spsa,pretrained,225,322.0,-0.9322661794649931,-0.9322661794649931,0
spsa,pretrained,226,324.0,-0.9502824826621505,-0.9502824826621505,0
spsa,pretrained,227,326.0,-0.9338779811325164,-0.9338779811325164,0
spsa,pretrained,228,328.0,-0.9514117954125505,-0.9514117954125505,0
spsa,pretrained,229,330.0,-0.9484152983948317,-0.9484152983948317,0
spsa,pretrained,230,332.0,-0.944929794136409,-0.944929794136409,0
spsa,pretrained,231,334.0,-0.9406275618471319,-0.9406275618471319,0
spsa,pretrained,232,336.0,-0.9548598338931175,-0.9548598338931175,0
spsa,pretrained,233,338.0,-0.9564046073029511,-0.9564046073029511,0
spsa,pretrained,234,340.0,-0.9519978306478509,-0.9519978306478509,0
spsa,pretrained,235,342.0,-0.9422688541352884,-0.9422688541352884,0
spsa,pretrained,236,344.0,-0.9585645785502753,-0.9585645785502753,0
spsa,pretrained,237,346.0,-0.9656026427088781,-0.9656026427088781,0
spsa,pretrained,238,348.0,-0.9620403501082391,-0.9620403501082391,0
spsa,pretrained,239,350.0,-0.943800902624877,-0.943800902624877,0
spsa,pretrained,240,352.0,-0.9609542592823768,-0.9609542592823768,0
spsa,pretrained,241,354.0,-0.967965394375927,-0.967965394375927,0
spsa,pretrained,242,356.0,-0.9668989709003903,-0.9668989709003903,0
spsa,pretrained,243,358.0,-0.9634689445546747,-0.9634689445546747,0
spsa,pretrained,244,360.0,-0.9653996250997358,-0.9653996250997358,0
spsa,pretrained,245,362.0,-0.966126963725406,-0.966126963725406,0
spsa,pretrained,246,364.0,-0.9746212933873295,-0.9746212933873295,0
spsa,pretrained,247,366.0,-0.9781803740249171,-0.9781803740249171,0
spsa,pretrained,248,368.0,-0.9810122457546739,-0.9810122457546739,0
spsa,pretrained,249,370.0,-0.9715523043171286,-0.9715523043171286,0
spsa,pretrained,250,372.0,-0.9819327868190099,-0.9819327868190099,0
spsa,pretrained,251,374.0,-0.9815438992892697,-0.9815438992892697,0
spsa,pretrained,252,376.0,-0.967127824827906,-0.967127824827906,0
spsa,pretrained,253,378.0,-0.9876065220708785,-0.9876065220708785,0
spsa,pretrained,254,380.0,-0.9765945201602662,-0.9765945201602662,0
spsa,pretrained,255,382.0,-0.9823964443710697,-0.9823964443710697,0
spsa,pretrained,256,384.0,-0.9751689223324722,-0.9751689223324722,0
spsa,pretrained,257,386.0,-0.9914692231105667,-0.9914692231105667,0
spsa,pretrained,258,388.0,-0.9800518489197529,-0.9800518489197529,0
spsa,pretrained,259,390.0,-0.9841373662817203,-0.9841373662817203,0
spsa,pretrained,260,392.0,-0.9901696285544004,-0.9901696285544004,0
spsa,pretrained,261,394.0,-0.975536822547991,-0.975536822547991,0
spsa,pretrained,262,396.0,-0.9865129689894456,-0.9865129689894456,0
spsa,pretrained,263,398.0,-0.985056026379702,-0.985056026379702,0
spsa,pretrained,264,400.0,-0.9871686280646286,-0.9871686280646286,0
spsa,pretrained,265,402.0,-0.996776515709977,-0.996776515709977,0
spsa,pretrained,266,404.0,-0.9800693203814701,-0.9800693203814701,0
spsa,pretrained,267,406.0,-0.993673029122432,-0.993673029122432,0
spsa,pretrained,268,408.0,-0.9964035929998742,-0.9964035929998742,0
spsa,pretrained,269,410.0,-0.9975180044139527,-0.9975180044139527,0
spsa,pretrained,270,412.0,-0.9802850239150944,-0.9802850239150944,0
spsa,pretrained,271,414.0,-1.0005600537461432,-1.0005600537461432,0
spsa,pretrained,272,416.0,-1.0002127189463317,-1.0002127189463317,0
spsa,pretrained,273,418.0,-1.00412157351465,-1.00412157351465,0
spsa,pretrained,274,420.0,-0.9939226148998148,-0.9939226148998148,0
spsa,pretrained,275,422.0,-1.0086138372506872,-1.0086138372506872,0
spsa,pretrained,276,424.0,-0.98636513946907,-0.98636513946907,0
spsa,pretrained,277,426.0,-1.0122380118922272,-1.0122380118922272,0
spsa,pretrained,278,428.0,-1.004169790385819,-1.004169790385819,0
spsa,pretrained,279,430.0,-1.0085291435923678,-1.0085291435923678,0
spsa,pretrained,280,432.0,-1.0010568525574493,-1.0010568525574493,0
spsa,pretrained,281,434.0,-1.0122697950903592,-1.0122697950903592,0
spsa,pretrained,282,436.0,-1.0038947206524242,-1.0038947206524242,0
spsa,pretrained,283,438.0,-1.027803346779704,-1.027803346779704,0
spsa,pretrained,284,440.0,-1.0042846954084794,-1.0042846954084794,0
spsa,pretrained,285,442.0,-1.0214742803246362,-1.0214742803246362,0
spsa,pretrained,286,444.0,-1.0271104200324754,-1.0271104200324754,0
spsa,pretrained,287,446.0,-1.020329104723538,-1.020329104723538,0
spsa,pretrained,288,448.0,-1.021833637389499,-1.021833637389499,0
spsa,pretrained,289,450.0,-1.0260937072950678,-1.0260937072950678,0
spsa,pretrained,290,452.0,-1.0229870413196962,-1.0229870413196962,0
spsa,pretrained,291,454.0,-1.0206786486040018,-1.0206786486040018,0
spsa,pretrained,292,456.0,-1.0301775216977787,-1.0301775216977787,0
spsa,pretrained,293,458.0,-1.0236651128734704,-1.0236651128734704,0
spsa,pretrained,294,460.0,-1.0352315256658349,-1.0352315256658349,0
spsa,pretrained,295,462.0,-1.0351872802196251,-1.0351872802196251,0
spsa,pretrained,296,464.0,-1.0282538040510352,-1.0282538040510352,0
spsa,pretrained,297,466.0,-1.029548167067898,-1.029548167067898,0
spsa,pretrained,298,468.0,-1.0349987872800914,-1.0349987872800914,0
spsa,pretrained,299,470.0,-1.0272746306145777,-1.0272746306145777,0
spsa,pretrained,300,472.0,-1.0313053680064894,-1.0313053680064894,0
spsa,pretrained,301,474.0,-1.0364759642412333,-1.0364759642412333,0
spsa,pretrained,302,476.0,-1.0372721321241558,-1.0372721321241558,0
spsa,pretrained,303,478.0,-1.041079486235006,-1.041079486235006,0
spsa,pretrained,304,480.0,-1.0328119493299357,-1.0328119493299357,0
spsa,pretrained,305,482.0,-1.0488968523052673,-1.0488968523052673,0
spsa,pretrained,306,484.0,-1.0312858898016342,-1.0312858898016342,0
spsa,pretrained,307,486.0,-1.0327692049220318,-1.0327692049220318,0
spsa,pretrained,308,488.0,-1.0322890316852011,-1.0322890316852011,0
spsa,pretrained,309,490.0,-1.0524852120056654,-1.0524852120056654,0
spsa,pretrained,310,492.0,-1.0525408454761274,-1.0525408454761274,0
spsa,pretrained,311,494.0,-1.0435806755115342,-1.0435806755115342,0
spsa,pretrained,312,496.0,-1.0502495306358202,-1.0502495306358202,0
spsa,pretrained,313,498.0,-1.0448145063967882,-1.0448145063967882,0
spsa,pretrained,314,500.0,-1.0516929257756518,-1.0516929257756518,0
spsa,pretrained,315,502.0,-1.044890447015382,-1.044890447015382,0
spsa,pretrained,316,504.0,-1.0611449427378543,-1.0611449427378543,0
spsa,pretrained,317,506.0,-1.0568664393317535,-1.0568664393317535,0
spsa,pretrained,318,508.0,-1.0537972523599577,-1.0537972523599577,0
spsa,pretrained,319,510.0,-1.047636675978665,-1.047636675978665,0
spsa,pretrained,320,512.0,-1.0536702133092426,-1.0536702133092426,0
spsa,pretrained,321,514.0,-1.0467688104658799,-1.0467688104658799,0
spsa,pretrained,322,516.0,-1.0567535604222908,-1.0567535604222908,0
spsa,pretrained,323,518.0,-1.0450334640016408,-1.0450334640016408,0
spsa,pretrained,324,520.0,-1.0550913254675696,-1.0550913254675696,0
spsa,pretrained,325,522.0,-1.0559352103103508,-1.0559352103103508,0
spsa,pretrained,326,524.0,-1.0489122768395012,-1.0489122768395012,0
spsa,pretrained,327,526.0,-1.0370233461171052,-1.0370233461171052,0
spsa,pretrained,328,528.0,-1.0538741016254547,-1.0538741016254547,0
spsa,pretrained,329,530.0,-1.0516579908775752,-1.0516579908775752,0
spsa,pretrained,330,532.0,-1.0581234499636332,-1.0581234499636332,0
spsa,pretrained,331,534.0,-1.0559228237474683,-1.0559228237474683,0
spsa,pretrained,332,536.0,-1.0601398373987614,-1.0601398373987614,0
spsa,pretrained,333,538.0,-1.0562171322704246,-1.0562171322704246,0
spsa,pretrained,334,540.0,-1.0521110452975313,-1.0521110452975313,0
spsa,pretrained,335,542.0,-1.064471317544839,-1.064471317544839,0
spsa,pretrained,336,544.0,-1.0651144672253614,-1.0651144672253614,0
spsa,pretrained,337,546.0,-1.0579083798026636,-1.0579083798026636,0
spsa,pretrained,338,548.0,-1.0530477628198662,-1.0530477628198662,0
spsa,pretrained,339,550.0,-1.0591959414258976,-1.0591959414258976,0
spsa,pretrained,340,552.0,-1.0614254479356373,-1.0614254479356373,0
spsa,pretrained,341,554.0,-1.056685312376068,-1.056685312376068,0
spsa,pretrained,342,556.0,-1.0630296740547147,-1.0630296740547147,0
spsa,pretrained,343,558.0,-1.059577843572542,-1.059577843572542,0
spsa,pretrained,344,560.0,-1.0460386578023297,-1.0460386578023297,0
spsa,pretrained,345,562.0,-1.0621460708011563,-1.0621460708011563,0
spsa,pretrained,346,564.0,-1.0559451114770413,-1.0559451114770413,0
spsa,pretrained,347,566.0,-1.067526607318658,-1.067526607318658,0
spsa,pretrained,348,568.0,-1.0586018983552736,-1.0586018983552736,0
spsa,pretrained,349,570.0,-1.068183735401833,-1.068183735401833,0
spsa,pretrained,350,572.0,-1.0652858895483854,-1.0652858895483854,0
spsa,pretrained,351,574.0,-1.0702720135646655,-1.0702720135646655,0
spsa,pretrained,352,576.0,-1.0622753374318235,-1.0622753374318235,0
spsa,pretrained,353,578.0,-1.0844545170043096,-1.0844545170043096,0
spsa,pretrained,354,580.0,-1.0814473061865355,-1.0814473061865355,0
spsa,pretrained,355,582.0,-1.0713618508653786,-1.0713618508653786,0
spsa,pretrained,356,584.0,-1.0607234577982707,-1.0607234577982707,0
spsa,pretrained,357,586.0,-1.075550761651851,-1.075550761651851,0
spsa,pretrained,358,588.0,-1.0790446981481125,-1.0790446981481125,0
spsa,pretrained,359,590.0,-1.0676843220205519,-1.0676843220205519,0
spsa,pretrained,360,592.0,-1.0712145770841675,-1.0712145770841675,0
spsa,pretrained,361,594.0,-1.0763146879262275,-1.0763146879262275,0
spsa,pretrained,362,596.0,-1.0737727432517723,-1.0737727432517723,0
spsa,pretrained,363,598.0,-1.0759437860415502,-1.0759437860415502,0
spsa,pretrained,364,600.0,-1.0593623878234766,-1.0593623878234766,0
spsa,pretrained,365,602.0,-1.0761291055833941,-1.0761291055833941,0
spsa,pretrained,366,604.0,-1.069833751670848,-1.069833751670848,0
spsa,pretrained,367,606.0,-1.0750643066915084,-1.0750643066915084,0
spsa,pretrained,368,608.0,-1.0726373185103433,-1.0726373185103433,0
spsa,pretrained,369,610.0,-1.0868115466607704,-1.0868115466607704,0
spsa,pretrained,370,612.0,-1.0762943395605036,-1.0762943395605036,0
spsa,pretrained,371,614.0,-1.086197762173566,-1.086197762173566,0
spsa,pretrained,372,616.0,-1.0826010176705732,-1.0826010176705732,0
spsa,pretrained,373,618.0,-1.0787980683603973,-1.0787980683603973,0
spsa,pretrained,374,620.0,-1.0587773953387103,-1.0587773953387103,0
spsa,pretrained,375,622.0,-1.0594498259680023,-1.0594498259680023,0
spsa,pretrained,376,624.0,-1.0756833280381217,-1.0756833280381217,0
spsa,pretrained,377,626.0,-1.0811202615841249,-1.0811202615841249,0
spsa,pretrained,378,628.0,-1.0765930763756284,-1.0765930763756284,0
spsa,pretrained,379,630.0,-1.0857100554622185,-1.0857100554622185,0
spsa,pretrained,380,632.0,-1.0851017891593204,-1.0851017891593204,0
spsa,pretrained,381,634.0,-1.081904086630676,-1.081904086630676,0
spsa,pretrained,382,636.0,-1.071576197272703,-1.071576197272703,0
spsa,pretrained,383,638.0,-1.0847763696390411,-1.0847763696390411,0
spsa,pretrained,384,640.0,-1.077214034440281,-1.077214034440281,0
spsa,pretrained,385,642.0,-1.0833222456273193,-1.0833222456273193,0
spsa,pretrained,386,644.0,-1.0779489163404659,-1.0779489163404659,0
spsa,pretrained,387,646.0,-1.0623794295419435,-1.0623794295419435,0
spsa,pretrained,388,648.0,-1.086299150922223,-1.086299150922223,0
spsa,pretrained,389,650.0,-1.0800588025432272,-1.0800588025432272,0
spsa,pretrained,390,652.0,-1.082316675959762,-1.082316675959762,0
spsa,pretrained,391,654.0,-1.0718407619929957,-1.0718407619929957,0
spsa,pretrained,392,656.0,-1.0894887253587655,-1.0894887253587655,0
spsa,pretrained,393,658.0,-1.0715137122578962,-1.0715137122578962,0
spsa,pretrained,394,660.0,-1.0858680173747235,-1.0858680173747235,0
spsa,pretrained,395,662.0,-1.0867246561546466,-1.0867246561546466,0
spsa,pretrained,396,664.0,-1.087991712671621,-1.087991712671621,0
spsa,pretrained,397,666.0,-1.0861075088536714,-1.0861075088536714,0
spsa,pretrained,398,668.0,-1.0712160772072998,-1.0712160772072998,0
spsa,pretrained,399,670.0,-1.087244187412523,-1.087244187412523,0
spsa,pretrained,400,672.0,-1.0923226871174538,-1.0923226871174538,0
spsa,pretrained,401,674.0,-1.0832464434621847,-1.0832464434621847,0
spsa,pretrained,402,676.0,-1.0748105475582037,-1.0748105475582037,0
spsa,pretrained,403,678.0,-1.084042308356796,-1.084042308356796,0
spsa,pretrained,404,680.0,-1.0900043342063586,-1.0900043342063586,0
spsa,pretrained,405,682.0,-1.0857464393867193,-1.0857464393867193,0
spsa,pretrained,406,684.0,-1.0794794926531726,-1.0794794926531726,0
spsa,pretrained,407,686.0,-1.0787705490525712,-1.0787705490525712,0
spsa,pretrained,408,688.0,-1.0844189936042596,-1.0844189936042596,0
spsa,pretrained,409,690.0,-1.06983817007622,-1.06983817007622,0
spsa,pretrained,410,692.0,-1.0846251875054325,-1.0846251875054325,0
spsa,pretrained,411,694.0,-1.090444235366924,-1.090444235366924,0
spsa,pretrained,412,696.0,-1.0717572855445952,-1.0717572855445952,0
spsa,pretrained,413,698.0,-1.0911769054151097,-1.0911769054151097,0
spsa,pretrained,414,700.0,-1.0921019675229817,-1.0921019675229817,0
spsa,pretrained,415,702.0,-1.0772768861280029,-1.0772768861280029,0
spsa,pretrained,416,704.0,-1.0729305930137976,-1.0729305930137976,0
spsa,pretrained,417,706.0,-1.086158217456949,-1.086158217456949,0
spsa,pretrained,418,708.0,-1.0863735495967712,-1.0863735495967712,0
spsa,pretrained,419,710.0,-1.0949608671440212,-1.0949608671440212,0
spsa,pretrained,420,712.0,-1.0934219038024793,-1.0934219038024793,0
spsa,pretrained,421,714.0,-1.0933100662726738,-1.0933100662726738,0
spsa,pretrained,422,716.0,-1.0927944109356975,-1.0927944109356975,0
spsa,pretrained,423,718.0,-1.0883398411208753,-1.0883398411208753,0
spsa,pretrained,424,720.0,-1.0847157160239826,-1.0847157160239826,0
spsa,pretrained,425,722.0,-1.0913167959804817,-1.0913167959804817,0
spsa,pretrained,426,724.0,-1.094423661779464,-1.094423661779464,0
spsa,pretrained,427,726.0,-1.0920937878097032,-1.0920937878097032,0
spsa,pretrained,428,728.0,-1.0791210630996475,-1.0791210630996475,0
spsa,pretrained,429,730.0,-1.0913121179223109,-1.0913121179223109,0
spsa,pretrained,430,732.0,-1.0916501884199796,-1.0916501884199796,0
spsa,pretrained,431,734.0,-1.0963969747328832,-1.0963969747328832,0
spsa,pretrained,432,736.0,-1.0850417544725217,-1.0850417544725217,0
spsa,pretrained,433,738.0,-1.1001860396945924,-1.1001860396945924,0
spsa,pretrained,434,740.0,-1.089766068689808,-1.089766068689808,0
spsa,pretrained,435,742.0,-1.0857035257062304,-1.0857035257062304,0
spsa,pretrained,436,744.0,-1.0932851668446038,-1.0932851668446038,0
spsa,pretrained,437,746.0,-1.088646402529561,-1.088646402529561,0
spsa,pretrained,438,748.0,-1.0973406163694137,-1.0973406163694137,0
spsa,pretrained,439,750.0,-1.0905295233508498,-1.0905295233508498,0
spsa,pretrained,440,752.0,-1.0808081802402236,-1.0808081802402236,0
spsa,pretrained,441,754.0,-1.0942871694930338,-1.0942871694930338,0
spsa,pretrained,442,756.0,-1.0914227239879772,-1.0914227239879772,0
spsa,pretrained,443,758.0,-1.0891001691587565,-1.0891001691587565,0
spsa,pretrained,444,760.0,-1.086522236191801,-1.086522236191801,0
spsa,pretrained,445,762.0,-1.0927782045105494,-1.0927782045105494,0
spsa,pretrained,446,764.0,-1.0849414381678346,-1.0849414381678346,0
spsa,pretrained,447,766.0,-1.0878181381328034,-1.0878181381328034,0
spsa,pretrained,448,768.0,-1.0908632218226952,-1.0908632218226952,0
spsa,pretrained,449,770.0,-1.0903672476185262,-1.0903672476185262,0
spsa,pretrained,450,772.0,-1.0856333402881138,-1.0856333402881138,0
spsa,pretrained,451,774.0,-1.0926628621656784,-1.0926628621656784,0
spsa,pretrained,452,776.0,-1.090388342253605,-1.090388342253605,0
spsa,pretrained,453,778.0,-1.094131177850875,-1.094131177850875,0
spsa,pretrained,454,780.0,-1.0912004661226586,-1.0912004661226586,0
spsa,pretrained,455,782.0,-1.0873878892703912,-1.0873878892703912,0
spsa,pretrained,456,784.0,-1.086717717529719,-1.086717717529719,0
spsa,pretrained,457,786.0,-1.0920662088217812,-1.0920662088217812,0
spsa,pretrained,458,788.0,-1.0844419554297873,-1.0844419554297873,0
spsa,pretrained,459,790.0,-1.0805823237252232,-1.0805823237252232,0
spsa,pretrained,460,792.0,-1.0987597175894719,-1.0987597175894719,0
spsa,pretrained,461,794.0,-1.095748683858314,-1.095748683858314,0
spsa,pretrained,462,796.0,-1.077205936766303,-1.077205936766303,0
spsa,pretrained,463,798.0,-1.0899871466341842,-1.0899871466341842,0
spsa,pretrained,464,800.0,-1.0964111213995933,-1.0964111213995933,0
spsa,pretrained,465,802.0,-1.0945033107638782,-1.0945033107638782,0
spsa,pretrained,466,804.0,-1.0962094319732536,-1.0962094319732536,0
spsa,pretrained,467,806.0,-1.0967790744748311,-1.0967790744748311,0
spsa,pretrained,468,808.0,-1.081123828527602,-1.081123828527602,0
spsa,pretrained,469,810.0,-1.0963968193365727,-1.0963968193365727,0
spsa,pretrained,470,812.0,-1.1024933274396664,-1.1024933274396664,0
spsa,pretrained,471,814.0,-1.0807263272287302,-1.0807263272287302,0
spsa,pretrained,472,816.0,-1.0852524328905644,-1.0852524328905644,0
spsa,pretrained,473,818.0,-1.0864761552444084,-1.0864761552444084,0
spsa,pretrained,474,820.0,-1.0884068580295767,-1.0884068580295767,0
spsa,pretrained,475,822.0,-1.0792962416190977,-1.0792962416190977,0
spsa,pretrained,476,824.0,-1.0871279066508817,-1.0871279066508817,0
spsa,pretrained,477,826.0,-1.078967341768592,-1.078967341768592,0
spsa,pretrained,478,828.0,-1.0951176811772945,-1.0951176811772945,0
spsa,pretrained,479,830.0,-1.0848532878890245,-1.0848532878890245,0
spsa,pretrained,480,832.0,-1.0855011807826647,-1.0855011807826647,0
spsa,pretrained,481,834.0,-1.0921213214886532,-1.0921213214886532,0
spsa,pretrained,482,836.0,-1.0884069544026278,-1.0884069544026278,0
spsa,pretrained,483,838.0,-1.088728254585727,-1.088728254585727,0
spsa,pretrained,484,840.0,-1.094223368111706,-1.094223368111706,0
spsa,pretrained,485,842.0,-1.0974583548385375,-1.0974583548385375,0
spsa,pretrained,486,844.0,-1.0825490842501773,-1.0825490842501773,0
spsa,pretrained,487,846.0,-1.0773429888411408,-1.0773429888411408,0
spsa,pretrained,488,848.0,-1.088589377051501,-1.088589377051501,0
spsa,pretrained,489,850.0,-1.097339349669507,-1.097339349669507,0
spsa,pretrained,490,852.0,-1.0987187960245763,-1.0987187960245763,0
spsa,pretrained,491,854.0,-1.0980298859680995,-1.0980298859680995,0
spsa,pretrained,492,856.0,-1.0873701173704955,-1.0873701173704955,0
spsa,pretrained,493,858.0,-1.0933837118421459,-1.0933837118421459,0
spsa,pretrained,494,860.0,-1.0993939274219136,-1.0993939274219136,0
spsa,pretrained,495,862.0,-1.103899210522909,-1.103899210522909,0
spsa,pretrained,496,864.0,-1.0861871108071446,-1.0861871108071446,0
spsa,pretrained,497,866.0,-1.0952756446496275,-1.0952756446496275,0
spsa,pretrained,498,868.0,-1.1010072535305828,-1.1010072535305828,0
spsa,pretrained,499,870.0,-1.0988843009199476,-1.0988843009199476,0
adam,standard,0,2.0,-0.06737269252799219,-0.06737269252799219,0
adam,standard,1,4.0,-0.3393905526644008,-0.3393905526644008,0
adam,standard,2,6.0,-0.46344670014838146,-0.46344670014838146,0
adam,standard,3,8.0,-0.4702773787830525,-0.4702773787830525,0
adam,standard,4,10.0,-0.4828561901354349,-0.4828561901354349,0
adam,standard,5,12.0,-0.5159824015221154,-0.5159824015221154,0
adam,standard,6,14.0,-0.5642685963658225,-0.5642685963658225,0
adam,standard,7,16.0,-0.6216492484333439,-0.6216492484333439,0
adam,standard,8,18.0,-0.6800894893032934,-0.6800894893032934,0
adam,standard,9,20.0,-0.7347387627017172,-0.7347387627017172,0
adam,standard,10,22.0,-0.7849635781911589,-0.7849635781911589,0
adam,standard,11,24.0,-0.831530307913517,-0.831530307913517,0
adam,standard,12,26.0,-0.8763566820985479,-0.8763566820985479,0
adam,standard,13,28.0,-0.917167027599278,-0.917167027599278,0
adam,standard,14,30.0,-0.9512054776500641,-0.9512054776500641,0
adam,standard,15,32.0,-0.9767765028238447,-0.9767765028238447,0
adam,standard,16,34.0,-0.9925468287424102,-0.9925468287424102,0
adam,standard,17,36.0,-1.0007116257272954,-1.0007116257272954,0
adam,standard,18,38.0,-1.003954554021912,-1.003954554021912,0
adam,standard,19,40.0,-1.0038033036187406,-1.0038033036187406,0
adam,standard,20,42.0,-1.0041533120392063,-1.0041533120392063,0
adam,standard,21,44.0,-1.0103420288389577,-1.0103420288389577,0
adam,standard,22,46.0,-1.0244830713258168,-1.0244830713258168,0
adam,standard,23,48.0,-1.0440018680301026,-1.0440018680301026,0
adam,standard,24,50.0,-1.0640545841151876,-1.0640545841151876,0
adam,standard,25,52.0,-1.0809039392471311,-1.0809039392471311,0
adam,standard,26,54.0,-1.0934513845994878,-1.0934513845994878,0
adam,standard,27,56.0,-1.1017257903991873,-1.1017257903991873,0
adam,standard,28,58.0,-1.1053946370658416,-1.1053946370658416,0
adam,standard,29,60.0,-1.1050213369769821,-1.1050213369769821,0
adam,standard,30,62.0,-1.103509613492445,-1.103509613492445,0
adam,standard,31,64.0,-1.1038327674127244,-1.1038327674127244,0
adam,standard,32,66.0,-1.1059450126788086,-1.1059450126788086,0
adam,standard,33,68.0,-1.1078347269261568,-1.1078347269261568,0
adam,standard,34,70.0,-1.1084469900208758,-1.1084469900208758,0
adam,standard,35,72.0,-1.1088814735474914,-1.1088814735474914,0
adam,standard,36,74.0,-1.1109929875641973,-1.1109929875641973,0
adam,standard,37,76.0,-1.1150442699783996,-1.1150442699783996,0
adam,standard,38,78.0,-1.1196234139197692,-1.1196234139197692,0
adam,standard,39,80.0,-1.1232301515359286,-1.1232301515359286,0
adam,standard,40,82.0,-1.1251541106290945,-1.1251541106290945,0
adam,standard,41,84.0,-1.125583818421466,-1.125583818421466,0
adam,standard,42,86.0,-1.125413249335722,-1.125413249335722,0
adam,standard,43,88.0,-1.1255939322740718,-1.1255939322740718,0
adam,standard,44,90.0,-1.126562677543874,-1.126562677543874,0
adam,standard,45,92.0,-1.1282220147155289,-1.1282220147155289,0
adam,standard,46,94.0,-1.130055378528423,-1.130055378528423,0
adam,standard,47,96.0,-1.1314632036962213,-1.1314632036962213,0
adam,standard,48,98.0,-1.132250486705662,-1.132250486705662,0
adam,standard,49,100.0,-1.132579020909305,-1.132579020909305,0
adam,standard,50,102.0,-1.1325781514511692,-1.1325781514511692,0
adam,standard,51,104.0,-1.1323117317011073,-1.1323117317011073,0
adam,standard,52,106.0,-1.131954066413605,-1.131954066413605,0
adam,standard,53,108.0,-1.1318078919371315,-1.1318078919371315,0
adam,standard,54,110.0,-1.1321427856192126,-1.1321427856192126,0
adam,standard,55,112.0,-1.1329406785025928,-1.1329406785025928,0
adam,standard,56,114.0,-1.1338464569401259,-1.1338464569401259,0
adam,standard,57,116.0,-1.1345182463393488,-1.1345182463393488,0
adam,standard,58,118.0,-1.1349492233549436,-1.1349492233549436,0
adam,standard,59,120.0,-1.1352824552724614,-1.1352824552724614,0
adam,standard,60,122.0,-1.1354846358436328,-1.1354846358436328,0
adam,standard,61,124.0,-1.1354678089683028,-1.1354678089683028,0
adam,standard,62,126.0,-1.1353669127130155,-1.1353669127130155,0
adam,standard,63,128.0,-1.1354040440736686,-1.1354040440736686,0
adam,standard,64,130.0,-1.135589088504175,-1.135589088504175,0
adam,standard,65,132.0,-1.135770592435594,-1.135770592435594,0
adam,standard,66,134.0,-1.1358899862626517,-1.1358899862626517,0
adam,standard,67,136.0,-1.1360323555668765,-1.1360323555668765,0
adam,standard,68,138.0,-1.1362549672851594,-1.1362549672851594,0
adam,standard,69,140.0,-1.1364698838658507,-1.1364698838658507,0
adam,standard,70,142.0,-1.1365606745506778,-1.1365606745506778,0
adam,standard,71,144.0,-1.1365582843803095,-1.1365582843803095,0
adam,standard,72,146.0,-1.1365821519571444,-1.1365821519571444,0
adam,standard,73,148.0,-1.1366494343363527,-1.1366494343363527,0
adam,standard,74,150.0,-1.1366906745182261,-1.1366906745182261,0
adam,standard,75,152.0,-1.136706201217864,-1.136706201217864,0
adam,standard,76,154.0,-1.1367537441957416,-1.1367537441957416,0
adam,standard,77,156.0,-1.1368331076005813,-1.1368331076005813,0
adam,standard,78,158.0,-1.136902333331285,-1.136902333331285,0
adam,standard,79,160.0,-1.1369560588289518,-1.1369560588289518,0
adam,standard,80,162.0,-1.13701395926963,-1.13701395926963,0
adam,standard,81,164.0,-1.1370673626874925,-1.1370673626874925,0
adam,standard,82,166.0,-1.1370865576279425,-1.1370865576279425,0
adam,standard,83,168.0,-1.1370744634319054,-1.1370744634319054,0
adam,standard,84,170.0,-1.1370704144515735,-1.1370704144515735,0
adam,standard,85,172.0,-1.137090930441137,-1.137090930441137,0
adam,standard,86,174.0,-1.1371121583722203,-1.1371121583722203,0
adam,standard,87,176.0,-1.1371180566485117,-1.1371180566485117,0
adam,standard,88,178.0,-1.13711872440646,-1.13711872440646,0
adam,standard,89,180.0,-1.1371230682530373,-1.1371230682530373,0
adam,standard,90,182.0,-1.1371312360790853,-1.1371312360790853,0
adam,standard,91,184.0,-1.13714371536922,-1.13714371536922,0
adam,standard,92,186.0,-1.1371585701556242,-1.1371585701556242,0
adam,standard,93,188.0,-1.1371717112527657,-1.1371717112527657,0
adam,standard,94,190.0,-1.1371819847635647,-1.1371819847635647,0
adam,standard,95,192.0,-1.1371891295507996,-1.1371891295507996,0
adam,standard,96,194.0,-1.1371909473733264,-1.1371909473733264,0
adam,standard,97,196.0,-1.1371862620197424,-1.1371862620197424,0
adam,standard,98,198.0,-1.1371806810427372,-1.1371806810427372,0
adam,standard,99,200.0,-1.1371830974964958,-1.1371830974964958,0
adam,standard,100,202.0,-1.1371934334046399,-1.1371934334046399,0
adam,standard,101,204.0,-1.1372038636258488,-1.1372038636258488,0
adam,standard,102,206.0,-1.1372105320388326,-1.1372105320388326,0
adam,standard,103,208.0,-1.1372134877337343,-1.1372134877337343,0
adam,standard,104,210.0,-1.1372127625572155,-1.1372127625572155,0
adam,standard,105,212.0,-1.1372109874323393,-1.1372109874323393,0
adam,standard,106,214.0,-1.137211473304073,-1.137211473304073,0
adam,standard,107,216.0,-1.1372136371881143,-1.1372136371881143,0
adam,standard,108,218.0,-1.1372157417847586,-1.1372157417847586,0
adam,standard,109,220.0,-1.1372186247652705,-1.1372186247652705,0
adam,standard,110,222.0,-1.137223163792913,-1.137223163792913,0
adam,standard,111,224.0,-1.1372270461409066,-1.1372270461409066,0
adam,standard,112,226.0,-1.1372279640391416,-1.1372279640391416,0
adam,standard,113,228.0,-1.1372277207977164,-1.1372277207977164,0
adam,standard,114,230.0,-1.1372287183848835,-1.1372287183848835,0
adam,standard,115,232.0,-1.1372301818383292,-1.1372301818383292,0
adam,standard,116,234.0,-1.1372311205263697,-1.1372311205263697,0
adam,standard,117,236.0,-1.1372319921566152,-1.1372319921566152,0
adam,standard,118,238.0,-1.1372328646917875,-1.1372328646917875,0
adam,standard,119,240.0,-1.1372336938735368,-1.1372336938735368,0
adam,standard,120,242.0,-1.137234933183249,-1.137234933183249,0
adam,standard,121,244.0,-1.1372363682053501,-1.1372363682053501,0
adam,standard,122,246.0,-1.1372371289686845,-1.1372371289686845,0
adam,standard,123,248.0,-1.1372372303669536,-1.1372372303669536,0
adam,standard,124,250.0,-1.1372375720835413,-1.1372375720835413,0
adam,standard,125,252.0,-1.137238263410804,-1.137238263410804,0
adam,standard,126,254.0,-1.1372387713227472,-1.1372387713227472,0
adam,standard,127,256.0,-1.1372393333144744,-1.1372393333144744,0
adam,standard,128,258.0,-1.1372402779373303,-1.1372402779373303,0
adam,standard,129,260.0,-1.1372411758776098,-1.1372411758776098,0
adam,standard,130,262.0,-1.137241741392977,-1.137241741392977,0
adam,standard,131,264.0,-1.13724212297835,-1.13724212297835,0
adam,standard,132,266.0,-1.1372423729126382,-1.1372423729126382,0
adam,standard,133,268.0,-1.1372425679021936,-1.1372425679021936,0
adam,standard,134,270.0,-1.1372429363922607,-1.1372429363922607,0
adam,standard,135,272.0,-1.1372434583836053,-1.1372434583836053,0
adam,standard,136,274.0,-1.1372438449148474,-1.1372438449148474,0
adam,standard,137,276.0,-1.1372440977125615,-1.1372440977125615,0
adam,standard,138,278.0,-1.1372444522176075,-1.1372444522176075,0
adam,standard,139,280.0,-1.1372448281084546,-1.1372448281084546,0
adam,standard,140,282.0,-1.137245053780375,-1.137245053780375,0
adam,standard,141,284.0,-1.1372452257226149,-1.1372452257226149,0
adam,standard,142,286.0,-1.137245436512831,-1.137245436512831,0
adam,standard,143,288.0,-1.1372456505374278,-1.1372456505374278,0
adam,standard,144,290.0,-1.1372458655777617,-1.1372458655777617,0
adam,standard,145,292.0,-1.1372461022893843,-1.1372461022893843,0
adam,standard,146,294.0,-1.1372463334088516,-1.1372463334088516,0
adam,standard,147,296.0,-1.1372465411879962,-1.1372465411879962,0
adam,standard,148,298.0,-1.1372467531069297,-1.1372467531069297,0
adam,standard,149,300.0,-1.1372469563821435,-1.1372469563821435,0
adam,standard,150,302.0,-1.1372471163708326,-1.1372471163708326,0
adam,standard,151,304.0,-1.137247256055612,-1.137247256055612,0
adam,standard,152,306.0,-1.137247399725423,-1.137247399725423,0
adam,standard,153,308.0,-1.1372475458625382,-1.1372475458625382,0
adam,standard,154,310.0,-1.1372476940669367,-1.1372476940669367,0
adam,standard,155,312.0,-1.1372478368561216,-1.1372478368561216,0
adam,standard,156,314.0,-1.1372479735267849,-1.1372479735267849,0
adam,standard,157,316.0,-1.1372481108572916,-1.1372481108572916,0
adam,standard,158,318.0,-1.1372482454259785,-1.1372482454259785,0
adam,standard,159,320.0,-1.137248372500408,-1.137248372500408,0
adam,standard,160,322.0,-1.137248496337336,-1.137248496337336,0
adam,standard,161,324.0,-1.1372486168499738,-1.1372486168499738,0
adam,standard,162,326.0,-1.1372487241212883,-1.1372487241212883,0
adam,standard,163,328.0,-1.1372488247114487,-1.1372488247114487,0
adam,standard,164,330.0,-1.1372489309436473,-1.1372489309436473,0
adam,standard,165,332.0,-1.137249035250083,-1.137249035250083,0
adam,standard,166,334.0,-1.1372491360446184,-1.1372491360446184,0
adam,standard,167,336.0,-1.1372492406774612,-1.1372492406774612,0
adam,standard,168,338.0,-1.1372493416250908,-1.1372493416250908,0
adam,standard,169,340.0,-1.137249430432354,-1.137249430432354,0
adam,standard,170,342.0,-1.1372495141013808,-1.1372495141013808,0
adam,standard,171,344.0,-1.1372495996756684,-1.1372495996756684,0
adam,standard,172,346.0,-1.1372496848710565,-1.1372496848710565,0
adam,standard,173,348.0,-1.1372497704994144,-1.1372497704994144,0
adam,standard,174,350.0,-1.1372498571668492,-1.1372498571668492,0
adam,standard,175,352.0,-1.1372499394355557,-1.1372499394355557,0
adam,standard,176,354.0,-1.1372500174707694,-1.1372500174707694,0
adam,standard,177,356.0,-1.1372500943245367,-1.1372500943245367,0
adam,standard,178,358.0,-1.1372501684073106,-1.1372501684073106,0
adam,standard,179,360.0,-1.1372502397978173,-1.1372502397978173,0
adam,standard,180,362.0,-1.1372503117217099,-1.1372503117217099,0
adam,standard,181,364.0,-1.1372503839294354,-1.1372503839294354,0
adam,standard,182,366.0,-1.1372504534651007,-1.1372504534651007,0
adam,standard,183,368.0,-1.1372505206634451,-1.1372505206634451,0
adam,standard,184,370.0,-1.1372505869454597,-1.1372505869454597,0
adam,standard,185,372.0,-1.13725065216409,-1.13725065216409,0
adam,standard,186,374.0,-1.1372507161185172,-1.1372507161185172,0
adam,standard,187,376.0,-1.13725077847577,-1.13725077847577,0
adam,standard,188,378.0,-1.1372508396146552,-1.1372508396146552,0
adam,standard,189,380.0,-1.137250900411272,-1.137250900411272,0
adam,standard,190,382.0,-1.1372509607006123,-1.1372509607006123,0
adam,standard,191,384.0,-1.1372510197539596,-1.1372510197539596,0
adam,standard,192,386.0,-1.1372510776506295,-1.1372510776506295,0
adam,standard,193,388.0,-1.1372511348949472,-1.1372511348949472,0
adam,standard,194,390.0,-1.1372511912449506,-1.1372511912449506,0
adam,standard,195,392.0,-1.1372512464649922,-1.1372512464649922,0
adam,standard,196,394.0,-1.1372513007639244,-1.1372513007639244,0
adam,standard,197,396.0,-1.1372513545153258,-1.1372513545153258,0
adam,standard,198,398.0,-1.1372514079628517,-1.1372514079628517,0
adam,standard,199,400.0,-1.137251460790484,-1.137251460790484,0
adam,standard,200,402.0,-1.137251512689216,-1.137251512689216,0
adam,standard,201,404.0,-1.137251563792916,-1.137251563792916,0
adam,standard,202,406.0,-1.1372516143278604,-1.1372516143278604,0
adam,standard,203,408.0,-1.1372516642736745,-1.1372516642736745,0
adam,standard,204,410.0,-1.1372517136469888,-1.1372517136469888,0
adam,standard,205,412.0,-1.1372517626011196,-1.1372517626011196,0
adam,standard,206,414.0,-1.1372518111040149,-1.1372518111040149,0
adam,standard,207,416.0,-1.1372518590613236,-1.1372518590613236,0
adam,standard,208,418.0,-1.1372519064521747,-1.1372519064521747,0
adam,standard,209,420.0,-1.1372519533626624,-1.1372519533626624,0
adam,standard,210,422.0,-1.137251999863224,-1.137251999863224,0
adam,standard,211,424.0,-1.1372520459010786,-1.1372520459010786,0
adam,standard,212,426.0,-1.1372520914504525,-1.1372520914504525,0
adam,standard,213,428.0,-1.1372521365871375,-1.1372521365871375,0
adam,standard,214,430.0,-1.1372521813814793,-1.1372521813814793,0
adam,standard,215,432.0,-1.1372522258077145,-1.1372522258077145,0
adam,standard,216,434.0,-1.1372522698478362,-1.1372522698478362,0
adam,standard,217,436.0,-1.1372523134985864,-1.1372523134985864,0
adam,standard,218,438.0,-1.137252356774678,-1.137252356774678,0
adam,standard,219,440.0,-1.1372523997217197,-1.1372523997217197,0
adam,standard,220,442.0,-1.1372524423388517,-1.1372524423388517,0
adam,standard,221,444.0,-1.137252484623004,-1.137252484623004,0
adam,standard,222,446.0,-1.1372525266004119,-1.1372525266004119,0
adam,standard,223,448.0,-1.137252568266523,-1.137252568266523,0
adam,standard,224,450.0,-1.1372526096018039,-1.1372526096018039,0
adam,standard,225,452.0,-1.1372526506422374,-1.1372526506422374,0
adam,standard,226,454.0,-1.1372526914066219,-1.1372526914066219,0
adam,standard,227,456.0,-1.1372527318782122,-1.1372527318782122,0
adam,standard,228,458.0,-1.1372527720742822,-1.1372527720742822,0
adam,standard,229,460.0,-1.1372528120052232,-1.1372528120052232,0
adam,standard,230,462.0,-1.1372528516665417,-1.1372528516665417,0
adam,standard,231,464.0,-1.137252891073059,-1.137252891073059,0
adam,standard,232,466.0,-1.1372529302324914,-1.1372529302324914,0
adam,standard,233,468.0,-1.1372529691352995,-1.1372529691352995,0
adam,standard,234,470.0,-1.1372530077907377,-1.1372530077907377,0
adam,standard,235,472.0,-1.1372530462078794,-1.1372530462078794,0
adam,standard,236,474.0,-1.1372530843880513,-1.1372530843880513,0
adam,standard,237,476.0,-1.1372531223434934,-1.1372531223434934,0
adam,standard,238,478.0,-1.1372531600763915,-1.1372531600763915,0
adam,standard,239,480.0,-1.1372531975820084,-1.1372531975820084,0
adam,standard,240,482.0,-1.1372532348654436,-1.1372532348654436,0
adam,standard,241,484.0,-1.1372532719328259,-1.1372532719328259,0
adam,standard,242,486.0,-1.1372533087860262,-1.1372533087860262,0
adam,standard,243,488.0,-1.137253345430849,-1.137253345430849,0
adam,standard,244,490.0,-1.1372533818714499,-1.1372533818714499,0
adam,standard,245,492.0,-1.1372534181093361,-1.1372534181093361,0
adam,standard,246,494.0,-1.1372534541463293,-1.1372534541463293,0
adam,standard,247,496.0,-1.1372534899845201,-1.1372534899845201,0
adam,standard,248,498.0,-1.137253525627923,-1.137253525627923,0
adam,standard,249,500.0,-1.1372535610788297,-1.1372535610788297,0
adam,standard,250,502.0,-1.1372535963390327,-1.1372535963390327,0
adam,standard,251,504.0,-1.137253631411315,-1.137253631411315,0
adam,standard,252,506.0,-1.137253666297695,-1.137253666297695,0
adam,standard,253,508.0,-1.137253701000227,-1.137253701000227,0
adam,standard,254,510.0,-1.1372537355219414,-1.1372537355219414,0
adam,standard,255,512.0,-1.1372537698643006,-1.1372537698643006,0
adam,standard,256,514.0,-1.1372538040291356,-1.1372538040291356,0
adam,standard,257,516.0,-1.1372538380181272,-1.1372538380181272,0
adam,standard,258,518.0,-1.137253871832011,-1.137253871832011,0
adam,standard,259,520.0,-1.1372539054736257,-1.1372539054736257,0
adam,standard,260,522.0,-1.137253938945469,-1.137253938945469,0
adam,standard,261,524.0,-1.1372539722483557,-1.1372539722483557,0
adam,standard,262,526.0,-1.137254005383962,-1.137254005383962,0
adam,standard,263,528.0,-1.1372540383539536,-1.1372540383539536,0
adam,standard,264,530.0,-1.137254071159236,-1.137254071159236,0
adam,standard,265,532.0,-1.137254103801507,-1.137254103801507,0
adam,standard,266,534.0,-1.1372541362822064,-1.1372541362822064,0
adam,standard,267,536.0,-1.1372541686028066,-1.1372541686028066,0
adam,standard,268,538.0,-1.1372542007649264,-1.1372542007649264,0
adam,standard,269,540.0,-1.1372542327695943,-1.1372542327695943,0
adam,standard,270,542.0,-1.1372542646180928,-1.1372542646180928,0
adam,standard,271,544.0,-1.1372542963118493,-1.1372542963118493,0
adam,standard,272,546.0,-1.1372543278518241,-1.1372543278518241,0
adam,standard,273,548.0,-1.1372543592392679,-1.1372543592392679,0
adam,standard,274,550.0,-1.137254390475542,-1.137254390475542,0
adam,standard,275,552.0,-1.1372544215617535,-1.1372544215617535,0
adam,standard,276,554.0,-1.137254452499103,-1.137254452499103,0
adam,standard,277,556.0,-1.137254483288632,-1.137254483288632,0
adam,standard,278,558.0,-1.1372545139314336,-1.1372545139314336,0
adam,standard,279,560.0,-1.137254544428636,-1.137254544428636,0
adam,standard,280,562.0,-1.1372545747812004,-1.1372545747812004,0
adam,standard,281,564.0,-1.1372546049902417,-1.1372546049902417,0
adam,standard,282,566.0,-1.1372546350569317,-1.1372546350569317,0
adam,standard,283,568.0,-1.1372546649822213,-1.1372546649822213,0
adam,standard,284,570.0,-1.137254694767104,-1.137254694767104,0
adam,standard,285,572.0,-1.1372547244125868,-1.1372547244125868,0
adam,standard,286,574.0,-1.137254753919655,-1.137254753919655,0
adam,standard,287,576.0,-1.1372547832892925,-1.1372547832892925,0
adam,standard,288,578.0,-1.137254812522473,-1.137254812522473,0
adam,standard,289,580.0,-1.137254841620186,-1.137254841620186,0
adam,standard,290,582.0,-1.1372548705834036,-1.1372548705834036,0
adam,standard,291,584.0,-1.1372548994130351,-1.1372548994130351,0
adam,standard,292,586.0,-1.1372549281100073,-1.1372549281100073,0
adam,standard,293,588.0,-1.1372549566752557,-1.1372549566752557,0
adam,standard,294,590.0,-1.137254985109693,-1.137254985109693,0
adam,standard,295,592.0,-1.137255013414233,-1.137255013414233,0
adam,standard,296,594.0,-1.137255041589782,-1.137255041589782,0
adam,standard,297,596.0,-1.1372550696372588,-1.1372550696372588,0
adam,standard,298,598.0,-1.1372550975575495,-1.1372550975575495,0
adam,standard,299,600.0,-1.1372551253515173,-1.1372551253515173,0
adam,standard,300,602.0,-1.13725515302005,-1.13725515302005,0
adam,standard,301,604.0,-1.137255180564013,-1.137255180564013,0
adam,standard,302,606.0,-1.137255207984278,-1.137255207984278,0
adam,standard,303,608.0,-1.1372552352817193,-1.1372552352817193,0
adam,standard,304,610.0,-1.137255262457187,-1.137255262457187,0
adam,standard,305,612.0,-1.1372552895115315,-1.1372552895115315,0
adam,standard,306,614.0,-1.1372553164455919,-1.1372553164455919,0
adam,standard,307,616.0,-1.137255343260205,-1.137255343260205,0
adam,standard,308,618.0,-1.1372553699562118,-1.1372553699562118,0
adam,standard,309,620.0,-1.1372553965344472,-1.1372553965344472,0
adam,standard,310,622.0,-1.1372554229957286,-1.1372554229957286,0
adam,standard,311,624.0,-1.1372554493408804,-1.1372554493408804,0
adam,standard,312,626.0,-1.1372554755707172,-1.1372554755707172,0
adam,standard,313,628.0,-1.13725550168605,-1.13725550168605,0
adam,standard,314,630.0,-1.1372555276876852,-1.1372555276876852,0
adam,standard,315,632.0,-1.1372555535764226,-1.1372555535764226,0
adam,standard,316,634.0,-1.137255579353056,-1.137255579353056,0
adam,standard,317,636.0,-1.137255605018375,-1.137255605018375,0
adam,standard,318,638.0,-1.1372556305731707,-1.1372556305731707,0
adam,standard,319,640.0,-1.1372556560182194,-1.1372556560182194,0
adam,standard,320,642.0,-1.1372556813543038,-1.1372556813543038,0
adam,standard,321,644.0,-1.1372557065821924,-1.1372557065821924,0
adam,standard,322,646.0,-1.1372557317026517,-1.1372557317026517,0
adam,standard,323,648.0,-1.1372557567164447,-1.1372557567164447,0
adam,standard,324,650.0,-1.1372557816243305,-1.1372557816243305,0
adam,standard,325,652.0,-1.137255806427065,-1.137255806427065,0
adam,standard,326,654.0,-1.1372558311253929,-1.1372558311253929,0
adam,standard,327,656.0,-1.137255855720061,-1.137255855720061,0
adam,standard,328,658.0,-1.1372558802118073,-1.1372558802118073,0
adam,standard,329,660.0,-1.137255904601365,-1.137255904601365,0
adam,standard,330,662.0,-1.1372559288894641,-1.1372559288894641,0
adam,standard,331,664.0,-1.1372559530768294,-1.1372559530768294,0
adam,standard,332,666.0,-1.1372559771641781,-1.1372559771641781,0
adam,standard,333,668.0,-1.1372560011522277,-1.1372560011522277,0
adam,standard,334,670.0,-1.1372560250416874,-1.1372560250416874,0
adam,standard,335,672.0,-1.1372560488332628,-1.1372560488332628,0
adam,standard,336,674.0,-1.137256072527651,-1.137256072527651,0
adam,standard,337,676.0,-1.1372560961255491,-1.1372560961255491,0
adam,standard,338,678.0,-1.1372561196276474,-1.1372561196276474,0
adam,standard,339,680.0,-1.1372561430346302,-1.1372561430346302,0
adam,standard,340,682.0,-1.1372561663471765,-1.1372561663471765,0
adam,standard,341,684.0,-1.1372561895659612,-1.1372561895659612,0
adam,standard,342,686.0,-1.1372562126916568,-1.1372562126916568,0
adam,standard,343,688.0,-1.1372562357249214,-1.1372562357249214,0
adam,standard,344,690.0,-1.1372562586664205,-1.1372562586664205,0
adam,standard,345,692.0,-1.1372562815168048,-1.1372562815168048,0
adam,standard,346,694.0,-1.1372563042767252,-1.1372563042767252,0
adam,standard,347,696.0,-1.1372563269468228,-1.1372563269468228,0
adam,standard,348,698.0,-1.1372563495277392,-1.1372563495277392,0
adam,standard,349,700.0,-1.1372563720201072,-1.1372563720201072,0
adam,standard,350,702.0,-1.137256394424555,-1.137256394424555,0
adam,standard,351,704.0,-1.1372564167417059,-1.1372564167417059,0
adam,standard,352,706.0,-1.1372564389721767,-1.1372564389721767,0
adam,standard,353,708.0,-1.1372564611165796,-1.1372564611165796,0
adam,standard,354,710.0,-1.137256483175523,-1.137256483175523,0
adam,standard,355,712.0,-1.1372565051496095,-1.1372565051496095,0
adam,standard,356,714.0,-1.1372565270394352,-1.1372565270394352,0
adam,standard,357,716.0,-1.1372565488455921,-1.1372565488455921,0
adam,standard,358,718.0,-1.1372565705686661,-1.1372565705686661,0
adam,standard,359,720.0,-1.137256592209237,-1.137256592209237,0
adam,standard,360,722.0,-1.1372566137678832,-1.1372566137678832,0
adam,standard,361,724.0,-1.1372566352451732,-1.1372566352451732,0
adam,standard,362,726.0,-1.137256656641674,-1.137256656641674,0
adam,standard,363,728.0,-1.1372566779579423,-1.1372566779579423,0
adam,standard,364,730.0,-1.1372566991945354,-1.1372566991945354,0
adam,standard,365,732.0,-1.1372567203520028,-1.1372567203520028,0
adam,standard,366,734.0,-1.137256741430888,-1.137256741430888,0
adam,standard,367,736.0,-1.1372567624317318,-1.1372567624317318,0
adam,standard,368,738.0,-1.1372567833550657,-1.1372567833550657,0
adam,standard,369,740.0,-1.1372568042014193,-1.1372568042014193,0
adam,standard,370,742.0,-1.1372568249713157,-1.1372568249713157,0
adam,standard,371,744.0,-1.1372568456652759,-1.1372568456652759,0
adam,standard,372,746.0,-1.1372568662838092,-1.1372568662838092,0
adam,standard,373,748.0,-1.1372568868274266,-1.1372568868274266,0
adam,standard,374,750.0,-1.1372569072966292,-1.1372569072966292,0
adam,standard,375,752.0,-1.1372569276919142,-1.1372569276919142,0
adam,standard,376,754.0,-1.1372569480137775,-1.1372569480137775,0
adam,standard,377,756.0,-1.1372569682627052,-1.1372569682627052,0
adam,standard,378,758.0,-1.1372569884391777,-1.1372569884391777,0
adam,standard,379,760.0,-1.1372570085436757,-1.1372570085436757,0
adam,standard,380,762.0,-1.1372570285766699,-1.1372570285766699,0
adam,standard,381,764.0,-1.1372570485386297,-1.1372570485386297,0
adam,standard,382,766.0,-1.1372570684300178,-1.1372570684300178,0
adam,standard,383,768.0,-1.1372570882512913,-1.1372570882512913,0
adam,standard,384,770.0,-1.1372571080029032,-1.1372571080029032,0
adam,standard,385,772.0,-1.1372571276852999,-1.1372571276852999,0
adam,standard,386,774.0,-1.137257147298928,-1.137257147298928,0
adam,standard,387,776.0,-1.137257166844225,-1.137257166844225,0
adam,standard,388,778.0,-1.137257186321624,-1.137257186321624,0
adam,standard,389,780.0,-1.1372572057315535,-1.1372572057315535,0
adam,standard,390,782.0,-1.1372572250744386,-1.1372572250744386,0
adam,standard,391,784.0,-1.137257244350699,-1.137257244350699,0
adam,standard,392,786.0,-1.1372572635607496,-1.1372572635607496,0
adam,standard,393,788.0,-1.137257282705002,-1.137257282705002,0
adam,standard,394,790.0,-1.13725730178386,-1.13725730178386,0
adam,standard,395,792.0,-1.137257320797727,-1.137257320797727,0
adam,standard,396,794.0,-1.1372573397469967,-1.1372573397469967,0
adam,standard,397,796.0,-1.1372573586320667,-1.1372573586320667,0
adam,standard,398,798.0,-1.1372573774533186,-1.1372573774533186,0
adam,standard,399,800.0,-1.1372573962111414,-1.1372573962111414,0
adam,standard,400,802.0,-1.13725741490591,-1.13725741490591,0
adam,standard,401,804.0,-1.1372574335380032,-1.1372574335380032,0
adam,standard,402,806.0,-1.1372574521077898,-1.1372574521077898,0
adam,standard,403,808.0,-1.137257470615635,-1.137257470615635,0
adam,standard,404,810.0,-1.1372574890619025,-1.1372574890619025,0
adam,standard,405,812.0,-1.1372575074469522,-1.1372575074469522,0
adam,standard,406,814.0,-1.1372575257711353,-1.1372575257711353,0
adam,standard,407,816.0,-1.137257544034802,-1.137257544034802,0
adam,standard,408,818.0,-1.1372575622382985,-1.1372575622382985,0
adam,standard,409,820.0,-1.1372575803819676,-1.1372575803819676,0
adam,standard,410,822.0,-1.1372575984661457,-1.1372575984661457,0
adam,standard,411,824.0,-1.1372576164911676,-1.1372576164911676,0
adam,standard,412,826.0,-1.137257634457365,-1.137257634457365,0
adam,standard,413,828.0,-1.137257652365062,-1.137257652365062,0
adam,standard,414,830.0,-1.1372576702145802,-1.1372576702145802,0
adam,standard,415,832.0,-1.137257688006241,-1.137257688006241,0
adam,standard,416,834.0,-1.1372577057403583,-1.1372577057403583,0
adam,standard,417,836.0,-1.1372577234172445,-1.1372577234172445,0
adam,standard,418,838.0,-1.1372577410372038,-1.1372577410372038,0
adam,standard,419,840.0,-1.1372577586005463,-1.1372577586005463,0
adam,standard,420,842.0,-1.1372577761075677,-1.1372577761075677,0
adam,standard,421,844.0,-1.1372577935585675,-1.1372577935585675,0
adam,standard,422,846.0,-1.1372578109538372,-1.1372578109538372,0
adam,standard,423,848.0,-1.1372578282936718,-1.1372578282936718,0
adam,standard,424,850.0,-1.1372578455783515,-1.1372578455783515,0
adam,standard,425,852.0,-1.1372578628081662,-1.1372578628081662,0
adam,standard,426,854.0,-1.1372578799833932,-1.1372578799833932,0
adam,standard,427,856.0,-1.1372578971043084,-1.1372578971043084,0
adam,standard,428,858.0,-1.137257914171186,-1.137257914171186,0
adam,standard,429,860.0,-1.1372579311842983,-1.1372579311842983,0
adam,standard,430,862.0,-1.137257948143912,-1.137257948143912,0
adam,standard,431,864.0,-1.1372579650502923,-1.1372579650502923,0
adam,standard,432,866.0,-1.1372579819037,-1.1372579819037,0
adam,standard,433,868.0,-1.1372579987043925,-1.1372579987043925,0
adam,standard,434,870.0,-1.1372580154526255,-1.1372580154526255,0
adam,standard,435,872.0,-1.1372580321486514,-1.1372580321486514,0
adam,standard,436,874.0,-1.137258048792722,-1.137258048792722,0
adam,standard,437,876.0,-1.137258065385079,-1.137258065385079,0
adam,standard,438,878.0,-1.1372580819259717,-1.1372580819259717,0
adam,standard,439,880.0,-1.1372580984156397,-1.1372580984156397,0
adam,standard,440,882.0,-1.13725811485432,-1.13725811485432,0
adam,standard,441,884.0,-1.137258131242247,-1.137258131242247,0
adam,standard,442,886.0,-1.137258147579657,-1.137258147579657,0
adam,standard,443,888.0,-1.1372581638667782,-1.1372581638667782,0
adam,standard,444,890.0,-1.13725818010384,-1.13725818010384,0
adam,standard,445,892.0,-1.1372581962910666,-1.1372581962910666,0
adam,standard,446,894.0,-1.1372582124286799,-1.1372582124286799,0
adam,standard,447,896.0,-1.1372582285169028,-1.1372582285169028,0
adam,standard,448,898.0,-1.13725824455595,-1.13725824455595,0
adam,standard,449,900.0,-1.1372582605460384,-1.1372582605460384,0
adam,standard,450,902.0,-1.1372582764873822,-1.1372582764873822,0
adam,standard,451,904.0,-1.1372582923801908,-1.1372582923801908,0
adam,standard,452,906.0,-1.1372583082246734,-1.1372583082246734,0
adam,standard,453,908.0,-1.1372583240210326,-1.1372583240210326,0
adam,standard,454,910.0,-1.137258339769477,-1.137258339769477,0
adam,standard,455,912.0,-1.1372583554702071,-1.1372583554702071,0
adam,standard,456,914.0,-1.1372583711234212,-1.1372583711234212,0
adam,standard,457,916.0,-1.1372583867293173,-1.1372583867293173,0
adam,standard,458,918.0,-1.1372584022880927,-1.1372584022880927,0
adam,standard,459,920.0,-1.1372584177999352,-1.1372584177999352,0
adam,standard,460,922.0,-1.1372584332650433,-1.1372584332650433,0
adam,standard,461,924.0,-1.1372584486836006,-1.1372584486836006,0
adam,standard,462,926.0,-1.137258464055796,-1.137258464055796,0
adam,standard,463,928.0,-1.137258479381816,-1.137258479381816,0
adam,standard,464,930.0,-1.1372584946618431,-1.1372584946618431,0
adam,standard,465,932.0,-1.137258509896059,-1.137258509896059,0
adam,standard,466,934.0,-1.1372585250846445,-1.1372585250846445,0
adam,standard,467,936.0,-1.1372585402277753,-1.1372585402277753,0
adam,standard,468,938.0,-1.137258555325628,-1.137258555325628,0
adam,standard,469,940.0,-1.137258570378379,-1.137258570378379,0
adam,standard,470,942.0,-1.1372585853861978,-1.1372585853861978,0
adam,standard,471,944.0,-1.1372586003492589,-1.1372586003492589,0
adam,standard,472,946.0,-1.1372586152677266,-1.1372586152677266,0
adam,standard,473,948.0,-1.1372586301417744,-1.1372586301417744,0
adam,standard,474,950.0,-1.1372586449715643,-1.1372586449715643,0
adam,standard,475,952.0,-1.1372586597572596,-1.1372586597572596,0
adam,standard,476,954.0,-1.1372586744990272,-1.1372586744990272,0
adam,standard,477,956.0,-1.1372586891970267,-1.1372586891970267,0
adam,standard,478,958.0,-1.137258703851417,-1.137258703851417,0
adam,standard,479,960.0,-1.1372587184623564,-1.1372587184623564,0
adam,standard,480,962.0,-1.1372587330299997,-1.1372587330299997,0
adam,standard,481,964.0,-1.1372587475545086,-1.1372587475545086,0
adam,standard,482,966.0,-1.1372587620360308,-1.1372587620360308,0
adam,standard,483,968.0,-1.137258776474722,-1.137258776474722,0
adam,standard,484,970.0,-1.1372587908707317,-1.1372587908707317,0
adam,standard,485,972.0,-1.1372588052242107,-1.1372588052242107,0
adam,standard,486,974.0,-1.137258819535306,-1.137258819535306,0
adam,standard,487,976.0,-1.137258833804168,-1.137258833804168,0
adam,standard,488,978.0,-1.1372588480309382,-1.1372588480309382,0
adam,standard,489,980.0,-1.1372588622157638,-1.1372588622157638,0
adam,standard,490,982.0,-1.1372588763587905,-1.1372588763587905,0
adam,standard,491,984.0,-1.137258890460156,-1.137258890460156,0
adam,standard,492,986.0,-1.1372589045200028,-1.1372589045200028,0
adam,standard,493,988.0,-1.1372589185384714,-1.1372589185384714,0
adam,standard,494,990.0,-1.1372589325157005,-1.1372589325157005,0
adam,standard,495,992.0,-1.1372589464518272,-1.1372589464518272,0
adam,standard,496,994.0,-1.1372589603469874,-1.1372589603469874,0
adam,standard,497,996.0,-1.1372589742013175,-1.1372589742013175,0
adam,standard,498,998.0,-1.1372589880149522,-1.1372589880149522,0
adam,standard,499,1000.0,-1.1372590017880209,-1.1372590017880209,0
adam,local_global,0,2.0,0.5278211239450562,-0.24635163439500293,0
adam,local_global,1,4.0,0.4293148863338039,-0.4020119595881893,0
adam,local_global,2,6.0,0.353840830483809,-0.5158060739101984,0
adam,local_global,3,8.0,0.2955101761359566,-0.5805368415376957,0
adam,local_global,4,10.0,0.24951123920594503,-0.6155842505679567,0
adam,local_global,5,12.0,0.220606717025191,-0.6584108400210618,0
adam,local_global,6,14.0,0.19904462870616815,-0.7188185022138193,0
adam,local_global,7,16.0,0.1720348794510688,-0.7871452727632583,0
adam,local_global,8,18.0,0.14053239309048265,-0.8541260045553751,0
adam,local_global,9,20.0,0.1121261006632687,-0.9145804879929808,0
adam,local_global,10,22.0,0.09053706536909535,-0.9619876719244778,0
adam,local_global,11,24.0,0.07590449869163116,-0.9923921045819877,0
adam,local_global,12,26.0,0.06762023816965565,-1.0101847640691424,0
adam,local_global,13,28.0,0.06326793873307861,-1.0225406263574668,0
adam,local_global,14,30.0,0.0603617203305605,-1.0320357950122625,0
adam,local_global,15,32.0,0.05823328786179887,-1.039504408518283,0
adam,local_global,16,34.0,0.05619373711034503,-1.0473710982310631,0
adam,local_global,17,36.0,0.05293213102060772,-1.0569039505007205,0
adam,local_global,18,38.0,0.04821919422334265,-1.0657063125132018,0
adam,local_global,19,40.0,0.04357528747156574,-1.0702425235921893,0
adam,local_global,20,42.0,0.040696904107512824,-1.0698161374555246,0
adam,local_global,21,44.0,0.03976916258611493,-1.0672281687524372,0
adam,local_global,22,46.0,0.039525929482989476,-1.0662150433406754,0
adam,local_global,23,48.0,0.038452420894730076,-1.0690587919571453,0
adam,local_global,24,50.0,0.03575141647569656,-1.0760351926051457,0
adam,local_global,25,52.0,0.031595207016534774,-1.0858407854173429,0
adam,local_global,26,54.0,0.026870681154257395,-1.0961718381718837,0
adam,local_global,27,56.0,0.022683184922843325,-1.104415005734317,0
adam,local_global,28,58.0,0.019913068562647712,-1.1086916405271041,0
adam,local_global,29,60.0,0.018940105560871032,-1.1091466934055518,0
adam,local_global,30,62.0,0.019302901072089908,-1.107926235132895,0
adam,local_global,31,64.0,0.0197504345798558,-1.1070190351008595,0
adam,local_global,32,66.0,0.01927940075885314,-1.1065834463032616,0
adam,local_global,33,68.0,0.017991255255332537,-1.1057292964575405,0
adam,local_global,34,70.0,0.01665534964891845,-1.1039865673206306,0
adam,local_global,35,72.0,0.015876530034792353,-1.1015862071305844,0
adam,local_global,36,74.0,0.015864877132768122,-1.0992580155290872,0
adam,local_global,37,76.0,0.01641850375690193,-1.0981882322907741,0
adam,local_global,38,78.0,0.01691813777879766,-1.0994340511359129,0
adam,local_global,39,80.0,0.01677985417571516,-1.1030567263584314,0
adam,local_global,40,82.0,0.01600216516242818,-1.1080342200695874,0
adam,local_global,41,84.0,0.015084972771154092,-1.1129445209230022,0
adam,local_global,42,86.0,0.01452209279768076,-1.1166881911002546,0
adam,local_global,43,88.0,0.01447000278596612,-1.1188938295513695,0
adam,local_global,44,90.0,0.014709175220837466,-1.1198412052303177,0
adam,local_global,45,92.0,0.014836630888128022,-1.1199329407280203,0
adam,local_global,46,94.0,0.01461794398018943,-1.1193207281270567,0
adam,local_global,47,96.0,0.014148137655225108,-1.1180194830758856,0
adam,local_global,48,98.0,0.013682476649060419,-1.116129184061233,0
adam,local_global,49,100.0,0.013429054508313686,-1.1139393091837029,0
adam,local_global,50,102.0,0.013443474698843477,-1.1119441931973866,0
adam,local_global,51,104.0,0.01359608363705818,-1.110666395441544,0
adam,local_global,52,106.0,0.013693643080247309,-1.1104234786350022,0
adam,local_global,53,108.0,0.01364742361643553,-1.1112434859758407,0
adam,local_global,54,110.0,0.013485822122986919,-1.1128292268681799,0
adam,local_global,55,112.0,0.013298073344651351,-1.1146283211106618,0
adam,local_global,56,114.0,0.013191243566252186,-1.1161582254129194,0
adam,local_global,57,116.0,0.013201163011448984,-1.1172680146028544,0
adam,local_global,58,118.0,0.01325265280371018,-1.1180319293059156,0
adam,local_global,59,120.0,0.013245278914864232,-1.1184885793270685,0
adam,local_global,60,122.0,0.013146545473080975,-1.1185315131867364,0
adam,local_global,61,124.0,0.013020166980054315,-1.1180647472637417,0
adam,local_global,62,126.0,0.012966638131054893,-1.117254142818743,0
adam,local_global,63,128.0,0.013007238522264562,-1.1165053160468201,0
adam,local_global,64,130.0,0.013070512443686715,-1.1161791360874802,0
adam,local_global,65,132.0,-1.1161791360874802,-1.1248580704374058,1
adam,local_global,66,134.0,-1.1248580704374058,-1.1300189368962443,0
adam,local_global,67,136.0,-1.1300189368962443,-1.1294317048226965,0
adam,local_global,68,138.0,-1.1294317048226965,-1.1289647170169443,0
adam,local_global,69,140.0,-1.1289647170169443,-1.1301718566293348,0
adam,local_global,70,142.0,-1.1301718566293348,-1.1306912237015185,0
adam,local_global,71,144.0,-1.1306912237015185,-1.131422264775449,0
adam,local_global,72,146.0,-1.131422264775449,-1.1328694952170895,0
adam,local_global,73,148.0,-1.1328694952170895,-1.133262164071341,0
adam,local_global,74,150.0,-1.133262164071341,-1.133735104742688,0
adam,local_global,75,152.0,-1.133735104742688,-1.1341978611036914,0
adam,local_global,76,154.0,-1.1341978611036914,-1.133954808829237,0
adam,local_global,77,156.0,-1.133954808829237,-1.133351887896456,0
adam,local_global,78,158.0,-1.133351887896456,-1.1337531930236149,0
adam,local_global,79,160.0,-1.1337531930236149,-1.1348076488128316,0
adam,local_global,80,162.0,-1.1348076488128316,-1.1348122987736329,0
adam,local_global,81,164.0,-1.1348122987736329,-1.1343181736531494,0
adam,local_global,82,166.0,-1.1343181736531494,-1.1345080523386304,0
adam,local_global,83,168.0,-1.1345080523386304,-1.1353012725634468,0
adam,local_global,84,170.0,-1.1353012725634468,-1.1359147428421172,0
adam,local_global,85,172.0,-1.1359147428421172,-1.1361032747377238,0
adam,local_global,86,174.0,-1.1361032747377238,-1.1362596100148465,0
adam,local_global,87,176.0,-1.1362596100148465,-1.1362838297289284,0
adam,local_global,88,178.0,-1.1362838297289284,-1.136188840604679,0
adam,local_global,89,180.0,-1.136188840604679,-1.1363174400695601,0
adam,local_global,90,182.0,-1.1363174400695601,-1.1365479276020887,0
adam,local_global,91,184.0,-1.1365479276020887,-1.1366014638520254,0
adam,local_global,92,186.0,-1.1366014638520254,-1.1365954151255886,0
adam,local_global,93,188.0,-1.1365954151255886,-1.1366980692170898,0
adam,local_global,94,190.0,-1.1366980692170898,-1.136741257116623,0
adam,local_global,95,192.0,-1.136741257116623,-1.1366373788820792,0
adam,local_global,96,194.0,-1.1366373788820792,-1.1366666805281085,0
adam,local_global,97,196.0,-1.1366666805281085,-1.1368472184661904,0
adam,local_global,98,198.0,-1.1368472184661904,-1.1370059845385205,0
adam,local_global,99,200.0,-1.1370059845385205,-1.137043030893427,0
adam,local_global,100,202.0,-1.137043030893427,-1.1370293445501525,0
adam,local_global,101,204.0,-1.1370293445501525,-1.137042659111064,0
adam,local_global,102,206.0,-1.137042659111064,-1.1370533163166117,0
adam,local_global,103,208.0,-1.1370533163166117,-1.137089085706568,0
adam,local_global,104,210.0,-1.137089085706568,-1.1371140134592872,0
adam,local_global,105,212.0,-1.1371140134592872,-1.1371098756795837,0
adam,local_global,106,214.0,-1.1371098756795837,-1.137104041342629,0
adam,local_global,107,216.0,-1.137104041342629,-1.1371272515457924,0
adam,local_global,108,218.0,-1.1371272515457924,-1.1371247880603275,0
adam,local_global,109,220.0,-1.1371247880603275,-1.1371171980209782,0
adam,local_global,110,222.0,-1.1371171980209782,-1.1371640480886591,0
adam,local_global,111,224.0,-1.1371640480886591,-1.1372024030860943,0
adam,local_global,112,226.0,-1.1372024030860943,-1.137190903082203,0
adam,local_global,113,228.0,-1.137190903082203,-1.1371879507663254,0
adam,local_global,114,230.0,-1.1371879507663254,-1.1372044930696381,0
adam,local_global,115,232.0,-1.1372044930696381,-1.1372115901000253,0
adam,local_global,116,234.0,-1.1372115901000253,-1.1372119445653035,0
adam,local_global,117,236.0,-1.1372119445653035,-1.1372187264516314,0
adam,local_global,118,238.0,-1.1372187264516314,-1.1372186115477265,0
adam,local_global,119,240.0,-1.1372186115477265,-1.137219353534025,0
adam,local_global,120,242.0,-1.137219353534025,-1.1372208261785186,0
adam,local_global,121,244.0,-1.1372208261785186,-1.137228243203983,0
adam,local_global,122,246.0,-1.137228243203983,-1.137234320290232,0
adam,local_global,123,248.0,-1.137234320290232,-1.1372365167438439,0
adam,local_global,124,250.0,-1.1372365167438439,-1.137239207819369,0
adam,local_global,125,252.0,-1.137239207819369,-1.1372426330950358,0
adam,local_global,126,254.0,-1.1372426330950358,-1.137243353194552,0
adam,local_global,127,256.0,-1.137243353194552,-1.1372491029680447,0
adam,local_global,128,258.0,-1.1372491029680447,-1.137253518104474,0
adam,local_global,129,260.0,-1.137253518104474,-1.1372490312915762,0
adam,local_global,130,262.0,-1.1372490312915762,-1.1372481217433363,0
adam,local_global,131,264.0,-1.1372481217433363,-1.1372503799683469,0
adam,local_global,132,266.0,-1.1372503799683469,-1.137249747470588,0
adam,local_global,133,268.0,-1.137249747470588,-1.1372516442722436,0
adam,local_global,134,270.0,-1.1372516442722436,-1.1372556377377123,0
adam,local_global,135,272.0,-1.1372556377377123,-1.1372559221961978,0
adam,local_global,136,274.0,-1.1372559221961978,-1.1372558927227086,0
adam,local_global,137,276.0,-1.1372558927227086,-1.1372558866492235,0
adam,local_global,138,278.0,-1.1372558866492235,-1.1372565315962468,0
adam,local_global,139,280.0,-1.1372565315962468,-1.137259571284912,0
adam,local_global,140,282.0,-1.137259571284912,-1.1372612963596336,0
adam,local_global,141,284.0,-1.1372612963596336,-1.137259897313655,0
adam,local_global,142,286.0,-1.137259897313655,-1.137258708828022,0
adam,local_global,143,288.0,-1.137258708828022,-1.137259237375093,0
adam,local_global,144,290.0,-1.137259237375093,-1.137259943589172,0
adam,local_global,145,292.0,-1.137259943589172,-1.1372601715800992,0
adam,local_global,146,294.0,-1.1372601715800992,-1.1372607607960064,0
adam,local_global,147,296.0,-1.1372607607960064,-1.1372615088228937,0
adam,local_global,148,298.0,-1.1372615088228937,-1.1372612408878617,0
adam,local_global,149,300.0,-1.1372612408878617,-1.1372615131477404,0
adam,local_global,150,302.0,-1.1372615131477404,-1.1372622791746871,0
adam,local_global,151,304.0,-1.1372622791746871,-1.1372623544028266,0
adam,local_global,152,306.0,-1.1372623544028266,-1.137262191515579,0
adam,local_global,153,308.0,-1.137262191515579,-1.1372623824315038,0
adam,local_global,154,310.0,-1.1372623824315038,-1.1372623193331386,0
adam,local_global,155,312.0,-1.1372623193331386,-1.1372623247236697,0
adam,local_global,156,314.0,-1.1372623247236697,-1.1372624167654577,0
adam,local_global,157,316.0,-1.1372624167654577,-1.1372624847204675,0
adam,local_global,158,318.0,-1.1372624847204675,-1.137262531515081,0
adam,local_global,159,320.0,-1.137262531515081,-1.1372625462904997,0
adam,local_global,160,322.0,-1.1372625462904997,-1.1372626389749179,0
adam,local_global,161,324.0,-1.1372626389749179,-1.137262882837067,0
adam,local_global,162,326.0,-1.137262882837067,-1.1372630094570233,0
adam,local_global,163,328.0,-1.1372630094570233,-1.1372628592902871,0
adam,local_global,164,330.0,-1.1372628592902871,-1.1372628258218163,0
adam,local_global,165,332.0,-1.1372628258218163,-1.1372629631555904,0
adam,local_global,166,334.0,-1.1372629631555904,-1.1372629280280167,0
adam,local_global,167,336.0,-1.1372629280280167,-1.1372628887021374,0
adam,local_global,168,338.0,-1.1372628887021374,-1.1372629041228273,0
adam,local_global,169,340.0,-1.1372629041228273,-1.1372627675483997,0
adam,local_global,170,342.0,-1.1372627675483997,-1.1372625619548848,0
adam,local_global,171,344.0,-1.1372625619548848,-1.1372622775379226,0
adam,local_global,172,346.0,-1.1372622775379226,-1.1372616359127217,0
adam,local_global,173,348.0,-1.1372616359127217,-1.1372602892110828,0
adam,local_global,174,350.0,-1.1372602892110828,-1.1372574970921103,0
adam,local_global,175,352.0,-1.1372574970921103,-1.1372518842371326,0
adam,local_global,176,354.0,-1.1372518842371326,-1.1372410004294153,0
adam,local_global,177,356.0,-1.1372410004294153,-1.1372215491607713,0
adam,local_global,178,358.0,-1.1372215491607713,-1.137193253599997,0
adam,local_global,179,360.0,-1.137193253599997,-1.1371692735656362,0
adam,local_global,180,362.0,-1.1371692735656362,-1.1371776365003776,0
adam,local_global,181,364.0,-1.1371776365003776,-1.1372238676784043,0
adam,local_global,182,366.0,-1.1372238676784043,-1.1372611398989836,0
adam,local_global,183,368.0,-1.1372611398989836,-1.1372514747018618,0
adam,local_global,184,370.0,-1.1372514747018618,-1.1372197337861698,0
adam,local_global,185,372.0,-1.1372197337861698,-1.1372149544369632,0
adam,local_global,186,374.0,-1.1372149544369632,-1.1372438473603366,0
adam,local_global,187,376.0,-1.1372438473603366,-1.1372631829293787,0
adam,local_global,188,378.0,-1.1372631829293787,-1.1372497828954449,0
adam,local_global,189,380.0,-1.1372497828954449,-1.1372321865707193,0
adam,local_global,190,382.0,-1.1372321865707193,-1.1372400043216864,0
adam,local_global,191,384.0,-1.1372400043216864,-1.1372594727070102,0
adam,local_global,192,386.0,-1.1372594727070102,-1.1372609181664965,0
adam,local_global,193,388.0,-1.1372609181664965,-1.1372474120692813,0
adam,local_global,194,390.0,-1.1372474120692813,-1.1372439741767115,0
adam,local_global,195,392.0,-1.1372439741767115,-1.1372556105493514,0
adam,local_global,196,394.0,-1.1372556105493514,-1.1372632965446265,0
adam,local_global,197,396.0,-1.1372632965446265,-1.1372573869929918,0
adam,local_global,198,398.0,-1.1372573869929918,-1.1372503688578264,0
adam,local_global,199,400.0,-1.1372503688578264,-1.1372539403904767,0
adam,local_global,200,402.0,-1.1372539403904767,-1.1372617780525112,0
adam,local_global,201,404.0,-1.1372617780525112,-1.1372624036538197,0
adam,local_global,202,406.0,-1.1372624036538197,-1.1372569852535892,0
adam,local_global,203,408.0,-1.1372569852535892,-1.1372550807731518,0
adam,local_global,204,410.0,-1.1372550807731518,-1.1372593349833193,0
adam,local_global,205,412.0,-1.1372593349833193,-1.1372631671273843,0
adam,local_global,206,414.0,-1.1372631671273843,-1.1372618131342231,0
adam,local_global,207,416.0,-1.1372618131342231,-1.1372585116473515,0
adam,local_global,208,418.0,-1.1372585116473515,-1.1372584318547934,0
adam,local_global,209,420.0,-1.1372584318547934,-1.1372614207897447,0
adam,local_global,210,422.0,-1.1372614207897447,-1.1372633044639338,0
adam,local_global,211,424.0,-1.1372633044639338,-1.1372621470459379,0
adam,local_global,212,426.0,-1.1372621470459379,-1.1372602156839016,0
adam,local_global,213,428.0,-1.1372602156839016,-1.1372602522128041,0
adam,local_global,214,430.0,-1.1372602522128041,-1.1372620340583957,0
adam,local_global,215,432.0,-1.1372620340583957,-1.1372632799246127,0
adam,local_global,216,434.0,-1.1372632799246127,-1.1372627964437032,0
adam,local_global,217,436.0,-1.1372627964437032,-1.1372615925973433,0
adam,local_global,218,438.0,-1.1372615925973433,-1.13726126310652,0
adam,local_global,219,440.0,-1.13726126310652,-1.1372621056597378,0
adam,local_global,220,442.0,-1.1372621056597378,-1.1372630963891373,0
adam,local_global,221,444.0,-1.1372630963891373,-1.137263263824196,0
adam,local_global,222,446.0,-1.137263263824196,-1.137262672774685,0
adam,local_global,223,448.0,-1.137262672774685,-1.1372621134872871,0
adam,local_global,224,450.0,-1.1372621134872871,-1.1372621717140843,0
adam,local_global,225,452.0,-1.1372621717140843,-1.1372627259322872,0
adam,local_global,226,454.0,-1.1372627259322872,-1.1372632253305348,0
adam,local_global,227,456.0,-1.1372632253305348,-1.1372632850371773,0
adam,local_global,228,458.0,-1.1372632850371773,-1.1372629749089191,0
adam,local_global,229,460.0,-1.1372629749089191,-1.137262652148439,0
adam,local_global,230,462.0,-1.137262652148439,-1.1372626004038298,0
adam,local_global,231,464.0,-1.1372626004038298,-1.1372628299735597,0
adam,local_global,232,466.0,-1.1372628299735597,-1.137263138123858,0
adam,local_global,233,468.0,-1.137263138123858,-1.1372633104870886,0
adam,local_global,234,470.0,-1.1372633104870886,-1.137263273100964,0
adam,local_global,235,472.0,-1.137263273100964,-1.1372631062406449,0
adam,local_global,236,474.0,-1.1372631062406449,-1.1372629511582495,0
adam,local_global,237,476.0,-1.1372629511582495,-1.1372629066928788,0
adam,local_global,238,478.0,-1.1372629066928788,-1.1372629848624447,0
adam,local_global,239,480.0,-1.1372629848624447,-1.1372631265218573,0
adam,local_global,240,482.0,-1.1372631265218573,-1.1372632543975354,0
adam,local_global,241,484.0,-1.1372632543975354,-1.1372633167706097,0
adam,local_global,242,486.0,-1.1372633167706097,-1.1372633044941,0
adam,local_global,243,488.0,-1.1372633044941,-1.137263242529385,0
adam,local_global,244,490.0,-1.137263242529385,-1.1372631683929726,0
adam,local_global,245,492.0,-1.1372631683929726,-1.1372631133815387,0
adam,local_global,246,494.0,-1.1372631133815387,-1.1372630930620553,0
adam,local_global,247,496.0,-1.1372630930620553,-1.1372631073311166,0
adam,local_global,248,498.0,-1.1372631073311166,-1.1372631456216855,0
adam,local_global,249,500.0,-1.1372631456216855,-1.1372631942414582,0
adam,local_global,250,502.0,-1.1372631942414582,-1.1372632411689216,0
adam,local_global,251,504.0,-1.1372632411689216,-1.1372632788555626,0
adam,local_global,252,506.0,-1.1372632788555626,-1.1372633041979523,0
adam,local_global,253,508.0,-1.1372633041979523,-1.137263317331416,0
adam,local_global,254,510.0,-1.137263317331416,-1.137263320356059,0
adam,local_global,255,512.0,-1.137263320356059,-1.13726331567487,0
adam,local_global,256,514.0,-1.13726331567487,-1.1372633054095034,0
adam,local_global,257,516.0,-1.1372633054095034,-1.1372632908209361,0
adam,local_global,258,518.0,-1.1372632908209361,-1.137263271970449,0
adam,local_global,259,520.0,-1.137263271970449,-1.1372632477773768,0
adam,local_global,260,522.0,-1.1372632477773768,-1.1372632155942632,0
adam,local_global,261,524.0,-1.1372632155942632,-1.1372631706398926,0
adam,local_global,262,526.0,-1.1372631706398926,-1.137263104813734,0
adam,local_global,263,528.0,-1.137263104813734,-1.1372630043040868,0
adam,local_global,264,530.0,-1.1372630043040868,-1.1372628454841482,0
adam,local_global,265,532.0,-1.1372628454841482,-1.1372625868211415,0
adam,local_global,266,534.0,-1.1372625868211415,-1.137262154711811,0
adam,local_global,267,536.0,-1.137262154711811,-1.1372614154803982,0
adam,local_global,268,538.0,-1.1372614154803982,-1.1372601261645203,0
adam,local_global,269,540.0,-1.1372601261645203,-1.1372578385328178,0
adam,local_global,270,542.0,-1.1372578385328178,-1.1372537422170346,0
adam,local_global,271,544.0,-1.1372537422170346,-1.1372463915674136,0
adam,local_global,272,546.0,-1.1372463915674136,-1.1372334408124627,0
adam,local_global,273,548.0,-1.1372334408124627,-1.137211611001667,0
adam,local_global,274,550.0,-1.137211611001667,-1.1371785436011732,0
adam,local_global,275,552.0,-1.1371785436011732,-1.137137865415671,0
adam,local_global,276,554.0,-1.137137865415671,-1.1371080312051873,0
adam,local_global,277,556.0,-1.1371080312051873,-1.137116906559302,0
adam,local_global,278,558.0,-1.137116906559302,-1.1371728212274477,0
adam,local_global,279,560.0,-1.1371728212274477,-1.1372376868959584,0
adam,local_global,280,562.0,-1.1372376868959584,-1.1372619336831038,0
adam,local_global,281,564.0,-1.1372619336831038,-1.137237164738978,0
adam,local_global,282,566.0,-1.137237164738978,-1.1371991688147562,0
adam,local_global,283,568.0,-1.1371991688147562,-1.1371891841022872,0
adam,local_global,284,570.0,-1.1371891841022872,-1.1372165598512833,0
adam,local_global,285,572.0,-1.1372165598512833,-1.1372513142956413,0
adam,local_global,286,574.0,-1.1372513142956413,-1.1372598681790274,0
adam,local_global,287,576.0,-1.1372598681790274,-1.1372414388200796,0
adam,local_global,288,578.0,-1.1372414388200796,-1.1372224078099527,0
adam,local_global,289,580.0,-1.1372224078099527,-1.137225063017463,0
adam,local_global,290,582.0,-1.137225063017463,-1.13724540829146,0
adam,local_global,291,584.0,-1.13724540829146,-1.1372616369249644,0
adam,local_global,292,586.0,-1.1372616369249644,-1.137259651865115,0
adam,local_global,293,588.0,-1.137259651865115,-1.1372461816410318,0
adam,local_global,294,590.0,-1.1372461816410318,-1.1372378928676035,0
adam,local_global,295,592.0,-1.1372378928676035,-1.1372429752198916,0
adam,local_global,296,594.0,-1.1372429752198916,-1.1372550631916052,0
adam,local_global,297,596.0,-1.1372550631916052,-1.1372620996321874,0
adam,local_global,298,598.0,-1.1372620996321874,-1.1372593240760422,0
adam,local_global,299,600.0,-1.1372593240760422,-1.1372522141036199,0
adam,local_global,300,602.0,-1.1372522141036199,-1.1372490621876408,0
adam,local_global,301,604.0,-1.1372490621876408,-1.137252822994472,0
adam,local_global,302,606.0,-1.137252822994472,-1.1372595027000458,0
adam,local_global,303,608.0,-1.1372595027000458,-1.1372632118421562,0
adam,local_global,304,610.0,-1.1372632118421562,-1.13726176943493,0
adam,local_global,305,612.0,-1.13726176943493,-1.1372577506097132,0
adam,local_global,306,614.0,-1.1372577506097132,-1.1372552997966499,0
adam,local_global,307,616.0,-1.1372552997966499,-1.1372563364415802,0
adam,local_global,308,618.0,-1.1372563364415802,-1.1372595642483345,0
adam,local_global,309,620.0,-1.1372595642483345,-1.1372622076514756,0
adam,local_global,310,622.0,-1.1372622076514756,-1.137262453999481,0
adam,local_global,311,624.0,-1.137262453999481,-1.1372606228234718,0
adam,local_global,312,626.0,-1.1372606228234718,-1.1372583703630506,0
adam,local_global,313,628.0,-1.1372583703630506,-1.1372571769068298,0
adam,local_global,314,630.0,-1.1372571769068298,-1.1372573185445018,0
adam,local_global,315,632.0,-1.1372573185445018,-1.1372578804098565,0
adam,local_global,316,634.0,-1.1372578804098565,-1.1372574846686154,0
adam,local_global,317,636.0,-1.1372574846686154,-1.137255045069585,0
adam,local_global,318,638.0,-1.137255045069585,-1.1372500090760336,0
adam,local_global,319,640.0,-1.1372500090760336,-1.137241987324821,0
adam,local_global,320,642.0,-1.137241987324821,-1.1372303190732451,0
adam,local_global,321,644.0,-1.1372303190732451,-1.1372137312893467,0
adam,local_global,322,646.0,-1.1372137312893467,-1.1371913558278803,0
adam,local_global,323,648.0,-1.1371913558278803,-1.1371640952598503,0
adam,local_global,324,650.0,-1.1371640952598503,-1.1371386746820311,0
adam,local_global,325,652.0,-1.1371386746820311,-1.1371260709706192,0
adam,local_global,326,654.0,-1.1371260709706192,-1.1371382188845371,0
adam,local_global,327,656.0,-1.1371382188845371,-1.1371723244829706,0
adam,local_global,328,658.0,-1.1371723244829706,-1.1372120800784424,0
adam,local_global,329,660.0,-1.1372120800784424,-1.137237180921363,0
adam,local_global,330,662.0,-1.137237180921363,-1.1372406282200715,0
adam,local_global,331,664.0,-1.1372406282200715,-1.1372301697850933,0
adam,local_global,332,666.0,-1.1372301697850933,-1.1372198229702641,0
adam,local_global,333,668.0,-1.1372198229702641,-1.1372195846041508,0
adam,local_global,334,670.0,-1.1372195846041508,-1.1372299433952207,0
adam,local_global,335,672.0,-1.1372299433952207,-1.137242863181182,0
adam,local_global,336,674.0,-1.137242863181182,-1.1372488610624556,0
adam,local_global,337,676.0,-1.1372488610624556,-1.1372446916136612,0
adam,local_global,338,678.0,-1.1372446916136612,-1.1372347679796992,0
adam,local_global,339,680.0,-1.1372347679796992,-1.1372271488486219,0
adam,local_global,340,682.0,-1.1372271488486219,-1.1372274833932252,0
adam,local_global,341,684.0,-1.1372274833932252,-1.1372363143122537,0
adam,local_global,342,686.0,-1.1372363143122537,-1.1372488690392883,0
adam,local_global,343,688.0,-1.1372488690392883,-1.1372590676895664,0
adam,local_global,344,690.0,-1.1372590676895664,-1.1372629433120427,0
adam,local_global,345,692.0,-1.1372629433120427,-1.137260514723834,0
adam,local_global,346,694.0,-1.137260514723834,-1.1372548643609082,0
adam,local_global,347,696.0,-1.1372548643609082,-1.1372498054669908,0
adam,local_global,348,698.0,-1.1372498054669908,-1.137247835806113,0
adam,local_global,349,700.0,-1.137247835806113,-1.1372491856577902,0
adam,local_global,350,702.0,-1.1372491856577902,-1.1372524598640463,0
adam,local_global,351,704.0,-1.1372524598640463,-1.1372556345519458,0
adam,local_global,352,706.0,-1.1372556345519458,-1.137257229431619,0
adam,local_global,353,708.0,-1.137257229431619,-1.137256723325657,0
adam,local_global,354,710.0,-1.137256723325657,-1.1372544988616191,0
adam,local_global,355,712.0,-1.1372544988616191,-1.137251455708793,0
adam,local_global,356,714.0,-1.137251455708793,-1.1372485695252967,0
adam,local_global,357,716.0,-1.1372485695252967,-1.1372463896952638,0
adam,local_global,358,718.0,-1.1372463896952638,-1.1372450218023369,0
adam,local_global,359,720.0,-1.1372450218023369,-1.137243923997516,0
adam,local_global,360,722.0,-1.137243923997516,-1.1372423332741373,0
adam,local_global,361,724.0,-1.1372423332741373,-1.1372391932371202,0
adam,local_global,362,726.0,-1.1372391932371202,-1.137233435143498,0
adam,local_global,363,728.0,-1.137233435143498,-1.137223880854037,0
adam,local_global,364,730.0,-1.137223880854037,-1.1372091344816895,0
adam,local_global,365,732.0,-1.1372091344816895,-1.137187892546003,0
adam,local_global,366,734.0,-1.137187892546003,-1.1371585674655074,0
adam,local_global,367,736.0,-1.1371585674655074,-1.1371210851864149,0
adam,local_global,368,738.0,-1.1371210851864149,-1.1370761596710701,0
adam,local_global,369,740.0,-1.1370761596710701,-1.1370292081968985,0
adam,local_global,370,742.0,-1.1370292081968985,-1.136986198114697,0
adam,local_global,371,744.0,-1.136986198114697,-1.1369561510763675,0
adam,local_global,372,746.0,-1.1369561510763675,-1.1369450768677647,0
adam,local_global,373,748.0,-1.1369450768677647,-1.13695850013757,0
adam,local_global,374,750.0,-1.13695850013757,-1.1370062359092221,0
adam,local_global,375,752.0,-1.1370062359092221,-1.1370847121790384,0
adam,local_global,376,754.0,-1.1370847121790384,-1.1371759065469982,0
adam,local_global,377,756.0,-1.1371759065469982,-1.1372419205711548,0
adam,local_global,378,758.0,-1.1372419205711548,-1.1372584743008596,0
adam,local_global,379,760.0,-1.1372584743008596,-1.1372291450594758,0
adam,local_global,380,762.0,-1.1372291450594758,-1.1371797563060622,0
adam,local_global,381,764.0,-1.1371797563060622,-1.137141560314199,0
adam,local_global,382,766.0,-1.137141560314199,-1.137133551278427,0
adam,local_global,383,768.0,-1.137133551278427,-1.137157601076886,0
adam,local_global,384,770.0,-1.137157601076886,-1.1371960989066208,0
adam,local_global,385,772.0,-1.1371960989066208,-1.1372284040941758,0
adam,local_global,386,774.0,-1.1372284040941758,-1.1372434940938139,0
adam,local_global,387,776.0,-1.1372434940938139,-1.1372441358506007,0
adam,local_global,388,778.0,-1.1372441358506007,-1.1372393871337765,0
adam,local_global,389,780.0,-1.1372393871337765,-1.1372353991202475,0
adam,local_global,390,782.0,-1.1372353991202475,-1.1372322889751325,0
adam,local_global,391,784.0,-1.1372322889751325,-1.1372276523441374,0
adam,local_global,392,786.0,-1.1372276523441374,-1.1372217506325024,0
adam,local_global,393,788.0,-1.1372217506325024,-1.1372184495817819,0
adam,local_global,394,790.0,-1.1372184495817819,-1.1372217622063518,0
adam,local_global,395,792.0,-1.1372217622063518,-1.1372323056859879,0
adam,local_global,396,794.0,-1.1372323056859879,-1.1372461522789463,0
adam,local_global,397,796.0,-1.1372461522789463,-1.1372575783705654,0
adam,local_global,398,798.0,-1.1372575783705654,-1.1372626977500124,0
adam,local_global,399,800.0,-1.1372626977500124,-1.1372612536986852,0
adam,local_global,400,802.0,-1.1372612536986852,-1.1372558829172574,0
adam,local_global,401,804.0,-1.1372558829172574,-1.1372500951669908,0
adam,local_global,402,806.0,-1.1372500951669908,-1.1372463856280268,0
adam,local_global,403,808.0,-1.1372463856280268,-1.13724541447878,0
adam,local_global,404,810.0,-1.13724541447878,-1.137246254451841,0
adam,local_global,405,812.0,-1.137246254451841,-1.137247316863065,0
adam,local_global,406,814.0,-1.137247316863065,-1.1372475704846916,0
adam,local_global,407,816.0,-1.1372475704846916,-1.1372469763610387,0
adam,local_global,408,818.0,-1.1372469763610387,-1.1372462833178527,0
adam,local_global,409,820.0,-1.1372462833178527,-1.1372464252182317,0
adam,local_global,410,822.0,-1.1372464252182317,-1.1372477180609877,0
adam,local_global,411,824.0,-1.1372477180609877,-1.1372499356231873,0
adam,local_global,412,826.0,-1.1372499356231873,-1.137252329271096,0
adam,local_global,413,828.0,-1.137252329271096,-1.1372542552502287,0
adam,local_global,414,830.0,-1.1372542552502287,-1.137255300127166,0
adam,local_global,415,832.0,-1.137255300127166,-1.1372554236209291,0
adam,local_global,416,834.0,-1.1372554236209291,-1.137254813480781,0
adam,local_global,417,836.0,-1.137254813480781,-1.137253715734053,0
adam,local_global,418,838.0,-1.137253715734053,-1.1372523367430012,0
adam,local_global,419,840.0,-1.1372523367430012,-1.13725068915627,0
adam,local_global,420,842.0,-1.13725068915627,-1.137248596487051,0
adam,local_global,421,844.0,-1.137248596487051,-1.1372455833933697,0
adam,local_global,422,846.0,-1.1372455833933697,-1.137240958478299,0
adam,local_global,423,848.0,-1.137240958478299,-1.1372336596072563,0
adam,local_global,424,850.0,-1.1372336596072563,-1.1372222829125767,0
adam,local_global,425,852.0,-1.1372222829125767,-1.1372047432597598,0
adam,local_global,426,854.0,-1.1372047432597598,-1.1371780682902333,0
adam,local_global,427,856.0,-1.1371780682902333,-1.1371381177318844,0
adam,local_global,428,858.0,-1.1371381177318844,-1.1370793686148555,0
adam,local_global,429,860.0,-1.1370793686148555,-1.136996662032597,0
adam,local_global,430,862.0,-1.136996662032597,-1.1368872007538604,0
adam,local_global,431,864.0,-1.1368872007538604,-1.1367604713532995,0
adam,local_global,432,866.0,-1.1367604713532995,-1.136643853062694,0
adam,local_global,433,868.0,-1.136643853062694,-1.136591819298507,0
adam,local_global,434,870.0,-1.136591819298507,-1.1366553371046744,0
adam,local_global,435,872.0,-1.1366553371046744,-1.136840776398211,0
adam,local_global,436,874.0,-1.136840776398211,-1.1370702673906339,0
adam,local_global,437,876.0,-1.1370702673906339,-1.1372306633324611,0
adam,local_global,438,878.0,-1.1372306633324611,-1.1372560104556,0
adam,local_global,439,880.0,-1.1372560104556,-1.1371691773707928,0
adam,local_global,440,882.0,-1.1371691773707928,-1.137051472677932,0
adam,local_global,441,884.0,-1.137051472677932,-1.13698702280129,0
adam,local_global,442,886.0,-1.13698702280129,-1.1370170017288939,0
adam,local_global,443,888.0,-1.1370170017288939,-1.1371167033069849,0
adam,local_global,444,890.0,-1.1371167033069849,-1.1372184526647113,0
adam,local_global,445,892.0,-1.1372184526647113,-1.1372620140863567,0
adam,local_global,446,894.0,-1.1372620140863567,-1.1372365238186584,0
adam,local_global,447,896.0,-1.1372365238186584,-1.1371774779686126,0
adam,local_global,448,898.0,-1.1371774779686126,-1.1371341543276303,0
adam,local_global,449,900.0,-1.1371341543276303,-1.137136272093129,0
adam,local_global,450,902.0,-1.137136272093129,-1.1371784042523236,0
adam,local_global,451,904.0,-1.1371784042523236,-1.1372301692140805,0
adam,local_global,452,906.0,-1.1372301692140805,-1.1372598821480522,0
adam,local_global,453,908.0,-1.1372598821480522,-1.1372561693002192,0
adam,local_global,454,910.0,-1.1372561693002192,-1.1372305075042328,0
adam,local_global,455,912.0,-1.1372305075042328,-1.1372050103625078,0
adam,local_global,456,914.0,-1.1372050103625078,-1.1371969239745987,0
adam,local_global,457,916.0,-1.1371969239745987,-1.1372095504077495,0
adam,local_global,458,918.0,-1.1372095504077495,-1.1372335227676096,0
adam,local_global,459,920.0,-1.1372335227676096,-1.1372544528270587,0
adam,local_global,460,922.0,-1.1372544528270587,-1.1372626224074582,0
adam,local_global,461,924.0,-1.1372626224074582,-1.1372572549710998,0
adam,local_global,462,926.0,-1.1372572549710998,-1.1372449039320895,0
adam,local_global,463,928.0,-1.1372449039320895,-1.1372342353028067,0
adam,local_global,464,930.0,-1.1372342353028067,-1.1372310871153857,0
adam,local_global,465,932.0,-1.1372310871153857,-1.1372363324407508,0
adam,local_global,466,934.0,-1.1372363324407508,-1.1372464552998183,0
adam,local_global,467,936.0,-1.1372464552998183,-1.1372564186629324,0
adam,local_global,468,938.0,-1.1372564186629324,-1.1372622352793225,0
adam,local_global,469,940.0,-1.1372622352793225,-1.1372626284917648,0
adam,local_global,470,942.0,-1.1372626284917648,-1.1372588869190878,0
adam,local_global,471,944.0,-1.1372588869190878,-1.1372536753413287,0
adam,local_global,472,946.0,-1.1372536753413287,-1.13724960094703,0
adam,local_global,473,948.0,-1.13724960094703,-1.137248198192386,0
adam,local_global,474,950.0,-1.137248198192386,-1.1372496891173316,0
adam,local_global,475,952.0,-1.1372496891173316,-1.137253165330518,0
adam,local_global,476,954.0,-1.137253165330518,-1.1372572782188768,0
adam,local_global,477,956.0,-1.1372572782188768,-1.137260749879558,0
adam,local_global,478,958.0,-1.137260749879558,-1.1372628121444506,0
adam,local_global,479,960.0,-1.1372628121444506,-1.1372632845864972,0
adam,local_global,480,962.0,-1.1372632845864972,-1.1372624648518468,0
adam,local_global,481,964.0,-1.1372624648518468,-1.1372609037080352,0
adam,local_global,482,966.0,-1.1372609037080352,-1.1372591804373133,0
adam,local_global,483,968.0,-1.1372591804373133,-1.1372577498270213,0
adam,local_global,484,970.0,-1.1372577498270213,-1.1372568633777422,0
adam,local_global,485,972.0,-1.1372568633777422,-1.1372565963918555,0
adam,local_global,486,974.0,-1.1372565963918555,-1.137256867695841,0
adam,local_global,487,976.0,-1.137256867695841,-1.1372575342125437,0
adam,local_global,488,978.0,-1.1372575342125437,-1.1372584173265863,0
adam,local_global,489,980.0,-1.1372584173265863,-1.1372593698949907,0
adam,local_global,490,982.0,-1.1372593698949907,-1.137260274949,0
adam,local_global,491,984.0,-1.137260274949,-1.1372610650380945,0
adam,local_global,492,986.0,-1.1372610650380945,-1.1372617080960736,0
adam,local_global,493,988.0,-1.1372617080960736,-1.13726220296607,0
adam,local_global,494,990.0,-1.13726220296607,-1.1372625655812723,0
adam,local_global,495,992.0,-1.1372625655812723,-1.1372628198005519,0
adam,local_global,496,994.0,-1.1372628198005519,-1.137262991311205,0
adam,local_global,497,996.0,-1.137262991311205,-1.1372631027371407,0
adam,local_global,498,998.0,-1.1372631027371407,-1.1372631724278421,0
adam,local_global,499,1000.0,-1.1372631724278421,-1.1372632138883987,0
adam,adiabatic,0,2.0,0.5278211239450562,-0.24635163439500293,0
adam,adiabatic,1,4.0,0.4293148863338039,-0.4020119595881893,0
adam,adiabatic,2,6.0,0.353840830483809,-0.5158060739101984,0
adam,adiabatic,3,8.0,0.2955101761359566,-0.5805368415376957,0
adam,adiabatic,4,10.0,0.24951123920594503,-0.6155842505679567,0
adam,adiabatic,5,12.0,0.220606717025191,-0.6584108400210618,0
adam,adiabatic,6,14.0,0.19904462870616815,-0.7188185022138193,0
adam,adiabatic,7,16.0,0.1720348794510688,-0.7871452727632583,0
adam,adiabatic,8,18.0,0.14053239309048265,-0.8541260045553751,0
adam,adiabatic,9,20.0,0.1121261006632687,-0.9145804879929808,0
adam,adiabatic,10,22.0,0.09053706536909535,-0.9619876719244778,0
adam,adiabatic,11,24.0,0.07590449869163116,-0.9923921045819877,0
adam,adiabatic,12,26.0,0.06762023816965565,-1.0101847640691424,0
adam,adiabatic,13,28.0,0.06326793873307861,-1.0225406263574668,0
adam,adiabatic,14,30.0,0.0603617203305605,-1.0320357950122625,0
adam,adiabatic,15,32.0,0.05823328786179887,-1.039504408518283,0
adam,adiabatic,16,34.0,0.05619373711034503,-1.0473710982310631,0
adam,adiabatic,17,36.0,0.05293213102060772,-1.0569039505007205,0
adam,adiabatic,18,38.0,0.04821919422334265,-1.0657063125132018,0
adam,adiabatic,19,40.0,0.04357528747156574,-1.0702425235921893,0
adam,adiabatic,20,42.0,0.040696904107512824,-1.0698161374555246,0
adam,adiabatic,21,44.0,0.03976916258611493,-1.0672281687524372,0
adam,adiabatic,22,46.0,0.039525929482989476,-1.0662150433406754,0
adam,adiabatic,23,48.0,0.038452420894730076,-1.0690587919571453,0
adam,adiabatic,24,50.0,0.03575141647569656,-1.0760351926051457,0
adam,adiabatic,25,52.0,0.031595207016534774,-1.0858407854173429,0
adam,adiabatic,26,54.0,0.026870681154257395,-1.0961718381718837,0
adam,adiabatic,27,56.0,0.022683184922843325,-1.104415005734317,0
adam,adiabatic,28,58.0,0.019913068562647712,-1.1086916405271041,0
adam,adiabatic,29,60.0,0.018940105560871032,-1.1091466934055518,0
adam,adiabatic,30,62.0,0.019302901072089908,-1.107926235132895,0
adam,adiabatic,31,64.0,0.0197504345798558,-1.1070190351008595,0
adam,adiabatic,32,66.0,0.01927940075885314,-1.1065834463032616,0
adam,adiabatic,33,68.0,0.017991255255332537,-1.1057292964575405,0
adam,adiabatic,34,70.0,0.01665534964891845,-1.1039865673206306,0
adam,adiabatic,35,72.0,0.015876530034792353,-1.1015862071305844,0
adam,adiabatic,36,74.0,0.015864877132768122,-1.0992580155290872,0
adam,adiabatic,37,76.0,0.01641850375690193,-1.0981882322907741,0
adam,adiabatic,38,78.0,0.01691813777879766,-1.0994340511359129,0
adam,adiabatic,39,80.0,0.01677985417571516,-1.1030567263584314,0
adam,adiabatic,40,82.0,0.01600216516242818,-1.1080342200695874,0
adam,adiabatic,41,84.0,0.015084972771154092,-1.1129445209230022,0
adam,adiabatic,42,86.0,0.01452209279768076,-1.1166881911002546,0
adam,adiabatic,43,88.0,0.01447000278596612,-1.1188938295513695,0
adam,adiabatic,44,90.0,0.014709175220837466,-1.1198412052303177,0
adam,adiabatic,45,92.0,0.014836630888128022,-1.1199329407280203,0
adam,adiabatic,46,94.0,0.01461794398018943,-1.1193207281270567,0
adam,adiabatic,47,96.0,0.014148137655225108,-1.1180194830758856,0
adam,adiabatic,48,98.0,0.013682476649060419,-1.116129184061233,0
adam,adiabatic,49,100.0,0.013429054508313686,-1.1139393091837029,0
adam,adiabatic,50,102.0,-0.11182127906588392,-1.113384004645852,0
adam,adiabatic,51,104.0,-0.11167923852637586,-1.1146244736396205,0
adam,adiabatic,52,106.0,-0.11180797360751933,-1.117051493227539,0
adam,adiabatic,53,108.0,-0.11213243881467089,-1.1189782285018128,0
adam,adiabatic,54,110.0,-0.11235503122089462,-1.1203873592106022,0
adam,adiabatic,55,112.0,-0.11244493608234567,-1.1219422102251027,0
adam,adiabatic,56,114.0,-0.11253717523873477,-1.1225822628592534,0
adam,adiabatic,57,116.0,-0.11256309435020878,-1.1221305310807008,0
adam,adiabatic,58,118.0,-0.11255734072520343,-1.1218540923505775,0
adam,adiabatic,59,120.0,-0.11266172371166146,-1.122054666309334,0
adam,adiabatic,60,122.0,-0.11278640949737492,-1.1221935451718654,0
adam,adiabatic,61,124.0,-0.11278028392518563,-1.1222575847231735,0
adam,adiabatic,62,126.0,-0.11270856077967338,-1.1225883003030257,0
adam,adiabatic,63,128.0,-0.11272369121778006,-1.1230998620455381,0
adam,adiabatic,64,130.0,-0.1128301540278722,-1.1233231208241095,0
adam,adiabatic,65,132.0,-0.11289364777073549,-1.1231907983167737,0
adam,adiabatic,66,134.0,-0.11287463845076458,-1.1231325341321947,0
adam,adiabatic,67,136.0,-0.11288076129270469,-1.1233376782668745,0
adam,adiabatic,68,138.0,-0.11294633729187822,-1.1235303123646398,0
adam,adiabatic,69,140.0,-0.11297882642177265,-1.1235251465425609,0
adam,adiabatic,70,142.0,-0.11294714981796146,-1.12348874654666,0
adam,adiabatic,71,144.0,-0.11293590623126942,-1.1235388331248735,0
adam,adiabatic,72,146.0,-0.11299363000103847,-1.1234863810446798,0
adam,adiabatic,73,148.0,-0.11304861713146373,-1.123206021685305,0
adam,adiabatic,74,150.0,-0.11303569840037536,-1.122920179136493,0
adam,adiabatic,75,152.0,-0.11300401271712769,-1.1228571477102078,0
adam,adiabatic,76,154.0,-0.11301460353460295,-1.1229598275470534,0
adam,adiabatic,77,156.0,-0.1130455753906844,-1.123071813962243,0
adam,adiabatic,78,158.0,-0.11305339487355619,-1.1231507973620218,0
adam,adiabatic,79,160.0,-0.11304312932933262,-1.1232161799976765,0
adam,adiabatic,80,162.0,-0.11304593261621754,-1.1232360977389013,0
adam,adiabatic,81,164.0,-0.11306211052212559,-1.123183829487694,0
adam,adiabatic,82,166.0,-0.11307219697083347,-1.1231123965468175,0
adam,adiabatic,83,168.0,-0.11307819935155085,-1.1230684752757405,0
adam,adiabatic,84,170.0,-0.11308887088989206,-1.123022841422839,0
adam,adiabatic,85,172.0,-0.11309879620798044,-1.1229486918386427,0
adam,adiabatic,86,174.0,-0.11310003676592936,-1.1228989706857655,0
adam,adiabatic,87,176.0,-0.11309630940161305,-1.1229363292473638,0
adam,adiabatic,88,178.0,-0.11309672964870102,-1.1230282727514465,0
adam,adiabatic,89,180.0,-0.11309850678377198,-1.123104638164187,0
adam,adiabatic,90,182.0,-0.11309593248372392,-1.1231657262601438,0
adam,adiabatic,91,184.0,-0.11309451931484452,-1.1232486272108986,0
adam,adiabatic,92,186.0,-0.11309930220157091,-1.1233457796126083,0
adam,adiabatic,93,188.0,-0.11310532799948546,-1.1234124337305815,0
adam,adiabatic,94,190.0,-0.11310645399100591,-1.1234181532921343,0
adam,adiabatic,95,192.0,-0.1131064120403531,-1.1233537522395176,0
adam,adiabatic,96,194.0,-0.11310997926008624,-1.1232246933366838,0
adam,adiabatic,97,196.0,-0.11311285191873906,-1.1230699922878848,0
adam,adiabatic,98,198.0,-0.11311256942089418,-1.1229491607901814,0
adam,adiabatic,99,200.0,-0.11311301795287677,-1.122896975526551,0
adam,adiabatic,100,202.0,-0.23933806198885266,-1.1240891821029684,0
adam,adiabatic,101,204.0,-0.2394632246653057,-1.1256522134399545,0
adam,adiabatic,102,206.0,-0.23954330314747826,-1.1268941315601744,0
adam,adiabatic,103,208.0,-0.23954970115895738,-1.1276462985671332,0
adam,adiabatic,104,210.0,-0.23954182120530815,-1.1278936225309029,0
adam,adiabatic,105,212.0,-0.2395450278291542,-1.12776967196586,0
adam,adiabatic,106,214.0,-0.23956229931073475,-1.1274972622126898,0
adam,adiabatic,107,216.0,-0.23958847195371036,-1.1272252610730147,0
adam,adiabatic,108,218.0,-0.23959683895842646,-1.1270925270975318,0
adam,adiabatic,109,220.0,-0.23960110693626138,-1.127095109081085,0
adam,adiabatic,110,222.0,-0.23962064262178867,-1.1271284187279282,0
adam,adiabatic,111,224.0,-0.23962738022418606,-1.1272145396132154,0
adam,adiabatic,112,226.0,-0.2396223660646235,-1.1273792558512965,0
adam,adiabatic,113,228.0,-0.23962740043554528,-1.127532295182221,0
adam,adiabatic,114,230.0,-0.23963280662883613,-1.1275977934461423,0
adam,adiabatic,115,232.0,-0.23962985153855326,-1.1276051826118776,0
adam,adiabatic,116,234.0,-0.2396312463679387,-1.1276125140129678,0
adam,adiabatic,117,236.0,-0.23964168799566457,-1.1276307723384262,0
adam,adiabatic,118,238.0,-0.23964594845619203,-1.1277005812730148,0
adam,adiabatic,119,240.0,-0.2396472741179493,-1.1277956191461864,0
adam,adiabatic,120,242.0,-0.2396481468229916,-1.1278538980900685,0
adam,adiabatic,121,244.0,-0.23965072068454854,-1.1278187082339888,0
adam,adiabatic,122,246.0,-0.23965623631831856,-1.1277195137081173,0
adam,adiabatic,123,248.0,-0.23966284751901604,-1.1276286706170326,0
adam,adiabatic,124,250.0,-0.23966316615323996,-1.1275934722947742,0
adam,adiabatic,125,252.0,-0.23966297707764805,-1.1275944722621494,0
adam,adiabatic,126,254.0,-0.2396677555444241,-1.1275874548852294,0
adam,adiabatic,127,256.0,-0.23967075241704083,-1.1275583764802337,0
adam,adiabatic,128,258.0,-0.23967120383836488,-1.1275029654790025,0
adam,adiabatic,129,260.0,-0.23967340519635044,-1.1274184670582157,0
adam,adiabatic,130,262.0,-0.2396748370079304,-1.127362630026015,0
adam,adiabatic,131,264.0,-0.23967347112233933,-1.1273982834300007,0
adam,adiabatic,132,266.0,-0.23967342678334616,-1.127496614693987,0
adam,adiabatic,133,268.0,-0.23967450027775639,-1.1275762816894843,0
adam,adiabatic,134,270.0,-0.23967569597602847,-1.1276044217768169,0
adam,adiabatic,135,272.0,-0.23967714582735783,-1.1276003491889535,0
adam,adiabatic,136,274.0,-0.23967728072899216,-1.1275786978474764,0
adam,adiabatic,137,276.0,-0.23967696861523888,-1.1275420582100149,0
adam,adiabatic,138,278.0,-0.2396785412805922,-1.1275027567161668,0
adam,adiabatic,139,280.0,-0.23968018046688855,-1.127487663630309,0
adam,adiabatic,140,282.0,-0.23968064498142794,-1.1275016065152386,0
adam,adiabatic,141,284.0,-0.239681243323747,-1.1275318741542748,0
adam,adiabatic,142,286.0,-0.23968170292963584,-1.1275810540374733,0
adam,adiabatic,143,288.0,-0.2396816927642241,-1.1276514279893566,0
adam,adiabatic,144,290.0,-0.23968200082314903,-1.1277120335624207,0
adam,adiabatic,145,292.0,-0.23968246775528923,-1.1277274299526658,0
adam,adiabatic,146,294.0,-0.23968303237752642,-1.1277003822911966,0
adam,adiabatic,147,296.0,-0.23968349839664752,-1.1276639843539944,0
adam,adiabatic,148,298.0,-0.23968336363921616,-1.1276488275199303,0
adam,adiabatic,149,300.0,-0.23968318382220838,-1.1276665617049288,0
adam,adiabatic,150,302.0,-0.36653821958159083,-1.128790742098846,0
adam,adiabatic,151,304.0,-0.36665239637837055,-1.1299774526463953,0
adam,adiabatic,152,306.0,-0.3666853162989325,-1.130757951335438,0
adam,adiabatic,153,308.0,-0.36668234790832627,-1.1309848151480209,0
adam,adiabatic,154,310.0,-0.36669448887598843,-1.13091924122188,0
adam,adiabatic,155,312.0,-0.36670193458372247,-1.1307580783344389,0
adam,adiabatic,156,314.0,-0.3667127380988029,-1.1306560214532373,0
adam,adiabatic,157,316.0,-0.3667239727751676,-1.1306909137825523,0
adam,adiabatic,158,318.0,-0.36674488487869483,-1.13072233710712,0
adam,adiabatic,159,320.0,-0.366753010821308,-1.1307226133007824,0
adam,adiabatic,160,322.0,-0.3667498600310801,-1.1307118624465364,0
adam,adiabatic,161,324.0,-0.3667569013003162,-1.1307591748520145,0
adam,adiabatic,162,326.0,-0.3667607019580555,-1.1308024104049583,0
adam,adiabatic,163,328.0,-0.3667571718351368,-1.1308674894694424,0
adam,adiabatic,164,330.0,-0.36676436536137036,-1.1309729220238,0
adam,adiabatic,165,332.0,-0.3667730710257882,-1.1311220010374752,0
adam,adiabatic,166,334.0,-0.3667752418365777,-1.131229024629213,0
adam,adiabatic,167,336.0,-0.3667711894952472,-1.1311968313900518,0
adam,adiabatic,168,338.0,-0.3667749471792719,-1.131110285987199,0
adam,adiabatic,169,340.0,-0.36678581959827583,-1.1310079041985324,0
adam,adiabatic,170,342.0,-0.3667890447651698,-1.130994733587321,0
adam,adiabatic,171,344.0,-0.36678748436180075,-1.1309936960850837,0
adam,adiabatic,172,346.0,-0.3667937780510843,-1.131008222658305,0
adam,adiabatic,173,348.0,-0.3667947540398832,-1.1309643440358075,0
adam,adiabatic,174,350.0,-0.3667965440334643,-1.1308965425445319,0
adam,adiabatic,175,352.0,-0.36680137579470623,-1.1308106746496354,0
adam,adiabatic,176,354.0,-0.3668026175248449,-1.130788792940449,0
adam,adiabatic,177,356.0,-0.366801297447596,-1.1308653655620229,0
adam,adiabatic,178,358.0,-0.36680063029338944,-1.1309438617724448,0
adam,adiabatic,179,360.0,-0.3668022019218468,-1.1310082164994912,0
adam,adiabatic,180,362.0,-0.36680398749081483,-1.1310085494629398,0
adam,adiabatic,181,364.0,-0.3668036610385558,-1.1309921516616817,0
adam,adiabatic,182,366.0,-0.3668052389583392,-1.1309198209519773,0
adam,adiabatic,183,368.0,-0.3668073287196326,-1.1308514018705438,0
adam,adiabatic,184,370.0,-0.3668082490773602,-1.1308332340212766,0
adam,adiabatic,185,372.0,-0.36680901536247074,-1.130885171502033,0
adam,adiabatic,186,374.0,-0.3668095741507577,-1.1309847482331055,0
adam,adiabatic,187,376.0,-0.3668099682534318,-1.131069335231482,0
adam,adiabatic,188,378.0,-0.36680965978216096,-1.1311216886453386,0
adam,adiabatic,189,380.0,-0.36681046202052664,-1.1310909428958813,0
adam,adiabatic,190,382.0,-0.36681128841081784,-1.1310504181023164,0
adam,adiabatic,191,384.0,-0.3668108836818503,-1.1310324097209488,0
adam,adiabatic,192,386.0,-0.36681091959703466,-1.1310824144697607,0
adam,adiabatic,193,388.0,-0.36681144902854695,-1.1311028336265798,0
adam,adiabatic,194,390.0,-0.36681088590577904,-1.1311012906625715,0
adam,adiabatic,195,392.0,-0.36681095935762,-1.1310623379478228,0
adam,adiabatic,196,394.0,-0.3668117186941907,-1.1310626586418546,0
adam,adiabatic,197,396.0,-0.36681210152592963,-1.1310708684461839,0
adam,adiabatic,198,398.0,-0.36681220370712464,-1.1311119139406076,0
adam,adiabatic,199,400.0,-0.366812155282662,-1.1311243610604198,0
adam,adiabatic,200,402.0,-0.49419769827236815,-1.132069972485207,0
adam,adiabatic,201,404.0,-0.4942849278728715,-1.1326414907318176,0
adam,adiabatic,202,406.0,-0.49419241968454813,-1.1327656916315525,0
adam,adiabatic,203,408.0,-0.49401074089446034,-1.1328534635384295,0
adam,adiabatic,204,410.0,-0.4941989357820936,-1.1329714701762177,0
adam,adiabatic,205,412.0,-0.4942600546409667,-1.1329158816458618,0
adam,adiabatic,206,414.0,-0.49413498859959565,-1.1331372808989433,0
adam,adiabatic,207,416.0,-0.4943578714528356,-1.132761067891937,0
adam,adiabatic,208,418.0,-0.4941998369198077,-1.13338133651575,0
adam,adiabatic,209,420.0,-0.4943482013504158,-1.1331760420529067,0
adam,adiabatic,210,422.0,-0.49425807722129794,-1.1329750235501073,0
adam,adiabatic,211,424.0,-0.49432703768929576,-1.133013732817826,0
adam,adiabatic,212,426.0,-0.49429843514118754,-1.133400719503589,0
adam,adiabatic,213,428.0,-0.49432959706142027,-1.1335216416283438,0
adam,adiabatic,214,430.0,-0.4943454243565664,-1.1334086716270135,0
adam,adiabatic,215,432.0,-0.4943169193420156,-1.1335835290418705,0
adam,adiabatic,216,434.0,-0.4943670601599486,-1.1335111707265773,0
adam,adiabatic,217,436.0,-0.49433035316295226,-1.1334279802463687,0
adam,adiabatic,218,438.0,-0.49438778384834375,-1.133256620525868,0
adam,adiabatic,219,440.0,-0.4943414973716146,-1.1334454867892727,0
adam,adiabatic,220,442.0,-0.49439729261366017,-1.1333930075490521,0
adam,adiabatic,221,444.0,-0.4943536058387271,-1.133307749933628,0
adam,adiabatic,222,446.0,-0.4943971520386934,-1.133146440231817,0
adam,adiabatic,223,448.0,-0.4943739004371195,-1.1332460486364055,0
adam,adiabatic,224,450.0,-0.4943910626356239,-1.1333357539491495,0
adam,adiabatic,225,452.0,-0.49438680148258657,-1.1333521812292664,0
adam,adiabatic,226,454.0,-0.49438876505472606,-1.1333923897647136,0
adam,adiabatic,227,456.0,-0.4943947906917249,-1.1334546182515692,0
adam,adiabatic,228,458.0,-0.4943875503244209,-1.1333998621065104,0
adam,adiabatic,229,460.0,-0.4944029284672906,-1.1331931340316421,0
adam,adiabatic,230,462.0,-0.4943929613279237,-1.1332224966667572,0
adam,adiabatic,231,464.0,-0.4944053888371236,-1.1333621626299037,0
adam,adiabatic,232,466.0,-0.4943958522882094,-1.133420652838498,0
adam,adiabatic,233,468.0,-0.49440771186957116,-1.133378507545873,0
adam,adiabatic,234,470.0,-0.4943981285573452,-1.1334755278921687,0
adam,adiabatic,235,472.0,-0.49440904299266647,-1.133485629920266,0
adam,adiabatic,236,474.0,-0.4944022168729677,-1.1334090729976651,0
adam,adiabatic,237,476.0,-0.49440695440158156,-1.1334261845392333,0
adam,adiabatic,238,478.0,-0.494406669435651,-1.1335284128866618,0
adam,adiabatic,239,480.0,-0.49440483472276725,-1.1335013182973874,0
adam,adiabatic,240,482.0,-0.49440890634416024,-1.1333997281699817,0
adam,adiabatic,241,484.0,-0.49440554058541414,-1.1334332483179834,0
adam,adiabatic,242,486.0,-0.4944107688211542,-1.1334725252032471,0
adam,adiabatic,243,488.0,-0.49440656933513544,-1.133460499115459,0
adam,adiabatic,244,490.0,-0.49441066314339605,-1.1334701417236845,0
adam,adiabatic,245,492.0,-0.494408341993078,-1.1335170844379239,0
adam,adiabatic,246,494.0,-0.49441060822805244,-1.1334758783065915,0
adam,adiabatic,247,496.0,-0.49441001641840776,-1.1334097032124948,0
adam,adiabatic,248,498.0,-0.4944104914417509,-1.1334180069675974,0
adam,adiabatic,249,500.0,-0.49441078241562053,-1.1334485009760977,0
adam,adiabatic,250,502.0,-0.6222178458027352,-1.1342258757839778,0
adam,adiabatic,251,504.0,-0.6223073890496197,-1.1348139093645708,0
adam,adiabatic,252,506.0,-0.62230261415919,-1.135084498199725,0
adam,adiabatic,253,508.0,-0.6223206338521868,-1.135019262071167,0
adam,adiabatic,254,510.0,-0.6223377843316519,-1.134822712945859,0
adam,adiabatic,255,512.0,-0.6223252897446121,-1.134902461293362,0
adam,adiabatic,256,514.0,-0.6223540561893763,-1.1351090602261893,0
adam,adiabatic,257,516.0,-0.6223655228977524,-1.135142976478027,0
adam,adiabatic,258,518.0,-0.6223574924384735,-1.1350629401953751,0
adam,adiabatic,259,520.0,-0.6223656677264398,-1.1349295952023863,0
adam,adiabatic,260,522.0,-0.6223572169167274,-1.134903627044387,0
adam,adiabatic,261,524.0,-0.6223607336755879,-1.1350783446846133,0
adam,adiabatic,262,526.0,-0.6223760033094251,-1.135246245284613,0
adam,adiabatic,263,528.0,-0.6223673714121519,-1.1352707282446004,0
adam,adiabatic,264,530.0,-0.6223674681422698,-1.1352235347741657,0
adam,adiabatic,265,532.0,-0.6223848917142487,-1.1351099368107542,0
adam,adiabatic,266,534.0,-0.622384115084839,-1.1350317621865813,0
adam,adiabatic,267,536.0,-0.6223877993336181,-1.1350560397269052,0
adam,adiabatic,268,538.0,-0.6223920108360387,-1.135046853135981,0
adam,adiabatic,269,540.0,-0.6223870786280385,-1.134967919682282,0
adam,adiabatic,270,542.0,-0.6223939664884071,-1.1349228805748515,0
adam,adiabatic,271,544.0,-0.6223965090403475,-1.1349345164848683,0
adam,adiabatic,272,546.0,-0.6223919661963376,-1.1349992660368269,0
adam,adiabatic,273,548.0,-0.6223946296033361,-1.1350869967155781,0
adam,adiabatic,274,550.0,-0.6223938842565382,-1.1350949451726642,0
adam,adiabatic,275,552.0,-0.6223938685541869,-1.1350081746116716,0
adam,adiabatic,276,554.0,-0.6223991670230207,-1.1349329507486454,0
adam,adiabatic,277,556.0,-0.622399901149394,-1.1349341574744434,0
adam,adiabatic,278,558.0,-0.6223995487933075,-1.1350168745378943,0
adam,adiabatic,279,560.0,-0.6224014080875792,-1.1351180755200816,0
adam,adiabatic,280,562.0,-0.622401069068672,-1.1351432419564396,0
adam,adiabatic,281,564.0,-0.6224015375436694,-1.1351117809602118,0
adam,adiabatic,282,566.0,-0.6224018280405025,-1.1350969687020325,0
adam,adiabatic,283,568.0,-0.6224010557741795,-1.1351103718300692,0
adam,adiabatic,284,570.0,-0.6224024505876921,-1.1351354869259629,0
adam,adiabatic,285,572.0,-0.6224017315046178,-1.1351324599288335,0
adam,adiabatic,286,574.0,-0.6224014448659394,-1.1350794741281232,0
adam,adiabatic,287,576.0,-0.6224033182626225,-1.1350473925859272,0
adam,adiabatic,288,578.0,-0.6224030575067528,-1.1350720720603777,0
adam,adiabatic,289,580.0,-0.6224034811720403,-1.135111686377546,0
adam,adiabatic,290,582.0,-0.6224044004550888,-1.1351395942382583,0
adam,adiabatic,291,584.0,-0.6224037432332163,-1.135126088657757,0
adam,adiabatic,292,586.0,-0.6224040503811784,-1.135075572795452,0
adam,adiabatic,293,588.0,-0.6224044258490143,-1.1350511355476476,0
adam,adiabatic,294,590.0,-0.6224041785025961,-1.1350596830056647,0
adam,adiabatic,295,592.0,-0.6224042968734697,-1.135069822486992,0
adam,adiabatic,296,594.0,-0.622404190801139,-1.1350672144353258,0
adam,adiabatic,297,596.0,-0.6224042675770646,-1.1350427891967405,0
adam,adiabatic,298,598.0,-0.6224046648777274,-1.1350278303424375,0
adam,adiabatic,299,600.0,-0.6224045141872134,-1.135050518966877,0
adam,adiabatic,300,602.0,-0.7505661737180898,-1.135687706512386,0
adam,adiabatic,301,604.0,-0.7506531641496159,-1.1360717461805283,0
adam,adiabatic,302,606.0,-0.750630709639983,-1.136222705959527,0
adam,adiabatic,303,608.0,-0.7506484706150828,-1.1360392824726673,0
adam,adiabatic,304,610.0,-0.7506356185795011,-1.135988909000823,0
adam,adiabatic,305,612.0,-0.7506304983330457,-1.136074475501126,0
adam,adiabatic,306,614.0,-0.750664990295597,-1.1362204775378946,0
adam,adiabatic,307,616.0,-0.7506656144191767,-1.1361447125105237,0
adam,adiabatic,308,618.0,-0.7506804527962362,-1.136054450836722,0
adam,adiabatic,309,620.0,-0.7506837877410649,-1.136027979462538,0
adam,adiabatic,310,622.0,-0.7506846445808263,-1.1361389203042733,0
adam,adiabatic,311,624.0,-0.7506990699116344,-1.136275300810265,0
adam,adiabatic,312,626.0,-0.7506812470532309,-1.1362578770045109,0
adam,adiabatic,313,628.0,-0.750686087951521,-1.1362114139074893,0
adam,adiabatic,314,630.0,-0.7506997400993887,-1.1360942685268072,0
adam,adiabatic,315,632.0,-0.750704315751504,-1.1361154447644704,0
adam,adiabatic,316,634.0,-0.7507154614577938,-1.1360990631254864,0
adam,adiabatic,317,636.0,-0.7507119633800295,-1.1360625189245792,0
adam,adiabatic,318,638.0,-0.7507146250151707,-1.1360488946475,0
adam,adiabatic,319,640.0,-0.7507152227901391,-1.1360115226313607,0
adam,adiabatic,320,642.0,-0.7507098147465746,-1.1361187836961355,0
adam,adiabatic,321,644.0,-0.7507145487991449,-1.1361766423965742,0
adam,adiabatic,322,646.0,-0.750714833924279,-1.136171344863176,0
adam,adiabatic,323,648.0,-0.7507204417742065,-1.1360975586845146,0
adam,adiabatic,324,650.0,-0.7507277044090045,-1.1360430415360079,0
adam,adiabatic,325,652.0,-0.7507236729016699,-1.1361011591308958,0
adam,adiabatic,326,654.0,-0.7507239729722209,-1.1361766709373318,0
adam,adiabatic,327,656.0,-0.7507228959187392,-1.1362276750592288,0
adam,adiabatic,328,658.0,-0.7507233067450179,-1.1361869070326356,0
adam,adiabatic,329,660.0,-0.7507253325006022,-1.1361812356935161,0
adam,adiabatic,330,662.0,-0.7507252238370155,-1.136185979763351,0
adam,adiabatic,331,664.0,-0.7507279137956041,-1.136201156390469,0
adam,adiabatic,332,666.0,-0.750726804920413,-1.1361873497489725,0
adam,adiabatic,333,668.0,-0.7507277464977171,-1.1361316210195602,0
adam,adiabatic,334,670.0,-0.7507287730294155,-1.136122509006558,0
adam,adiabatic,335,672.0,-0.7507273222302825,-1.136142902795741,0
adam,adiabatic,336,674.0,-0.7507286731604421,-1.1361959423461105,0
adam,adiabatic,337,676.0,-0.7507287330061501,-1.1361855934722551,0
adam,adiabatic,338,678.0,-0.750728821564292,-1.1361644335840235,0
adam,adiabatic,339,680.0,-0.7507300693551102,-1.1361360264496239,0
adam,adiabatic,340,682.0,-0.7507299418476518,-1.1361406411751305,0
adam,adiabatic,341,684.0,-0.7507303030344221,-1.1361562108964436,0
adam,adiabatic,342,686.0,-0.7507302356704122,-1.1361400124112935,0
adam,adiabatic,343,688.0,-0.7507302718882813,-1.1361284522769852,0
adam,adiabatic,344,690.0,-0.7507304532129447,-1.1361190991301848,0
adam,adiabatic,345,692.0,-0.7507300938846112,-1.1361530563250888,0
adam,adiabatic,346,694.0,-0.7507305657082016,-1.1361838003489326,0
adam,adiabatic,347,696.0,-0.7507306019733037,-1.136201510227462,0
adam,adiabatic,348,698.0,-0.7507307307540356,-1.1361750886492816,0
adam,adiabatic,349,700.0,-0.7507308944895403,-1.1361654824382499,0
adam,adiabatic,350,702.0,-0.8792090382073452,-1.1365821126962221,0
adam,adiabatic,351,704.0,-0.8792822981939313,-1.1367777742544323,0
adam,adiabatic,352,706.0,-0.8792502939517505,-1.1368096389621827,0
adam,adiabatic,353,708.0,-0.8792417522706182,-1.13640853390296,0
adam,adiabatic,354,710.0,-0.8790418254437985,-1.135779544176373,0
adam,adiabatic,355,712.0,-0.87846670591057,-1.1347845307258617,0
adam,adiabatic,356,714.0,-0.8777592856541744,-1.1356288749348789,0
adam,adiabatic,357,716.0,-0.8781943972265542,-1.1364699132158105,0
adam,adiabatic,358,718.0,-0.8791437667110421,-1.1360885412088408,0
adam,adiabatic,359,720.0,-0.8788510631702309,-1.1357102185089023,0
adam,adiabatic,360,722.0,-0.878369457509644,-1.1364934536528928,0
adam,adiabatic,361,724.0,-0.8790469678220023,-1.1367287849381347,0
adam,adiabatic,362,726.0,-0.8791933995563116,-1.1361202293535386,0
adam,adiabatic,363,728.0,-0.8786659702706247,-1.1363633686910244,0
adam,adiabatic,364,730.0,-0.8790135810469948,-1.1366243578849327,0
adam,adiabatic,365,732.0,-0.8792498224263415,-1.1362865688269275,0
adam,adiabatic,366,734.0,-0.878874502820722,-1.1363691805679716,0
adam,adiabatic,367,736.0,-0.8790743740534662,-1.136707345811172,0
adam,adiabatic,368,738.0,-0.8793101906109201,-1.1364795591373689,0
adam,adiabatic,369,740.0,-0.8790119778071624,-1.13657148037278,0
adam,adiabatic,370,742.0,-0.8791551887691458,-1.1367922571448694,0
adam,adiabatic,371,744.0,-0.8792958239154557,-1.1365640766358138,0
adam,adiabatic,372,746.0,-0.8790900948327253,-1.1365840799150648,0
adam,adiabatic,373,748.0,-0.8792130819482845,-1.1366993065444546,0
adam,adiabatic,374,750.0,-0.879305552674134,-1.1366594376370331,0
adam,adiabatic,375,752.0,-0.8791653406840186,-1.136719186678013,0
adam,adiabatic,376,754.0,-0.8792573126139963,-1.13680426335766,0
adam,adiabatic,377,756.0,-0.8793204479877402,-1.1367063517815512,0
adam,adiabatic,378,758.0,-0.8792004783647752,-1.1367353180214796,0
adam,adiabatic,379,760.0,-0.8792838141528427,-1.1368145507440188,0
adam,adiabatic,380,762.0,-0.8793133170142994,-1.1367358269720613,0
adam,adiabatic,381,764.0,-0.8792378868155037,-1.1367414297547795,0
adam,adiabatic,382,766.0,-0.8793088901896502,-1.1367390592299382,0
adam,adiabatic,383,768.0,-0.8793202420903621,-1.1367450868790265,0
adam,adiabatic,384,770.0,-0.8792709743029691,-1.1368007848663793,0
adam,adiabatic,385,772.0,-0.8793182106087877,-1.1368146071805743,0
adam,adiabatic,386,774.0,-0.879325262525699,-1.1367975827963965,0
adam,adiabatic,387,776.0,-0.8792844815388241,-1.1367741319097986,0
adam,adiabatic,388,778.0,-0.8793259116590448,-1.136776031652073,0
adam,adiabatic,389,780.0,-0.8793256500265658,-1.1367809982091448,0
adam,adiabatic,390,782.0,-0.879300413966609,-1.1367891809014528,0
adam,adiabatic,391,784.0,-0.8793324358510455,-1.1367771647068734,0
adam,adiabatic,392,786.0,-0.8793311693056014,-1.1368025689045544,0
adam,adiabatic,393,788.0,-0.8793142750600027,-1.136815489827929,0
adam,adiabatic,394,790.0,-0.8793353570685725,-1.1368208936376378,0
adam,adiabatic,395,792.0,-0.8793345941411196,-1.1368271251339033,0
adam,adiabatic,396,794.0,-0.8793203487677909,-1.1368069573221007,0
adam,adiabatic,397,796.0,-0.8793366505041672,-1.136808086100272,0
adam,adiabatic,398,798.0,-0.8793354267153427,-1.1368051213066257,0
adam,adiabatic,399,800.0,-0.8793252580114665,-1.1368087218663447,0
adam,adiabatic,400,802.0,-1.0080729903546883,-1.137039651130122,0
adam,adiabatic,401,804.0,-1.0081447504870746,-1.1371139259423493,0
adam,adiabatic,402,806.0,-1.0081148730908018,-1.1371248725826817,0
adam,adiabatic,403,808.0,-1.0081218672564374,-1.1370291288738255,0
adam,adiabatic,404,810.0,-1.0080921656839426,-1.1370794287272479,0
adam,adiabatic,405,812.0,-1.0081033184319859,-1.1370524724740902,0
adam,adiabatic,406,814.0,-1.0080753021223854,-1.1370243994018374,0
adam,adiabatic,407,816.0,-1.0080122811728303,-1.136828231449907,0
adam,adiabatic,408,818.0,-1.007920749960234,-1.1367067557001975,0
adam,adiabatic,409,820.0,-1.0077673164540908,-1.1364566546740467,0
adam,adiabatic,410,822.0,-1.0075488511681123,-1.1363414918858727,0
adam,adiabatic,411,824.0,-1.007357843460218,-1.1364274994368573,0
adam,adiabatic,412,826.0,-1.0074867237566625,-1.1368430435027124,0
adam,adiabatic,413,828.0,-1.0078921495353956,-1.1371252788346484,0
adam,adiabatic,414,830.0,-1.0081762139290846,-1.1369484728698795,0
adam,adiabatic,415,832.0,-1.0080226169733923,-1.136695794949745,0
adam,adiabatic,416,834.0,-1.0077678336087055,-1.13673755215718,0
adam,adiabatic,417,836.0,-1.007836703081372,-1.1370186752470701,0
adam,adiabatic,418,838.0,-1.0080734263755389,-1.1370912259780812,0
adam,adiabatic,419,840.0,-1.0081319855185753,-1.1369863224463272,0
adam,adiabatic,420,842.0,-1.0080256087680768,-1.1369401741799234,0
adam,adiabatic,421,844.0,-1.0079871165342829,-1.136971602325002,0
adam,adiabatic,422,846.0,-1.0080493970632773,-1.1370575971146382,0
adam,adiabatic,423,848.0,-1.0081014145485552,-1.1370830629254207,0
adam,adiabatic,424,850.0,-1.0081172528095534,-1.1370989334154906,0
adam,adiabatic,425,852.0,-1.0081175883035767,-1.1370650000626945,0
adam,adiabatic,426,854.0,-1.0080918611990115,-1.1370381326636412,0
adam,adiabatic,427,856.0,-1.0080899461683466,-1.137119436923072,0
adam,adiabatic,428,858.0,-1.008139850633758,-1.1371334853445034,0
adam,adiabatic,429,860.0,-1.0081652523392117,-1.1371004849122273,0
adam,adiabatic,430,862.0,-1.0081375913993709,-1.137072141782689,0
adam,adiabatic,431,864.0,-1.008119970759411,-1.13709008411198,0
adam,adiabatic,432,866.0,-1.0081513028468683,-1.1371523485223638,0
adam,adiabatic,433,868.0,-1.0081736801650658,-1.137128278048876,0
adam,adiabatic,434,870.0,-1.0081598046209677,-1.1371236231814958,0
adam,adiabatic,435,872.0,-1.008152987879704,-1.1371383098117493,0
adam,adiabatic,436,874.0,-1.0081689446300486,-1.1371194374867188,0
adam,adiabatic,437,876.0,-1.0081739908447427,-1.137133235619251,0
adam,adiabatic,438,878.0,-1.0081658102137374,-1.137124275819564,0
adam,adiabatic,439,880.0,-1.0081729098056134,-1.1371441412744236,0
adam,adiabatic,440,882.0,-1.0081857760817146,-1.1371553463640645,0
adam,adiabatic,441,884.0,-1.0081824404298092,-1.1371287037347,0
adam,adiabatic,442,886.0,-1.008171305303532,-1.137155185965836,0
adam,adiabatic,443,888.0,-1.0081768225318863,-1.13715496867264,0
adam,adiabatic,444,890.0,-1.0081908782419764,-1.1371557095764764,0
adam,adiabatic,445,892.0,-1.0081913432453917,-1.1371563932268127,0
adam,adiabatic,446,894.0,-1.0081829996482126,-1.1371358041104707,0
adam,adiabatic,447,896.0,-1.0081815675359962,-1.1371562557006538,0
adam,adiabatic,448,898.0,-1.008188165229371,-1.1371515464775268,0
adam,adiabatic,449,900.0,-1.0081924174205763,-1.1371580383932407,0
adam,adiabatic,450,902.0,-1.1371580383932407,-1.1371828993669102,0
adam,adiabatic,451,904.0,-1.1371828993669104,-1.1371404464169264,0
adam,adiabatic,452,906.0,-1.1371404464169264,-1.1371369235392799,0
adam,adiabatic,453,908.0,-1.1371369235392799,-1.1371095170470567,0
adam,adiabatic,454,910.0,-1.1371095170470569,-1.1371539794256667,0
adam,adiabatic,455,912.0,-1.1371539794256667,-1.1371461642137726,0
adam,adiabatic,456,914.0,-1.1371461642137726,-1.1371638816448073,0
adam,adiabatic,457,916.0,-1.1371638816448073,-1.1371601088586225,0
adam,adiabatic,458,918.0,-1.1371601088586225,-1.1371848874649535,0
adam,adiabatic,459,920.0,-1.1371848874649537,-1.1371810458296197,0
adam,adiabatic,460,922.0,-1.1371810458296197,-1.1372027378435587,0
adam,adiabatic,461,924.0,-1.137202737843559,-1.1372120842775146,0
adam,adiabatic,462,926.0,-1.137212084277515,-1.1372302973447563,0
adam,adiabatic,463,928.0,-1.1372302973447563,-1.1372374554882365,0
adam,adiabatic,464,930.0,-1.1372374554882365,-1.1372448424720298,0
adam,adiabatic,465,932.0,-1.13724484247203,-1.1372527159908505,0
adam,adiabatic,466,934.0,-1.1372527159908508,-1.137245375066027,0
adam,adiabatic,467,936.0,-1.137245375066027,-1.1372402924998477,0
adam,adiabatic,468,938.0,-1.1372402924998477,-1.1372333003311224,0
adam,adiabatic,469,940.0,-1.1372333003311224,-1.1372320565213838,0
adam,adiabatic,470,942.0,-1.1372320565213838,-1.1372268049194725,0
adam,adiabatic,471,944.0,-1.1372268049194725,-1.1372261549900258,0
adam,adiabatic,472,946.0,-1.1372261549900258,-1.1372254392622299,0
adam,adiabatic,473,948.0,-1.1372254392622299,-1.1372282837762786,0
adam,adiabatic,474,950.0,-1.137228283776279,-1.137222613273283,0
adam,adiabatic,475,952.0,-1.137222613273283,-1.1372208625587583,0
adam,adiabatic,476,954.0,-1.1372208625587583,-1.1372142881454925,0
adam,adiabatic,477,956.0,-1.1372142881454925,-1.1372099280551657,0
adam,adiabatic,478,958.0,-1.1372099280551657,-1.1372008404888403,0
adam,adiabatic,479,960.0,-1.1372008404888403,-1.1371928865642116,0
adam,adiabatic,480,962.0,-1.1371928865642116,-1.1371835162635424,0
adam,adiabatic,481,964.0,-1.1371835162635424,-1.1371745080260565,0
adam,adiabatic,482,966.0,-1.1371745080260565,-1.1371637296212405,0
adam,adiabatic,483,968.0,-1.137163729621241,-1.1371537123842346,0
adam,adiabatic,484,970.0,-1.1371537123842346,-1.13714300255338,0
adam,adiabatic,485,972.0,-1.1371430025533797,-1.1371341316908623,0
adam,adiabatic,486,974.0,-1.1371341316908623,-1.1371268369277294,0
adam,adiabatic,487,976.0,-1.1371268369277296,-1.1371225224994175,0
adam,adiabatic,488,978.0,-1.1371225224994173,-1.1371225064947574,0
adam,adiabatic,489,980.0,-1.1371225064947574,-1.1371261904804955,0
adam,adiabatic,490,982.0,-1.1371261904804955,-1.137136119439943,0
adam,adiabatic,491,984.0,-1.137136119439943,-1.137150026316578,0
adam,adiabatic,492,986.0,-1.137150026316578,-1.1371685247154542,0
adam,adiabatic,493,988.0,-1.1371685247154542,-1.1371879513149683,0
adam,adiabatic,494,990.0,-1.1371879513149683,-1.1372076538564688,0
adam,adiabatic,495,992.0,-1.137207653856469,-1.137224189973463,0
adam,adiabatic,496,994.0,-1.137224189973463,-1.1372372246830065,0
adam,adiabatic,497,996.0,-1.1372372246830067,-1.1372450854964147,0
adam,adiabatic,498,998.0,-1.1372450854964145,-1.1372493473705707,0
adam,adiabatic,499,1000.0,-1.137249347370571,-1.1372496450455796,0
adam,sea,0,2.0,-0.3054513367274033,-0.3054513367274033,0
adam,sea,1,4.0,-0.4505413756513871,-0.4505413756513871,0
adam,sea,2,6.0,-0.49483017686603403,-0.49483017686603403,0
adam,sea,3,8.0,-0.5108292266076343,-0.5108292266076343,0
adam,sea,4,10.0,-0.5281814042016324,-0.5281814042016324,0
adam,sea,5,12.0,-0.5417920616387867,-0.5417920616387867,0
adam,sea,6,14.0,-0.5511024401065825,-0.5511024401065825,0
adam,sea,7,16.0,-0.5744223794254997,-0.5744223794254997,0
adam,sea,8,18.0,-0.616153966986174,-0.616153966986174,0
adam,sea,9,20.0,-0.6619587100675692,-0.6619587100675692,0
adam,sea,10,22.0,-0.6980171180971222,-0.6980171180971222,0
adam,sea,11,24.0,-0.731864047312622,-0.731864047312622,0
adam,sea,12,26.0,-0.7749452781785504,-0.7749452781785504,0
adam,sea,13,28.0,-0.8348001980504014,-0.8348001980504014,0
adam,sea,14,30.0,-0.9253086156854341,-0.9253086156854341,0
adam,sea,15,32.0,-1.0406831859694325,-1.0406831859694325,0
adam,sea,16,34.0,-1.1181154110136289,-1.1181154110136289,0
adam,sea,17,36.0,-1.0940569079963303,-1.0940569079963303,0
adam,sea,18,38.0,-1.0180520586160298,-1.0180520586160298,0
adam,sea,19,40.0,-0.9843040828885224,-0.9843040828885224,0
adam,sea,20,42.0,-1.004766349587115,-1.004766349587115,0
adam,sea,21,44.0,-1.0457141031718318,-1.0457141031718318,0
adam,sea,22,46.0,-1.0807457269331806,-1.0807457269331806,0
adam,sea,23,48.0,-1.1020510907044152,-1.1020510907044152,0
adam,sea,24,50.0,-1.107895936280724,-1.107895936280724,0
adam,sea,25,52.0,-1.1039652579154726,-1.1039652579154726,0
adam,sea,26,54.0,-1.095415964213008,-1.095415964213008,0
adam,sea,27,56.0,-1.0863084659451057,-1.0863084659451057,0
adam,sea,28,58.0,-1.0840663166849296,-1.0840663166849296,0
adam,sea,29,60.0,-1.090267721424222,-1.090267721424222,0
adam,sea,30,62.0,-1.1008820483159754,-1.1008820483159754,0
adam,sea,31,64.0,-1.1123522638415948,-1.1123522638415948,0
adam,sea,32,66.0,-1.1208448308605916,-1.1208448308605916,0
adam,sea,33,68.0,-1.1241266006099628,-1.1241266006099628,0
adam,sea,34,70.0,-1.1229948159135805,-1.1229948159135805,0
adam,sea,35,72.0,-1.1189446066752045,-1.1189446066752045,0
adam,sea,36,74.0,-1.1155491059173792,-1.1155491059173792,0
adam,sea,37,76.0,-1.1157665566741453,-1.1157665566741453,0
adam,sea,38,78.0,-1.1187685105488605,-1.1187685105488605,0
adam,sea,39,80.0,-1.122964233901378,-1.122964233901378,0
adam,sea,40,82.0,-1.126960446270123,-1.126960446270123,0
adam,sea,41,84.0,-1.1297352503376628,-1.1297352503376628,0
adam,sea,42,86.0,-1.131195753647718,-1.131195753647718,0
adam,sea,43,88.0,-1.1306854211494188,-1.1306854211494188,0
adam,sea,44,90.0,-1.1286563018758315,-1.1286563018758315,0
adam,sea,45,92.0,-1.1271312089275167,-1.1271312089275167,0
adam,sea,46,94.0,-1.1273497717654257,-1.1273497717654257,0
adam,sea,47,96.0,-1.129447827723114,-1.129447827723114,0
adam,sea,48,98.0,-1.1322857219779086,-1.1322857219779086,0
adam,sea,49,100.0,-1.1343564330792335,-1.1343564330792335,0
adam,sea,50,102.0,-1.134979424032427,-1.134979424032427,0
adam,sea,51,104.0,-1.1341564726603164,-1.1341564726603164,0
adam,sea,52,106.0,-1.1330199535069152,-1.1330199535069152,0
adam,sea,53,108.0,-1.1325920694492935,-1.1325920694492935,0
adam,sea,54,110.0,-1.1329424367980199,-1.1329424367980199,0
adam,sea,55,112.0,-1.1339340552077002,-1.1339340552077002,0
adam,sea,56,114.0,-1.1350967558068603,-1.1350967558068603,0
adam,sea,57,116.0,-1.1359875569348445,-1.1359875569348445,0
adam,sea,58,118.0,-1.1362406836692611,-1.1362406836692611,0
adam,sea,59,120.0,-1.1358788251323872,-1.1358788251323872,0
adam,sea,60,122.0,-1.135378309762511,-1.135378309762511,0
adam,sea,61,124.0,-1.1351119767119575,-1.1351119767119575,0
adam,sea,62,126.0,-1.1353891381414805,-1.1353891381414805,0
adam,sea,63,128.0,-1.1360266958602734,-1.1360266958602734,0
adam,sea,64,130.0,-1.1365768868504609,-1.1365768868504609,0
adam,sea,65,132.0,-1.1367661156785112,-1.1367661156785112,0
adam,sea,66,134.0,-1.1366201685453516,-1.1366201685453516,0
adam,sea,67,136.0,-1.1364088860707866,-1.1364088860707866,0
adam,sea,68,138.0,-1.136312804910567,-1.136312804910567,0
adam,sea,69,140.0,-1.1364341358522894,-1.1364341358522894,0
adam,sea,70,142.0,-1.136638056412339,-1.136638056412339,0
adam,sea,71,144.0,-1.1367953142491667,-1.1367953142491667,0
adam,sea,72,146.0,-1.1368703515519385,-1.1368703515519385,0
adam,sea,73,148.0,-1.1368825576737227,-1.1368825576737227,0
adam,sea,74,150.0,-1.1368882245165584,-1.1368882245165584,0
adam,sea,75,152.0,-1.1368941975138218,-1.1368941975138218,0
adam,sea,76,154.0,-1.136912910958246,-1.136912910958246,0
adam,sea,77,156.0,-1.1369288647859777,-1.1369288647859777,0
adam,sea,78,158.0,-1.1369672091566272,-1.1369672091566272,0
adam,sea,79,160.0,-1.1370142926300444,-1.1370142926300444,0
adam,sea,80,162.0,-1.1370705088898803,-1.1370705088898803,0
adam,sea,81,164.0,-1.1371177853190688,-1.1371177853190688,0
adam,sea,82,166.0,-1.1371283980957747,-1.1371283980957747,0
adam,sea,83,168.0,-1.137107852318282,-1.137107852318282,0
adam,sea,84,170.0,-1.1370922482105341,-1.1370922482105341,0
adam,sea,85,172.0,-1.1371084887368692,-1.1371084887368692,0
adam,sea,86,174.0,-1.13714783070746,-1.13714783070746,0
adam,sea,87,176.0,-1.1371934228969327,-1.1371934228969327,0
adam,sea,88,178.0,-1.1372107569362975,-1.1372107569362975,0
adam,sea,89,180.0,-1.1372039079465859,-1.1372039079465859,0
adam,sea,90,182.0,-1.1371916350090623,-1.1371916350090623,0
adam,sea,91,184.0,-1.1371904753065727,-1.1371904753065727,0
adam,sea,92,186.0,-1.1371986539975514,-1.1371986539975514,0
adam,sea,93,188.0,-1.137216658376538,-1.137216658376538,0
adam,sea,94,190.0,-1.1372313727196321,-1.1372313727196321,0
adam,sea,95,192.0,-1.1372386174388225,-1.1372386174388225,0
adam,sea,96,194.0,-1.1372367479627687,-1.1372367479627687,0
adam,sea,97,196.0,-1.137230612665035,-1.137230612665035,0
adam,sea,98,198.0,-1.1372276753668014,-1.1372276753668014,0
adam,sea,99,200.0,-1.1372339952532524,-1.1372339952532524,0
adam,sea,100,202.0,-1.1372425667517594,-1.1372425667517594,0
adam,sea,101,204.0,-1.1372474300548894,-1.1372474300548894,0
adam,sea,102,206.0,-1.137246859776753,-1.137246859776753,0
adam,sea,103,208.0,-1.1372452444514647,-1.1372452444514647,0
adam,sea,104,210.0,-1.137246159003724,-1.137246159003724,0
adam,sea,105,212.0,-1.1372488962609335,-1.1372488962609335,0
adam,sea,106,214.0,-1.137250066110634,-1.137250066110634,0
adam,sea,107,216.0,-1.1372501952601632,-1.1372501952601632,0
adam,sea,108,218.0,-1.1372508431195862,-1.1372508431195862,0
adam,sea,109,220.0,-1.1372534443072115,-1.1372534443072115,0
adam,sea,110,222.0,-1.1372559778214093,-1.1372559778214093,0
adam,sea,111,224.0,-1.1372566254188767,-1.1372566254188767,0
adam,sea,112,226.0,-1.1372555620078406,-1.1372555620078406,0
adam,sea,113,228.0,-1.1372547814118263,-1.1372547814118263,0
adam,sea,114,230.0,-1.1372554305703697,-1.1372554305703697,0
adam,sea,115,232.0,-1.1372578956138464,-1.1372578956138464,0
adam,sea,116,234.0,-1.1372598560317542,-1.1372598560317542,0
adam,sea,117,236.0,-1.137260278332401,-1.137260278332401,0
adam,sea,118,238.0,-1.1372593451559014,-1.1372593451559014,0
adam,sea,119,240.0,-1.1372585446699919,-1.1372585446699919,0
adam,sea,120,242.0,-1.137258923668343,-1.137258923668343,0
adam,sea,121,244.0,-1.1372603094076987,-1.1372603094076987,0
adam,sea,122,246.0,-1.1372612497068597,-1.1372612497068597,0
adam,sea,123,248.0,-1.1372615519886724,-1.1372615519886724,0
adam,sea,124,250.0,-1.1372612717276496,-1.1372612717276496,0
adam,sea,125,252.0,-1.1372609764664225,-1.1372609764664225,0
adam,sea,126,254.0,-1.1372610257835178,-1.1372610257835178,0
adam,sea,127,256.0,-1.1372613639421922,-1.1372613639421922,0
adam,sea,128,258.0,-1.1372618657801556,-1.1372618657801556,0
adam,sea,129,260.0,-1.1372622467501226,-1.1372622467501226,0
adam,sea,130,262.0,-1.1372622828989714,-1.1372622828989714,0
adam,sea,131,264.0,-1.1372621307029225,-1.1372621307029225,0
adam,sea,132,266.0,-1.1372621042227002,-1.1372621042227002,0
adam,sea,133,268.0,-1.1372622259702305,-1.1372622259702305,0
adam,sea,134,270.0,-1.1372624450697066,-1.1372624450697066,0
adam,sea,135,272.0,-1.1372625976462527,-1.1372625976462527,0
adam,sea,136,274.0,-1.1372627539833708,-1.1372627539833708,0
adam,sea,137,276.0,-1.137262849714849,-1.137262849714849,0
adam,sea,138,278.0,-1.1372628323838065,-1.1372628323838065,0
adam,sea,139,280.0,-1.1372627433232398,-1.1372627433232398,0
adam,sea,140,282.0,-1.1372627389602399,-1.1372627389602399,0
adam,sea,141,284.0,-1.1372629251745094,-1.1372629251745094,0
adam,sea,142,286.0,-1.1372631277801437,-1.1372631277801437,0
adam,sea,143,288.0,-1.1372631908524224,-1.1372631908524224,0
adam,sea,144,290.0,-1.1372630921709201,-1.1372630921709201,0
adam,sea,145,292.0,-1.1372629878650582,-1.1372629878650582,0
adam,sea,146,294.0,-1.137263014348946,-1.137263014348946,0
adam,sea,147,296.0,-1.1372631435525875,-1.1372631435525875,0
adam,sea,148,298.0,-1.137263252532029,-1.137263252532029,0
adam,sea,149,300.0,-1.137263259999331,-1.137263259999331,0
adam,sea,150,302.0,-1.1372631896732586,-1.1372631896732586,0
adam,sea,151,304.0,-1.1372631400474598,-1.1372631400474598,0
adam,sea,152,306.0,-1.1372631661929713,-1.1372631661929713,0
adam,sea,153,308.0,-1.1372632260823228,-1.1372632260823228,0
adam,sea,154,310.0,-1.1372632711557622,-1.1372632711557622,0
adam,sea,155,312.0,-1.1372632706283547,-1.1372632706283547,0
adam,sea,156,314.0,-1.1372632466244803,-1.1372632466244803,0
adam,sea,157,316.0,-1.1372632300894348,-1.1372632300894348,0
adam,sea,158,318.0,-1.1372632321021148,-1.1372632321021148,0
adam,sea,159,320.0,-1.137263258990829,-1.137263258990829,0
adam,sea,160,322.0,-1.1372632849743114,-1.1372632849743114,0
adam,sea,161,324.0,-1.137263292084783,-1.137263292084783,0
adam,sea,162,326.0,-1.1372632817054975,-1.1372632817054975,0
adam,sea,163,328.0,-1.137263270897355,-1.137263270897355,0
adam,sea,164,330.0,-1.1372632744875455,-1.1372632744875455,0
adam,sea,165,332.0,-1.1372632855750515,-1.1372632855750515,0
adam,sea,166,334.0,-1.1372632977269104,-1.1372632977269104,0
adam,sea,167,336.0,-1.137263305056344,-1.137263305056344,0
adam,sea,168,338.0,-1.1372633044204148,-1.1372633044204148,0
adam,sea,169,340.0,-1.137263297162736,-1.137263297162736,0
adam,sea,170,342.0,-1.137263291918541,-1.137263291918541,0
adam,sea,171,344.0,-1.1372632983027733,-1.1372632983027733,0
adam,sea,172,346.0,-1.137263310469311,-1.137263310469311,0
adam,sea,173,348.0,-1.1372633162310262,-1.1372633162310262,0
adam,sea,174,350.0,-1.137263310940834,-1.137263310940834,0
adam,sea,175,352.0,-1.1372633034440063,-1.1372633034440063,0
adam,sea,176,354.0,-1.1372633036469573,-1.1372633036469573,0
adam,sea,177,356.0,-1.1372633105174974,-1.1372633105174974,0
adam,sea,178,358.0,-1.1372633166284756,-1.1372633166284756,0
adam,sea,179,360.0,-1.1372633164914752,-1.1372633164914752,0
adam,sea,180,362.0,-1.1372633126568752,-1.1372633126568752,0
adam,sea,181,364.0,-1.137263310642819,-1.137263310642819,0
adam,sea,182,366.0,-1.1372633126079812,-1.1372633126079812,0
adam,sea,183,368.0,-1.137263315996615,-1.137263315996615,0
adam,sea,184,370.0,-1.137263317738034,-1.137263317738034,0
adam,sea,185,372.0,-1.137263317483819,-1.137263317483819,0
adam,sea,186,374.0,-1.1372633163563957,-1.1372633163563957,0
adam,sea,187,376.0,-1.1372633159364693,-1.1372633159364693,0
adam,sea,188,378.0,-1.1372633166694823,-1.1372633166694823,0
adam,sea,189,380.0,-1.1372633182579366,-1.1372633182579366,0
adam,sea,190,382.0,-1.1372633193514845,-1.1372633193514845,0
adam,sea,191,384.0,-1.1372633190927182,-1.1372633190927182,0
adam,sea,192,386.0,-1.13726331841305,-1.13726331841305,0
adam,sea,193,388.0,-1.1372633182752634,-1.1372633182752634,0
adam,sea,194,390.0,-1.1372633188435648,-1.1372633188435648,0
adam,sea,195,392.0,-1.1372633195035742,-1.1372633195035742,0
adam,sea,196,394.0,-1.1372633198830513,-1.1372633198830513,0
adam,sea,197,396.0,-1.1372633198453705,-1.1372633198453705,0
adam,sea,198,398.0,-1.1372633194832065,-1.1372633194832065,0
adam,sea,199,400.0,-1.1372633192117425,-1.1372633192117425,0
adam,sea,200,402.0,-1.1372633195004325,-1.1372633195004325,0
adam,sea,201,404.0,-1.137263320128079,-1.137263320128079,0
adam,sea,202,406.0,-1.1372633203063207,-1.1372633203063207,0
adam,sea,203,408.0,-1.1372633199887636,-1.1372633199887636,0
adam,sea,204,410.0,-1.1372633196585606,-1.1372633196585606,0
adam,sea,205,412.0,-1.1372633197833417,-1.1372633197833417,0
adam,sea,206,414.0,-1.1372633201801028,-1.1372633201801028,0
adam,sea,207,416.0,-1.1372633203501312,-1.1372633203501312,0
adam,sea,208,418.0,-1.1372633202288776,-1.1372633202288776,0
adam,sea,209,420.0,-1.1372633200668316,-1.1372633200668316,0
adam,sea,210,422.0,-1.1372633200941427,-1.1372633200941427,0
adam,sea,211,424.0,-1.137263320239307,-1.137263320239307,0
adam,sea,212,426.0,-1.1372633203417675,-1.1372633203417675,0
adam,sea,213,428.0,-1.1372633203452225,-1.1372633203452225,0
adam,sea,214,430.0,-1.137263320320694,-1.137263320320694,0
adam,sea,215,432.0,-1.1372633203025306,-1.1372633203025306,0
adam,sea,216,434.0,-1.1372633203052032,-1.1372633203052032,0
adam,sea,217,436.0,-1.1372633203544307,-1.1372633203544307,0
adam,sea,218,438.0,-1.1372633204137788,-1.1372633204137788,0
adam,sea,219,440.0,-1.1372633204209228,-1.1372633204209228,0
adam,sea,220,442.0,-1.1372633203898563,-1.1372633203898563,0
adam,sea,221,444.0,-1.1372633203819515,-1.1372633203819515,0
adam,sea,222,446.0,-1.137263320400397,-1.137263320400397,0
adam,sea,223,448.0,-1.1372633204295022,-1.1372633204295022,0
adam,sea,224,450.0,-1.1372633204466092,-1.1372633204466092,0
adam,sea,225,452.0,-1.1372633204516147,-1.1372633204516147,0
adam,sea,226,454.0,-1.1372633204402753,-1.1372633204402753,0
adam,sea,227,456.0,-1.137263320431188,-1.137263320431188,0
adam,sea,228,458.0,-1.1372633204462406,-1.1372633204462406,0
adam,sea,229,460.0,-1.1372633204738742,-1.1372633204738742,0
adam,sea,230,462.0,-1.1372633204834424,-1.1372633204834424,0
adam,sea,231,464.0,-1.1372633204679237,-1.1372633204679237,0
adam,sea,232,466.0,-1.1372633204609957,-1.1372633204609957,0
adam,sea,233,468.0,-1.137263320474028,-1.137263320474028,0
adam,sea,234,470.0,-1.137263320489899,-1.137263320489899,0
adam,sea,235,472.0,-1.1372633204910665,-1.1372633204910665,0
adam,sea,236,474.0,-1.1372633204853166,-1.1372633204853166,0
adam,sea,237,476.0,-1.1372633204851268,-1.1372633204851268,0
adam,sea,238,478.0,-1.137263320490707,-1.137263320490707,0
adam,sea,239,480.0,-1.1372633204938585,-1.1372633204938585,0
adam,sea,240,482.0,-1.1372633204939173,-1.1372633204939173,0
adam,sea,241,484.0,-1.1372633204951197,-1.1372633204951197,0
adam,sea,242,486.0,-1.1372633204971518,-1.1372633204971518,0
adam,sea,243,488.0,-1.1372633204962272,-1.1372633204962272,0
adam,sea,244,490.0,-1.1372633204951617,-1.1372633204951617,0
adam,sea,245,492.0,-1.1372633204973555,-1.1372633204973555,0
adam,sea,246,494.0,-1.137263320499929,-1.137263320499929,0
adam,sea,247,496.0,-1.1372633204999523,-1.1372633204999523,0
adam,sea,248,498.0,-1.1372633204988258,-1.1372633204988258,0
adam,sea,249,500.0,-1.1372633204990936,-1.1372633204990936,0
adam,sea,250,502.0,-1.137263320499746,-1.137263320499746,0
adam,sea,251,504.0,-1.1372633205009623,-1.1372633205009623,0
adam,sea,252,506.0,-1.137263320501997,-1.137263320501997,0
adam,sea,253,508.0,-1.1372633205020337,-1.1372633205020337,0
adam,sea,254,510.0,-1.13726332050109,-1.13726332050109,0
adam,sea,255,512.0,-1.1372633205013323,-1.1372633205013323,0
adam,sea,256,514.0,-1.1372633205027338,-1.1372633205027338,0
adam,sea,257,516.0,-1.1372633205034568,-1.1372633205034568,0
adam,sea,258,518.0,-1.137263320502965,-1.137263320502965,0
adam,sea,259,520.0,-1.1372633205026423,-1.1372633205026423,0
adam,sea,260,522.0,-1.137263320503104,-1.137263320503104,0
adam,sea,261,524.0,-1.1372633205035911,-1.1372633205035911,0
adam,sea,262,526.0,-1.1372633205036091,-1.1372633205036091,0
adam,sea,263,528.0,-1.1372633205036577,-1.1372633205036577,0
adam,sea,264,530.0,-1.1372633205038918,-1.1372633205038918,0
adam,sea,265,532.0,-1.1372633205039206,-1.1372633205039206,0
adam,sea,266,534.0,-1.1372633205037177,-1.1372633205037177,0
adam,sea,267,536.0,-1.1372633205038984,-1.1372633205038984,0
adam,sea,268,538.0,-1.1372633205043596,-1.1372633205043596,0
adam,sea,269,540.0,-1.1372633205044311,-1.1372633205044311,0
adam,sea,270,542.0,-1.137263320504131,-1.137263320504131,0
adam,sea,271,544.0,-1.1372633205040907,-1.1372633205040907,0
adam,sea,272,546.0,-1.1372633205044127,-1.1372633205044127,0
adam,sea,273,548.0,-1.1372633205046103,-1.1372633205046103,0
adam,sea,274,550.0,-1.137263320504579,-1.137263320504579,0
adam,sea,275,552.0,-1.137263320504486,-1.137263320504486,0
adam,sea,276,554.0,-1.1372633205044897,-1.1372633205044897,0
adam,sea,277,556.0,-1.1372633205045828,-1.1372633205045828,0
adam,sea,278,558.0,-1.137263320504728,-1.137263320504728,0
adam,sea,279,560.0,-1.1372633205047638,-1.1372633205047638,0
adam,sea,280,562.0,-1.1372633205046794,-1.1372633205046794,0
adam,sea,281,564.0,-1.137263320504634,-1.137263320504634,0
adam,sea,282,566.0,-1.1372633205047145,-1.1372633205047145,0
adam,sea,283,568.0,-1.1372633205048004,-1.1372633205048004,0
adam,sea,284,570.0,-1.1372633205047955,-1.1372633205047955,0
adam,sea,285,572.0,-1.1372633205047533,-1.1372633205047533,0
adam,sea,286,574.0,-1.1372633205047467,-1.1372633205047467,0
adam,sea,287,576.0,-1.137263320504773,-1.137263320504773,0
adam,sea,288,578.0,-1.1372633205047986,-1.1372633205047986,0
adam,sea,289,580.0,-1.137263320504816,-1.137263320504816,0
adam,sea,290,582.0,-1.1372633205048206,-1.1372633205048206,0
adam,sea,291,584.0,-1.137263320504798,-1.137263320504798,0
adam,sea,292,586.0,-1.1372633205047862,-1.1372633205047862,0
adam,sea,293,588.0,-1.13726332050482,-1.13726332050482,0
adam,sea,294,590.0,-1.137263320504859,-1.137263320504859,0
adam,sea,295,592.0,-1.1372633205048441,-1.1372633205048441,0
adam,sea,296,594.0,-1.1372633205048144,-1.1372633205048144,0
adam,sea,297,596.0,-1.1372633205048233,-1.1372633205048233,0
adam,sea,298,598.0,-1.137263320504855,-1.137263320504855,0
adam,sea,299,600.0,-1.1372633205048628,-1.1372633205048628,0
adam,sea,300,602.0,-1.137263320504851,-1.137263320504851,0
adam,sea,301,604.0,-1.1372633205048421,-1.1372633205048421,0
adam,sea,302,606.0,-1.137263320504847,-1.137263320504847,0
adam,sea,303,608.0,-1.1372633205048577,-1.1372633205048577,0
adam,sea,304,610.0,-1.1372633205048657,-1.1372633205048657,0
adam,sea,305,612.0,-1.1372633205048601,-1.1372633205048601,0
adam,sea,306,614.0,-1.137263320504855,-1.137263320504855,0
adam,sea,307,616.0,-1.1372633205048568,-1.1372633205048568,0
adam,sea,308,618.0,-1.1372633205048663,-1.1372633205048663,0
adam,sea,309,620.0,-1.1372633205048677,-1.1372633205048677,0
adam,sea,310,622.0,-1.1372633205048648,-1.1372633205048648,0
adam,sea,311,624.0,-1.137263320504865,-1.137263320504865,0
adam,sea,312,626.0,-1.1372633205048654,-1.1372633205048654,0
adam,sea,313,628.0,-1.1372633205048681,-1.1372633205048681,0
adam,sea,314,630.0,-1.137263320504871,-1.137263320504871,0
adam,sea,315,632.0,-1.1372633205048714,-1.1372633205048714,0
adam,sea,316,634.0,-1.1372633205048683,-1.1372633205048683,0
adam,sea,317,636.0,-1.1372633205048694,-1.1372633205048694,0
adam,sea,318,638.0,-1.1372633205048712,-1.1372633205048712,0
adam,sea,319,640.0,-1.1372633205048746,-1.1372633205048746,0
adam,sea,320,642.0,-1.1372633205048719,-1.1372633205048719,0
adam,sea,321,644.0,-1.1372633205048712,-1.1372633205048712,0
adam,sea,322,646.0,-1.1372633205048714,-1.1372633205048714,0
adam,sea,323,648.0,-1.1372633205048723,-1.1372633205048723,0
adam,sea,324,650.0,-1.1372633205048739,-1.1372633205048739,0
adam,sea,325,652.0,-1.137263320504872,-1.137263320504872,0
adam,sea,326,654.0,-1.1372633205048723,-1.1372633205048723,0
adam,sea,327,656.0,-1.137263320504873,-1.137263320504873,0
adam,sea,328,658.0,-1.1372633205048726,-1.1372633205048726,0
adam,sea,329,660.0,-1.1372633205048743,-1.1372633205048743,0
adam,sea,330,662.0,-1.1372633205048739,-1.1372633205048739,0
adam,sea,331,664.0,-1.1372633205048737,-1.1372633205048737,0
adam,sea,332,666.0,-1.137263320504874,-1.137263320504874,0
adam,sea,333,668.0,-1.1372633205048734,-1.1372633205048734,0
adam,sea,334,670.0,-1.1372633205048734,-1.1372633205048734,0
adam,sea,335,672.0,-1.137263320504874,-1.137263320504874,0
adam,sea,336,674.0,-1.1372633205048746,-1.1372633205048746,0
adam,sea,337,676.0,-1.137263320504874,-1.137263320504874,0
adam,sea,338,678.0,-1.1372633205048737,-1.1372633205048737,0
adam,sea,339,680.0,-1.137263320504873,-1.137263320504873,0
adam,sea,340,682.0,-1.137263320504874,-1.137263320504874,0
adam,sea,341,684.0,-1.1372633205048734,-1.1372633205048734,0
adam,sea,342,686.0,-1.137263320504873,-1.137263320504873,0
adam,sea,343,688.0,-1.1372633205048752,-1.1372633205048752,0
adam,sea,344,690.0,-1.1372633205048739,-1.1372633205048739,0
adam,sea,345,692.0,-1.1372633205048734,-1.1372633205048734,0
adam,sea,346,694.0,-1.1372633205048746,-1.1372633205048746,0
adam,sea,347,696.0,-1.1372633205048734,-1.1372633205048734,0
adam,sea,348,698.0,-1.1372633205048759,-1.1372633205048759,0
adam,sea,349,700.0,-1.137263320504874,-1.137263320504874,0
adam,sea,350,702.0,-1.1372633205048754,-1.1372633205048754,0
adam,sea,351,704.0,-1.1372633205048743,-1.1372633205048743,0
adam,sea,352,706.0,-1.137263320504874,-1.137263320504874,0
adam,sea,353,708.0,-1.1372633205048748,-1.1372633205048748,0
adam,sea,354,710.0,-1.1372633205048734,-1.1372633205048734,0
adam,sea,355,712.0,-1.1372633205048752,-1.1372633205048752,0
adam,sea,356,714.0,-1.1372633205048734,-1.1372633205048734,0
adam,sea,357,716.0,-1.137263320504874,-1.137263320504874,0
adam,sea,358,718.0,-1.137263320504873,-1.137263320504873,0
adam,sea,359,720.0,-1.1372633205048752,-1.1372633205048752,0
adam,sea,360,722.0,-1.1372633205048754,-1.1372633205048754,0
adam,sea,361,724.0,-1.137263320504874,-1.137263320504874,0
adam,sea,362,726.0,-1.1372633205048739,-1.1372633205048739,0
adam,sea,363,728.0,-1.137263320504874,-1.137263320504874,0
adam,sea,364,730.0,-1.1372633205048748,-1.1372633205048748,0
adam,sea,365,732.0,-1.137263320504875,-1.137263320504875,0
adam,sea,366,734.0,-1.137263320504875,-1.137263320504875,0
adam,sea,367,736.0,-1.1372633205048743,-1.1372633205048743,0
adam,sea,368,738.0,-1.1372633205048743,-1.1372633205048743,0
adam,sea,369,740.0,-1.1372633205048737,-1.1372633205048737,0
adam,sea,370,742.0,-1.1372633205048737,-1.1372633205048737,0
adam,sea,371,744.0,-1.1372633205048737,-1.1372633205048737,0
adam,sea,372,746.0,-1.1372633205048748,-1.1372633205048748,0
adam,sea,373,748.0,-1.1372633205048737,-1.1372633205048737,0
adam,sea,374,750.0,-1.1372633205048737,-1.1372633205048737,0
adam,sea,375,752.0,-1.1372633205048748,-1.1372633205048748,0
adam,sea,376,754.0,-1.1372633205048739,-1.1372633205048739,0
adam,sea,377,756.0,-1.1372633205048737,-1.1372633205048737,0
adam,sea,378,758.0,-1.137263320504875,-1.137263320504875,0
adam,sea,379,760.0,-1.1372633205048743,-1.1372633205048743,0
adam,sea,380,762.0,-1.1372633205048743,-1.1372633205048743,0
adam,sea,381,764.0,-1.1372633205048743,-1.1372633205048743,0
adam,sea,382,766.0,-1.1372633205048717,-1.1372633205048717,0
adam,sea,383,768.0,-1.1372633205048697,-1.1372633205048697,0
adam,sea,384,770.0,-1.1372633205048623,-1.1372633205048623,0
adam,sea,385,772.0,-1.1372633205048532,-1.1372633205048532,0
adam,sea,386,774.0,-1.1372633205048368,-1.1372633205048368,0
adam,sea,387,776.0,-1.1372633205048002,-1.1372633205048002,0
adam,sea,388,778.0,-1.1372633205047311,-1.1372633205047311,0
adam,sea,389,780.0,-1.1372633205045843,-1.1372633205045843,0
adam,sea,390,782.0,-1.1372633205042817,-1.1372633205042817,0
adam,sea,391,784.0,-1.1372633205036484,-1.1372633205036484,0
adam,sea,392,786.0,-1.1372633205022984,-1.1372633205022984,0
adam,sea,393,788.0,-1.1372633204993763,-1.1372633204993763,0
adam,sea,394,790.0,-1.1372633204929712,-1.1372633204929712,0
adam,sea,395,792.0,-1.1372633204787312,-1.1372633204787312,0
adam,sea,396,794.0,-1.1372633204466351,-1.1372633204466351,0
adam,sea,397,796.0,-1.137263320373314,-1.137263320373314,0
adam,sea,398,798.0,-1.1372633202036018,-1.1372633202036018,0
adam,sea,399,800.0,-1.137263319805624,-1.137263319805624,0
adam,sea,400,802.0,-1.1372633188603274,-1.1372633188603274,0
adam,sea,401,804.0,-1.1372633165864614,-1.1372633165864614,0
adam,sea,402,806.0,-1.137263311048262,-1.137263311048262,0
adam,sea,403,808.0,-1.1372632973926333,-1.1372632973926333,0
adam,sea,404,810.0,-1.1372632633116715,-1.1372632633116715,0
adam,sea,405,812.0,-1.1372631772295922,-1.1372631772295922,0
adam,sea,406,814.0,-1.1372629572328283,-1.1372629572328283,0
adam,sea,407,816.0,-1.1372623884106725,-1.1372623884106725,0
adam,sea,408,818.0,-1.1372609010274077,-1.1372609010274077,0
adam,sea,409,820.0,-1.1372569686034566,-1.1372569686034566,0
adam,sea,410,822.0,-1.1372464696160727,-1.1372464696160727,0
adam,sea,411,824.0,-1.1372182093026986,-1.1372182093026986,0
adam,sea,412,826.0,-1.1371420115930584,-1.1371420115930584,0
adam,sea,413,828.0,-1.1369389470225537,-1.1369389470225537,0
adam,sea,414,830.0,-1.136426022416831,-1.136426022416831,0
adam,sea,415,832.0,-1.1353156393991402,-1.1353156393991402,0
adam,sea,416,834.0,-1.1337761156407802,-1.1337761156407802,0
adam,sea,417,836.0,-1.133589012267601,-1.133589012267601,0
adam,sea,418,838.0,-1.1359176168658034,-1.1359176168658034,0
adam,sea,419,840.0,-1.1372376901131427,-1.1372376901131427,0
adam,sea,420,842.0,-1.1357157548239856,-1.1357157548239856,0
adam,sea,421,844.0,-1.135166821633301,-1.135166821633301,0
adam,sea,422,846.0,-1.136862813211559,-1.136862813211559,0
adam,sea,423,848.0,-1.136938462948812,-1.136938462948812,0
adam,sea,424,850.0,-1.1357739407919358,-1.1357739407919358,0
adam,sea,425,852.0,-1.1365244239919758,-1.1365244239919758,0
adam,sea,426,854.0,-1.1372315988861144,-1.1372315988861144,0
adam,sea,427,856.0,-1.136353170685473,-1.136353170685473,0
adam,sea,428,858.0,-1.1365116055801643,-1.1365116055801643,0
adam,sea,429,860.0,-1.13726039103385,-1.13726039103385,0
adam,sea,430,862.0,-1.136710604966292,-1.136710604966292,0
adam,sea,431,864.0,-1.136629723370073,-1.136629723370073,0
adam,sea,432,866.0,-1.137235891854533,-1.137235891854533,0
adam,sea,433,868.0,-1.1369286568199675,-1.1369286568199675,0
adam,sea,434,870.0,-1.136762748819282,-1.136762748819282,0
adam,sea,435,872.0,-1.1372190328066039,-1.1372190328066039,0
adam,sea,436,874.0,-1.1370604198446215,-1.1370604198446215,0
adam,sea,437,876.0,-1.1368780072646987,-1.1368780072646987,0
adam,sea,438,878.0,-1.1372151613206312,-1.1372151613206312,0
adam,sea,439,880.0,-1.13713925975817,-1.13713925975817,0
adam,sea,440,882.0,-1.1369729228205676,-1.1369729228205676,0
adam,sea,441,884.0,-1.1372171671303468,-1.1372171671303468,0
adam,sea,442,886.0,-1.1371871009154348,-1.1371871009154348,0
adam,sea,443,888.0,-1.1370495527898168,-1.1370495527898168,0
adam,sea,444,890.0,-1.1372191999824466,-1.1372191999824466,0
adam,sea,445,892.0,-1.137217964779652,-1.137217964779652,0
adam,sea,446,894.0,-1.137108574111125,-1.137108574111125,0
adam,sea,447,896.0,-1.137220545762795,-1.137220545762795,0
adam,sea,448,898.0,-1.1372392231421518,-1.1372392231421518,0
adam,sea,449,900.0,-1.1371516865055642,-1.1371516865055642,0
adam,sea,450,902.0,-1.1372233359977422,-1.1372233359977422,0
adam,sea,451,904.0,-1.1372522742569757,-1.1372522742569757,0
adam,sea,452,906.0,-1.137183820281178,-1.137183820281178,0
adam,sea,453,908.0,-1.137226808533284,-1.137226808533284,0
adam,sea,454,910.0,-1.1372593871379988,-1.1372593871379988,0
adam,sea,455,912.0,-1.1372081113537733,-1.1372081113537733,0
adam,sea,456,914.0,-1.1372306600752549,-1.1372306600752549,0
adam,sea,457,916.0,-1.1372622990336358,-1.1372622990336358,0
adam,sea,458,918.0,-1.1372268617829717,-1.1372268617829717,0
adam,sea,459,920.0,-1.1372343594408065,-1.1372343594408065,0
adam,sea,460,922.0,-1.1372629476035843,-1.1372629476035843,0
adam,sea,461,924.0,-1.137240802223604,-1.137240802223604,0
adam,sea,462,926.0,-1.1372382723018641,-1.1372382723018641,0
adam,sea,463,928.0,-1.1372622801877854,-1.1372622801877854,0
adam,sea,464,930.0,-1.137250651814965,-1.137250651814965,0
adam,sea,465,932.0,-1.1372426343567192,-1.1372426343567192,0
adam,sea,466,934.0,-1.1372608831215372,-1.1372608831215372,0
adam,sea,467,936.0,-1.137257180432157,-1.137257180432157,0
adam,sea,468,938.0,-1.1372472903464053,-1.1372472903464053,0
adam,sea,469,940.0,-1.1372593408087588,-1.1372593408087588,0
adam,sea,470,942.0,-1.1372610275948585,-1.1372610275948585,0
adam,sea,471,944.0,-1.1372519317977356,-1.1372519317977356,0
adam,sea,472,946.0,-1.137258110625304,-1.137258110625304,0
adam,sea,473,948.0,-1.137262875234113,-1.137262875234113,0
adam,sea,474,950.0,-1.1372560694137446,-1.1372560694137446,0
adam,sea,475,952.0,-1.1372576391671598,-1.1372576391671598,0
adam,sea,476,954.0,-1.1372632427405793,-1.1372632427405793,0
adam,sea,477,956.0,-1.137259408353396,-1.137259408353396,0
adam,sea,478,958.0,-1.1372579976488724,-1.1372579976488724,0
adam,sea,479,960.0,-1.1372627741440444,-1.1372627741440444,0
adam,sea,480,962.0,-1.1372616988812876,-1.1372616988812876,0
adam,sea,481,964.0,-1.1372590702234386,-1.1372590702234386,0
adam,sea,482,966.0,-1.1372620246768461,-1.1372620246768461,0
adam,sea,483,968.0,-1.137262943495966,-1.137262943495966,0
adam,sea,484,970.0,-1.1372604838929916,-1.1372604838929916,0
adam,sea,485,972.0,-1.1372614928889395,-1.1372614928889395,0
adam,sea,486,974.0,-1.137263290823441,-1.137263290823441,0
adam,sea,487,976.0,-1.13726184675815,-1.13726184675815,0
adam,sea,488,978.0,-1.1372614174527478,-1.1372614174527478,0
adam,sea,489,980.0,-1.1372630866800375,-1.1372630866800375,0
adam,sea,490,982.0,-1.1372628190071286,-1.1372628190071286,0
adam,sea,491,984.0,-1.1372617974550006,-1.1372617974550006,0
adam,sea,492,986.0,-1.1372627184637782,-1.1372627184637782,0
adam,sea,493,988.0,-1.1372632692873283,-1.1372632692873283,0
adam,sea,494,990.0,-1.1372624093119812,-1.1372624093119812,0
adam,sea,495,992.0,-1.1372625078622522,-1.1372625078622522,0
adam,sea,496,994.0,-1.1372632776680998,-1.1372632776680998,0
adam,sea,497,996.0,-1.1372629685792321,-1.1372629685792321,0
adam,sea,498,998.0,-1.137262579605396,-1.137262579605396,0
adam,sea,499,1000.0,-1.1372630830815416,-1.1372630830815416,0
adam,pretrained,0,,0.0724400082339468,,0
adam,pretrained,1,,-0.1595412836601006,,0
adam,pretrained,2,,-0.32244058245192364,,0
adam,pretrained,3,,-0.42834819343373903,,0
adam,pretrained,4,,-0.48195370455575115,,0
adam,pretrained,5,,-0.5177688166419626,,0
adam,pretrained,6,,-0.522041365275136,,0
adam,pretrained,7,,-0.5206191533924549,,0
adam,pretrained,8,,-0.5541788070673054,,0
adam,pretrained,9,,-0.6105755897047445,,0
adam,pretrained,10,,-0.6686811041183738,,0
adam,pretrained,11,,-0.7239110259487488,,0
adam,pretrained,12,,-0.7847610704471595,,0
adam,pretrained,13,,-0.8482418971909681,,0
adam,pretrained,14,,-0.8989059144955489,,0
adam,pretrained,15,,-0.934955862704071,,0
adam,pretrained,16,,-0.9707978817947785,,0
adam,pretrained,17,,-1.006413468154249,,0
adam,pretrained,18,,-1.0313769705401161,,0
adam,pretrained,19,,-1.0496816335582397,,0
adam,pretrained,20,,-1.0688494872575884,,0
adam,pretrained,21,,-1.0845546266643846,,0
adam,pretrained,22,,-1.0919520196279784,,0
adam,pretrained,23,,-1.0967221833894716,,0
adam,pretrained,24,,-1.1006077919524724,,0
adam,pretrained,25,,-1.1009379690754488,,0
adam,pretrained,26,,-1.0992348777337253,,0
adam,pretrained,27,,-1.0980186276284054,,0
adam,pretrained,28,,-1.0978141137929065,,0
adam,pretrained,29,,-1.095859765822933,,0
adam,pretrained,30,,-1.0928032652217567,,0
adam,pretrained,31,,-1.094745105556517,,0
adam,pretrained,32,,-1.1018988554741358,,0
adam,pretrained,33,,-1.1092399324047728,,0
adam,pretrained,34,,-1.1156435168763774,,0
adam,pretrained,35,,-1.120730061125268,,0
adam,pretrained,36,,-1.122857905065744,,0
adam,pretrained,37,,-1.123336919680581,,0
adam,pretrained,38,,-1.1238624426651933,,0
adam,pretrained,39,,-1.124512089013075,,0
adam,pretrained,40,,-1.1260677667032801,,0
adam,pretrained,41,,-1.1288836866641088,,0
adam,pretrained,42,,-1.131624030700043,,0
adam,pretrained,43,,-1.1329648703117434,,0
adam,pretrained,44,,-1.132624461102703,,0
adam,pretrained,45,,-1.1318957438623836,,0
adam,pretrained,46,,-1.1322905346505971,,0
adam,pretrained,47,,-1.133190701315941,,0
adam,pretrained,48,,-1.1337491536226325,,0
adam,pretrained,49,,-1.134638550617024,,0
adam,pretrained,50,,-1.135741845851932,,0
adam,pretrained,51,,-1.1361117274825216,,0
adam,pretrained,52,,-1.1358180432146965,,0
adam,pretrained,53,,-1.1354419830212839,,0
adam,pretrained,54,,-1.1353088483208151,,0
adam,pretrained,55,,-1.1352965306563791,,0
adam,pretrained,56,,-1.1352070013369067,,0
adam,pretrained,57,,-1.1353318793639784,,0
adam,pretrained,58,,-1.1356241163892982,,0
adam,pretrained,59,,-1.1357241396435092,,0
adam,pretrained,60,,-1.1358654039756781,,0
adam,pretrained,61,,-1.136155846571391,,0
adam,pretrained,62,,-1.136302111574996,,0
adam,pretrained,63,,-1.1362892999055085,,0
adam,pretrained,64,,-1.1362672833520506,,0
adam,pretrained,65,2.0,-0.12052212239571267,-0.12052212239571267,1
adam,pretrained,66,4.0,-0.3259728754720979,-0.3259728754720979,0
adam,pretrained,67,6.0,-0.4761520087776521,-0.4761520087776521,0
adam,pretrained,68,8.0,-0.5416936498698263,-0.5416936498698263,0
adam,pretrained,69,10.0,-0.5703860385177023,-0.5703860385177023,0
adam,pretrained,70,12.0,-0.6025519452096704,-0.6025519452096704,0
adam,pretrained,71,14.0,-0.6515583089714103,-0.6515583089714103,0
adam,pretrained,72,16.0,-0.7174979551052095,-0.7174979551052095,0
adam,pretrained,73,18.0,-0.7819124944451203,-0.7819124944451203,0
adam,pretrained,74,20.0,-0.8371824214315382,-0.8371824214315382,0
adam,pretrained,75,22.0,-0.8959380118685282,-0.8959380118685282,0
adam,pretrained,76,24.0,-0.9547395935027769,-0.9547395935027769,0
adam,pretrained,77,26.0,-0.9928084696546807,-0.9928084696546807,0
adam,pretrained,78,28.0,-1.0053559196384405,-1.0053559196384405,0
adam,pretrained,79,30.0,-1.0071031787397458,-1.0071031787397458,0
adam,pretrained,80,32.0,-1.0101859002695828,-1.0101859002695828,0
adam,pretrained,81,34.0,-1.0184020596053696,-1.0184020596053696,0
adam,pretrained,82,36.0,-1.0342076381157297,-1.0342076381157297,0
adam,pretrained,83,38.0,-1.0561608308116885,-1.0561608308116885,0
adam,pretrained,84,40.0,-1.0775398644492356,-1.0775398644492356,0
adam,pretrained,85,42.0,-1.0913154106983405,-1.0913154106983405,0
adam,pretrained,86,44.0,-1.0956472797444874,-1.0956472797444874,0
adam,pretrained,87,46.0,-1.0942739547771987,-1.0942739547771987,0
adam,pretrained,88,48.0,-1.0919055359191168,-1.0919055359191168,0
adam,pretrained,89,50.0,-1.0910885768092753,-1.0910885768092753,0
adam,pretrained,90,52.0,-1.0919882661672637,-1.0919882661672637,0
adam,pretrained,91,54.0,-1.0933718124278196,-1.0933718124278196,0
adam,pretrained,92,56.0,-1.0945098492412992,-1.0945098492412992,0
adam,pretrained,93,58.0,-1.0966954838772622,-1.0966954838772622,0
adam,pretrained,94,60.0,-1.1013403229792762,-1.1013403229792762,0
adam,pretrained,95,62.0,-1.1073392330018732,-1.1073392330018732,0
adam,pretrained,96,64.0,-1.1122743842725753,-1.1122743842725753,0
adam,pretrained,97,66.0,-1.1150160462259222,-1.1150160462259222,0
adam,pretrained,98,68.0,-1.1158952556653778,-1.1158952556653778,0
adam,pretrained,99,70.0,-1.1158750638082744,-1.1158750638082744,0
adam,pretrained,100,72.0,-1.1163620876468592,-1.1163620876468592,0
adam,pretrained,101,74.0,-1.118353813794747,-1.118353813794747,0
adam,pretrained,102,76.0,-1.1212821659340473,-1.1212821659340473,0
adam,pretrained,103,78.0,-1.1237483760852434,-1.1237483760852434,0
adam,pretrained,104,80.0,-1.1251846674565482,-1.1251846674565482,0
adam,pretrained,105,82.0,-1.1259280603743698,-1.1259280603743698,0
adam,pretrained,106,84.0,-1.1264334200424626,-1.1264334200424626,0
adam,pretrained,107,86.0,-1.1271442754549563,-1.1271442754549563,0
adam,pretrained,108,88.0,-1.128322749416358,-1.128322749416358,0
adam,pretrained,109,90.0,-1.1296667853561617,-1.1296667853561617,0
adam,pretrained,110,92.0,-1.130674856242151,-1.130674856242151,0
adam,pretrained,111,94.0,-1.1312354921001495,-1.1312354921001495,0
adam,pretrained,112,96.0,-1.1314743934808793,-1.1314743934808793,0
adam,pretrained,113,98.0,-1.1314880723528644,-1.1314880723528644,0
adam,pretrained,114,100.0,-1.1314531457817907,-1.1314531457817907,0
adam,pretrained,115,102.0,-1.1315609585359583,-1.1315609585359583,0
adam,pretrained,116,104.0,-1.131853045090548,-1.131853045090548,0
adam,pretrained,117,106.0,-1.1323514686831773,-1.1323514686831773,0
adam,pretrained,118,108.0,-1.1330778848429337,-1.1330778848429337,0
adam,pretrained,119,110.0,-1.133831030115821,-1.133831030115821,0
adam,pretrained,120,112.0,-1.134294541984732,-1.134294541984732,0
adam,pretrained,121,114.0,-1.134385437420247,-1.134385437420247,0
adam,pretrained,122,116.0,-1.1342833659997296,-1.1342833659997296,0
adam,pretrained,123,118.0,-1.1342378827400321,-1.1342378827400321,0
adam,pretrained,124,120.0,-1.1344096219988895,-1.1344096219988895,0
adam,pretrained,125,122.0,-1.1347495738371527,-1.1347495738371527,0
adam,pretrained,126,124.0,-1.1350914019417158,-1.1350914019417158,0
adam,pretrained,127,126.0,-1.135375311860084,-1.135375311860084,0
adam,pretrained,128,128.0,-1.1356157081946239,-1.1356157081946239,0
adam,pretrained,129,130.0,-1.1357706780725532,-1.1357706780725532,0
adam,pretrained,130,132.0,-1.1358121433617747,-1.1358121433617747,0
adam,pretrained,131,134.0,-1.1357845132481459,-1.1357845132481459,0
adam,pretrained,132,136.0,-1.1357563579685277,-1.1357563579685277,0
adam,pretrained,133,138.0,-1.1358012842529364,-1.1358012842529364,0
adam,pretrained,134,140.0,-1.1359419067965455,-1.1359419067965455,0
adam,pretrained,135,142.0,-1.1360993574134872,-1.1360993574134872,0
adam,pretrained,136,144.0,-1.136188369847377,-1.136188369847377,0
adam,pretrained,137,146.0,-1.136204641810549,-1.136204641810549,0
adam,pretrained,138,148.0,-1.1361960690178952,-1.1361960690178952,0
adam,pretrained,139,150.0,-1.136219316951742,-1.136219316951742,0
adam,pretrained,140,152.0,-1.1362904114173698,-1.1362904114173698,0
adam,pretrained,141,154.0,-1.136362899195948,-1.136362899195948,0
adam,pretrained,142,156.0,-1.136401679851978,-1.136401679851978,0
adam,pretrained,143,158.0,-1.136428139373635,-1.136428139373635,0
adam,pretrained,144,160.0,-1.1364690644419546,-1.1364690644419546,0
adam,pretrained,145,162.0,-1.1365241446011725,-1.1365241446011725,0
adam,pretrained,146,164.0,-1.1365793398835786,-1.1365793398835786,0
adam,pretrained,147,166.0,-1.1366256274587774,-1.1366256274587774,0
adam,pretrained,148,168.0,-1.1366718187024583,-1.1366718187024583,0
adam,pretrained,149,170.0,-1.136724585126833,-1.136724585126833,0
adam,pretrained,150,172.0,-1.13676912385046,-1.13676912385046,0
adam,pretrained,151,174.0,-1.136794814488847,-1.136794814488847,0
adam,pretrained,152,176.0,-1.1368103960191311,-1.1368103960191311,0
adam,pretrained,153,178.0,-1.1368269711259593,-1.1368269711259593,0
adam,pretrained,154,180.0,-1.136850562871264,-1.136850562871264,0
adam,pretrained,155,182.0,-1.1368800902770948,-1.1368800902770948,0
adam,pretrained,156,184.0,-1.1369068101088469,-1.1369068101088469,0
adam,pretrained,157,186.0,-1.1369254754326321,-1.1369254754326321,0
adam,pretrained,158,188.0,-1.1369379777805295,-1.1369379777805295,0
adam,pretrained,159,190.0,-1.1369486050694309,-1.1369486050694309,0
adam,pretrained,160,192.0,-1.1369627514608749,-1.1369627514608749,0
adam,pretrained,161,194.0,-1.1369820350852347,-1.1369820350852347,0
adam,pretrained,162,196.0,-1.137003150829108,-1.137003150829108,0
adam,pretrained,163,198.0,-1.1370236969745435,-1.1370236969745435,0
adam,pretrained,164,200.0,-1.1370416081079076,-1.1370416081079076,0
adam,pretrained,165,202.0,-1.137055076180024,-1.137055076180024,0
adam,pretrained,166,204.0,-1.1370665894786178,-1.1370665894786178,0
adam,pretrained,167,206.0,-1.1370795561008964,-1.1370795561008964,0
adam,pretrained,168,208.0,-1.1370934900530263,-1.1370934900530263,0
adam,pretrained,169,210.0,-1.1371054099060087,-1.1371054099060087,0
adam,pretrained,170,212.0,-1.137113160401279,-1.137113160401279,0
adam,pretrained,171,214.0,-1.1371182082033642,-1.1371182082033642,0
adam,pretrained,172,216.0,-1.1371239338573151,-1.1371239338573151,0
adam,pretrained,173,218.0,-1.1371312844858064,-1.1371312844858064,0
adam,pretrained,174,220.0,-1.137139393242099,-1.137139393242099,0
adam,pretrained,175,222.0,-1.1371474505280041,-1.1371474505280041,0
adam,pretrained,176,224.0,-1.1371544363758552,-1.1371544363758552,0
adam,pretrained,177,226.0,-1.1371601101626272,-1.1371601101626272,0
adam,pretrained,178,228.0,-1.137165390293754,-1.137165390293754,0
adam,pretrained,179,230.0,-1.1371711645689053,-1.1371711645689053,0
adam,pretrained,180,232.0,-1.1371776720142666,-1.1371776720142666,0
adam,pretrained,181,234.0,-1.137184184582381,-1.137184184582381,0
adam,pretrained,182,236.0,-1.1371897693896393,-1.1371897693896393,0
adam,pretrained,183,238.0,-1.1371943620312397,-1.1371943620312397,0
adam,pretrained,184,240.0,-1.137198291330673,-1.137198291330673,0
adam,pretrained,185,242.0,-1.1372019350394285,-1.1372019350394285,0
adam,pretrained,186,244.0,-1.137205670725074,-1.137205670725074,0
adam,pretrained,187,246.0,-1.1372093815881519,-1.1372093815881519,0
adam,pretrained,188,248.0,-1.1372127455124403,-1.1372127455124403,0
adam,pretrained,189,250.0,-1.1372156912907103,-1.1372156912907103,0
adam,pretrained,190,252.0,-1.1372183549346582,-1.1372183549346582,0
adam,pretrained,191,254.0,-1.1372210243130811,-1.1372210243130811,0
adam,pretrained,192,256.0,-1.1372238010184321,-1.1372238010184321,0
adam,pretrained,193,258.0,-1.1372265015698517,-1.1372265015698517,0
adam,pretrained,194,260.0,-1.1372289619364206,-1.1372289619364206,0
adam,pretrained,195,262.0,-1.137231108599174,-1.137231108599174,0
adam,pretrained,196,264.0,-1.137233037987386,-1.137233037987386,0
adam,pretrained,197,266.0,-1.1372349172659937,-1.1372349172659937,0
adam,pretrained,198,268.0,-1.1372367137200758,-1.1372367137200758,0
adam,pretrained,199,270.0,-1.1372383505286594,-1.1372383505286594,0
adam,pretrained,200,272.0,-1.137239865030633,-1.137239865030633,0
adam,pretrained,201,274.0,-1.1372413108278359,-1.1372413108278359,0
adam,pretrained,202,276.0,-1.137242681482898,-1.137242681482898,0
adam,pretrained,203,278.0,-1.1372439051090244,-1.1372439051090244,0
adam,pretrained,204,280.0,-1.1372449895403292,-1.1372449895403292,0
adam,pretrained,205,282.0,-1.1372460333764722,-1.1372460333764722,0
adam,pretrained,206,284.0,-1.1372470498932274,-1.1372470498932274,0
adam,pretrained,207,286.0,-1.137247990268042,-1.137247990268042,0
adam,pretrained,208,288.0,-1.1372488369087561,-1.1372488369087561,0
adam,pretrained,209,290.0,-1.1372496145160518,-1.1372496145160518,0
adam,pretrained,210,292.0,-1.1372503588206295,-1.1372503588206295,0
adam,pretrained,211,294.0,-1.1372510563068574,-1.1372510563068574,0
adam,pretrained,212,296.0,-1.1372516856757835,-1.1372516856757835,0
adam,pretrained,213,298.0,-1.1372522610032714,-1.1372522610032714,0
adam,pretrained,214,300.0,-1.1372527971886672,-1.1372527971886672,0
adam,pretrained,215,302.0,-1.1372533048586069,-1.1372533048586069,0
adam,pretrained,216,304.0,-1.1372537868513881,-1.1372537868513881,0
adam,pretrained,217,306.0,-1.1372542440375053,-1.1372542440375053,0
adam,pretrained,218,308.0,-1.137254677638098,-1.137254677638098,0
adam,pretrained,219,310.0,-1.137255071951284,-1.137255071951284,0
adam,pretrained,220,312.0,-1.137255421189965,-1.137255421189965,0
adam,pretrained,221,314.0,-1.1372557402972325,-1.1372557402972325,0
adam,pretrained,222,316.0,-1.1372560421177085,-1.1372560421177085,0
adam,pretrained,223,318.0,-1.1372563282422776,-1.1372563282422776,0
adam,pretrained,224,320.0,-1.1372565908370726,-1.1372565908370726,0
adam,pretrained,225,322.0,-1.1372568317172476,-1.1372568317172476,0
adam,pretrained,226,324.0,-1.137257059481878,-1.137257059481878,0
adam,pretrained,227,326.0,-1.1372572733382924,-1.1372572733382924,0
adam,pretrained,228,328.0,-1.1372574724408404,-1.1372574724408404,0
adam,pretrained,229,330.0,-1.1372576604015725,-1.1372576604015725,0
adam,pretrained,230,332.0,-1.1372578405107139,-1.1372578405107139,0
adam,pretrained,231,334.0,-1.1372580100308507,-1.1372580100308507,0
adam,pretrained,232,336.0,-1.1372581649392115,-1.1372581649392115,0
adam,pretrained,233,338.0,-1.1372583109775716,-1.1372583109775716,0
adam,pretrained,234,340.0,-1.1372584532811383,-1.1372584532811383,0
adam,pretrained,235,342.0,-1.137258588068161,-1.137258588068161,0
adam,pretrained,236,344.0,-1.1372587102512326,-1.1372587102512326,0
adam,pretrained,237,346.0,-1.1372588208400063,-1.1372588208400063,0
adam,pretrained,238,348.0,-1.1372589263846462,-1.1372589263846462,0
adam,pretrained,239,350.0,-1.1372590299458882,-1.1372590299458882,0
adam,pretrained,240,352.0,-1.1372591299846204,-1.1372591299846204,0
adam,pretrained,241,354.0,-1.1372592248810816,-1.1372592248810816,0
adam,pretrained,242,356.0,-1.1372593144110927,-1.1372593144110927,0
adam,pretrained,243,358.0,-1.1372594001322966,-1.1372594001322966,0
adam,pretrained,244,360.0,-1.137259482849424,-1.137259482849424,0
adam,pretrained,245,362.0,-1.1372595627228428,-1.1372595627228428,0
adam,pretrained,246,364.0,-1.1372596398335222,-1.1372596398335222,0
adam,pretrained,247,366.0,-1.1372597135559503,-1.1372597135559503,0
adam,pretrained,248,368.0,-1.1372597839200027,-1.1372597839200027,0
adam,pretrained,249,370.0,-1.1372598517951047,-1.1372598517951047,0
adam,pretrained,250,372.0,-1.1372599182459535,-1.1372599182459535,0
adam,pretrained,251,374.0,-1.1372599830601067,-1.1372599830601067,0
adam,pretrained,252,376.0,-1.13726004519878,-1.13726004519878,0
adam,pretrained,253,378.0,-1.1372601048072462,-1.1372601048072462,0
adam,pretrained,254,380.0,-1.1372601628020405,-1.1372601628020405,0
adam,pretrained,255,382.0,-1.1372602200526698,-1.1372602200526698,0
adam,pretrained,256,384.0,-1.137260276556724,-1.137260276556724,0
adam,pretrained,257,386.0,-1.1372603315351109,-1.1372603315351109,0
adam,pretrained,258,388.0,-1.1372603845287002,-1.1372603845287002,0
adam,pretrained,259,390.0,-1.1372604359672243,-1.1372604359672243,0
adam,pretrained,260,392.0,-1.1372604867432834,-1.1372604867432834,0
adam,pretrained,261,394.0,-1.1372605368938982,-1.1372605368938982,0
adam,pretrained,262,396.0,-1.137260585885635,-1.137260585885635,0
adam,pretrained,263,398.0,-1.1372606336133742,-1.1372606336133742,0
adam,pretrained,264,400.0,-1.137260680392933,-1.137260680392933,0
adam,pretrained,265,402.0,-1.1372607265092909,-1.1372607265092909,0
adam,pretrained,266,404.0,-1.1372607718950178,-1.1372607718950178,0
adam,pretrained,267,406.0,-1.137260816413945,-1.137260816413945,0
adam,pretrained,268,408.0,-1.1372608600088279,-1.1372608600088279,0
adam,pretrained,269,410.0,-1.1372609027629492,-1.1372609027629492,0
adam,pretrained,270,412.0,-1.137260944829056,-1.137260944829056,0
adam,pretrained,271,414.0,-1.1372609862508691,-1.1372609862508691,0
adam,pretrained,272,416.0,-1.1372610270073846,-1.1372610270073846,0
adam,pretrained,273,418.0,-1.1372610670123464,-1.1372610670123464,0
adam,pretrained,274,420.0,-1.137261106279895,-1.137261106279895,0
adam,pretrained,275,422.0,-1.1372611449413634,-1.1372611449413634,0
adam,pretrained,276,424.0,-1.1372611830624244,-1.1372611830624244,0
adam,pretrained,277,426.0,-1.1372612205778718,-1.1372612205778718,0
adam,pretrained,278,428.0,-1.137261257437562,-1.137261257437562,0
adam,pretrained,279,430.0,-1.137261293711172,-1.137261293711172,0
adam,pretrained,280,432.0,-1.1372613294240084,-1.1372613294240084,0
adam,pretrained,281,434.0,-1.1372613645531229,-1.1372613645531229,0
adam,pretrained,282,436.0,-1.1372613991000469,-1.1372613991000469,0
adam,pretrained,283,438.0,-1.1372614330770807,-1.1372614330770807,0
adam,pretrained,284,440.0,-1.1372614664884777,-1.1372614664884777,0
adam,pretrained,285,442.0,-1.1372614993520196,-1.1372614993520196,0
adam,pretrained,286,444.0,-1.1372615317058032,-1.1372615317058032,0
adam,pretrained,287,446.0,-1.1372615635494594,-1.1372615635494594,0
adam,pretrained,288,448.0,-1.1372615948669649,-1.1372615948669649,0
adam,pretrained,289,450.0,-1.1372616256598715,-1.1372616256598715,0
adam,pretrained,290,452.0,-1.1372616559538795,-1.1372616559538795,0
adam,pretrained,291,454.0,-1.137261685767555,-1.137261685767555,0
adam,pretrained,292,456.0,-1.1372617150925974,-1.1372617150925974,0
adam,pretrained,293,458.0,-1.1372617439264137,-1.1372617439264137,0
adam,pretrained,294,460.0,-1.1372617722809286,-1.1372617722809286,0
adam,pretrained,295,462.0,-1.1372618001669454,-1.1372618001669454,0
adam,pretrained,296,464.0,-1.1372618275833932,-1.1372618275833932,0
adam,pretrained,297,466.0,-1.1372618545398079,-1.1372618545398079,0
adam,pretrained,298,468.0,-1.137261881048935,-1.137261881048935,0
adam,pretrained,299,470.0,-1.1372619071130103,-1.1372619071130103,0
adam,pretrained,300,472.0,-1.1372619327352864,-1.1372619327352864,0
adam,pretrained,301,474.0,-1.1372619579250742,-1.1372619579250742,0
adam,pretrained,302,476.0,-1.1372619826913763,-1.1372619826913763,0
adam,pretrained,303,478.0,-1.1372620070373853,-1.1372620070373853,0
adam,pretrained,304,480.0,-1.1372620309671966,-1.1372620309671966,0
adam,pretrained,305,482.0,-1.1372620544852496,-1.1372620544852496,0
adam,pretrained,306,484.0,-1.137262077599407,-1.137262077599407,0
adam,pretrained,307,486.0,-1.1372621003184022,-1.1372621003184022,0
adam,pretrained,308,488.0,-1.1372621226474966,-1.1372621226474966,0
adam,pretrained,309,490.0,-1.1372621445899753,-1.1372621445899753,0
adam,pretrained,310,492.0,-1.1372621661505469,-1.1372621661505469,0
adam,pretrained,311,494.0,-1.1372621873362918,-1.1372621873362918,0
adam,pretrained,312,496.0,-1.1372622081535788,-1.1372622081535788,0
adam,pretrained,313,498.0,-1.1372622286079448,-1.1372622286079448,0
adam,pretrained,314,500.0,-1.137262248703737,-1.137262248703737,0
adam,pretrained,315,502.0,-1.1372622684463567,-1.1372622684463567,0
adam,pretrained,316,504.0,-1.1372622878414758,-1.1372622878414758,0
adam,pretrained,317,506.0,-1.1372623068946035,-1.1372623068946035,0
adam,pretrained,318,508.0,-1.137262325611168,-1.137262325611168,0
adam,pretrained,319,510.0,-1.1372623439961043,-1.1372623439961043,0
adam,pretrained,320,512.0,-1.137262362054091,-1.137262362054091,0
adam,pretrained,321,514.0,-1.13726237979071,-1.13726237979071,0
adam,pretrained,322,516.0,-1.1372623972120368,-1.1372623972120368,0
adam,pretrained,323,518.0,-1.1372624143224541,-1.1372624143224541,0
adam,pretrained,324,520.0,-1.1372624311259039,-1.1372624311259039,0
adam,pretrained,325,522.0,-1.137262447627192,-1.137262447627192,0
adam,pretrained,326,524.0,-1.13726246383179,-1.13726246383179,0
adam,pretrained,327,526.0,-1.1372624797446795,-1.1372624797446795,0
adam,pretrained,328,528.0,-1.1372624953704147,-1.1372624953704147,0
adam,pretrained,329,530.0,-1.1372625107132774,-1.1372625107132774,0
adam,pretrained,330,532.0,-1.137262525777824,-1.137262525777824,0
adam,pretrained,331,534.0,-1.1372625405689403,-1.1372625405689403,0
adam,pretrained,332,536.0,-1.1372625550912787,-1.1372625550912787,0
adam,pretrained,333,538.0,-1.1372625693490181,-1.1372625693490181,0
adam,pretrained,334,540.0,-1.1372625833462653,-1.1372625833462653,0
adam,pretrained,335,542.0,-1.137262597087531,-1.137262597087531,0
adam,pretrained,336,544.0,-1.1372626105772756,-1.1372626105772756,0
adam,pretrained,337,546.0,-1.1372626238195624,-1.1372626238195624,0
adam,pretrained,338,548.0,-1.1372626368182601,-1.1372626368182601,0
adam,pretrained,339,550.0,-1.1372626495775024,-1.1372626495775024,0
adam,pretrained,340,552.0,-1.137262662101461,-1.137262662101461,0
adam,pretrained,341,554.0,-1.1372626743941652,-1.1372626743941652,0
adam,pretrained,342,556.0,-1.1372626864595043,-1.1372626864595043,0
adam,pretrained,343,558.0,-1.1372626983012981,-1.1372626983012981,0
adam,pretrained,344,560.0,-1.1372627099233115,-1.1372627099233115,0
adam,pretrained,345,562.0,-1.1372627213293556,-1.1372627213293556,0
adam,pretrained,346,564.0,-1.1372627325232143,-1.1372627325232143,0
adam,pretrained,347,566.0,-1.137262743508482,-1.137262743508482,0
adam,pretrained,348,568.0,-1.1372627542886853,-1.1372627542886853,0
adam,pretrained,349,570.0,-1.137262764867425,-1.137262764867425,0
adam,pretrained,350,572.0,-1.1372627752482702,-1.1372627752482702,0
adam,pretrained,351,574.0,-1.1372627854346498,-1.1372627854346498,0
adam,pretrained,352,576.0,-1.1372627954299142,-1.1372627954299142,0
adam,pretrained,353,578.0,-1.1372628052374192,-1.1372628052374192,0
adam,pretrained,354,580.0,-1.1372628148605006,-1.1372628148605006,0
adam,pretrained,355,582.0,-1.1372628243024212,-1.1372628243024212,0
adam,pretrained,356,584.0,-1.1372628335663824,-1.1372628335663824,0
adam,pretrained,357,586.0,-1.1372628426555302,-1.1372628426555302,0
adam,pretrained,358,588.0,-1.137262851572971,-1.137262851572971,0
adam,pretrained,359,590.0,-1.137262860321784,-1.137262860321784,0
adam,pretrained,360,592.0,-1.1372628689049944,-1.1372628689049944,0
adam,pretrained,361,594.0,-1.1372628773255749,-1.1372628773255749,0
adam,pretrained,362,596.0,-1.1372628855864484,-1.1372628855864484,0
adam,pretrained,363,598.0,-1.137262893690506,-1.137262893690506,0
adam,pretrained,364,600.0,-1.137262901640589,-1.137262901640589,0
adam,pretrained,365,602.0,-1.1372629094394848,-1.1372629094394848,0
adam,pretrained,366,604.0,-1.1372629170899509,-1.1372629170899509,0
adam,pretrained,367,606.0,-1.137262924594695,-1.137262924594695,0
adam,pretrained,368,608.0,-1.1372629319563814,-1.1372629319563814,0
adam,pretrained,369,610.0,-1.137262939177633,-1.137262939177633,0
adam,pretrained,370,612.0,-1.1372629462610397,-1.1372629462610397,0
adam,pretrained,371,614.0,-1.1372629532091407,-1.1372629532091407,0
adam,pretrained,372,616.0,-1.1372629600244344,-1.1372629600244344,0
adam,pretrained,373,618.0,-1.137262966709384,-1.137262966709384,0
adam,pretrained,374,620.0,-1.1372629732664061,-1.1372629732664061,0
adam,pretrained,375,622.0,-1.1372629796978904,-1.1372629796978904,0
adam,pretrained,376,624.0,-1.1372629860061694,-1.1372629860061694,0
adam,pretrained,377,626.0,-1.137262992193551,-1.137262992193551,0
adam,pretrained,378,628.0,-1.137262998262301,-1.137262998262301,0
adam,pretrained,379,630.0,-1.1372630042146465,-1.1372630042146465,0
adam,pretrained,380,632.0,-1.137263010052779,-1.137263010052779,0
adam,pretrained,381,634.0,-1.1372630157788508,-1.1372630157788508,0
adam,pretrained,382,636.0,-1.137263021394979,-1.137263021394979,0
adam,pretrained,383,638.0,-1.1372630269032507,-1.1372630269032507,0
adam,pretrained,384,640.0,-1.1372630323057067,-1.1372630323057067,0
adam,pretrained,385,642.0,-1.1372630376043629,-1.1372630376043629,0
adam,pretrained,386,644.0,-1.137263042801195,-1.137263042801195,0
adam,pretrained,387,646.0,-1.1372630478981467,-1.1372630478981467,0
adam,pretrained,388,648.0,-1.1372630528971237,-1.1372630528971237,0
adam,pretrained,389,650.0,-1.1372630578000116,-1.1372630578000116,0
adam,pretrained,390,652.0,-1.1372630626086477,-1.1372630626086477,0
adam,pretrained,391,654.0,-1.1372630673248436,-1.1372630673248436,0
adam,pretrained,392,656.0,-1.137263071950381,-1.137263071950381,0
adam,pretrained,393,658.0,-1.1372630764870089,-1.1372630764870089,0
adam,pretrained,394,660.0,-1.137263080936443,-1.137263080936443,0
adam,pretrained,395,662.0,-1.137263085300371,-1.137263085300371,0
adam,pretrained,396,664.0,-1.1372630895804527,-1.1372630895804527,0
adam,pretrained,397,666.0,-1.1372630937783093,-1.1372630937783093,0
adam,pretrained,398,668.0,-1.1372630978955445,-1.1372630978955445,0
adam,pretrained,399,670.0,-1.1372631019337254,-1.1372631019337254,0
adam,pretrained,400,672.0,-1.1372631058943916,-1.1372631058943916,0
adam,pretrained,401,674.0,-1.1372631097790573,-1.1372631097790573,0
adam,pretrained,402,676.0,-1.1372631135892073,-1.1372631135892073,0
adam,pretrained,403,678.0,-1.1372631173262986,-1.1372631173262986,0
adam,pretrained,404,680.0,-1.1372631209917665,-1.1372631209917665,0
adam,pretrained,405,682.0,-1.1372631245870097,-1.1372631245870097,0
adam,pretrained,406,684.0,-1.137263128113409,-1.137263128113409,0
adam,pretrained,407,686.0,-1.1372631315723218,-1.1372631315723218,0
adam,pretrained,408,688.0,-1.1372631349650724,-1.1372631349650724,0
adam,pretrained,409,690.0,-1.1372631382929645,-1.1372631382929645,0
adam,pretrained,410,692.0,-1.1372631415572778,-1.1372631415572778,0
adam,pretrained,411,694.0,-1.1372631447592654,-1.1372631447592654,0
adam,pretrained,412,696.0,-1.1372631479001618,-1.1372631479001618,0
adam,pretrained,413,698.0,-1.137263150981173,-1.137263150981173,0
adam,pretrained,414,700.0,-1.1372631540034814,-1.1372631540034814,0
adam,pretrained,415,702.0,-1.1372631569682545,-1.1372631569682545,0
adam,pretrained,416,704.0,-1.137263159876631,-1.137263159876631,0
adam,pretrained,417,706.0,-1.1372631627297267,-1.1372631627297267,0
adam,pretrained,418,708.0,-1.137263165528641,-1.137263165528641,0
adam,pretrained,419,710.0,-1.1372631682744503,-1.1372631682744503,0
adam,pretrained,420,712.0,-1.1372631709682088,-1.1372631709682088,0
adam,pretrained,421,714.0,-1.137263173610952,-1.137263173610952,0
adam,pretrained,422,716.0,-1.137263176203692,-1.137263176203692,0
adam,pretrained,423,718.0,-1.1372631787474277,-1.1372631787474277,0
adam,pretrained,424,720.0,-1.1372631812431317,-1.1372631812431317,0
adam,pretrained,425,722.0,-1.1372631836917613,-1.1372631836917613,0
adam,pretrained,426,724.0,-1.1372631860942564,-1.1372631860942564,0
adam,pretrained,427,726.0,-1.137263188451532,-1.137263188451532,0
adam,pretrained,428,728.0,-1.1372631907644943,-1.1372631907644943,0
adam,pretrained,429,730.0,-1.1372631930340245,-1.1372631930340245,0
adam,pretrained,430,732.0,-1.137263195260988,-1.137263195260988,0
adam,pretrained,431,734.0,-1.1372631974462328,-1.1372631974462328,0
adam,pretrained,432,736.0,-1.1372631995905933,-1.1372631995905933,0
adam,pretrained,433,738.0,-1.1372632016948836,-1.1372632016948836,0
adam,pretrained,434,740.0,-1.1372632037599022,-1.1372632037599022,0
adam,pretrained,435,742.0,-1.1372632057864347,-1.1372632057864347,0
adam,pretrained,436,744.0,-1.1372632077752463,-1.1372632077752463,0
adam,pretrained,437,746.0,-1.1372632097270887,-1.1372632097270887,0
adam,pretrained,438,748.0,-1.1372632116427022,-1.1372632116427022,0
adam,pretrained,439,750.0,-1.1372632135228045,-1.1372632135228045,0
adam,pretrained,440,752.0,-1.137263215368106,-1.137263215368106,0
adam,pretrained,441,754.0,-1.1372632171792996,-1.1372632171792996,0
adam,pretrained,442,756.0,-1.1372632189570628,-1.1372632189570628,0
adam,pretrained,443,758.0,-1.1372632207020632,-1.1372632207020632,0
adam,pretrained,444,760.0,-1.1372632224149504,-1.1372632224149504,0
adam,pretrained,445,762.0,-1.1372632240963632,-1.1372632240963632,0
adam,pretrained,446,764.0,-1.1372632257469324,-1.1372632257469324,0
adam,pretrained,447,766.0,-1.1372632273672625,-1.1372632273672625,0
adam,pretrained,448,768.0,-1.1372632289579596,-1.1372632289579596,0
adam,pretrained,449,770.0,-1.1372632305196084,-1.1372632305196084,0
adam,pretrained,450,772.0,-1.1372632320527867,-1.1372632320527867,0
adam,pretrained,451,774.0,-1.1372632335580584,-1.1372632335580584,0
adam,pretrained,452,776.0,-1.1372632350359755,-1.1372632350359755,0
adam,pretrained,453,778.0,-1.1372632364870796,-1.1372632364870796,0
adam,pretrained,454,780.0,-1.1372632379119005,-1.1372632379119005,0
adam,pretrained,455,782.0,-1.1372632393109556,-1.1372632393109556,0
adam,pretrained,456,784.0,-1.1372632406847552,-1.1372632406847552,0
adam,pretrained,457,786.0,-1.1372632420337958,-1.1372632420337958,0
adam,pretrained,458,788.0,-1.1372632433585665,-1.1372632433585665,0
adam,pretrained,459,790.0,-1.1372632446595432,-1.1372632446595432,0
adam,pretrained,460,792.0,-1.1372632459371959,-1.1372632459371959,0
adam,pretrained,461,794.0,-1.1372632471919768,-1.1372632471919768,0
adam,pretrained,462,796.0,-1.1372632484243392,-1.1372632484243392,0
adam,pretrained,463,798.0,-1.1372632496347204,-1.1372632496347204,0
adam,pretrained,464,800.0,-1.1372632508235512,-1.1372632508235512,0
adam,pretrained,465,802.0,-1.1372632519912504,-1.1372632519912504,0
adam,pretrained,466,804.0,-1.13726325313823,-1.13726325313823,0
adam,pretrained,467,806.0,-1.137263254264898,-1.137263254264898,0
adam,pretrained,468,808.0,-1.137263255371646,-1.137263255371646,0
adam,pretrained,469,810.0,-1.1372632564588578,-1.1372632564588578,0
adam,pretrained,470,812.0,-1.1372632575269184,-1.1372632575269184,0
adam,pretrained,471,814.0,-1.137263258576195,-1.137263258576195,0
adam,pretrained,472,816.0,-1.1372632596070515,-1.1372632596070515,0
adam,pretrained,473,818.0,-1.1372632606198427,-1.1372632606198427,0
adam,pretrained,474,820.0,-1.1372632616149212,-1.1372632616149212,0
adam,pretrained,475,822.0,-1.1372632625926216,-1.1372632625926216,0
adam,pretrained,476,824.0,-1.1372632635532793,-1.1372632635532793,0
adam,pretrained,477,826.0,-1.1372632644972234,-1.1372632644972234,0
adam,pretrained,478,828.0,-1.1372632654247716,-1.1372632654247716,0
adam,pretrained,479,830.0,-1.1372632663362385,-1.1372632663362385,0
adam,pretrained,480,832.0,-1.1372632672319316,-1.1372632672319316,0
adam,pretrained,481,834.0,-1.1372632681121493,-1.1372632681121493,0
adam,pretrained,482,836.0,-1.1372632689771858,-1.1372632689771858,0
adam,pretrained,483,838.0,-1.137263269827329,-1.137263269827329,0
adam,pretrained,484,840.0,-1.1372632706628631,-1.1372632706628631,0
adam,pretrained,485,842.0,-1.137263271484063,-1.137263271484063,0
adam,pretrained,486,844.0,-1.1372632722911968,-1.1372632722911968,0
adam,pretrained,487,846.0,-1.1372632730845311,-1.1372632730845311,0
adam,pretrained,488,848.0,-1.137263273864325,-1.137263273864325,0
adam,pretrained,489,850.0,-1.1372632746308302,-1.1372632746308302,0
adam,pretrained,490,852.0,-1.1372632753843002,-1.1372632753843002,0
adam,pretrained,491,854.0,-1.1372632761249741,-1.1372632761249741,0
adam,pretrained,492,856.0,-1.1372632768530888,-1.1372632768530888,0
adam,pretrained,493,858.0,-1.1372632775688813,-1.1372632775688813,0
adam,pretrained,494,860.0,-1.1372632782725802,-1.1372632782725802,0
adam,pretrained,495,862.0,-1.1372632789644077,-1.1372632789644077,0
adam,pretrained,496,864.0,-1.1372632796445818,-1.1372632796445818,0
adam,pretrained,497,866.0,-1.137263280313321,-1.137263280313321,0
adam,pretrained,498,868.0,-1.1372632809708305,-1.1372632809708305,0
adam,pretrained,499,870.0,-1.1372632816173176,-1.1372632816173176,0
cobyla,standard,0,1.0,-0.06737269252799219,-0.06737269252799219,0
cobyla,standard,1,2.0,-0.12537655711798432,-0.12537655711798432,0
cobyla,standard,2,3.0,-0.1761799722938275,-0.1761799722938275,0
cobyla,standard,3,4.0,-0.37033255576824226,-0.37033255576824226,0
cobyla,standard,4,5.0,-0.3946308432802705,-0.3946308432802705,0
cobyla,standard,5,6.0,-0.3946308432802705,-0.3946308432802705,0
cobyla,standard,6,7.0,-0.3946308432802705,-0.3946308432802705,0
cobyla,standard,7,8.0,-0.3946308432802705,-0.3946308432802705,0
cobyla,standard,8,9.0,-0.3946308432802705,-0.3946308432802705,0
cobyla,standard,9,10.0,-0.3946308432802705,-0.3946308432802705,0
cobyla,standard,10,11.0,-0.3946308432802705,-0.3946308432802705,0
cobyla,standard,11,12.0,-0.3946308432802705,-0.3946308432802705,0
cobyla,standard,12,13.0,-0.3946308432802705,-0.3946308432802705,0
cobyla,standard,13,14.0,-0.3946308432802705,-0.3946308432802705,0
cobyla,standard,14,15.0,-0.4414299713269682,-0.4414299713269682,0
cobyla,standard,15,16.0,-0.4414299713269682,-0.4414299713269682,0
cobyla,standard,16,17.0,-0.4414299713269682,-0.4414299713269682,0
cobyla,standard,17,18.0,-0.4414299713269682,-0.4414299713269682,0
cobyla,standard,18,19.0,-0.5229977802673502,-0.5229977802673502,0
cobyla,standard,19,20.0,-0.5229977802673502,-0.5229977802673502,0
cobyla,standard,20,21.0,-0.5229977802673502,-0.5229977802673502,0
cobyla,standard,21,22.0,-0.5229977802673502,-0.5229977802673502,0
cobyla,standard,22,23.0,-0.5229977802673502,-0.5229977802673502,0
cobyla,standard,23,24.0,-0.5229977802673502,-0.5229977802673502,0
cobyla,standard,24,25.0,-0.5229977802673502,-0.5229977802673502,0
cobyla,standard,25,26.0,-0.5229977802673502,-0.5229977802673502,0
cobyla,standard,26,27.0,-0.5796391487011299,-0.5796391487011299,0
cobyla,standard,27,28.0,-0.5796391487011299,-0.5796391487011299,0
cobyla,standard,28,29.0,-0.5796391487011299,-0.5796391487011299,0
cobyla,standard,29,30.0,-0.5796391487011299,-0.5796391487011299,0
cobyla,standard,30,31.0,-0.5796391487011299,-0.5796391487011299,0
cobyla,standard,31,32.0,-0.5796391487011299,-0.5796391487011299,0
cobyla,standard,32,33.0,-0.5796391487011299,-0.5796391487011299,0
cobyla,standard,33,34.0,-0.5796391487011299,-0.5796391487011299,0
cobyla,standard,34,35.0,-0.5953217020401589,-0.5953217020401589,0
cobyla,standard,35,36.0,-0.5953217020401589,-0.5953217020401589,0
cobyla,standard,36,37.0,-0.595740615593218,-0.595740615593218,0
cobyla,standard,37,38.0,-0.595740615593218,-0.595740615593218,0
cobyla,standard,38,39.0,-0.595740615593218,-0.595740615593218,0
cobyla,standard,39,40.0,-0.595740615593218,-0.595740615593218,0
cobyla,standard,40,41.0,-0.595740615593218,-0.595740615593218,0
cobyla,standard,41,42.0,-0.6154507052371248,-0.6154507052371248,0
cobyla,standard,42,43.0,-0.6154507052371248,-0.6154507052371248,0
cobyla,standard,43,44.0,-0.6154507052371248,-0.6154507052371248,0
cobyla,standard,44,45.0,-0.6154507052371248,-0.6154507052371248,0
cobyla,standard,45,46.0,-0.6154507052371248,-0.6154507052371248,0
cobyla,standard,46,47.0,-0.6154507052371248,-0.6154507052371248,0
cobyla,standard,47,48.0,-0.6154507052371248,-0.6154507052371248,0
cobyla,standard,48,49.0,-0.6154507052371248,-0.6154507052371248,0
cobyla,standard,49,50.0,-0.6154507052371248,-0.6154507052371248,0
cobyla,standard,50,51.0,-0.6264209136185594,-0.6264209136185594,0
cobyla,standard,51,52.0,-0.6264209136185594,-0.6264209136185594,0
cobyla,standard,52,53.0,-0.6264209136185594,-0.6264209136185594,0
cobyla,standard,53,54.0,-0.6264209136185594,-0.6264209136185594,0
cobyla,standard,54,55.0,-0.6264209136185594,-0.6264209136185594,0
cobyla,standard,55,56.0,-0.6264209136185594,-0.6264209136185594,0
cobyla,standard,56,57.0,-0.6264209136185594,-0.6264209136185594,0
cobyla,standard,57,58.0,-0.6264209136185594,-0.6264209136185594,0
cobyla,standard,58,59.0,-0.6264209136185594,-0.6264209136185594,0
cobyla,standard,59,60.0,-0.6264209136185594,-0.6264209136185594,0
cobyla,standard,60,61.0,-0.6264209136185594,-0.6264209136185594,0
cobyla,standard,61,62.0,-0.6862599291940664,-0.6862599291940664,0
cobyla,standard,62,63.0,-0.6862599291940664,-0.6862599291940664,0
cobyla,standard,63,64.0,-0.6862599291940664,-0.6862599291940664,0
cobyla,standard,64,65.0,-0.6862599291940664,-0.6862599291940664,0
cobyla,standard,65,66.0,-0.6862599291940664,-0.6862599291940664,0
cobyla,standard,66,67.0,-0.7135762641034199,-0.7135762641034199,0
cobyla,standard,67,68.0,-0.7135762641034199,-0.7135762641034199,0
cobyla,standard,68,69.0,-0.7135762641034199,-0.7135762641034199,0
cobyla,standard,69,70.0,-0.7228766092373422,-0.7228766092373422,0
cobyla,standard,70,71.0,-0.7228766092373422,-0.7228766092373422,0
cobyla,standard,71,72.0,-0.7228766092373422,-0.7228766092373422,0
cobyla,standard,72,73.0,-0.7228766092373422,-0.7228766092373422,0
cobyla,standard,73,74.0,-0.7228766092373422,-0.7228766092373422,0
cobyla,standard,74,75.0,-0.7228766092373422,-0.7228766092373422,0
cobyla,standard,75,76.0,-0.7228766092373422,-0.7228766092373422,0
cobyla,standard,76,77.0,-0.7361952083526888,-0.7361952083526888,0
cobyla,standard,77,78.0,-0.7823488481230412,-0.7823488481230412,0
cobyla,standard,78,79.0,-0.7827427273593338,-0.7827427273593338,0
cobyla,standard,79,80.0,-0.7827427273593338,-0.7827427273593338,0
cobyla,standard,80,81.0,-0.7827427273593338,-0.7827427273593338,0
cobyla,standard,81,82.0,-0.7827427273593338,-0.7827427273593338,0
cobyla,standard,82,83.0,-0.7827427273593338,-0.7827427273593338,0
cobyla,standard,83,84.0,-0.7827427273593338,-0.7827427273593338,0
cobyla,standard,84,85.0,-0.7827427273593338,-0.7827427273593338,0
cobyla,standard,85,86.0,-0.7827427273593338,-0.7827427273593338,0
cobyla,standard,86,87.0,-0.7827427273593338,-0.7827427273593338,0
cobyla,standard,87,88.0,-0.7827427273593338,-0.7827427273593338,0
cobyla,standard,88,89.0,-0.7827427273593338,-0.7827427273593338,0
cobyla,standard,89,90.0,-0.7827427273593338,-0.7827427273593338,0
cobyla,standard,90,91.0,-0.7827427273593338,-0.7827427273593338,0
cobyla,standard,91,92.0,-0.7827427273593338,-0.7827427273593338,0
cobyla,standard,92,93.0,-0.7827427273593338,-0.7827427273593338,0
cobyla,standard,93,94.0,-0.7827427273593338,-0.7827427273593338,0
cobyla,standard,94,95.0,-0.7922562409207268,-0.7922562409207268,0
cobyla,standard,95,96.0,-0.7922562409207268,-0.7922562409207268,0
cobyla,standard,96,97.0,-0.7922562409207268,-0.7922562409207268,0
cobyla,standard,97,98.0,-0.7922562409207268,-0.7922562409207268,0
cobyla,standard,98,99.0,-0.7922562409207268,-0.7922562409207268,0
cobyla,standard,99,100.0,-0.7922562409207268,-0.7922562409207268,0
cobyla,standard,100,101.0,-0.8390518469988569,-0.8390518469988569,0
cobyla,standard,101,102.0,-0.8390518469988569,-0.8390518469988569,0
cobyla,standard,102,103.0,-0.8390518469988569,-0.8390518469988569,0
cobyla,standard,103,104.0,-0.8390518469988569,-0.8390518469988569,0
cobyla,standard,104,105.0,-0.8390518469988569,-0.8390518469988569,0
cobyla,standard,105,106.0,-0.8390518469988569,-0.8390518469988569,0
cobyla,standard,106,107.0,-0.8390518469988569,-0.8390518469988569,0
cobyla,standard,107,108.0,-0.8390518469988569,-0.8390518469988569,0
cobyla,standard,108,109.0,-0.8390518469988569,-0.8390518469988569,0
cobyla,standard,109,110.0,-0.8390518469988569,-0.8390518469988569,0
cobyla,standard,110,111.0,-0.8390518469988569,-0.8390518469988569,0
cobyla,standard,111,112.0,-0.8390518469988569,-0.8390518469988569,0
cobyla,standard,112,113.0,-0.8390518469988569,-0.8390518469988569,0
cobyla,standard,113,114.0,-0.8390518469988569,-0.8390518469988569,0
cobyla,standard,114,115.0,-0.8390518469988569,-0.8390518469988569,0
cobyla,standard,115,116.0,-0.8479041327215718,-0.8479041327215718,0
cobyla,standard,116,117.0,-0.8656759447517782,-0.8656759447517782,0
cobyla,standard,117,118.0,-0.8656759447517782,-0.8656759447517782,0
cobyla,standard,118,119.0,-0.8656759447517782,-0.8656759447517782,0
cobyla,standard,119,120.0,-0.8656759447517782,-0.8656759447517782,0
cobyla,standard,120,121.0,-0.8656759447517782,-0.8656759447517782,0
cobyla,standard,121,122.0,-0.8656759447517782,-0.8656759447517782,0
cobyla,standard,122,123.0,-0.8656759447517782,-0.8656759447517782,0
cobyla,standard,123,124.0,-0.8656759447517782,-0.8656759447517782,0
cobyla,standard,124,125.0,-0.8656759447517782,-0.8656759447517782,0
cobyla,standard,125,126.0,-0.8656759447517782,-0.8656759447517782,0
cobyla,standard,126,127.0,-0.8656759447517782,-0.8656759447517782,0
cobyla,standard,127,128.0,-0.8656759447517782,-0.8656759447517782,0
cobyla,standard,128,129.0,-0.8656759447517782,-0.8656759447517782,0
cobyla,standard,129,130.0,-0.8656759447517782,-0.8656759447517782,0
cobyla,standard,130,131.0,-0.8656759447517782,-0.8656759447517782,0
cobyla,standard,131,132.0,-0.8685167236882767,-0.8685167236882767,0
cobyla,standard,132,133.0,-0.8685167236882767,-0.8685167236882767,0
cobyla,standard,133,134.0,-0.8685167236882767,-0.8685167236882767,0
cobyla,standard,134,135.0,-0.8685167236882767,-0.8685167236882767,0
cobyla,standard,135,136.0,-0.8685167236882767,-0.8685167236882767,0
cobyla,standard,136,137.0,-0.8685167236882767,-0.8685167236882767,0
cobyla,standard,137,138.0,-0.8746294994325114,-0.8746294994325114,0
cobyla,standard,138,139.0,-0.8746294994325114,-0.8746294994325114,0
cobyla,standard,139,140.0,-0.8746294994325114,-0.8746294994325114,0
cobyla,standard,140,141.0,-0.8746294994325114,-0.8746294994325114,0
cobyla,standard,141,142.0,-0.8746294994325114,-0.8746294994325114,0
cobyla,standard,142,143.0,-0.8746294994325114,-0.8746294994325114,0
cobyla,standard,143,144.0,-0.8746294994325114,-0.8746294994325114,0
cobyla,standard,144,145.0,-0.8746294994325114,-0.8746294994325114,0
cobyla,standard,145,146.0,-0.8746294994325114,-0.8746294994325114,0
cobyla,standard,146,147.0,-0.8746294994325114,-0.8746294994325114,0
cobyla,standard,147,148.0,-0.8746294994325114,-0.8746294994325114,0
cobyla,standard,148,149.0,-0.8746294994325114,-0.8746294994325114,0
cobyla,standard,149,150.0,-0.8747464927772254,-0.8747464927772254,0
cobyla,standard,150,151.0,-0.8792214800514161,-0.8792214800514161,0
cobyla,standard,151,152.0,-0.8792214800514161,-0.8792214800514161,0
cobyla,standard,152,153.0,-0.8866201155536712,-0.8866201155536712,0
cobyla,standard,153,154.0,-0.8866201155536712,-0.8866201155536712,0
cobyla,standard,154,155.0,-0.8866201155536712,-0.8866201155536712,0
cobyla,standard,155,156.0,-0.8866201155536712,-0.8866201155536712,0
cobyla,standard,156,157.0,-0.8866201155536712,-0.8866201155536712,0
cobyla,standard,157,158.0,-0.8866201155536712,-0.8866201155536712,0
cobyla,standard,158,159.0,-0.891141289668147,-0.891141289668147,0
cobyla,standard,159,160.0,-0.891141289668147,-0.891141289668147,0
cobyla,standard,160,161.0,-0.891141289668147,-0.891141289668147,0
cobyla,standard,161,162.0,-0.9222496874402344,-0.9222496874402344,0
cobyla,standard,162,163.0,-0.9222496874402344,-0.9222496874402344,0
cobyla,standard,163,164.0,-0.9222496874402344,-0.9222496874402344,0
cobyla,standard,164,165.0,-0.9248875958014738,-0.9248875958014738,0
cobyla,standard,165,166.0,-0.9248875958014738,-0.9248875958014738,0
cobyla,standard,166,167.0,-0.9248875958014738,-0.9248875958014738,0
cobyla,standard,167,168.0,-0.9248875958014738,-0.9248875958014738,0
cobyla,standard,168,169.0,-0.9248875958014738,-0.9248875958014738,0
cobyla,standard,169,170.0,-0.9248875958014738,-0.9248875958014738,0
cobyla,standard,170,171.0,-0.9248875958014738,-0.9248875958014738,0
cobyla,standard,171,172.0,-0.9248875958014738,-0.9248875958014738,0
cobyla,standard,172,173.0,-0.9248875958014738,-0.9248875958014738,0
cobyla,standard,173,174.0,-0.9278846008112671,-0.9278846008112671,0
cobyla,standard,174,175.0,-0.9278846008112671,-0.9278846008112671,0
cobyla,standard,175,176.0,-0.9289985375534842,-0.9289985375534842,0
cobyla,standard,176,177.0,-0.9289985375534842,-0.9289985375534842,0
cobyla,standard,177,178.0,-0.9289985375534842,-0.9289985375534842,0
cobyla,standard,178,179.0,-0.9289985375534842,-0.9289985375534842,0
cobyla,standard,179,180.0,-0.9289985375534842,-0.9289985375534842,0
cobyla,standard,180,181.0,-0.9289985375534842,-0.9289985375534842,0
cobyla,standard,181,182.0,-0.9378185527452145,-0.9378185527452145,0
cobyla,standard,182,183.0,-0.9378185527452145,-0.9378185527452145,0
cobyla,standard,183,184.0,-0.9378185527452145,-0.9378185527452145,0
cobyla,standard,184,185.0,-0.9378185527452145,-0.9378185527452145,0
cobyla,standard,185,186.0,-0.9378185527452145,-0.9378185527452145,0
cobyla,standard,186,187.0,-0.9378185527452145,-0.9378185527452145,0
cobyla,standard,187,188.0,-0.9378185527452145,-0.9378185527452145,0
cobyla,standard,188,189.0,-0.9378185527452145,-0.9378185527452145,0
cobyla,standard,189,190.0,-0.9434439826653164,-0.9434439826653164,0
cobyla,standard,190,191.0,-0.9434439826653164,-0.9434439826653164,0
cobyla,standard,191,192.0,-0.9434439826653164,-0.9434439826653164,0
cobyla,standard,192,193.0,-0.9434439826653164,-0.9434439826653164,0
cobyla,standard,193,194.0,-0.9434439826653164,-0.9434439826653164,0
cobyla,standard,194,195.0,-0.9434439826653164,-0.9434439826653164,0
cobyla,standard,195,196.0,-0.9434439826653164,-0.9434439826653164,0
cobyla,standard,196,197.0,-0.9615132993058544,-0.9615132993058544,0
cobyla,standard,197,198.0,-0.9615132993058544,-0.9615132993058544,0
cobyla,standard,198,199.0,-0.9615132993058544,-0.9615132993058544,0
cobyla,standard,199,200.0,-0.9615132993058544,-0.9615132993058544,0
cobyla,standard,200,201.0,-0.9615132993058544,-0.9615132993058544,0
cobyla,standard,201,202.0,-0.9615132993058544,-0.9615132993058544,0
cobyla,standard,202,203.0,-0.9615132993058544,-0.9615132993058544,0
cobyla,standard,203,204.0,-1.0002615646267792,-1.0002615646267792,0
cobyla,standard,204,205.0,-1.0002615646267792,-1.0002615646267792,0
cobyla,standard,205,206.0,-1.0002615646267792,-1.0002615646267792,0
cobyla,standard,206,207.0,-1.0002615646267792,-1.0002615646267792,0
cobyla,standard,207,208.0,-1.0002615646267792,-1.0002615646267792,0
cobyla,standard,208,209.0,-1.0002615646267792,-1.0002615646267792,0
cobyla,standard,209,210.0,-1.0002615646267792,-1.0002615646267792,0
cobyla,standard,210,211.0,-1.0002615646267792,-1.0002615646267792,0
cobyla,standard,211,212.0,-1.0002615646267792,-1.0002615646267792,0
cobyla,standard,212,213.0,-1.0002615646267792,-1.0002615646267792,0
cobyla,standard,213,214.0,-1.0002615646267792,-1.0002615646267792,0
cobyla,standard,214,215.0,-1.0002615646267792,-1.0002615646267792,0
cobyla,standard,215,216.0,-1.0002615646267792,-1.0002615646267792,0
cobyla,standard,216,217.0,-1.0002615646267792,-1.0002615646267792,0
cobyla,standard,217,218.0,-1.0002615646267792,-1.0002615646267792,0
cobyla,standard,218,219.0,-1.0002615646267792,-1.0002615646267792,0
cobyla,standard,219,220.0,-1.0002615646267792,-1.0002615646267792,0
cobyla,standard,220,221.0,-1.0002615646267792,-1.0002615646267792,0
cobyla,standard,221,222.0,-1.0002615646267792,-1.0002615646267792,0
cobyla,standard,222,223.0,-1.0020970566491032,-1.0020970566491032,0
cobyla,standard,223,224.0,-1.013682829994361,-1.013682829994361,0
cobyla,standard,224,225.0,-1.013682829994361,-1.013682829994361,0
cobyla,standard,225,226.0,-1.013682829994361,-1.013682829994361,0
cobyla,standard,226,227.0,-1.013682829994361,-1.013682829994361,0
cobyla,standard,227,228.0,-1.013682829994361,-1.013682829994361,0
cobyla,standard,228,229.0,-1.013682829994361,-1.013682829994361,0
cobyla,standard,229,230.0,-1.013682829994361,-1.013682829994361,0
cobyla,standard,230,231.0,-1.013682829994361,-1.013682829994361,0
cobyla,standard,231,232.0,-1.013682829994361,-1.013682829994361,0
cobyla,standard,232,233.0,-1.013682829994361,-1.013682829994361,0
cobyla,standard,233,234.0,-1.013682829994361,-1.013682829994361,0
cobyla,standard,234,235.0,-1.0174567455029202,-1.0174567455029202,0
cobyla,standard,235,236.0,-1.0174567455029202,-1.0174567455029202,0
cobyla,standard,236,237.0,-1.0174567455029202,-1.0174567455029202,0
cobyla,standard,237,238.0,-1.0174567455029202,-1.0174567455029202,0
cobyla,standard,238,239.0,-1.0174567455029202,-1.0174567455029202,0
cobyla,standard,239,240.0,-1.0194226086916196,-1.0194226086916196,0
cobyla,standard,240,241.0,-1.0194226086916196,-1.0194226086916196,0
cobyla,standard,241,242.0,-1.0194226086916196,-1.0194226086916196,0
cobyla,standard,242,243.0,-1.0194226086916196,-1.0194226086916196,0
cobyla,standard,243,244.0,-1.024198757432772,-1.024198757432772,0
cobyla,standard,244,245.0,-1.024198757432772,-1.024198757432772,0
cobyla,standard,245,246.0,-1.024198757432772,-1.024198757432772,0
cobyla,standard,246,247.0,-1.024198757432772,-1.024198757432772,0
cobyla,standard,247,248.0,-1.024198757432772,-1.024198757432772,0
cobyla,standard,248,249.0,-1.0425033858381219,-1.0425033858381219,0
cobyla,standard,249,250.0,-1.0465300269868483,-1.0465300269868483,0
cobyla,standard,250,251.0,-1.0478486994721359,-1.0478486994721359,0
cobyla,standard,251,252.0,-1.0478486994721359,-1.0478486994721359,0
cobyla,standard,252,253.0,-1.0478486994721359,-1.0478486994721359,0
cobyla,standard,253,254.0,-1.0526307265725685,-1.0526307265725685,0
cobyla,standard,254,255.0,-1.053722811241433,-1.053722811241433,0
cobyla,standard,255,256.0,-1.053722811241433,-1.053722811241433,0
cobyla,standard,256,257.0,-1.053722811241433,-1.053722811241433,0
cobyla,standard,257,258.0,-1.059349445222739,-1.059349445222739,0
cobyla,standard,258,259.0,-1.059349445222739,-1.059349445222739,0
cobyla,standard,259,260.0,-1.059349445222739,-1.059349445222739,0
cobyla,standard,260,261.0,-1.0625575299089685,-1.0625575299089685,0
cobyla,standard,261,262.0,-1.0649140352902207,-1.0649140352902207,0
cobyla,standard,262,263.0,-1.0649140352902207,-1.0649140352902207,0
cobyla,standard,263,264.0,-1.0649140352902207,-1.0649140352902207,0
cobyla,standard,264,265.0,-1.0649140352902207,-1.0649140352902207,0
cobyla,standard,265,266.0,-1.0649140352902207,-1.0649140352902207,0
cobyla,standard,266,267.0,-1.0649140352902207,-1.0649140352902207,0
cobyla,standard,267,268.0,-1.0649140352902207,-1.0649140352902207,0
cobyla,standard,268,269.0,-1.0649140352902207,-1.0649140352902207,0
cobyla,standard,269,270.0,-1.0661274075930756,-1.0661274075930756,0
cobyla,standard,270,271.0,-1.0661274075930756,-1.0661274075930756,0
cobyla,standard,271,272.0,-1.0661274075930756,-1.0661274075930756,0
cobyla,standard,272,273.0,-1.0686596923302478,-1.0686596923302478,0
cobyla,standard,273,274.0,-1.0686596923302478,-1.0686596923302478,0
cobyla,standard,274,275.0,-1.0686596923302478,-1.0686596923302478,0
cobyla,standard,275,276.0,-1.0686596923302478,-1.0686596923302478,0
cobyla,standard,276,277.0,-1.0686596923302478,-1.0686596923302478,0
cobyla,standard,277,278.0,-1.0703192749374666,-1.0703192749374666,0
cobyla,standard,278,279.0,-1.0703192749374666,-1.0703192749374666,0
cobyla,standard,279,280.0,-1.0703192749374666,-1.0703192749374666,0
cobyla,standard,280,281.0,-1.0703192749374666,-1.0703192749374666,0
cobyla,standard,281,282.0,-1.0703192749374666,-1.0703192749374666,0
cobyla,standard,282,283.0,-1.0703192749374666,-1.0703192749374666,0
cobyla,standard,283,284.0,-1.0703192749374666,-1.0703192749374666,0
cobyla,standard,284,285.0,-1.0703192749374666,-1.0703192749374666,0
cobyla,standard,285,286.0,-1.0703192749374666,-1.0703192749374666,0
cobyla,standard,286,287.0,-1.0703192749374666,-1.0703192749374666,0
cobyla,standard,287,288.0,-1.0727251319587916,-1.0727251319587916,0
cobyla,standard,288,289.0,-1.0727251319587916,-1.0727251319587916,0
cobyla,standard,289,290.0,-1.0727251319587916,-1.0727251319587916,0
cobyla,standard,290,291.0,-1.0727251319587916,-1.0727251319587916,0
cobyla,standard,291,292.0,-1.0727251319587916,-1.0727251319587916,0
cobyla,standard,292,293.0,-1.0727251319587916,-1.0727251319587916,0
cobyla,standard,293,294.0,-1.0727251319587916,-1.0727251319587916,0
cobyla,standard,294,295.0,-1.076362421518181,-1.076362421518181,0
cobyla,standard,295,296.0,-1.076362421518181,-1.076362421518181,0
cobyla,standard,296,297.0,-1.076362421518181,-1.076362421518181,0
cobyla,standard,297,298.0,-1.0770402532582803,-1.0770402532582803,0
cobyla,standard,298,299.0,-1.080207499822154,-1.080207499822154,0
cobyla,standard,299,300.0,-1.080207499822154,-1.080207499822154,0
cobyla,standard,300,301.0,-1.080207499822154,-1.080207499822154,0
cobyla,standard,301,302.0,-1.080207499822154,-1.080207499822154,0
cobyla,standard,302,303.0,-1.0903327125576425,-1.0903327125576425,0
cobyla,standard,303,304.0,-1.0903327125576425,-1.0903327125576425,0
cobyla,standard,304,305.0,-1.0903327125576425,-1.0903327125576425,0
cobyla,standard,305,306.0,-1.0903327125576425,-1.0903327125576425,0
cobyla,standard,306,307.0,-1.0903327125576425,-1.0903327125576425,0
cobyla,standard,307,308.0,-1.0903327125576425,-1.0903327125576425,0
cobyla,standard,308,309.0,-1.0903327125576425,-1.0903327125576425,0
cobyla,standard,309,310.0,-1.0903327125576425,-1.0903327125576425,0
cobyla,standard,310,311.0,-1.0903327125576425,-1.0903327125576425,0
cobyla,standard,311,312.0,-1.0903327125576425,-1.0903327125576425,0
cobyla,standard,312,313.0,-1.0903327125576425,-1.0903327125576425,0
cobyla,standard,313,314.0,-1.0926596795868189,-1.0926596795868189,0
cobyla,standard,314,315.0,-1.0926596795868189,-1.0926596795868189,0
cobyla,standard,315,316.0,-1.0926596795868189,-1.0926596795868189,0
cobyla,standard,316,317.0,-1.0926596795868189,-1.0926596795868189,0
cobyla,standard,317,318.0,-1.0926596795868189,-1.0926596795868189,0
cobyla,standard,318,319.0,-1.0926596795868189,-1.0926596795868189,0
cobyla,standard,319,320.0,-1.0926596795868189,-1.0926596795868189,0
cobyla,standard,320,321.0,-1.0943366467594047,-1.0943366467594047,0
cobyla,standard,321,322.0,-1.0943366467594047,-1.0943366467594047,0
cobyla,standard,322,323.0,-1.0943366467594047,-1.0943366467594047,0
cobyla,standard,323,324.0,-1.0943366467594047,-1.0943366467594047,0
cobyla,standard,324,325.0,-1.0943366467594047,-1.0943366467594047,0
cobyla,standard,325,326.0,-1.097665982191711,-1.097665982191711,0
cobyla,standard,326,327.0,-1.097665982191711,-1.097665982191711,0
cobyla,standard,327,328.0,-1.0988960563291696,-1.0988960563291696,0
cobyla,standard,328,329.0,-1.0988960563291696,-1.0988960563291696,0
cobyla,standard,329,330.0,-1.0988960563291696,-1.0988960563291696,0
cobyla,standard,330,331.0,-1.0988960563291696,-1.0988960563291696,0
cobyla,standard,331,332.0,-1.0988960563291696,-1.0988960563291696,0
cobyla,standard,332,333.0,-1.0988960563291696,-1.0988960563291696,0
cobyla,standard,333,334.0,-1.0988960563291696,-1.0988960563291696,0
cobyla,standard,334,335.0,-1.0988960563291696,-1.0988960563291696,0
cobyla,standard,335,336.0,-1.0988960563291696,-1.0988960563291696,0
cobyla,standard,336,337.0,-1.0988960563291696,-1.0988960563291696,0
cobyla,standard,337,338.0,-1.099719357200086,-1.099719357200086,0
cobyla,standard,338,339.0,-1.099719357200086,-1.099719357200086,0
cobyla,standard,339,340.0,-1.1001106894239066,-1.1001106894239066,0
cobyla,standard,340,341.0,-1.1001106894239066,-1.1001106894239066,0
cobyla,standard,341,342.0,-1.1001106894239066,-1.1001106894239066,0
cobyla,standard,342,343.0,-1.1001106894239066,-1.1001106894239066,0
cobyla,standard,343,344.0,-1.1001106894239066,-1.1001106894239066,0
cobyla,standard,344,345.0,-1.10092905468098,-1.10092905468098,0
cobyla,standard,345,346.0,-1.10092905468098,-1.10092905468098,0
cobyla,standard,346,347.0,-1.10092905468098,-1.10092905468098,0
cobyla,standard,347,348.0,-1.10092905468098,-1.10092905468098,0
cobyla,standard,348,349.0,-1.10092905468098,-1.10092905468098,0
cobyla,standard,349,350.0,-1.10092905468098,-1.10092905468098,0
cobyla,standard,350,351.0,-1.10092905468098,-1.10092905468098,0
cobyla,standard,351,352.0,-1.10092905468098,-1.10092905468098,0
cobyla,standard,352,353.0,-1.10092905468098,-1.10092905468098,0
cobyla,standard,353,354.0,-1.10092905468098,-1.10092905468098,0
cobyla,standard,354,355.0,-1.10092905468098,-1.10092905468098,0
cobyla,standard,355,356.0,-1.1040672374446543,-1.1040672374446543,0
cobyla,standard,356,357.0,-1.1040672374446543,-1.1040672374446543,0
cobyla,standard,357,358.0,-1.1040672374446543,-1.1040672374446543,0
cobyla,standard,358,359.0,-1.1040672374446543,-1.1040672374446543,0
cobyla,standard,359,360.0,-1.1057841821509322,-1.1057841821509322,0
cobyla,standard,360,361.0,-1.1057841821509322,-1.1057841821509322,0
cobyla,standard,361,362.0,-1.1057841821509322,-1.1057841821509322,0
cobyla,standard,362,363.0,-1.105878825547316,-1.105878825547316,0
cobyla,standard,363,364.0,-1.105878825547316,-1.105878825547316,0
cobyla,standard,364,365.0,-1.1064329845680188,-1.1064329845680188,0
cobyla,standard,365,366.0,-1.1064329845680188,-1.1064329845680188,0
cobyla,standard,366,367.0,-1.1073735588779556,-1.1073735588779556,0
cobyla,standard,367,368.0,-1.1073735588779556,-1.1073735588779556,0
cobyla,standard,368,369.0,-1.1076696030088622,-1.1076696030088622,0
cobyla,standard,369,370.0,-1.1076696030088622,-1.1076696030088622,0
cobyla,standard,370,371.0,-1.1076696030088622,-1.1076696030088622,0
cobyla,standard,371,372.0,-1.1076696030088622,-1.1076696030088622,0
cobyla,standard,372,373.0,-1.1090699606950436,-1.1090699606950436,0
cobyla,standard,373,374.0,-1.1090699606950436,-1.1090699606950436,0
cobyla,standard,374,375.0,-1.1090699606950436,-1.1090699606950436,0
cobyla,standard,375,376.0,-1.1090699606950436,-1.1090699606950436,0
cobyla,standard,376,377.0,-1.1090699606950436,-1.1090699606950436,0
cobyla,standard,377,378.0,-1.1090699606950436,-1.1090699606950436,0
cobyla,standard,378,379.0,-1.109099520174507,-1.109099520174507,0
cobyla,standard,379,380.0,-1.109099520174507,-1.109099520174507,0
cobyla,standard,380,381.0,-1.1096916602975277,-1.1096916602975277,0
cobyla,standard,381,382.0,-1.1113675758919883,-1.1113675758919883,0
cobyla,standard,382,383.0,-1.1113675758919883,-1.1113675758919883,0
cobyla,standard,383,384.0,-1.1113675758919883,-1.1113675758919883,0
cobyla,standard,384,385.0,-1.1113675758919883,-1.1113675758919883,0
cobyla,standard,385,386.0,-1.1115069099399455,-1.1115069099399455,0
cobyla,standard,386,387.0,-1.1115069099399455,-1.1115069099399455,0
cobyla,standard,387,388.0,-1.1115069099399455,-1.1115069099399455,0
cobyla,standard,388,389.0,-1.1115069099399455,-1.1115069099399455,0
cobyla,standard,389,390.0,-1.1115069099399455,-1.1115069099399455,0
cobyla,standard,390,391.0,-1.1116800402677474,-1.1116800402677474,0
cobyla,standard,391,392.0,-1.1116800402677474,-1.1116800402677474,0
cobyla,standard,392,393.0,-1.113328671511968,-1.113328671511968,0
cobyla,standard,393,394.0,-1.113328671511968,-1.113328671511968,0
cobyla,standard,394,395.0,-1.1137067930902582,-1.1137067930902582,0
cobyla,standard,395,396.0,-1.1137067930902582,-1.1137067930902582,0
cobyla,standard,396,397.0,-1.1137067930902582,-1.1137067930902582,0
cobyla,standard,397,398.0,-1.1137067930902582,-1.1137067930902582,0
cobyla,standard,398,399.0,-1.1137067930902582,-1.1137067930902582,0
cobyla,standard,399,400.0,-1.1137067930902582,-1.1137067930902582,0
cobyla,standard,400,401.0,-1.1137067930902582,-1.1137067930902582,0
cobyla,standard,401,402.0,-1.1137067930902582,-1.1137067930902582,0
cobyla,standard,402,403.0,-1.1137067930902582,-1.1137067930902582,0
cobyla,standard,403,404.0,-1.1137067930902582,-1.1137067930902582,0
cobyla,standard,404,405.0,-1.1137067930902582,-1.1137067930902582,0
cobyla,standard,405,406.0,-1.1137067930902582,-1.1137067930902582,0
cobyla,standard,406,407.0,-1.1137067930902582,-1.1137067930902582,0
cobyla,standard,407,408.0,-1.1137067930902582,-1.1137067930902582,0
cobyla,standard,408,409.0,-1.1137067930902582,-1.1137067930902582,0
cobyla,standard,409,410.0,-1.1137067930902582,-1.1137067930902582,0
cobyla,standard,410,411.0,-1.1137067930902582,-1.1137067930902582,0
cobyla,standard,411,412.0,-1.1137067930902582,-1.1137067930902582,0
cobyla,standard,412,413.0,-1.1138756431357895,-1.1138756431357895,0
cobyla,standard,413,414.0,-1.1138756431357895,-1.1138756431357895,0
cobyla,standard,414,415.0,-1.1138756431357895,-1.1138756431357895,0
cobyla,standard,415,416.0,-1.1138756431357895,-1.1138756431357895,0
cobyla,standard,416,417.0,-1.1138756431357895,-1.1138756431357895,0
cobyla,standard,417,418.0,-1.1138756431357895,-1.1138756431357895,0
cobyla,standard,418,419.0,-1.1138756431357895,-1.1138756431357895,0
cobyla,standard,419,420.0,-1.1138756431357895,-1.1138756431357895,0
cobyla,standard,420,421.0,-1.1138756431357895,-1.1138756431357895,0
cobyla,standard,421,422.0,-1.1138756431357895,-1.1138756431357895,0
cobyla,standard,422,423.0,-1.1138756431357895,-1.1138756431357895,0
cobyla,standard,423,424.0,-1.1138756431357895,-1.1138756431357895,0
cobyla,standard,424,425.0,-1.1138756431357895,-1.1138756431357895,0
cobyla,standard,425,426.0,-1.1138756431357895,-1.1138756431357895,0
cobyla,standard,426,427.0,-1.1138756431357895,-1.1138756431357895,0
cobyla,standard,427,428.0,-1.1138756431357895,-1.1138756431357895,0
cobyla,standard,428,429.0,-1.1138756431357895,-1.1138756431357895,0
cobyla,standard,429,430.0,-1.1140113937507916,-1.1140113937507916,0
cobyla,standard,430,431.0,-1.1140113937507916,-1.1140113937507916,0
cobyla,standard,431,432.0,-1.114484813498526,-1.114484813498526,0
cobyla,standard,432,433.0,-1.1149530198266895,-1.1149530198266895,0
cobyla,standard,433,434.0,-1.1151657969878797,-1.1151657969878797,0
cobyla,standard,434,435.0,-1.11526358939027,-1.11526358939027,0
cobyla,standard,435,436.0,-1.1154972135101835,-1.1154972135101835,0
cobyla,standard,436,437.0,-1.1154972135101835,-1.1154972135101835,0
cobyla,standard,437,438.0,-1.1160573818160164,-1.1160573818160164,0
cobyla,standard,438,439.0,-1.116460342663999,-1.116460342663999,0
cobyla,standard,439,440.0,-1.116460342663999,-1.116460342663999,0
cobyla,standard,440,441.0,-1.1170169420303229,-1.1170169420303229,0
cobyla,standard,441,442.0,-1.1170169420303229,-1.1170169420303229,0
cobyla,standard,442,443.0,-1.1185017036363136,-1.1185017036363136,0
cobyla,standard,443,444.0,-1.1189443599819668,-1.1189443599819668,0
cobyla,standard,444,445.0,-1.1189443599819668,-1.1189443599819668,0
cobyla,standard,445,446.0,-1.1189687097093362,-1.1189687097093362,0
cobyla,standard,446,447.0,-1.1192236735662735,-1.1192236735662735,0
cobyla,standard,447,448.0,-1.1192236735662735,-1.1192236735662735,0
cobyla,standard,448,449.0,-1.119562091198216,-1.119562091198216,0
cobyla,standard,449,450.0,-1.119562091198216,-1.119562091198216,0
cobyla,standard,450,451.0,-1.119562091198216,-1.119562091198216,0
cobyla,standard,451,452.0,-1.119606093969789,-1.119606093969789,0
cobyla,standard,452,453.0,-1.119606093969789,-1.119606093969789,0
cobyla,standard,453,454.0,-1.1198489728536123,-1.1198489728536123,0
cobyla,standard,454,455.0,-1.1198489728536123,-1.1198489728536123,0
cobyla,standard,455,456.0,-1.1198489728536123,-1.1198489728536123,0
cobyla,standard,456,457.0,-1.1198489728536123,-1.1198489728536123,0
cobyla,standard,457,458.0,-1.1198489728536123,-1.1198489728536123,0
cobyla,standard,458,459.0,-1.1198489728536123,-1.1198489728536123,0
cobyla,standard,459,460.0,-1.1198489728536123,-1.1198489728536123,0
cobyla,standard,460,461.0,-1.1198489728536123,-1.1198489728536123,0
cobyla,standard,461,462.0,-1.1198489728536123,-1.1198489728536123,0
cobyla,standard,462,463.0,-1.1198489728536123,-1.1198489728536123,0
cobyla,standard,463,464.0,-1.1198489728536123,-1.1198489728536123,0
cobyla,standard,464,465.0,-1.1198489728536123,-1.1198489728536123,0
cobyla,standard,465,466.0,-1.1198489728536123,-1.1198489728536123,0
cobyla,standard,466,467.0,-1.1198489728536123,-1.1198489728536123,0
cobyla,standard,467,468.0,-1.1199727792901093,-1.1199727792901093,0
cobyla,standard,468,469.0,-1.1199727792901093,-1.1199727792901093,0
cobyla,standard,469,470.0,-1.1207248970751171,-1.1207248970751171,0
cobyla,standard,470,471.0,-1.1207248970751171,-1.1207248970751171,0
cobyla,standard,471,472.0,-1.1207248970751171,-1.1207248970751171,0
cobyla,standard,472,473.0,-1.1208353262918989,-1.1208353262918989,0
cobyla,standard,473,474.0,-1.1208353262918989,-1.1208353262918989,0
cobyla,standard,474,475.0,-1.1208353262918989,-1.1208353262918989,0
cobyla,standard,475,476.0,-1.1208353262918989,-1.1208353262918989,0
cobyla,standard,476,477.0,-1.1208758295844485,-1.1208758295844485,0
cobyla,standard,477,478.0,-1.1208758295844485,-1.1208758295844485,0
cobyla,standard,478,479.0,-1.1208758295844485,-1.1208758295844485,0
cobyla,standard,479,480.0,-1.1209438664100602,-1.1209438664100602,0
cobyla,standard,480,481.0,-1.1209438664100602,-1.1209438664100602,0
cobyla,standard,481,482.0,-1.1209438664100602,-1.1209438664100602,0
cobyla,standard,482,483.0,-1.1210981868905943,-1.1210981868905943,0
cobyla,standard,483,484.0,-1.1210981868905943,-1.1210981868905943,0
cobyla,standard,484,485.0,-1.1210981868905943,-1.1210981868905943,0
cobyla,standard,485,486.0,-1.1211377821077069,-1.1211377821077069,0
cobyla,standard,486,487.0,-1.1211377821077069,-1.1211377821077069,0
cobyla,standard,487,488.0,-1.1211377821077069,-1.1211377821077069,0
cobyla,standard,488,489.0,-1.1211377821077069,-1.1211377821077069,0
cobyla,standard,489,490.0,-1.1211377821077069,-1.1211377821077069,0
cobyla,standard,490,491.0,-1.1213700163721512,-1.1213700163721512,0
cobyla,standard,491,492.0,-1.1213700163721512,-1.1213700163721512,0
cobyla,standard,492,493.0,-1.1213700163721512,-1.1213700163721512,0
cobyla,standard,493,494.0,-1.1218857499262271,-1.1218857499262271,0
cobyla,standard,494,495.0,-1.1222286541523137,-1.1222286541523137,0
cobyla,standard,495,496.0,-1.1223401899944307,-1.1223401899944307,0
cobyla,standard,496,497.0,-1.1223401899944307,-1.1223401899944307,0
cobyla,standard,497,498.0,-1.1223401899944307,-1.1223401899944307,0
cobyla,standard,498,499.0,-1.1223401899944307,-1.1223401899944307,0
cobyla,standard,499,500.0,-1.1225599373557231,-1.1225599373557231,0
cobyla,standard,500,501.0,-1.1234682431078615,-1.1234682431078615,0
cobyla,standard,501,502.0,-1.1234682431078615,-1.1234682431078615,0
cobyla,standard,502,503.0,-1.1234682431078615,-1.1234682431078615,0
cobyla,standard,503,504.0,-1.1234682431078615,-1.1234682431078615,0
cobyla,standard,504,505.0,-1.1234682431078615,-1.1234682431078615,0
cobyla,standard,505,506.0,-1.1234682431078615,-1.1234682431078615,0
cobyla,standard,506,507.0,-1.1234682431078615,-1.1234682431078615,0
cobyla,standard,507,508.0,-1.1234682431078615,-1.1234682431078615,0
cobyla,standard,508,509.0,-1.1234682431078615,-1.1234682431078615,0
cobyla,standard,509,510.0,-1.1234682431078615,-1.1234682431078615,0
cobyla,standard,510,511.0,-1.1234682431078615,-1.1234682431078615,0
cobyla,standard,511,512.0,-1.1237094049230003,-1.1237094049230003,0
cobyla,standard,512,513.0,-1.1237094049230003,-1.1237094049230003,0
cobyla,standard,513,514.0,-1.1237094049230003,-1.1237094049230003,0
cobyla,standard,514,515.0,-1.1237094049230003,-1.1237094049230003,0
cobyla,standard,515,516.0,-1.1238293036384248,-1.1238293036384248,0
cobyla,standard,516,517.0,-1.1239241658429002,-1.1239241658429002,0
cobyla,standard,517,518.0,-1.1239241658429002,-1.1239241658429002,0
cobyla,standard,518,519.0,-1.1242310037761971,-1.1242310037761971,0
cobyla,standard,519,520.0,-1.1242310037761971,-1.1242310037761971,0
cobyla,standard,520,521.0,-1.1242310037761971,-1.1242310037761971,0
cobyla,standard,521,522.0,-1.1242310037761971,-1.1242310037761971,0
cobyla,standard,522,523.0,-1.1242310037761971,-1.1242310037761971,0
cobyla,standard,523,524.0,-1.1242310037761971,-1.1242310037761971,0
cobyla,standard,524,525.0,-1.1242310037761971,-1.1242310037761971,0
cobyla,standard,525,526.0,-1.1242310037761971,-1.1242310037761971,0
cobyla,standard,526,527.0,-1.1242310037761971,-1.1242310037761971,0
cobyla,standard,527,528.0,-1.1242310037761971,-1.1242310037761971,0
cobyla,standard,528,529.0,-1.1242310037761971,-1.1242310037761971,0
cobyla,standard,529,530.0,-1.1242310037761971,-1.1242310037761971,0
cobyla,standard,530,531.0,-1.124352272213306,-1.124352272213306,0
cobyla,standard,531,532.0,-1.124352272213306,-1.124352272213306,0
cobyla,standard,532,533.0,-1.124352272213306,-1.124352272213306,0
cobyla,standard,533,534.0,-1.124352272213306,-1.124352272213306,0
cobyla,standard,534,535.0,-1.124352272213306,-1.124352272213306,0
cobyla,standard,535,536.0,-1.124352272213306,-1.124352272213306,0
cobyla,standard,536,537.0,-1.124352272213306,-1.124352272213306,0
cobyla,standard,537,538.0,-1.124432001240039,-1.124432001240039,0
cobyla,standard,538,539.0,-1.124432001240039,-1.124432001240039,0
cobyla,standard,539,540.0,-1.124508570842726,-1.124508570842726,0
cobyla,standard,540,541.0,-1.124508570842726,-1.124508570842726,0
cobyla,standard,541,542.0,-1.1247129147953843,-1.1247129147953843,0
cobyla,standard,542,543.0,-1.1247129147953843,-1.1247129147953843,0
cobyla,standard,543,544.0,-1.1247129147953843,-1.1247129147953843,0
cobyla,standard,544,545.0,-1.1248749807212686,-1.1248749807212686,0
cobyla,standard,545,546.0,-1.124900866743941,-1.124900866743941,0
cobyla,standard,546,547.0,-1.124900866743941,-1.124900866743941,0
cobyla,standard,547,548.0,-1.124900866743941,-1.124900866743941,0
cobyla,standard,548,549.0,-1.124900866743941,-1.124900866743941,0
cobyla,standard,549,550.0,-1.124900866743941,-1.124900866743941,0
cobyla,standard,550,551.0,-1.124900866743941,-1.124900866743941,0
cobyla,standard,551,552.0,-1.124900866743941,-1.124900866743941,0
cobyla,standard,552,553.0,-1.124900866743941,-1.124900866743941,0
cobyla,standard,553,554.0,-1.124900866743941,-1.124900866743941,0
cobyla,standard,554,555.0,-1.124900866743941,-1.124900866743941,0
cobyla,standard,555,556.0,-1.124900866743941,-1.124900866743941,0
cobyla,standard,556,557.0,-1.124900866743941,-1.124900866743941,0
cobyla,standard,557,558.0,-1.124900866743941,-1.124900866743941,0
cobyla,standard,558,559.0,-1.124900866743941,-1.124900866743941,0
cobyla,standard,559,560.0,-1.124900866743941,-1.124900866743941,0
cobyla,standard,560,561.0,-1.1254908778447557,-1.1254908778447557,0
cobyla,standard,561,562.0,-1.1254908778447557,-1.1254908778447557,0
cobyla,standard,562,563.0,-1.1254908778447557,-1.1254908778447557,0
cobyla,standard,563,564.0,-1.1254908778447557,-1.1254908778447557,0
cobyla,standard,564,565.0,-1.1254908778447557,-1.1254908778447557,0
cobyla,standard,565,566.0,-1.125652671848885,-1.125652671848885,0
cobyla,standard,566,567.0,-1.1256622843025386,-1.1256622843025386,0
cobyla,standard,567,568.0,-1.1256622843025386,-1.1256622843025386,0
cobyla,standard,568,569.0,-1.1256622843025386,-1.1256622843025386,0
cobyla,standard,569,570.0,-1.1256622843025386,-1.1256622843025386,0
cobyla,standard,570,571.0,-1.1256622843025386,-1.1256622843025386,0
cobyla,standard,571,572.0,-1.1256622843025386,-1.1256622843025386,0
cobyla,standard,572,573.0,-1.1256622843025386,-1.1256622843025386,0
cobyla,standard,573,574.0,-1.1258902937937272,-1.1258902937937272,0
cobyla,standard,574,575.0,-1.1261049205806886,-1.1261049205806886,0
cobyla,standard,575,576.0,-1.1261049205806886,-1.1261049205806886,0
cobyla,standard,576,577.0,-1.1261049205806886,-1.1261049205806886,0
cobyla,standard,577,578.0,-1.1261049205806886,-1.1261049205806886,0
cobyla,standard,578,579.0,-1.1261049205806886,-1.1261049205806886,0
cobyla,standard,579,580.0,-1.1261049205806886,-1.1261049205806886,0
cobyla,standard,580,581.0,-1.1261049205806886,-1.1261049205806886,0
cobyla,standard,581,582.0,-1.1263437247695303,-1.1263437247695303,0
cobyla,standard,582,583.0,-1.1263437247695303,-1.1263437247695303,0
cobyla,standard,583,584.0,-1.1263437247695303,-1.1263437247695303,0
cobyla,standard,584,585.0,-1.1263437247695303,-1.1263437247695303,0
cobyla,standard,585,586.0,-1.1263437247695303,-1.1263437247695303,0
cobyla,standard,586,587.0,-1.1263437247695303,-1.1263437247695303,0
cobyla,standard,587,588.0,-1.1263437247695303,-1.1263437247695303,0
cobyla,standard,588,589.0,-1.1263437247695303,-1.1263437247695303,0
cobyla,standard,589,590.0,-1.1263437247695303,-1.1263437247695303,0
cobyla,standard,590,591.0,-1.1263437247695303,-1.1263437247695303,0
cobyla,standard,591,592.0,-1.1264493261211597,-1.1264493261211597,0
cobyla,standard,592,593.0,-1.1264493261211597,-1.1264493261211597,0
cobyla,standard,593,594.0,-1.1265331443185662,-1.1265331443185662,0
cobyla,standard,594,595.0,-1.1265331443185662,-1.1265331443185662,0
cobyla,standard,595,596.0,-1.1265331443185662,-1.1265331443185662,0
cobyla,standard,596,597.0,-1.1265331443185662,-1.1265331443185662,0
cobyla,standard,597,598.0,-1.1265331443185662,-1.1265331443185662,0
cobyla,standard,598,599.0,-1.1265331443185662,-1.1265331443185662,0
cobyla,standard,599,600.0,-1.1265331443185662,-1.1265331443185662,0
cobyla,standard,600,601.0,-1.1265331443185662,-1.1265331443185662,0
cobyla,standard,601,602.0,-1.1265331443185662,-1.1265331443185662,0
cobyla,standard,602,603.0,-1.1265331443185662,-1.1265331443185662,0
cobyla,standard,603,604.0,-1.1265331443185662,-1.1265331443185662,0
cobyla,standard,604,605.0,-1.1265331443185662,-1.1265331443185662,0
cobyla,standard,605,606.0,-1.1265331443185662,-1.1265331443185662,0
cobyla,standard,606,607.0,-1.1265331443185662,-1.1265331443185662,0
cobyla,standard,607,608.0,-1.1265331443185662,-1.1265331443185662,0
cobyla,standard,608,609.0,-1.1265331443185662,-1.1265331443185662,0
cobyla,standard,609,610.0,-1.1265331443185662,-1.1265331443185662,0
cobyla,standard,610,611.0,-1.1265331443185662,-1.1265331443185662,0
cobyla,standard,611,612.0,-1.1265331443185662,-1.1265331443185662,0
cobyla,standard,612,613.0,-1.1265331443185662,-1.1265331443185662,0
cobyla,standard,613,614.0,-1.1265331443185662,-1.1265331443185662,0
cobyla,standard,614,615.0,-1.1265331443185662,-1.1265331443185662,0
cobyla,standard,615,616.0,-1.1265331443185662,-1.1265331443185662,0
cobyla,standard,616,617.0,-1.1266984944144869,-1.1266984944144869,0
cobyla,standard,617,618.0,-1.1266984944144869,-1.1266984944144869,0
cobyla,standard,618,619.0,-1.1266984944144869,-1.1266984944144869,0
cobyla,standard,619,620.0,-1.1266984944144869,-1.1266984944144869,0
cobyla,standard,620,621.0,-1.1268113808673232,-1.1268113808673232,0
cobyla,standard,621,622.0,-1.1268113808673232,-1.1268113808673232,0
cobyla,standard,622,623.0,-1.1269047095758096,-1.1269047095758096,0
cobyla,standard,623,624.0,-1.1269047095758096,-1.1269047095758096,0
cobyla,standard,624,625.0,-1.1269047095758096,-1.1269047095758096,0
cobyla,standard,625,626.0,-1.1269047095758096,-1.1269047095758096,0
cobyla,standard,626,627.0,-1.1269047095758096,-1.1269047095758096,0
cobyla,standard,627,628.0,-1.1269047095758096,-1.1269047095758096,0
cobyla,standard,628,629.0,-1.1269047095758096,-1.1269047095758096,0
cobyla,standard,629,630.0,-1.1269047095758096,-1.1269047095758096,0
cobyla,standard,630,631.0,-1.1269218239042624,-1.1269218239042624,0
cobyla,standard,631,632.0,-1.1269218239042624,-1.1269218239042624,0
cobyla,standard,632,633.0,-1.1269218239042624,-1.1269218239042624,0
cobyla,standard,633,634.0,-1.127000221758006,-1.127000221758006,0
cobyla,standard,634,635.0,-1.127000221758006,-1.127000221758006,0
cobyla,standard,635,636.0,-1.127000221758006,-1.127000221758006,0
cobyla,standard,636,637.0,-1.1270146619664125,-1.1270146619664125,0
cobyla,standard,637,638.0,-1.1272494241376647,-1.1272494241376647,0
cobyla,standard,638,639.0,-1.1272842234618874,-1.1272842234618874,0
cobyla,standard,639,640.0,-1.1272842234618874,-1.1272842234618874,0
cobyla,standard,640,641.0,-1.127305965078793,-1.127305965078793,0
cobyla,standard,641,642.0,-1.127305965078793,-1.127305965078793,0
cobyla,standard,642,643.0,-1.1273607384396596,-1.1273607384396596,0
cobyla,standard,643,644.0,-1.1273607384396596,-1.1273607384396596,0
cobyla,standard,644,645.0,-1.1273607384396596,-1.1273607384396596,0
cobyla,standard,645,646.0,-1.1276536712654646,-1.1276536712654646,0
cobyla,standard,646,647.0,-1.1276536712654646,-1.1276536712654646,0
cobyla,standard,647,648.0,-1.1276536712654646,-1.1276536712654646,0
cobyla,standard,648,649.0,-1.1276536712654646,-1.1276536712654646,0
cobyla,standard,649,650.0,-1.1277188790202899,-1.1277188790202899,0
cobyla,standard,650,651.0,-1.1277188790202899,-1.1277188790202899,0
cobyla,standard,651,652.0,-1.1277188790202899,-1.1277188790202899,0
cobyla,standard,652,653.0,-1.1277188790202899,-1.1277188790202899,0
cobyla,standard,653,654.0,-1.1277366123237036,-1.1277366123237036,0
cobyla,standard,654,655.0,-1.1277366123237036,-1.1277366123237036,0
cobyla,standard,655,656.0,-1.1280269505623006,-1.1280269505623006,0
cobyla,standard,656,657.0,-1.1280269505623006,-1.1280269505623006,0
cobyla,standard,657,658.0,-1.1280269505623006,-1.1280269505623006,0
cobyla,standard,658,659.0,-1.1280269505623006,-1.1280269505623006,0
cobyla,standard,659,660.0,-1.1280269505623006,-1.1280269505623006,0
cobyla,standard,660,661.0,-1.1280269505623006,-1.1280269505623006,0
cobyla,standard,661,662.0,-1.1280269505623006,-1.1280269505623006,0
cobyla,standard,662,663.0,-1.1280269505623006,-1.1280269505623006,0
cobyla,standard,663,664.0,-1.128307786848035,-1.128307786848035,0
cobyla,standard,664,665.0,-1.128307786848035,-1.128307786848035,0
cobyla,standard,665,666.0,-1.128307786848035,-1.128307786848035,0
cobyla,standard,666,667.0,-1.128307786848035,-1.128307786848035,0
cobyla,standard,667,668.0,-1.12845523073612,-1.12845523073612,0
cobyla,standard,668,669.0,-1.12845523073612,-1.12845523073612,0
cobyla,standard,669,670.0,-1.12845523073612,-1.12845523073612,0
cobyla,standard,670,671.0,-1.1284848046452398,-1.1284848046452398,0
cobyla,standard,671,672.0,-1.1284848046452398,-1.1284848046452398,0
cobyla,standard,672,673.0,-1.1284848046452398,-1.1284848046452398,0
cobyla,standard,673,674.0,-1.1284848046452398,-1.1284848046452398,0
cobyla,standard,674,675.0,-1.1284848046452398,-1.1284848046452398,0
cobyla,standard,675,676.0,-1.1284848046452398,-1.1284848046452398,0
cobyla,standard,676,677.0,-1.1284848046452398,-1.1284848046452398,0
cobyla,standard,677,678.0,-1.128517265147744,-1.128517265147744,0
cobyla,standard,678,679.0,-1.1285248378240513,-1.1285248378240513,0
cobyla,standard,679,680.0,-1.1285248378240513,-1.1285248378240513,0
cobyla,standard,680,681.0,-1.1285248378240513,-1.1285248378240513,0
cobyla,standard,681,682.0,-1.1285248378240513,-1.1285248378240513,0
cobyla,standard,682,683.0,-1.1286649783000717,-1.1286649783000717,0
cobyla,standard,683,684.0,-1.1286649783000717,-1.1286649783000717,0
cobyla,standard,684,685.0,-1.1286649783000717,-1.1286649783000717,0
cobyla,standard,685,686.0,-1.1286649783000717,-1.1286649783000717,0
cobyla,standard,686,687.0,-1.1286649783000717,-1.1286649783000717,0
cobyla,standard,687,688.0,-1.1286649783000717,-1.1286649783000717,0
cobyla,standard,688,689.0,-1.1286649783000717,-1.1286649783000717,0
cobyla,standard,689,690.0,-1.12873087044278,-1.12873087044278,0
cobyla,standard,690,691.0,-1.12873087044278,-1.12873087044278,0
cobyla,standard,691,692.0,-1.12873087044278,-1.12873087044278,0
cobyla,standard,692,693.0,-1.12873087044278,-1.12873087044278,0
cobyla,standard,693,694.0,-1.12873087044278,-1.12873087044278,0
cobyla,standard,694,695.0,-1.12873087044278,-1.12873087044278,0
cobyla,standard,695,696.0,-1.12873087044278,-1.12873087044278,0
cobyla,standard,696,697.0,-1.1288143203657437,-1.1288143203657437,0
cobyla,standard,697,698.0,-1.1288143203657437,-1.1288143203657437,0
cobyla,standard,698,699.0,-1.1288143203657437,-1.1288143203657437,0
cobyla,standard,699,700.0,-1.1288143203657437,-1.1288143203657437,0
cobyla,standard,700,701.0,-1.1288143203657437,-1.1288143203657437,0
cobyla,standard,701,702.0,-1.1288143203657437,-1.1288143203657437,0
cobyla,standard,702,703.0,-1.1288143203657437,-1.1288143203657437,0
cobyla,standard,703,704.0,-1.1288143203657437,-1.1288143203657437,0
cobyla,standard,704,705.0,-1.1288143203657437,-1.1288143203657437,0
cobyla,standard,705,706.0,-1.1288143203657437,-1.1288143203657437,0
cobyla,standard,706,707.0,-1.1288143203657437,-1.1288143203657437,0
cobyla,standard,707,708.0,-1.1288143203657437,-1.1288143203657437,0
cobyla,standard,708,709.0,-1.1288143203657437,-1.1288143203657437,0
cobyla,standard,709,710.0,-1.1288143203657437,-1.1288143203657437,0
cobyla,standard,710,711.0,-1.1288969354823846,-1.1288969354823846,0
cobyla,standard,711,712.0,-1.1290130658481539,-1.1290130658481539,0
cobyla,standard,712,713.0,-1.1290130658481539,-1.1290130658481539,0
cobyla,standard,713,714.0,-1.1290130658481539,-1.1290130658481539,0
cobyla,standard,714,715.0,-1.1290130658481539,-1.1290130658481539,0
cobyla,standard,715,716.0,-1.1290130658481539,-1.1290130658481539,0
cobyla,standard,716,717.0,-1.1290130658481539,-1.1290130658481539,0
cobyla,standard,717,718.0,-1.1290130658481539,-1.1290130658481539,0
cobyla,standard,718,719.0,-1.1291063825954788,-1.1291063825954788,0
cobyla,standard,719,720.0,-1.1291226669929812,-1.1291226669929812,0
cobyla,standard,720,721.0,-1.1291652005019361,-1.1291652005019361,0
cobyla,standard,721,722.0,-1.1291652005019361,-1.1291652005019361,0
cobyla,standard,722,723.0,-1.1291652005019361,-1.1291652005019361,0
cobyla,standard,723,724.0,-1.1291652005019361,-1.1291652005019361,0
cobyla,standard,724,725.0,-1.1291790137956248,-1.1291790137956248,0
cobyla,standard,725,726.0,-1.1291790137956248,-1.1291790137956248,0
cobyla,standard,726,727.0,-1.1291790137956248,-1.1291790137956248,0
cobyla,standard,727,728.0,-1.1291790137956248,-1.1291790137956248,0
cobyla,standard,728,729.0,-1.1291790137956248,-1.1291790137956248,0
cobyla,standard,729,730.0,-1.1291790137956248,-1.1291790137956248,0
cobyla,standard,730,731.0,-1.1292181303366053,-1.1292181303366053,0
cobyla,standard,731,732.0,-1.1292181303366053,-1.1292181303366053,0
cobyla,standard,732,733.0,-1.1292181303366053,-1.1292181303366053,0
cobyla,standard,733,734.0,-1.1292573990160844,-1.1292573990160844,0
cobyla,standard,734,735.0,-1.1292701461719779,-1.1292701461719779,0
cobyla,standard,735,736.0,-1.1292701461719779,-1.1292701461719779,0
cobyla,standard,736,737.0,-1.1292701461719779,-1.1292701461719779,0
cobyla,standard,737,738.0,-1.1292701461719779,-1.1292701461719779,0
cobyla,standard,738,739.0,-1.1292701461719779,-1.1292701461719779,0
cobyla,standard,739,740.0,-1.1293114562823403,-1.1293114562823403,0
cobyla,standard,740,741.0,-1.1294208173594937,-1.1294208173594937,0
cobyla,standard,741,742.0,-1.129469772535156,-1.129469772535156,0
cobyla,standard,742,743.0,-1.129469772535156,-1.129469772535156,0
cobyla,standard,743,744.0,-1.129469772535156,-1.129469772535156,0
cobyla,standard,744,745.0,-1.129469772535156,-1.129469772535156,0
cobyla,standard,745,746.0,-1.129469772535156,-1.129469772535156,0
cobyla,standard,746,747.0,-1.129469772535156,-1.129469772535156,0
cobyla,standard,747,748.0,-1.129469772535156,-1.129469772535156,0
cobyla,standard,748,749.0,-1.1294866106218564,-1.1294866106218564,0
cobyla,standard,749,750.0,-1.1294866106218564,-1.1294866106218564,0
cobyla,standard,750,751.0,-1.1294866106218564,-1.1294866106218564,0
cobyla,standard,751,752.0,-1.1294866106218564,-1.1294866106218564,0
cobyla,standard,752,753.0,-1.1294866106218564,-1.1294866106218564,0
cobyla,standard,753,754.0,-1.1294866106218564,-1.1294866106218564,0
cobyla,standard,754,755.0,-1.1296198591740436,-1.1296198591740436,0
cobyla,standard,755,756.0,-1.1296198591740436,-1.1296198591740436,0
cobyla,standard,756,757.0,-1.1296198591740436,-1.1296198591740436,0
cobyla,standard,757,758.0,-1.1296198591740436,-1.1296198591740436,0
cobyla,standard,758,759.0,-1.1296198591740436,-1.1296198591740436,0
cobyla,standard,759,760.0,-1.1296198591740436,-1.1296198591740436,0
cobyla,standard,760,761.0,-1.1296198591740436,-1.1296198591740436,0
cobyla,standard,761,762.0,-1.1296198591740436,-1.1296198591740436,0
cobyla,standard,762,763.0,-1.1296198591740436,-1.1296198591740436,0
cobyla,standard,763,764.0,-1.1296198591740436,-1.1296198591740436,0
cobyla,standard,764,765.0,-1.1296198591740436,-1.1296198591740436,0
cobyla,standard,765,766.0,-1.1296198591740436,-1.1296198591740436,0
cobyla,standard,766,767.0,-1.1297080401865054,-1.1297080401865054,0
cobyla,standard,767,768.0,-1.1297080401865054,-1.1297080401865054,0
cobyla,standard,768,769.0,-1.1297080401865054,-1.1297080401865054,0
cobyla,standard,769,770.0,-1.1297080401865054,-1.1297080401865054,0
cobyla,standard,770,771.0,-1.1297080401865054,-1.1297080401865054,0
cobyla,standard,771,772.0,-1.1297080401865054,-1.1297080401865054,0
cobyla,standard,772,773.0,-1.1297080401865054,-1.1297080401865054,0
cobyla,standard,773,774.0,-1.1297080401865054,-1.1297080401865054,0
cobyla,standard,774,775.0,-1.1297080401865054,-1.1297080401865054,0
cobyla,standard,775,776.0,-1.1297080401865054,-1.1297080401865054,0
cobyla,standard,776,777.0,-1.1297080401865054,-1.1297080401865054,0
cobyla,standard,777,778.0,-1.1297080401865054,-1.1297080401865054,0
cobyla,standard,778,779.0,-1.1297080401865054,-1.1297080401865054,0
cobyla,standard,779,780.0,-1.1297080401865054,-1.1297080401865054,0
cobyla,standard,780,781.0,-1.1297080401865054,-1.1297080401865054,0
cobyla,standard,781,782.0,-1.129709221788027,-1.129709221788027,0
cobyla,standard,782,783.0,-1.129709221788027,-1.129709221788027,0
cobyla,standard,783,784.0,-1.1297164083998237,-1.1297164083998237,0
cobyla,standard,784,785.0,-1.1297164083998237,-1.1297164083998237,0
cobyla,standard,785,786.0,-1.1297164083998237,-1.1297164083998237,0
cobyla,standard,786,787.0,-1.1297164083998237,-1.1297164083998237,0
cobyla,standard,787,788.0,-1.1297360629150779,-1.1297360629150779,0
cobyla,standard,788,789.0,-1.1297360629150779,-1.1297360629150779,0
cobyla,standard,789,790.0,-1.129755196588405,-1.129755196588405,0
cobyla,standard,790,791.0,-1.129755196588405,-1.129755196588405,0
cobyla,standard,791,792.0,-1.129755196588405,-1.129755196588405,0
cobyla,standard,792,793.0,-1.1297574871885985,-1.1297574871885985,0
cobyla,standard,793,794.0,-1.1297574871885985,-1.1297574871885985,0
cobyla,standard,794,795.0,-1.1297574871885985,-1.1297574871885985,0
cobyla,standard,795,796.0,-1.129765118032666,-1.129765118032666,0
cobyla,standard,796,797.0,-1.1298379061025816,-1.1298379061025816,0
cobyla,standard,797,798.0,-1.1298379061025816,-1.1298379061025816,0
cobyla,standard,798,799.0,-1.1298379061025816,-1.1298379061025816,0
cobyla,standard,799,800.0,-1.1298379061025816,-1.1298379061025816,0
cobyla,standard,800,801.0,-1.1298544899344458,-1.1298544899344458,0
cobyla,standard,801,802.0,-1.1298544899344458,-1.1298544899344458,0
cobyla,standard,802,803.0,-1.129855118836139,-1.129855118836139,0
cobyla,standard,803,804.0,-1.129855118836139,-1.129855118836139,0
cobyla,standard,804,805.0,-1.1298650260957932,-1.1298650260957932,0
cobyla,standard,805,806.0,-1.1298728215320664,-1.1298728215320664,0
cobyla,standard,806,807.0,-1.1298728215320664,-1.1298728215320664,0
cobyla,standard,807,808.0,-1.1298728215320664,-1.1298728215320664,0
cobyla,standard,808,809.0,-1.1298728215320664,-1.1298728215320664,0
cobyla,standard,809,810.0,-1.1298728215320664,-1.1298728215320664,0
cobyla,standard,810,811.0,-1.1299602864503742,-1.1299602864503742,0
cobyla,standard,811,812.0,-1.129975082747618,-1.129975082747618,0
cobyla,standard,812,813.0,-1.129975082747618,-1.129975082747618,0
cobyla,standard,813,814.0,-1.129975082747618,-1.129975082747618,0
cobyla,standard,814,815.0,-1.129975082747618,-1.129975082747618,0
cobyla,standard,815,816.0,-1.129975082747618,-1.129975082747618,0
cobyla,standard,816,817.0,-1.129975082747618,-1.129975082747618,0
cobyla,standard,817,818.0,-1.129975082747618,-1.129975082747618,0
cobyla,standard,818,819.0,-1.130070831609015,-1.130070831609015,0
cobyla,standard,819,820.0,-1.1300815586488686,-1.1300815586488686,0
cobyla,standard,820,821.0,-1.130126466084898,-1.130126466084898,0
cobyla,standard,821,822.0,-1.130150381079547,-1.130150381079547,0
cobyla,standard,822,823.0,-1.1302204449629776,-1.1302204449629776,0
cobyla,standard,823,824.0,-1.1302204449629776,-1.1302204449629776,0
cobyla,standard,824,825.0,-1.1302204449629776,-1.1302204449629776,0
cobyla,standard,825,826.0,-1.1302204449629776,-1.1302204449629776,0
cobyla,standard,826,827.0,-1.1302204449629776,-1.1302204449629776,0
cobyla,standard,827,828.0,-1.1302231126455502,-1.1302231126455502,0
cobyla,standard,828,829.0,-1.1303083612657472,-1.1303083612657472,0
cobyla,standard,829,830.0,-1.1303083612657472,-1.1303083612657472,0
cobyla,standard,830,831.0,-1.1303373614165726,-1.1303373614165726,0
cobyla,standard,831,832.0,-1.1303551224627628,-1.1303551224627628,0
cobyla,standard,832,833.0,-1.1303551224627628,-1.1303551224627628,0
cobyla,standard,833,834.0,-1.130379604700299,-1.130379604700299,0
cobyla,standard,834,835.0,-1.130379604700299,-1.130379604700299,0
cobyla,standard,835,836.0,-1.13040175061843,-1.13040175061843,0
cobyla,standard,836,837.0,-1.1304060123978503,-1.1304060123978503,0
cobyla,standard,837,838.0,-1.1304215330481158,-1.1304215330481158,0
cobyla,standard,838,839.0,-1.1304215330481158,-1.1304215330481158,0
cobyla,standard,839,840.0,-1.1304215330481158,-1.1304215330481158,0
cobyla,standard,840,841.0,-1.1304215330481158,-1.1304215330481158,0
cobyla,standard,841,842.0,-1.1304215330481158,-1.1304215330481158,0
cobyla,standard,842,843.0,-1.1304215330481158,-1.1304215330481158,0
cobyla,standard,843,844.0,-1.1304215330481158,-1.1304215330481158,0
cobyla,standard,844,845.0,-1.1304215330481158,-1.1304215330481158,0
cobyla,standard,845,846.0,-1.1304215330481158,-1.1304215330481158,0
cobyla,standard,846,847.0,-1.1304592995651546,-1.1304592995651546,0
cobyla,standard,847,848.0,-1.1304592995651546,-1.1304592995651546,0
cobyla,standard,848,849.0,-1.1304592995651546,-1.1304592995651546,0
cobyla,standard,849,850.0,-1.1304592995651546,-1.1304592995651546,0
cobyla,standard,850,851.0,-1.1304764635242321,-1.1304764635242321,0
cobyla,standard,851,852.0,-1.1304764635242321,-1.1304764635242321,0
cobyla,standard,852,853.0,-1.1304764635242321,-1.1304764635242321,0
cobyla,standard,853,854.0,-1.1304764635242321,-1.1304764635242321,0
cobyla,standard,854,855.0,-1.1304764635242321,-1.1304764635242321,0
cobyla,standard,855,856.0,-1.1304764635242321,-1.1304764635242321,0
cobyla,standard,856,857.0,-1.1304765811470243,-1.1304765811470243,0
cobyla,standard,857,858.0,-1.1304765811470243,-1.1304765811470243,0
cobyla,standard,858,859.0,-1.1304765811470243,-1.1304765811470243,0
cobyla,standard,859,860.0,-1.1304802910814953,-1.1304802910814953,0
cobyla,standard,860,861.0,-1.1304802910814953,-1.1304802910814953,0
cobyla,standard,861,862.0,-1.1304944284548566,-1.1304944284548566,0
cobyla,standard,862,863.0,-1.1304944284548566,-1.1304944284548566,0
cobyla,standard,863,864.0,-1.1304944284548566,-1.1304944284548566,0
cobyla,standard,864,865.0,-1.1304944284548566,-1.1304944284548566,0
cobyla,standard,865,866.0,-1.1305178434766407,-1.1305178434766407,0
cobyla,standard,866,867.0,-1.1305639821567781,-1.1305639821567781,0
cobyla,standard,867,868.0,-1.1305639821567781,-1.1305639821567781,0
cobyla,standard,868,869.0,-1.1305639821567781,-1.1305639821567781,0
cobyla,standard,869,870.0,-1.1305639821567781,-1.1305639821567781,0
cobyla,standard,870,871.0,-1.1305740312892054,-1.1305740312892054,0
cobyla,standard,871,872.0,-1.1305740312892054,-1.1305740312892054,0
cobyla,standard,872,873.0,-1.130633760218919,-1.130633760218919,0
cobyla,standard,873,874.0,-1.1306456031921401,-1.1306456031921401,0
cobyla,standard,874,875.0,-1.1306456031921401,-1.1306456031921401,0
cobyla,standard,875,876.0,-1.1306456031921401,-1.1306456031921401,0
cobyla,standard,876,877.0,-1.1306456031921401,-1.1306456031921401,0
cobyla,standard,877,878.0,-1.1306456031921401,-1.1306456031921401,0
cobyla,standard,878,879.0,-1.1306824244481175,-1.1306824244481175,0
cobyla,standard,879,880.0,-1.1306887545050504,-1.1306887545050504,0
cobyla,standard,880,881.0,-1.13069141647466,-1.13069141647466,0
cobyla,standard,881,882.0,-1.13069141647466,-1.13069141647466,0
cobyla,standard,882,883.0,-1.1307086271633353,-1.1307086271633353,0
cobyla,standard,883,884.0,-1.1307086271633353,-1.1307086271633353,0
cobyla,standard,884,885.0,-1.130784578045279,-1.130784578045279,0
cobyla,standard,885,886.0,-1.1307892884673274,-1.1307892884673274,0
cobyla,standard,886,887.0,-1.1307892884673274,-1.1307892884673274,0
cobyla,standard,887,888.0,-1.130815213190083,-1.130815213190083,0
cobyla,standard,888,889.0,-1.130867949119904,-1.130867949119904,0
cobyla,standard,889,890.0,-1.130867949119904,-1.130867949119904,0
cobyla,standard,890,891.0,-1.130867949119904,-1.130867949119904,0
cobyla,standard,891,892.0,-1.1308920557033693,-1.1308920557033693,0
cobyla,standard,892,893.0,-1.1308920557033693,-1.1308920557033693,0
cobyla,standard,893,894.0,-1.1308920557033693,-1.1308920557033693,0
cobyla,standard,894,895.0,-1.1308920557033693,-1.1308920557033693,0
cobyla,standard,895,896.0,-1.1309124273163316,-1.1309124273163316,0
cobyla,standard,896,897.0,-1.1309124273163316,-1.1309124273163316,0
cobyla,standard,897,898.0,-1.1309124273163316,-1.1309124273163316,0
cobyla,standard,898,899.0,-1.1309124273163316,-1.1309124273163316,0
cobyla,standard,899,900.0,-1.1309124273163316,-1.1309124273163316,0
cobyla,standard,900,901.0,-1.1309580609548828,-1.1309580609548828,0
cobyla,standard,901,902.0,-1.1309580609548828,-1.1309580609548828,0
cobyla,standard,902,903.0,-1.1309580609548828,-1.1309580609548828,0
cobyla,standard,903,904.0,-1.1309580609548828,-1.1309580609548828,0
cobyla,standard,904,905.0,-1.1309580609548828,-1.1309580609548828,0
cobyla,standard,905,906.0,-1.130961984141422,-1.130961984141422,0
cobyla,standard,906,907.0,-1.130961984141422,-1.130961984141422,0
cobyla,standard,907,908.0,-1.130961984141422,-1.130961984141422,0
cobyla,standard,908,909.0,-1.130961984141422,-1.130961984141422,0
cobyla,standard,909,910.0,-1.130961984141422,-1.130961984141422,0
cobyla,standard,910,911.0,-1.130961984141422,-1.130961984141422,0
cobyla,standard,911,912.0,-1.1309690043420357,-1.1309690043420357,0
cobyla,standard,912,913.0,-1.1309690043420357,-1.1309690043420357,0
cobyla,standard,913,914.0,-1.1310065559398081,-1.1310065559398081,0
cobyla,standard,914,915.0,-1.1310065559398081,-1.1310065559398081,0
cobyla,standard,915,916.0,-1.1310065559398081,-1.1310065559398081,0
cobyla,standard,916,917.0,-1.1310065559398081,-1.1310065559398081,0
cobyla,standard,917,918.0,-1.1310065559398081,-1.1310065559398081,0
cobyla,standard,918,919.0,-1.1310065559398081,-1.1310065559398081,0
cobyla,standard,919,920.0,-1.1310065559398081,-1.1310065559398081,0
cobyla,standard,920,921.0,-1.1310065559398081,-1.1310065559398081,0
cobyla,standard,921,922.0,-1.1310065559398081,-1.1310065559398081,0
cobyla,standard,922,923.0,-1.1310065559398081,-1.1310065559398081,0
cobyla,standard,923,924.0,-1.1310065559398081,-1.1310065559398081,0
cobyla,standard,924,925.0,-1.1310122327721845,-1.1310122327721845,0
cobyla,standard,925,926.0,-1.1310122327721845,-1.1310122327721845,0
cobyla,standard,926,927.0,-1.1310344258340557,-1.1310344258340557,0
cobyla,standard,927,928.0,-1.1310344258340557,-1.1310344258340557,0
cobyla,standard,928,929.0,-1.1310344258340557,-1.1310344258340557,0
cobyla,standard,929,930.0,-1.1310344258340557,-1.1310344258340557,0
cobyla,standard,930,931.0,-1.1310344258340557,-1.1310344258340557,0
cobyla,standard,931,932.0,-1.1310344258340557,-1.1310344258340557,0
cobyla,standard,932,933.0,-1.1310365689368775,-1.1310365689368775,0
cobyla,standard,933,934.0,-1.1310365689368775,-1.1310365689368775,0
cobyla,standard,934,935.0,-1.1310738696763782,-1.1310738696763782,0
cobyla,standard,935,936.0,-1.131093326914584,-1.131093326914584,0
cobyla,standard,936,937.0,-1.1311534463994641,-1.1311534463994641,0
cobyla,standard,937,938.0,-1.1311534463994641,-1.1311534463994641,0
cobyla,standard,938,939.0,-1.1311813899142333,-1.1311813899142333,0
cobyla,standard,939,940.0,-1.1311813899142333,-1.1311813899142333,0
cobyla,standard,940,941.0,-1.131205007371684,-1.131205007371684,0
cobyla,standard,941,942.0,-1.131205007371684,-1.131205007371684,0
cobyla,standard,942,943.0,-1.1312090325438966,-1.1312090325438966,0
cobyla,standard,943,944.0,-1.1312516279847589,-1.1312516279847589,0
cobyla,standard,944,945.0,-1.1312575342888447,-1.1312575342888447,0
cobyla,standard,945,946.0,-1.1312575342888447,-1.1312575342888447,0
cobyla,standard,946,947.0,-1.1312575342888447,-1.1312575342888447,0
cobyla,standard,947,948.0,-1.1312575342888447,-1.1312575342888447,0
cobyla,standard,948,949.0,-1.1312715292058033,-1.1312715292058033,0
cobyla,standard,949,950.0,-1.131290114287611,-1.131290114287611,0
cobyla,standard,950,951.0,-1.131290114287611,-1.131290114287611,0
cobyla,standard,951,952.0,-1.131290114287611,-1.131290114287611,0
cobyla,standard,952,953.0,-1.131290114287611,-1.131290114287611,0
cobyla,standard,953,954.0,-1.131304656546071,-1.131304656546071,0
cobyla,standard,954,955.0,-1.131304656546071,-1.131304656546071,0
cobyla,standard,955,956.0,-1.131319893219474,-1.131319893219474,0
cobyla,standard,956,957.0,-1.1313326429026258,-1.1313326429026258,0
cobyla,standard,957,958.0,-1.1313326429026258,-1.1313326429026258,0
cobyla,standard,958,959.0,-1.1313326429026258,-1.1313326429026258,0
cobyla,standard,959,960.0,-1.1313326429026258,-1.1313326429026258,0
cobyla,standard,960,961.0,-1.1313326429026258,-1.1313326429026258,0
cobyla,standard,961,962.0,-1.1313326429026258,-1.1313326429026258,0
cobyla,standard,962,963.0,-1.1313848246653715,-1.1313848246653715,0
cobyla,standard,963,964.0,-1.1313848246653715,-1.1313848246653715,0
cobyla,standard,964,965.0,-1.1313848246653715,-1.1313848246653715,0
cobyla,standard,965,966.0,-1.131419696153307,-1.131419696153307,0
cobyla,standard,966,967.0,-1.131419696153307,-1.131419696153307,0
cobyla,standard,967,968.0,-1.131420926893475,-1.131420926893475,0
cobyla,standard,968,969.0,-1.131462551230353,-1.131462551230353,0
cobyla,standard,969,970.0,-1.1314813710473182,-1.1314813710473182,0
cobyla,standard,970,971.0,-1.1314813710473182,-1.1314813710473182,0
cobyla,standard,971,972.0,-1.13151766200225,-1.13151766200225,0
cobyla,standard,972,973.0,-1.13151766200225,-1.13151766200225,0
cobyla,standard,973,974.0,-1.13151766200225,-1.13151766200225,0
cobyla,standard,974,975.0,-1.13151766200225,-1.13151766200225,0
cobyla,standard,975,976.0,-1.13151766200225,-1.13151766200225,0
cobyla,standard,976,977.0,-1.13151766200225,-1.13151766200225,0
cobyla,standard,977,978.0,-1.13151766200225,-1.13151766200225,0
cobyla,standard,978,979.0,-1.1315288790365787,-1.1315288790365787,0
cobyla,standard,979,980.0,-1.1315351761677908,-1.1315351761677908,0
cobyla,standard,980,981.0,-1.1315351761677908,-1.1315351761677908,0
cobyla,standard,981,982.0,-1.1315351761677908,-1.1315351761677908,0
cobyla,standard,982,983.0,-1.1315351761677908,-1.1315351761677908,0
cobyla,standard,983,984.0,-1.1315568446103426,-1.1315568446103426,0
cobyla,standard,984,985.0,-1.1315568446103426,-1.1315568446103426,0
cobyla,standard,985,986.0,-1.1315568446103426,-1.1315568446103426,0
cobyla,standard,986,987.0,-1.1315568446103426,-1.1315568446103426,0
cobyla,standard,987,988.0,-1.1315666970420342,-1.1315666970420342,0
cobyla,standard,988,989.0,-1.1315853663306303,-1.1315853663306303,0
cobyla,standard,989,990.0,-1.1315853663306303,-1.1315853663306303,0
cobyla,standard,990,991.0,-1.131636901331008,-1.131636901331008,0
cobyla,standard,991,992.0,-1.131636901331008,-1.131636901331008,0
cobyla,standard,992,993.0,-1.1316639408983795,-1.1316639408983795,0
cobyla,standard,993,994.0,-1.1316639408983795,-1.1316639408983795,0
cobyla,standard,994,995.0,-1.131667467158113,-1.131667467158113,0
cobyla,standard,995,996.0,-1.131667467158113,-1.131667467158113,0
cobyla,standard,996,997.0,-1.131667467158113,-1.131667467158113,0
cobyla,standard,997,998.0,-1.131667467158113,-1.131667467158113,0
cobyla,standard,998,999.0,-1.131697385309514,-1.131697385309514,0
cobyla,standard,999,1000.0,-1.1317162649339756,-1.1317162649339756,0
cobyla,local_global,0,1.0,0.5278211239450562,-0.06737269252799219,0
cobyla,local_global,1,2.0,0.47751575307430144,-0.12537655711798432,0
cobyla,local_global,2,3.0,0.47751575307430144,-0.12537655711798432,0
cobyla,local_global,3,4.0,0.4385202370696155,-0.281710131907506,0
cobyla,local_global,4,5.0,0.4185667073259788,-0.38278501739541526,0
cobyla,local_global,5,6.0,0.4185667073259788,-0.38278501739541526,0
cobyla,local_global,6,7.0,0.4185667073259788,-0.38278501739541526,0
cobyla,local_global,7,8.0,0.4185667073259788,-0.38278501739541526,0
cobyla,local_global,8,9.0,0.4185667073259788,-0.38278501739541526,0
cobyla,local_global,9,10.0,0.4185667073259788,-0.38278501739541526,0
cobyla,local_global,10,11.0,0.37919340567171445,-0.43769775816952533,0
cobyla,local_global,11,12.0,0.37919340567171445,-0.43769775816952533,0
cobyla,local_global,12,13.0,0.37919340567171445,-0.43769775816952533,0
cobyla,local_global,13,14.0,0.37919340567171445,-0.43769775816952533,0
cobyla,local_global,14,15.0,0.3650586900911319,-0.42830994905534453,0
cobyla,local_global,15,16.0,0.3650586900911319,-0.42830994905534453,0
cobyla,local_global,16,17.0,0.3650586900911319,-0.42830994905534453,0
cobyla,local_global,17,18.0,0.3650586900911319,-0.42830994905534453,0
cobyla,local_global,18,19.0,0.3650586900911319,-0.42830994905534453,0
cobyla,local_global,19,20.0,0.3593177646922231,-0.3917161223124187,0
cobyla,local_global,20,21.0,0.3593177646922231,-0.3917161223124187,0
cobyla,local_global,21,22.0,0.3593177646922231,-0.3917161223124187,0
cobyla,local_global,22,23.0,0.3593177646922231,-0.3917161223124187,0
cobyla,local_global,23,24.0,0.3593177646922231,-0.3917161223124187,0
cobyla,local_global,24,25.0,0.3450591308163007,-0.435448310477842,0
cobyla,local_global,25,26.0,0.3450591308163007,-0.435448310477842,0
cobyla,local_global,26,27.0,0.34494050701673207,-0.462620002593558,0
cobyla,local_global,27,28.0,0.34494050701673207,-0.462620002593558,0
cobyla,local_global,28,29.0,0.3314706574435527,-0.5070775061325695,0
cobyla,local_global,29,30.0,0.3314706574435527,-0.5070775061325695,0
cobyla,local_global,30,31.0,0.3314706574435527,-0.5070775061325695,0
cobyla,local_global,31,32.0,0.3314706574435527,-0.5070775061325695,0
cobyla,local_global,32,33.0,0.3314706574435527,-0.5070775061325695,0
cobyla,local_global,33,34.0,0.3314706574435527,-0.5070775061325695,0
cobyla,local_global,34,35.0,0.3314706574435527,-0.5070775061325695,0
cobyla,local_global,35,36.0,0.32321526910675524,-0.45252586308958004,0
cobyla,local_global,36,37.0,0.3232152691067552,-0.45413629094360075,0
cobyla,local_global,37,38.0,0.3232152691067552,-0.45413629094360075,0
cobyla,local_global,38,39.0,0.3232152691067552,-0.45413629094360075,0
cobyla,local_global,39,40.0,0.3232152691067552,-0.45413629094360075,0
cobyla,local_global,40,41.0,0.3232152691067552,-0.45413629094360075,0
cobyla,local_global,41,42.0,0.3232152691067552,-0.45413629094360075,0
cobyla,local_global,42,43.0,0.3214214326698321,-0.4435799211447626,0
cobyla,local_global,43,44.0,0.3214214326698321,-0.4435799211447626,0
cobyla,local_global,44,45.0,0.3214214326698321,-0.4435799211447626,0
cobyla,local_global,45,46.0,0.3198579390148016,-0.45289667346877155,0
cobyla,local_global,46,47.0,0.31005773632870975,-0.4519224102049595,0
cobyla,local_global,47,48.0,0.31005773632870975,-0.4519224102049595,0
cobyla,local_global,48,49.0,0.3079775929795848,-0.4626713272060882,0
cobyla,local_global,49,50.0,0.3074716893978466,-0.4829415466872694,0
cobyla,local_global,50,51.0,0.3074716893978466,-0.4829415466872694,0
cobyla,local_global,51,52.0,0.3074716893978466,-0.4829415466872694,0
cobyla,local_global,52,53.0,0.3074716893978466,-0.4829415466872694,0
cobyla,local_global,53,54.0,0.3074716893978466,-0.4829415466872694,0
cobyla,local_global,54,55.0,0.30723637988442326,-0.5216568360478354,0
cobyla,local_global,55,56.0,0.30723637988442326,-0.5216568360478354,0
cobyla,local_global,56,57.0,0.30723637988442326,-0.5216568360478354,0
cobyla,local_global,57,58.0,0.30723637988442326,-0.5216568360478354,0
cobyla,local_global,58,59.0,0.28363503371108634,-0.5377091081730859,0
cobyla,local_global,59,60.0,0.25070012717224655,-0.6233177245166536,0
cobyla,local_global,60,61.0,0.25070012717224655,-0.6233177245166536,0
cobyla,local_global,61,62.0,0.25070012717224655,-0.6233177245166536,0
cobyla,local_global,62,63.0,0.25070012717224655,-0.6233177245166536,0
cobyla,local_global,63,64.0,0.25070012717224655,-0.6233177245166536,0
cobyla,local_global,64,65.0,0.25070012717224655,-0.6233177245166536,0
cobyla,local_global,65,66.0,0.25070012717224655,-0.6233177245166536,0
cobyla,local_global,66,67.0,0.25070012717224655,-0.6233177245166536,0
cobyla,local_global,67,68.0,0.25070012717224655,-0.6233177245166536,0
cobyla,local_global,68,69.0,0.25070012717224655,-0.6233177245166536,0
cobyla,local_global,69,70.0,0.25070012717224655,-0.6233177245166536,0
cobyla,local_global,70,71.0,0.25070012717224655,-0.6233177245166536,0
cobyla,local_global,71,72.0,0.25070012717224655,-0.6233177245166536,0
cobyla,local_global,72,73.0,0.23545837026272176,-0.6881236590211135,0
cobyla,local_global,73,74.0,0.23545837026272176,-0.6881236590211135,0
cobyla,local_global,74,75.0,0.23545837026272176,-0.6881236590211135,0
cobyla,local_global,75,76.0,0.23545837026272176,-0.6881236590211135,0
cobyla,local_global,76,77.0,0.21870361835704086,-0.7357318332009768,0
cobyla,local_global,77,78.0,0.2065720546408368,-0.6479979908687566,0
cobyla,local_global,78,79.0,0.1899437204062681,-0.7005705515865639,0
cobyla,local_global,79,80.0,0.1899437204062681,-0.7005705515865639,0
cobyla,local_global,80,81.0,0.1899437204062681,-0.7005705515865639,0
cobyla,local_global,81,82.0,0.1899437204062681,-0.7005705515865639,0
cobyla,local_global,82,83.0,0.189943720406268,-0.7097459410774197,0
cobyla,local_global,83,84.0,0.13437467464954037,-0.8287490085807724,0
cobyla,local_global,84,85.0,0.13437467464954037,-0.8287490085807724,0
cobyla,local_global,85,86.0,0.13437467464954037,-0.8287490085807724,0
cobyla,local_global,86,87.0,0.13437467464954037,-0.8287490085807724,0
cobyla,local_global,87,88.0,0.13437467464954037,-0.8287490085807724,0
cobyla,local_global,88,89.0,0.13437467464954037,-0.8287490085807724,0
cobyla,local_global,89,90.0,0.13437467464954037,-0.8287490085807724,0
cobyla,local_global,90,91.0,0.13437467464954037,-0.8287490085807724,0
cobyla,local_global,91,92.0,0.13437467464954037,-0.8287490085807724,0
cobyla,local_global,92,93.0,0.1155758850514784,-0.8540115678468109,0
cobyla,local_global,93,94.0,0.1155758850514784,-0.8540115678468109,0
cobyla,local_global,94,95.0,0.1155758850514784,-0.8540115678468109,0
cobyla,local_global,95,96.0,0.1155758850514784,-0.8540115678468109,0
cobyla,local_global,96,97.0,0.1155758850514784,-0.8540115678468109,0
cobyla,local_global,97,98.0,0.1155758850514784,-0.8540115678468109,0
cobyla,local_global,98,99.0,0.1155758850514784,-0.8540115678468109,0
cobyla,local_global,99,100.0,0.1155758850514784,-0.8540115678468109,0
cobyla,local_global,100,101.0,0.1155758850514784,-0.8540115678468109,0
cobyla,local_global,101,102.0,0.1155758850514784,-0.8540115678468109,0
cobyla,local_global,102,103.0,0.11191361142845432,-0.866781275236512,0
cobyla,local_global,103,104.0,0.11191361142845432,-0.866781275236512,0
cobyla,local_global,104,105.0,0.11191361142845432,-0.866781275236512,0
cobyla,local_global,105,106.0,0.11191361142845432,-0.866781275236512,0
cobyla,local_global,106,107.0,0.10955398407197267,-0.8644185523311242,0
cobyla,local_global,107,108.0,0.10955398407197267,-0.8644185523311242,0
cobyla,local_global,108,109.0,0.10955398407197267,-0.8644185523311242,0
cobyla,local_global,109,110.0,0.10955398407197267,-0.8644185523311242,0
cobyla,local_global,110,111.0,0.10955398407197267,-0.8644185523311242,0
cobyla,local_global,111,112.0,0.10955398407197267,-0.8644185523311242,0
cobyla,local_global,112,113.0,0.10955398407197267,-0.8644185523311242,0
cobyla,local_global,113,114.0,0.10955398407197267,-0.8644185523311242,0
cobyla,local_global,114,115.0,0.10955398407197267,-0.8644185523311242,0
cobyla,local_global,115,116.0,0.10955398407197267,-0.8644185523311242,0
cobyla,local_global,116,117.0,0.10955398407197267,-0.8644185523311242,0
cobyla,local_global,117,118.0,0.10955398407197267,-0.8644185523311242,0
cobyla,local_global,118,119.0,0.10348040129781844,-0.8857107841603973,0
cobyla,local_global,119,120.0,0.10348040129781844,-0.8857107841603973,0
cobyla,local_global,120,121.0,0.09449903647862286,-0.9052474934687644,0
cobyla,local_global,121,122.0,0.09449903647862286,-0.9052474934687644,0
cobyla,local_global,122,123.0,0.09449903647862286,-0.9052474934687644,0
cobyla,local_global,123,124.0,0.09449903647862286,-0.9052474934687644,0
cobyla,local_global,124,125.0,0.08887565808012551,-0.9205098714795181,0
cobyla,local_global,125,126.0,0.08887565808012551,-0.9205098714795181,0
cobyla,local_global,126,127.0,0.08887565808012383,-0.9401324146615073,0
cobyla,local_global,127,128.0,0.08887565808012383,-0.9401324146615073,0
cobyla,local_global,128,129.0,0.08887565808012383,-0.9401324146615073,0
cobyla,local_global,129,130.0,0.08887565808012383,-0.9401324146615073,0
cobyla,local_global,130,131.0,-0.9401324146615073,-0.9401324146615073,1
cobyla,local_global,131,132.0,-0.9401324146615073,-0.9401324146615073,0
cobyla,local_global,132,133.0,-0.9401324146615073,-0.9401324146615073,0
cobyla,local_global,133,134.0,-0.9401324146615073,-0.9401324146615073,0
cobyla,local_global,134,135.0,-0.9503577749478901,-0.9503577749478901,0
cobyla,local_global,135,136.0,-0.9503577749478901,-0.9503577749478901,0
cobyla,local_global,136,137.0,-0.9503577749478901,-0.9503577749478901,0
cobyla,local_global,137,138.0,-0.9503577749478901,-0.9503577749478901,0
cobyla,local_global,138,139.0,-0.9503577749478901,-0.9503577749478901,0
cobyla,local_global,139,140.0,-0.9503577749478901,-0.9503577749478901,0
cobyla,local_global,140,141.0,-0.9503577749478901,-0.9503577749478901,0
cobyla,local_global,141,142.0,-0.9503577749478901,-0.9503577749478901,0
cobyla,local_global,142,143.0,-0.9503577749478901,-0.9503577749478901,0
cobyla,local_global,143,144.0,-0.9503577749478901,-0.9503577749478901,0
cobyla,local_global,144,145.0,-0.9503577749478901,-0.9503577749478901,0
cobyla,local_global,145,146.0,-0.9503577749478901,-0.9503577749478901,0
cobyla,local_global,146,147.0,-0.9503577749478901,-0.9503577749478901,0
cobyla,local_global,147,148.0,-0.9503577749478901,-0.9503577749478901,0
cobyla,local_global,148,149.0,-0.9503577749478901,-0.9503577749478901,0
cobyla,local_global,149,150.0,-0.9503577749478901,-0.9503577749478901,0
cobyla,local_global,150,151.0,-0.9503577749478901,-0.9503577749478901,0
cobyla,local_global,151,152.0,-0.9503577749478901,-0.9503577749478901,0
cobyla,local_global,152,153.0,-0.9503577749478901,-0.9503577749478901,0
cobyla,local_global,153,154.0,-0.9503577749478901,-0.9503577749478901,0
cobyla,local_global,154,155.0,-0.9503577749478901,-0.9503577749478901,0
cobyla,local_global,155,156.0,-0.9503577749478901,-0.9503577749478901,0
cobyla,local_global,156,157.0,-0.9503577749478901,-0.9503577749478901,0
cobyla,local_global,157,158.0,-0.9503577749478901,-0.9503577749478901,0
cobyla,local_global,158,159.0,-0.9503577749478901,-0.9503577749478901,0
cobyla,local_global,159,160.0,-0.9503577749478901,-0.9503577749478901,0
cobyla,local_global,160,161.0,-0.9503577749478901,-0.9503577749478901,0
cobyla,local_global,161,162.0,-0.9503577749478901,-0.9503577749478901,0
cobyla,local_global,162,163.0,-0.9503577749478901,-0.9503577749478901,0
cobyla,local_global,163,164.0,-0.9503577749478901,-0.9503577749478901,0
cobyla,local_global,164,165.0,-0.9909949664583992,-0.9909949664583992,0
cobyla,local_global,165,166.0,-0.9909949664583992,-0.9909949664583992,0
cobyla,local_global,166,167.0,-1.0103775566391127,-1.0103775566391127,0
cobyla,local_global,167,168.0,-1.0103775566391127,-1.0103775566391127,0
cobyla,local_global,168,169.0,-1.0103775566391127,-1.0103775566391127,0
cobyla,local_global,169,170.0,-1.0103775566391127,-1.0103775566391127,0
cobyla,local_global,170,171.0,-1.0103775566391127,-1.0103775566391127,0
cobyla,local_global,171,172.0,-1.0103775566391127,-1.0103775566391127,0
cobyla,local_global,172,173.0,-1.0103775566391127,-1.0103775566391127,0
cobyla,local_global,173,174.0,-1.0103775566391127,-1.0103775566391127,0
cobyla,local_global,174,175.0,-1.0103775566391127,-1.0103775566391127,0
cobyla,local_global,175,176.0,-1.0121233475673486,-1.0121233475673486,0
cobyla,local_global,176,177.0,-1.0121233475673486,-1.0121233475673486,0
cobyla,local_global,177,178.0,-1.0121233475673486,-1.0121233475673486,0
cobyla,local_global,178,179.0,-1.0121233475673486,-1.0121233475673486,0
cobyla,local_global,179,180.0,-1.0121233475673486,-1.0121233475673486,0
cobyla,local_global,180,181.0,-1.0121233475673486,-1.0121233475673486,0
cobyla,local_global,181,182.0,-1.0201821422018635,-1.0201821422018635,0
cobyla,local_global,182,183.0,-1.0201821422018635,-1.0201821422018635,0
cobyla,local_global,183,184.0,-1.0201821422018635,-1.0201821422018635,0
cobyla,local_global,184,185.0,-1.0201821422018635,-1.0201821422018635,0
cobyla,local_global,185,186.0,-1.0228295313323839,-1.0228295313323839,0
cobyla,local_global,186,187.0,-1.0228295313323839,-1.0228295313323839,0
cobyla,local_global,187,188.0,-1.0228295313323839,-1.0228295313323839,0
cobyla,local_global,188,189.0,-1.0228295313323839,-1.0228295313323839,0
cobyla,local_global,189,190.0,-1.0228295313323839,-1.0228295313323839,0
cobyla,local_global,190,191.0,-1.0228295313323839,-1.0228295313323839,0
cobyla,local_global,191,192.0,-1.0228295313323839,-1.0228295313323839,0
cobyla,local_global,192,193.0,-1.0228295313323839,-1.0228295313323839,0
cobyla,local_global,193,194.0,-1.0228295313323839,-1.0228295313323839,0
cobyla,local_global,194,195.0,-1.0228295313323839,-1.0228295313323839,0
cobyla,local_global,195,196.0,-1.0228295313323839,-1.0228295313323839,0
cobyla,local_global,196,197.0,-1.0228295313323839,-1.0228295313323839,0
cobyla,local_global,197,198.0,-1.0228295313323839,-1.0228295313323839,0
cobyla,local_global,198,199.0,-1.0228295313323839,-1.0228295313323839,0
cobyla,local_global,199,200.0,-1.0228295313323839,-1.0228295313323839,0
cobyla,local_global,200,201.0,-1.0228295313323839,-1.0228295313323839,0
cobyla,local_global,201,202.0,-1.0228295313323839,-1.0228295313323839,0
cobyla,local_global,202,203.0,-1.0228295313323839,-1.0228295313323839,0
cobyla,local_global,203,204.0,-1.0228295313323839,-1.0228295313323839,0
cobyla,local_global,204,205.0,-1.0228295313323839,-1.0228295313323839,0
cobyla,local_global,205,206.0,-1.0228295313323839,-1.0228295313323839,0
cobyla,local_global,206,207.0,-1.0228295313323839,-1.0228295313323839,0
cobyla,local_global,207,208.0,-1.0241975478897967,-1.0241975478897967,0
cobyla,local_global,208,209.0,-1.0241975478897967,-1.0241975478897967,0
cobyla,local_global,209,210.0,-1.0241975478897967,-1.0241975478897967,0
cobyla,local_global,210,211.0,-1.0283622450476249,-1.0283622450476249,0
cobyla,local_global,211,212.0,-1.0283622450476249,-1.0283622450476249,0
cobyla,local_global,212,213.0,-1.0283622450476249,-1.0283622450476249,0
cobyla,local_global,213,214.0,-1.028522705978772,-1.028522705978772,0
cobyla,local_global,214,215.0,-1.028522705978772,-1.028522705978772,0
cobyla,local_global,215,216.0,-1.0451833578898326,-1.0451833578898326,0
cobyla,local_global,216,217.0,-1.0451833578898326,-1.0451833578898326,0
cobyla,local_global,217,218.0,-1.0451833578898326,-1.0451833578898326,0
cobyla,local_global,218,219.0,-1.0451833578898326,-1.0451833578898326,0
cobyla,local_global,219,220.0,-1.0451833578898326,-1.0451833578898326,0
cobyla,local_global,220,221.0,-1.0451833578898326,-1.0451833578898326,0
cobyla,local_global,221,222.0,-1.0451833578898326,-1.0451833578898326,0
cobyla,local_global,222,223.0,-1.0531021412473687,-1.0531021412473687,0
cobyla,local_global,223,224.0,-1.0590840591617967,-1.0590840591617967,0
cobyla,local_global,224,225.0,-1.0590840591617967,-1.0590840591617967,0
cobyla,local_global,225,226.0,-1.0590840591617967,-1.0590840591617967,0
cobyla,local_global,226,227.0,-1.0615659924371181,-1.0615659924371181,0
cobyla,local_global,227,228.0,-1.0682931221709435,-1.0682931221709435,0
cobyla,local_global,228,229.0,-1.0682931221709435,-1.0682931221709435,0
cobyla,local_global,229,230.0,-1.068878321256347,-1.068878321256347,0
cobyla,local_global,230,231.0,-1.068878321256347,-1.068878321256347,0
cobyla,local_global,231,232.0,-1.068878321256347,-1.068878321256347,0
cobyla,local_global,232,233.0,-1.068878321256347,-1.068878321256347,0
cobyla,local_global,233,234.0,-1.068878321256347,-1.068878321256347,0
cobyla,local_global,234,235.0,-1.068878321256347,-1.068878321256347,0
cobyla,local_global,235,236.0,-1.068878321256347,-1.068878321256347,0
cobyla,local_global,236,237.0,-1.068878321256347,-1.068878321256347,0
cobyla,local_global,237,238.0,-1.068878321256347,-1.068878321256347,0
cobyla,local_global,238,239.0,-1.0741035433726065,-1.0741035433726065,0
cobyla,local_global,239,240.0,-1.0741035433726065,-1.0741035433726065,0
cobyla,local_global,240,241.0,-1.0741035433726065,-1.0741035433726065,0
cobyla,local_global,241,242.0,-1.0741035433726065,-1.0741035433726065,0
cobyla,local_global,242,243.0,-1.0741035433726065,-1.0741035433726065,0
cobyla,local_global,243,244.0,-1.0741035433726065,-1.0741035433726065,0
cobyla,local_global,244,245.0,-1.0741035433726065,-1.0741035433726065,0
cobyla,local_global,245,246.0,-1.0741035433726065,-1.0741035433726065,0
cobyla,local_global,246,247.0,-1.0741035433726065,-1.0741035433726065,0
cobyla,local_global,247,248.0,-1.0741035433726065,-1.0741035433726065,0
cobyla,local_global,248,249.0,-1.0741035433726065,-1.0741035433726065,0
cobyla,local_global,249,250.0,-1.0741035433726065,-1.0741035433726065,0
cobyla,local_global,250,251.0,-1.0741035433726065,-1.0741035433726065,0
cobyla,local_global,251,252.0,-1.0741035433726065,-1.0741035433726065,0
cobyla,local_global,252,253.0,-1.0741035433726065,-1.0741035433726065,0
cobyla,local_global,253,254.0,-1.0741035433726065,-1.0741035433726065,0
cobyla,local_global,254,255.0,-1.0841782144223202,-1.0841782144223202,0
cobyla,local_global,255,256.0,-1.093764619830932,-1.093764619830932,0
cobyla,local_global,256,257.0,-1.093764619830932,-1.093764619830932,0
cobyla,local_global,257,258.0,-1.093764619830932,-1.093764619830932,0
cobyla,local_global,258,259.0,-1.093764619830932,-1.093764619830932,0
cobyla,local_global,259,260.0,-1.093764619830932,-1.093764619830932,0
cobyla,local_global,260,261.0,-1.093764619830932,-1.093764619830932,0
cobyla,local_global,261,262.0,-1.093764619830932,-1.093764619830932,0
cobyla,local_global,262,263.0,-1.0951069076699418,-1.0951069076699418,0
cobyla,local_global,263,264.0,-1.0951069076699418,-1.0951069076699418,0
cobyla,local_global,264,265.0,-1.0951069076699418,-1.0951069076699418,0
cobyla,local_global,265,266.0,-1.0951069076699418,-1.0951069076699418,0
cobyla,local_global,266,267.0,-1.0951069076699418,-1.0951069076699418,0
cobyla,local_global,267,268.0,-1.0990111562727318,-1.0990111562727318,0
cobyla,local_global,268,269.0,-1.1008026389231698,-1.1008026389231698,0
cobyla,local_global,269,270.0,-1.1008026389231698,-1.1008026389231698,0
cobyla,local_global,270,271.0,-1.1030043157926996,-1.1030043157926996,0
cobyla,local_global,271,272.0,-1.1030043157926996,-1.1030043157926996,0
cobyla,local_global,272,273.0,-1.1030043157926996,-1.1030043157926996,0
cobyla,local_global,273,274.0,-1.1030043157926996,-1.1030043157926996,0
cobyla,local_global,274,275.0,-1.1030043157926996,-1.1030043157926996,0
cobyla,local_global,275,276.0,-1.1030043157926996,-1.1030043157926996,0
cobyla,local_global,276,277.0,-1.1030043157926996,-1.1030043157926996,0
cobyla,local_global,277,278.0,-1.1030043157926996,-1.1030043157926996,0
cobyla,local_global,278,279.0,-1.1030043157926996,-1.1030043157926996,0
cobyla,local_global,279,280.0,-1.1030043157926996,-1.1030043157926996,0
cobyla,local_global,280,281.0,-1.1030043157926996,-1.1030043157926996,0
cobyla,local_global,281,282.0,-1.1030043157926996,-1.1030043157926996,0
cobyla,local_global,282,283.0,-1.1044026058454917,-1.1044026058454917,0
cobyla,local_global,283,284.0,-1.1044026058454917,-1.1044026058454917,0
cobyla,local_global,284,285.0,-1.1050383959449677,-1.1050383959449677,0
cobyla,local_global,285,286.0,-1.1050383959449677,-1.1050383959449677,0
cobyla,local_global,286,287.0,-1.1050383959449677,-1.1050383959449677,0
cobyla,local_global,287,288.0,-1.1050383959449677,-1.1050383959449677,0
cobyla,local_global,288,289.0,-1.1053279671908143,-1.1053279671908143,0
cobyla,local_global,289,290.0,-1.1053279671908143,-1.1053279671908143,0
cobyla,local_global,290,291.0,-1.1053279671908143,-1.1053279671908143,0
cobyla,local_global,291,292.0,-1.1053279671908143,-1.1053279671908143,0
cobyla,local_global,292,293.0,-1.1053279671908143,-1.1053279671908143,0
cobyla,local_global,293,294.0,-1.1053279671908143,-1.1053279671908143,0
cobyla,local_global,294,295.0,-1.1053279671908143,-1.1053279671908143,0
cobyla,local_global,295,296.0,-1.1053279671908143,-1.1053279671908143,0
cobyla,local_global,296,297.0,-1.1056073179859565,-1.1056073179859565,0
cobyla,local_global,297,298.0,-1.1056073179859565,-1.1056073179859565,0
cobyla,local_global,298,299.0,-1.1056073179859565,-1.1056073179859565,0
cobyla,local_global,299,300.0,-1.1056073179859565,-1.1056073179859565,0
cobyla,local_global,300,301.0,-1.1111684833586861,-1.1111684833586861,0
cobyla,local_global,301,302.0,-1.1111684833586861,-1.1111684833586861,0
cobyla,local_global,302,303.0,-1.1111684833586861,-1.1111684833586861,0
cobyla,local_global,303,304.0,-1.1111684833586861,-1.1111684833586861,0
cobyla,local_global,304,305.0,-1.1111684833586861,-1.1111684833586861,0
cobyla,local_global,305,306.0,-1.1111684833586861,-1.1111684833586861,0
cobyla,local_global,306,307.0,-1.1111684833586861,-1.1111684833586861,0
cobyla,local_global,307,308.0,-1.1113481658976314,-1.1113481658976314,0
cobyla,local_global,308,309.0,-1.1120134501841181,-1.1120134501841181,0
cobyla,local_global,309,310.0,-1.1120134501841181,-1.1120134501841181,0
cobyla,local_global,310,311.0,-1.1120134501841181,-1.1120134501841181,0
cobyla,local_global,311,312.0,-1.1120134501841181,-1.1120134501841181,0
cobyla,local_global,312,313.0,-1.1120134501841181,-1.1120134501841181,0
cobyla,local_global,313,314.0,-1.1124575929409457,-1.1124575929409457,0
cobyla,local_global,314,315.0,-1.1138679120827477,-1.1138679120827477,0
cobyla,local_global,315,316.0,-1.1138679120827477,-1.1138679120827477,0
cobyla,local_global,316,317.0,-1.1138679120827477,-1.1138679120827477,0
cobyla,local_global,317,318.0,-1.1138679120827477,-1.1138679120827477,0
cobyla,local_global,318,319.0,-1.1138679120827477,-1.1138679120827477,0
cobyla,local_global,319,320.0,-1.1138679120827477,-1.1138679120827477,0
cobyla,local_global,320,321.0,-1.1142911169264744,-1.1142911169264744,0
cobyla,local_global,321,322.0,-1.1158767378336811,-1.1158767378336811,0
cobyla,local_global,322,323.0,-1.1158767378336811,-1.1158767378336811,0
cobyla,local_global,323,324.0,-1.1161401678909182,-1.1161401678909182,0
cobyla,local_global,324,325.0,-1.1161401678909182,-1.1161401678909182,0
cobyla,local_global,325,326.0,-1.1161401678909182,-1.1161401678909182,0
cobyla,local_global,326,327.0,-1.1161401678909182,-1.1161401678909182,0
cobyla,local_global,327,328.0,-1.1161401678909182,-1.1161401678909182,0
cobyla,local_global,328,329.0,-1.1161401678909182,-1.1161401678909182,0
cobyla,local_global,329,330.0,-1.1172768437743306,-1.1172768437743306,0
cobyla,local_global,330,331.0,-1.1172768437743306,-1.1172768437743306,0
cobyla,local_global,331,332.0,-1.1172768437743306,-1.1172768437743306,0
cobyla,local_global,332,333.0,-1.119383865172079,-1.119383865172079,0
cobyla,local_global,333,334.0,-1.119383865172079,-1.119383865172079,0
cobyla,local_global,334,335.0,-1.119383865172079,-1.119383865172079,0
cobyla,local_global,335,336.0,-1.1194009394830085,-1.1194009394830085,0
cobyla,local_global,336,337.0,-1.1194009394830085,-1.1194009394830085,0
cobyla,local_global,337,338.0,-1.1194009394830085,-1.1194009394830085,0
cobyla,local_global,338,339.0,-1.1194009394830085,-1.1194009394830085,0
cobyla,local_global,339,340.0,-1.1194009394830085,-1.1194009394830085,0
cobyla,local_global,340,341.0,-1.1194009394830085,-1.1194009394830085,0
cobyla,local_global,341,342.0,-1.11954142796233,-1.11954142796233,0
cobyla,local_global,342,343.0,-1.11954142796233,-1.11954142796233,0
cobyla,local_global,343,344.0,-1.11954142796233,-1.11954142796233,0
cobyla,local_global,344,345.0,-1.11954142796233,-1.11954142796233,0
cobyla,local_global,345,346.0,-1.1195619566105401,-1.1195619566105401,0
cobyla,local_global,346,347.0,-1.1195619566105401,-1.1195619566105401,0
cobyla,local_global,347,348.0,-1.1195619566105401,-1.1195619566105401,0
cobyla,local_global,348,349.0,-1.1195619566105401,-1.1195619566105401,0
cobyla,local_global,349,350.0,-1.1195619566105401,-1.1195619566105401,0
cobyla,local_global,350,351.0,-1.1195619566105401,-1.1195619566105401,0
cobyla,local_global,351,352.0,-1.1195619566105401,-1.1195619566105401,0
cobyla,local_global,352,353.0,-1.1195619566105401,-1.1195619566105401,0
cobyla,local_global,353,354.0,-1.1195619566105401,-1.1195619566105401,0
cobyla,local_global,354,355.0,-1.1195619566105401,-1.1195619566105401,0
cobyla,local_global,355,356.0,-1.1195619566105401,-1.1195619566105401,0
cobyla,local_global,356,357.0,-1.1195619566105401,-1.1195619566105401,0
cobyla,local_global,357,358.0,-1.1195619566105401,-1.1195619566105401,0
cobyla,local_global,358,359.0,-1.1195619566105401,-1.1195619566105401,0
cobyla,local_global,359,360.0,-1.1195619566105401,-1.1195619566105401,0
cobyla,local_global,360,361.0,-1.1195619566105401,-1.1195619566105401,0
cobyla,local_global,361,362.0,-1.1202707073864862,-1.1202707073864862,0
cobyla,local_global,362,363.0,-1.1202707073864862,-1.1202707073864862,0
cobyla,local_global,363,364.0,-1.122008231925882,-1.122008231925882,0
cobyla,local_global,364,365.0,-1.122008231925882,-1.122008231925882,0
cobyla,local_global,365,366.0,-1.122008231925882,-1.122008231925882,0
cobyla,local_global,366,367.0,-1.122008231925882,-1.122008231925882,0
cobyla,local_global,367,368.0,-1.122008231925882,-1.122008231925882,0
cobyla,local_global,368,369.0,-1.122008231925882,-1.122008231925882,0
cobyla,local_global,369,370.0,-1.1224690672335995,-1.1224690672335995,0
cobyla,local_global,370,371.0,-1.1224690672335995,-1.1224690672335995,0
cobyla,local_global,371,372.0,-1.1224690672335995,-1.1224690672335995,0
cobyla,local_global,372,373.0,-1.1225051296892832,-1.1225051296892832,0
cobyla,local_global,373,374.0,-1.1225051296892832,-1.1225051296892832,0
cobyla,local_global,374,375.0,-1.1225348572783909,-1.1225348572783909,0
cobyla,local_global,375,376.0,-1.1225348572783909,-1.1225348572783909,0
cobyla,local_global,376,377.0,-1.1225348572783909,-1.1225348572783909,0
cobyla,local_global,377,378.0,-1.1233112549658835,-1.1233112549658835,0
cobyla,local_global,378,379.0,-1.1233112549658835,-1.1233112549658835,0
cobyla,local_global,379,380.0,-1.1233112549658835,-1.1233112549658835,0
cobyla,local_global,380,381.0,-1.1233112549658835,-1.1233112549658835,0
cobyla,local_global,381,382.0,-1.12350003418389,-1.12350003418389,0
cobyla,local_global,382,383.0,-1.12350003418389,-1.12350003418389,0
cobyla,local_global,383,384.0,-1.12350003418389,-1.12350003418389,0
cobyla,local_global,384,385.0,-1.12350003418389,-1.12350003418389,0
cobyla,local_global,385,386.0,-1.12350003418389,-1.12350003418389,0
cobyla,local_global,386,387.0,-1.123816694903866,-1.123816694903866,0
cobyla,local_global,387,388.0,-1.1250258180982424,-1.1250258180982424,0
cobyla,local_global,388,389.0,-1.1250258180982424,-1.1250258180982424,0
cobyla,local_global,389,390.0,-1.1250258180982424,-1.1250258180982424,0
cobyla,local_global,390,391.0,-1.1250258180982424,-1.1250258180982424,0
cobyla,local_global,391,392.0,-1.1250258180982424,-1.1250258180982424,0
cobyla,local_global,392,393.0,-1.125105515398098,-1.125105515398098,0
cobyla,local_global,393,394.0,-1.1253570158500557,-1.1253570158500557,0
cobyla,local_global,394,395.0,-1.1253570158500557,-1.1253570158500557,0
cobyla,local_global,395,396.0,-1.1253570158500557,-1.1253570158500557,0
cobyla,local_global,396,397.0,-1.1253570158500557,-1.1253570158500557,0
cobyla,local_global,397,398.0,-1.1253570158500557,-1.1253570158500557,0
cobyla,local_global,398,399.0,-1.1253570158500557,-1.1253570158500557,0
cobyla,local_global,399,400.0,-1.1253570158500557,-1.1253570158500557,0
cobyla,local_global,400,401.0,-1.1253570158500557,-1.1253570158500557,0
cobyla,local_global,401,402.0,-1.1258858602033357,-1.1258858602033357,0
cobyla,local_global,402,403.0,-1.1258858602033357,-1.1258858602033357,0
cobyla,local_global,403,404.0,-1.1258858602033357,-1.1258858602033357,0
cobyla,local_global,404,405.0,-1.1258858602033357,-1.1258858602033357,0
cobyla,local_global,405,406.0,-1.1258858602033357,-1.1258858602033357,0
cobyla,local_global,406,407.0,-1.126084847868739,-1.126084847868739,0
cobyla,local_global,407,408.0,-1.126084847868739,-1.126084847868739,0
cobyla,local_global,408,409.0,-1.126084847868739,-1.126084847868739,0
cobyla,local_global,409,410.0,-1.1266546623441585,-1.1266546623441585,0
cobyla,local_global,410,411.0,-1.1266546623441585,-1.1266546623441585,0
cobyla,local_global,411,412.0,-1.1266546623441585,-1.1266546623441585,0
cobyla,local_global,412,413.0,-1.1266546623441585,-1.1266546623441585,0
cobyla,local_global,413,414.0,-1.1266546623441585,-1.1266546623441585,0
cobyla,local_global,414,415.0,-1.126808422753933,-1.126808422753933,0
cobyla,local_global,415,416.0,-1.127125906524604,-1.127125906524604,0
cobyla,local_global,416,417.0,-1.127125906524604,-1.127125906524604,0
cobyla,local_global,417,418.0,-1.127125906524604,-1.127125906524604,0
cobyla,local_global,418,419.0,-1.1272189714847336,-1.1272189714847336,0
cobyla,local_global,419,420.0,-1.1274170022386691,-1.1274170022386691,0
cobyla,local_global,420,421.0,-1.1274170022386691,-1.1274170022386691,0
cobyla,local_global,421,422.0,-1.1274170022386691,-1.1274170022386691,0
cobyla,local_global,422,423.0,-1.1274676193540416,-1.1274676193540416,0
cobyla,local_global,423,424.0,-1.1274676193540416,-1.1274676193540416,0
cobyla,local_global,424,425.0,-1.1276731947562109,-1.1276731947562109,0
cobyla,local_global,425,426.0,-1.1276731947562109,-1.1276731947562109,0
cobyla,local_global,426,427.0,-1.1278602303262417,-1.1278602303262417,0
cobyla,local_global,427,428.0,-1.1279117252530493,-1.1279117252530493,0
cobyla,local_global,428,429.0,-1.1280028951306298,-1.1280028951306298,0
cobyla,local_global,429,430.0,-1.1280028951306298,-1.1280028951306298,0
cobyla,local_global,430,431.0,-1.1280028951306298,-1.1280028951306298,0
cobyla,local_global,431,432.0,-1.1280028951306298,-1.1280028951306298,0
cobyla,local_global,432,433.0,-1.1280028951306298,-1.1280028951306298,0
cobyla,local_global,433,434.0,-1.1280028951306298,-1.1280028951306298,0
cobyla,local_global,434,435.0,-1.1280028951306298,-1.1280028951306298,0
cobyla,local_global,435,436.0,-1.128555393029379,-1.128555393029379,0
cobyla,local_global,436,437.0,-1.128778789400593,-1.128778789400593,0
cobyla,local_global,437,438.0,-1.128778789400593,-1.128778789400593,0
cobyla,local_global,438,439.0,-1.128778789400593,-1.128778789400593,0
cobyla,local_global,439,440.0,-1.128778789400593,-1.128778789400593,0
cobyla,local_global,440,441.0,-1.128778789400593,-1.128778789400593,0
cobyla,local_global,441,442.0,-1.1288784933722527,-1.1288784933722527,0
cobyla,local_global,442,443.0,-1.1288784933722527,-1.1288784933722527,0
cobyla,local_global,443,444.0,-1.1288784933722527,-1.1288784933722527,0
cobyla,local_global,444,445.0,-1.1288784933722527,-1.1288784933722527,0
cobyla,local_global,445,446.0,-1.129054716346447,-1.129054716346447,0
cobyla,local_global,446,447.0,-1.129054716346447,-1.129054716346447,0
cobyla,local_global,447,448.0,-1.129054716346447,-1.129054716346447,0
cobyla,local_global,448,449.0,-1.1295178267588015,-1.1295178267588015,0
cobyla,local_global,449,450.0,-1.1297572259044373,-1.1297572259044373,0
cobyla,local_global,450,451.0,-1.1297572259044373,-1.1297572259044373,0
cobyla,local_global,451,452.0,-1.1297572259044373,-1.1297572259044373,0
cobyla,local_global,452,453.0,-1.1297572259044373,-1.1297572259044373,0
cobyla,local_global,453,454.0,-1.1297572259044373,-1.1297572259044373,0
cobyla,local_global,454,455.0,-1.1297572259044373,-1.1297572259044373,0
cobyla,local_global,455,456.0,-1.1297572259044373,-1.1297572259044373,0
cobyla,local_global,456,457.0,-1.1297572259044373,-1.1297572259044373,0
cobyla,local_global,457,458.0,-1.1297572259044373,-1.1297572259044373,0
cobyla,local_global,458,459.0,-1.1297572259044373,-1.1297572259044373,0
cobyla,local_global,459,460.0,-1.1297572259044373,-1.1297572259044373,0
cobyla,local_global,460,461.0,-1.1298791886346378,-1.1298791886346378,0
cobyla,local_global,461,462.0,-1.1298791886346378,-1.1298791886346378,0
cobyla,local_global,462,463.0,-1.1298791886346378,-1.1298791886346378,0
cobyla,local_global,463,464.0,-1.1298791886346378,-1.1298791886346378,0
cobyla,local_global,464,465.0,-1.1298791886346378,-1.1298791886346378,0
cobyla,local_global,465,466.0,-1.1299265029878163,-1.1299265029878163,0
cobyla,local_global,466,467.0,-1.1299265029878163,-1.1299265029878163,0
cobyla,local_global,467,468.0,-1.1299265029878163,-1.1299265029878163,0
cobyla,local_global,468,469.0,-1.1299265029878163,-1.1299265029878163,0
cobyla,local_global,469,470.0,-1.1306701806795971,-1.1306701806795971,0
cobyla,local_global,470,471.0,-1.1306701806795971,-1.1306701806795971,0
cobyla,local_global,471,472.0,-1.1306701806795971,-1.1306701806795971,0
cobyla,local_global,472,473.0,-1.1306701806795971,-1.1306701806795971,0
cobyla,local_global,473,474.0,-1.1308175664535827,-1.1308175664535827,0
cobyla,local_global,474,475.0,-1.1308175664535827,-1.1308175664535827,0
cobyla,local_global,475,476.0,-1.1308175664535827,-1.1308175664535827,0
cobyla,local_global,476,477.0,-1.1308175664535827,-1.1308175664535827,0
cobyla,local_global,477,478.0,-1.1308175664535827,-1.1308175664535827,0
cobyla,local_global,478,479.0,-1.1308175664535827,-1.1308175664535827,0
cobyla,local_global,479,480.0,-1.1309412677675512,-1.1309412677675512,0
cobyla,local_global,480,481.0,-1.1309412677675512,-1.1309412677675512,0
cobyla,local_global,481,482.0,-1.1309412677675512,-1.1309412677675512,0
cobyla,local_global,482,483.0,-1.1310962979412098,-1.1310962979412098,0
cobyla,local_global,483,484.0,-1.1310962979412098,-1.1310962979412098,0
cobyla,local_global,484,485.0,-1.1310962979412098,-1.1310962979412098,0
cobyla,local_global,485,486.0,-1.1310962979412098,-1.1310962979412098,0
cobyla,local_global,486,487.0,-1.1310962979412098,-1.1310962979412098,0
cobyla,local_global,487,488.0,-1.1310962979412098,-1.1310962979412098,0
cobyla,local_global,488,489.0,-1.131190450044269,-1.131190450044269,0
cobyla,local_global,489,490.0,-1.131190450044269,-1.131190450044269,0
cobyla,local_global,490,491.0,-1.1313447959754903,-1.1313447959754903,0
cobyla,local_global,491,492.0,-1.1313447959754903,-1.1313447959754903,0
cobyla,local_global,492,493.0,-1.1313447959754903,-1.1313447959754903,0
cobyla,local_global,493,494.0,-1.1313447959754903,-1.1313447959754903,0
cobyla,local_global,494,495.0,-1.1313447959754903,-1.1313447959754903,0
cobyla,local_global,495,496.0,-1.1313447959754903,-1.1313447959754903,0
cobyla,local_global,496,497.0,-1.1313447959754903,-1.1313447959754903,0
cobyla,local_global,497,498.0,-1.1313447959754903,-1.1313447959754903,0
cobyla,local_global,498,499.0,-1.1314170835126427,-1.1314170835126427,0
cobyla,local_global,499,500.0,-1.1314170835126427,-1.1314170835126427,0
cobyla,local_global,500,501.0,-1.1314170835126427,-1.1314170835126427,0
cobyla,local_global,501,502.0,-1.1314170835126427,-1.1314170835126427,0
cobyla,local_global,502,503.0,-1.1314170835126427,-1.1314170835126427,0
cobyla,local_global,503,504.0,-1.1314170835126427,-1.1314170835126427,0
cobyla,local_global,504,505.0,-1.1314170835126427,-1.1314170835126427,0
cobyla,local_global,505,506.0,-1.1314170835126427,-1.1314170835126427,0
cobyla,local_global,506,507.0,-1.1314170835126427,-1.1314170835126427,0
cobyla,local_global,507,508.0,-1.1314170835126427,-1.1314170835126427,0
cobyla,local_global,508,509.0,-1.1314170835126427,-1.1314170835126427,0
cobyla,local_global,509,510.0,-1.1314170835126427,-1.1314170835126427,0
cobyla,local_global,510,511.0,-1.1314170835126427,-1.1314170835126427,0
cobyla,local_global,511,512.0,-1.1314170835126427,-1.1314170835126427,0
cobyla,local_global,512,513.0,-1.1314170835126427,-1.1314170835126427,0
cobyla,local_global,513,514.0,-1.1314170835126427,-1.1314170835126427,0
cobyla,local_global,514,515.0,-1.1314170835126427,-1.1314170835126427,0
cobyla,local_global,515,516.0,-1.1314170835126427,-1.1314170835126427,0
cobyla,local_global,516,517.0,-1.1314170835126427,-1.1314170835126427,0
cobyla,local_global,517,518.0,-1.1314170835126427,-1.1314170835126427,0
cobyla,local_global,518,519.0,-1.1314170835126427,-1.1314170835126427,0
cobyla,local_global,519,520.0,-1.1315336796018314,-1.1315336796018314,0
cobyla,local_global,520,521.0,-1.1315336796018314,-1.1315336796018314,0
cobyla,local_global,521,522.0,-1.1315336796018314,-1.1315336796018314,0
cobyla,local_global,522,523.0,-1.1315336796018314,-1.1315336796018314,0
cobyla,local_global,523,524.0,-1.1315336796018314,-1.1315336796018314,0
cobyla,local_global,524,525.0,-1.1315336796018314,-1.1315336796018314,0
cobyla,local_global,525,526.0,-1.1315336796018314,-1.1315336796018314,0
cobyla,local_global,526,527.0,-1.1315336796018314,-1.1315336796018314,0
cobyla,local_global,527,528.0,-1.1315336796018314,-1.1315336796018314,0
cobyla,local_global,528,529.0,-1.1316709179032594,-1.1316709179032594,0
cobyla,local_global,529,530.0,-1.1316709179032594,-1.1316709179032594,0
cobyla,local_global,530,531.0,-1.1316709179032594,-1.1316709179032594,0
cobyla,local_global,531,532.0,-1.1316709179032594,-1.1316709179032594,0
cobyla,local_global,532,533.0,-1.1316837024595257,-1.1316837024595257,0
cobyla,local_global,533,534.0,-1.1316837024595257,-1.1316837024595257,0
cobyla,local_global,534,535.0,-1.1318159325279165,-1.1318159325279165,0
cobyla,local_global,535,536.0,-1.1318159325279165,-1.1318159325279165,0
cobyla,local_global,536,537.0,-1.1319046810036986,-1.1319046810036986,0
cobyla,local_global,537,538.0,-1.1319046810036986,-1.1319046810036986,0
cobyla,local_global,538,539.0,-1.1319046810036986,-1.1319046810036986,0
cobyla,local_global,539,540.0,-1.1319069494843477,-1.1319069494843477,0
cobyla,local_global,540,541.0,-1.1319069494843477,-1.1319069494843477,0
cobyla,local_global,541,542.0,-1.1319069494843477,-1.1319069494843477,0
cobyla,local_global,542,543.0,-1.1320978248518427,-1.1320978248518427,0
cobyla,local_global,543,544.0,-1.1320978248518427,-1.1320978248518427,0
cobyla,local_global,544,545.0,-1.1320978248518427,-1.1320978248518427,0
cobyla,local_global,545,546.0,-1.1320978248518427,-1.1320978248518427,0
cobyla,local_global,546,547.0,-1.1320978248518427,-1.1320978248518427,0
cobyla,local_global,547,548.0,-1.1320978248518427,-1.1320978248518427,0
cobyla,local_global,548,549.0,-1.1320978248518427,-1.1320978248518427,0
cobyla,local_global,549,550.0,-1.1320978248518427,-1.1320978248518427,0
cobyla,local_global,550,551.0,-1.1320978248518427,-1.1320978248518427,0
cobyla,local_global,551,552.0,-1.1320978248518427,-1.1320978248518427,0
cobyla,local_global,552,553.0,-1.1320978248518427,-1.1320978248518427,0
cobyla,local_global,553,554.0,-1.1321591866635894,-1.1321591866635894,0
cobyla,local_global,554,555.0,-1.1321591866635894,-1.1321591866635894,0
cobyla,local_global,555,556.0,-1.1322197022885079,-1.1322197022885079,0
cobyla,local_global,556,557.0,-1.1322197022885079,-1.1322197022885079,0
cobyla,local_global,557,558.0,-1.1322197022885079,-1.1322197022885079,0
cobyla,local_global,558,559.0,-1.1322197022885079,-1.1322197022885079,0
cobyla,local_global,559,560.0,-1.1322197022885079,-1.1322197022885079,0
cobyla,local_global,560,561.0,-1.1322197022885079,-1.1322197022885079,0
cobyla,local_global,561,562.0,-1.1322746755087165,-1.1322746755087165,0
cobyla,local_global,562,563.0,-1.1322746755087165,-1.1322746755087165,0
cobyla,local_global,563,564.0,-1.1322746755087165,-1.1322746755087165,0
cobyla,local_global,564,565.0,-1.1322746755087165,-1.1322746755087165,0
cobyla,local_global,565,566.0,-1.1323106383923618,-1.1323106383923618,0
cobyla,local_global,566,567.0,-1.1323106383923618,-1.1323106383923618,0
cobyla,local_global,567,568.0,-1.1323106383923618,-1.1323106383923618,0
cobyla,local_global,568,569.0,-1.1323106383923618,-1.1323106383923618,0
cobyla,local_global,569,570.0,-1.1323106383923618,-1.1323106383923618,0
cobyla,local_global,570,571.0,-1.1323106383923618,-1.1323106383923618,0
cobyla,local_global,571,572.0,-1.1323152017266864,-1.1323152017266864,0
cobyla,local_global,572,573.0,-1.1323152017266864,-1.1323152017266864,0
cobyla,local_global,573,574.0,-1.1323152017266864,-1.1323152017266864,0
cobyla,local_global,574,575.0,-1.1324001677102742,-1.1324001677102742,0
cobyla,local_global,575,576.0,-1.1324001677102742,-1.1324001677102742,0
cobyla,local_global,576,577.0,-1.1324001677102742,-1.1324001677102742,0
cobyla,local_global,577,578.0,-1.1324001677102742,-1.1324001677102742,0
cobyla,local_global,578,579.0,-1.1324001677102742,-1.1324001677102742,0
cobyla,local_global,579,580.0,-1.132402826295364,-1.132402826295364,0
cobyla,local_global,580,581.0,-1.132402826295364,-1.132402826295364,0
cobyla,local_global,581,582.0,-1.132402826295364,-1.132402826295364,0
cobyla,local_global,582,583.0,-1.132402826295364,-1.132402826295364,0
cobyla,local_global,583,584.0,-1.132402826295364,-1.132402826295364,0
cobyla,local_global,584,585.0,-1.132402826295364,-1.132402826295364,0
cobyla,local_global,585,586.0,-1.132402826295364,-1.132402826295364,0
cobyla,local_global,586,587.0,-1.132402826295364,-1.132402826295364,0
cobyla,local_global,587,588.0,-1.132402826295364,-1.132402826295364,0
cobyla,local_global,588,589.0,-1.132402826295364,-1.132402826295364,0
cobyla,local_global,589,590.0,-1.132402826295364,-1.132402826295364,0
cobyla,local_global,590,591.0,-1.132402826295364,-1.132402826295364,0
cobyla,local_global,591,592.0,-1.132402826295364,-1.132402826295364,0
cobyla,local_global,592,593.0,-1.132402826295364,-1.132402826295364,0
cobyla,local_global,593,594.0,-1.1324386141041751,-1.1324386141041751,0
cobyla,local_global,594,595.0,-1.132443609341839,-1.132443609341839,0
cobyla,local_global,595,596.0,-1.132443609341839,-1.132443609341839,0
cobyla,local_global,596,597.0,-1.1324610383615543,-1.1324610383615543,0
cobyla,local_global,597,598.0,-1.1324610383615543,-1.1324610383615543,0
cobyla,local_global,598,599.0,-1.1324610383615543,-1.1324610383615543,0
cobyla,local_global,599,600.0,-1.1324610383615543,-1.1324610383615543,0
cobyla,local_global,600,601.0,-1.1324610383615543,-1.1324610383615543,0
cobyla,local_global,601,602.0,-1.1324833631070013,-1.1324833631070013,0
cobyla,local_global,602,603.0,-1.1324897336373607,-1.1324897336373607,0
cobyla,local_global,603,604.0,-1.1324897336373607,-1.1324897336373607,0
cobyla,local_global,604,605.0,-1.1324897336373607,-1.1324897336373607,0
cobyla,local_global,605,606.0,-1.1324897336373607,-1.1324897336373607,0
cobyla,local_global,606,607.0,-1.1324897336373607,-1.1324897336373607,0
cobyla,local_global,607,608.0,-1.1325075937103894,-1.1325075937103894,0
cobyla,local_global,608,609.0,-1.1325075937103894,-1.1325075937103894,0
cobyla,local_global,609,610.0,-1.1325075937103894,-1.1325075937103894,0
cobyla,local_global,610,611.0,-1.1325135195888159,-1.1325135195888159,0
cobyla,local_global,611,612.0,-1.1325632922143676,-1.1325632922143676,0
cobyla,local_global,612,613.0,-1.1325709360726086,-1.1325709360726086,0
cobyla,local_global,613,614.0,-1.1325709360726086,-1.1325709360726086,0
cobyla,local_global,614,615.0,-1.1325709360726086,-1.1325709360726086,0
cobyla,local_global,615,616.0,-1.1325709360726086,-1.1325709360726086,0
cobyla,local_global,616,617.0,-1.1325709360726086,-1.1325709360726086,0
cobyla,local_global,617,618.0,-1.1325709360726086,-1.1325709360726086,0
cobyla,local_global,618,619.0,-1.1326130993187544,-1.1326130993187544,0
cobyla,local_global,619,620.0,-1.1326380078953848,-1.1326380078953848,0
cobyla,local_global,620,621.0,-1.1326380078953848,-1.1326380078953848,0
cobyla,local_global,621,622.0,-1.1327294592333061,-1.1327294592333061,0
cobyla,local_global,622,623.0,-1.1327294592333061,-1.1327294592333061,0
cobyla,local_global,623,624.0,-1.1327722756212133,-1.1327722756212133,0
cobyla,local_global,624,625.0,-1.1327722756212133,-1.1327722756212133,0
cobyla,local_global,625,626.0,-1.1327722756212133,-1.1327722756212133,0
cobyla,local_global,626,627.0,-1.1327722756212133,-1.1327722756212133,0
cobyla,local_global,627,628.0,-1.1328404450798124,-1.1328404450798124,0
cobyla,local_global,628,629.0,-1.1328404450798124,-1.1328404450798124,0
cobyla,local_global,629,630.0,-1.1328404450798124,-1.1328404450798124,0
cobyla,local_global,630,631.0,-1.1328404450798124,-1.1328404450798124,0
cobyla,local_global,631,632.0,-1.1328404450798124,-1.1328404450798124,0
cobyla,local_global,632,633.0,-1.1328404450798124,-1.1328404450798124,0
cobyla,local_global,633,634.0,-1.1328404450798124,-1.1328404450798124,0
cobyla,local_global,634,635.0,-1.1328404450798124,-1.1328404450798124,0
cobyla,local_global,635,636.0,-1.132849498715609,-1.132849498715609,0
cobyla,local_global,636,637.0,-1.132849498715609,-1.132849498715609,0
cobyla,local_global,637,638.0,-1.132849498715609,-1.132849498715609,0
cobyla,local_global,638,639.0,-1.132849498715609,-1.132849498715609,0
cobyla,local_global,639,640.0,-1.1329034467686414,-1.1329034467686414,0
cobyla,local_global,640,641.0,-1.1329077034438035,-1.1329077034438035,0
cobyla,local_global,641,642.0,-1.1329077034438035,-1.1329077034438035,0
cobyla,local_global,642,643.0,-1.1329077034438035,-1.1329077034438035,0
cobyla,local_global,643,644.0,-1.1329077034438035,-1.1329077034438035,0
cobyla,local_global,644,645.0,-1.132910030596363,-1.132910030596363,0
cobyla,local_global,645,646.0,-1.132910030596363,-1.132910030596363,0
cobyla,local_global,646,647.0,-1.1329297061077799,-1.1329297061077799,0
cobyla,local_global,647,648.0,-1.1329297061077799,-1.1329297061077799,0
cobyla,local_global,648,649.0,-1.1329297061077799,-1.1329297061077799,0
cobyla,local_global,649,650.0,-1.1329297061077799,-1.1329297061077799,0
cobyla,local_global,650,651.0,-1.1329495929955342,-1.1329495929955342,0
cobyla,local_global,651,652.0,-1.1329890281371142,-1.1329890281371142,0
cobyla,local_global,652,653.0,-1.1329948637609248,-1.1329948637609248,0
cobyla,local_global,653,654.0,-1.1329948637609248,-1.1329948637609248,0
cobyla,local_global,654,655.0,-1.1329948637609248,-1.1329948637609248,0
cobyla,local_global,655,656.0,-1.1330119329614796,-1.1330119329614796,0
cobyla,local_global,656,657.0,-1.1330380099438302,-1.1330380099438302,0
cobyla,local_global,657,658.0,-1.1330529963985587,-1.1330529963985587,0
cobyla,local_global,658,659.0,-1.1330529963985587,-1.1330529963985587,0
cobyla,local_global,659,660.0,-1.1330610891218647,-1.1330610891218647,0
cobyla,local_global,660,661.0,-1.1330656335080547,-1.1330656335080547,0
cobyla,local_global,661,662.0,-1.1330656335080547,-1.1330656335080547,0
cobyla,local_global,662,663.0,-1.1330656335080547,-1.1330656335080547,0
cobyla,local_global,663,664.0,-1.1330656335080547,-1.1330656335080547,0
cobyla,local_global,664,665.0,-1.1331088588534144,-1.1331088588534144,0
cobyla,local_global,665,666.0,-1.1331088588534144,-1.1331088588534144,0
cobyla,local_global,666,667.0,-1.1331088588534144,-1.1331088588534144,0
cobyla,local_global,667,668.0,-1.1331323759858443,-1.1331323759858443,0
cobyla,local_global,668,669.0,-1.1331487047643167,-1.1331487047643167,0
cobyla,local_global,669,670.0,-1.1331785048022998,-1.1331785048022998,0
cobyla,local_global,670,671.0,-1.1331785048022998,-1.1331785048022998,0
cobyla,local_global,671,672.0,-1.1331785048022998,-1.1331785048022998,0
cobyla,local_global,672,673.0,-1.1331785048022998,-1.1331785048022998,0
cobyla,local_global,673,674.0,-1.1332014035704943,-1.1332014035704943,0
cobyla,local_global,674,675.0,-1.1332014035704943,-1.1332014035704943,0
cobyla,local_global,675,676.0,-1.1332706295634634,-1.1332706295634634,0
cobyla,local_global,676,677.0,-1.1332706295634634,-1.1332706295634634,0
cobyla,local_global,677,678.0,-1.1332706295634634,-1.1332706295634634,0
cobyla,local_global,678,679.0,-1.1332706295634634,-1.1332706295634634,0
cobyla,local_global,679,680.0,-1.1332706295634634,-1.1332706295634634,0
cobyla,local_global,680,681.0,-1.1332706295634634,-1.1332706295634634,0
cobyla,local_global,681,682.0,-1.1332706295634634,-1.1332706295634634,0
cobyla,local_global,682,683.0,-1.1332706295634634,-1.1332706295634634,0
cobyla,local_global,683,684.0,-1.1332718815027407,-1.1332718815027407,0
cobyla,local_global,684,685.0,-1.1332718815027407,-1.1332718815027407,0
cobyla,local_global,685,686.0,-1.1332718815027407,-1.1332718815027407,0
cobyla,local_global,686,687.0,-1.1332718815027407,-1.1332718815027407,0
cobyla,local_global,687,688.0,-1.1332718815027407,-1.1332718815027407,0
cobyla,local_global,688,689.0,-1.1332718815027407,-1.1332718815027407,0
cobyla,local_global,689,690.0,-1.1332718815027407,-1.1332718815027407,0
cobyla,local_global,690,691.0,-1.1332718815027407,-1.1332718815027407,0
cobyla,local_global,691,692.0,-1.1332718815027407,-1.1332718815027407,0
cobyla,local_global,692,693.0,-1.1332718815027407,-1.1332718815027407,0
cobyla,local_global,693,694.0,-1.1332718815027407,-1.1332718815027407,0
cobyla,local_global,694,695.0,-1.1332718815027407,-1.1332718815027407,0
cobyla,local_global,695,696.0,-1.1332718815027407,-1.1332718815027407,0
cobyla,local_global,696,697.0,-1.1332718815027407,-1.1332718815027407,0
cobyla,local_global,697,698.0,-1.1332718815027407,-1.1332718815027407,0
cobyla,local_global,698,699.0,-1.1332718815027407,-1.1332718815027407,0
cobyla,local_global,699,700.0,-1.133339274687876,-1.133339274687876,0
cobyla,local_global,700,701.0,-1.133339274687876,-1.133339274687876,0
cobyla,local_global,701,702.0,-1.1333542373539671,-1.1333542373539671,0
cobyla,local_global,702,703.0,-1.1333558559219528,-1.1333558559219528,0
cobyla,local_global,703,704.0,-1.1333558559219528,-1.1333558559219528,0
cobyla,local_global,704,705.0,-1.1333558559219528,-1.1333558559219528,0
cobyla,local_global,705,706.0,-1.1333558559219528,-1.1333558559219528,0
cobyla,local_global,706,707.0,-1.1333558559219528,-1.1333558559219528,0
cobyla,local_global,707,708.0,-1.1333558559219528,-1.1333558559219528,0
cobyla,local_global,708,709.0,-1.1333612202863985,-1.1333612202863985,0
cobyla,local_global,709,710.0,-1.1333612202863985,-1.1333612202863985,0
cobyla,local_global,710,711.0,-1.1333612202863985,-1.1333612202863985,0
cobyla,local_global,711,712.0,-1.1333612202863985,-1.1333612202863985,0
cobyla,local_global,712,713.0,-1.1333893333966079,-1.1333893333966079,0
cobyla,local_global,713,714.0,-1.1334132184067898,-1.1334132184067898,0
cobyla,local_global,714,715.0,-1.1334172701722596,-1.1334172701722596,0
cobyla,local_global,715,716.0,-1.1334172701722596,-1.1334172701722596,0
cobyla,local_global,716,717.0,-1.1334172701722596,-1.1334172701722596,0
cobyla,local_global,717,718.0,-1.1334172701722596,-1.1334172701722596,0
cobyla,local_global,718,719.0,-1.1334172701722596,-1.1334172701722596,0
cobyla,local_global,719,720.0,-1.1334605008914558,-1.1334605008914558,0
cobyla,local_global,720,721.0,-1.1334605008914558,-1.1334605008914558,0
cobyla,local_global,721,722.0,-1.1334605008914558,-1.1334605008914558,0
cobyla,local_global,722,723.0,-1.1334732585295282,-1.1334732585295282,0
cobyla,local_global,723,724.0,-1.1334732585295282,-1.1334732585295282,0
cobyla,local_global,724,725.0,-1.1334732585295282,-1.1334732585295282,0
cobyla,local_global,725,726.0,-1.1334732585295282,-1.1334732585295282,0
cobyla,local_global,726,727.0,-1.1334732585295282,-1.1334732585295282,0
cobyla,local_global,727,728.0,-1.1334979656685888,-1.1334979656685888,0
cobyla,local_global,728,729.0,-1.1334995811766715,-1.1334995811766715,0
cobyla,local_global,729,730.0,-1.1334995811766715,-1.1334995811766715,0
cobyla,local_global,730,731.0,-1.1334995811766715,-1.1334995811766715,0
cobyla,local_global,731,732.0,-1.1334995811766715,-1.1334995811766715,0
cobyla,local_global,732,733.0,-1.1334995811766715,-1.1334995811766715,0
cobyla,local_global,733,734.0,-1.1334995811766715,-1.1334995811766715,0
cobyla,local_global,734,735.0,-1.1334995811766715,-1.1334995811766715,0
cobyla,local_global,735,736.0,-1.1335049455327604,-1.1335049455327604,0
cobyla,local_global,736,737.0,-1.1335049455327604,-1.1335049455327604,0
cobyla,local_global,737,738.0,-1.1335049455327604,-1.1335049455327604,0
cobyla,local_global,738,739.0,-1.1335049455327604,-1.1335049455327604,0
cobyla,local_global,739,740.0,-1.1335049455327604,-1.1335049455327604,0
cobyla,local_global,740,741.0,-1.1335049455327604,-1.1335049455327604,0
cobyla,local_global,741,742.0,-1.1335049455327604,-1.1335049455327604,0
cobyla,local_global,742,743.0,-1.1335049455327604,-1.1335049455327604,0
cobyla,local_global,743,744.0,-1.1335498793949432,-1.1335498793949432,0
cobyla,local_global,744,745.0,-1.1335498793949432,-1.1335498793949432,0
cobyla,local_global,745,746.0,-1.1335498793949432,-1.1335498793949432,0
cobyla,local_global,746,747.0,-1.1335498793949432,-1.1335498793949432,0
cobyla,local_global,747,748.0,-1.1336368261675518,-1.1336368261675518,0
cobyla,local_global,748,749.0,-1.1336368261675518,-1.1336368261675518,0
cobyla,local_global,749,750.0,-1.1336368261675518,-1.1336368261675518,0
cobyla,local_global,750,751.0,-1.13364555178189,-1.13364555178189,0
cobyla,local_global,751,752.0,-1.13364555178189,-1.13364555178189,0
cobyla,local_global,752,753.0,-1.13366646909828,-1.13366646909828,0
cobyla,local_global,753,754.0,-1.13366646909828,-1.13366646909828,0
cobyla,local_global,754,755.0,-1.13366646909828,-1.13366646909828,0
cobyla,local_global,755,756.0,-1.13366646909828,-1.13366646909828,0
cobyla,local_global,756,757.0,-1.13366646909828,-1.13366646909828,0
cobyla,local_global,757,758.0,-1.1336720733580703,-1.1336720733580703,0
cobyla,local_global,758,759.0,-1.1336720733580703,-1.1336720733580703,0
cobyla,local_global,759,760.0,-1.1336720733580703,-1.1336720733580703,0
cobyla,local_global,760,761.0,-1.1336904422081142,-1.1336904422081142,0
cobyla,local_global,761,762.0,-1.1336904422081142,-1.1336904422081142,0
cobyla,local_global,762,763.0,-1.1336904422081142,-1.1336904422081142,0
cobyla,local_global,763,764.0,-1.1336904422081142,-1.1336904422081142,0
cobyla,local_global,764,765.0,-1.1337342717662386,-1.1337342717662386,0
cobyla,local_global,765,766.0,-1.1337342717662386,-1.1337342717662386,0
cobyla,local_global,766,767.0,-1.1337342717662386,-1.1337342717662386,0
cobyla,local_global,767,768.0,-1.1337342717662386,-1.1337342717662386,0
cobyla,local_global,768,769.0,-1.1337409259092301,-1.1337409259092301,0
cobyla,local_global,769,770.0,-1.1337430233849042,-1.1337430233849042,0
cobyla,local_global,770,771.0,-1.1337430233849042,-1.1337430233849042,0
cobyla,local_global,771,772.0,-1.1337539764428395,-1.1337539764428395,0
cobyla,local_global,772,773.0,-1.1337539764428395,-1.1337539764428395,0
cobyla,local_global,773,774.0,-1.1337539764428395,-1.1337539764428395,0
cobyla,local_global,774,775.0,-1.1337539764428395,-1.1337539764428395,0
cobyla,local_global,775,776.0,-1.1337539764428395,-1.1337539764428395,0
cobyla,local_global,776,777.0,-1.1337539764428395,-1.1337539764428395,0
cobyla,local_global,777,778.0,-1.1337539764428395,-1.1337539764428395,0
cobyla,local_global,778,779.0,-1.1337539764428395,-1.1337539764428395,0
cobyla,local_global,779,780.0,-1.1337539764428395,-1.1337539764428395,0
cobyla,local_global,780,781.0,-1.1337539764428395,-1.1337539764428395,0
cobyla,local_global,781,782.0,-1.1337539764428395,-1.1337539764428395,0
cobyla,local_global,782,783.0,-1.1337539764428395,-1.1337539764428395,0
cobyla,local_global,783,784.0,-1.1337539764428395,-1.1337539764428395,0
cobyla,local_global,784,785.0,-1.1337539764428395,-1.1337539764428395,0
cobyla,local_global,785,786.0,-1.1337539764428395,-1.1337539764428395,0
cobyla,local_global,786,787.0,-1.1337539764428395,-1.1337539764428395,0
cobyla,local_global,787,788.0,-1.1337539764428395,-1.1337539764428395,0
cobyla,local_global,788,789.0,-1.1337539764428395,-1.1337539764428395,0
cobyla,local_global,789,790.0,-1.1337539764428395,-1.1337539764428395,0
cobyla,local_global,790,791.0,-1.1337539764428395,-1.1337539764428395,0
cobyla,local_global,791,792.0,-1.1337562151491996,-1.1337562151491996,0
cobyla,local_global,792,793.0,-1.1337766947888848,-1.1337766947888848,0
cobyla,local_global,793,794.0,-1.1337851398300143,-1.1337851398300143,0
cobyla,local_global,794,795.0,-1.1337980818868045,-1.1337980818868045,0
cobyla,local_global,795,796.0,-1.1337980818868045,-1.1337980818868045,0
cobyla,local_global,796,797.0,-1.1337980818868045,-1.1337980818868045,0
cobyla,local_global,797,798.0,-1.1337980818868045,-1.1337980818868045,0
cobyla,local_global,798,799.0,-1.1337980818868045,-1.1337980818868045,0
cobyla,local_global,799,800.0,-1.1337980818868045,-1.1337980818868045,0
cobyla,local_global,800,801.0,-1.1337980818868045,-1.1337980818868045,0
cobyla,local_global,801,802.0,-1.133819382209017,-1.133819382209017,0
cobyla,local_global,802,803.0,-1.133819382209017,-1.133819382209017,0
cobyla,local_global,803,804.0,-1.133819382209017,-1.133819382209017,0
cobyla,local_global,804,805.0,-1.1338296454003665,-1.1338296454003665,0
cobyla,local_global,805,806.0,-1.1338296454003665,-1.1338296454003665,0
cobyla,local_global,806,807.0,-1.1338296454003665,-1.1338296454003665,0
cobyla,local_global,807,808.0,-1.1338296454003665,-1.1338296454003665,0
cobyla,local_global,808,809.0,-1.1338304233483374,-1.1338304233483374,0
cobyla,local_global,809,810.0,-1.1338304233483374,-1.1338304233483374,0
cobyla,local_global,810,811.0,-1.1338333835149388,-1.1338333835149388,0
cobyla,local_global,811,812.0,-1.1338333835149388,-1.1338333835149388,0
cobyla,local_global,812,813.0,-1.1338333835149388,-1.1338333835149388,0
cobyla,local_global,813,814.0,-1.1338333835149388,-1.1338333835149388,0
cobyla,local_global,814,815.0,-1.1338333835149388,-1.1338333835149388,0
cobyla,local_global,815,816.0,-1.1338333835149388,-1.1338333835149388,0
cobyla,local_global,816,817.0,-1.1338333835149388,-1.1338333835149388,0
cobyla,local_global,817,818.0,-1.1338599110042882,-1.1338599110042882,0
cobyla,local_global,818,819.0,-1.1338599110042882,-1.1338599110042882,0
cobyla,local_global,819,820.0,-1.1338689007461038,-1.1338689007461038,0
cobyla,local_global,820,821.0,-1.1339009964502755,-1.1339009964502755,0
cobyla,local_global,821,822.0,-1.1339009964502755,-1.1339009964502755,0
cobyla,local_global,822,823.0,-1.1339070044580402,-1.1339070044580402,0
cobyla,local_global,823,824.0,-1.1339070044580402,-1.1339070044580402,0
cobyla,local_global,824,825.0,-1.1339070044580402,-1.1339070044580402,0
cobyla,local_global,825,826.0,-1.1339070044580402,-1.1339070044580402,0
cobyla,local_global,826,827.0,-1.1339196123854898,-1.1339196123854898,0
cobyla,local_global,827,828.0,-1.1339196123854898,-1.1339196123854898,0
cobyla,local_global,828,829.0,-1.1339359138801322,-1.1339359138801322,0
cobyla,local_global,829,830.0,-1.1339359138801322,-1.1339359138801322,0
cobyla,local_global,830,831.0,-1.1339359138801322,-1.1339359138801322,0
cobyla,local_global,831,832.0,-1.1339359138801322,-1.1339359138801322,0
cobyla,local_global,832,833.0,-1.1339359138801322,-1.1339359138801322,0
cobyla,local_global,833,834.0,-1.1339359138801322,-1.1339359138801322,0
cobyla,local_global,834,835.0,-1.1339544119070426,-1.1339544119070426,0
cobyla,local_global,835,836.0,-1.1339640588253963,-1.1339640588253963,0
cobyla,local_global,836,837.0,-1.1339640588253963,-1.1339640588253963,0
cobyla,local_global,837,838.0,-1.1339640588253963,-1.1339640588253963,0
cobyla,local_global,838,839.0,-1.1339973850769558,-1.1339973850769558,0
cobyla,local_global,839,840.0,-1.1339973850769558,-1.1339973850769558,0
cobyla,local_global,840,841.0,-1.1339973850769558,-1.1339973850769558,0
cobyla,local_global,841,842.0,-1.1339973850769558,-1.1339973850769558,0
cobyla,local_global,842,843.0,-1.1339973850769558,-1.1339973850769558,0
cobyla,local_global,843,844.0,-1.1339973850769558,-1.1339973850769558,0
cobyla,local_global,844,845.0,-1.1339973850769558,-1.1339973850769558,0
cobyla,local_global,845,846.0,-1.1339973850769558,-1.1339973850769558,0
cobyla,local_global,846,847.0,-1.1340127398165305,-1.1340127398165305,0
cobyla,local_global,847,848.0,-1.1340127398165305,-1.1340127398165305,0
cobyla,local_global,848,849.0,-1.1340127398165305,-1.1340127398165305,0
cobyla,local_global,849,850.0,-1.1340307600658805,-1.1340307600658805,0
cobyla,local_global,850,851.0,-1.1340307600658805,-1.1340307600658805,0
cobyla,local_global,851,852.0,-1.1340307600658805,-1.1340307600658805,0
cobyla,local_global,852,853.0,-1.1340307600658805,-1.1340307600658805,0
cobyla,local_global,853,854.0,-1.1340307600658805,-1.1340307600658805,0
cobyla,local_global,854,855.0,-1.1340307600658805,-1.1340307600658805,0
cobyla,local_global,855,856.0,-1.1340307600658805,-1.1340307600658805,0
cobyla,local_global,856,857.0,-1.1340307600658805,-1.1340307600658805,0
cobyla,local_global,857,858.0,-1.1340437824427816,-1.1340437824427816,0
cobyla,local_global,858,859.0,-1.1340437824427816,-1.1340437824427816,0
cobyla,local_global,859,860.0,-1.1340437824427816,-1.1340437824427816,0
cobyla,local_global,860,861.0,-1.1340437824427816,-1.1340437824427816,0
cobyla,local_global,861,862.0,-1.1340437824427816,-1.1340437824427816,0
cobyla,local_global,862,863.0,-1.1340437824427816,-1.1340437824427816,0
cobyla,local_global,863,864.0,-1.1340437824427816,-1.1340437824427816,0
cobyla,local_global,864,865.0,-1.1340775654976498,-1.1340775654976498,0
cobyla,local_global,865,866.0,-1.1340775654976498,-1.1340775654976498,0
cobyla,local_global,866,867.0,-1.1340775654976498,-1.1340775654976498,0
cobyla,local_global,867,868.0,-1.1340775654976498,-1.1340775654976498,0
cobyla,local_global,868,869.0,-1.134091642029553,-1.134091642029553,0
cobyla,local_global,869,870.0,-1.134091642029553,-1.134091642029553,0
cobyla,local_global,870,871.0,-1.1340937978317975,-1.1340937978317975,0
cobyla,local_global,871,872.0,-1.1340937978317975,-1.1340937978317975,0
cobyla,local_global,872,873.0,-1.1340964945646037,-1.1340964945646037,0
cobyla,local_global,873,874.0,-1.1340964945646037,-1.1340964945646037,0
cobyla,local_global,874,875.0,-1.1340964945646037,-1.1340964945646037,0
cobyla,local_global,875,876.0,-1.1340964945646037,-1.1340964945646037,0
cobyla,local_global,876,877.0,-1.1340964945646037,-1.1340964945646037,0
cobyla,local_global,877,878.0,-1.1340964945646037,-1.1340964945646037,0
cobyla,local_global,878,879.0,-1.1340964945646037,-1.1340964945646037,0
cobyla,local_global,879,880.0,-1.1340964945646037,-1.1340964945646037,0
cobyla,local_global,880,881.0,-1.1340964945646037,-1.1340964945646037,0
cobyla,local_global,881,882.0,-1.1340964945646037,-1.1340964945646037,0
cobyla,local_global,882,883.0,-1.1341087784030075,-1.1341087784030075,0
cobyla,local_global,883,884.0,-1.13412250600671,-1.13412250600671,0
cobyla,local_global,884,885.0,-1.13412250600671,-1.13412250600671,0
cobyla,local_global,885,886.0,-1.1341261404121792,-1.1341261404121792,0
cobyla,local_global,886,887.0,-1.1341379668443365,-1.1341379668443365,0
cobyla,local_global,887,888.0,-1.1341379668443365,-1.1341379668443365,0
cobyla,local_global,888,889.0,-1.134140269453146,-1.134140269453146,0
cobyla,local_global,889,890.0,-1.134140269453146,-1.134140269453146,0
cobyla,local_global,890,891.0,-1.134140269453146,-1.134140269453146,0
cobyla,local_global,891,892.0,-1.134140269453146,-1.134140269453146,0
cobyla,local_global,892,893.0,-1.134140269453146,-1.134140269453146,0
cobyla,local_global,893,894.0,-1.134140269453146,-1.134140269453146,0
cobyla,local_global,894,895.0,-1.134140269453146,-1.134140269453146,0
cobyla,local_global,895,896.0,-1.134140269453146,-1.134140269453146,0
cobyla,local_global,896,897.0,-1.1341607648660923,-1.1341607648660923,0
cobyla,local_global,897,898.0,-1.1341607648660923,-1.1341607648660923,0
cobyla,local_global,898,899.0,-1.1341758932204267,-1.1341758932204267,0
cobyla,local_global,899,900.0,-1.1341758932204267,-1.1341758932204267,0
cobyla,local_global,900,901.0,-1.1341822081492539,-1.1341822081492539,0
cobyla,local_global,901,902.0,-1.1341841804542425,-1.1341841804542425,0
cobyla,local_global,902,903.0,-1.1341841804542425,-1.1341841804542425,0
cobyla,local_global,903,904.0,-1.1341841804542425,-1.1341841804542425,0
cobyla,local_global,904,905.0,-1.1341841804542425,-1.1341841804542425,0
cobyla,local_global,905,906.0,-1.134234462559188,-1.134234462559188,0
cobyla,local_global,906,907.0,-1.134234462559188,-1.134234462559188,0
cobyla,local_global,907,908.0,-1.134234462559188,-1.134234462559188,0
cobyla,local_global,908,909.0,-1.134234462559188,-1.134234462559188,0
cobyla,local_global,909,910.0,-1.134234462559188,-1.134234462559188,0
cobyla,local_global,910,911.0,-1.134234462559188,-1.134234462559188,0
cobyla,local_global,911,912.0,-1.134234462559188,-1.134234462559188,0
cobyla,local_global,912,913.0,-1.134234462559188,-1.134234462559188,0
cobyla,local_global,913,914.0,-1.134234462559188,-1.134234462559188,0
cobyla,local_global,914,915.0,-1.134234462559188,-1.134234462559188,0
cobyla,local_global,915,916.0,-1.1342851222470391,-1.1342851222470391,0
cobyla,local_global,916,917.0,-1.1342851222470391,-1.1342851222470391,0
cobyla,local_global,917,918.0,-1.1342851222470391,-1.1342851222470391,0
cobyla,local_global,918,919.0,-1.1342851222470391,-1.1342851222470391,0
cobyla,local_global,919,920.0,-1.1342851222470391,-1.1342851222470391,0
cobyla,local_global,920,921.0,-1.1342851222470391,-1.1342851222470391,0
cobyla,local_global,921,922.0,-1.1342851222470391,-1.1342851222470391,0
cobyla,local_global,922,923.0,-1.1342851222470391,-1.1342851222470391,0
cobyla,local_global,923,924.0,-1.1342851222470391,-1.1342851222470391,0
cobyla,local_global,924,925.0,-1.1342851222470391,-1.1342851222470391,0
cobyla,local_global,925,926.0,-1.1342851222470391,-1.1342851222470391,0
cobyla,local_global,926,927.0,-1.1342851222470391,-1.1342851222470391,0
cobyla,local_global,927,928.0,-1.1342851222470391,-1.1342851222470391,0
cobyla,local_global,928,929.0,-1.1342860059562085,-1.1342860059562085,0
cobyla,local_global,929,930.0,-1.1342860059562085,-1.1342860059562085,0
cobyla,local_global,930,931.0,-1.1342860059562085,-1.1342860059562085,0
cobyla,local_global,931,932.0,-1.1342860059562085,-1.1342860059562085,0
cobyla,local_global,932,933.0,-1.1342860059562085,-1.1342860059562085,0
cobyla,local_global,933,934.0,-1.1342860059562085,-1.1342860059562085,0
cobyla,local_global,934,935.0,-1.1342860059562085,-1.1342860059562085,0
cobyla,local_global,935,936.0,-1.1342860059562085,-1.1342860059562085,0
cobyla,local_global,936,937.0,-1.1342860059562085,-1.1342860059562085,0
cobyla,local_global,937,938.0,-1.1342860059562085,-1.1342860059562085,0
cobyla,local_global,938,939.0,-1.134286214535325,-1.134286214535325,0
cobyla,local_global,939,940.0,-1.134286214535325,-1.134286214535325,0
cobyla,local_global,940,941.0,-1.1343050920415672,-1.1343050920415672,0
cobyla,local_global,941,942.0,-1.1343050920415672,-1.1343050920415672,0
cobyla,local_global,942,943.0,-1.1343050920415672,-1.1343050920415672,0
cobyla,local_global,943,944.0,-1.1343050920415672,-1.1343050920415672,0
cobyla,local_global,944,945.0,-1.1343050920415672,-1.1343050920415672,0
cobyla,local_global,945,946.0,-1.1343050920415672,-1.1343050920415672,0
cobyla,local_global,946,947.0,-1.1343050920415672,-1.1343050920415672,0
cobyla,local_global,947,948.0,-1.134314710905874,-1.134314710905874,0
cobyla,local_global,948,949.0,-1.134314710905874,-1.134314710905874,0
cobyla,local_global,949,950.0,-1.134314710905874,-1.134314710905874,0
cobyla,local_global,950,951.0,-1.134314710905874,-1.134314710905874,0
cobyla,local_global,951,952.0,-1.134314710905874,-1.134314710905874,0
cobyla,local_global,952,953.0,-1.134314710905874,-1.134314710905874,0
cobyla,local_global,953,954.0,-1.1343311841487902,-1.1343311841487902,0
cobyla,local_global,954,955.0,-1.1343395273988441,-1.1343395273988441,0
cobyla,local_global,955,956.0,-1.1343395273988441,-1.1343395273988441,0
cobyla,local_global,956,957.0,-1.1343395273988441,-1.1343395273988441,0
cobyla,local_global,957,958.0,-1.1343395273988441,-1.1343395273988441,0
cobyla,local_global,958,959.0,-1.1343395273988441,-1.1343395273988441,0
cobyla,local_global,959,960.0,-1.1343395273988441,-1.1343395273988441,0
cobyla,local_global,960,961.0,-1.1343395273988441,-1.1343395273988441,0
cobyla,local_global,961,962.0,-1.1343395273988441,-1.1343395273988441,0
cobyla,local_global,962,963.0,-1.1343395273988441,-1.1343395273988441,0
cobyla,local_global,963,964.0,-1.1343395273988441,-1.1343395273988441,0
cobyla,local_global,964,965.0,-1.1343396948749465,-1.1343396948749465,0
cobyla,local_global,965,966.0,-1.1343396948749465,-1.1343396948749465,0
cobyla,local_global,966,967.0,-1.13434576268965,-1.13434576268965,0
cobyla,local_global,967,968.0,-1.13434576268965,-1.13434576268965,0
cobyla,local_global,968,969.0,-1.1343555970405266,-1.1343555970405266,0
cobyla,local_global,969,970.0,-1.1343555970405266,-1.1343555970405266,0
cobyla,local_global,970,971.0,-1.1343678082887207,-1.1343678082887207,0
cobyla,local_global,971,972.0,-1.1343765746964412,-1.1343765746964412,0
cobyla,local_global,972,973.0,-1.1344085551679588,-1.1344085551679588,0
cobyla,local_global,973,974.0,-1.1344249294384323,-1.1344249294384323,0
cobyla,local_global,974,975.0,-1.1344266054513423,-1.1344266054513423,0
cobyla,local_global,975,976.0,-1.1344408116141282,-1.1344408116141282,0
cobyla,local_global,976,977.0,-1.1344408116141282,-1.1344408116141282,0
cobyla,local_global,977,978.0,-1.1344419171875084,-1.1344419171875084,0
cobyla,local_global,978,979.0,-1.1344419171875084,-1.1344419171875084,0
cobyla,local_global,979,980.0,-1.1344456287396154,-1.1344456287396154,0
cobyla,local_global,980,981.0,-1.1344456287396154,-1.1344456287396154,0
cobyla,local_global,981,982.0,-1.1344547293508385,-1.1344547293508385,0
cobyla,local_global,982,983.0,-1.1344547293508385,-1.1344547293508385,0
cobyla,local_global,983,984.0,-1.1344547293508385,-1.1344547293508385,0
cobyla,local_global,984,985.0,-1.1344547293508385,-1.1344547293508385,0
cobyla,local_global,985,986.0,-1.1344547293508385,-1.1344547293508385,0
cobyla,local_global,986,987.0,-1.1344547293508385,-1.1344547293508385,0
cobyla,local_global,987,988.0,-1.134481787736364,-1.134481787736364,0
cobyla,local_global,988,989.0,-1.1344933868521352,-1.1344933868521352,0
cobyla,local_global,989,990.0,-1.1344933868521352,-1.1344933868521352,0
cobyla,local_global,990,991.0,-1.1344933868521352,-1.1344933868521352,0
cobyla,local_global,991,992.0,-1.1345008832114296,-1.1345008832114296,0
cobyla,local_global,992,993.0,-1.1345008832114296,-1.1345008832114296,0
cobyla,local_global,993,994.0,-1.1345008832114296,-1.1345008832114296,0
cobyla,local_global,994,995.0,-1.1345057793123487,-1.1345057793123487,0
cobyla,local_global,995,996.0,-1.1345242489643412,-1.1345242489643412,0
cobyla,local_global,996,997.0,-1.1345277958574078,-1.1345277958574078,0
cobyla,local_global,997,998.0,-1.1345277958574078,-1.1345277958574078,0
cobyla,local_global,998,999.0,-1.1345450114002902,-1.1345450114002902,0
cobyla,local_global,999,1000.0,-1.1345450114002902,-1.1345450114002902,0
cobyla,adiabatic,0,1.0,0.5278211239450562,-0.06737269252799219,0
cobyla,adiabatic,1,2.0,0.47751575307430144,-0.12537655711798432,0
cobyla,adiabatic,2,3.0,0.47751575307430144,-0.12537655711798432,0
cobyla,adiabatic,3,4.0,0.4385202370696155,-0.281710131907506,0
cobyla,adiabatic,4,5.0,0.4185667073259788,-0.38278501739541526,0
cobyla,adiabatic,5,6.0,0.4185667073259788,-0.38278501739541526,0
cobyla,adiabatic,6,7.0,0.4185667073259788,-0.38278501739541526,0
cobyla,adiabatic,7,8.0,0.4185667073259788,-0.38278501739541526,0
cobyla,adiabatic,8,9.0,0.4185667073259788,-0.38278501739541526,0
cobyla,adiabatic,9,10.0,0.4185667073259788,-0.38278501739541526,0
cobyla,adiabatic,10,11.0,0.37919340567171445,-0.43769775816952533,0
cobyla,adiabatic,11,12.0,0.37919340567171445,-0.43769775816952533,0
cobyla,adiabatic,12,13.0,0.37919340567171445,-0.43769775816952533,0
cobyla,adiabatic,13,14.0,0.37919340567171445,-0.43769775816952533,0
cobyla,adiabatic,14,15.0,0.3650586900911319,-0.42830994905534453,0
cobyla,adiabatic,15,16.0,0.3650586900911319,-0.42830994905534453,0
cobyla,adiabatic,16,17.0,0.3650586900911319,-0.42830994905534453,0
cobyla,adiabatic,17,18.0,0.3650586900911319,-0.42830994905534453,0
cobyla,adiabatic,18,19.0,0.3650586900911319,-0.42830994905534453,0
cobyla,adiabatic,19,20.0,0.3593177646922231,-0.3917161223124187,0
cobyla,adiabatic,20,21.0,0.3593177646922231,-0.3917161223124187,0
cobyla,adiabatic,21,22.0,0.3593177646922231,-0.3917161223124187,0
cobyla,adiabatic,22,23.0,0.3593177646922231,-0.3917161223124187,0
cobyla,adiabatic,23,24.0,0.3593177646922231,-0.3917161223124187,0
cobyla,adiabatic,24,25.0,0.3450591308163007,-0.435448310477842,0
cobyla,adiabatic,25,26.0,0.3450591308163007,-0.435448310477842,0
cobyla,adiabatic,26,27.0,0.34494050701673207,-0.462620002593558,0
cobyla,adiabatic,27,28.0,0.34494050701673207,-0.462620002593558,0
cobyla,adiabatic,28,29.0,0.3314706574435527,-0.5070775061325695,0
cobyla,adiabatic,29,30.0,0.3314706574435527,-0.5070775061325695,0
cobyla,adiabatic,30,31.0,0.3314706574435527,-0.5070775061325695,0
cobyla,adiabatic,31,32.0,0.3314706574435527,-0.5070775061325695,0
cobyla,adiabatic,32,33.0,0.3314706574435527,-0.5070775061325695,0
cobyla,adiabatic,33,34.0,0.3314706574435527,-0.5070775061325695,0
cobyla,adiabatic,34,35.0,0.3314706574435527,-0.5070775061325695,0
cobyla,adiabatic,35,36.0,0.32321526910675524,-0.45252586308958004,0
cobyla,adiabatic,36,37.0,0.3232152691067552,-0.45413629094360075,0
cobyla,adiabatic,37,38.0,0.3232152691067552,-0.45413629094360075,0
cobyla,adiabatic,38,39.0,0.3232152691067552,-0.45413629094360075,0
cobyla,adiabatic,39,40.0,0.3232152691067552,-0.45413629094360075,0
cobyla,adiabatic,40,41.0,0.3232152691067552,-0.45413629094360075,0
cobyla,adiabatic,41,42.0,0.3232152691067552,-0.45413629094360075,0
cobyla,adiabatic,42,43.0,0.3214214326698321,-0.4435799211447626,0
cobyla,adiabatic,43,44.0,0.3214214326698321,-0.4435799211447626,0
cobyla,adiabatic,44,45.0,0.3214214326698321,-0.4435799211447626,0
cobyla,adiabatic,45,46.0,0.3198579390148016,-0.45289667346877155,0
cobyla,adiabatic,46,47.0,0.31005773632870975,-0.4519224102049595,0
cobyla,adiabatic,47,48.0,0.31005773632870975,-0.4519224102049595,0
cobyla,adiabatic,48,49.0,0.3079775929795848,-0.4626713272060882,0
cobyla,adiabatic,49,50.0,0.3074716893978466,-0.4829415466872694,0
cobyla,adiabatic,50,51.0,0.3074716893978466,-0.4829415466872694,0
cobyla,adiabatic,51,52.0,0.3074716893978466,-0.4829415466872694,0
cobyla,adiabatic,52,53.0,0.3074716893978466,-0.4829415466872694,0
cobyla,adiabatic,53,54.0,0.3074716893978466,-0.4829415466872694,0
cobyla,adiabatic,54,55.0,0.30723637988442326,-0.5216568360478354,0
cobyla,adiabatic,55,56.0,0.30723637988442326,-0.5216568360478354,0
cobyla,adiabatic,56,57.0,0.30723637988442326,-0.5216568360478354,0
cobyla,adiabatic,57,58.0,0.30723637988442326,-0.5216568360478354,0
cobyla,adiabatic,58,59.0,0.28363503371108634,-0.5377091081730859,0
cobyla,adiabatic,59,60.0,0.25070012717224655,-0.6233177245166536,0
cobyla,adiabatic,60,61.0,0.25070012717224655,-0.6233177245166536,0
cobyla,adiabatic,61,62.0,0.25070012717224655,-0.6233177245166536,0
cobyla,adiabatic,62,63.0,0.25070012717224655,-0.6233177245166536,0
cobyla,adiabatic,63,64.0,0.25070012717224655,-0.6233177245166536,0
cobyla,adiabatic,64,65.0,0.25070012717224655,-0.6233177245166536,0
cobyla,adiabatic,65,66.0,0.25070012717224655,-0.6233177245166536,0
cobyla,adiabatic,66,67.0,0.25070012717224655,-0.6233177245166536,0
cobyla,adiabatic,67,68.0,0.25070012717224655,-0.6233177245166536,0
cobyla,adiabatic,68,69.0,0.25070012717224655,-0.6233177245166536,0
cobyla,adiabatic,69,70.0,0.25070012717224655,-0.6233177245166536,0
cobyla,adiabatic,70,71.0,0.25070012717224655,-0.6233177245166536,0
cobyla,adiabatic,71,72.0,0.25070012717224655,-0.6233177245166536,0
cobyla,adiabatic,72,73.0,0.23545837026272176,-0.6881236590211135,0
cobyla,adiabatic,73,74.0,0.23545837026272176,-0.6881236590211135,0
cobyla,adiabatic,74,75.0,0.23545837026272176,-0.6881236590211135,0
cobyla,adiabatic,75,76.0,0.23545837026272176,-0.6881236590211135,0
cobyla,adiabatic,76,77.0,0.21870361835704086,-0.7357318332009768,0
cobyla,adiabatic,77,78.0,0.2065720546408368,-0.6479979908687566,0
cobyla,adiabatic,78,79.0,0.1899437204062681,-0.7005705515865639,0
cobyla,adiabatic,79,80.0,0.1899437204062681,-0.7005705515865639,0
cobyla,adiabatic,80,81.0,0.1899437204062681,-0.7005705515865639,0
cobyla,adiabatic,81,82.0,0.1899437204062681,-0.7005705515865639,0
cobyla,adiabatic,82,83.0,0.189943720406268,-0.7097459410774197,0
cobyla,adiabatic,83,84.0,0.13437467464954037,-0.8287490085807724,0
cobyla,adiabatic,84,85.0,0.13437467464954037,-0.8287490085807724,0
cobyla,adiabatic,85,86.0,0.13437467464954037,-0.8287490085807724,0
cobyla,adiabatic,86,87.0,0.13437467464954037,-0.8287490085807724,0
cobyla,adiabatic,87,88.0,0.13437467464954037,-0.8287490085807724,0
cobyla,adiabatic,88,89.0,0.13437467464954037,-0.8287490085807724,0
cobyla,adiabatic,89,90.0,0.13437467464954037,-0.8287490085807724,0
cobyla,adiabatic,90,91.0,0.13437467464954037,-0.8287490085807724,0
cobyla,adiabatic,91,92.0,0.13437467464954037,-0.8287490085807724,0
cobyla,adiabatic,92,93.0,0.1155758850514784,-0.8540115678468109,0
cobyla,adiabatic,93,94.0,0.1155758850514784,-0.8540115678468109,0
cobyla,adiabatic,94,95.0,0.1155758850514784,-0.8540115678468109,0
cobyla,adiabatic,95,96.0,0.1155758850514784,-0.8540115678468109,0
cobyla,adiabatic,96,97.0,0.1155758850514784,-0.8540115678468109,0
cobyla,adiabatic,97,98.0,0.1155758850514784,-0.8540115678468109,0
cobyla,adiabatic,98,99.0,0.1155758850514784,-0.8540115678468109,0
cobyla,adiabatic,99,100.0,0.1155758850514784,-0.8540115678468109,0
cobyla,adiabatic,100,101.0,0.00784394584055739,-0.8540115678468109,0
cobyla,adiabatic,101,102.0,0.00784394584055739,-0.8540115678468109,0
cobyla,adiabatic,102,103.0,0.00784394584055739,-0.8540115678468109,0
cobyla,adiabatic,103,104.0,0.00784394584055739,-0.8540115678468109,0
cobyla,adiabatic,104,105.0,0.00784394584055739,-0.8540115678468109,0
cobyla,adiabatic,105,106.0,0.00784394584055739,-0.8540115678468109,0
cobyla,adiabatic,106,107.0,0.00784394584055739,-0.8540115678468109,0
cobyla,adiabatic,107,108.0,0.00784394584055739,-0.8540115678468109,0
cobyla,adiabatic,108,109.0,0.00784394584055739,-0.8540115678468109,0
cobyla,adiabatic,109,110.0,0.00784394584055739,-0.8540115678468109,0
cobyla,adiabatic,110,111.0,0.00784394584055739,-0.8540115678468109,0
cobyla,adiabatic,111,112.0,0.00784394584055739,-0.8540115678468109,0
cobyla,adiabatic,112,113.0,0.00784394584055739,-0.8540115678468109,0
cobyla,adiabatic,113,114.0,0.00784394584055739,-0.8540115678468109,0
cobyla,adiabatic,114,115.0,0.00784394584055739,-0.8540115678468109,0
cobyla,adiabatic,115,116.0,0.00784394584055739,-0.8540115678468109,0
cobyla,adiabatic,116,117.0,0.00784394584055739,-0.8540115678468109,0
cobyla,adiabatic,117,118.0,0.00784394584055739,-0.8540115678468109,0
cobyla,adiabatic,118,119.0,0.00784394584055739,-0.8540115678468109,0
cobyla,adiabatic,119,120.0,0.00784394584055739,-0.8540115678468109,0
cobyla,adiabatic,120,121.0,0.00784394584055739,-0.8540115678468109,0
cobyla,adiabatic,121,122.0,0.00784394584055739,-0.8540115678468109,0
cobyla,adiabatic,122,123.0,0.00784394584055739,-0.8540115678468109,0
cobyla,adiabatic,123,124.0,0.00784394584055739,-0.8540115678468109,0
cobyla,adiabatic,124,125.0,0.00784394584055739,-0.8540115678468109,0
cobyla,adiabatic,125,126.0,0.00784394584055739,-0.8540115678468109,0
cobyla,adiabatic,126,127.0,0.00784394584055739,-0.8540115678468109,0
cobyla,adiabatic,127,128.0,0.00784394584055739,-0.8540115678468109,0
cobyla,adiabatic,128,129.0,0.00784394584055739,-0.8540115678468109,0
cobyla,adiabatic,129,130.0,0.00784394584055739,-0.8540115678468109,0
cobyla,adiabatic,130,131.0,0.00784394584055739,-0.8540115678468109,0
cobyla,adiabatic,131,132.0,0.00784394584055739,-0.8540115678468109,0
cobyla,adiabatic,132,133.0,0.00784394584055739,-0.8540115678468109,0
cobyla,adiabatic,133,134.0,0.00784394584055739,-0.8540115678468109,0
cobyla,adiabatic,134,135.0,0.003305560148439704,-0.8948570390758704,0
cobyla,adiabatic,135,136.0,0.003305560148439704,-0.8948570390758704,0
cobyla,adiabatic,136,137.0,-0.0018114910111974546,-0.9409104995126053,0
cobyla,adiabatic,137,138.0,-0.0018114910111974546,-0.9409104995126053,0
cobyla,adiabatic,138,139.0,-0.0018114910111974546,-0.9409104995126053,0
cobyla,adiabatic,139,140.0,-0.0018114910111974546,-0.9409104995126053,0
cobyla,adiabatic,140,141.0,-0.0018114910111974546,-0.9409104995126053,0
cobyla,adiabatic,141,142.0,-0.0018114910111974546,-0.9409104995126053,0
cobyla,adiabatic,142,143.0,-0.0018114910111974546,-0.9409104995126053,0
cobyla,adiabatic,143,144.0,-0.012707528790291734,-0.8969266833612767,0
cobyla,adiabatic,144,145.0,-0.012707528790291734,-0.8969266833612767,0
cobyla,adiabatic,145,146.0,-0.018316102969726945,-0.9142270431374828,0
cobyla,adiabatic,146,147.0,-0.018316102969726945,-0.9142270431374828,0
cobyla,adiabatic,147,148.0,-0.018316102969726945,-0.9142270431374828,0
cobyla,adiabatic,148,149.0,-0.018316102969726945,-0.9142270431374828,0
cobyla,adiabatic,149,150.0,-0.018316102969726945,-0.9142270431374828,0
cobyla,adiabatic,150,151.0,-0.018316102969726945,-0.9142270431374828,0
cobyla,adiabatic,151,152.0,-0.018316102969726945,-0.9142270431374828,0
cobyla,adiabatic,152,153.0,-0.018316102969726945,-0.9142270431374828,0
cobyla,adiabatic,153,154.0,-0.018316102969726945,-0.9142270431374828,0
cobyla,adiabatic,154,155.0,-0.018316102969726945,-0.9142270431374828,0
cobyla,adiabatic,155,156.0,-0.018316102969726945,-0.9142270431374828,0
cobyla,adiabatic,156,157.0,-0.026311530797770977,-0.9367796467114581,0
cobyla,adiabatic,157,158.0,-0.026311530797770977,-0.9367796467114581,0
cobyla,adiabatic,158,159.0,-0.026311530797770977,-0.9367796467114581,0
cobyla,adiabatic,159,160.0,-0.027615306309929033,-0.9334029218254596,0
cobyla,adiabatic,160,161.0,-0.027615306309929033,-0.9334029218254596,0
cobyla,adiabatic,161,162.0,-0.028712534195165694,-0.9384834310291744,0
cobyla,adiabatic,162,163.0,-0.028712534195165694,-0.9384834310291744,0
cobyla,adiabatic,163,164.0,-0.028712534195165694,-0.9384834310291744,0
cobyla,adiabatic,164,165.0,-0.028712534195165694,-0.9384834310291744,0
cobyla,adiabatic,165,166.0,-0.028712534195165694,-0.9384834310291744,0
cobyla,adiabatic,166,167.0,-0.028712534195165694,-0.9384834310291744,0
cobyla,adiabatic,167,168.0,-0.03182813519100188,-0.9442086638394398,0
cobyla,adiabatic,168,169.0,-0.03182813519100188,-0.9442086638394398,0
cobyla,adiabatic,169,170.0,-0.03182813519100188,-0.9442086638394398,0
cobyla,adiabatic,170,171.0,-0.03182813519100188,-0.9442086638394398,0
cobyla,adiabatic,171,172.0,-0.03438690584090689,-0.9450996416834151,0
cobyla,adiabatic,172,173.0,-0.03438690584090689,-0.9450996416834151,0
cobyla,adiabatic,173,174.0,-0.03438690584090689,-0.9450996416834151,0
cobyla,adiabatic,174,175.0,-0.03438690584090689,-0.9450996416834151,0
cobyla,adiabatic,175,176.0,-0.0347338194125527,-0.9462579094419218,0
cobyla,adiabatic,176,177.0,-0.036217878091227604,-0.9540766446057063,0
cobyla,adiabatic,177,178.0,-0.040422938752743456,-0.9619188703597242,0
cobyla,adiabatic,178,179.0,-0.040422938752743456,-0.9619188703597242,0
cobyla,adiabatic,179,180.0,-0.040422938752743456,-0.9619188703597242,0
cobyla,adiabatic,180,181.0,-0.04187890958951662,-0.9742472801827254,0
cobyla,adiabatic,181,182.0,-0.04187890958951662,-0.9742472801827254,0
cobyla,adiabatic,182,183.0,-0.04187890958951662,-0.9742472801827254,0
cobyla,adiabatic,183,184.0,-0.04187890958951662,-0.9742472801827254,0
cobyla,adiabatic,184,185.0,-0.04187890958951662,-0.9742472801827254,0
cobyla,adiabatic,185,186.0,-0.041987684304866754,-0.9746158663753519,0
cobyla,adiabatic,186,187.0,-0.041987684304866754,-0.9746158663753519,0
cobyla,adiabatic,187,188.0,-0.041987684304866754,-0.9746158663753519,0
cobyla,adiabatic,188,189.0,-0.041987684304866754,-0.9746158663753519,0
cobyla,adiabatic,189,190.0,-0.041987684304866754,-0.9746158663753519,0
cobyla,adiabatic,190,191.0,-0.041987684304866754,-0.9746158663753519,0
cobyla,adiabatic,191,192.0,-0.041987684304866754,-0.9746158663753519,0
cobyla,adiabatic,192,193.0,-0.041987684304866754,-0.9746158663753519,0
cobyla,adiabatic,193,194.0,-0.041987684304866754,-0.9746158663753519,0
cobyla,adiabatic,194,195.0,-0.041987684304866754,-0.9746158663753519,0
cobyla,adiabatic,195,196.0,-0.041987684304866754,-0.9746158663753519,0
cobyla,adiabatic,196,197.0,-0.041987684304866754,-0.9746158663753519,0
cobyla,adiabatic,197,198.0,-0.041987684304866754,-0.9746158663753519,0
cobyla,adiabatic,198,199.0,-0.041987684304866754,-0.9746158663753519,0
cobyla,adiabatic,199,200.0,-0.041987684304866754,-0.9746158663753519,0
cobyla,adiabatic,200,201.0,-0.15856620706367736,-0.9746158663753519,0
cobyla,adiabatic,201,202.0,-0.15856620706367736,-0.9746158663753519,0
cobyla,adiabatic,202,203.0,-0.15856620706367736,-0.9746158663753519,0
cobyla,adiabatic,203,204.0,-0.15856620706367736,-0.9746158663753519,0
cobyla,adiabatic,204,205.0,-0.1703758032799879,-0.9975403596656659,0
cobyla,adiabatic,205,206.0,-0.1703758032799879,-0.9975403596656659,0
cobyla,adiabatic,206,207.0,-0.1703758032799879,-0.9975403596656659,0
cobyla,adiabatic,207,208.0,-0.1703758032799879,-0.9975403596656659,0
cobyla,adiabatic,208,209.0,-0.1703758032799879,-0.9975403596656659,0
cobyla,adiabatic,209,210.0,-0.1703758032799879,-0.9975403596656659,0
cobyla,adiabatic,210,211.0,-0.1703758032799879,-0.9975403596656659,0
cobyla,adiabatic,211,212.0,-0.1703758032799879,-0.9975403596656659,0
cobyla,adiabatic,212,213.0,-0.1703758032799879,-0.9975403596656659,0
cobyla,adiabatic,213,214.0,-0.1703758032799879,-0.9975403596656659,0
cobyla,adiabatic,214,215.0,-0.1703758032799879,-0.9975403596656659,0
cobyla,adiabatic,215,216.0,-0.1703758032799879,-0.9975403596656659,0
cobyla,adiabatic,216,217.0,-0.1703758032799879,-0.9975403596656659,0
cobyla,adiabatic,217,218.0,-0.1703758032799879,-0.9975403596656659,0
cobyla,adiabatic,218,219.0,-0.1703758032799879,-0.9975403596656659,0
cobyla,adiabatic,219,220.0,-0.1703758032799879,-0.9975403596656659,0
cobyla,adiabatic,220,221.0,-0.1703758032799879,-0.9975403596656659,0
cobyla,adiabatic,221,222.0,-0.1703758032799879,-0.9975403596656659,0
cobyla,adiabatic,222,223.0,-0.1703758032799879,-0.9975403596656659,0
cobyla,adiabatic,223,224.0,-0.1703758032799879,-0.9975403596656659,0
cobyla,adiabatic,224,225.0,-0.1703758032799879,-0.9975403596656659,0
cobyla,adiabatic,225,226.0,-0.1703758032799879,-0.9975403596656659,0
cobyla,adiabatic,226,227.0,-0.1703758032799879,-0.9975403596656659,0
cobyla,adiabatic,227,228.0,-0.1703758032799879,-0.9975403596656659,0
cobyla,adiabatic,228,229.0,-0.1703758032799879,-0.9975403596656659,0
cobyla,adiabatic,229,230.0,-0.1703758032799879,-0.9975403596656659,0
cobyla,adiabatic,230,231.0,-0.1703758032799879,-0.9975403596656659,0
cobyla,adiabatic,231,232.0,-0.1703758032799879,-0.9975403596656659,0
cobyla,adiabatic,232,233.0,-0.1703758032799879,-0.9975403596656659,0
cobyla,adiabatic,233,234.0,-0.1703758032799879,-0.9975403596656659,0
cobyla,adiabatic,234,235.0,-0.1716421081102222,-1.0032387314017206,0
cobyla,adiabatic,235,236.0,-0.1716421081102222,-1.0032387314017206,0
cobyla,adiabatic,236,237.0,-0.1716421081102222,-1.0032387314017206,0
cobyla,adiabatic,237,238.0,-0.1716421081102222,-1.0032387314017206,0
cobyla,adiabatic,238,239.0,-0.1716421081102222,-1.0032387314017206,0
cobyla,adiabatic,239,240.0,-0.1716421081102222,-1.0032387314017206,0
cobyla,adiabatic,240,241.0,-0.1716421081102222,-1.0032387314017206,0
cobyla,adiabatic,241,242.0,-0.1716421081102222,-1.0032387314017206,0
cobyla,adiabatic,242,243.0,-0.1716421081102222,-1.0032387314017206,0
cobyla,adiabatic,243,244.0,-0.1716421081102222,-1.0032387314017206,0
cobyla,adiabatic,244,245.0,-0.1716421081102222,-1.0032387314017206,0
cobyla,adiabatic,245,246.0,-0.17360434536027208,-1.0136133447621425,0
cobyla,adiabatic,246,247.0,-0.17360434536027208,-1.0136133447621425,0
cobyla,adiabatic,247,248.0,-0.17360434536027208,-1.0136133447621425,0
cobyla,adiabatic,248,249.0,-0.17360434536027208,-1.0136133447621425,0
cobyla,adiabatic,249,250.0,-0.18212661090144444,-1.0306571943094938,0
cobyla,adiabatic,250,251.0,-0.18537530134543245,-1.0372845056496616,0
cobyla,adiabatic,251,252.0,-0.18537530134543245,-1.0372845056496616,0
cobyla,adiabatic,252,253.0,-0.18537530134543245,-1.0372845056496616,0
cobyla,adiabatic,253,254.0,-0.18537530134543245,-1.0372845056496616,0
cobyla,adiabatic,254,255.0,-0.18537530134543245,-1.0372845056496616,0
cobyla,adiabatic,255,256.0,-0.18579597578103269,-1.044081190734965,0
cobyla,adiabatic,256,257.0,-0.18579597578103269,-1.044081190734965,0
cobyla,adiabatic,257,258.0,-0.18579597578103269,-1.044081190734965,0
cobyla,adiabatic,258,259.0,-0.18579597578103269,-1.044081190734965,0
cobyla,adiabatic,259,260.0,-0.1869369825018917,-1.0463396648959913,0
cobyla,adiabatic,260,261.0,-0.1869369825018917,-1.0463396648959913,0
cobyla,adiabatic,261,262.0,-0.1869369825018917,-1.0463396648959913,0
cobyla,adiabatic,262,263.0,-0.1869369825018917,-1.0463396648959913,0
cobyla,adiabatic,263,264.0,-0.1869369825018917,-1.0463396648959913,0
cobyla,adiabatic,264,265.0,-0.1869369825018917,-1.0463396648959913,0
cobyla,adiabatic,265,266.0,-0.1869369825018917,-1.0463396648959913,0
cobyla,adiabatic,266,267.0,-0.1869369825018917,-1.0463396648959913,0
cobyla,adiabatic,267,268.0,-0.1869369825018917,-1.0463396648959913,0
cobyla,adiabatic,268,269.0,-0.1869369825018917,-1.0463396648959913,0
cobyla,adiabatic,269,270.0,-0.1869369825018917,-1.0463396648959913,0
cobyla,adiabatic,270,271.0,-0.1869369825018917,-1.0463396648959913,0
cobyla,adiabatic,271,272.0,-0.1869369825018917,-1.0463396648959913,0
cobyla,adiabatic,272,273.0,-0.1869369825018917,-1.0463396648959913,0
cobyla,adiabatic,273,274.0,-0.19336801451242974,-1.0593288958411191,0
cobyla,adiabatic,274,275.0,-0.19336801451242974,-1.0593288958411191,0
cobyla,adiabatic,275,276.0,-0.19336801451242974,-1.0593288958411191,0
cobyla,adiabatic,276,277.0,-0.19336801451242974,-1.0593288958411191,0
cobyla,adiabatic,277,278.0,-0.19336801451242974,-1.0593288958411191,0
cobyla,adiabatic,278,279.0,-0.19336801451242974,-1.0593288958411191,0
cobyla,adiabatic,279,280.0,-0.19336801451242974,-1.0593288958411191,0
cobyla,adiabatic,280,281.0,-0.19713041470779766,-1.061521174300599,0
cobyla,adiabatic,281,282.0,-0.19713041470779766,-1.061521174300599,0
cobyla,adiabatic,282,283.0,-0.19713041470779766,-1.061521174300599,0
cobyla,adiabatic,283,284.0,-0.19713041470779766,-1.061521174300599,0
cobyla,adiabatic,284,285.0,-0.19713041470779766,-1.061521174300599,0
cobyla,adiabatic,285,286.0,-0.19713041470779766,-1.061521174300599,0
cobyla,adiabatic,286,287.0,-0.19713041470779766,-1.061521174300599,0
cobyla,adiabatic,287,288.0,-0.19713041470779766,-1.061521174300599,0
cobyla,adiabatic,288,289.0,-0.19713041470779766,-1.061521174300599,0
cobyla,adiabatic,289,290.0,-0.19713041470779766,-1.061521174300599,0
cobyla,adiabatic,290,291.0,-0.19713041470779766,-1.061521174300599,0
cobyla,adiabatic,291,292.0,-0.19713041470779766,-1.061521174300599,0
cobyla,adiabatic,292,293.0,-0.19713041470779766,-1.061521174300599,0
cobyla,adiabatic,293,294.0,-0.19713041470779766,-1.061521174300599,0
cobyla,adiabatic,294,295.0,-0.19713041470779766,-1.061521174300599,0
cobyla,adiabatic,295,296.0,-0.19713041470779766,-1.061521174300599,0
cobyla,adiabatic,296,297.0,-0.19713041470779766,-1.061521174300599,0
cobyla,adiabatic,297,298.0,-0.19713041470779766,-1.061521174300599,0
cobyla,adiabatic,298,299.0,-0.19713041470779766,-1.061521174300599,0
cobyla,adiabatic,299,300.0,-0.19713041470779766,-1.061521174300599,0
cobyla,adiabatic,300,301.0,-0.3206148089353406,-1.061521174300599,0
cobyla,adiabatic,301,302.0,-0.3206148089353406,-1.061521174300599,0
cobyla,adiabatic,302,303.0,-0.3206148089353406,-1.061521174300599,0
cobyla,adiabatic,303,304.0,-0.3206148089353406,-1.061521174300599,0
cobyla,adiabatic,304,305.0,-0.3206148089353406,-1.061521174300599,0
cobyla,adiabatic,305,306.0,-0.3206148089353406,-1.061521174300599,0
cobyla,adiabatic,306,307.0,-0.3206148089353406,-1.061521174300599,0
cobyla,adiabatic,307,308.0,-0.3206148089353406,-1.061521174300599,0
cobyla,adiabatic,308,309.0,-0.3206148089353406,-1.061521174300599,0
cobyla,adiabatic,309,310.0,-0.3206148089353406,-1.061521174300599,0
cobyla,adiabatic,310,311.0,-0.3206148089353406,-1.061521174300599,0
cobyla,adiabatic,311,312.0,-0.3206148089353406,-1.061521174300599,0
cobyla,adiabatic,312,313.0,-0.3206148089353406,-1.061521174300599,0
cobyla,adiabatic,313,314.0,-0.3206148089353406,-1.061521174300599,0
cobyla,adiabatic,314,315.0,-0.3206148089353406,-1.061521174300599,0
cobyla,adiabatic,315,316.0,-0.3206148089353406,-1.061521174300599,0
cobyla,adiabatic,316,317.0,-0.3206148089353406,-1.061521174300599,0
cobyla,adiabatic,317,318.0,-0.3206148089353406,-1.061521174300599,0
cobyla,adiabatic,318,319.0,-0.3206148089353406,-1.061521174300599,0
cobyla,adiabatic,319,320.0,-0.3206148089353406,-1.061521174300599,0
cobyla,adiabatic,320,321.0,-0.3206148089353406,-1.061521174300599,0
cobyla,adiabatic,321,322.0,-0.3206148089353406,-1.061521174300599,0
cobyla,adiabatic,322,323.0,-0.3206148089353406,-1.061521174300599,0
cobyla,adiabatic,323,324.0,-0.3206148089353406,-1.061521174300599,0
cobyla,adiabatic,324,325.0,-0.3206148089353406,-1.061521174300599,0
cobyla,adiabatic,325,326.0,-0.3206148089353406,-1.061521174300599,0
cobyla,adiabatic,326,327.0,-0.3206148089353406,-1.061521174300599,0
cobyla,adiabatic,327,328.0,-0.3206148089353406,-1.061521174300599,0
cobyla,adiabatic,328,329.0,-0.3206148089353406,-1.061521174300599,0
cobyla,adiabatic,329,330.0,-0.3206148089353406,-1.061521174300599,0
cobyla,adiabatic,330,331.0,-0.3206148089353406,-1.061521174300599,0
cobyla,adiabatic,331,332.0,-0.3206148089353406,-1.061521174300599,0
cobyla,adiabatic,332,333.0,-0.3206148089353406,-1.061521174300599,0
cobyla,adiabatic,333,334.0,-0.3206148089353406,-1.061521174300599,0
cobyla,adiabatic,334,335.0,-0.3206148089353406,-1.061521174300599,0
cobyla,adiabatic,335,336.0,-0.3206148089353406,-1.061521174300599,0
cobyla,adiabatic,336,337.0,-0.3206148089353406,-1.061521174300599,0
cobyla,adiabatic,337,338.0,-0.3206148089353406,-1.061521174300599,0
cobyla,adiabatic,338,339.0,-0.3206148089353406,-1.061521174300599,0
cobyla,adiabatic,339,340.0,-0.3206148089353406,-1.061521174300599,0
cobyla,adiabatic,340,341.0,-0.3206148089353406,-1.061521174300599,0
cobyla,adiabatic,341,342.0,-0.3206148089353406,-1.061521174300599,0
cobyla,adiabatic,342,343.0,-0.3206148089353406,-1.061521174300599,0
cobyla,adiabatic,343,344.0,-0.3206148089353406,-1.061521174300599,0
cobyla,adiabatic,344,345.0,-0.3206148089353406,-1.061521174300599,0
cobyla,adiabatic,345,346.0,-0.3206148089353406,-1.061521174300599,0
cobyla,adiabatic,346,347.0,-0.3206148089353406,-1.061521174300599,0
cobyla,adiabatic,347,348.0,-0.3206148089353406,-1.061521174300599,0
cobyla,adiabatic,348,349.0,-0.32287566692170705,-1.0638873935627753,0
cobyla,adiabatic,349,350.0,-0.32287566692170705,-1.0638873935627753,0
cobyla,adiabatic,350,351.0,-0.32287566692170705,-1.0638873935627753,0
cobyla,adiabatic,351,352.0,-0.32287566692170705,-1.0638873935627753,0
cobyla,adiabatic,352,353.0,-0.32287566692170705,-1.0638873935627753,0
cobyla,adiabatic,353,354.0,-0.32287566692170705,-1.0638873935627753,0
cobyla,adiabatic,354,355.0,-0.32287566692170705,-1.0638873935627753,0
cobyla,adiabatic,355,356.0,-0.32287566692170705,-1.0638873935627753,0
cobyla,adiabatic,356,357.0,-0.32287566692170705,-1.0638873935627753,0
cobyla,adiabatic,357,358.0,-0.32287566692170705,-1.0638873935627753,0
cobyla,adiabatic,358,359.0,-0.32287566692170705,-1.0638873935627753,0
cobyla,adiabatic,359,360.0,-0.32287566692170705,-1.0638873935627753,0
cobyla,adiabatic,360,361.0,-0.32287566692170705,-1.0638873935627753,0
cobyla,adiabatic,361,362.0,-0.32287566692170705,-1.0638873935627753,0
cobyla,adiabatic,362,363.0,-0.32287566692170705,-1.0638873935627753,0
cobyla,adiabatic,363,364.0,-0.32287566692170705,-1.0638873935627753,0
cobyla,adiabatic,364,365.0,-0.32287566692170705,-1.0638873935627753,0
cobyla,adiabatic,365,366.0,-0.32287566692170705,-1.0638873935627753,0
cobyla,adiabatic,366,367.0,-0.32287566692170705,-1.0638873935627753,0
cobyla,adiabatic,367,368.0,-0.32287566692170705,-1.0638873935627753,0
cobyla,adiabatic,368,369.0,-0.32287566692170705,-1.0638873935627753,0
cobyla,adiabatic,369,370.0,-0.32287566692170705,-1.0638873935627753,0
cobyla,adiabatic,370,371.0,-0.32287566692170705,-1.0638873935627753,0
cobyla,adiabatic,371,372.0,-0.32287566692170705,-1.0638873935627753,0
cobyla,adiabatic,372,373.0,-0.32287566692170705,-1.0638873935627753,0
cobyla,adiabatic,373,374.0,-0.32287566692170705,-1.0638873935627753,0
cobyla,adiabatic,374,375.0,-0.32287566692170705,-1.0638873935627753,0
cobyla,adiabatic,375,376.0,-0.32287566692170705,-1.0638873935627753,0
cobyla,adiabatic,376,377.0,-0.32287566692170705,-1.0638873935627753,0
cobyla,adiabatic,377,378.0,-0.32287566692170705,-1.0638873935627753,0
cobyla,adiabatic,378,379.0,-0.32287566692170705,-1.0638873935627753,0
cobyla,adiabatic,379,380.0,-0.32287566692170705,-1.0638873935627753,0
cobyla,adiabatic,380,381.0,-0.32287566692170705,-1.0638873935627753,0
cobyla,adiabatic,381,382.0,-0.32287566692170705,-1.0638873935627753,0
cobyla,adiabatic,382,383.0,-0.32344623787296695,-1.064663543358064,0
cobyla,adiabatic,383,384.0,-0.3253121804011395,-1.0637362546699933,0
cobyla,adiabatic,384,385.0,-0.3253121804011395,-1.0637362546699933,0
cobyla,adiabatic,385,386.0,-0.3253121804011395,-1.0637362546699933,0
cobyla,adiabatic,386,387.0,-0.3253121804011395,-1.0637362546699933,0
cobyla,adiabatic,387,388.0,-0.325783007421659,-1.0660203059705018,0
cobyla,adiabatic,388,389.0,-0.325783007421659,-1.0660203059705018,0
cobyla,adiabatic,389,390.0,-0.3258436190459471,-1.0664602237686847,0
cobyla,adiabatic,390,391.0,-0.3258436190459471,-1.0664602237686847,0
cobyla,adiabatic,391,392.0,-0.3258436190459471,-1.0664602237686847,0
cobyla,adiabatic,392,393.0,-0.3258436190459471,-1.0664602237686847,0
cobyla,adiabatic,393,394.0,-0.3258436190459471,-1.0664602237686847,0
cobyla,adiabatic,394,395.0,-0.3258436190459471,-1.0664602237686847,0
cobyla,adiabatic,395,396.0,-0.3267747694566995,-1.0670941102912044,0
cobyla,adiabatic,396,397.0,-0.3267747694566995,-1.0670941102912044,0
cobyla,adiabatic,397,398.0,-0.3267747694566995,-1.0670941102912044,0
cobyla,adiabatic,398,399.0,-0.33174954232870474,-1.0782887281503652,0
cobyla,adiabatic,399,400.0,-0.33174954232870474,-1.0782887281503652,0
cobyla,adiabatic,400,401.0,-0.4561727399656481,-1.0782887281503652,0
cobyla,adiabatic,401,402.0,-0.4561727399656481,-1.0782887281503652,0
cobyla,adiabatic,402,403.0,-0.4561727399656481,-1.0782887281503652,0
cobyla,adiabatic,403,404.0,-0.4561727399656481,-1.0782887281503652,0
cobyla,adiabatic,404,405.0,-0.4561727399656481,-1.0782887281503652,0
cobyla,adiabatic,405,406.0,-0.4561727399656481,-1.0782887281503652,0
cobyla,adiabatic,406,407.0,-0.4561727399656481,-1.0782887281503652,0
cobyla,adiabatic,407,408.0,-0.4561727399656481,-1.0782887281503652,0
cobyla,adiabatic,408,409.0,-0.4561727399656481,-1.0782887281503652,0
cobyla,adiabatic,409,410.0,-0.4561727399656481,-1.0782887281503652,0
cobyla,adiabatic,410,411.0,-0.4561727399656481,-1.0782887281503652,0
cobyla,adiabatic,411,412.0,-0.4561727399656481,-1.0782887281503652,0
cobyla,adiabatic,412,413.0,-0.4561727399656481,-1.0782887281503652,0
cobyla,adiabatic,413,414.0,-0.4561727399656481,-1.0782887281503652,0
cobyla,adiabatic,414,415.0,-0.4561727399656481,-1.0782887281503652,0
cobyla,adiabatic,415,416.0,-0.4561727399656481,-1.0782887281503652,0
cobyla,adiabatic,416,417.0,-0.4561727399656481,-1.0782887281503652,0
cobyla,adiabatic,417,418.0,-0.4561727399656481,-1.0782887281503652,0
cobyla,adiabatic,418,419.0,-0.4561727399656481,-1.0782887281503652,0
cobyla,adiabatic,419,420.0,-0.4561727399656481,-1.0782887281503652,0
cobyla,adiabatic,420,421.0,-0.4561727399656481,-1.0782887281503652,0
cobyla,adiabatic,421,422.0,-0.4561727399656481,-1.0782887281503652,0
cobyla,adiabatic,422,423.0,-0.4561727399656481,-1.0782887281503652,0
cobyla,adiabatic,423,424.0,-0.4561727399656481,-1.0782887281503652,0
cobyla,adiabatic,424,425.0,-0.4561727399656481,-1.0782887281503652,0
cobyla,adiabatic,425,426.0,-0.4561727399656481,-1.0782887281503652,0
cobyla,adiabatic,426,427.0,-0.4561727399656481,-1.0782887281503652,0
cobyla,adiabatic,427,428.0,-0.4561727399656481,-1.0782887281503652,0
cobyla,adiabatic,428,429.0,-0.4561727399656481,-1.0782887281503652,0
cobyla,adiabatic,429,430.0,-0.4561727399656481,-1.0782887281503652,0
cobyla,adiabatic,430,431.0,-0.4561727399656481,-1.0782887281503652,0
cobyla,adiabatic,431,432.0,-0.4561727399656481,-1.0782887281503652,0
cobyla,adiabatic,432,433.0,-0.4561727399656481,-1.0782887281503652,0
cobyla,adiabatic,433,434.0,-0.4561727399656481,-1.0782887281503652,0
cobyla,adiabatic,434,435.0,-0.4561727399656481,-1.0782887281503652,0
cobyla,adiabatic,435,436.0,-0.4561727399656481,-1.0782887281503652,0
cobyla,adiabatic,436,437.0,-0.4561727399656481,-1.0782887281503652,0
cobyla,adiabatic,437,438.0,-0.4561727399656481,-1.0782887281503652,0
cobyla,adiabatic,438,439.0,-0.4579676665536707,-1.0823273129734157,0
cobyla,adiabatic,439,440.0,-0.4579676665536707,-1.0823273129734157,0
cobyla,adiabatic,440,441.0,-0.4579676665536707,-1.0823273129734157,0
cobyla,adiabatic,441,442.0,-0.4579676665536707,-1.0823273129734157,0
cobyla,adiabatic,442,443.0,-0.4579676665536707,-1.0823273129734157,0
cobyla,adiabatic,443,444.0,-0.4579676665536707,-1.0823273129734157,0
cobyla,adiabatic,444,445.0,-0.4579676665536707,-1.0823273129734157,0
cobyla,adiabatic,445,446.0,-0.4579676665536707,-1.0823273129734157,0
cobyla,adiabatic,446,447.0,-0.4579676665536707,-1.0823273129734157,0
cobyla,adiabatic,447,448.0,-0.4579676665536707,-1.0823273129734157,0
cobyla,adiabatic,448,449.0,-0.4579676665536707,-1.0823273129734157,0
cobyla,adiabatic,449,450.0,-0.4579676665536707,-1.0823273129734157,0
cobyla,adiabatic,450,451.0,-0.4579676665536707,-1.0823273129734157,0
cobyla,adiabatic,451,452.0,-0.4579676665536707,-1.0823273129734157,0
cobyla,adiabatic,452,453.0,-0.4579676665536707,-1.0823273129734157,0
cobyla,adiabatic,453,454.0,-0.4579676665536707,-1.0823273129734157,0
cobyla,adiabatic,454,455.0,-0.4579676665536707,-1.0823273129734157,0
cobyla,adiabatic,455,456.0,-0.4579676665536707,-1.0823273129734157,0
cobyla,adiabatic,456,457.0,-0.4579676665536707,-1.0823273129734157,0
cobyla,adiabatic,457,458.0,-0.4579676665536707,-1.0823273129734157,0
cobyla,adiabatic,458,459.0,-0.4579676665536707,-1.0823273129734157,0
cobyla,adiabatic,459,460.0,-0.4579676665536707,-1.0823273129734157,0
cobyla,adiabatic,460,461.0,-0.4579676665536707,-1.0823273129734157,0
cobyla,adiabatic,461,462.0,-0.4579676665536707,-1.0823273129734157,0
cobyla,adiabatic,462,463.0,-0.4579676665536707,-1.0823273129734157,0
cobyla,adiabatic,463,464.0,-0.4579676665536707,-1.0823273129734157,0
cobyla,adiabatic,464,465.0,-0.4579676665536707,-1.0823273129734157,0
cobyla,adiabatic,465,466.0,-0.4579676665536707,-1.0823273129734157,0
cobyla,adiabatic,466,467.0,-0.4579676665536707,-1.0823273129734157,0
cobyla,adiabatic,467,468.0,-0.4579676665536707,-1.0823273129734157,0
cobyla,adiabatic,468,469.0,-0.4579676665536707,-1.0823273129734157,0
cobyla,adiabatic,469,470.0,-0.4579676665536707,-1.0823273129734157,0
cobyla,adiabatic,470,471.0,-0.4579676665536707,-1.0823273129734157,0
cobyla,adiabatic,471,472.0,-0.4579676665536707,-1.0823273129734157,0
cobyla,adiabatic,472,473.0,-0.4579676665536707,-1.0823273129734157,0
cobyla,adiabatic,473,474.0,-0.4579676665536707,-1.0823273129734157,0
cobyla,adiabatic,474,475.0,-0.4579676665536707,-1.0823273129734157,0
cobyla,adiabatic,475,476.0,-0.4579676665536707,-1.0823273129734157,0
cobyla,adiabatic,476,477.0,-0.4579676665536707,-1.0823273129734157,0
cobyla,adiabatic,477,478.0,-0.4579676665536707,-1.0823273129734157,0
cobyla,adiabatic,478,479.0,-0.4579676665536707,-1.0823273129734157,0
cobyla,adiabatic,479,480.0,-0.4579676665536707,-1.0823273129734157,0
cobyla,adiabatic,480,481.0,-0.4579676665536707,-1.0823273129734157,0
cobyla,adiabatic,481,482.0,-0.45985418693223495,-1.085238220332763,0
cobyla,adiabatic,482,483.0,-0.45985418693223495,-1.085238220332763,0
cobyla,adiabatic,483,484.0,-0.4603441957624412,-1.0867172442077122,0
cobyla,adiabatic,484,485.0,-0.4603441957624412,-1.0867172442077122,0
cobyla,adiabatic,485,486.0,-0.4613175488588519,-1.088504756245812,0
cobyla,adiabatic,486,487.0,-0.4613175488588519,-1.088504756245812,0
cobyla,adiabatic,487,488.0,-0.4613175488588519,-1.088504756245812,0
cobyla,adiabatic,488,489.0,-0.4613175488588519,-1.088504756245812,0
cobyla,adiabatic,489,490.0,-0.4613175488588519,-1.088504756245812,0
cobyla,adiabatic,490,491.0,-0.4613175488588519,-1.088504756245812,0
cobyla,adiabatic,491,492.0,-0.4613175488588519,-1.088504756245812,0
cobyla,adiabatic,492,493.0,-0.4613175488588519,-1.088504756245812,0
cobyla,adiabatic,493,494.0,-0.4619046127840901,-1.087846363394867,0
cobyla,adiabatic,494,495.0,-0.4619046127840901,-1.087846363394867,0
cobyla,adiabatic,495,496.0,-0.4619046127840901,-1.087846363394867,0
cobyla,adiabatic,496,497.0,-0.4619046127840901,-1.087846363394867,0
cobyla,adiabatic,497,498.0,-0.462491913249942,-1.0872569183684064,0
cobyla,adiabatic,498,499.0,-0.462491913249942,-1.0872569183684064,0
cobyla,adiabatic,499,500.0,-0.462491913249942,-1.0872569183684064,0
cobyla,adiabatic,500,501.0,-0.587444914273635,-1.0872569183684064,0
cobyla,adiabatic,501,502.0,-0.587444914273635,-1.0872569183684064,0
cobyla,adiabatic,502,503.0,-0.587444914273635,-1.0872569183684064,0
cobyla,adiabatic,503,504.0,-0.587444914273635,-1.0872569183684064,0
cobyla,adiabatic,504,505.0,-0.587444914273635,-1.0872569183684064,0
cobyla,adiabatic,505,506.0,-0.587444914273635,-1.0872569183684064,0
cobyla,adiabatic,506,507.0,-0.587444914273635,-1.0872569183684064,0
cobyla,adiabatic,507,508.0,-0.587444914273635,-1.0872569183684064,0
cobyla,adiabatic,508,509.0,-0.587444914273635,-1.0872569183684064,0
cobyla,adiabatic,509,510.0,-0.587444914273635,-1.0872569183684064,0
cobyla,adiabatic,510,511.0,-0.587444914273635,-1.0872569183684064,0
cobyla,adiabatic,511,512.0,-0.587444914273635,-1.0872569183684064,0
cobyla,adiabatic,512,513.0,-0.587444914273635,-1.0872569183684064,0
cobyla,adiabatic,513,514.0,-0.587444914273635,-1.0872569183684064,0
cobyla,adiabatic,514,515.0,-0.587444914273635,-1.0872569183684064,0
cobyla,adiabatic,515,516.0,-0.587444914273635,-1.0872569183684064,0
cobyla,adiabatic,516,517.0,-0.587444914273635,-1.0872569183684064,0
cobyla,adiabatic,517,518.0,-0.587444914273635,-1.0872569183684064,0
cobyla,adiabatic,518,519.0,-0.587444914273635,-1.0872569183684064,0
cobyla,adiabatic,519,520.0,-0.587444914273635,-1.0872569183684064,0
cobyla,adiabatic,520,521.0,-0.587444914273635,-1.0872569183684064,0
cobyla,adiabatic,521,522.0,-0.587444914273635,-1.0872569183684064,0
cobyla,adiabatic,522,523.0,-0.587444914273635,-1.0872569183684064,0
cobyla,adiabatic,523,524.0,-0.587444914273635,-1.0872569183684064,0
cobyla,adiabatic,524,525.0,-0.587444914273635,-1.0872569183684064,0
cobyla,adiabatic,525,526.0,-0.587444914273635,-1.0872569183684064,0
cobyla,adiabatic,526,527.0,-0.587444914273635,-1.0872569183684064,0
cobyla,adiabatic,527,528.0,-0.587444914273635,-1.0872569183684064,0
cobyla,adiabatic,528,529.0,-0.587444914273635,-1.0872569183684064,0
cobyla,adiabatic,529,530.0,-0.587444914273635,-1.0872569183684064,0
cobyla,adiabatic,530,531.0,-0.587444914273635,-1.0872569183684064,0
cobyla,adiabatic,531,532.0,-0.587444914273635,-1.0872569183684064,0
cobyla,adiabatic,532,533.0,-0.587444914273635,-1.0872569183684064,0
cobyla,adiabatic,533,534.0,-0.587444914273635,-1.0872569183684064,0
cobyla,adiabatic,534,535.0,-0.587444914273635,-1.0872569183684064,0
cobyla,adiabatic,535,536.0,-0.587444914273635,-1.0872569183684064,0
cobyla,adiabatic,536,537.0,-0.587444914273635,-1.0872569183684064,0
cobyla,adiabatic,537,538.0,-0.587444914273635,-1.0872569183684064,0
cobyla,adiabatic,538,539.0,-0.587444914273635,-1.0872569183684064,0
cobyla,adiabatic,539,540.0,-0.587444914273635,-1.0872569183684064,0
cobyla,adiabatic,540,541.0,-0.587444914273635,-1.0872569183684064,0
cobyla,adiabatic,541,542.0,-0.587444914273635,-1.0872569183684064,0
cobyla,adiabatic,542,543.0,-0.587444914273635,-1.0872569183684064,0
cobyla,adiabatic,543,544.0,-0.587444914273635,-1.0872569183684064,0
cobyla,adiabatic,544,545.0,-0.587444914273635,-1.0872569183684064,0
cobyla,adiabatic,545,546.0,-0.587444914273635,-1.0872569183684064,0
cobyla,adiabatic,546,547.0,-0.5879387787197049,-1.0880876884358495,0
cobyla,adiabatic,547,548.0,-0.5879387787197049,-1.0880876884358495,0
cobyla,adiabatic,548,549.0,-0.5879387787197049,-1.0880876884358495,0
cobyla,adiabatic,549,550.0,-0.5879387787197049,-1.0880876884358495,0
cobyla,adiabatic,550,551.0,-0.5879387787197049,-1.0880876884358495,0
cobyla,adiabatic,551,552.0,-0.5879387787197049,-1.0880876884358495,0
cobyla,adiabatic,552,553.0,-0.5879387787197049,-1.0880876884358495,0
cobyla,adiabatic,553,554.0,-0.5879387787197049,-1.0880876884358495,0
cobyla,adiabatic,554,555.0,-0.5882319852995208,-1.087484817823789,0
cobyla,adiabatic,555,556.0,-0.5882319852995208,-1.087484817823789,0
cobyla,adiabatic,556,557.0,-0.5882319852995208,-1.087484817823789,0
cobyla,adiabatic,557,558.0,-0.5882319852995208,-1.087484817823789,0
cobyla,adiabatic,558,559.0,-0.5882319852995208,-1.087484817823789,0
cobyla,adiabatic,559,560.0,-0.5882319852995208,-1.087484817823789,0
cobyla,adiabatic,560,561.0,-0.5882319852995208,-1.087484817823789,0
cobyla,adiabatic,561,562.0,-0.5882319852995208,-1.087484817823789,0
cobyla,adiabatic,562,563.0,-0.5882319852995208,-1.087484817823789,0
cobyla,adiabatic,563,564.0,-0.5882319852995208,-1.087484817823789,0
cobyla,adiabatic,564,565.0,-0.5882319852995208,-1.087484817823789,0
cobyla,adiabatic,565,566.0,-0.5882319852995208,-1.087484817823789,0
cobyla,adiabatic,566,567.0,-0.5882319852995208,-1.087484817823789,0
cobyla,adiabatic,567,568.0,-0.5882319852995208,-1.087484817823789,0
cobyla,adiabatic,568,569.0,-0.5882319852995208,-1.087484817823789,0
cobyla,adiabatic,569,570.0,-0.5882319852995208,-1.087484817823789,0
cobyla,adiabatic,570,571.0,-0.5882319852995208,-1.087484817823789,0
cobyla,adiabatic,571,572.0,-0.5882319852995208,-1.087484817823789,0
cobyla,adiabatic,572,573.0,-0.5882319852995208,-1.087484817823789,0
cobyla,adiabatic,573,574.0,-0.5882319852995208,-1.087484817823789,0
cobyla,adiabatic,574,575.0,-0.5882319852995208,-1.087484817823789,0
cobyla,adiabatic,575,576.0,-0.5882319852995208,-1.087484817823789,0
cobyla,adiabatic,576,577.0,-0.5882319852995208,-1.087484817823789,0
cobyla,adiabatic,577,578.0,-0.5882319852995208,-1.087484817823789,0
cobyla,adiabatic,578,579.0,-0.5882319852995208,-1.087484817823789,0
cobyla,adiabatic,579,580.0,-0.5882319852995208,-1.087484817823789,0
cobyla,adiabatic,580,581.0,-0.5884493393577891,-1.0879780259298633,0
cobyla,adiabatic,581,582.0,-0.5884493393577891,-1.0879780259298633,0
cobyla,adiabatic,582,583.0,-0.5888449729030859,-1.0887895453217316,0
cobyla,adiabatic,583,584.0,-0.5888449729030859,-1.0887895453217316,0
cobyla,adiabatic,584,585.0,-0.5888449729030859,-1.0887895453217316,0
cobyla,adiabatic,585,586.0,-0.5888449729030859,-1.0887895453217316,0
cobyla,adiabatic,586,587.0,-0.5888449729030859,-1.0887895453217316,0
cobyla,adiabatic,587,588.0,-0.5888449729030859,-1.0887895453217316,0
cobyla,adiabatic,588,589.0,-0.5892019864963401,-1.0906327606756114,0
cobyla,adiabatic,589,590.0,-0.5892019864963401,-1.0906327606756114,0
cobyla,adiabatic,590,591.0,-0.5892019864963401,-1.0906327606756114,0
cobyla,adiabatic,591,592.0,-0.5892019864963401,-1.0906327606756114,0
cobyla,adiabatic,592,593.0,-0.5892019864963401,-1.0906327606756114,0
cobyla,adiabatic,593,594.0,-0.5892019864963401,-1.0906327606756114,0
cobyla,adiabatic,594,595.0,-0.5892019864963401,-1.0906327606756114,0
cobyla,adiabatic,595,596.0,-0.5892019864963401,-1.0906327606756114,0
cobyla,adiabatic,596,597.0,-0.5892019864963401,-1.0906327606756114,0
cobyla,adiabatic,597,598.0,-0.5892019864963401,-1.0906327606756114,0
cobyla,adiabatic,598,599.0,-0.5912724809485984,-1.0939669600637516,0
cobyla,adiabatic,599,600.0,-0.5922194332400403,-1.0953580055387122,0
cobyla,adiabatic,600,601.0,-0.7180040763147083,-1.0953580055387122,0
cobyla,adiabatic,601,602.0,-0.7180040763147083,-1.0953580055387122,0
cobyla,adiabatic,602,603.0,-0.7180040763147083,-1.0953580055387122,0
cobyla,adiabatic,603,604.0,-0.7180040763147083,-1.0953580055387122,0
cobyla,adiabatic,604,605.0,-0.7180040763147083,-1.0953580055387122,0
cobyla,adiabatic,605,606.0,-0.7180040763147083,-1.0953580055387122,0
cobyla,adiabatic,606,607.0,-0.7180040763147083,-1.0953580055387122,0
cobyla,adiabatic,607,608.0,-0.7180040763147083,-1.0953580055387122,0
cobyla,adiabatic,608,609.0,-0.7180040763147083,-1.0953580055387122,0
cobyla,adiabatic,609,610.0,-0.7180040763147083,-1.0953580055387122,0
cobyla,adiabatic,610,611.0,-0.7180040763147083,-1.0953580055387122,0
cobyla,adiabatic,611,612.0,-0.7180040763147083,-1.0953580055387122,0
cobyla,adiabatic,612,613.0,-0.7180040763147083,-1.0953580055387122,0
cobyla,adiabatic,613,614.0,-0.7180040763147083,-1.0953580055387122,0
cobyla,adiabatic,614,615.0,-0.7180040763147083,-1.0953580055387122,0
cobyla,adiabatic,615,616.0,-0.7180040763147083,-1.0953580055387122,0
cobyla,adiabatic,616,617.0,-0.7180040763147083,-1.0953580055387122,0
cobyla,adiabatic,617,618.0,-0.7180040763147083,-1.0953580055387122,0
cobyla,adiabatic,618,619.0,-0.7180040763147083,-1.0953580055387122,0
cobyla,adiabatic,619,620.0,-0.7180040763147083,-1.0953580055387122,0
cobyla,adiabatic,620,621.0,-0.7180040763147083,-1.0953580055387122,0
cobyla,adiabatic,621,622.0,-0.7180040763147083,-1.0953580055387122,0
cobyla,adiabatic,622,623.0,-0.7180040763147083,-1.0953580055387122,0
cobyla,adiabatic,623,624.0,-0.7180040763147083,-1.0953580055387122,0
cobyla,adiabatic,624,625.0,-0.7180040763147083,-1.0953580055387122,0
cobyla,adiabatic,625,626.0,-0.7180040763147083,-1.0953580055387122,0
cobyla,adiabatic,626,627.0,-0.7180040763147083,-1.0953580055387122,0
cobyla,adiabatic,627,628.0,-0.7180040763147083,-1.0953580055387122,0
cobyla,adiabatic,628,629.0,-0.7180040763147083,-1.0953580055387122,0
cobyla,adiabatic,629,630.0,-0.7180040763147083,-1.0953580055387122,0
cobyla,adiabatic,630,631.0,-0.7180040763147083,-1.0953580055387122,0
cobyla,adiabatic,631,632.0,-0.7180040763147083,-1.0953580055387122,0
cobyla,adiabatic,632,633.0,-0.7180040763147083,-1.0953580055387122,0
cobyla,adiabatic,633,634.0,-0.7180040763147083,-1.0953580055387122,0
cobyla,adiabatic,634,635.0,-0.7180040763147083,-1.0953580055387122,0
cobyla,adiabatic,635,636.0,-0.7180040763147083,-1.0953580055387122,0
cobyla,adiabatic,636,637.0,-0.7180040763147083,-1.0953580055387122,0
cobyla,adiabatic,637,638.0,-0.7180040763147083,-1.0953580055387122,0
cobyla,adiabatic,638,639.0,-0.7180040763147083,-1.0953580055387122,0
cobyla,adiabatic,639,640.0,-0.7180040763147083,-1.0953580055387122,0
cobyla,adiabatic,640,641.0,-0.7180040763147083,-1.0953580055387122,0
cobyla,adiabatic,641,642.0,-0.7180040763147083,-1.0953580055387122,0
cobyla,adiabatic,642,643.0,-0.7180040763147083,-1.0953580055387122,0
cobyla,adiabatic,643,644.0,-0.7180040763147083,-1.0953580055387122,0
cobyla,adiabatic,644,645.0,-0.7180040763147083,-1.0953580055387122,0
cobyla,adiabatic,645,646.0,-0.7180040763147083,-1.0953580055387122,0
cobyla,adiabatic,646,647.0,-0.7180040763147083,-1.0953580055387122,0
cobyla,adiabatic,647,648.0,-0.7180040763147083,-1.0953580055387122,0
cobyla,adiabatic,648,649.0,-0.7181114059065092,-1.0954759095531656,0
cobyla,adiabatic,649,650.0,-0.7181114059065092,-1.0954759095531656,0
cobyla,adiabatic,650,651.0,-0.7181114059065092,-1.0954759095531656,0
cobyla,adiabatic,651,652.0,-0.7181114059065092,-1.0954759095531656,0
cobyla,adiabatic,652,653.0,-0.7181114059065092,-1.0954759095531656,0
cobyla,adiabatic,653,654.0,-0.7181114059065092,-1.0954759095531656,0
cobyla,adiabatic,654,655.0,-0.7181114059065092,-1.0954759095531656,0
cobyla,adiabatic,655,656.0,-0.7181114059065092,-1.0954759095531656,0
cobyla,adiabatic,656,657.0,-0.7181114059065092,-1.0954759095531656,0
cobyla,adiabatic,657,658.0,-0.7181114059065092,-1.0954759095531656,0
cobyla,adiabatic,658,659.0,-0.7181114059065092,-1.0954759095531656,0
cobyla,adiabatic,659,660.0,-0.7181114059065092,-1.0954759095531656,0
cobyla,adiabatic,660,661.0,-0.7181114059065092,-1.0954759095531656,0
cobyla,adiabatic,661,662.0,-0.7181114059065092,-1.0954759095531656,0
cobyla,adiabatic,662,663.0,-0.7181114059065092,-1.0954759095531656,0
cobyla,adiabatic,663,664.0,-0.7181114059065092,-1.0954759095531656,0
cobyla,adiabatic,664,665.0,-0.7181114059065092,-1.0954759095531656,0
cobyla,adiabatic,665,666.0,-0.7181114059065092,-1.0954759095531656,0
cobyla,adiabatic,666,667.0,-0.7181114059065092,-1.0954759095531656,0
cobyla,adiabatic,667,668.0,-0.7181114059065092,-1.0954759095531656,0
cobyla,adiabatic,668,669.0,-0.7181114059065092,-1.0954759095531656,0
cobyla,adiabatic,669,670.0,-0.7181114059065092,-1.0954759095531656,0
cobyla,adiabatic,670,671.0,-0.7182368737925956,-1.0966124846666405,0
cobyla,adiabatic,671,672.0,-0.7190334334384696,-1.0929144637105235,0
cobyla,adiabatic,672,673.0,-0.7190334334384696,-1.0929144637105235,0
cobyla,adiabatic,673,674.0,-0.7190334334384696,-1.0929144637105235,0
cobyla,adiabatic,674,675.0,-0.7190334334384696,-1.0929144637105235,0
cobyla,adiabatic,675,676.0,-0.7190334334384696,-1.0929144637105235,0
cobyla,adiabatic,676,677.0,-0.7190334334384696,-1.0929144637105235,0
cobyla,adiabatic,677,678.0,-0.7190334334384696,-1.0929144637105235,0
cobyla,adiabatic,678,679.0,-0.7204319758718243,-1.0946742229235131,0
cobyla,adiabatic,679,680.0,-0.7204319758718243,-1.0946742229235131,0
cobyla,adiabatic,680,681.0,-0.7204319758718243,-1.0946742229235131,0
cobyla,adiabatic,681,682.0,-0.7227909747610655,-1.0980152411100452,0
cobyla,adiabatic,682,683.0,-0.7242635841032345,-1.100224155123299,0
cobyla,adiabatic,683,684.0,-0.7244158449882698,-1.1005021435213678,0
cobyla,adiabatic,684,685.0,-0.7244158449882698,-1.1005021435213678,0
cobyla,adiabatic,685,686.0,-0.7244158449882698,-1.1005021435213678,0
cobyla,adiabatic,686,687.0,-0.7244158449882698,-1.1005021435213678,0
cobyla,adiabatic,687,688.0,-0.7244158449882698,-1.1005021435213678,0
cobyla,adiabatic,688,689.0,-0.7244158449882698,-1.1005021435213678,0
cobyla,adiabatic,689,690.0,-0.7244158449882698,-1.1005021435213678,0
cobyla,adiabatic,690,691.0,-0.7244158449882698,-1.1005021435213678,0
cobyla,adiabatic,691,692.0,-0.7244158449882698,-1.1005021435213678,0
cobyla,adiabatic,692,693.0,-0.7244158449882698,-1.1005021435213678,0
cobyla,adiabatic,693,694.0,-0.7244158449882698,-1.1005021435213678,0
cobyla,adiabatic,694,695.0,-0.7244158449882698,-1.1005021435213678,0
cobyla,adiabatic,695,696.0,-0.7244158449882698,-1.1005021435213678,0
cobyla,adiabatic,696,697.0,-0.7244158449882698,-1.1005021435213678,0
cobyla,adiabatic,697,698.0,-0.7244158449882698,-1.1005021435213678,0
cobyla,adiabatic,698,699.0,-0.7244158449882698,-1.1005021435213678,0
cobyla,adiabatic,699,700.0,-0.7244158449882698,-1.1005021435213678,0
cobyla,adiabatic,700,701.0,-0.8497779444993022,-1.1005021435213678,0
cobyla,adiabatic,701,702.0,-0.8497779444993022,-1.1005021435213678,0
cobyla,adiabatic,702,703.0,-0.8497779444993022,-1.1005021435213678,0
cobyla,adiabatic,703,704.0,-0.8497779444993022,-1.1005021435213678,0
cobyla,adiabatic,704,705.0,-0.8497779444993022,-1.1005021435213678,0
cobyla,adiabatic,705,706.0,-0.8497779444993022,-1.1005021435213678,0
cobyla,adiabatic,706,707.0,-0.8497779444993022,-1.1005021435213678,0
cobyla,adiabatic,707,708.0,-0.8497779444993022,-1.1005021435213678,0
cobyla,adiabatic,708,709.0,-0.8497779444993022,-1.1005021435213678,0
cobyla,adiabatic,709,710.0,-0.8497779444993022,-1.1005021435213678,0
cobyla,adiabatic,710,711.0,-0.8497779444993022,-1.1005021435213678,0
cobyla,adiabatic,711,712.0,-0.8497779444993022,-1.1005021435213678,0
cobyla,adiabatic,712,713.0,-0.8497779444993022,-1.1005021435213678,0
cobyla,adiabatic,713,714.0,-0.8497779444993022,-1.1005021435213678,0
cobyla,adiabatic,714,715.0,-0.8497779444993022,-1.1005021435213678,0
cobyla,adiabatic,715,716.0,-0.8497779444993022,-1.1005021435213678,0
cobyla,adiabatic,716,717.0,-0.8497779444993022,-1.1005021435213678,0
cobyla,adiabatic,717,718.0,-0.8497779444993022,-1.1005021435213678,0
cobyla,adiabatic,718,719.0,-0.8497779444993022,-1.1005021435213678,0
cobyla,adiabatic,719,720.0,-0.8497779444993022,-1.1005021435213678,0
cobyla,adiabatic,720,721.0,-0.8497779444993022,-1.1005021435213678,0
cobyla,adiabatic,721,722.0,-0.8497779444993022,-1.1005021435213678,0
cobyla,adiabatic,722,723.0,-0.8497779444993022,-1.1005021435213678,0
cobyla,adiabatic,723,724.0,-0.8497779444993022,-1.1005021435213678,0
cobyla,adiabatic,724,725.0,-0.8497779444993022,-1.1005021435213678,0
cobyla,adiabatic,725,726.0,-0.8497779444993022,-1.1005021435213678,0
cobyla,adiabatic,726,727.0,-0.8497779444993022,-1.1005021435213678,0
cobyla,adiabatic,727,728.0,-0.8497779444993022,-1.1005021435213678,0
cobyla,adiabatic,728,729.0,-0.8497779444993022,-1.1005021435213678,0
cobyla,adiabatic,729,730.0,-0.8497779444993022,-1.1005021435213678,0
cobyla,adiabatic,730,731.0,-0.8497779444993022,-1.1005021435213678,0
cobyla,adiabatic,731,732.0,-0.8497779444993022,-1.1005021435213678,0
cobyla,adiabatic,732,733.0,-0.8497779444993022,-1.1005021435213678,0
cobyla,adiabatic,733,734.0,-0.8497779444993022,-1.1005021435213678,0
cobyla,adiabatic,734,735.0,-0.8513185446665127,-1.1024829151649231,0
cobyla,adiabatic,735,736.0,-0.8513185446665127,-1.1024829151649231,0
cobyla,adiabatic,736,737.0,-0.8513185446665127,-1.1024829151649231,0
cobyla,adiabatic,737,738.0,-0.8513185446665127,-1.1024829151649231,0
cobyla,adiabatic,738,739.0,-0.8513185446665127,-1.1024829151649231,0
cobyla,adiabatic,739,740.0,-0.8513185446665127,-1.1024829151649231,0
cobyla,adiabatic,740,741.0,-0.8513185446665127,-1.1024829151649231,0
cobyla,adiabatic,741,742.0,-0.8513185446665127,-1.1024829151649231,0
cobyla,adiabatic,742,743.0,-0.8513185446665127,-1.1024829151649231,0
cobyla,adiabatic,743,744.0,-0.8513185446665127,-1.1024829151649231,0
cobyla,adiabatic,744,745.0,-0.8513185446665127,-1.1024829151649231,0
cobyla,adiabatic,745,746.0,-0.8513185446665127,-1.1024829151649231,0
cobyla,adiabatic,746,747.0,-0.8513185446665127,-1.1024829151649231,0
cobyla,adiabatic,747,748.0,-0.8513185446665127,-1.1024829151649231,0
cobyla,adiabatic,748,749.0,-0.8513185446665127,-1.1024829151649231,0
cobyla,adiabatic,749,750.0,-0.8513185446665127,-1.1024829151649231,0
cobyla,adiabatic,750,751.0,-0.8513185446665127,-1.1024829151649231,0
cobyla,adiabatic,751,752.0,-0.8513185446665127,-1.1024829151649231,0
cobyla,adiabatic,752,753.0,-0.8513185446665127,-1.1024829151649231,0
cobyla,adiabatic,753,754.0,-0.8513185446665127,-1.1024829151649231,0
cobyla,adiabatic,754,755.0,-0.8513185446665127,-1.1024829151649231,0
cobyla,adiabatic,755,756.0,-0.8513185446665127,-1.1024829151649231,0
cobyla,adiabatic,756,757.0,-0.8513185446665127,-1.1024829151649231,0
cobyla,adiabatic,757,758.0,-0.8513185446665127,-1.1024829151649231,0
cobyla,adiabatic,758,759.0,-0.8513185446665127,-1.1024829151649231,0
cobyla,adiabatic,759,760.0,-0.8513185446665127,-1.1024829151649231,0
cobyla,adiabatic,760,761.0,-0.8513185446665127,-1.1024829151649231,0
cobyla,adiabatic,761,762.0,-0.8513185446665127,-1.1024829151649231,0
cobyla,adiabatic,762,763.0,-0.8513185446665127,-1.1024829151649231,0
cobyla,adiabatic,763,764.0,-0.8513185446665127,-1.1024829151649231,0
cobyla,adiabatic,764,765.0,-0.8513185446665127,-1.1024829151649231,0
cobyla,adiabatic,765,766.0,-0.8513185446665127,-1.1024829151649231,0
cobyla,adiabatic,766,767.0,-0.8513185446665127,-1.1024829151649231,0
cobyla,adiabatic,767,768.0,-0.8513185446665127,-1.1024829151649231,0
cobyla,adiabatic,768,769.0,-0.8513185446665127,-1.1024829151649231,0
cobyla,adiabatic,769,770.0,-0.8513185446665127,-1.1024829151649231,0
cobyla,adiabatic,770,771.0,-0.8513185446665127,-1.1024829151649231,0
cobyla,adiabatic,771,772.0,-0.8513185446665127,-1.1024829151649231,0
cobyla,adiabatic,772,773.0,-0.8513185446665127,-1.1024829151649231,0
cobyla,adiabatic,773,774.0,-0.8513185446665127,-1.1024829151649231,0
cobyla,adiabatic,774,775.0,-0.8513185446665127,-1.1024829151649231,0
cobyla,adiabatic,775,776.0,-0.8513185446665127,-1.1024829151649231,0
cobyla,adiabatic,776,777.0,-0.8513185446665127,-1.1024829151649231,0
cobyla,adiabatic,777,778.0,-0.8516873058977017,-1.1029750108089236,0
cobyla,adiabatic,778,779.0,-0.8516873058977017,-1.1029750108089236,0
cobyla,adiabatic,779,780.0,-0.8538025820268308,-1.1064242188726283,0
cobyla,adiabatic,780,781.0,-0.8538025820268308,-1.1064242188726283,0
cobyla,adiabatic,781,782.0,-0.8538025820268308,-1.1064242188726283,0
cobyla,adiabatic,782,783.0,-0.8538025820268308,-1.1064242188726283,0
cobyla,adiabatic,783,784.0,-0.8538025820268308,-1.1064242188726283,0
cobyla,adiabatic,784,785.0,-0.8538025820268308,-1.1064242188726283,0
cobyla,adiabatic,785,786.0,-0.8538025820268308,-1.1064242188726283,0
cobyla,adiabatic,786,787.0,-0.8538025820268308,-1.1064242188726283,0
cobyla,adiabatic,787,788.0,-0.8538025820268308,-1.1064242188726283,0
cobyla,adiabatic,788,789.0,-0.8538025820268308,-1.1064242188726283,0
cobyla,adiabatic,789,790.0,-0.8545288499236003,-1.1072569608805247,0
cobyla,adiabatic,790,791.0,-0.8545288499236003,-1.1072569608805247,0
cobyla,adiabatic,791,792.0,-0.8545288499236003,-1.1072569608805247,0
cobyla,adiabatic,792,793.0,-0.8545288499236003,-1.1072569608805247,0
cobyla,adiabatic,793,794.0,-0.8545288499236003,-1.1072569608805247,0
cobyla,adiabatic,794,795.0,-0.8545288499236003,-1.1072569608805247,0
cobyla,adiabatic,795,796.0,-0.8545288499236003,-1.1072569608805247,0
cobyla,adiabatic,796,797.0,-0.8545288499236003,-1.1072569608805247,0
cobyla,adiabatic,797,798.0,-0.8545288499236003,-1.1072569608805247,0
cobyla,adiabatic,798,799.0,-0.8545288499236003,-1.1072569608805247,0
cobyla,adiabatic,799,800.0,-0.8545986713109037,-1.1071330854815873,0
cobyla,adiabatic,800,801.0,-0.9808658783962456,-1.1071330854815873,0
cobyla,adiabatic,801,802.0,-0.9808658783962456,-1.1071330854815873,0
cobyla,adiabatic,802,803.0,-0.9808658783962456,-1.1071330854815873,0
cobyla,adiabatic,803,804.0,-0.9808658783962456,-1.1071330854815873,0
cobyla,adiabatic,804,805.0,-0.9808658783962456,-1.1071330854815873,0
cobyla,adiabatic,805,806.0,-0.9808658783962456,-1.1071330854815873,0
cobyla,adiabatic,806,807.0,-0.9808658783962456,-1.1071330854815873,0
cobyla,adiabatic,807,808.0,-0.9808658783962456,-1.1071330854815873,0
cobyla,adiabatic,808,809.0,-0.9808658783962456,-1.1071330854815873,0
cobyla,adiabatic,809,810.0,-0.9808658783962456,-1.1071330854815873,0
cobyla,adiabatic,810,811.0,-0.9808658783962456,-1.1071330854815873,0
cobyla,adiabatic,811,812.0,-0.9808658783962456,-1.1071330854815873,0
cobyla,adiabatic,812,813.0,-0.9808658783962456,-1.1071330854815873,0
cobyla,adiabatic,813,814.0,-0.9808658783962456,-1.1071330854815873,0
cobyla,adiabatic,814,815.0,-0.9808658783962456,-1.1071330854815873,0
cobyla,adiabatic,815,816.0,-0.9808658783962456,-1.1071330854815873,0
cobyla,adiabatic,816,817.0,-0.9808658783962456,-1.1071330854815873,0
cobyla,adiabatic,817,818.0,-0.9808658783962456,-1.1071330854815873,0
cobyla,adiabatic,818,819.0,-0.9808658783962456,-1.1071330854815873,0
cobyla,adiabatic,819,820.0,-0.9808658783962456,-1.1071330854815873,0
cobyla,adiabatic,820,821.0,-0.9808658783962456,-1.1071330854815873,0
cobyla,adiabatic,821,822.0,-0.9808658783962456,-1.1071330854815873,0
cobyla,adiabatic,822,823.0,-0.9808658783962456,-1.1071330854815873,0
cobyla,adiabatic,823,824.0,-0.9808658783962456,-1.1071330854815873,0
cobyla,adiabatic,824,825.0,-0.9808658783962456,-1.1071330854815873,0
cobyla,adiabatic,825,826.0,-0.9808658783962456,-1.1071330854815873,0
cobyla,adiabatic,826,827.0,-0.9808658783962456,-1.1071330854815873,0
cobyla,adiabatic,827,828.0,-0.9808658783962456,-1.1071330854815873,0
cobyla,adiabatic,828,829.0,-0.9808658783962456,-1.1071330854815873,0
cobyla,adiabatic,829,830.0,-0.9808658783962456,-1.1071330854815873,0
cobyla,adiabatic,830,831.0,-0.9808658783962456,-1.1071330854815873,0
cobyla,adiabatic,831,832.0,-0.9808658783962456,-1.1071330854815873,0
cobyla,adiabatic,832,833.0,-0.9808658783962456,-1.1071330854815873,0
cobyla,adiabatic,833,834.0,-0.9808658783962456,-1.1071330854815873,0
cobyla,adiabatic,834,835.0,-0.9808658783962456,-1.1071330854815873,0
cobyla,adiabatic,835,836.0,-0.9808658783962456,-1.1071330854815873,0
cobyla,adiabatic,836,837.0,-0.9808658783962456,-1.1071330854815873,0
cobyla,adiabatic,837,838.0,-0.9808658783962456,-1.1071330854815873,0
cobyla,adiabatic,838,839.0,-0.9808658783962456,-1.1071330854815873,0
cobyla,adiabatic,839,840.0,-0.9808658783962456,-1.1071330854815873,0
cobyla,adiabatic,840,841.0,-0.9808658783962456,-1.1071330854815873,0
cobyla,adiabatic,841,842.0,-0.9808658783962456,-1.1071330854815873,0
cobyla,adiabatic,842,843.0,-0.9808658783962456,-1.1071330854815873,0
cobyla,adiabatic,843,844.0,-0.9808658783962456,-1.1071330854815873,0
cobyla,adiabatic,844,845.0,-0.9808658783962456,-1.1071330854815873,0
cobyla,adiabatic,845,846.0,-0.9808658783962456,-1.1071330854815873,0
cobyla,adiabatic,846,847.0,-0.9808658783962456,-1.1071330854815873,0
cobyla,adiabatic,847,848.0,-0.9808658783962456,-1.1071330854815873,0
cobyla,adiabatic,848,849.0,-0.9808658783962456,-1.1071330854815873,0
cobyla,adiabatic,849,850.0,-0.9808658783962456,-1.1071330854815873,0
cobyla,adiabatic,850,851.0,-0.9808658783962456,-1.1071330854815873,0
cobyla,adiabatic,851,852.0,-0.9808658783962456,-1.1071330854815873,0
cobyla,adiabatic,852,853.0,-0.9808658783962456,-1.1071330854815873,0
cobyla,adiabatic,853,854.0,-0.9808658783962456,-1.1071330854815873,0
cobyla,adiabatic,854,855.0,-0.9808658783962456,-1.1071330854815873,0
cobyla,adiabatic,855,856.0,-0.9808658783962456,-1.1071330854815873,0
cobyla,adiabatic,856,857.0,-0.9808658783962456,-1.1071330854815873,0
cobyla,adiabatic,857,858.0,-0.9808658783962456,-1.1071330854815873,0
cobyla,adiabatic,858,859.0,-0.9808658783962456,-1.1071330854815873,0
cobyla,adiabatic,859,860.0,-0.9808658783962456,-1.1071330854815873,0
cobyla,adiabatic,860,861.0,-0.9808658783962456,-1.1071330854815873,0
cobyla,adiabatic,861,862.0,-0.9808658783962456,-1.1071330854815873,0
cobyla,adiabatic,862,863.0,-0.9808658783962456,-1.1071330854815873,0
cobyla,adiabatic,863,864.0,-0.9808658783962456,-1.1071330854815873,0
cobyla,adiabatic,864,865.0,-0.9808658783962456,-1.1071330854815873,0
cobyla,adiabatic,865,866.0,-0.9808658783962456,-1.1071330854815873,0
cobyla,adiabatic,866,867.0,-0.9808658783962456,-1.1071330854815873,0
cobyla,adiabatic,867,868.0,-0.9808658783962456,-1.1071330854815873,0
cobyla,adiabatic,868,869.0,-0.9808658783962456,-1.1071330854815873,0
cobyla,adiabatic,869,870.0,-0.9808658783962456,-1.1071330854815873,0
cobyla,adiabatic,870,871.0,-0.9808658783962456,-1.1071330854815873,0
cobyla,adiabatic,871,872.0,-0.9808658783962456,-1.1071330854815873,0
cobyla,adiabatic,872,873.0,-0.9808658783962456,-1.1071330854815873,0
cobyla,adiabatic,873,874.0,-0.9808658783962456,-1.1071330854815873,0
cobyla,adiabatic,874,875.0,-0.9814625905254037,-1.1077497643735548,0
cobyla,adiabatic,875,876.0,-0.9814625905254037,-1.1077497643735548,0
cobyla,adiabatic,876,877.0,-0.9814625905254037,-1.1077497643735548,0
cobyla,adiabatic,877,878.0,-0.9814625905254037,-1.1077497643735548,0
cobyla,adiabatic,878,879.0,-0.9814625905254037,-1.1077497643735548,0
cobyla,adiabatic,879,880.0,-0.9814625905254037,-1.1077497643735548,0
cobyla,adiabatic,880,881.0,-0.9814625905254037,-1.1077497643735548,0
cobyla,adiabatic,881,882.0,-0.9814625905254037,-1.1077497643735548,0
cobyla,adiabatic,882,883.0,-0.9819051267059357,-1.10819167106795,0
cobyla,adiabatic,883,884.0,-0.9819051267059357,-1.10819167106795,0
cobyla,adiabatic,884,885.0,-0.9819051267059357,-1.10819167106795,0
cobyla,adiabatic,885,886.0,-0.9819051267059357,-1.10819167106795,0
cobyla,adiabatic,886,887.0,-0.9819051267059357,-1.10819167106795,0
cobyla,adiabatic,887,888.0,-0.9819051267059357,-1.10819167106795,0
cobyla,adiabatic,888,889.0,-0.9819051267059357,-1.10819167106795,0
cobyla,adiabatic,889,890.0,-0.9821964421155869,-1.1085806547672434,0
cobyla,adiabatic,890,891.0,-0.9821964421155869,-1.1085806547672434,0
cobyla,adiabatic,891,892.0,-0.9821964421155869,-1.1085806547672434,0
cobyla,adiabatic,892,893.0,-0.9821964421155869,-1.1085806547672434,0
cobyla,adiabatic,893,894.0,-0.9821964421155869,-1.1085806547672434,0
cobyla,adiabatic,894,895.0,-0.9821964421155869,-1.1085806547672434,0
cobyla,adiabatic,895,896.0,-0.9821964421155869,-1.1085806547672434,0
cobyla,adiabatic,896,897.0,-0.9835577687971585,-1.1100390081411005,0
cobyla,adiabatic,897,898.0,-0.9835577687971585,-1.1100390081411005,0
cobyla,adiabatic,898,899.0,-0.9835577687971585,-1.1100390081411005,0
cobyla,adiabatic,899,900.0,-0.9836231180678915,-1.1100958189444285,0
cobyla,adiabatic,900,901.0,-1.1100958189444285,-1.1100958189444285,0
cobyla,adiabatic,901,902.0,-1.1100958189444285,-1.1100958189444285,0
cobyla,adiabatic,902,903.0,-1.1100958189444285,-1.1100958189444285,0
cobyla,adiabatic,903,904.0,-1.1100958189444285,-1.1100958189444285,0
cobyla,adiabatic,904,905.0,-1.1100958189444285,-1.1100958189444285,0
cobyla,adiabatic,905,906.0,-1.1100958189444285,-1.1100958189444285,0
cobyla,adiabatic,906,907.0,-1.1100958189444285,-1.1100958189444285,0
cobyla,adiabatic,907,908.0,-1.1100958189444285,-1.1100958189444285,0
cobyla,adiabatic,908,909.0,-1.1100958189444285,-1.1100958189444285,0
cobyla,adiabatic,909,910.0,-1.1100958189444285,-1.1100958189444285,0
cobyla,adiabatic,910,911.0,-1.1100958189444285,-1.1100958189444285,0
cobyla,adiabatic,911,912.0,-1.1100958189444285,-1.1100958189444285,0
cobyla,adiabatic,912,913.0,-1.1100958189444285,-1.1100958189444285,0
cobyla,adiabatic,913,914.0,-1.1100958189444285,-1.1100958189444285,0
cobyla,adiabatic,914,915.0,-1.1100958189444285,-1.1100958189444285,0
cobyla,adiabatic,915,916.0,-1.1100958189444285,-1.1100958189444285,0
cobyla,adiabatic,916,917.0,-1.1100958189444285,-1.1100958189444285,0
cobyla,adiabatic,917,918.0,-1.1100958189444285,-1.1100958189444285,0
cobyla,adiabatic,918,919.0,-1.1100958189444285,-1.1100958189444285,0
cobyla,adiabatic,919,920.0,-1.1100958189444285,-1.1100958189444285,0
cobyla,adiabatic,920,921.0,-1.1100958189444285,-1.1100958189444285,0
cobyla,adiabatic,921,922.0,-1.1100958189444285,-1.1100958189444285,0
cobyla,adiabatic,922,923.0,-1.1100958189444285,-1.1100958189444285,0
cobyla,adiabatic,923,924.0,-1.1100958189444285,-1.1100958189444285,0
cobyla,adiabatic,924,925.0,-1.1100958189444285,-1.1100958189444285,0
cobyla,adiabatic,925,926.0,-1.1100958189444285,-1.1100958189444285,0
cobyla,adiabatic,926,927.0,-1.1100958189444285,-1.1100958189444285,0
cobyla,adiabatic,927,928.0,-1.1100958189444285,-1.1100958189444285,0
cobyla,adiabatic,928,929.0,-1.1100958189444285,-1.1100958189444285,0
cobyla,adiabatic,929,930.0,-1.1100958189444285,-1.1100958189444285,0
cobyla,adiabatic,930,931.0,-1.1100958189444285,-1.1100958189444285,0
cobyla,adiabatic,931,932.0,-1.1100958189444285,-1.1100958189444285,0
cobyla,adiabatic,932,933.0,-1.1100958189444285,-1.1100958189444285,0
cobyla,adiabatic,933,934.0,-1.1100958189444285,-1.1100958189444285,0
cobyla,adiabatic,934,935.0,-1.1100958189444285,-1.1100958189444285,0
cobyla,adiabatic,935,936.0,-1.1100958189444285,-1.1100958189444285,0
cobyla,adiabatic,936,937.0,-1.1100958189444285,-1.1100958189444285,0
cobyla,adiabatic,937,938.0,-1.1100958189444285,-1.1100958189444285,0
cobyla,adiabatic,938,939.0,-1.1100958189444285,-1.1100958189444285,0
cobyla,adiabatic,939,940.0,-1.1100958189444285,-1.1100958189444285,0
cobyla,adiabatic,940,941.0,-1.1100958189444285,-1.1100958189444285,0
cobyla,adiabatic,941,942.0,-1.1100958189444285,-1.1100958189444285,0
cobyla,adiabatic,942,943.0,-1.1100958189444285,-1.1100958189444285,0
cobyla,adiabatic,943,944.0,-1.1100958189444285,-1.1100958189444285,0
cobyla,adiabatic,944,945.0,-1.1100958189444285,-1.1100958189444285,0
cobyla,adiabatic,945,946.0,-1.1100958189444285,-1.1100958189444285,0
cobyla,adiabatic,946,947.0,-1.1100958189444285,-1.1100958189444285,0
cobyla,adiabatic,947,948.0,-1.1100958189444285,-1.1100958189444285,0
cobyla,adiabatic,948,949.0,-1.1119777017093029,-1.1119777017093029,0
cobyla,adiabatic,949,950.0,-1.1119777017093029,-1.1119777017093029,0
cobyla,adiabatic,950,951.0,-1.1119777017093029,-1.1119777017093029,0
cobyla,adiabatic,951,952.0,-1.1119777017093029,-1.1119777017093029,0
cobyla,adiabatic,952,953.0,-1.1141082434599616,-1.1141082434599618,0
cobyla,adiabatic,953,954.0,-1.1141082434599616,-1.1141082434599618,0
cobyla,adiabatic,954,955.0,-1.1141082434599616,-1.1141082434599618,0
cobyla,adiabatic,955,956.0,-1.1141082434599616,-1.1141082434599618,0
cobyla,adiabatic,956,957.0,-1.1141082434599616,-1.1141082434599618,0
cobyla,adiabatic,957,958.0,-1.1141082434599616,-1.1141082434599618,0
cobyla,adiabatic,958,959.0,-1.1141082434599616,-1.1141082434599618,0
cobyla,adiabatic,959,960.0,-1.1141082434599616,-1.1141082434599618,0
cobyla,adiabatic,960,961.0,-1.1141082434599616,-1.1141082434599618,0
cobyla,adiabatic,961,962.0,-1.1141082434599616,-1.1141082434599618,0
cobyla,adiabatic,962,963.0,-1.1141082434599616,-1.1141082434599618,0
cobyla,adiabatic,963,964.0,-1.1141082434599616,-1.1141082434599618,0
cobyla,adiabatic,964,965.0,-1.1141082434599616,-1.1141082434599618,0
cobyla,adiabatic,965,966.0,-1.1141082434599616,-1.1141082434599618,0
cobyla,adiabatic,966,967.0,-1.1141082434599616,-1.1141082434599618,0
cobyla,adiabatic,967,968.0,-1.1141082434599616,-1.1141082434599618,0
cobyla,adiabatic,968,969.0,-1.1141082434599616,-1.1141082434599618,0
cobyla,adiabatic,969,970.0,-1.1141082434599616,-1.1141082434599618,0
cobyla,adiabatic,970,971.0,-1.1141082434599616,-1.1141082434599618,0
cobyla,adiabatic,971,972.0,-1.1141082434599616,-1.1141082434599618,0
cobyla,adiabatic,972,973.0,-1.1141082434599616,-1.1141082434599618,0
cobyla,adiabatic,973,974.0,-1.1141082434599616,-1.1141082434599618,0
cobyla,adiabatic,974,975.0,-1.1141082434599616,-1.1141082434599618,0
cobyla,adiabatic,975,976.0,-1.1141082434599616,-1.1141082434599618,0
cobyla,adiabatic,976,977.0,-1.1141082434599616,-1.1141082434599618,0
cobyla,adiabatic,977,978.0,-1.1141082434599616,-1.1141082434599618,0
cobyla,adiabatic,978,979.0,-1.1141082434599616,-1.1141082434599618,0
cobyla,adiabatic,979,980.0,-1.1141082434599616,-1.1141082434599618,0
cobyla,adiabatic,980,981.0,-1.1141082434599616,-1.1141082434599618,0
cobyla,adiabatic,981,982.0,-1.1141082434599616,-1.1141082434599618,0
cobyla,adiabatic,982,983.0,-1.1145187983301057,-1.1145187983301057,0
cobyla,adiabatic,983,984.0,-1.1145187983301057,-1.1145187983301057,0
cobyla,adiabatic,984,985.0,-1.1145187983301057,-1.1145187983301057,0
cobyla,adiabatic,985,986.0,-1.1145187983301057,-1.1145187983301057,0
cobyla,adiabatic,986,987.0,-1.1145187983301057,-1.1145187983301057,0
cobyla,adiabatic,987,988.0,-1.1145187983301057,-1.1145187983301057,0
cobyla,adiabatic,988,989.0,-1.1145187983301057,-1.1145187983301057,0
cobyla,adiabatic,989,990.0,-1.1145187983301057,-1.1145187983301057,0
cobyla,adiabatic,990,991.0,-1.1145187983301057,-1.1145187983301057,0
cobyla,adiabatic,991,992.0,-1.1145187983301057,-1.1145187983301057,0
cobyla,adiabatic,992,993.0,-1.1145187983301057,-1.1145187983301057,0
cobyla,adiabatic,993,994.0,-1.1145187983301057,-1.1145187983301057,0
cobyla,adiabatic,994,995.0,-1.1145187983301057,-1.1145187983301057,0
cobyla,adiabatic,995,996.0,-1.1145187983301057,-1.1145187983301057,0
cobyla,adiabatic,996,997.0,-1.1145187983301057,-1.1145187983301057,0
cobyla,adiabatic,997,998.0,-1.1145187983301057,-1.1145187983301057,0
cobyla,adiabatic,998,999.0,-1.1145187983301057,-1.1145187983301057,0
cobyla,adiabatic,999,1000.0,-1.1145187983301057,-1.1145187983301057,0
cobyla,sea,0,1.0,-0.3054513367274033,-0.3054513367274033,0
cobyla,sea,1,2.0,-0.3054513367274033,-0.3054513367274033,0
cobyla,sea,2,3.0,-0.3054513367274033,-0.3054513367274033,0
cobyla,sea,3,4.0,-0.3054513367274033,-0.3054513367274033,0
cobyla,sea,4,5.0,-0.3054513367274033,-0.3054513367274033,0
cobyla,sea,5,6.0,-0.3054513367274033,-0.3054513367274033,0
cobyla,sea,6,7.0,-0.32507104893552147,-0.32507104893552147,0
cobyla,sea,7,8.0,-0.32507104893552147,-0.32507104893552147,0
cobyla,sea,8,9.0,-0.32507104893552147,-0.32507104893552147,0
cobyla,sea,9,10.0,-0.32507104893552147,-0.32507104893552147,0
cobyla,sea,10,11.0,-0.32507104893552147,-0.32507104893552147,0
cobyla,sea,11,12.0,-0.32507104893552147,-0.32507104893552147,0
cobyla,sea,12,13.0,-0.32507104893552147,-0.32507104893552147,0
cobyla,sea,13,14.0,-0.32507104893552147,-0.32507104893552147,0
cobyla,sea,14,15.0,-0.32507104893552147,-0.32507104893552147,0
cobyla,sea,15,16.0,-0.32507104893552147,-0.32507104893552147,0
cobyla,sea,16,17.0,-0.32507104893552147,-0.32507104893552147,0
cobyla,sea,17,18.0,-0.34025870791600404,-0.34025870791600404,0
cobyla,sea,18,19.0,-0.39330618901219566,-0.39330618901219566,0
cobyla,sea,19,20.0,-0.39330618901219566,-0.39330618901219566,0
cobyla,sea,20,21.0,-0.39330618901219566,-0.39330618901219566,0
cobyla,sea,21,22.0,-0.39330618901219566,-0.39330618901219566,0
cobyla,sea,22,23.0,-0.39330618901219566,-0.39330618901219566,0
cobyla,sea,23,24.0,-0.4081929783670929,-0.4081929783670929,0
cobyla,sea,24,25.0,-0.4081929783670929,-0.4081929783670929,0
cobyla,sea,25,26.0,-0.43938312970675747,-0.43938312970675747,0
cobyla,sea,26,27.0,-0.43938312970675747,-0.43938312970675747,0
cobyla,sea,27,28.0,-0.43938312970675747,-0.43938312970675747,0
cobyla,sea,28,29.0,-0.43938312970675747,-0.43938312970675747,0
cobyla,sea,29,30.0,-0.43938312970675747,-0.43938312970675747,0
cobyla,sea,30,31.0,-0.43938312970675747,-0.43938312970675747,0
cobyla,sea,31,32.0,-0.4735289903561739,-0.4735289903561739,0
cobyla,sea,32,33.0,-0.4775018910389076,-0.4775018910389076,0
cobyla,sea,33,34.0,-0.4775018910389076,-0.4775018910389076,0
cobyla,sea,34,35.0,-0.4775018910389076,-0.4775018910389076,0
cobyla,sea,35,36.0,-0.4775018910389076,-0.4775018910389076,0
cobyla,sea,36,37.0,-0.4775018910389076,-0.4775018910389076,0
cobyla,sea,37,38.0,-0.4775018910389076,-0.4775018910389076,0
cobyla,sea,38,39.0,-0.4775018910389076,-0.4775018910389076,0
cobyla,sea,39,40.0,-0.4775018910389076,-0.4775018910389076,0
cobyla,sea,40,41.0,-0.5345525897982597,-0.5345525897982597,0
cobyla,sea,41,42.0,-0.5345525897982597,-0.5345525897982597,0
cobyla,sea,42,43.0,-0.5345525897982597,-0.5345525897982597,0
cobyla,sea,43,44.0,-0.5345525897982597,-0.5345525897982597,0
cobyla,sea,44,45.0,-0.5389937451583514,-0.5389937451583514,0
cobyla,sea,45,46.0,-0.5389937451583514,-0.5389937451583514,0
cobyla,sea,46,47.0,-0.5389937451583514,-0.5389937451583514,0
cobyla,sea,47,48.0,-0.5389937451583514,-0.5389937451583514,0
cobyla,sea,48,49.0,-0.5389937451583514,-0.5389937451583514,0
cobyla,sea,49,50.0,-0.5389937451583514,-0.5389937451583514,0
cobyla,sea,50,51.0,-0.5389937451583514,-0.5389937451583514,0
cobyla,sea,51,52.0,-0.6028050893421419,-0.6028050893421419,0
cobyla,sea,52,53.0,-0.6028050893421419,-0.6028050893421419,0
cobyla,sea,53,54.0,-0.6645026053204578,-0.6645026053204578,0
cobyla,sea,54,55.0,-0.6645026053204578,-0.6645026053204578,0
cobyla,sea,55,56.0,-0.6645026053204578,-0.6645026053204578,0
cobyla,sea,56,57.0,-0.6930280639946984,-0.6930280639946984,0
cobyla,sea,57,58.0,-0.6930280639946984,-0.6930280639946984,0
cobyla,sea,58,59.0,-0.6950941849825156,-0.6950941849825156,0
cobyla,sea,59,60.0,-0.6950941849825156,-0.6950941849825156,0
cobyla,sea,60,61.0,-0.6950941849825156,-0.6950941849825156,0
cobyla,sea,61,62.0,-0.6950941849825156,-0.6950941849825156,0
cobyla,sea,62,63.0,-0.6950941849825156,-0.6950941849825156,0
cobyla,sea,63,64.0,-0.6950941849825156,-0.6950941849825156,0
cobyla,sea,64,65.0,-0.6950941849825156,-0.6950941849825156,0
cobyla,sea,65,66.0,-0.6950941849825156,-0.6950941849825156,0
cobyla,sea,66,67.0,-0.7368432623125803,-0.7368432623125803,0
cobyla,sea,67,68.0,-0.7368432623125803,-0.7368432623125803,0
cobyla,sea,68,69.0,-0.7368432623125803,-0.7368432623125803,0
cobyla,sea,69,70.0,-0.7373312438226336,-0.7373312438226336,0
cobyla,sea,70,71.0,-0.7373312438226336,-0.7373312438226336,0
cobyla,sea,71,72.0,-0.7373312438226336,-0.7373312438226336,0
cobyla,sea,72,73.0,-0.7373312438226336,-0.7373312438226336,0
cobyla,sea,73,74.0,-0.7373312438226336,-0.7373312438226336,0
cobyla,sea,74,75.0,-0.7373312438226336,-0.7373312438226336,0
cobyla,sea,75,76.0,-0.7373312438226336,-0.7373312438226336,0
cobyla,sea,76,77.0,-0.831482110843396,-0.831482110843396,0
cobyla,sea,77,78.0,-0.831482110843396,-0.831482110843396,0
cobyla,sea,78,79.0,-0.831482110843396,-0.831482110843396,0
cobyla,sea,79,80.0,-0.831482110843396,-0.831482110843396,0
cobyla,sea,80,81.0,-0.831482110843396,-0.831482110843396,0
cobyla,sea,81,82.0,-0.831482110843396,-0.831482110843396,0
cobyla,sea,82,83.0,-0.9207950361432561,-0.9207950361432561,0
cobyla,sea,83,84.0,-0.9207950361432561,-0.9207950361432561,0
cobyla,sea,84,85.0,-0.9207950361432561,-0.9207950361432561,0
cobyla,sea,85,86.0,-1.0325915705543678,-1.0325915705543678,0
cobyla,sea,86,87.0,-1.0325915705543678,-1.0325915705543678,0
cobyla,sea,87,88.0,-1.0325915705543678,-1.0325915705543678,0
cobyla,sea,88,89.0,-1.0325915705543678,-1.0325915705543678,0
cobyla,sea,89,90.0,-1.0325915705543678,-1.0325915705543678,0
cobyla,sea,90,91.0,-1.0325915705543678,-1.0325915705543678,0
cobyla,sea,91,92.0,-1.0325915705543678,-1.0325915705543678,0
cobyla,sea,92,93.0,-1.0376410482085727,-1.0376410482085727,0
cobyla,sea,93,94.0,-1.0376410482085727,-1.0376410482085727,0
cobyla,sea,94,95.0,-1.0376410482085727,-1.0376410482085727,0
cobyla,sea,95,96.0,-1.0376410482085727,-1.0376410482085727,0
cobyla,sea,96,97.0,-1.0376410482085727,-1.0376410482085727,0
cobyla,sea,97,98.0,-1.0376410482085727,-1.0376410482085727,0
cobyla,sea,98,99.0,-1.0376410482085727,-1.0376410482085727,0
cobyla,sea,99,100.0,-1.0376410482085727,-1.0376410482085727,0
cobyla,sea,100,101.0,-1.0376410482085727,-1.0376410482085727,0
cobyla,sea,101,102.0,-1.0376410482085727,-1.0376410482085727,0
cobyla,sea,102,103.0,-1.0376410482085727,-1.0376410482085727,0
cobyla,sea,103,104.0,-1.0383479230898771,-1.0383479230898771,0
cobyla,sea,104,105.0,-1.0383479230898771,-1.0383479230898771,0
cobyla,sea,105,106.0,-1.0383479230898771,-1.0383479230898771,0
cobyla,sea,106,107.0,-1.0383479230898771,-1.0383479230898771,0
cobyla,sea,107,108.0,-1.0383479230898771,-1.0383479230898771,0
cobyla,sea,108,109.0,-1.0383479230898771,-1.0383479230898771,0
cobyla,sea,109,110.0,-1.0383479230898771,-1.0383479230898771,0
cobyla,sea,110,111.0,-1.0383479230898771,-1.0383479230898771,0
cobyla,sea,111,112.0,-1.0765026438352587,-1.0765026438352587,0
cobyla,sea,112,113.0,-1.0765026438352587,-1.0765026438352587,0
cobyla,sea,113,114.0,-1.0765026438352587,-1.0765026438352587,0
cobyla,sea,114,115.0,-1.0765026438352587,-1.0765026438352587,0
cobyla,sea,115,116.0,-1.0765026438352587,-1.0765026438352587,0
cobyla,sea,116,117.0,-1.0765026438352587,-1.0765026438352587,0
cobyla,sea,117,118.0,-1.0765026438352587,-1.0765026438352587,0
cobyla,sea,118,119.0,-1.0765026438352587,-1.0765026438352587,0
cobyla,sea,119,120.0,-1.0765026438352587,-1.0765026438352587,0
cobyla,sea,120,121.0,-1.0765026438352587,-1.0765026438352587,0
cobyla,sea,121,122.0,-1.0767984281464065,-1.0767984281464065,0
cobyla,sea,122,123.0,-1.0767984281464065,-1.0767984281464065,0
cobyla,sea,123,124.0,-1.0767984281464065,-1.0767984281464065,0
cobyla,sea,124,125.0,-1.0767984281464065,-1.0767984281464065,0
cobyla,sea,125,126.0,-1.0767984281464065,-1.0767984281464065,0
cobyla,sea,126,127.0,-1.0767984281464065,-1.0767984281464065,0
cobyla,sea,127,128.0,-1.0767984281464065,-1.0767984281464065,0
cobyla,sea,128,129.0,-1.0767984281464065,-1.0767984281464065,0
cobyla,sea,129,130.0,-1.0767984281464065,-1.0767984281464065,0
cobyla,sea,130,131.0,-1.0767984281464065,-1.0767984281464065,0
cobyla,sea,131,132.0,-1.0975248943890719,-1.0975248943890719,0
cobyla,sea,132,133.0,-1.0975248943890719,-1.0975248943890719,0
cobyla,sea,133,134.0,-1.0975248943890719,-1.0975248943890719,0
cobyla,sea,134,135.0,-1.0975248943890719,-1.0975248943890719,0
cobyla,sea,135,136.0,-1.0975248943890719,-1.0975248943890719,0
cobyla,sea,136,137.0,-1.0975248943890719,-1.0975248943890719,0
cobyla,sea,137,138.0,-1.0975248943890719,-1.0975248943890719,0
cobyla,sea,138,139.0,-1.098740467216217,-1.098740467216217,0
cobyla,sea,139,140.0,-1.098740467216217,-1.098740467216217,0
cobyla,sea,140,141.0,-1.098740467216217,-1.098740467216217,0
cobyla,sea,141,142.0,-1.109659075802661,-1.109659075802661,0
cobyla,sea,142,143.0,-1.109659075802661,-1.109659075802661,0
cobyla,sea,143,144.0,-1.109659075802661,-1.109659075802661,0
cobyla,sea,144,145.0,-1.110252608794634,-1.110252608794634,0
cobyla,sea,145,146.0,-1.110252608794634,-1.110252608794634,0
cobyla,sea,146,147.0,-1.110252608794634,-1.110252608794634,0
cobyla,sea,147,148.0,-1.1199033900631838,-1.1199033900631838,0
cobyla,sea,148,149.0,-1.1199033900631838,-1.1199033900631838,0
cobyla,sea,149,150.0,-1.1199033900631838,-1.1199033900631838,0
cobyla,sea,150,151.0,-1.1199033900631838,-1.1199033900631838,0
cobyla,sea,151,152.0,-1.1199033900631838,-1.1199033900631838,0
cobyla,sea,152,153.0,-1.1199033900631838,-1.1199033900631838,0
cobyla,sea,153,154.0,-1.1199033900631838,-1.1199033900631838,0
cobyla,sea,154,155.0,-1.1222862036327907,-1.1222862036327907,0
cobyla,sea,155,156.0,-1.1222862036327907,-1.1222862036327907,0
cobyla,sea,156,157.0,-1.1222862036327907,-1.1222862036327907,0
cobyla,sea,157,158.0,-1.1222862036327907,-1.1222862036327907,0
cobyla,sea,158,159.0,-1.1222862036327907,-1.1222862036327907,0
cobyla,sea,159,160.0,-1.1222862036327907,-1.1222862036327907,0
cobyla,sea,160,161.0,-1.1222862036327907,-1.1222862036327907,0
cobyla,sea,161,162.0,-1.1222862036327907,-1.1222862036327907,0
cobyla,sea,162,163.0,-1.1222862036327907,-1.1222862036327907,0
cobyla,sea,163,164.0,-1.1222862036327907,-1.1222862036327907,0
cobyla,sea,164,165.0,-1.1258663597457677,-1.1258663597457677,0
cobyla,sea,165,166.0,-1.1258663597457677,-1.1258663597457677,0
cobyla,sea,166,167.0,-1.1258663597457677,-1.1258663597457677,0
cobyla,sea,167,168.0,-1.1258663597457677,-1.1258663597457677,0
cobyla,sea,168,169.0,-1.1258663597457677,-1.1258663597457677,0
cobyla,sea,169,170.0,-1.1258663597457677,-1.1258663597457677,0
cobyla,sea,170,171.0,-1.1258663597457677,-1.1258663597457677,0
cobyla,sea,171,172.0,-1.1258663597457677,-1.1258663597457677,0
cobyla,sea,172,173.0,-1.1258663597457677,-1.1258663597457677,0
cobyla,sea,173,174.0,-1.1258663597457677,-1.1258663597457677,0
cobyla,sea,174,175.0,-1.1286708482827772,-1.1286708482827772,0
cobyla,sea,175,176.0,-1.1286708482827772,-1.1286708482827772,0
cobyla,sea,176,177.0,-1.1286708482827772,-1.1286708482827772,0
cobyla,sea,177,178.0,-1.1286708482827772,-1.1286708482827772,0
cobyla,sea,178,179.0,-1.1286708482827772,-1.1286708482827772,0
cobyla,sea,179,180.0,-1.1288140074849207,-1.1288140074849207,0
cobyla,sea,180,181.0,-1.1288140074849207,-1.1288140074849207,0
cobyla,sea,181,182.0,-1.1288140074849207,-1.1288140074849207,0
cobyla,sea,182,183.0,-1.1288140074849207,-1.1288140074849207,0
cobyla,sea,183,184.0,-1.1288140074849207,-1.1288140074849207,0
cobyla,sea,184,185.0,-1.1288140074849207,-1.1288140074849207,0
cobyla,sea,185,186.0,-1.1304984430936897,-1.1304984430936897,0
cobyla,sea,186,187.0,-1.1304984430936897,-1.1304984430936897,0
cobyla,sea,187,188.0,-1.1304984430936897,-1.1304984430936897,0
cobyla,sea,188,189.0,-1.1304984430936897,-1.1304984430936897,0
cobyla,sea,189,190.0,-1.1304984430936897,-1.1304984430936897,0
cobyla,sea,190,191.0,-1.1304984430936897,-1.1304984430936897,0
cobyla,sea,191,192.0,-1.1304984430936897,-1.1304984430936897,0
cobyla,sea,192,193.0,-1.1304984430936897,-1.1304984430936897,0
cobyla,sea,193,194.0,-1.1304984430936897,-1.1304984430936897,0
cobyla,sea,194,195.0,-1.1304984430936897,-1.1304984430936897,0
cobyla,sea,195,196.0,-1.1310516311155505,-1.1310516311155505,0
cobyla,sea,196,197.0,-1.1310516311155505,-1.1310516311155505,0
cobyla,sea,197,198.0,-1.1310516311155505,-1.1310516311155505,0
cobyla,sea,198,199.0,-1.1310516311155505,-1.1310516311155505,0
cobyla,sea,199,200.0,-1.1310516311155505,-1.1310516311155505,0
cobyla,sea,200,201.0,-1.1310516311155505,-1.1310516311155505,0
cobyla,sea,201,202.0,-1.1310516311155505,-1.1310516311155505,0
cobyla,sea,202,203.0,-1.1310516311155505,-1.1310516311155505,0
cobyla,sea,203,204.0,-1.1310516311155505,-1.1310516311155505,0
cobyla,sea,204,205.0,-1.1315383585605736,-1.1315383585605736,0
cobyla,sea,205,206.0,-1.1315383585605736,-1.1315383585605736,0
cobyla,sea,206,207.0,-1.1315383585605736,-1.1315383585605736,0
cobyla,sea,207,208.0,-1.1315383585605736,-1.1315383585605736,0
cobyla,sea,208,209.0,-1.1315383585605736,-1.1315383585605736,0
cobyla,sea,209,210.0,-1.1315383585605736,-1.1315383585605736,0
cobyla,sea,210,211.0,-1.1316721681993076,-1.1316721681993076,0
cobyla,sea,211,212.0,-1.1316721681993076,-1.1316721681993076,0
cobyla,sea,212,213.0,-1.1316721681993076,-1.1316721681993076,0
cobyla,sea,213,214.0,-1.1316721681993076,-1.1316721681993076,0
cobyla,sea,214,215.0,-1.1316721681993076,-1.1316721681993076,0
cobyla,sea,215,216.0,-1.1316721681993076,-1.1316721681993076,0
cobyla,sea,216,217.0,-1.1317485426408802,-1.1317485426408802,0
cobyla,sea,217,218.0,-1.1317485426408802,-1.1317485426408802,0
cobyla,sea,218,219.0,-1.1317485426408802,-1.1317485426408802,0
cobyla,sea,219,220.0,-1.1317485426408802,-1.1317485426408802,0
cobyla,sea,220,221.0,-1.1317485426408802,-1.1317485426408802,0
cobyla,sea,221,222.0,-1.1317485426408802,-1.1317485426408802,0
cobyla,sea,222,223.0,-1.1317485426408802,-1.1317485426408802,0
cobyla,sea,223,224.0,-1.1317485426408802,-1.1317485426408802,0
cobyla,sea,224,225.0,-1.1317485426408802,-1.1317485426408802,0
cobyla,sea,225,226.0,-1.1317485426408802,-1.1317485426408802,0
cobyla,sea,226,227.0,-1.1317485426408802,-1.1317485426408802,0
cobyla,sea,227,228.0,-1.1317485426408802,-1.1317485426408802,0
cobyla,sea,228,229.0,-1.1317485426408802,-1.1317485426408802,0
cobyla,sea,229,230.0,-1.1317485426408802,-1.1317485426408802,0
cobyla,sea,230,231.0,-1.1317803292550677,-1.1317803292550677,0
cobyla,sea,231,232.0,-1.1317803292550677,-1.1317803292550677,0
cobyla,sea,232,233.0,-1.1317803292550677,-1.1317803292550677,0
cobyla,sea,233,234.0,-1.1318269810474324,-1.1318269810474324,0
cobyla,sea,234,235.0,-1.1318497240174445,-1.1318497240174445,0
cobyla,sea,235,236.0,-1.1318497240174445,-1.1318497240174445,0
cobyla,sea,236,237.0,-1.1318497240174445,-1.1318497240174445,0
cobyla,sea,237,238.0,-1.131901241443617,-1.131901241443617,0
cobyla,sea,238,239.0,-1.131901241443617,-1.131901241443617,0
cobyla,sea,239,240.0,-1.131901241443617,-1.131901241443617,0
cobyla,sea,240,241.0,-1.131901241443617,-1.131901241443617,0
cobyla,sea,241,242.0,-1.131901241443617,-1.131901241443617,0
cobyla,sea,242,243.0,-1.131901241443617,-1.131901241443617,0
cobyla,sea,243,244.0,-1.131901241443617,-1.131901241443617,0
cobyla,sea,244,245.0,-1.131901241443617,-1.131901241443617,0
cobyla,sea,245,246.0,-1.1319508304175967,-1.1319508304175967,0
cobyla,sea,246,247.0,-1.1319508304175967,-1.1319508304175967,0
cobyla,sea,247,248.0,-1.1319508304175967,-1.1319508304175967,0
cobyla,sea,248,249.0,-1.1319508304175967,-1.1319508304175967,0
cobyla,sea,249,250.0,-1.1319508304175967,-1.1319508304175967,0
cobyla,sea,250,251.0,-1.1319508304175967,-1.1319508304175967,0
cobyla,sea,251,252.0,-1.131984741619937,-1.131984741619937,0
cobyla,sea,252,253.0,-1.131984741619937,-1.131984741619937,0
cobyla,sea,253,254.0,-1.132129118864704,-1.132129118864704,0
cobyla,sea,254,255.0,-1.132129118864704,-1.132129118864704,0
cobyla,sea,255,256.0,-1.132129118864704,-1.132129118864704,0
cobyla,sea,256,257.0,-1.132129118864704,-1.132129118864704,0
cobyla,sea,257,258.0,-1.132129118864704,-1.132129118864704,0
cobyla,sea,258,259.0,-1.132129118864704,-1.132129118864704,0
cobyla,sea,259,260.0,-1.132129118864704,-1.132129118864704,0
cobyla,sea,260,261.0,-1.132129118864704,-1.132129118864704,0
cobyla,sea,261,262.0,-1.132129118864704,-1.132129118864704,0
cobyla,sea,262,263.0,-1.132129118864704,-1.132129118864704,0
cobyla,sea,263,264.0,-1.132129118864704,-1.132129118864704,0
cobyla,sea,264,265.0,-1.132129118864704,-1.132129118864704,0
cobyla,sea,265,266.0,-1.132129118864704,-1.132129118864704,0
cobyla,sea,266,267.0,-1.132129118864704,-1.132129118864704,0
cobyla,sea,267,268.0,-1.132129118864704,-1.132129118864704,0
cobyla,sea,268,269.0,-1.132129118864704,-1.132129118864704,0
cobyla,sea,269,270.0,-1.1321310559740094,-1.1321310559740094,0
cobyla,sea,270,271.0,-1.132140875892393,-1.132140875892393,0
cobyla,sea,271,272.0,-1.132140875892393,-1.132140875892393,0
cobyla,sea,272,273.0,-1.1321498419713278,-1.1321498419713278,0
cobyla,sea,273,274.0,-1.1321498419713278,-1.1321498419713278,0
cobyla,sea,274,275.0,-1.1321498419713278,-1.1321498419713278,0
cobyla,sea,275,276.0,-1.1321498419713278,-1.1321498419713278,0
cobyla,sea,276,277.0,-1.1321612780908705,-1.1321612780908705,0
cobyla,sea,277,278.0,-1.1321612780908705,-1.1321612780908705,0
cobyla,sea,278,279.0,-1.1321612780908705,-1.1321612780908705,0
cobyla,sea,279,280.0,-1.1321612780908705,-1.1321612780908705,0
cobyla,sea,280,281.0,-1.1321818978813618,-1.1321818978813618,0
cobyla,sea,281,282.0,-1.1322039099378713,-1.1322039099378713,0
cobyla,sea,282,283.0,-1.1322039099378713,-1.1322039099378713,0
cobyla,sea,283,284.0,-1.1322754665350765,-1.1322754665350765,0
cobyla,sea,284,285.0,-1.1322766755253357,-1.1322766755253357,0
cobyla,sea,285,286.0,-1.1322766755253357,-1.1322766755253357,0
cobyla,sea,286,287.0,-1.1322769249835927,-1.1322769249835927,0
cobyla,sea,287,288.0,-1.132283242978399,-1.132283242978399,0
cobyla,sea,288,289.0,-1.132291840949053,-1.132291840949053,0
cobyla,sea,289,290.0,-1.132291840949053,-1.132291840949053,0
cobyla,sea,290,291.0,-1.132291840949053,-1.132291840949053,0
cobyla,sea,291,292.0,-1.132291840949053,-1.132291840949053,0
cobyla,sea,292,293.0,-1.1323451937910571,-1.1323451937910571,0
cobyla,sea,293,294.0,-1.1323451937910571,-1.1323451937910571,0
cobyla,sea,294,295.0,-1.1323451937910571,-1.1323451937910571,0
cobyla,sea,295,296.0,-1.1323451937910571,-1.1323451937910571,0
cobyla,sea,296,297.0,-1.1323451937910571,-1.1323451937910571,0
cobyla,sea,297,298.0,-1.1323451937910571,-1.1323451937910571,0
cobyla,sea,298,299.0,-1.1323626579271868,-1.1323626579271868,0
cobyla,sea,299,300.0,-1.1324320305119038,-1.1324320305119038,0
cobyla,sea,300,301.0,-1.1324320305119038,-1.1324320305119038,0
cobyla,sea,301,302.0,-1.1324547184077913,-1.1324547184077913,0
cobyla,sea,302,303.0,-1.1324547184077913,-1.1324547184077913,0
cobyla,sea,303,304.0,-1.1324547184077913,-1.1324547184077913,0
cobyla,sea,304,305.0,-1.1324547184077913,-1.1324547184077913,0
cobyla,sea,305,306.0,-1.1325000132971839,-1.1325000132971839,0
cobyla,sea,306,307.0,-1.1325000132971839,-1.1325000132971839,0
cobyla,sea,307,308.0,-1.1325000132971839,-1.1325000132971839,0
cobyla,sea,308,309.0,-1.1325000132971839,-1.1325000132971839,0
cobyla,sea,309,310.0,-1.1325209199157622,-1.1325209199157622,0
cobyla,sea,310,311.0,-1.1325209199157622,-1.1325209199157622,0
cobyla,sea,311,312.0,-1.1325209199157622,-1.1325209199157622,0
cobyla,sea,312,313.0,-1.1325209199157622,-1.1325209199157622,0
cobyla,sea,313,314.0,-1.1325209199157622,-1.1325209199157622,0
cobyla,sea,314,315.0,-1.1325209199157622,-1.1325209199157622,0
cobyla,sea,315,316.0,-1.1325209199157622,-1.1325209199157622,0
cobyla,sea,316,317.0,-1.1325209199157622,-1.1325209199157622,0
cobyla,sea,317,318.0,-1.1325209199157622,-1.1325209199157622,0
cobyla,sea,318,319.0,-1.1325492996464284,-1.1325492996464284,0
cobyla,sea,319,320.0,-1.1325492996464284,-1.1325492996464284,0
cobyla,sea,320,321.0,-1.1326108271954334,-1.1326108271954334,0
cobyla,sea,321,322.0,-1.1326108271954334,-1.1326108271954334,0
cobyla,sea,322,323.0,-1.1326108271954334,-1.1326108271954334,0
cobyla,sea,323,324.0,-1.132682327073061,-1.132682327073061,0
cobyla,sea,324,325.0,-1.132682327073061,-1.132682327073061,0
cobyla,sea,325,326.0,-1.132682327073061,-1.132682327073061,0
cobyla,sea,326,327.0,-1.132682327073061,-1.132682327073061,0
cobyla,sea,327,328.0,-1.132682327073061,-1.132682327073061,0
cobyla,sea,328,329.0,-1.132684542827516,-1.132684542827516,0
cobyla,sea,329,330.0,-1.132684542827516,-1.132684542827516,0
cobyla,sea,330,331.0,-1.132684542827516,-1.132684542827516,0
cobyla,sea,331,332.0,-1.132684542827516,-1.132684542827516,0
cobyla,sea,332,333.0,-1.132684542827516,-1.132684542827516,0
cobyla,sea,333,334.0,-1.132684542827516,-1.132684542827516,0
cobyla,sea,334,335.0,-1.132684542827516,-1.132684542827516,0
cobyla,sea,335,336.0,-1.132684542827516,-1.132684542827516,0
cobyla,sea,336,337.0,-1.1326986385943867,-1.1326986385943867,0
cobyla,sea,337,338.0,-1.1327103685992577,-1.1327103685992577,0
cobyla,sea,338,339.0,-1.1327222710089864,-1.1327222710089864,0
cobyla,sea,339,340.0,-1.1327222710089864,-1.1327222710089864,0
cobyla,sea,340,341.0,-1.1327222710089864,-1.1327222710089864,0
cobyla,sea,341,342.0,-1.1327600014519381,-1.1327600014519381,0
cobyla,sea,342,343.0,-1.1327600014519381,-1.1327600014519381,0
cobyla,sea,343,344.0,-1.1327600014519381,-1.1327600014519381,0
cobyla,sea,344,345.0,-1.1327617793168723,-1.1327617793168723,0
cobyla,sea,345,346.0,-1.1327617793168723,-1.1327617793168723,0
cobyla,sea,346,347.0,-1.1327617793168723,-1.1327617793168723,0
cobyla,sea,347,348.0,-1.1327617793168723,-1.1327617793168723,0
cobyla,sea,348,349.0,-1.1328003327203517,-1.1328003327203517,0
cobyla,sea,349,350.0,-1.1328003327203517,-1.1328003327203517,0
cobyla,sea,350,351.0,-1.1328003327203517,-1.1328003327203517,0
cobyla,sea,351,352.0,-1.1328003327203517,-1.1328003327203517,0
cobyla,sea,352,353.0,-1.132804665142705,-1.132804665142705,0
cobyla,sea,353,354.0,-1.132804665142705,-1.132804665142705,0
cobyla,sea,354,355.0,-1.132804665142705,-1.132804665142705,0
cobyla,sea,355,356.0,-1.132804665142705,-1.132804665142705,0
cobyla,sea,356,357.0,-1.1328053400796194,-1.1328053400796194,0
cobyla,sea,357,358.0,-1.1328053400796194,-1.1328053400796194,0
cobyla,sea,358,359.0,-1.1328053400796194,-1.1328053400796194,0
cobyla,sea,359,360.0,-1.1328053400796194,-1.1328053400796194,0
cobyla,sea,360,361.0,-1.1328114454640141,-1.1328114454640141,0
cobyla,sea,361,362.0,-1.1328114454640141,-1.1328114454640141,0
cobyla,sea,362,363.0,-1.1328114454640141,-1.1328114454640141,0
cobyla,sea,363,364.0,-1.1328114454640141,-1.1328114454640141,0
cobyla,sea,364,365.0,-1.1328564268164947,-1.1328564268164947,0
cobyla,sea,365,366.0,-1.1328564268164947,-1.1328564268164947,0
cobyla,sea,366,367.0,-1.1328564268164947,-1.1328564268164947,0
cobyla,sea,367,368.0,-1.1328564268164947,-1.1328564268164947,0
cobyla,sea,368,369.0,-1.1328639315337907,-1.1328639315337907,0
cobyla,sea,369,370.0,-1.1328639315337907,-1.1328639315337907,0
cobyla,sea,370,371.0,-1.1328639315337907,-1.1328639315337907,0
cobyla,sea,371,372.0,-1.1328639315337907,-1.1328639315337907,0
cobyla,sea,372,373.0,-1.1328921637376965,-1.1328921637376965,0
cobyla,sea,373,374.0,-1.1328921637376965,-1.1328921637376965,0
cobyla,sea,374,375.0,-1.1328921637376965,-1.1328921637376965,0
cobyla,sea,375,376.0,-1.1328921637376965,-1.1328921637376965,0
cobyla,sea,376,377.0,-1.1329162312951593,-1.1329162312951593,0
cobyla,sea,377,378.0,-1.1329272204605227,-1.1329272204605227,0
cobyla,sea,378,379.0,-1.1329272204605227,-1.1329272204605227,0
cobyla,sea,379,380.0,-1.1329272204605227,-1.1329272204605227,0
cobyla,sea,380,381.0,-1.1329272204605227,-1.1329272204605227,0
cobyla,sea,381,382.0,-1.1329272204605227,-1.1329272204605227,0
cobyla,sea,382,383.0,-1.1329272204605227,-1.1329272204605227,0
cobyla,sea,383,384.0,-1.1329272204605227,-1.1329272204605227,0
cobyla,sea,384,385.0,-1.1329272204605227,-1.1329272204605227,0
cobyla,sea,385,386.0,-1.1329272204605227,-1.1329272204605227,0
cobyla,sea,386,387.0,-1.1329272204605227,-1.1329272204605227,0
cobyla,sea,387,388.0,-1.1329876707881747,-1.1329876707881747,0
cobyla,sea,388,389.0,-1.1329876707881747,-1.1329876707881747,0
cobyla,sea,389,390.0,-1.1329876707881747,-1.1329876707881747,0
cobyla,sea,390,391.0,-1.1329876707881747,-1.1329876707881747,0
cobyla,sea,391,392.0,-1.1329876707881747,-1.1329876707881747,0
cobyla,sea,392,393.0,-1.1329876707881747,-1.1329876707881747,0
cobyla,sea,393,394.0,-1.1329876707881747,-1.1329876707881747,0
cobyla,sea,394,395.0,-1.1330113823220536,-1.1330113823220536,0
cobyla,sea,395,396.0,-1.1330113823220536,-1.1330113823220536,0
cobyla,sea,396,397.0,-1.1330116510168649,-1.1330116510168649,0
cobyla,sea,397,398.0,-1.1330116510168649,-1.1330116510168649,0
cobyla,sea,398,399.0,-1.1330132591957187,-1.1330132591957187,0
cobyla,sea,399,400.0,-1.1330132591957187,-1.1330132591957187,0
cobyla,sea,400,401.0,-1.1330132591957187,-1.1330132591957187,0
cobyla,sea,401,402.0,-1.1330132591957187,-1.1330132591957187,0
cobyla,sea,402,403.0,-1.1330175828677058,-1.1330175828677058,0
cobyla,sea,403,404.0,-1.1330175828677058,-1.1330175828677058,0
cobyla,sea,404,405.0,-1.1330547536155213,-1.1330547536155213,0
cobyla,sea,405,406.0,-1.1330547536155213,-1.1330547536155213,0
cobyla,sea,406,407.0,-1.133065584596568,-1.133065584596568,0
cobyla,sea,407,408.0,-1.133066357661721,-1.133066357661721,0
cobyla,sea,408,409.0,-1.133076412158569,-1.133076412158569,0
cobyla,sea,409,410.0,-1.1330906028272636,-1.1330906028272636,0
cobyla,sea,410,411.0,-1.1330918186635486,-1.1330918186635486,0
cobyla,sea,411,412.0,-1.1330918186635486,-1.1330918186635486,0
cobyla,sea,412,413.0,-1.1330955918890586,-1.1330955918890586,0
cobyla,sea,413,414.0,-1.1330955918890586,-1.1330955918890586,0
cobyla,sea,414,415.0,-1.1330955918890586,-1.1330955918890586,0
cobyla,sea,415,416.0,-1.1330955918890586,-1.1330955918890586,0
cobyla,sea,416,417.0,-1.1330955918890586,-1.1330955918890586,0
cobyla,sea,417,418.0,-1.1331112814862963,-1.1331112814862963,0
cobyla,sea,418,419.0,-1.1331112814862963,-1.1331112814862963,0
cobyla,sea,419,420.0,-1.1331320711063109,-1.1331320711063109,0
cobyla,sea,420,421.0,-1.1331320711063109,-1.1331320711063109,0
cobyla,sea,421,422.0,-1.1331893580928523,-1.1331893580928523,0
cobyla,sea,422,423.0,-1.1331893580928523,-1.1331893580928523,0
cobyla,sea,423,424.0,-1.1332083279771183,-1.1332083279771183,0
cobyla,sea,424,425.0,-1.133241661358204,-1.133241661358204,0
cobyla,sea,425,426.0,-1.133241661358204,-1.133241661358204,0
cobyla,sea,426,427.0,-1.133241661358204,-1.133241661358204,0
cobyla,sea,427,428.0,-1.1332538543005264,-1.1332538543005264,0
cobyla,sea,428,429.0,-1.133289454514955,-1.133289454514955,0
cobyla,sea,429,430.0,-1.133289454514955,-1.133289454514955,0
cobyla,sea,430,431.0,-1.13329115961298,-1.13329115961298,0
cobyla,sea,431,432.0,-1.1333080760968828,-1.1333080760968828,0
cobyla,sea,432,433.0,-1.1333166489532651,-1.1333166489532651,0
cobyla,sea,433,434.0,-1.1333166489532651,-1.1333166489532651,0
cobyla,sea,434,435.0,-1.1333166489532651,-1.1333166489532651,0
cobyla,sea,435,436.0,-1.1333166489532651,-1.1333166489532651,0
cobyla,sea,436,437.0,-1.1333166489532651,-1.1333166489532651,0
cobyla,sea,437,438.0,-1.1333166489532651,-1.1333166489532651,0
cobyla,sea,438,439.0,-1.1333166489532651,-1.1333166489532651,0
cobyla,sea,439,440.0,-1.1333172181733926,-1.1333172181733926,0
cobyla,sea,440,441.0,-1.1333172181733926,-1.1333172181733926,0
cobyla,sea,441,442.0,-1.1333172181733926,-1.1333172181733926,0
cobyla,sea,442,443.0,-1.1333172181733926,-1.1333172181733926,0
cobyla,sea,443,444.0,-1.1333229147679853,-1.1333229147679853,0
cobyla,sea,444,445.0,-1.1333288587607515,-1.1333288587607515,0
cobyla,sea,445,446.0,-1.1333288587607515,-1.1333288587607515,0
cobyla,sea,446,447.0,-1.1333288587607515,-1.1333288587607515,0
cobyla,sea,447,448.0,-1.1333288587607515,-1.1333288587607515,0
cobyla,sea,448,449.0,-1.1333288587607515,-1.1333288587607515,0
cobyla,sea,449,450.0,-1.1333288587607515,-1.1333288587607515,0
cobyla,sea,450,451.0,-1.1333288587607515,-1.1333288587607515,0
cobyla,sea,451,452.0,-1.1333288587607515,-1.1333288587607515,0
cobyla,sea,452,453.0,-1.1333288587607515,-1.1333288587607515,0
cobyla,sea,453,454.0,-1.1333437683920582,-1.1333437683920582,0
cobyla,sea,454,455.0,-1.1333471042974466,-1.1333471042974466,0
cobyla,sea,455,456.0,-1.1333471042974466,-1.1333471042974466,0
cobyla,sea,456,457.0,-1.1333479549276364,-1.1333479549276364,0
cobyla,sea,457,458.0,-1.133353508230585,-1.133353508230585,0
cobyla,sea,458,459.0,-1.1333573582428111,-1.1333573582428111,0
cobyla,sea,459,460.0,-1.1333573582428111,-1.1333573582428111,0
cobyla,sea,460,461.0,-1.1333573582428111,-1.1333573582428111,0
cobyla,sea,461,462.0,-1.1333665978991068,-1.1333665978991068,0
cobyla,sea,462,463.0,-1.1333936328863232,-1.1333936328863232,0
cobyla,sea,463,464.0,-1.1334215578697826,-1.1334215578697826,0
cobyla,sea,464,465.0,-1.1334274344275919,-1.1334274344275919,0
cobyla,sea,465,466.0,-1.1334274344275919,-1.1334274344275919,0
cobyla,sea,466,467.0,-1.133455589806907,-1.133455589806907,0
cobyla,sea,467,468.0,-1.133455589806907,-1.133455589806907,0
cobyla,sea,468,469.0,-1.133455589806907,-1.133455589806907,0
cobyla,sea,469,470.0,-1.133455589806907,-1.133455589806907,0
cobyla,sea,470,471.0,-1.133455589806907,-1.133455589806907,0
cobyla,sea,471,472.0,-1.133455589806907,-1.133455589806907,0
cobyla,sea,472,473.0,-1.133455589806907,-1.133455589806907,0
cobyla,sea,473,474.0,-1.133465541945456,-1.133465541945456,0
cobyla,sea,474,475.0,-1.1335173798001525,-1.1335173798001525,0
cobyla,sea,475,476.0,-1.133519756296999,-1.133519756296999,0
cobyla,sea,476,477.0,-1.133519756296999,-1.133519756296999,0
cobyla,sea,477,478.0,-1.133519756296999,-1.133519756296999,0
cobyla,sea,478,479.0,-1.133519756296999,-1.133519756296999,0
cobyla,sea,479,480.0,-1.1335291331429815,-1.1335291331429815,0
cobyla,sea,480,481.0,-1.1335298189534238,-1.1335298189534238,0
cobyla,sea,481,482.0,-1.1335298189534238,-1.1335298189534238,0
cobyla,sea,482,483.0,-1.1335298189534238,-1.1335298189534238,0
cobyla,sea,483,484.0,-1.1335407488842404,-1.1335407488842404,0
cobyla,sea,484,485.0,-1.1335649998545012,-1.1335649998545012,0
cobyla,sea,485,486.0,-1.1335686219469157,-1.1335686219469157,0
cobyla,sea,486,487.0,-1.1335686219469157,-1.1335686219469157,0
cobyla,sea,487,488.0,-1.1335898174327392,-1.1335898174327392,0
cobyla,sea,488,489.0,-1.1335980701873962,-1.1335980701873962,0
cobyla,sea,489,490.0,-1.1335980701873962,-1.1335980701873962,0
cobyla,sea,490,491.0,-1.1336099628713696,-1.1336099628713696,0
cobyla,sea,491,492.0,-1.133644522411405,-1.133644522411405,0
cobyla,sea,492,493.0,-1.133644522411405,-1.133644522411405,0
cobyla,sea,493,494.0,-1.133644522411405,-1.133644522411405,0
cobyla,sea,494,495.0,-1.133644522411405,-1.133644522411405,0
cobyla,sea,495,496.0,-1.1336475809900939,-1.1336475809900939,0
cobyla,sea,496,497.0,-1.1336475809900939,-1.1336475809900939,0
cobyla,sea,497,498.0,-1.1336475809900939,-1.1336475809900939,0
cobyla,sea,498,499.0,-1.1336475809900939,-1.1336475809900939,0
cobyla,sea,499,500.0,-1.1336475809900939,-1.1336475809900939,0
cobyla,sea,500,501.0,-1.1336683674086825,-1.1336683674086825,0
cobyla,sea,501,502.0,-1.1336716068522856,-1.1336716068522856,0
cobyla,sea,502,503.0,-1.133675721911381,-1.133675721911381,0
cobyla,sea,503,504.0,-1.133675721911381,-1.133675721911381,0
cobyla,sea,504,505.0,-1.133675721911381,-1.133675721911381,0
cobyla,sea,505,506.0,-1.133675721911381,-1.133675721911381,0
cobyla,sea,506,507.0,-1.1336900262510645,-1.1336900262510645,0
cobyla,sea,507,508.0,-1.1336948349868416,-1.1336948349868416,0
cobyla,sea,508,509.0,-1.1336983412999717,-1.1336983412999717,0
cobyla,sea,509,510.0,-1.133699022022127,-1.133699022022127,0
cobyla,sea,510,511.0,-1.133699022022127,-1.133699022022127,0
cobyla,sea,511,512.0,-1.1337023805189235,-1.1337023805189235,0
cobyla,sea,512,513.0,-1.1337102291366377,-1.1337102291366377,0
cobyla,sea,513,514.0,-1.1337102291366377,-1.1337102291366377,0
cobyla,sea,514,515.0,-1.1337102291366377,-1.1337102291366377,0
cobyla,sea,515,516.0,-1.1337113092217546,-1.1337113092217546,0
cobyla,sea,516,517.0,-1.133715896151151,-1.133715896151151,0
cobyla,sea,517,518.0,-1.1337281879592958,-1.1337281879592958,0
cobyla,sea,518,519.0,-1.1337281879592958,-1.1337281879592958,0
cobyla,sea,519,520.0,-1.1337549840122123,-1.1337549840122123,0
cobyla,sea,520,521.0,-1.1337897049102326,-1.1337897049102326,0
cobyla,sea,521,522.0,-1.1337897049102326,-1.1337897049102326,0
cobyla,sea,522,523.0,-1.1338552538215272,-1.1338552538215272,0
cobyla,sea,523,524.0,-1.1338552538215272,-1.1338552538215272,0
cobyla,sea,524,525.0,-1.1338552538215272,-1.1338552538215272,0
cobyla,sea,525,526.0,-1.1338552538215272,-1.1338552538215272,0
cobyla,sea,526,527.0,-1.1338552538215272,-1.1338552538215272,0
cobyla,sea,527,528.0,-1.1338660468249857,-1.1338660468249857,0
cobyla,sea,528,529.0,-1.1338660468249857,-1.1338660468249857,0
cobyla,sea,529,530.0,-1.1338839267705676,-1.1338839267705676,0
cobyla,sea,530,531.0,-1.1338839267705676,-1.1338839267705676,0
cobyla,sea,531,532.0,-1.1338839267705676,-1.1338839267705676,0
cobyla,sea,532,533.0,-1.133884681948575,-1.133884681948575,0
cobyla,sea,533,534.0,-1.133884681948575,-1.133884681948575,0
cobyla,sea,534,535.0,-1.1338907422008442,-1.1338907422008442,0
cobyla,sea,535,536.0,-1.133903994330515,-1.133903994330515,0
cobyla,sea,536,537.0,-1.133903994330515,-1.133903994330515,0
cobyla,sea,537,538.0,-1.133903994330515,-1.133903994330515,0
cobyla,sea,538,539.0,-1.1339110292785777,-1.1339110292785777,0
cobyla,sea,539,540.0,-1.1339110292785777,-1.1339110292785777,0
cobyla,sea,540,541.0,-1.1339176211883784,-1.1339176211883784,0
cobyla,sea,541,542.0,-1.1339176211883784,-1.1339176211883784,0
cobyla,sea,542,543.0,-1.1339176211883784,-1.1339176211883784,0
cobyla,sea,543,544.0,-1.133926653408693,-1.133926653408693,0
cobyla,sea,544,545.0,-1.133926653408693,-1.133926653408693,0
cobyla,sea,545,546.0,-1.1339669755094945,-1.1339669755094945,0
cobyla,sea,546,547.0,-1.1339669755094945,-1.1339669755094945,0
cobyla,sea,547,548.0,-1.1339711539022526,-1.1339711539022526,0
cobyla,sea,548,549.0,-1.1339711539022526,-1.1339711539022526,0
cobyla,sea,549,550.0,-1.1339768779271329,-1.1339768779271329,0
cobyla,sea,550,551.0,-1.1339768779271329,-1.1339768779271329,0
cobyla,sea,551,552.0,-1.1339768779271329,-1.1339768779271329,0
cobyla,sea,552,553.0,-1.1339768779271329,-1.1339768779271329,0
cobyla,sea,553,554.0,-1.1339768779271329,-1.1339768779271329,0
cobyla,sea,554,555.0,-1.1339890153093968,-1.1339890153093968,0
cobyla,sea,555,556.0,-1.1339890153093968,-1.1339890153093968,0
cobyla,sea,556,557.0,-1.1339996886268076,-1.1339996886268076,0
cobyla,sea,557,558.0,-1.1340034961166536,-1.1340034961166536,0
cobyla,sea,558,559.0,-1.1340034961166536,-1.1340034961166536,0
cobyla,sea,559,560.0,-1.1340148488739064,-1.1340148488739064,0
cobyla,sea,560,561.0,-1.1340148488739064,-1.1340148488739064,0
cobyla,sea,561,562.0,-1.1340148488739064,-1.1340148488739064,0
cobyla,sea,562,563.0,-1.1340148488739064,-1.1340148488739064,0
cobyla,sea,563,564.0,-1.1340212883011167,-1.1340212883011167,0
cobyla,sea,564,565.0,-1.1340212883011167,-1.1340212883011167,0
cobyla,sea,565,566.0,-1.1340386546173593,-1.1340386546173593,0
cobyla,sea,566,567.0,-1.134044359234071,-1.134044359234071,0
cobyla,sea,567,568.0,-1.134044359234071,-1.134044359234071,0
cobyla,sea,568,569.0,-1.134044359234071,-1.134044359234071,0
cobyla,sea,569,570.0,-1.134044359234071,-1.134044359234071,0
cobyla,sea,570,571.0,-1.1340938346408547,-1.1340938346408547,0
cobyla,sea,571,572.0,-1.1340938346408547,-1.1340938346408547,0
cobyla,sea,572,573.0,-1.1340938346408547,-1.1340938346408547,0
cobyla,sea,573,574.0,-1.1340938346408547,-1.1340938346408547,0
cobyla,sea,574,575.0,-1.1341025314249102,-1.1341025314249102,0
cobyla,sea,575,576.0,-1.1341058138780966,-1.1341058138780966,0
cobyla,sea,576,577.0,-1.1341058138780966,-1.1341058138780966,0
cobyla,sea,577,578.0,-1.1341058138780966,-1.1341058138780966,0
cobyla,sea,578,579.0,-1.134117891914793,-1.134117891914793,0
cobyla,sea,579,580.0,-1.13412156790865,-1.13412156790865,0
cobyla,sea,580,581.0,-1.1341502087563553,-1.1341502087563553,0
cobyla,sea,581,582.0,-1.1341502087563553,-1.1341502087563553,0
cobyla,sea,582,583.0,-1.1341502087563553,-1.1341502087563553,0
cobyla,sea,583,584.0,-1.1341502087563553,-1.1341502087563553,0
cobyla,sea,584,585.0,-1.1341502087563553,-1.1341502087563553,0
cobyla,sea,585,586.0,-1.1341628924288718,-1.1341628924288718,0
cobyla,sea,586,587.0,-1.1341628924288718,-1.1341628924288718,0
cobyla,sea,587,588.0,-1.1341874140382653,-1.1341874140382653,0
cobyla,sea,588,589.0,-1.1341874140382653,-1.1341874140382653,0
cobyla,sea,589,590.0,-1.1341874140382653,-1.1341874140382653,0
cobyla,sea,590,591.0,-1.1341915281421648,-1.1341915281421648,0
cobyla,sea,591,592.0,-1.134192374957093,-1.134192374957093,0
cobyla,sea,592,593.0,-1.1342018754757426,-1.1342018754757426,0
cobyla,sea,593,594.0,-1.1342095313238296,-1.1342095313238296,0
cobyla,sea,594,595.0,-1.1342095313238296,-1.1342095313238296,0
cobyla,sea,595,596.0,-1.1342095313238296,-1.1342095313238296,0
cobyla,sea,596,597.0,-1.1342095313238296,-1.1342095313238296,0
cobyla,sea,597,598.0,-1.1342174975621668,-1.1342174975621668,0
cobyla,sea,598,599.0,-1.1342174975621668,-1.1342174975621668,0
cobyla,sea,599,600.0,-1.1342174975621668,-1.1342174975621668,0
cobyla,sea,600,601.0,-1.1342174975621668,-1.1342174975621668,0
cobyla,sea,601,602.0,-1.1342174975621668,-1.1342174975621668,0
cobyla,sea,602,603.0,-1.1342174975621668,-1.1342174975621668,0
cobyla,sea,603,604.0,-1.1342174975621668,-1.1342174975621668,0
cobyla,sea,604,605.0,-1.1342174975621668,-1.1342174975621668,0
cobyla,sea,605,606.0,-1.1342174975621668,-1.1342174975621668,0
cobyla,sea,606,607.0,-1.1342174975621668,-1.1342174975621668,0
cobyla,sea,607,608.0,-1.1342174975621668,-1.1342174975621668,0
cobyla,sea,608,609.0,-1.1342174975621668,-1.1342174975621668,0
cobyla,sea,609,610.0,-1.1342174975621668,-1.1342174975621668,0
cobyla,sea,610,611.0,-1.1342174975621668,-1.1342174975621668,0
cobyla,sea,611,612.0,-1.1342174975621668,-1.1342174975621668,0
cobyla,sea,612,613.0,-1.1342667119974796,-1.1342667119974796,0
cobyla,sea,613,614.0,-1.1342777704549551,-1.1342777704549551,0
cobyla,sea,614,615.0,-1.1342804839542506,-1.1342804839542506,0
cobyla,sea,615,616.0,-1.1342821265838556,-1.1342821265838556,0
cobyla,sea,616,617.0,-1.1342821265838556,-1.1342821265838556,0
cobyla,sea,617,618.0,-1.1342861648806983,-1.1342861648806983,0
cobyla,sea,618,619.0,-1.1342861648806983,-1.1342861648806983,0
cobyla,sea,619,620.0,-1.1342861648806983,-1.1342861648806983,0
cobyla,sea,620,621.0,-1.1342861648806983,-1.1342861648806983,0
cobyla,sea,621,622.0,-1.134287387057616,-1.134287387057616,0
cobyla,sea,622,623.0,-1.1342934646786331,-1.1342934646786331,0
cobyla,sea,623,624.0,-1.1342934646786331,-1.1342934646786331,0
cobyla,sea,624,625.0,-1.1342934646786331,-1.1342934646786331,0
cobyla,sea,625,626.0,-1.1342934646786331,-1.1342934646786331,0
cobyla,sea,626,627.0,-1.1342934646786331,-1.1342934646786331,0
cobyla,sea,627,628.0,-1.134302740536327,-1.134302740536327,0
cobyla,sea,628,629.0,-1.134302740536327,-1.134302740536327,0
cobyla,sea,629,630.0,-1.1343601131186827,-1.1343601131186827,0
cobyla,sea,630,631.0,-1.1343606036574743,-1.1343606036574743,0
cobyla,sea,631,632.0,-1.1343606036574743,-1.1343606036574743,0
cobyla,sea,632,633.0,-1.134397057412185,-1.134397057412185,0
cobyla,sea,633,634.0,-1.1344001258119725,-1.1344001258119725,0
cobyla,sea,634,635.0,-1.1344001258119725,-1.1344001258119725,0
cobyla,sea,635,636.0,-1.1344001258119725,-1.1344001258119725,0
cobyla,sea,636,637.0,-1.1344001258119725,-1.1344001258119725,0
cobyla,sea,637,638.0,-1.1344001258119725,-1.1344001258119725,0
cobyla,sea,638,639.0,-1.1344001258119725,-1.1344001258119725,0
cobyla,sea,639,640.0,-1.134400935227534,-1.134400935227534,0
cobyla,sea,640,641.0,-1.134400935227534,-1.134400935227534,0
cobyla,sea,641,642.0,-1.134400935227534,-1.134400935227534,0
cobyla,sea,642,643.0,-1.134400935227534,-1.134400935227534,0
cobyla,sea,643,644.0,-1.134400935227534,-1.134400935227534,0
cobyla,sea,644,645.0,-1.134400935227534,-1.134400935227534,0
cobyla,sea,645,646.0,-1.1344144739994395,-1.1344144739994395,0
cobyla,sea,646,647.0,-1.1344598275764548,-1.1344598275764548,0
cobyla,sea,647,648.0,-1.1344811346396582,-1.1344811346396582,0
cobyla,sea,648,649.0,-1.1344865271068334,-1.1344865271068334,0
cobyla,sea,649,650.0,-1.1344865271068334,-1.1344865271068334,0
cobyla,sea,650,651.0,-1.134491710576978,-1.134491710576978,0
cobyla,sea,651,652.0,-1.134491710576978,-1.134491710576978,0
cobyla,sea,652,653.0,-1.1344975227448257,-1.1344975227448257,0
cobyla,sea,653,654.0,-1.1344975227448257,-1.1344975227448257,0
cobyla,sea,654,655.0,-1.134501338108322,-1.134501338108322,0
cobyla,sea,655,656.0,-1.134501338108322,-1.134501338108322,0
cobyla,sea,656,657.0,-1.134501338108322,-1.134501338108322,0
cobyla,sea,657,658.0,-1.134501338108322,-1.134501338108322,0
cobyla,sea,658,659.0,-1.134501338108322,-1.134501338108322,0
cobyla,sea,659,660.0,-1.134501338108322,-1.134501338108322,0
cobyla,sea,660,661.0,-1.134501338108322,-1.134501338108322,0
cobyla,sea,661,662.0,-1.134501338108322,-1.134501338108322,0
cobyla,sea,662,663.0,-1.1345019421717915,-1.1345019421717915,0
cobyla,sea,663,664.0,-1.1345019421717915,-1.1345019421717915,0
cobyla,sea,664,665.0,-1.1345019421717915,-1.1345019421717915,0
cobyla,sea,665,666.0,-1.1345367064912637,-1.1345367064912637,0
cobyla,sea,666,667.0,-1.1345409536315796,-1.1345409536315796,0
cobyla,sea,667,668.0,-1.1345409536315796,-1.1345409536315796,0
cobyla,sea,668,669.0,-1.1345409536315796,-1.1345409536315796,0
cobyla,sea,669,670.0,-1.1345481207549661,-1.1345481207549661,0
cobyla,sea,670,671.0,-1.1345583451974997,-1.1345583451974997,0
cobyla,sea,671,672.0,-1.1345583451974997,-1.1345583451974997,0
cobyla,sea,672,673.0,-1.1345694574847855,-1.1345694574847855,0
cobyla,sea,673,674.0,-1.1345694574847855,-1.1345694574847855,0
cobyla,sea,674,675.0,-1.1345694574847855,-1.1345694574847855,0
cobyla,sea,675,676.0,-1.1345694574847855,-1.1345694574847855,0
cobyla,sea,676,677.0,-1.1345694574847855,-1.1345694574847855,0
cobyla,sea,677,678.0,-1.1345694574847855,-1.1345694574847855,0
cobyla,sea,678,679.0,-1.1345694574847855,-1.1345694574847855,0
cobyla,sea,679,680.0,-1.1345694574847855,-1.1345694574847855,0
cobyla,sea,680,681.0,-1.134611989165581,-1.134611989165581,0
cobyla,sea,681,682.0,-1.134611989165581,-1.134611989165581,0
cobyla,sea,682,683.0,-1.134611989165581,-1.134611989165581,0
cobyla,sea,683,684.0,-1.1346366005834545,-1.1346366005834545,0
cobyla,sea,684,685.0,-1.1346366005834545,-1.1346366005834545,0
cobyla,sea,685,686.0,-1.1346366005834545,-1.1346366005834545,0
cobyla,sea,686,687.0,-1.1346366005834545,-1.1346366005834545,0
cobyla,sea,687,688.0,-1.1346645953835637,-1.1346645953835637,0
cobyla,sea,688,689.0,-1.1346645953835637,-1.1346645953835637,0
cobyla,sea,689,690.0,-1.134669270712762,-1.134669270712762,0
cobyla,sea,690,691.0,-1.134669270712762,-1.134669270712762,0
cobyla,sea,691,692.0,-1.134669270712762,-1.134669270712762,0
cobyla,sea,692,693.0,-1.1346749194084165,-1.1346749194084165,0
cobyla,sea,693,694.0,-1.1346749194084165,-1.1346749194084165,0
cobyla,sea,694,695.0,-1.1346749194084165,-1.1346749194084165,0
cobyla,sea,695,696.0,-1.134677613962335,-1.134677613962335,0
cobyla,sea,696,697.0,-1.134677613962335,-1.134677613962335,0
cobyla,sea,697,698.0,-1.134677613962335,-1.134677613962335,0
cobyla,sea,698,699.0,-1.1346803270539167,-1.1346803270539167,0
cobyla,sea,699,700.0,-1.1346803270539167,-1.1346803270539167,0
cobyla,sea,700,701.0,-1.1346839743694679,-1.1346839743694679,0
cobyla,sea,701,702.0,-1.1347061093172208,-1.1347061093172208,0
cobyla,sea,702,703.0,-1.1347135023764356,-1.1347135023764356,0
cobyla,sea,703,704.0,-1.1347135023764356,-1.1347135023764356,0
cobyla,sea,704,705.0,-1.1347152855308227,-1.1347152855308227,0
cobyla,sea,705,706.0,-1.1347152855308227,-1.1347152855308227,0
cobyla,sea,706,707.0,-1.1347254865542369,-1.1347254865542369,0
cobyla,sea,707,708.0,-1.1347254865542369,-1.1347254865542369,0
cobyla,sea,708,709.0,-1.1347254865542369,-1.1347254865542369,0
cobyla,sea,709,710.0,-1.1347254865542369,-1.1347254865542369,0
cobyla,sea,710,711.0,-1.1347254865542369,-1.1347254865542369,0
cobyla,sea,711,712.0,-1.1347254865542369,-1.1347254865542369,0
cobyla,sea,712,713.0,-1.1347254865542369,-1.1347254865542369,0
cobyla,sea,713,714.0,-1.1347254865542369,-1.1347254865542369,0
cobyla,sea,714,715.0,-1.134792163208324,-1.134792163208324,0
cobyla,sea,715,716.0,-1.134792163208324,-1.134792163208324,0
cobyla,sea,716,717.0,-1.134792163208324,-1.134792163208324,0
cobyla,sea,717,718.0,-1.134792163208324,-1.134792163208324,0
cobyla,sea,718,719.0,-1.134792163208324,-1.134792163208324,0
cobyla,sea,719,720.0,-1.134792163208324,-1.134792163208324,0
cobyla,sea,720,721.0,-1.1347960831326303,-1.1347960831326303,0
cobyla,sea,721,722.0,-1.1347965613183721,-1.1347965613183721,0
cobyla,sea,722,723.0,-1.1347965613183721,-1.1347965613183721,0
cobyla,sea,723,724.0,-1.1348171274799879,-1.1348171274799879,0
cobyla,sea,724,725.0,-1.1348171274799879,-1.1348171274799879,0
cobyla,sea,725,726.0,-1.1348223464443083,-1.1348223464443083,0
cobyla,sea,726,727.0,-1.1348223464443083,-1.1348223464443083,0
cobyla,sea,727,728.0,-1.1348223464443083,-1.1348223464443083,0
cobyla,sea,728,729.0,-1.1348248897561024,-1.1348248897561024,0
cobyla,sea,729,730.0,-1.1348537986371374,-1.1348537986371374,0
cobyla,sea,730,731.0,-1.1348607221288478,-1.1348607221288478,0
cobyla,sea,731,732.0,-1.1348607221288478,-1.1348607221288478,0
cobyla,sea,732,733.0,-1.1348607221288478,-1.1348607221288478,0
cobyla,sea,733,734.0,-1.1348607221288478,-1.1348607221288478,0
cobyla,sea,734,735.0,-1.1348607221288478,-1.1348607221288478,0
cobyla,sea,735,736.0,-1.1348607221288478,-1.1348607221288478,0
cobyla,sea,736,737.0,-1.1348607221288478,-1.1348607221288478,0
cobyla,sea,737,738.0,-1.1348617704429562,-1.1348617704429562,0
cobyla,sea,738,739.0,-1.1348678180092577,-1.1348678180092577,0
cobyla,sea,739,740.0,-1.1348678180092577,-1.1348678180092577,0
cobyla,sea,740,741.0,-1.134897167485913,-1.134897167485913,0
cobyla,sea,741,742.0,-1.134897167485913,-1.134897167485913,0
cobyla,sea,742,743.0,-1.134897167485913,-1.134897167485913,0
cobyla,sea,743,744.0,-1.134897167485913,-1.134897167485913,0
cobyla,sea,744,745.0,-1.1349179896301966,-1.1349179896301966,0
cobyla,sea,745,746.0,-1.1349179896301966,-1.1349179896301966,0
cobyla,sea,746,747.0,-1.1349179896301966,-1.1349179896301966,0
cobyla,sea,747,748.0,-1.1349179896301966,-1.1349179896301966,0
cobyla,sea,748,749.0,-1.1349357621613316,-1.1349357621613316,0
cobyla,sea,749,750.0,-1.1349357621613316,-1.1349357621613316,0
cobyla,sea,750,751.0,-1.1349357621613316,-1.1349357621613316,0
cobyla,sea,751,752.0,-1.1349379819385383,-1.1349379819385383,0
cobyla,sea,752,753.0,-1.1349379819385383,-1.1349379819385383,0
cobyla,sea,753,754.0,-1.1349481409086695,-1.1349481409086695,0
cobyla,sea,754,755.0,-1.1349481409086695,-1.1349481409086695,0
cobyla,sea,755,756.0,-1.1349481409086695,-1.1349481409086695,0
cobyla,sea,756,757.0,-1.1349871693775495,-1.1349871693775495,0
cobyla,sea,757,758.0,-1.1349871693775495,-1.1349871693775495,0
cobyla,sea,758,759.0,-1.1349886903396154,-1.1349886903396154,0
cobyla,sea,759,760.0,-1.1349886903396154,-1.1349886903396154,0
cobyla,sea,760,761.0,-1.1349886903396154,-1.1349886903396154,0
cobyla,sea,761,762.0,-1.1349886903396154,-1.1349886903396154,0
cobyla,sea,762,763.0,-1.1349977125100417,-1.1349977125100417,0
cobyla,sea,763,764.0,-1.1350021558952357,-1.1350021558952357,0
cobyla,sea,764,765.0,-1.1350053086139928,-1.1350053086139928,0
cobyla,sea,765,766.0,-1.135015120012363,-1.135015120012363,0
cobyla,sea,766,767.0,-1.135015120012363,-1.135015120012363,0
cobyla,sea,767,768.0,-1.135015120012363,-1.135015120012363,0
cobyla,sea,768,769.0,-1.1350189853696568,-1.1350189853696568,0
cobyla,sea,769,770.0,-1.1350189853696568,-1.1350189853696568,0
cobyla,sea,770,771.0,-1.1350340279057813,-1.1350340279057813,0
cobyla,sea,771,772.0,-1.1350340279057813,-1.1350340279057813,0
cobyla,sea,772,773.0,-1.1350366014724584,-1.1350366014724584,0
cobyla,sea,773,774.0,-1.1350366014724584,-1.1350366014724584,0
cobyla,sea,774,775.0,-1.135044296345375,-1.135044296345375,0
cobyla,sea,775,776.0,-1.135051235220122,-1.135051235220122,0
cobyla,sea,776,777.0,-1.135051235220122,-1.135051235220122,0
cobyla,sea,777,778.0,-1.135051235220122,-1.135051235220122,0
cobyla,sea,778,779.0,-1.135051235220122,-1.135051235220122,0
cobyla,sea,779,780.0,-1.135051235220122,-1.135051235220122,0
cobyla,sea,780,781.0,-1.135051235220122,-1.135051235220122,0
cobyla,sea,781,782.0,-1.135051235220122,-1.135051235220122,0
cobyla,sea,782,783.0,-1.135051235220122,-1.135051235220122,0
cobyla,sea,783,784.0,-1.135051235220122,-1.135051235220122,0
cobyla,sea,784,785.0,-1.135051235220122,-1.135051235220122,0
cobyla,sea,785,786.0,-1.135051235220122,-1.135051235220122,0
cobyla,sea,786,787.0,-1.135051235220122,-1.135051235220122,0
cobyla,sea,787,788.0,-1.1350880519245712,-1.1350880519245712,0
cobyla,sea,788,789.0,-1.1350880519245712,-1.1350880519245712,0
cobyla,sea,789,790.0,-1.1350959681852955,-1.1350959681852955,0
cobyla,sea,790,791.0,-1.135111692352751,-1.135111692352751,0
cobyla,sea,791,792.0,-1.1351161279864848,-1.1351161279864848,0
cobyla,sea,792,793.0,-1.1351161279864848,-1.1351161279864848,0
cobyla,sea,793,794.0,-1.135119253892838,-1.135119253892838,0
cobyla,sea,794,795.0,-1.135119253892838,-1.135119253892838,0
cobyla,sea,795,796.0,-1.135119253892838,-1.135119253892838,0
cobyla,sea,796,797.0,-1.1351407337439645,-1.1351407337439645,0
cobyla,sea,797,798.0,-1.1351407337439645,-1.1351407337439645,0
cobyla,sea,798,799.0,-1.1351407337439645,-1.1351407337439645,0
cobyla,sea,799,800.0,-1.1351407337439645,-1.1351407337439645,0
cobyla,sea,800,801.0,-1.1351407337439645,-1.1351407337439645,0
cobyla,sea,801,802.0,-1.1351407337439645,-1.1351407337439645,0
cobyla,sea,802,803.0,-1.1351407337439645,-1.1351407337439645,0
cobyla,sea,803,804.0,-1.1351407337439645,-1.1351407337439645,0
cobyla,sea,804,805.0,-1.1351544825192905,-1.1351544825192905,0
cobyla,sea,805,806.0,-1.1351544825192905,-1.1351544825192905,0
cobyla,sea,806,807.0,-1.1351544825192905,-1.1351544825192905,0
cobyla,sea,807,808.0,-1.1351544825192905,-1.1351544825192905,0
cobyla,sea,808,809.0,-1.135178688134183,-1.135178688134183,0
cobyla,sea,809,810.0,-1.1351838794195668,-1.1351838794195668,0
cobyla,sea,810,811.0,-1.1352021527433256,-1.1352021527433256,0
cobyla,sea,811,812.0,-1.1352085571905741,-1.1352085571905741,0
cobyla,sea,812,813.0,-1.1352085571905741,-1.1352085571905741,0
cobyla,sea,813,814.0,-1.1352085571905741,-1.1352085571905741,0
cobyla,sea,814,815.0,-1.1352124492787343,-1.1352124492787343,0
cobyla,sea,815,816.0,-1.1352124799296857,-1.1352124799296857,0
cobyla,sea,816,817.0,-1.1352124799296857,-1.1352124799296857,0
cobyla,sea,817,818.0,-1.1352169444696794,-1.1352169444696794,0
cobyla,sea,818,819.0,-1.135230995431171,-1.135230995431171,0
cobyla,sea,819,820.0,-1.135230995431171,-1.135230995431171,0
cobyla,sea,820,821.0,-1.1352452668903696,-1.1352452668903696,0
cobyla,sea,821,822.0,-1.1352452668903696,-1.1352452668903696,0
cobyla,sea,822,823.0,-1.1352452668903696,-1.1352452668903696,0
cobyla,sea,823,824.0,-1.1352452668903696,-1.1352452668903696,0
cobyla,sea,824,825.0,-1.1352452668903696,-1.1352452668903696,0
cobyla,sea,825,826.0,-1.1352452668903696,-1.1352452668903696,0
cobyla,sea,826,827.0,-1.1352567015032766,-1.1352567015032766,0
cobyla,sea,827,828.0,-1.1352651440236197,-1.1352651440236197,0
cobyla,sea,828,829.0,-1.1352739503153697,-1.1352739503153697,0
cobyla,sea,829,830.0,-1.1352739503153697,-1.1352739503153697,0
cobyla,sea,830,831.0,-1.1352739503153697,-1.1352739503153697,0
cobyla,sea,831,832.0,-1.1352784548441053,-1.1352784548441053,0
cobyla,sea,832,833.0,-1.1352784548441053,-1.1352784548441053,0
cobyla,sea,833,834.0,-1.1352815939791179,-1.1352815939791179,0
cobyla,sea,834,835.0,-1.1352815939791179,-1.1352815939791179,0
cobyla,sea,835,836.0,-1.1352851531944046,-1.1352851531944046,0
cobyla,sea,836,837.0,-1.1353027527545938,-1.1353027527545938,0
cobyla,sea,837,838.0,-1.135307774766088,-1.135307774766088,0
cobyla,sea,838,839.0,-1.135307774766088,-1.135307774766088,0
cobyla,sea,839,840.0,-1.1353212099416565,-1.1353212099416565,0
cobyla,sea,840,841.0,-1.1353212099416565,-1.1353212099416565,0
cobyla,sea,841,842.0,-1.1353212099416565,-1.1353212099416565,0
cobyla,sea,842,843.0,-1.1353212099416565,-1.1353212099416565,0
cobyla,sea,843,844.0,-1.1353272651877846,-1.1353272651877846,0
cobyla,sea,844,845.0,-1.1353272651877846,-1.1353272651877846,0
cobyla,sea,845,846.0,-1.1353291981507996,-1.1353291981507996,0
cobyla,sea,846,847.0,-1.1353499653750119,-1.1353499653750119,0
cobyla,sea,847,848.0,-1.1353499653750119,-1.1353499653750119,0
cobyla,sea,848,849.0,-1.1353501634832106,-1.1353501634832106,0
cobyla,sea,849,850.0,-1.1353543208416472,-1.1353543208416472,0
cobyla,sea,850,851.0,-1.1353610631987872,-1.1353610631987872,0
cobyla,sea,851,852.0,-1.1353610631987872,-1.1353610631987872,0
cobyla,sea,852,853.0,-1.1353610631987872,-1.1353610631987872,0
cobyla,sea,853,854.0,-1.1353610631987872,-1.1353610631987872,0
cobyla,sea,854,855.0,-1.1353610631987872,-1.1353610631987872,0
cobyla,sea,855,856.0,-1.1353610631987872,-1.1353610631987872,0
cobyla,sea,856,857.0,-1.1353610631987872,-1.1353610631987872,0
cobyla,sea,857,858.0,-1.1353610631987872,-1.1353610631987872,0
cobyla,sea,858,859.0,-1.1353610631987872,-1.1353610631987872,0
cobyla,sea,859,860.0,-1.135399255171148,-1.135399255171148,0
cobyla,sea,860,861.0,-1.135399255171148,-1.135399255171148,0
cobyla,sea,861,862.0,-1.135399255171148,-1.135399255171148,0
cobyla,sea,862,863.0,-1.1354011880345765,-1.1354011880345765,0
cobyla,sea,863,864.0,-1.1354169962326368,-1.1354169962326368,0
cobyla,sea,864,865.0,-1.1354331841449878,-1.1354331841449878,0
cobyla,sea,865,866.0,-1.1354331841449878,-1.1354331841449878,0
cobyla,sea,866,867.0,-1.1354478038789997,-1.1354478038789997,0
cobyla,sea,867,868.0,-1.1354560441164299,-1.1354560441164299,0
cobyla,sea,868,869.0,-1.1354560441164299,-1.1354560441164299,0
cobyla,sea,869,870.0,-1.1354560441164299,-1.1354560441164299,0
cobyla,sea,870,871.0,-1.1354560441164299,-1.1354560441164299,0
cobyla,sea,871,872.0,-1.1354560441164299,-1.1354560441164299,0
cobyla,sea,872,873.0,-1.1354560441164299,-1.1354560441164299,0
cobyla,sea,873,874.0,-1.1354560441164299,-1.1354560441164299,0
cobyla,sea,874,875.0,-1.1354560441164299,-1.1354560441164299,0
cobyla,sea,875,876.0,-1.1354560441164299,-1.1354560441164299,0
cobyla,sea,876,877.0,-1.1354680757921503,-1.1354680757921503,0
cobyla,sea,877,878.0,-1.135487776157516,-1.135487776157516,0
cobyla,sea,878,879.0,-1.135496722989272,-1.135496722989272,0
cobyla,sea,879,880.0,-1.135496722989272,-1.135496722989272,0
cobyla,sea,880,881.0,-1.135496722989272,-1.135496722989272,0
cobyla,sea,881,882.0,-1.135496722989272,-1.135496722989272,0
cobyla,sea,882,883.0,-1.135496722989272,-1.135496722989272,0
cobyla,sea,883,884.0,-1.1354991440819333,-1.1354991440819333,0
cobyla,sea,884,885.0,-1.135504668190487,-1.135504668190487,0
cobyla,sea,885,886.0,-1.135504668190487,-1.135504668190487,0
cobyla,sea,886,887.0,-1.135504668190487,-1.135504668190487,0
cobyla,sea,887,888.0,-1.135504668190487,-1.135504668190487,0
cobyla,sea,888,889.0,-1.135504668190487,-1.135504668190487,0
cobyla,sea,889,890.0,-1.135504668190487,-1.135504668190487,0
cobyla,sea,890,891.0,-1.135504668190487,-1.135504668190487,0
cobyla,sea,891,892.0,-1.135504668190487,-1.135504668190487,0
cobyla,sea,892,893.0,-1.135504668190487,-1.135504668190487,0
cobyla,sea,893,894.0,-1.135512527643576,-1.135512527643576,0
cobyla,sea,894,895.0,-1.135512527643576,-1.135512527643576,0
cobyla,sea,895,896.0,-1.135512527643576,-1.135512527643576,0
cobyla,sea,896,897.0,-1.135512527643576,-1.135512527643576,0
cobyla,sea,897,898.0,-1.135512527643576,-1.135512527643576,0
cobyla,sea,898,899.0,-1.1355432616021794,-1.1355432616021794,0
cobyla,sea,899,900.0,-1.1355432616021794,-1.1355432616021794,0
cobyla,sea,900,901.0,-1.1355432616021794,-1.1355432616021794,0
cobyla,sea,901,902.0,-1.1355449173428915,-1.1355449173428915,0
cobyla,sea,902,903.0,-1.1355449173428915,-1.1355449173428915,0
cobyla,sea,903,904.0,-1.1355449173428915,-1.1355449173428915,0
cobyla,sea,904,905.0,-1.1355449173428915,-1.1355449173428915,0
cobyla,sea,905,906.0,-1.1355449173428915,-1.1355449173428915,0
cobyla,sea,906,907.0,-1.1355449173428915,-1.1355449173428915,0
cobyla,sea,907,908.0,-1.1355449173428915,-1.1355449173428915,0
cobyla,sea,908,909.0,-1.1355449173428915,-1.1355449173428915,0
cobyla,sea,909,910.0,-1.1355611439689823,-1.1355611439689823,0
cobyla,sea,910,911.0,-1.1355611439689823,-1.1355611439689823,0
cobyla,sea,911,912.0,-1.1355611439689823,-1.1355611439689823,0
cobyla,sea,912,913.0,-1.1355611439689823,-1.1355611439689823,0
cobyla,sea,913,914.0,-1.1355611439689823,-1.1355611439689823,0
cobyla,sea,914,915.0,-1.135589803597193,-1.135589803597193,0
cobyla,sea,915,916.0,-1.135589803597193,-1.135589803597193,0
cobyla,sea,916,917.0,-1.135616932927284,-1.135616932927284,0
cobyla,sea,917,918.0,-1.135616932927284,-1.135616932927284,0
cobyla,sea,918,919.0,-1.135616932927284,-1.135616932927284,0
cobyla,sea,919,920.0,-1.1356255216783473,-1.1356255216783473,0
cobyla,sea,920,921.0,-1.1356255216783473,-1.1356255216783473,0
cobyla,sea,921,922.0,-1.1356283948592885,-1.1356283948592885,0
cobyla,sea,922,923.0,-1.1356447880868148,-1.1356447880868148,0
cobyla,sea,923,924.0,-1.1356451866892372,-1.1356451866892372,0
cobyla,sea,924,925.0,-1.1356451866892372,-1.1356451866892372,0
cobyla,sea,925,926.0,-1.1356451866892372,-1.1356451866892372,0
cobyla,sea,926,927.0,-1.1356451866892372,-1.1356451866892372,0
cobyla,sea,927,928.0,-1.1356451866892372,-1.1356451866892372,0
cobyla,sea,928,929.0,-1.1356451866892372,-1.1356451866892372,0
cobyla,sea,929,930.0,-1.1356451866892372,-1.1356451866892372,0
cobyla,sea,930,931.0,-1.1356451866892372,-1.1356451866892372,0
cobyla,sea,931,932.0,-1.1356451866892372,-1.1356451866892372,0
cobyla,sea,932,933.0,-1.1356688438510312,-1.1356688438510312,0
cobyla,sea,933,934.0,-1.1356688438510312,-1.1356688438510312,0
cobyla,sea,934,935.0,-1.1356918301411063,-1.1356918301411063,0
cobyla,sea,935,936.0,-1.1356918301411063,-1.1356918301411063,0
cobyla,sea,936,937.0,-1.1356955072309705,-1.1356955072309705,0
cobyla,sea,937,938.0,-1.1356955072309705,-1.1356955072309705,0
cobyla,sea,938,939.0,-1.1356955072309705,-1.1356955072309705,0
cobyla,sea,939,940.0,-1.1357018325660138,-1.1357018325660138,0
cobyla,sea,940,941.0,-1.1357018325660138,-1.1357018325660138,0
cobyla,sea,941,942.0,-1.1357136449350789,-1.1357136449350789,0
cobyla,sea,942,943.0,-1.1357136449350789,-1.1357136449350789,0
cobyla,sea,943,944.0,-1.1357136449350789,-1.1357136449350789,0
cobyla,sea,944,945.0,-1.1357136449350789,-1.1357136449350789,0
cobyla,sea,945,946.0,-1.1357136449350789,-1.1357136449350789,0
cobyla,sea,946,947.0,-1.1357136449350789,-1.1357136449350789,0
cobyla,sea,947,948.0,-1.1357299120013267,-1.1357299120013267,0
cobyla,sea,948,949.0,-1.1357430813691902,-1.1357430813691902,0
cobyla,sea,949,950.0,-1.1357483006131808,-1.1357483006131808,0
cobyla,sea,950,951.0,-1.1357483006131808,-1.1357483006131808,0
cobyla,sea,951,952.0,-1.1357498789764986,-1.1357498789764986,0
cobyla,sea,952,953.0,-1.1357622619767984,-1.1357622619767984,0
cobyla,sea,953,954.0,-1.1357622619767984,-1.1357622619767984,0
cobyla,sea,954,955.0,-1.1357622619767984,-1.1357622619767984,0
cobyla,sea,955,956.0,-1.1357622619767984,-1.1357622619767984,0
cobyla,sea,956,957.0,-1.1357622619767984,-1.1357622619767984,0
cobyla,sea,957,958.0,-1.1357622619767984,-1.1357622619767984,0
cobyla,sea,958,959.0,-1.1357622619767984,-1.1357622619767984,0
cobyla,sea,959,960.0,-1.1357657505063616,-1.1357657505063616,0
cobyla,sea,960,961.0,-1.1357664037140638,-1.1357664037140638,0
cobyla,sea,961,962.0,-1.135769173882681,-1.135769173882681,0
cobyla,sea,962,963.0,-1.135769173882681,-1.135769173882681,0
cobyla,sea,963,964.0,-1.135769173882681,-1.135769173882681,0
cobyla,sea,964,965.0,-1.135769173882681,-1.135769173882681,0
cobyla,sea,965,966.0,-1.135769173882681,-1.135769173882681,0
cobyla,sea,966,967.0,-1.135769173882681,-1.135769173882681,0
cobyla,sea,967,968.0,-1.135769173882681,-1.135769173882681,0
cobyla,sea,968,969.0,-1.135780721104699,-1.135780721104699,0
cobyla,sea,969,970.0,-1.1358025688168747,-1.1358025688168747,0
cobyla,sea,970,971.0,-1.1358025688168747,-1.1358025688168747,0
cobyla,sea,971,972.0,-1.1358025688168747,-1.1358025688168747,0
cobyla,sea,972,973.0,-1.1358025688168747,-1.1358025688168747,0
cobyla,sea,973,974.0,-1.135803259584351,-1.135803259584351,0
cobyla,sea,974,975.0,-1.135803259584351,-1.135803259584351,0
cobyla,sea,975,976.0,-1.135803259584351,-1.135803259584351,0
cobyla,sea,976,977.0,-1.135803259584351,-1.135803259584351,0
cobyla,sea,977,978.0,-1.135803259584351,-1.135803259584351,0
cobyla,sea,978,979.0,-1.135803259584351,-1.135803259584351,0
cobyla,sea,979,980.0,-1.135803259584351,-1.135803259584351,0
cobyla,sea,980,981.0,-1.1358129812330404,-1.1358129812330404,0
cobyla,sea,981,982.0,-1.1358190892453885,-1.1358190892453885,0
cobyla,sea,982,983.0,-1.1358193290188279,-1.1358193290188279,0
cobyla,sea,983,984.0,-1.1358193290188279,-1.1358193290188279,0
cobyla,sea,984,985.0,-1.1358287649067547,-1.1358287649067547,0
cobyla,sea,985,986.0,-1.1358287649067547,-1.1358287649067547,0
cobyla,sea,986,987.0,-1.1358287649067547,-1.1358287649067547,0
cobyla,sea,987,988.0,-1.1358313689347275,-1.1358313689347275,0
cobyla,sea,988,989.0,-1.1358313689347275,-1.1358313689347275,0
cobyla,sea,989,990.0,-1.1358382779118323,-1.1358382779118323,0
cobyla,sea,990,991.0,-1.1358382779118323,-1.1358382779118323,0
cobyla,sea,991,992.0,-1.1358382779118323,-1.1358382779118323,0
cobyla,sea,992,993.0,-1.1358382779118323,-1.1358382779118323,0
cobyla,sea,993,994.0,-1.135841396988833,-1.135841396988833,0
cobyla,sea,994,995.0,-1.135841396988833,-1.135841396988833,0
cobyla,sea,995,996.0,-1.135841396988833,-1.135841396988833,0
cobyla,sea,996,997.0,-1.135841396988833,-1.135841396988833,0
cobyla,sea,997,998.0,-1.1358437106216317,-1.1358437106216317,0
cobyla,sea,998,999.0,-1.1358437106216317,-1.1358437106216317,0
cobyla,sea,999,1000.0,-1.1358437106216317,-1.1358437106216317,0
cobyla,pretrained,0,,0.0724400082339468,,0
cobyla,pretrained,1,,0.05357448909354408,,0
cobyla,pretrained,2,,0.05357448909354408,,0
cobyla,pretrained,3,,0.04220268575500329,,0
cobyla,pretrained,4,,0.04220268575500329,,0
cobyla,pretrained,5,,0.010018168353767842,,0
cobyla,pretrained,6,,5.413700417960035e-05,,0
cobyla,pretrained,7,,-0.08223317691055297,,0
cobyla,pretrained,8,,-0.1436832496931043,,0
cobyla,pretrained,9,,-0.1436832496931043,,0
cobyla,pretrained,10,,-0.1436832496931043,,0
cobyla,pretrained,11,,-0.22846288710753984,,0
cobyla,pretrained,12,,-0.22846288710753984,,0
cobyla,pretrained,13,,-0.22846288710753984,,0
cobyla,pretrained,14,,-0.22846288710753984,,0
cobyla,pretrained,15,,-0.2859700808952267,,0
cobyla,pretrained,16,,-0.2859700808952267,,0
cobyla,pretrained,17,,-0.32174845972150157,,0
cobyla,pretrained,18,,-0.32174845972150157,,0
cobyla,pretrained,19,,-0.32174845972150157,,0
cobyla,pretrained,20,,-0.32174845972150157,,0
cobyla,pretrained,21,,-0.32174845972150157,,0
cobyla,pretrained,22,,-0.32174845972150157,,0
cobyla,pretrained,23,,-0.32174845972150157,,0
cobyla,pretrained,24,,-0.32174845972150157,,0
cobyla,pretrained,25,,-0.32174845972150157,,0
cobyla,pretrained,26,,-0.32174845972150157,,0
cobyla,pretrained,27,,-0.32174845972150157,,0
cobyla,pretrained,28,,-0.32174845972150157,,0
cobyla,pretrained,29,,-0.32174845972150157,,0
cobyla,pretrained,30,,-0.32174845972150157,,0
cobyla,pretrained,31,,-0.32478597053807723,,0
cobyla,pretrained,32,,-0.32478597053807723,,0
cobyla,pretrained,33,,-0.32478597053807723,,0
cobyla,pretrained,34,,-0.32478597053807723,,0
cobyla,pretrained,35,,-0.32478597053807723,,0
cobyla,pretrained,36,,-0.32478597053807723,,0
cobyla,pretrained,37,,-0.32478597053807723,,0
cobyla,pretrained,38,,-0.3413699491644951,,0
cobyla,pretrained,39,,-0.3413699491644951,,0
cobyla,pretrained,40,,-0.3413699491644951,,0
cobyla,pretrained,41,,-0.3413699491644951,,0
cobyla,pretrained,42,,-0.3413699491644951,,0
cobyla,pretrained,43,,-0.3413699491644951,,0
cobyla,pretrained,44,,-0.3591477536376589,,0
cobyla,pretrained,45,,-0.3591477536376589,,0
cobyla,pretrained,46,,-0.3591477536376589,,0
cobyla,pretrained,47,,-0.3591477536376589,,0
cobyla,pretrained,48,,-0.359147753637659,,0
cobyla,pretrained,49,,-0.359147753637659,,0
cobyla,pretrained,50,,-0.359147753637659,,0
cobyla,pretrained,51,,-0.359147753637659,,0
cobyla,pretrained,52,,-0.359147753637659,,0
cobyla,pretrained,53,,-0.359147753637659,,0
cobyla,pretrained,54,,-0.359147753637659,,0
cobyla,pretrained,55,,-0.359147753637659,,0
cobyla,pretrained,56,,-0.359147753637659,,0
cobyla,pretrained,57,,-0.3781014672129831,,0
cobyla,pretrained,58,,-0.3781014672129831,,0
cobyla,pretrained,59,,-0.3781014672129831,,0
cobyla,pretrained,60,,-0.3920207967632466,,0
cobyla,pretrained,61,,-0.3920207967632466,,0
cobyla,pretrained,62,,-0.3969973358095078,,0
cobyla,pretrained,63,,-0.3969973358095078,,0
cobyla,pretrained,64,,-0.3972105072400623,,0
cobyla,pretrained,65,,-0.3972105072400623,,0
cobyla,pretrained,66,,-0.41857730530582776,,0
cobyla,pretrained,67,,-0.41857730530582776,,0
cobyla,pretrained,68,,-0.41857730530582776,,0
cobyla,pretrained,69,,-0.41857730530582776,,0
cobyla,pretrained,70,,-0.41857730530582776,,0
cobyla,pretrained,71,,-0.41857730530582776,,0
cobyla,pretrained,72,,-0.41857730530582776,,0
cobyla,pretrained,73,,-0.41857730530582776,,0
cobyla,pretrained,74,,-0.4243068922346119,,0
cobyla,pretrained,75,,-0.43877685559938007,,0
cobyla,pretrained,76,,-0.43877685559938007,,0
cobyla,pretrained,77,,-0.43877685559938007,,0
cobyla,pretrained,78,,-0.4507813612529394,,0
cobyla,pretrained,79,,-0.4507813612529394,,0
cobyla,pretrained,80,,-0.4507813612529394,,0
cobyla,pretrained,81,,-0.4898780387858079,,0
cobyla,pretrained,82,,-0.4898780387858079,,0
cobyla,pretrained,83,,-0.4898780387858079,,0
cobyla,pretrained,84,,-0.49210023678982096,,0
cobyla,pretrained,85,,-0.49210023678982096,,0
cobyla,pretrained,86,,-0.49210023678982096,,0
cobyla,pretrained,87,,-0.49210023678982096,,0
cobyla,pretrained,88,,-0.5122037187941894,,0
cobyla,pretrained,89,,-0.5122037187941894,,0
cobyla,pretrained,90,,-0.5122037187941894,,0
cobyla,pretrained,91,,-0.5122037187941894,,0
cobyla,pretrained,92,,-0.5122037187941894,,0
cobyla,pretrained,93,,-0.5122037187941894,,0
cobyla,pretrained,94,,-0.5122037187941894,,0
cobyla,pretrained,95,,-0.5122037187941894,,0
cobyla,pretrained,96,,-0.5122037187941894,,0
cobyla,pretrained,97,,-0.5122037187941894,,0
cobyla,pretrained,98,,-0.5122037187941894,,0
cobyla,pretrained,99,,-0.5122037187941894,,0
cobyla,pretrained,100,,-0.5122037187941894,,0
cobyla,pretrained,101,,-0.5122037187941894,,0
cobyla,pretrained,102,,-0.5122037187941897,,0
cobyla,pretrained,103,,-0.5122037187941897,,0
cobyla,pretrained,104,,-0.5122037187941897,,0
cobyla,pretrained,105,,-0.5122037187941897,,0
cobyla,pretrained,106,,-0.5122037187941897,,0
cobyla,pretrained,107,,-0.5122037187941897,,0
cobyla,pretrained,108,,-0.5122037187941897,,0
cobyla,pretrained,109,,-0.5122037187941897,,0
cobyla,pretrained,110,,-0.5177408803619499,,0
cobyla,pretrained,111,,-0.5177408803619499,,0
cobyla,pretrained,112,,-0.5177408803619499,,0
cobyla,pretrained,113,,-0.5177408803619499,,0
cobyla,pretrained,114,,-0.5453524558304639,,0
cobyla,pretrained,115,,-0.5453524558304639,,0
cobyla,pretrained,116,,-0.5453524558304639,,0
cobyla,pretrained,117,,-0.5453524558304639,,0
cobyla,pretrained,118,,-0.5453524558304639,,0
cobyla,pretrained,119,,-0.5453524558304639,,0
cobyla,pretrained,120,,-0.5453524558304639,,0
cobyla,pretrained,121,,-0.5453524558304639,,0
cobyla,pretrained,122,,-0.5453524558304639,,0
cobyla,pretrained,123,,-0.5453524558304639,,0
cobyla,pretrained,124,,-0.5453524558304639,,0
cobyla,pretrained,125,,-0.5453524558304639,,0
cobyla,pretrained,126,,-0.5453524558304639,,0
cobyla,pretrained,127,,-0.5453524558304639,,0
cobyla,pretrained,128,,-0.5748073187021218,,0
cobyla,pretrained,129,,-0.5748073187021218,,0
cobyla,pretrained,130,1.0,0.07051955203878771,0.07051955203878771,1
cobyla,pretrained,131,2.0,0.07051955203878771,0.07051955203878771,0
cobyla,pretrained,132,3.0,0.02802308337996537,0.02802308337996537,0
cobyla,pretrained,133,4.0,0.02802308337996537,0.02802308337996537,0
cobyla,pretrained,134,5.0,-0.029764871868276477,-0.029764871868276477,0
cobyla,pretrained,135,6.0,-0.029764871868276477,-0.029764871868276477,0
cobyla,pretrained,136,7.0,-0.029764871868276477,-0.029764871868276477,0
cobyla,pretrained,137,8.0,-0.12799016940031738,-0.12799016940031738,0
cobyla,pretrained,138,9.0,-0.13730875718720303,-0.13730875718720303,0
cobyla,pretrained,139,10.0,-0.13730875718720303,-0.13730875718720303,0
cobyla,pretrained,140,11.0,-0.15101786469313283,-0.15101786469313283,0
cobyla,pretrained,141,12.0,-0.16584531359571403,-0.16584531359571403,0
cobyla,pretrained,142,13.0,-0.3346999500218203,-0.3346999500218203,0
cobyla,pretrained,143,14.0,-0.3346999500218203,-0.3346999500218203,0
cobyla,pretrained,144,15.0,-0.3986559036839214,-0.3986559036839214,0
cobyla,pretrained,145,16.0,-0.3986559036839214,-0.3986559036839214,0
cobyla,pretrained,146,17.0,-0.3986559036839214,-0.3986559036839214,0
cobyla,pretrained,147,18.0,-0.450306395837301,-0.450306395837301,0
cobyla,pretrained,148,19.0,-0.450306395837301,-0.450306395837301,0
cobyla,pretrained,149,20.0,-0.4709087542865318,-0.4709087542865318,0
cobyla,pretrained,150,21.0,-0.4709087542865318,-0.4709087542865318,0
cobyla,pretrained,151,22.0,-0.4709087542865318,-0.4709087542865318,0
cobyla,pretrained,152,23.0,-0.4709087542865318,-0.4709087542865318,0
cobyla,pretrained,153,24.0,-0.4709087542865318,-0.4709087542865318,0
cobyla,pretrained,154,25.0,-0.4709087542865318,-0.4709087542865318,0
cobyla,pretrained,155,26.0,-0.572179384625561,-0.572179384625561,0
cobyla,pretrained,156,27.0,-0.572179384625561,-0.572179384625561,0
cobyla,pretrained,157,28.0,-0.572179384625561,-0.572179384625561,0
cobyla,pretrained,158,29.0,-0.572179384625561,-0.572179384625561,0
cobyla,pretrained,159,30.0,-0.572179384625561,-0.572179384625561,0
cobyla,pretrained,160,31.0,-0.572179384625561,-0.572179384625561,0
cobyla,pretrained,161,32.0,-0.572179384625561,-0.572179384625561,0
cobyla,pretrained,162,33.0,-0.572179384625561,-0.572179384625561,0
cobyla,pretrained,163,34.0,-0.572179384625561,-0.572179384625561,0
cobyla,pretrained,164,35.0,-0.572179384625561,-0.572179384625561,0
cobyla,pretrained,165,36.0,-0.572179384625561,-0.572179384625561,0
cobyla,pretrained,166,37.0,-0.572179384625561,-0.572179384625561,0
cobyla,pretrained,167,38.0,-0.572179384625561,-0.572179384625561,0
cobyla,pretrained,168,39.0,-0.572179384625561,-0.572179384625561,0
cobyla,pretrained,169,40.0,-0.572179384625561,-0.572179384625561,0
cobyla,pretrained,170,41.0,-0.572179384625561,-0.572179384625561,0
cobyla,pretrained,171,42.0,-0.5842871501425342,-0.5842871501425342,0
cobyla,pretrained,172,43.0,-0.5842871501425342,-0.5842871501425342,0
cobyla,pretrained,173,44.0,-0.5842871501425342,-0.5842871501425342,0
cobyla,pretrained,174,45.0,-0.6248263103475624,-0.6248263103475624,0
cobyla,pretrained,175,46.0,-0.6248263103475624,-0.6248263103475624,0
cobyla,pretrained,176,47.0,-0.6248263103475624,-0.6248263103475624,0
cobyla,pretrained,177,48.0,-0.6248263103475624,-0.6248263103475624,0
cobyla,pretrained,178,49.0,-0.6248263103475624,-0.6248263103475624,0
cobyla,pretrained,179,50.0,-0.6248263103475624,-0.6248263103475624,0
cobyla,pretrained,180,51.0,-0.6248263103475624,-0.6248263103475624,0
cobyla,pretrained,181,52.0,-0.6248263103475624,-0.6248263103475624,0
cobyla,pretrained,182,53.0,-0.6248263103475624,-0.6248263103475624,0
cobyla,pretrained,183,54.0,-0.746099129376577,-0.746099129376577,0
cobyla,pretrained,184,55.0,-0.7992456934741664,-0.7992456934741664,0
cobyla,pretrained,185,56.0,-0.7992456934741664,-0.7992456934741664,0
cobyla,pretrained,186,57.0,-0.8160475774907235,-0.8160475774907235,0
cobyla,pretrained,187,58.0,-0.8160475774907235,-0.8160475774907235,0
cobyla,pretrained,188,59.0,-0.838947860345588,-0.838947860345588,0
cobyla,pretrained,189,60.0,-0.838947860345588,-0.838947860345588,0
cobyla,pretrained,190,61.0,-0.838947860345588,-0.838947860345588,0
cobyla,pretrained,191,62.0,-0.838947860345588,-0.838947860345588,0
cobyla,pretrained,192,63.0,-0.838947860345588,-0.838947860345588,0
cobyla,pretrained,193,64.0,-0.838947860345588,-0.838947860345588,0
cobyla,pretrained,194,65.0,-0.8436794179326329,-0.8436794179326329,0
cobyla,pretrained,195,66.0,-0.8436794179326329,-0.8436794179326329,0
cobyla,pretrained,196,67.0,-0.8517434622468731,-0.8517434622468731,0
cobyla,pretrained,197,68.0,-0.8517434622468731,-0.8517434622468731,0
cobyla,pretrained,198,69.0,-0.8517434622468731,-0.8517434622468731,0
cobyla,pretrained,199,70.0,-0.8517434622468731,-0.8517434622468731,0
cobyla,pretrained,200,71.0,-0.8557460623988733,-0.8557460623988733,0
cobyla,pretrained,201,72.0,-0.8557460623988733,-0.8557460623988733,0
cobyla,pretrained,202,73.0,-0.8558761158261526,-0.8558761158261526,0
cobyla,pretrained,203,74.0,-0.8558761158261526,-0.8558761158261526,0
cobyla,pretrained,204,75.0,-0.8558761158261526,-0.8558761158261526,0
cobyla,pretrained,205,76.0,-0.8558761158261526,-0.8558761158261526,0
cobyla,pretrained,206,77.0,-0.8558761158261526,-0.8558761158261526,0
cobyla,pretrained,207,78.0,-0.8589345081576498,-0.8589345081576498,0
cobyla,pretrained,208,79.0,-0.8589345081576498,-0.8589345081576498,0
cobyla,pretrained,209,80.0,-0.8589345081576498,-0.8589345081576498,0
cobyla,pretrained,210,81.0,-0.8589345081576498,-0.8589345081576498,0
cobyla,pretrained,211,82.0,-0.8589345081576498,-0.8589345081576498,0
cobyla,pretrained,212,83.0,-0.8589345081576498,-0.8589345081576498,0
cobyla,pretrained,213,84.0,-0.8589345081576498,-0.8589345081576498,0
cobyla,pretrained,214,85.0,-0.8589345081576498,-0.8589345081576498,0
cobyla,pretrained,215,86.0,-0.8589345081576498,-0.8589345081576498,0
cobyla,pretrained,216,87.0,-0.8677317665924412,-0.8677317665924412,0
cobyla,pretrained,217,88.0,-0.8677317665924412,-0.8677317665924412,0
cobyla,pretrained,218,89.0,-0.8677317665924412,-0.8677317665924412,0
cobyla,pretrained,219,90.0,-0.8677317665924412,-0.8677317665924412,0
cobyla,pretrained,220,91.0,-0.8677317665924412,-0.8677317665924412,0
cobyla,pretrained,221,92.0,-0.8677317665924412,-0.8677317665924412,0
cobyla,pretrained,222,93.0,-0.8677317665924412,-0.8677317665924412,0
cobyla,pretrained,223,94.0,-0.8677317665924412,-0.8677317665924412,0
cobyla,pretrained,224,95.0,-0.8701270425640026,-0.8701270425640026,0
cobyla,pretrained,225,96.0,-0.8701270425640026,-0.8701270425640026,0
cobyla,pretrained,226,97.0,-0.8701270425640026,-0.8701270425640026,0
cobyla,pretrained,227,98.0,-0.8701270425640026,-0.8701270425640026,0
cobyla,pretrained,228,99.0,-0.8701270425640026,-0.8701270425640026,0
cobyla,pretrained,229,100.0,-0.8701270425640026,-0.8701270425640026,0
cobyla,pretrained,230,101.0,-0.8701270425640026,-0.8701270425640026,0
cobyla,pretrained,231,102.0,-0.8701270425640026,-0.8701270425640026,0
cobyla,pretrained,232,103.0,-0.8701270425640026,-0.8701270425640026,0
cobyla,pretrained,233,104.0,-0.8701270425640026,-0.8701270425640026,0
cobyla,pretrained,234,105.0,-0.8701270425640026,-0.8701270425640026,0
cobyla,pretrained,235,106.0,-0.8732832545909355,-0.8732832545909355,0
cobyla,pretrained,236,107.0,-0.8742363963812011,-0.8742363963812011,0
cobyla,pretrained,237,108.0,-0.8742363963812011,-0.8742363963812011,0
cobyla,pretrained,238,109.0,-0.8742363963812011,-0.8742363963812011,0
cobyla,pretrained,239,110.0,-0.8742363963812011,-0.8742363963812011,0
cobyla,pretrained,240,111.0,-0.8742363963812011,-0.8742363963812011,0
cobyla,pretrained,241,112.0,-0.8742363963812011,-0.8742363963812011,0
cobyla,pretrained,242,113.0,-0.8742363963812011,-0.8742363963812011,0
cobyla,pretrained,243,114.0,-0.8742363963812011,-0.8742363963812011,0
cobyla,pretrained,244,115.0,-0.9448448940539362,-0.9448448940539362,0
cobyla,pretrained,245,116.0,-0.9448448940539362,-0.9448448940539362,0
cobyla,pretrained,246,117.0,-0.9448448940539362,-0.9448448940539362,0
cobyla,pretrained,247,118.0,-0.9448448940539362,-0.9448448940539362,0
cobyla,pretrained,248,119.0,-0.9448448940539362,-0.9448448940539362,0
cobyla,pretrained,249,120.0,-0.9448448940539362,-0.9448448940539362,0
cobyla,pretrained,250,121.0,-0.9461527730497571,-0.9461527730497571,0
cobyla,pretrained,251,122.0,-0.9461527730497571,-0.9461527730497571,0
cobyla,pretrained,252,123.0,-0.9461527730497571,-0.9461527730497571,0
cobyla,pretrained,253,124.0,-0.959571435564255,-0.959571435564255,0
cobyla,pretrained,254,125.0,-0.959571435564255,-0.959571435564255,0
cobyla,pretrained,255,126.0,-0.959571435564255,-0.959571435564255,0
cobyla,pretrained,256,127.0,-0.959571435564255,-0.959571435564255,0
cobyla,pretrained,257,128.0,-0.959571435564255,-0.959571435564255,0
cobyla,pretrained,258,129.0,-0.959571435564255,-0.959571435564255,0
cobyla,pretrained,259,130.0,-0.959571435564255,-0.959571435564255,0
cobyla,pretrained,260,131.0,-0.959571435564255,-0.959571435564255,0
cobyla,pretrained,261,132.0,-0.9681754102048743,-0.9681754102048743,0
cobyla,pretrained,262,133.0,-0.9681754102048743,-0.9681754102048743,0
cobyla,pretrained,263,134.0,-0.9681754102048743,-0.9681754102048743,0
cobyla,pretrained,264,135.0,-0.9681754102048743,-0.9681754102048743,0
cobyla,pretrained,265,136.0,-0.9681754102048743,-0.9681754102048743,0
cobyla,pretrained,266,137.0,-0.9681754102048743,-0.9681754102048743,0
cobyla,pretrained,267,138.0,-0.9681754102048743,-0.9681754102048743,0
cobyla,pretrained,268,139.0,-0.9681754102048743,-0.9681754102048743,0
cobyla,pretrained,269,140.0,-0.9684214513993328,-0.9684214513993328,0
cobyla,pretrained,270,141.0,-0.9684214513993328,-0.9684214513993328,0
cobyla,pretrained,271,142.0,-0.9684214513993328,-0.9684214513993328,0
cobyla,pretrained,272,143.0,-0.971129886627873,-0.971129886627873,0
cobyla,pretrained,273,144.0,-0.971129886627873,-0.971129886627873,0
cobyla,pretrained,274,145.0,-0.971129886627873,-0.971129886627873,0
cobyla,pretrained,275,146.0,-0.971129886627873,-0.971129886627873,0
cobyla,pretrained,276,147.0,-0.971129886627873,-0.971129886627873,0
cobyla,pretrained,277,148.0,-0.971129886627873,-0.971129886627873,0
cobyla,pretrained,278,149.0,-0.971129886627873,-0.971129886627873,0
cobyla,pretrained,279,150.0,-0.971129886627873,-0.971129886627873,0
cobyla,pretrained,280,151.0,-0.971129886627873,-0.971129886627873,0
cobyla,pretrained,281,152.0,-0.971129886627873,-0.971129886627873,0
cobyla,pretrained,282,153.0,-0.971129886627873,-0.971129886627873,0
cobyla,pretrained,283,154.0,-0.971129886627873,-0.971129886627873,0
cobyla,pretrained,284,155.0,-0.9932782403606925,-0.9932782403606925,0
cobyla,pretrained,285,156.0,-0.9932782403606925,-0.9932782403606925,0
cobyla,pretrained,286,157.0,-1.0249241180617021,-1.0249241180617021,0
cobyla,pretrained,287,158.0,-1.0249241180617021,-1.0249241180617021,0
cobyla,pretrained,288,159.0,-1.0249241180617021,-1.0249241180617021,0
cobyla,pretrained,289,160.0,-1.0249241180617021,-1.0249241180617021,0
cobyla,pretrained,290,161.0,-1.0249241180617021,-1.0249241180617021,0
cobyla,pretrained,291,162.0,-1.0249241180617021,-1.0249241180617021,0
cobyla,pretrained,292,163.0,-1.0249241180617021,-1.0249241180617021,0
cobyla,pretrained,293,164.0,-1.0249241180617021,-1.0249241180617021,0
cobyla,pretrained,294,165.0,-1.0249241180617021,-1.0249241180617021,0
cobyla,pretrained,295,166.0,-1.0249241180617021,-1.0249241180617021,0
cobyla,pretrained,296,167.0,-1.0249241180617021,-1.0249241180617021,0
cobyla,pretrained,297,168.0,-1.0249241180617021,-1.0249241180617021,0
cobyla,pretrained,298,169.0,-1.0249241180617021,-1.0249241180617021,0
cobyla,pretrained,299,170.0,-1.0249241180617021,-1.0249241180617021,0
cobyla,pretrained,300,171.0,-1.0249241180617021,-1.0249241180617021,0
cobyla,pretrained,301,172.0,-1.0249241180617021,-1.0249241180617021,0
cobyla,pretrained,302,173.0,-1.0249241180617021,-1.0249241180617021,0
cobyla,pretrained,303,174.0,-1.0263959033595869,-1.0263959033595869,0
cobyla,pretrained,304,175.0,-1.0353454747179307,-1.0353454747179307,0
cobyla,pretrained,305,176.0,-1.0353454747179307,-1.0353454747179307,0
cobyla,pretrained,306,177.0,-1.0353454747179307,-1.0353454747179307,0
cobyla,pretrained,307,178.0,-1.0353454747179307,-1.0353454747179307,0
cobyla,pretrained,308,179.0,-1.0393863266800167,-1.0393863266800167,0
cobyla,pretrained,309,180.0,-1.0393863266800167,-1.0393863266800167,0
cobyla,pretrained,310,181.0,-1.0393863266800167,-1.0393863266800167,0
cobyla,pretrained,311,182.0,-1.0393863266800167,-1.0393863266800167,0
cobyla,pretrained,312,183.0,-1.0393863266800167,-1.0393863266800167,0
cobyla,pretrained,313,184.0,-1.0393863266800167,-1.0393863266800167,0
cobyla,pretrained,314,185.0,-1.0393863266800167,-1.0393863266800167,0
cobyla,pretrained,315,186.0,-1.0393863266800167,-1.0393863266800167,0
cobyla,pretrained,316,187.0,-1.0393863266800167,-1.0393863266800167,0
cobyla,pretrained,317,188.0,-1.040155983633645,-1.040155983633645,0
cobyla,pretrained,318,189.0,-1.040155983633645,-1.040155983633645,0
cobyla,pretrained,319,190.0,-1.040155983633645,-1.040155983633645,0
cobyla,pretrained,320,191.0,-1.040155983633645,-1.040155983633645,0
cobyla,pretrained,321,192.0,-1.040155983633645,-1.040155983633645,0
cobyla,pretrained,322,193.0,-1.040155983633645,-1.040155983633645,0
cobyla,pretrained,323,194.0,-1.040155983633645,-1.040155983633645,0
cobyla,pretrained,324,195.0,-1.040155983633645,-1.040155983633645,0
cobyla,pretrained,325,196.0,-1.040155983633645,-1.040155983633645,0
cobyla,pretrained,326,197.0,-1.040155983633645,-1.040155983633645,0
cobyla,pretrained,327,198.0,-1.040155983633645,-1.040155983633645,0
cobyla,pretrained,328,199.0,-1.040155983633645,-1.040155983633645,0
cobyla,pretrained,329,200.0,-1.0493471601025472,-1.0493471601025472,0
cobyla,pretrained,330,201.0,-1.0493471601025472,-1.0493471601025472,0
cobyla,pretrained,331,202.0,-1.0560409083045543,-1.0560409083045543,0
cobyla,pretrained,332,203.0,-1.0560409083045543,-1.0560409083045543,0
cobyla,pretrained,333,204.0,-1.0560409083045543,-1.0560409083045543,0
cobyla,pretrained,334,205.0,-1.0560409083045543,-1.0560409083045543,0
cobyla,pretrained,335,206.0,-1.0777533111089377,-1.0777533111089377,0
cobyla,pretrained,336,207.0,-1.0777533111089377,-1.0777533111089377,0
cobyla,pretrained,337,208.0,-1.0777533111089377,-1.0777533111089377,0
cobyla,pretrained,338,209.0,-1.0777533111089377,-1.0777533111089377,0
cobyla,pretrained,339,210.0,-1.0777533111089377,-1.0777533111089377,0
cobyla,pretrained,340,211.0,-1.0777533111089377,-1.0777533111089377,0
cobyla,pretrained,341,212.0,-1.0777533111089377,-1.0777533111089377,0
cobyla,pretrained,342,213.0,-1.0777533111089377,-1.0777533111089377,0
cobyla,pretrained,343,214.0,-1.0777533111089377,-1.0777533111089377,0
cobyla,pretrained,344,215.0,-1.0777533111089377,-1.0777533111089377,0
cobyla,pretrained,345,216.0,-1.0777533111089377,-1.0777533111089377,0
cobyla,pretrained,346,217.0,-1.0777533111089377,-1.0777533111089377,0
cobyla,pretrained,347,218.0,-1.0777533111089377,-1.0777533111089377,0
cobyla,pretrained,348,219.0,-1.0777533111089377,-1.0777533111089377,0
cobyla,pretrained,349,220.0,-1.0777533111089377,-1.0777533111089377,0
cobyla,pretrained,350,221.0,-1.0777533111089377,-1.0777533111089377,0
cobyla,pretrained,351,222.0,-1.078173990905426,-1.078173990905426,0
cobyla,pretrained,352,223.0,-1.078173990905426,-1.078173990905426,0
cobyla,pretrained,353,224.0,-1.078173990905426,-1.078173990905426,0
cobyla,pretrained,354,225.0,-1.078710538267233,-1.078710538267233,0
cobyla,pretrained,355,226.0,-1.078710538267233,-1.078710538267233,0
cobyla,pretrained,356,227.0,-1.079120129662931,-1.079120129662931,0
cobyla,pretrained,357,228.0,-1.079120129662931,-1.079120129662931,0
cobyla,pretrained,358,229.0,-1.079120129662931,-1.079120129662931,0
cobyla,pretrained,359,230.0,-1.079120129662931,-1.079120129662931,0
cobyla,pretrained,360,231.0,-1.079120129662931,-1.079120129662931,0
cobyla,pretrained,361,232.0,-1.0897010672023693,-1.0897010672023693,0
cobyla,pretrained,362,233.0,-1.0908394979789686,-1.0908394979789686,0
cobyla,pretrained,363,234.0,-1.0908394979789686,-1.0908394979789686,0
cobyla,pretrained,364,235.0,-1.0908394979789686,-1.0908394979789686,0
cobyla,pretrained,365,236.0,-1.0908394979789686,-1.0908394979789686,0
cobyla,pretrained,366,237.0,-1.0908394979789686,-1.0908394979789686,0
cobyla,pretrained,367,238.0,-1.0908394979789686,-1.0908394979789686,0
cobyla,pretrained,368,239.0,-1.0908394979789686,-1.0908394979789686,0
cobyla,pretrained,369,240.0,-1.0908394979789686,-1.0908394979789686,0
cobyla,pretrained,370,241.0,-1.0908394979789686,-1.0908394979789686,0
cobyla,pretrained,371,242.0,-1.0908394979789686,-1.0908394979789686,0
cobyla,pretrained,372,243.0,-1.092144108653909,-1.092144108653909,0
cobyla,pretrained,373,244.0,-1.0954654751796287,-1.0954654751796287,0
cobyla,pretrained,374,245.0,-1.0954654751796287,-1.0954654751796287,0
cobyla,pretrained,375,246.0,-1.0954654751796287,-1.0954654751796287,0
cobyla,pretrained,376,247.0,-1.0980355982710057,-1.0980355982710057,0
cobyla,pretrained,377,248.0,-1.0980355982710057,-1.0980355982710057,0
cobyla,pretrained,378,249.0,-1.0980355982710057,-1.0980355982710057,0
cobyla,pretrained,379,250.0,-1.0984722420554065,-1.0984722420554065,0
cobyla,pretrained,380,251.0,-1.0984722420554065,-1.0984722420554065,0
cobyla,pretrained,381,252.0,-1.0984722420554065,-1.0984722420554065,0
cobyla,pretrained,382,253.0,-1.0984722420554065,-1.0984722420554065,0
cobyla,pretrained,383,254.0,-1.0984722420554065,-1.0984722420554065,0
cobyla,pretrained,384,255.0,-1.0984722420554065,-1.0984722420554065,0
cobyla,pretrained,385,256.0,-1.0984722420554065,-1.0984722420554065,0
cobyla,pretrained,386,257.0,-1.0984722420554065,-1.0984722420554065,0
cobyla,pretrained,387,258.0,-1.0984722420554065,-1.0984722420554065,0
cobyla,pretrained,388,259.0,-1.0984722420554065,-1.0984722420554065,0
cobyla,pretrained,389,260.0,-1.0984722420554065,-1.0984722420554065,0
cobyla,pretrained,390,261.0,-1.0984722420554065,-1.0984722420554065,0
cobyla,pretrained,391,262.0,-1.0984722420554065,-1.0984722420554065,0
cobyla,pretrained,392,263.0,-1.0984722420554065,-1.0984722420554065,0
cobyla,pretrained,393,264.0,-1.0984722420554065,-1.0984722420554065,0
cobyla,pretrained,394,265.0,-1.1012457155250017,-1.1012457155250017,0
cobyla,pretrained,395,266.0,-1.104057943361013,-1.104057943361013,0
cobyla,pretrained,396,267.0,-1.104181364197526,-1.104181364197526,0
cobyla,pretrained,397,268.0,-1.104181364197526,-1.104181364197526,0
cobyla,pretrained,398,269.0,-1.104181364197526,-1.104181364197526,0
cobyla,pretrained,399,270.0,-1.104181364197526,-1.104181364197526,0
cobyla,pretrained,400,271.0,-1.104181364197526,-1.104181364197526,0
cobyla,pretrained,401,272.0,-1.104181364197526,-1.104181364197526,0
cobyla,pretrained,402,273.0,-1.104181364197526,-1.104181364197526,0
cobyla,pretrained,403,274.0,-1.104181364197526,-1.104181364197526,0
cobyla,pretrained,404,275.0,-1.104181364197526,-1.104181364197526,0
cobyla,pretrained,405,276.0,-1.104181364197526,-1.104181364197526,0
cobyla,pretrained,406,277.0,-1.1046911242338624,-1.1046911242338624,0
cobyla,pretrained,407,278.0,-1.1046911242338624,-1.1046911242338624,0
cobyla,pretrained,408,279.0,-1.1046911242338624,-1.1046911242338624,0
cobyla,pretrained,409,280.0,-1.1046911242338624,-1.1046911242338624,0
cobyla,pretrained,410,281.0,-1.1059278763418987,-1.1059278763418987,0
cobyla,pretrained,411,282.0,-1.1059278763418987,-1.1059278763418987,0
cobyla,pretrained,412,283.0,-1.1059278763418987,-1.1059278763418987,0
cobyla,pretrained,413,284.0,-1.1059278763418987,-1.1059278763418987,0
cobyla,pretrained,414,285.0,-1.1059278763418987,-1.1059278763418987,0
cobyla,pretrained,415,286.0,-1.1059278763418987,-1.1059278763418987,0
cobyla,pretrained,416,287.0,-1.1059278763418987,-1.1059278763418987,0
cobyla,pretrained,417,288.0,-1.1059278763418987,-1.1059278763418987,0
cobyla,pretrained,418,289.0,-1.1059278763418987,-1.1059278763418987,0
cobyla,pretrained,419,290.0,-1.1059278763418987,-1.1059278763418987,0
cobyla,pretrained,420,291.0,-1.1107240267779606,-1.1107240267779606,0
cobyla,pretrained,421,292.0,-1.1107240267779606,-1.1107240267779606,0
cobyla,pretrained,422,293.0,-1.1141021795515962,-1.1141021795515962,0
cobyla,pretrained,423,294.0,-1.1141021795515962,-1.1141021795515962,0
cobyla,pretrained,424,295.0,-1.1141021795515962,-1.1141021795515962,0
cobyla,pretrained,425,296.0,-1.1141021795515962,-1.1141021795515962,0
cobyla,pretrained,426,297.0,-1.1141021795515962,-1.1141021795515962,0
cobyla,pretrained,427,298.0,-1.1141021795515962,-1.1141021795515962,0
cobyla,pretrained,428,299.0,-1.1141021795515962,-1.1141021795515962,0
cobyla,pretrained,429,300.0,-1.1161086768753745,-1.1161086768753745,0
cobyla,pretrained,430,301.0,-1.1161086768753745,-1.1161086768753745,0
cobyla,pretrained,431,302.0,-1.1162817213872445,-1.1162817213872445,0
cobyla,pretrained,432,303.0,-1.1162817213872445,-1.1162817213872445,0
cobyla,pretrained,433,304.0,-1.1162817213872445,-1.1162817213872445,0
cobyla,pretrained,434,305.0,-1.1162817213872445,-1.1162817213872445,0
cobyla,pretrained,435,306.0,-1.1162817213872445,-1.1162817213872445,0
cobyla,pretrained,436,307.0,-1.1167260598546582,-1.1167260598546582,0
cobyla,pretrained,437,308.0,-1.1167260598546582,-1.1167260598546582,0
cobyla,pretrained,438,309.0,-1.1167260598546582,-1.1167260598546582,0
cobyla,pretrained,439,310.0,-1.1167260598546582,-1.1167260598546582,0
cobyla,pretrained,440,311.0,-1.1167260598546582,-1.1167260598546582,0
cobyla,pretrained,441,312.0,-1.1167260598546582,-1.1167260598546582,0
cobyla,pretrained,442,313.0,-1.120636565844261,-1.120636565844261,0
cobyla,pretrained,443,314.0,-1.120636565844261,-1.120636565844261,0
cobyla,pretrained,444,315.0,-1.120636565844261,-1.120636565844261,0
cobyla,pretrained,445,316.0,-1.120636565844261,-1.120636565844261,0
cobyla,pretrained,446,317.0,-1.120636565844261,-1.120636565844261,0
cobyla,pretrained,447,318.0,-1.1209688319109963,-1.1209688319109963,0
cobyla,pretrained,448,319.0,-1.1209688319109963,-1.1209688319109963,0
cobyla,pretrained,449,320.0,-1.1209688319109963,-1.1209688319109963,0
cobyla,pretrained,450,321.0,-1.1223268192586915,-1.1223268192586915,0
cobyla,pretrained,451,322.0,-1.1223268192586915,-1.1223268192586915,0
cobyla,pretrained,452,323.0,-1.1223268192586915,-1.1223268192586915,0
cobyla,pretrained,453,324.0,-1.122692050053648,-1.122692050053648,0
cobyla,pretrained,454,325.0,-1.122692050053648,-1.122692050053648,0
cobyla,pretrained,455,326.0,-1.1234587935750062,-1.1234587935750062,0
cobyla,pretrained,456,327.0,-1.1234587935750062,-1.1234587935750062,0
cobyla,pretrained,457,328.0,-1.1234587935750062,-1.1234587935750062,0
cobyla,pretrained,458,329.0,-1.1234587935750062,-1.1234587935750062,0
cobyla,pretrained,459,330.0,-1.1234587935750062,-1.1234587935750062,0
cobyla,pretrained,460,331.0,-1.1250328491355979,-1.1250328491355979,0
cobyla,pretrained,461,332.0,-1.1250328491355979,-1.1250328491355979,0
cobyla,pretrained,462,333.0,-1.1250328491355979,-1.1250328491355979,0
cobyla,pretrained,463,334.0,-1.1250328491355979,-1.1250328491355979,0
cobyla,pretrained,464,335.0,-1.1250328491355979,-1.1250328491355979,0
cobyla,pretrained,465,336.0,-1.1250328491355979,-1.1250328491355979,0
cobyla,pretrained,466,337.0,-1.1250328491355979,-1.1250328491355979,0
cobyla,pretrained,467,338.0,-1.1253589547771956,-1.1253589547771956,0
cobyla,pretrained,468,339.0,-1.1253589547771956,-1.1253589547771956,0
cobyla,pretrained,469,340.0,-1.1253589547771956,-1.1253589547771956,0
cobyla,pretrained,470,341.0,-1.1253589547771956,-1.1253589547771956,0
cobyla,pretrained,471,342.0,-1.1253589547771956,-1.1253589547771956,0
cobyla,pretrained,472,343.0,-1.1253589547771956,-1.1253589547771956,0
cobyla,pretrained,473,344.0,-1.1253589547771956,-1.1253589547771956,0
cobyla,pretrained,474,345.0,-1.1253589547771956,-1.1253589547771956,0
cobyla,pretrained,475,346.0,-1.1253589547771956,-1.1253589547771956,0
cobyla,pretrained,476,347.0,-1.1253589547771956,-1.1253589547771956,0
cobyla,pretrained,477,348.0,-1.1253589547771956,-1.1253589547771956,0
cobyla,pretrained,478,349.0,-1.1253589547771956,-1.1253589547771956,0
cobyla,pretrained,479,350.0,-1.1253589547771956,-1.1253589547771956,0
cobyla,pretrained,480,351.0,-1.1253589547771956,-1.1253589547771956,0
cobyla,pretrained,481,352.0,-1.1256246019664786,-1.1256246019664786,0
cobyla,pretrained,482,353.0,-1.1256246019664786,-1.1256246019664786,0
cobyla,pretrained,483,354.0,-1.1256246019664786,-1.1256246019664786,0
cobyla,pretrained,484,355.0,-1.1256246019664786,-1.1256246019664786,0
cobyla,pretrained,485,356.0,-1.1256507958925872,-1.1256507958925872,0
cobyla,pretrained,486,357.0,-1.1256507958925872,-1.1256507958925872,0
cobyla,pretrained,487,358.0,-1.1260009155798492,-1.1260009155798492,0
cobyla,pretrained,488,359.0,-1.1260009155798492,-1.1260009155798492,0
cobyla,pretrained,489,360.0,-1.1260009155798492,-1.1260009155798492,0
cobyla,pretrained,490,361.0,-1.1260009155798492,-1.1260009155798492,0
cobyla,pretrained,491,362.0,-1.1260009155798492,-1.1260009155798492,0
cobyla,pretrained,492,363.0,-1.1260009155798492,-1.1260009155798492,0
cobyla,pretrained,493,364.0,-1.1260475735776865,-1.1260475735776865,0
cobyla,pretrained,494,365.0,-1.1260475735776865,-1.1260475735776865,0
cobyla,pretrained,495,366.0,-1.1273280934840406,-1.1273280934840406,0
cobyla,pretrained,496,367.0,-1.1273280934840406,-1.1273280934840406,0
cobyla,pretrained,497,368.0,-1.1273280934840406,-1.1273280934840406,0
cobyla,pretrained,498,369.0,-1.1274107345101603,-1.1274107345101603,0
cobyla,pretrained,499,370.0,-1.1274107345101603,-1.1274107345101603,0
cobyla,pretrained,500,371.0,-1.1274107345101603,-1.1274107345101603,0
cobyla,pretrained,501,372.0,-1.1274107345101603,-1.1274107345101603,0
cobyla,pretrained,502,373.0,-1.1278460244229556,-1.1278460244229556,0
cobyla,pretrained,503,374.0,-1.1278460244229556,-1.1278460244229556,0
cobyla,pretrained,504,375.0,-1.128068044545504,-1.128068044545504,0
cobyla,pretrained,505,376.0,-1.128068044545504,-1.128068044545504,0
cobyla,pretrained,506,377.0,-1.128068044545504,-1.128068044545504,0
cobyla,pretrained,507,378.0,-1.128068044545504,-1.128068044545504,0
cobyla,pretrained,508,379.0,-1.128068044545504,-1.128068044545504,0
cobyla,pretrained,509,380.0,-1.128068044545504,-1.128068044545504,0
cobyla,pretrained,510,381.0,-1.128068044545504,-1.128068044545504,0
cobyla,pretrained,511,382.0,-1.1287042136733745,-1.1287042136733745,0
cobyla,pretrained,512,383.0,-1.1290428848514864,-1.1290428848514864,0
cobyla,pretrained,513,384.0,-1.1290428848514864,-1.1290428848514864,0
cobyla,pretrained,514,385.0,-1.1299015576800742,-1.1299015576800742,0
cobyla,pretrained,515,386.0,-1.1302634670360514,-1.1302634670360514,0
cobyla,pretrained,516,387.0,-1.1302634670360514,-1.1302634670360514,0
cobyla,pretrained,517,388.0,-1.1302634670360514,-1.1302634670360514,0
cobyla,pretrained,518,389.0,-1.1302634670360514,-1.1302634670360514,0
cobyla,pretrained,519,390.0,-1.1302634670360514,-1.1302634670360514,0
cobyla,pretrained,520,391.0,-1.1302634670360514,-1.1302634670360514,0
cobyla,pretrained,521,392.0,-1.1302634670360514,-1.1302634670360514,0
cobyla,pretrained,522,393.0,-1.1306339444177191,-1.1306339444177191,0
cobyla,pretrained,523,394.0,-1.1306339444177191,-1.1306339444177191,0
cobyla,pretrained,524,395.0,-1.1306339444177191,-1.1306339444177191,0
cobyla,pretrained,525,396.0,-1.1306339444177191,-1.1306339444177191,0
cobyla,pretrained,526,397.0,-1.1306339444177191,-1.1306339444177191,0
cobyla,pretrained,527,398.0,-1.131028095965969,-1.131028095965969,0
cobyla,pretrained,528,399.0,-1.131028095965969,-1.131028095965969,0
cobyla,pretrained,529,400.0,-1.131028095965969,-1.131028095965969,0
cobyla,pretrained,530,401.0,-1.131028095965969,-1.131028095965969,0
cobyla,pretrained,531,402.0,-1.131028095965969,-1.131028095965969,0
cobyla,pretrained,532,403.0,-1.131028095965969,-1.131028095965969,0
cobyla,pretrained,533,404.0,-1.131028095965969,-1.131028095965969,0
cobyla,pretrained,534,405.0,-1.131028095965969,-1.131028095965969,0
cobyla,pretrained,535,406.0,-1.131028095965969,-1.131028095965969,0
cobyla,pretrained,536,407.0,-1.131028095965969,-1.131028095965969,0
cobyla,pretrained,537,408.0,-1.131028095965969,-1.131028095965969,0
cobyla,pretrained,538,409.0,-1.131028095965969,-1.131028095965969,0
cobyla,pretrained,539,410.0,-1.131028095965969,-1.131028095965969,0
cobyla,pretrained,540,411.0,-1.131028095965969,-1.131028095965969,0
cobyla,pretrained,541,412.0,-1.131028095965969,-1.131028095965969,0
cobyla,pretrained,542,413.0,-1.131028095965969,-1.131028095965969,0
cobyla,pretrained,543,414.0,-1.1310511376345527,-1.1310511376345527,0
cobyla,pretrained,544,415.0,-1.1310511376345527,-1.1310511376345527,0
cobyla,pretrained,545,416.0,-1.1310511376345527,-1.1310511376345527,0
cobyla,pretrained,546,417.0,-1.1310511376345527,-1.1310511376345527,0
cobyla,pretrained,547,418.0,-1.1310511376345527,-1.1310511376345527,0
cobyla,pretrained,548,419.0,-1.1310511376345527,-1.1310511376345527,0
cobyla,pretrained,549,420.0,-1.1310511376345527,-1.1310511376345527,0
cobyla,pretrained,550,421.0,-1.1310511376345527,-1.1310511376345527,0
cobyla,pretrained,551,422.0,-1.1310839755732183,-1.1310839755732183,0
cobyla,pretrained,552,423.0,-1.1310839755732183,-1.1310839755732183,0
cobyla,pretrained,553,424.0,-1.1310839755732183,-1.1310839755732183,0
cobyla,pretrained,554,425.0,-1.1310839755732183,-1.1310839755732183,0
cobyla,pretrained,555,426.0,-1.1310839755732183,-1.1310839755732183,0
cobyla,pretrained,556,427.0,-1.1312278313251292,-1.1312278313251292,0
cobyla,pretrained,557,428.0,-1.1312278313251292,-1.1312278313251292,0
cobyla,pretrained,558,429.0,-1.1312278313251292,-1.1312278313251292,0
cobyla,pretrained,559,430.0,-1.1312278313251292,-1.1312278313251292,0
cobyla,pretrained,560,431.0,-1.1312278313251292,-1.1312278313251292,0
cobyla,pretrained,561,432.0,-1.1312278313251292,-1.1312278313251292,0
cobyla,pretrained,562,433.0,-1.131345021197738,-1.131345021197738,0
cobyla,pretrained,563,434.0,-1.1314130581883326,-1.1314130581883326,0
cobyla,pretrained,564,435.0,-1.1314130581883326,-1.1314130581883326,0
cobyla,pretrained,565,436.0,-1.1314130581883326,-1.1314130581883326,0
cobyla,pretrained,566,437.0,-1.1315282569184764,-1.1315282569184764,0
cobyla,pretrained,567,438.0,-1.1315282569184764,-1.1315282569184764,0
cobyla,pretrained,568,439.0,-1.1315282569184764,-1.1315282569184764,0
cobyla,pretrained,569,440.0,-1.1315282569184764,-1.1315282569184764,0
cobyla,pretrained,570,441.0,-1.1315282569184764,-1.1315282569184764,0
cobyla,pretrained,571,442.0,-1.1315282569184764,-1.1315282569184764,0
cobyla,pretrained,572,443.0,-1.1315282569184764,-1.1315282569184764,0
cobyla,pretrained,573,444.0,-1.1315282569184764,-1.1315282569184764,0
cobyla,pretrained,574,445.0,-1.1315282569184764,-1.1315282569184764,0
cobyla,pretrained,575,446.0,-1.1315282569184764,-1.1315282569184764,0
cobyla,pretrained,576,447.0,-1.1315282569184764,-1.1315282569184764,0
cobyla,pretrained,577,448.0,-1.1315282569184764,-1.1315282569184764,0
cobyla,pretrained,578,449.0,-1.1315282569184764,-1.1315282569184764,0
cobyla,pretrained,579,450.0,-1.1315282569184764,-1.1315282569184764,0
cobyla,pretrained,580,451.0,-1.131976045920844,-1.131976045920844,0
cobyla,pretrained,581,452.0,-1.131976045920844,-1.131976045920844,0
cobyla,pretrained,582,453.0,-1.131976045920844,-1.131976045920844,0
cobyla,pretrained,583,454.0,-1.131976045920844,-1.131976045920844,0
cobyla,pretrained,584,455.0,-1.131976045920844,-1.131976045920844,0
cobyla,pretrained,585,456.0,-1.131976045920844,-1.131976045920844,0
cobyla,pretrained,586,457.0,-1.131976045920844,-1.131976045920844,0
cobyla,pretrained,587,458.0,-1.131976045920844,-1.131976045920844,0
cobyla,pretrained,588,459.0,-1.131976045920844,-1.131976045920844,0
cobyla,pretrained,589,460.0,-1.131976045920844,-1.131976045920844,0
cobyla,pretrained,590,461.0,-1.131976045920844,-1.131976045920844,0
cobyla,pretrained,591,462.0,-1.131976045920844,-1.131976045920844,0
cobyla,pretrained,592,463.0,-1.131976045920844,-1.131976045920844,0
cobyla,pretrained,593,464.0,-1.131976045920844,-1.131976045920844,0
cobyla,pretrained,594,465.0,-1.131976045920844,-1.131976045920844,0
cobyla,pretrained,595,466.0,-1.131976045920844,-1.131976045920844,0
cobyla,pretrained,596,467.0,-1.131976045920844,-1.131976045920844,0
cobyla,pretrained,597,468.0,-1.131976045920844,-1.131976045920844,0
cobyla,pretrained,598,469.0,-1.1320518337427579,-1.1320518337427579,0
cobyla,pretrained,599,470.0,-1.1320518337427579,-1.1320518337427579,0
cobyla,pretrained,600,471.0,-1.132307310942669,-1.132307310942669,0
cobyla,pretrained,601,472.0,-1.132307310942669,-1.132307310942669,0
cobyla,pretrained,602,473.0,-1.132307310942669,-1.132307310942669,0
cobyla,pretrained,603,474.0,-1.132307310942669,-1.132307310942669,0
cobyla,pretrained,604,475.0,-1.132407186270311,-1.132407186270311,0
cobyla,pretrained,605,476.0,-1.1324157400758772,-1.1324157400758772,0
cobyla,pretrained,606,477.0,-1.1327446124810643,-1.1327446124810643,0
cobyla,pretrained,607,478.0,-1.1327446124810643,-1.1327446124810643,0
cobyla,pretrained,608,479.0,-1.1327446124810643,-1.1327446124810643,0
cobyla,pretrained,609,480.0,-1.1327446124810643,-1.1327446124810643,0
cobyla,pretrained,610,481.0,-1.132830356882714,-1.132830356882714,0
cobyla,pretrained,611,482.0,-1.132830990649366,-1.132830990649366,0
cobyla,pretrained,612,483.0,-1.1329175892813976,-1.1329175892813976,0
cobyla,pretrained,613,484.0,-1.1329175892813976,-1.1329175892813976,0
cobyla,pretrained,614,485.0,-1.1329175892813976,-1.1329175892813976,0
cobyla,pretrained,615,486.0,-1.1329175892813976,-1.1329175892813976,0
cobyla,pretrained,616,487.0,-1.1329175892813976,-1.1329175892813976,0
cobyla,pretrained,617,488.0,-1.1329175892813976,-1.1329175892813976,0
cobyla,pretrained,618,489.0,-1.133132329914281,-1.133132329914281,0
cobyla,pretrained,619,490.0,-1.1331365661636132,-1.1331365661636132,0
cobyla,pretrained,620,491.0,-1.1331507046136065,-1.1331507046136065,0
cobyla,pretrained,621,492.0,-1.1331548681152406,-1.1331548681152406,0
cobyla,pretrained,622,493.0,-1.1331548681152406,-1.1331548681152406,0
cobyla,pretrained,623,494.0,-1.1332111889797272,-1.1332111889797272,0
cobyla,pretrained,624,495.0,-1.1332111889797272,-1.1332111889797272,0
cobyla,pretrained,625,496.0,-1.1332111889797272,-1.1332111889797272,0
cobyla,pretrained,626,497.0,-1.1332111889797272,-1.1332111889797272,0
cobyla,pretrained,627,498.0,-1.1332732207258647,-1.1332732207258647,0
cobyla,pretrained,628,499.0,-1.1332732207258647,-1.1332732207258647,0
cobyla,pretrained,629,500.0,-1.1332732207258647,-1.1332732207258647,0
cobyla,pretrained,630,501.0,-1.1335077075981101,-1.1335077075981101,0
cobyla,pretrained,631,502.0,-1.1335077075981101,-1.1335077075981101,0
cobyla,pretrained,632,503.0,-1.1335077075981101,-1.1335077075981101,0
cobyla,pretrained,633,504.0,-1.133541348992421,-1.133541348992421,0
cobyla,pretrained,634,505.0,-1.133541348992421,-1.133541348992421,0
cobyla,pretrained,635,506.0,-1.133541348992421,-1.133541348992421,0
cobyla,pretrained,636,507.0,-1.1336951684170398,-1.1336951684170398,0
cobyla,pretrained,637,508.0,-1.1336951684170398,-1.1336951684170398,0
cobyla,pretrained,638,509.0,-1.1336951684170398,-1.1336951684170398,0
cobyla,pretrained,639,510.0,-1.1336951684170398,-1.1336951684170398,0
cobyla,pretrained,640,511.0,-1.1338274977258942,-1.1338274977258942,0
cobyla,pretrained,641,512.0,-1.1338496737994401,-1.1338496737994401,0
cobyla,pretrained,642,513.0,-1.1338496737994401,-1.1338496737994401,0
cobyla,pretrained,643,514.0,-1.1338496737994401,-1.1338496737994401,0
cobyla,pretrained,644,515.0,-1.1338496737994401,-1.1338496737994401,0
cobyla,pretrained,645,516.0,-1.1338759225064947,-1.1338759225064947,0
cobyla,pretrained,646,517.0,-1.1338759225064947,-1.1338759225064947,0
cobyla,pretrained,647,518.0,-1.1338759225064947,-1.1338759225064947,0
cobyla,pretrained,648,519.0,-1.1338759225064947,-1.1338759225064947,0
cobyla,pretrained,649,520.0,-1.1338759225064947,-1.1338759225064947,0
cobyla,pretrained,650,521.0,-1.133906877933556,-1.133906877933556,0
cobyla,pretrained,651,522.0,-1.133906877933556,-1.133906877933556,0
cobyla,pretrained,652,523.0,-1.133906877933556,-1.133906877933556,0
cobyla,pretrained,653,524.0,-1.133906877933556,-1.133906877933556,0
cobyla,pretrained,654,525.0,-1.133906877933556,-1.133906877933556,0
cobyla,pretrained,655,526.0,-1.133915462362873,-1.133915462362873,0
cobyla,pretrained,656,527.0,-1.133915462362873,-1.133915462362873,0
cobyla,pretrained,657,528.0,-1.133915462362873,-1.133915462362873,0
cobyla,pretrained,658,529.0,-1.133915462362873,-1.133915462362873,0
cobyla,pretrained,659,530.0,-1.133915462362873,-1.133915462362873,0
cobyla,pretrained,660,531.0,-1.133915462362873,-1.133915462362873,0
cobyla,pretrained,661,532.0,-1.133915462362873,-1.133915462362873,0
cobyla,pretrained,662,533.0,-1.1340154078635327,-1.1340154078635327,0
cobyla,pretrained,663,534.0,-1.1340154078635327,-1.1340154078635327,0
cobyla,pretrained,664,535.0,-1.1340154078635327,-1.1340154078635327,0
cobyla,pretrained,665,536.0,-1.1340154078635327,-1.1340154078635327,0
cobyla,pretrained,666,537.0,-1.1340154078635327,-1.1340154078635327,0
cobyla,pretrained,667,538.0,-1.1340165924374164,-1.1340165924374164,0
cobyla,pretrained,668,539.0,-1.1340165924374164,-1.1340165924374164,0
cobyla,pretrained,669,540.0,-1.1340848179221505,-1.1340848179221505,0
cobyla,pretrained,670,541.0,-1.1340848179221505,-1.1340848179221505,0
cobyla,pretrained,671,542.0,-1.1340848179221505,-1.1340848179221505,0
cobyla,pretrained,672,543.0,-1.1343056890145247,-1.1343056890145247,0
cobyla,pretrained,673,544.0,-1.1343056890145247,-1.1343056890145247,0
cobyla,pretrained,674,545.0,-1.1343691921830947,-1.1343691921830947,0
cobyla,pretrained,675,546.0,-1.134392804736692,-1.134392804736692,0
cobyla,pretrained,676,547.0,-1.134392804736692,-1.134392804736692,0
cobyla,pretrained,677,548.0,-1.134392804736692,-1.134392804736692,0
cobyla,pretrained,678,549.0,-1.134392804736692,-1.134392804736692,0
cobyla,pretrained,679,550.0,-1.134392804736692,-1.134392804736692,0
cobyla,pretrained,680,551.0,-1.134392804736692,-1.134392804736692,0
cobyla,pretrained,681,552.0,-1.1345043374182862,-1.1345043374182862,0
cobyla,pretrained,682,553.0,-1.1345657745929023,-1.1345657745929023,0
cobyla,pretrained,683,554.0,-1.1345657745929023,-1.1345657745929023,0
cobyla,pretrained,684,555.0,-1.1345657745929023,-1.1345657745929023,0
cobyla,pretrained,685,556.0,-1.1345657745929023,-1.1345657745929023,0
cobyla,pretrained,686,557.0,-1.1345657745929023,-1.1345657745929023,0
cobyla,pretrained,687,558.0,-1.1345657745929023,-1.1345657745929023,0
cobyla,pretrained,688,559.0,-1.1345657745929023,-1.1345657745929023,0
cobyla,pretrained,689,560.0,-1.1346128227247279,-1.1346128227247279,0
cobyla,pretrained,690,561.0,-1.1346419174247924,-1.1346419174247924,0
cobyla,pretrained,691,562.0,-1.13466520334431,-1.13466520334431,0
cobyla,pretrained,692,563.0,-1.13466520334431,-1.13466520334431,0
cobyla,pretrained,693,564.0,-1.13466520334431,-1.13466520334431,0
cobyla,pretrained,694,565.0,-1.13466520334431,-1.13466520334431,0
cobyla,pretrained,695,566.0,-1.13466520334431,-1.13466520334431,0
cobyla,pretrained,696,567.0,-1.13466520334431,-1.13466520334431,0
cobyla,pretrained,697,568.0,-1.13466520334431,-1.13466520334431,0
cobyla,pretrained,698,569.0,-1.13466520334431,-1.13466520334431,0
cobyla,pretrained,699,570.0,-1.1347094790988705,-1.1347094790988705,0
cobyla,pretrained,700,571.0,-1.1347311964222444,-1.1347311964222444,0
cobyla,pretrained,701,572.0,-1.1348125368113091,-1.1348125368113091,0
cobyla,pretrained,702,573.0,-1.1348125368113091,-1.1348125368113091,0
cobyla,pretrained,703,574.0,-1.1348125368113091,-1.1348125368113091,0
cobyla,pretrained,704,575.0,-1.1348125368113091,-1.1348125368113091,0
cobyla,pretrained,705,576.0,-1.1348125368113091,-1.1348125368113091,0
cobyla,pretrained,706,577.0,-1.1348125368113091,-1.1348125368113091,0
cobyla,pretrained,707,578.0,-1.1348164361504949,-1.1348164361504949,0
cobyla,pretrained,708,579.0,-1.1348164361504949,-1.1348164361504949,0
cobyla,pretrained,709,580.0,-1.1348164361504949,-1.1348164361504949,0
cobyla,pretrained,710,581.0,-1.1348164361504949,-1.1348164361504949,0
cobyla,pretrained,711,582.0,-1.1348164361504949,-1.1348164361504949,0
cobyla,pretrained,712,583.0,-1.1348164361504949,-1.1348164361504949,0
cobyla,pretrained,713,584.0,-1.1348164361504949,-1.1348164361504949,0
cobyla,pretrained,714,585.0,-1.1348164361504949,-1.1348164361504949,0
cobyla,pretrained,715,586.0,-1.1348164361504949,-1.1348164361504949,0
cobyla,pretrained,716,587.0,-1.1348164361504949,-1.1348164361504949,0
cobyla,pretrained,717,588.0,-1.1348164361504949,-1.1348164361504949,0
cobyla,pretrained,718,589.0,-1.1348334240759157,-1.1348334240759157,0
cobyla,pretrained,719,590.0,-1.13488743872569,-1.13488743872569,0
cobyla,pretrained,720,591.0,-1.13488743872569,-1.13488743872569,0
cobyla,pretrained,721,592.0,-1.13488743872569,-1.13488743872569,0
cobyla,pretrained,722,593.0,-1.13488743872569,-1.13488743872569,0
cobyla,pretrained,723,594.0,-1.13488743872569,-1.13488743872569,0
cobyla,pretrained,724,595.0,-1.13488743872569,-1.13488743872569,0
cobyla,pretrained,725,596.0,-1.13488743872569,-1.13488743872569,0
cobyla,pretrained,726,597.0,-1.13488743872569,-1.13488743872569,0
cobyla,pretrained,727,598.0,-1.1349140357197596,-1.1349140357197596,0
cobyla,pretrained,728,599.0,-1.1349140357197596,-1.1349140357197596,0
cobyla,pretrained,729,600.0,-1.1349140357197596,-1.1349140357197596,0
cobyla,pretrained,730,601.0,-1.1349140357197596,-1.1349140357197596,0
cobyla,pretrained,731,602.0,-1.1349140357197596,-1.1349140357197596,0
cobyla,pretrained,732,603.0,-1.1349260060408453,-1.1349260060408453,0
cobyla,pretrained,733,604.0,-1.1349260060408453,-1.1349260060408453,0
cobyla,pretrained,734,605.0,-1.1349426039146897,-1.1349426039146897,0
cobyla,pretrained,735,606.0,-1.1349426039146897,-1.1349426039146897,0
cobyla,pretrained,736,607.0,-1.1350360366984487,-1.1350360366984487,0
cobyla,pretrained,737,608.0,-1.1350360366984487,-1.1350360366984487,0
cobyla,pretrained,738,609.0,-1.1350360366984487,-1.1350360366984487,0
cobyla,pretrained,739,610.0,-1.1350360366984487,-1.1350360366984487,0
cobyla,pretrained,740,611.0,-1.1350360366984487,-1.1350360366984487,0
cobyla,pretrained,741,612.0,-1.1350360366984487,-1.1350360366984487,0
cobyla,pretrained,742,613.0,-1.1350554994812883,-1.1350554994812883,0
cobyla,pretrained,743,614.0,-1.1351138058956443,-1.1351138058956443,0
cobyla,pretrained,744,615.0,-1.1351138058956443,-1.1351138058956443,0
cobyla,pretrained,745,616.0,-1.1351138058956443,-1.1351138058956443,0
cobyla,pretrained,746,617.0,-1.1351138058956443,-1.1351138058956443,0
cobyla,pretrained,747,618.0,-1.1351138058956443,-1.1351138058956443,0
cobyla,pretrained,748,619.0,-1.1351138058956443,-1.1351138058956443,0
cobyla,pretrained,749,620.0,-1.1351138058956443,-1.1351138058956443,0
cobyla,pretrained,750,621.0,-1.1351138058956443,-1.1351138058956443,0
cobyla,pretrained,751,622.0,-1.1351138058956443,-1.1351138058956443,0
cobyla,pretrained,752,623.0,-1.1351138058956443,-1.1351138058956443,0
cobyla,pretrained,753,624.0,-1.1351138058956443,-1.1351138058956443,0
cobyla,pretrained,754,625.0,-1.1351138058956443,-1.1351138058956443,0
cobyla,pretrained,755,626.0,-1.1351138058956443,-1.1351138058956443,0
cobyla,pretrained,756,627.0,-1.1351138058956443,-1.1351138058956443,0
cobyla,pretrained,757,628.0,-1.1351138058956443,-1.1351138058956443,0
cobyla,pretrained,758,629.0,-1.1351138058956443,-1.1351138058956443,0
cobyla,pretrained,759,630.0,-1.1351163286159625,-1.1351163286159625,0
cobyla,pretrained,760,631.0,-1.1351163286159625,-1.1351163286159625,0
cobyla,pretrained,761,632.0,-1.1351163286159625,-1.1351163286159625,0
cobyla,pretrained,762,633.0,-1.1351163286159625,-1.1351163286159625,0
cobyla,pretrained,763,634.0,-1.1351163286159625,-1.1351163286159625,0
cobyla,pretrained,764,635.0,-1.135443986196408,-1.135443986196408,0
cobyla,pretrained,765,636.0,-1.135456816126551,-1.135456816126551,0
cobyla,pretrained,766,637.0,-1.135456816126551,-1.135456816126551,0
cobyla,pretrained,767,638.0,-1.135456816126551,-1.135456816126551,0
cobyla,pretrained,768,639.0,-1.1355619334083398,-1.1355619334083398,0
cobyla,pretrained,769,640.0,-1.1355619334083398,-1.1355619334083398,0
cobyla,pretrained,770,641.0,-1.1355619334083398,-1.1355619334083398,0
cobyla,pretrained,771,642.0,-1.1355919797349356,-1.1355919797349356,0
cobyla,pretrained,772,643.0,-1.1355919797349356,-1.1355919797349356,0
cobyla,pretrained,773,644.0,-1.1355919797349356,-1.1355919797349356,0
cobyla,pretrained,774,645.0,-1.1355919797349356,-1.1355919797349356,0
cobyla,pretrained,775,646.0,-1.1355919797349356,-1.1355919797349356,0
cobyla,pretrained,776,647.0,-1.1355919797349356,-1.1355919797349356,0
cobyla,pretrained,777,648.0,-1.1355976781565964,-1.1355976781565964,0
cobyla,pretrained,778,649.0,-1.1355976781565964,-1.1355976781565964,0
cobyla,pretrained,779,650.0,-1.1355976781565964,-1.1355976781565964,0
cobyla,pretrained,780,651.0,-1.1355976781565964,-1.1355976781565964,0
cobyla,pretrained,781,652.0,-1.1355976781565964,-1.1355976781565964,0
cobyla,pretrained,782,653.0,-1.1355976781565964,-1.1355976781565964,0
cobyla,pretrained,783,654.0,-1.1356563373532997,-1.1356563373532997,0
cobyla,pretrained,784,655.0,-1.1356563373532997,-1.1356563373532997,0
cobyla,pretrained,785,656.0,-1.1356563373532997,-1.1356563373532997,0
cobyla,pretrained,786,657.0,-1.1356563373532997,-1.1356563373532997,0
cobyla,pretrained,787,658.0,-1.1356563373532997,-1.1356563373532997,0
cobyla,pretrained,788,659.0,-1.1356563373532997,-1.1356563373532997,0
cobyla,pretrained,789,660.0,-1.1356563373532997,-1.1356563373532997,0
cobyla,pretrained,790,661.0,-1.1356563373532997,-1.1356563373532997,0
cobyla,pretrained,791,662.0,-1.1356563373532997,-1.1356563373532997,0
cobyla,pretrained,792,663.0,-1.1356563373532997,-1.1356563373532997,0
cobyla,pretrained,793,664.0,-1.1356563373532997,-1.1356563373532997,0
cobyla,pretrained,794,665.0,-1.1356563373532997,-1.1356563373532997,0
cobyla,pretrained,795,666.0,-1.1356563373532997,-1.1356563373532997,0
cobyla,pretrained,796,667.0,-1.1356563373532997,-1.1356563373532997,0
cobyla,pretrained,797,668.0,-1.1356563373532997,-1.1356563373532997,0
cobyla,pretrained,798,669.0,-1.1356563373532997,-1.1356563373532997,0
cobyla,pretrained,799,670.0,-1.1356563373532997,-1.1356563373532997,0
cobyla,pretrained,800,671.0,-1.1356623405485324,-1.1356623405485324,0
cobyla,pretrained,801,672.0,-1.1356623405485324,-1.1356623405485324,0
cobyla,pretrained,802,673.0,-1.1356623405485324,-1.1356623405485324,0
cobyla,pretrained,803,674.0,-1.1356974023648208,-1.1356974023648208,0
cobyla,pretrained,804,675.0,-1.1357206536137348,-1.1357206536137348,0
cobyla,pretrained,805,676.0,-1.1357206536137348,-1.1357206536137348,0
cobyla,pretrained,806,677.0,-1.1357206536137348,-1.1357206536137348,0
cobyla,pretrained,807,678.0,-1.1357206536137348,-1.1357206536137348,0
cobyla,pretrained,808,679.0,-1.1357367263452733,-1.1357367263452733,0
cobyla,pretrained,809,680.0,-1.1357367263452733,-1.1357367263452733,0
cobyla,pretrained,810,681.0,-1.1357367263452733,-1.1357367263452733,0
cobyla,pretrained,811,682.0,-1.1357367263452733,-1.1357367263452733,0
cobyla,pretrained,812,683.0,-1.1357367263452733,-1.1357367263452733,0
cobyla,pretrained,813,684.0,-1.1357367263452733,-1.1357367263452733,0
cobyla,pretrained,814,685.0,-1.1357367263452733,-1.1357367263452733,0
cobyla,pretrained,815,686.0,-1.1357911561141683,-1.1357911561141683,0
cobyla,pretrained,816,687.0,-1.1357911561141683,-1.1357911561141683,0
cobyla,pretrained,817,688.0,-1.1357911561141683,-1.1357911561141683,0
cobyla,pretrained,818,689.0,-1.1357911561141683,-1.1357911561141683,0
cobyla,pretrained,819,690.0,-1.1358067315932743,-1.1358067315932743,0
cobyla,pretrained,820,691.0,-1.1358067315932743,-1.1358067315932743,0
cobyla,pretrained,821,692.0,-1.1358067315932743,-1.1358067315932743,0
cobyla,pretrained,822,693.0,-1.1358067315932743,-1.1358067315932743,0
cobyla,pretrained,823,694.0,-1.13581695124137,-1.13581695124137,0
cobyla,pretrained,824,695.0,-1.13581695124137,-1.13581695124137,0
cobyla,pretrained,825,696.0,-1.1359592346076428,-1.1359592346076428,0
cobyla,pretrained,826,697.0,-1.1359592346076428,-1.1359592346076428,0
cobyla,pretrained,827,698.0,-1.1359592346076428,-1.1359592346076428,0
cobyla,pretrained,828,699.0,-1.1359592346076428,-1.1359592346076428,0
cobyla,pretrained,829,700.0,-1.1359592346076428,-1.1359592346076428,0
cobyla,pretrained,830,701.0,-1.1359706369925449,-1.1359706369925449,0
cobyla,pretrained,831,702.0,-1.1359706369925449,-1.1359706369925449,0
cobyla,pretrained,832,703.0,-1.1359706369925449,-1.1359706369925449,0
cobyla,pretrained,833,704.0,-1.1359706369925449,-1.1359706369925449,0
cobyla,pretrained,834,705.0,-1.1359780374827473,-1.1359780374827473,0
cobyla,pretrained,835,706.0,-1.1359780374827473,-1.1359780374827473,0
cobyla,pretrained,836,707.0,-1.1359780374827473,-1.1359780374827473,0
cobyla,pretrained,837,708.0,-1.1360024955908474,-1.1360024955908474,0
cobyla,pretrained,838,709.0,-1.1360024955908474,-1.1360024955908474,0
cobyla,pretrained,839,710.0,-1.1360376863046753,-1.1360376863046753,0
cobyla,pretrained,840,711.0,-1.1360376863046753,-1.1360376863046753,0
cobyla,pretrained,841,712.0,-1.1360376863046753,-1.1360376863046753,0
cobyla,pretrained,842,713.0,-1.1360557159270894,-1.1360557159270894,0
cobyla,pretrained,843,714.0,-1.1360557159270894,-1.1360557159270894,0
cobyla,pretrained,844,715.0,-1.1360678970308362,-1.1360678970308362,0
cobyla,pretrained,845,716.0,-1.1360678970308362,-1.1360678970308362,0
cobyla,pretrained,846,717.0,-1.1360678970308362,-1.1360678970308362,0
cobyla,pretrained,847,718.0,-1.1360678970308362,-1.1360678970308362,0
cobyla,pretrained,848,719.0,-1.1360746027157718,-1.1360746027157718,0
cobyla,pretrained,849,720.0,-1.1360842832455396,-1.1360842832455396,0
cobyla,pretrained,850,721.0,-1.1360842832455396,-1.1360842832455396,0
cobyla,pretrained,851,722.0,-1.1360842832455396,-1.1360842832455396,0
cobyla,pretrained,852,723.0,-1.1361297429595951,-1.1361297429595951,0
cobyla,pretrained,853,724.0,-1.1361297429595951,-1.1361297429595951,0
cobyla,pretrained,854,725.0,-1.1361297429595951,-1.1361297429595951,0
cobyla,pretrained,855,726.0,-1.1361435406213816,-1.1361435406213816,0
cobyla,pretrained,856,727.0,-1.1361435406213816,-1.1361435406213816,0
cobyla,pretrained,857,728.0,-1.1361435406213816,-1.1361435406213816,0
cobyla,pretrained,858,729.0,-1.1361435406213816,-1.1361435406213816,0
cobyla,pretrained,859,730.0,-1.1361435406213816,-1.1361435406213816,0
cobyla,pretrained,860,731.0,-1.1361438162631505,-1.1361438162631505,0
cobyla,pretrained,861,732.0,-1.1361438162631505,-1.1361438162631505,0
cobyla,pretrained,862,733.0,-1.1361438162631505,-1.1361438162631505,0
cobyla,pretrained,863,734.0,-1.1361510988986656,-1.1361510988986656,0
cobyla,pretrained,864,735.0,-1.1361510988986656,-1.1361510988986656,0
cobyla,pretrained,865,736.0,-1.1361510988986656,-1.1361510988986656,0
cobyla,pretrained,866,737.0,-1.1361510988986656,-1.1361510988986656,0
cobyla,pretrained,867,738.0,-1.1361510988986656,-1.1361510988986656,0
cobyla,pretrained,868,739.0,-1.1361510988986656,-1.1361510988986656,0
cobyla,pretrained,869,740.0,-1.1361510988986656,-1.1361510988986656,0
cobyla,pretrained,870,741.0,-1.1361510988986656,-1.1361510988986656,0
cobyla,pretrained,871,742.0,-1.1361512581005437,-1.1361512581005437,0
cobyla,pretrained,872,743.0,-1.1361512581005437,-1.1361512581005437,0
cobyla,pretrained,873,744.0,-1.1361512581005437,-1.1361512581005437,0
cobyla,pretrained,874,745.0,-1.1361512581005437,-1.1361512581005437,0
cobyla,pretrained,875,746.0,-1.1361860634376848,-1.1361860634376848,0
cobyla,pretrained,876,747.0,-1.1361994913557791,-1.1361994913557791,0
cobyla,pretrained,877,748.0,-1.1362135365562938,-1.1362135365562938,0
cobyla,pretrained,878,749.0,-1.1362135365562938,-1.1362135365562938,0
cobyla,pretrained,879,750.0,-1.1362236990276762,-1.1362236990276762,0
cobyla,pretrained,880,751.0,-1.1362236990276762,-1.1362236990276762,0
cobyla,pretrained,881,752.0,-1.1362236990276762,-1.1362236990276762,0
cobyla,pretrained,882,753.0,-1.1362236990276762,-1.1362236990276762,0
cobyla,pretrained,883,754.0,-1.1362236990276762,-1.1362236990276762,0
cobyla,pretrained,884,755.0,-1.1362236990276762,-1.1362236990276762,0
cobyla,pretrained,885,756.0,-1.1362236990276762,-1.1362236990276762,0
cobyla,pretrained,886,757.0,-1.136236853729304,-1.136236853729304,0
cobyla,pretrained,887,758.0,-1.136236853729304,-1.136236853729304,0
cobyla,pretrained,888,759.0,-1.136236853729304,-1.136236853729304,0
cobyla,pretrained,889,760.0,-1.136236853729304,-1.136236853729304,0
cobyla,pretrained,890,761.0,-1.136236853729304,-1.136236853729304,0
cobyla,pretrained,891,762.0,-1.136236853729304,-1.136236853729304,0
cobyla,pretrained,892,763.0,-1.136236853729304,-1.136236853729304,0
cobyla,pretrained,893,764.0,-1.136236853729304,-1.136236853729304,0
cobyla,pretrained,894,765.0,-1.136236853729304,-1.136236853729304,0
cobyla,pretrained,895,766.0,-1.136236853729304,-1.136236853729304,0
cobyla,pretrained,896,767.0,-1.136236853729304,-1.136236853729304,0
cobyla,pretrained,897,768.0,-1.136236853729304,-1.136236853729304,0
cobyla,pretrained,898,769.0,-1.136236853729304,-1.136236853729304,0
cobyla,pretrained,899,770.0,-1.1362489366426278,-1.1362489366426278,0
cobyla,pretrained,900,771.0,-1.1362489366426278,-1.1362489366426278,0
cobyla,pretrained,901,772.0,-1.1362489366426278,-1.1362489366426278,0
cobyla,pretrained,902,773.0,-1.1362643184872265,-1.1362643184872265,0
cobyla,pretrained,903,774.0,-1.1362643184872265,-1.1362643184872265,0
cobyla,pretrained,904,775.0,-1.1362643184872265,-1.1362643184872265,0
cobyla,pretrained,905,776.0,-1.1362643184872265,-1.1362643184872265,0
cobyla,pretrained,906,777.0,-1.1362643184872265,-1.1362643184872265,0
cobyla,pretrained,907,778.0,-1.1362643184872265,-1.1362643184872265,0
cobyla,pretrained,908,779.0,-1.1362643184872265,-1.1362643184872265,0
cobyla,pretrained,909,780.0,-1.1362666925585687,-1.1362666925585687,0
cobyla,pretrained,910,781.0,-1.1362666925585687,-1.1362666925585687,0
cobyla,pretrained,911,782.0,-1.1362666925585687,-1.1362666925585687,0
cobyla,pretrained,912,783.0,-1.1362666925585687,-1.1362666925585687,0
cobyla,pretrained,913,784.0,-1.1362666925585687,-1.1362666925585687,0
cobyla,pretrained,914,785.0,-1.1362666925585687,-1.1362666925585687,0
cobyla,pretrained,915,786.0,-1.1362666925585687,-1.1362666925585687,0
cobyla,pretrained,916,787.0,-1.1362666925585687,-1.1362666925585687,0
cobyla,pretrained,917,788.0,-1.1362898040096732,-1.1362898040096732,0
cobyla,pretrained,918,789.0,-1.1362947778171895,-1.1362947778171895,0
cobyla,pretrained,919,790.0,-1.1362993057032218,-1.1362993057032218,0
cobyla,pretrained,920,791.0,-1.1362993057032218,-1.1362993057032218,0
cobyla,pretrained,921,792.0,-1.1362993057032218,-1.1362993057032218,0
cobyla,pretrained,922,793.0,-1.1362993057032218,-1.1362993057032218,0
cobyla,pretrained,923,794.0,-1.1362993057032218,-1.1362993057032218,0
cobyla,pretrained,924,795.0,-1.1362993057032218,-1.1362993057032218,0
cobyla,pretrained,925,796.0,-1.1362993057032218,-1.1362993057032218,0
cobyla,pretrained,926,797.0,-1.1363138414679037,-1.1363138414679037,0
cobyla,pretrained,927,798.0,-1.1363138414679037,-1.1363138414679037,0
cobyla,pretrained,928,799.0,-1.1363138414679037,-1.1363138414679037,0
cobyla,pretrained,929,800.0,-1.1363138414679037,-1.1363138414679037,0
cobyla,pretrained,930,801.0,-1.1363138414679037,-1.1363138414679037,0
cobyla,pretrained,931,802.0,-1.1363138414679037,-1.1363138414679037,0
cobyla,pretrained,932,803.0,-1.136323756166904,-1.136323756166904,0
cobyla,pretrained,933,804.0,-1.136323756166904,-1.136323756166904,0
cobyla,pretrained,934,805.0,-1.136323756166904,-1.136323756166904,0
cobyla,pretrained,935,806.0,-1.136323756166904,-1.136323756166904,0
cobyla,pretrained,936,807.0,-1.136323756166904,-1.136323756166904,0
cobyla,pretrained,937,808.0,-1.136323756166904,-1.136323756166904,0
cobyla,pretrained,938,809.0,-1.1363330138071626,-1.1363330138071626,0
cobyla,pretrained,939,810.0,-1.1363330138071626,-1.1363330138071626,0
cobyla,pretrained,940,811.0,-1.1363330138071626,-1.1363330138071626,0
cobyla,pretrained,941,812.0,-1.1363360215789093,-1.1363360215789093,0
cobyla,pretrained,942,813.0,-1.1363360215789093,-1.1363360215789093,0
cobyla,pretrained,943,814.0,-1.136368760449687,-1.136368760449687,0
cobyla,pretrained,944,815.0,-1.1363717023587172,-1.1363717023587172,0
cobyla,pretrained,945,816.0,-1.1363717023587172,-1.1363717023587172,0
cobyla,pretrained,946,817.0,-1.1363717023587172,-1.1363717023587172,0
cobyla,pretrained,947,818.0,-1.1364066285866061,-1.1364066285866061,0
cobyla,pretrained,948,819.0,-1.1364066285866061,-1.1364066285866061,0
cobyla,pretrained,949,820.0,-1.1364066285866061,-1.1364066285866061,0
cobyla,pretrained,950,821.0,-1.1364066285866061,-1.1364066285866061,0
cobyla,pretrained,951,822.0,-1.1364066285866061,-1.1364066285866061,0
cobyla,pretrained,952,823.0,-1.1364066285866061,-1.1364066285866061,0
cobyla,pretrained,953,824.0,-1.1364066285866061,-1.1364066285866061,0
cobyla,pretrained,954,825.0,-1.1364066285866061,-1.1364066285866061,0
cobyla,pretrained,955,826.0,-1.1364066285866061,-1.1364066285866061,0
cobyla,pretrained,956,827.0,-1.136422346047215,-1.136422346047215,0
cobyla,pretrained,957,828.0,-1.136422346047215,-1.136422346047215,0
cobyla,pretrained,958,829.0,-1.136422346047215,-1.136422346047215,0
cobyla,pretrained,959,830.0,-1.136422346047215,-1.136422346047215,0
cobyla,pretrained,960,831.0,-1.1364384285394844,-1.1364384285394844,0
cobyla,pretrained,961,832.0,-1.1364773282772096,-1.1364773282772096,0
cobyla,pretrained,962,833.0,-1.1364773282772096,-1.1364773282772096,0
cobyla,pretrained,963,834.0,-1.1364773282772096,-1.1364773282772096,0
cobyla,pretrained,964,835.0,-1.1364773282772096,-1.1364773282772096,0
cobyla,pretrained,965,836.0,-1.1364773282772096,-1.1364773282772096,0
cobyla,pretrained,966,837.0,-1.1364773282772096,-1.1364773282772096,0
cobyla,pretrained,967,838.0,-1.1364773282772096,-1.1364773282772096,0
cobyla,pretrained,968,839.0,-1.136494876325335,-1.136494876325335,0
cobyla,pretrained,969,840.0,-1.136494876325335,-1.136494876325335,0
cobyla,pretrained,970,841.0,-1.136494876325335,-1.136494876325335,0
cobyla,pretrained,971,842.0,-1.13650317758309,-1.13650317758309,0
cobyla,pretrained,972,843.0,-1.13650317758309,-1.13650317758309,0
cobyla,pretrained,973,844.0,-1.13650317758309,-1.13650317758309,0
cobyla,pretrained,974,845.0,-1.1365500263332047,-1.1365500263332047,0
cobyla,pretrained,975,846.0,-1.1365568834600615,-1.1365568834600615,0
cobyla,pretrained,976,847.0,-1.1365568834600615,-1.1365568834600615,0
cobyla,pretrained,977,848.0,-1.1365568834600615,-1.1365568834600615,0
cobyla,pretrained,978,849.0,-1.1365568834600615,-1.1365568834600615,0
cobyla,pretrained,979,850.0,-1.1365568834600615,-1.1365568834600615,0
cobyla,pretrained,980,851.0,-1.1365568834600615,-1.1365568834600615,0
cobyla,pretrained,981,852.0,-1.1365655600617977,-1.1365655600617977,0
cobyla,pretrained,982,853.0,-1.1365655600617977,-1.1365655600617977,0
cobyla,pretrained,983,854.0,-1.1365680470244877,-1.1365680470244877,0
cobyla,pretrained,984,855.0,-1.1365680470244877,-1.1365680470244877,0
cobyla,pretrained,985,856.0,-1.1365680470244877,-1.1365680470244877,0
cobyla,pretrained,986,857.0,-1.1365680470244877,-1.1365680470244877,0
cobyla,pretrained,987,858.0,-1.1365680470244877,-1.1365680470244877,0
cobyla,pretrained,988,859.0,-1.1365680470244877,-1.1365680470244877,0
cobyla,pretrained,989,860.0,-1.1365680470244877,-1.1365680470244877,0
cobyla,pretrained,990,861.0,-1.1365680470244877,-1.1365680470244877,0
cobyla,pretrained,991,862.0,-1.1365680470244877,-1.1365680470244877,0
cobyla,pretrained,992,863.0,-1.1365680470244877,-1.1365680470244877,0
cobyla,pretrained,993,864.0,-1.1365680470244877,-1.1365680470244877,0
cobyla,pretrained,994,865.0,-1.1365680470244877,-1.1365680470244877,0
cobyla,pretrained,995,866.0,-1.1365680470244877,-1.1365680470244877,0
cobyla,pretrained,996,867.0,-1.1365680470244877,-1.1365680470244877,0
cobyla,pretrained,997,868.0,-1.13656936383507,-1.13656936383507,0
cobyla,pretrained,998,869.0,-1.13656936383507,-1.13656936383507,0
cobyla,pretrained,999,870.0,-1.1365732072558556,-1.1365732072558556,0
