optimizer,method,iteration,energy,energy_global,is_stage_boundary
adam,standard,0,-6.576250912812464,-6.576250912812464,0
adam,standard,1,-6.730239547595038,-6.730239547595038,0
adam,standard,2,-6.882087886981735,-6.882087886981735,0
adam,standard,3,-7.0291271678190546,-7.0291271678190546,0
adam,standard,4,-7.168888753978615,-7.168888753978615,0
adam,standard,5,-7.300245195066914,-7.300245195066914,0
adam,standard,6,-7.422589386245058,-7.422589386245058,0
adam,standard,7,-7.535832265482016,-7.535832265482016,0
adam,standard,8,-7.6408479367917375,-7.6408479367917375,0
adam,standard,9,-7.739117048619241,-7.739117048619241,0
adam,standard,10,-7.832420026141272,-7.832420026141272,0
adam,standard,11,-7.922748742217403,-7.922748742217403,0
adam,standard,12,-8.012048209269278,-8.012048209269278,0
adam,standard,13,-8.101833328244332,-8.101833328244332,0
adam,standard,14,-8.192957968990692,-8.192957968990692,0
adam,standard,15,-8.285608235159089,-8.285608235159089,0
adam,standard,16,-8.379387288235723,-8.379387288235723,0
adam,standard,17,-8.473432689111421,-8.473432689111421,0
adam,standard,18,-8.566628722758407,-8.566628722758407,0
adam,standard,19,-8.657897164280785,-8.657897164280785,0
adam,standard,20,-8.746481660591066,-8.746481660591066,0
adam,standard,21,-8.832121356896797,-8.832121356896797,0
adam,standard,22,-8.915097681075693,-8.915097681075693,0
adam,standard,23,-8.99623214042563,-8.99623214042563,0
adam,standard,24,-9.076761498256204,-9.076761498256204,0
adam,standard,25,-9.157962286135476,-9.157962286135476,0
adam,standard,26,-9.240769111790605,-9.240769111790605,0
adam,standard,27,-9.325729636472893,-9.325729636472893,0
adam,standard,28,-9.413214181003402,-9.413214181003402,0
adam,standard,29,-9.503613657935466,-9.503613657935466,0
adam,standard,30,-9.597408058961134,-9.597408058961134,0
adam,standard,31,-9.69514834446734,-9.69514834446734,0
adam,standard,32,-9.79740421458716,-9.79740421458716,0
adam,standard,33,-9.904686116586815,-9.904686116586815,0
adam,standard,34,-10.01736846844881,-10.01736846844881,0
adam,standard,35,-10.135613897283923,-10.135613897283923,0
adam,standard,36,-10.259232730387112,-10.259232730387112,0
adam,standard,37,-10.387552220313971,-10.387552220313971,0
adam,standard,38,-10.519480509937496,-10.519480509937496,0
adam,standard,39,-10.653741644393723,-10.653741644393723,0
adam,standard,40,-10.789116869521035,-10.789116869521035,0
adam,standard,41,-10.924537735027664,-10.924537735027664,0
adam,standard,42,-11.058853319193085,-11.058853319193085,0
adam,standard,43,-11.190456915312705,-11.190456915312705,0
adam,standard,44,-11.317135804964629,-11.317135804964629,0
adam,standard,45,-11.436279997695575,-11.436279997695575,0
adam,standard,46,-11.54548913696478,-11.54548913696478,0
adam,standard,47,-11.64329374527293,-11.64329374527293,0
adam,standard,48,-11.729491551187884,-11.729491551187884,0
adam,standard,49,-11.80491815475681,-11.80491815475681,0
adam,standard,50,-11.870888023175072,-11.870888023175072,0
adam,standard,51,-11.928704549346635,-11.928704549346635,0
adam,standard,52,-11.979468791514357,-11.979468791514357,0
adam,standard,53,-12.024197655470733,-12.024197655470733,0
adam,standard,54,-12.064024601295495,-12.064024601295495,0
adam,standard,55,-12.100214346535086,-12.100214346535086,0
adam,standard,56,-12.133874754835373,-12.133874754835373,0
adam,standard,57,-12.165669550837933,-12.165669550837933,0
adam,standard,58,-12.195888798451026,-12.195888798451026,0
adam,standard,59,-12.224756447118812,-12.224756447118812,0
adam,standard,60,-12.252661579428425,-12.252661579428425,0
adam,standard,61,-12.28007115935457,-12.28007115935457,0
adam,standard,62,-12.307311581709811,-12.307311581709811,0
adam,standard,63,-12.334495468201437,-12.334495468201437,0
adam,standard,64,-12.36169721791792,-12.36169721791792,0
adam,standard,65,-12.389147327777145,-12.389147327777145,0
adam,standard,66,-12.417232725466338,-12.417232725466338,0
adam,standard,67,-12.446340132214205,-12.446340132214205,0
adam,standard,68,-12.476748385402002,-12.476748385402002,0
adam,standard,69,-12.508641669590215,-12.508641669590215,0
adam,standard,70,-12.542132852298097,-12.542132852298097,0
adam,standard,71,-12.577204244978788,-12.577204244978788,0
adam,standard,72,-12.613620392668825,-12.613620392668825,0
adam,standard,73,-12.650890372630688,-12.650890372630688,0
adam,standard,74,-12.688312325839282,-12.688312325839282,0
adam,standard,75,-12.725054789601236,-12.725054789601236,0
adam,standard,76,-12.76028072466412,-12.76028072466412,0
adam,standard,77,-12.793336736172805,-12.793336736172805,0
adam,standard,78,-12.823947588604808,-12.823947588604808,0
adam,standard,79,-12.85223904204545,-12.85223904204545,0
adam,standard,80,-12.878524583703786,-12.878524583703786,0
adam,standard,81,-12.902997830830747,-12.902997830830747,0
adam,standard,82,-12.92556595529501,-12.92556595529501,0
adam,standard,83,-12.945912493851576,-12.945912493851576,0
adam,standard,84,-12.963677294624707,-12.963677294624707,0
adam,standard,85,-12.978626154704155,-12.978626154704155,0
adam,standard,86,-12.99075950391102,-12.99075950391102,0
adam,standard,87,-13.000351405952117,-13.000351405952117,0
adam,standard,88,-13.00791012427681,-13.00791012427681,0
adam,standard,89,-13.01407657855328,-13.01407657855328,0
adam,standard,90,-13.019500641466609,-13.019500641466609,0
adam,standard,91,-13.024733997603363,-13.024733997603363,0
adam,standard,92,-13.030155839368097,-13.030155839368097,0
adam,standard,93,-13.035932256560802,-13.035932256560802,0
adam,standard,94,-13.042031498717543,-13.042031498717543,0
adam,standard,95,-13.048301498664516,-13.048301498664516,0
adam,standard,96,-13.054565146066958,-13.054565146066958,0
adam,standard,97,-13.060682945065153,-13.060682945065153,0
adam,standard,98,-13.066570629734434,-13.066570629734434,0
adam,standard,99,-13.072194635348122,-13.072194635348122,0
adam,standard,100,-13.077560972069563,-13.077560972069563,0
adam,standard,101,-13.08269322272736,-13.08269322272736,0
adam,standard,102,-13.087608174644755,-13.087608174644755,0
adam,standard,103,-13.092305406646721,-13.092305406646721,0
adam,standard,104,-13.09676981700196,-13.09676981700196,0
adam,standard,105,-13.100976337781074,-13.100976337781074,0
adam,standard,106,-13.104893524638856,-13.104893524638856,0
adam,standard,107,-13.108489991726346,-13.108489991726346,0
adam,standard,108,-13.111740610257337,-13.111740610257337,0
adam,standard,109,-13.114626949144121,-13.114626949144121,0
adam,standard,110,-13.117139664287933,-13.117139664287933,0
adam,standard,111,-13.119288619739727,-13.119288619739727,0
adam,standard,112,-13.121109930115718,-13.121109930115718,0
adam,standard,113,-13.122659169248834,-13.122659169248834,0
adam,standard,114,-13.123995947682266,-13.123995947682266,0
adam,standard,115,-13.125172618444847,-13.125172618444847,0
adam,standard,116,-13.126229897120101,-13.126229897120101,0
adam,standard,117,-13.127195394328668,-13.127195394328668,0
adam,standard,118,-13.12808564484878,-13.12808564484878,0
adam,standard,119,-13.128911832055362,-13.128911832055362,0
adam,standard,120,-13.129684986315372,-13.129684986315372,0
adam,standard,121,-13.130417789519901,-13.130417789519901,0
adam,standard,122,-13.131124507477413,-13.131124507477413,0
adam,standard,123,-13.131820020145598,-13.131820020145598,0
adam,standard,124,-13.13251604525303,-13.13251604525303,0
adam,standard,125,-13.133216252190941,-13.133216252190941,0
adam,standard,126,-13.133915076535994,-13.133915076535994,0
adam,standard,127,-13.13460103663497,-13.13460103663497,0
adam,standard,128,-13.135261311396377,-13.135261311396377,0
adam,standard,129,-13.135885321723903,-13.135885321723903,0
adam,standard,130,-13.136467473694617,-13.136467473694617,0
adam,standard,131,-13.13700827994419,-13.13700827994419,0
adam,standard,132,-13.137512621330728,-13.137512621330728,0
adam,standard,133,-13.137986382717763,-13.137986382717763,0
adam,standard,134,-13.138433863492157,-13.138433863492157,0
adam,standard,135,-13.138857013493512,-13.138857013493512,0
adam,standard,136,-13.139256029447267,-13.139256029447267,0
adam,standard,137,-13.139630654783796,-13.139630654783796,0
adam,standard,138,-13.139981232018114,-13.139981232018114,0
adam,standard,139,-13.140308638049483,-13.140308638049483,0
adam,standard,140,-13.140613624384732,-13.140613624384732,0
adam,standard,141,-13.140896703798052,-13.140896703798052,0
adam,standard,142,-13.141158652127464,-13.141158652127464,0
adam,standard,143,-13.141400770910332,-13.141400770910332,0
adam,standard,144,-13.14162478370798,-13.14162478370798,0
adam,standard,145,-13.141832744133144,-13.141832744133144,0
adam,standard,146,-13.14202681649253,-13.14202681649253,0
adam,standard,147,-13.1422087576067,-13.1422087576067,0
adam,standard,148,-13.142379526631364,-13.142379526631364,0
adam,standard,149,-13.142539449569915,-13.142539449569915,0
adam,standard,150,-13.142688640645327,-13.142688640645327,0
adam,standard,151,-13.142827291242844,-13.142827291242844,0
adam,standard,152,-13.142955781891848,-13.142955781891848,0
adam,standard,153,-13.143074666038244,-13.143074666038244,0
adam,standard,154,-13.143184565970854,-13.143184565970854,0
adam,standard,155,-13.143286102874077,-13.143286102874077,0
adam,standard,156,-13.143379899568169,-13.143379899568169,0
adam,standard,157,-13.143466507198362,-13.143466507198362,0
adam,standard,158,-13.143546293534845,-13.143546293534845,0
adam,standard,159,-13.14361949335004,-13.14361949335004,0
adam,standard,160,-13.143686408356151,-13.143686408356151,0
adam,standard,161,-13.143747533924982,-13.143747533924982,0
adam,standard,162,-13.143803552762103,-13.143803552762103,0
adam,standard,163,-13.14385528431007,-13.14385528431007,0
adam,standard,164,-13.143903591060571,-13.143903591060571,0
adam,standard,165,-13.143949223320606,-13.143949223320606,0
adam,standard,166,-13.143992696274417,-13.143992696274417,0
adam,standard,167,-13.144034295823943,-13.144034295823943,0
adam,standard,168,-13.144074178217377,-13.144074178217377,0
adam,standard,169,-13.14411247494319,-13.14411247494319,0
adam,standard,170,-13.144149335746569,-13.144149335746569,0
adam,standard,171,-13.144184901406035,-13.144184901406035,0
adam,standard,172,-13.144219260654657,-13.144219260654657,0
adam,standard,173,-13.144252456492412,-13.144252456492412,0
adam,standard,174,-13.144284527966969,-13.144284527966969,0
adam,standard,175,-13.14431553691293,-13.14431553691293,0
adam,standard,176,-13.144345573644095,-13.144345573644095,0
adam,standard,177,-13.14437475345428,-13.14437475345428,0
adam,standard,178,-13.144403195298901,-13.144403195298901,0
adam,standard,179,-13.144430991677856,-13.144430991677856,0
adam,standard,180,-13.144458204254065,-13.144458204254065,0
adam,standard,181,-13.144484886248367,-13.144484886248367,0
adam,standard,182,-13.144511103096903,-13.144511103096903,0
adam,standard,183,-13.144536937748272,-13.144536937748272,0
adam,standard,184,-13.144562484481563,-13.144562484481563,0
adam,standard,185,-13.144587834719452,-13.144587834719452,0
adam,standard,186,-13.144613065249397,-13.144613065249397,0
adam,standard,187,-13.14463823643997,-13.14463823643997,0
adam,standard,188,-13.144663395909998,-13.144663395909998,0
adam,standard,189,-13.144688584772712,-13.144688584772712,0
adam,standard,190,-13.144713849709323,-13.144713849709323,0
adam,standard,191,-13.144739251816452,-13.144739251816452,0
adam,standard,192,-13.144764861764024,-13.144764861764024,0
adam,standard,193,-13.144790748727045,-13.144790748727045,0
adam,standard,194,-13.144816975859163,-13.144816975859163,0
adam,standard,195,-13.144843601547572,-13.144843601547572,0
adam,standard,196,-13.14487068220128,-13.14487068220128,0
adam,standard,197,-13.144898276608611,-13.144898276608611,0
adam,standard,198,-13.144926449966478,-13.144926449966478,0
adam,standard,199,-13.144955274542209,-13.144955274542209,0
adam,standard,200,-13.144984828566269,-13.144984828566269,0
adam,standard,201,-13.14501519574155,-13.14501519574155,0
adam,standard,202,-13.145046465401618,-13.145046465401618,0
adam,standard,203,-13.14507873332597,-13.14507873332597,0
adam,standard,204,-13.145112102481894,-13.145112102481894,0
adam,standard,205,-13.14514668180005,-13.14514668180005,0
adam,standard,206,-13.145182583834211,-13.145182583834211,0
adam,standard,207,-13.145219923963623,-13.145219923963623,0
adam,standard,208,-13.145258821187815,-13.145258821187815,0
adam,standard,209,-13.145299398828909,-13.145299398828909,0
adam,standard,210,-13.145341784114592,-13.145341784114592,0
adam,standard,211,-13.145386104194868,-13.145386104194868,0
adam,standard,212,-13.145432472732029,-13.145432472732029,0
adam,standard,213,-13.14548095476786,-13.14548095476786,0
adam,standard,214,-13.145531482396068,-13.145531482396068,0
adam,standard,215,-13.1455836723875,-13.1455836723875,0
adam,standard,216,-13.145636550098105,-13.145636550098105,0
adam,standard,217,-13.14568876534128,-13.14568876534128,0
adam,standard,218,-13.145741836294864,-13.145741836294864,0
adam,standard,219,-13.14580666213341,-13.14580666213341,0
adam,standard,220,-13.145892023676327,-13.145892023676327,0
adam,standard,221,-13.14597824081075,-13.14597824081075,0
adam,standard,222,-13.146049078704573,-13.146049078704573,0
adam,standard,223,-13.146125337491695,-13.146125337491695,0
adam,standard,224,-13.14622359769014,-13.14622359769014,0
adam,standard,225,-13.146323295842576,-13.146323295842576,0
adam,standard,226,-13.146415042379955,-13.146415042379955,0
adam,standard,227,-13.146520746066916,-13.146520746066916,0
adam,standard,228,-13.14664093815557,-13.14664093815557,0
adam,standard,229,-13.146757650285226,-13.146757650285226,0
adam,standard,230,-13.146880188350547,-13.146880188350547,0
adam,standard,231,-13.147019726893054,-13.147019726893054,0
adam,standard,232,-13.1471634792382,-13.1471634792382,0
adam,standard,233,-13.147310652936634,-13.147310652936634,0
adam,standard,234,-13.147473417350922,-13.147473417350922,0
adam,standard,235,-13.147646222187655,-13.147646222187655,0
adam,standard,236,-13.147823718366068,-13.147823718366068,0
adam,standard,237,-13.14801501809917,-13.14801501809917,0
adam,standard,238,-13.148219939230165,-13.148219939230165,0
adam,standard,239,-13.148432352234735,-13.148432352234735,0
adam,standard,240,-13.148657476745841,-13.148657476745841,0
adam,standard,241,-13.148898089347432,-13.148898089347432,0
adam,standard,242,-13.149149226737462,-13.149149226737462,0
adam,standard,243,-13.14941272315387,-13.14941272315387,0
adam,standard,244,-13.149692305395293,-13.149692305395293,0
adam,standard,245,-13.149984886882562,-13.149984886882562,0
adam,standard,246,-13.150289898962393,-13.150289898962393,0
adam,standard,247,-13.15061056882491,-13.15061056882491,0
adam,standard,248,-13.150945613162383,-13.150945613162383,0
adam,standard,249,-13.151293133577433,-13.151293133577433,0
adam,standard,250,-13.151654982505798,-13.151654982505798,0
adam,standard,251,-13.152031111465359,-13.152031111465359,0
adam,standard,252,-13.152419244255698,-13.152419244255698,0
adam,standard,253,-13.152819566740224,-13.152819566740224,0
adam,standard,254,-13.153232451016647,-13.153232451016647,0
adam,standard,255,-13.153655908927435,-13.153655908927435,0
adam,standard,256,-13.154088713114003,-13.154088713114003,0
adam,standard,257,-13.154530880469165,-13.154530880469165,0
adam,standard,258,-13.154980970544042,-13.154980970544042,0
adam,standard,259,-13.155436988676199,-13.155436988676199,0
adam,standard,260,-13.155898150703647,-13.155898150703647,0
adam,standard,261,-13.156363427393273,-13.156363427393273,0
adam,standard,262,-13.15683079763562,-13.15683079763562,0
adam,standard,263,-13.157298746088324,-13.157298746088324,0
adam,standard,264,-13.157766318878842,-13.157766318878842,0
adam,standard,265,-13.158231966743807,-13.158231966743807,0
adam,standard,266,-13.158693959108724,-13.158693959108724,0
adam,standard,267,-13.159151206343699,-13.159151206343699,0
adam,standard,268,-13.159602717936252,-13.159602717936252,0
adam,standard,269,-13.160047161016756,-13.160047161016756,0
adam,standard,270,-13.160483451595631,-13.160483451595631,0
adam,standard,271,-13.160910980443093,-13.160910980443093,0
adam,standard,272,-13.161329121497108,-13.161329121497108,0
adam,standard,273,-13.161737188899558,-13.161737188899558,0
adam,standard,274,-13.16213484762373,-13.16213484762373,0
adam,standard,275,-13.162522078221231,-13.162522078221231,0
adam,standard,276,-13.162898863053469,-13.162898863053469,0
adam,standard,277,-13.163265257243996,-13.163265257243996,0
adam,standard,278,-13.163621614496265,-13.163621614496265,0
adam,standard,279,-13.163968489840569,-13.163968489840569,0
adam,standard,280,-13.164306451693681,-13.164306451693681,0
adam,standard,281,-13.164636147417365,-13.164636147417365,0
adam,standard,282,-13.164958418539376,-13.164958418539376,0
adam,standard,283,-13.165274215232813,-13.165274215232813,0
adam,standard,284,-13.165584476535889,-13.165584476535889,0
adam,standard,285,-13.165890164383368,-13.165890164383368,0
adam,standard,286,-13.166192325325177,-13.166192325325177,0
adam,standard,287,-13.166492034805026,-13.166492034805026,0
adam,standard,288,-13.166790315253996,-13.166790315253996,0
adam,standard,289,-13.167088143782648,-13.167088143782648,0
adam,standard,290,-13.167386489171156,-13.167386489171156,0
adam,standard,291,-13.167686285299954,-13.167686285299954,0
adam,standard,292,-13.167988375986944,-13.167988375986944,0
adam,standard,293,-13.168293506274217,-13.168293506274217,0
adam,standard,294,-13.168602345524757,-13.168602345524757,0
adam,standard,295,-13.168915483172237,-13.168915483172237,0
adam,standard,296,-13.169233396924687,-13.169233396924687,0
adam,standard,297,-13.169556437722319,-13.169556437722319,0
adam,standard,298,-13.16988484190918,-13.16988484190918,0
adam,standard,299,-13.170218740214354,-13.170218740214354,0
adam,standard,300,-13.170558147365439,-13.170558147365439,0
adam,standard,301,-13.170902950291698,-13.170902950291698,0
adam,standard,302,-13.171252912571322,-13.171252912571322,0
adam,standard,303,-13.171607687645574,-13.171607687645574,0
adam,standard,304,-13.171966825127038,-13.171966825127038,0
adam,standard,305,-13.172329769790924,-13.172329769790924,0
adam,standard,306,-13.17269586460157,-13.17269586460157,0
adam,standard,307,-13.173064362761673,-13.173064362761673,0
adam,standard,308,-13.173434442497754,-13.173434442497754,0
adam,standard,309,-13.173805217991895,-13.173805217991895,0
adam,standard,310,-13.174175747717888,-13.174175747717888,0
adam,standard,311,-13.174545045418439,-13.174545045418439,0
adam,standard,312,-13.174912095351782,-13.174912095351782,0
adam,standard,313,-13.17527586862929,-13.17527586862929,0
adam,standard,314,-13.17563533745979,-13.17563533745979,0
adam,standard,315,-13.175989487438962,-13.175989487438962,0
adam,standard,316,-13.176337329970465,-13.176337329970465,0
adam,standard,317,-13.176677915758935,-13.176677915758935,0
adam,standard,318,-13.177010348201968,-13.177010348201968,0
adam,standard,319,-13.177333795002461,-13.177333795002461,0
adam,standard,320,-13.177647497433727,-13.177647497433727,0
adam,standard,321,-13.177950777848423,-13.177950777848423,0
adam,standard,322,-13.178243046104638,-13.178243046104638,0
adam,standard,323,-13.17852380487758,-13.17852380487758,0
adam,standard,324,-13.178792653296622,-13.178792653296622,0
adam,standard,325,-13.17904928845321,-13.17904928845321,0
adam,standard,326,-13.179293504812932,-13.179293504812932,0
adam,standard,327,-13.179525191923515,-13.179525191923515,0
adam,standard,328,-13.17974433081121,-13.17974433081121,0
adam,standard,329,-13.179950989252218,-13.179950989252218,0
adam,standard,330,-13.180145315950627,-13.180145315950627,0
adam,standard,331,-13.180327533672454,-13.180327533672454,0
adam,standard,332,-13.180497931515196,-13.180497931515196,0
adam,standard,333,-13.180656856604383,-13.180656856604383,0
adam,standard,334,-13.180804705527551,-13.180804705527551,0
adam,standard,335,-13.180941915759425,-13.180941915759425,0
adam,standard,336,-13.181068957251584,-13.181068957251584,0
adam,standard,337,-13.181186324310245,-13.181186324310245,0
adam,standard,338,-13.18129452787041,-13.18129452787041,0
adam,standard,339,-13.181394088274352,-13.181394088274352,0
adam,standard,340,-13.181485528660415,-13.181485528660415,0
adam,standard,341,-13.181569369045954,-13.181569369045954,0
adam,standard,342,-13.181646121156348,-13.181646121156348,0
adam,standard,343,-13.181716284017464,-13.181716284017464,0
adam,standard,344,-13.181780340298387,-13.181780340298387,0
adam,standard,345,-13.181838753373022,-13.181838753373022,0
adam,standard,346,-13.181891965056248,-13.181891965056248,0
adam,standard,347,-13.181940393963698,-13.181940393963698,0
adam,standard,348,-13.181984434439498,-13.181984434439498,0
adam,standard,349,-13.182024455990936,-13.182024455990936,0
adam,standard,350,-13.182060803168078,-13.182060803168078,0
adam,standard,351,-13.182093795822775,-13.182093795822775,0
adam,standard,352,-13.182123729683761,-13.182123729683761,0
adam,standard,353,-13.182150877185345,-13.182150877185345,0
adam,standard,354,-13.182175488493023,-13.182175488493023,0
adam,standard,355,-13.182197792673229,-13.182197792673229,0
adam,standard,356,-13.18221799896079,-13.18221799896079,0
adam,standard,357,-13.182236298083868,-13.182236298083868,0
adam,standard,358,-13.182252863611922,-13.182252863611922,0
adam,standard,359,-13.182267853297358,-13.182267853297358,0
adam,standard,360,-13.182281410388667,-13.182281410388667,0
adam,standard,361,-13.182293664894983,-13.182293664894983,0
adam,standard,362,-13.182304734789533,-13.182304734789533,0
adam,standard,363,-13.182314727140843,-13.182314727140843,0
adam,standard,364,-13.182323739165854,-13.182323739165854,0
adam,standard,365,-13.182331859200934,-13.182331859200934,0
adam,standard,366,-13.182339167589708,-13.182339167589708,0
adam,standard,367,-13.182345737488966,-13.182345737488966,0
adam,standard,368,-13.182351635595367,-13.182351635595367,0
adam,standard,369,-13.182356922795787,-13.182356922795787,0
adam,standard,370,-13.182361654747371,-13.182361654747371,0
adam,standard,371,-13.18236588239139,-13.18236588239139,0
adam,standard,372,-13.182369652407347,-13.182369652407347,0
adam,standard,373,-13.182373007612712,-13.182373007612712,0
adam,standard,374,-13.182375987313907,-13.182375987313907,0
adam,standard,375,-13.182378627614378,-13.182378627614378,0
adam,standard,376,-13.182380961684249,-13.182380961684249,0
adam,standard,377,-13.182383019996513,-13.182383019996513,0
adam,standard,378,-13.182384830533005,-13.182384830533005,0
adam,standard,379,-13.182386418962071,-13.182386418962071,0
adam,standard,380,-13.182387808787173,-13.182387808787173,0
adam,standard,381,-13.182389021460743,-13.182389021460743,0
adam,standard,382,-13.182390076445847,-13.182390076445847,0
adam,standard,383,-13.182390991186756,-13.182390991186756,0
adam,standard,384,-13.182391780899469,-13.182391780899469,0
adam,standard,385,-13.182392457986726,-13.182392457986726,0
adam,standard,386,-13.182393030642547,-13.182393030642547,0
adam,standard,387,-13.182393499676502,-13.182393499676502,0
adam,standard,388,-13.182393851395076,-13.182393851395076,0
adam,standard,389,-13.182394041737481,-13.182394041737481,0
adam,standard,390,-13.18239396130137,-13.18239396130137,0
adam,standard,391,-13.182393360636517,-13.182393360636517,0
adam,standard,392,-13.18239170418406,-13.18239170418406,0
adam,standard,393,-13.182387953462442,-13.182387953462442,0
adam,standard,394,-13.182380565893222,-13.182380565893222,0
adam,standard,395,-13.182369021677859,-13.182369021677859,0
adam,standard,396,-13.182358802221922,-13.182358802221922,0
adam,standard,397,-13.182363032595196,-13.182363032595196,0
adam,standard,398,-13.182383093860597,-13.182383093860597,0
adam,standard,399,-13.18239597682956,-13.18239597682956,0
adam,standard,400,-13.182388327022684,-13.182388327022684,0
adam,standard,401,-13.182376917141386,-13.182376917141386,0
adam,standard,402,-13.18238187469973,-13.18238187469973,0
adam,standard,403,-13.182394790496524,-13.182394790496524,0
adam,standard,404,-13.182394443055513,-13.182394443055513,0
adam,standard,405,-13.182385464121054,-13.182385464121054,0
adam,standard,406,-13.18238659276303,-13.18238659276303,0
adam,standard,407,-13.18239537791499,-13.18239537791499,0
adam,standard,408,-13.182395889205255,-13.182395889205255,0
adam,standard,409,-13.182389925547605,-13.182389925547605,0
adam,standard,410,-13.182390649001723,-13.182390649001723,0
adam,standard,411,-13.182396521649101,-13.182396521649101,0
adam,standard,412,-13.182396551542238,-13.182396551542238,0
adam,standard,413,-13.182392610232824,-13.182392610232824,0
adam,standard,414,-13.182393628444917,-13.182393628444917,0
adam,standard,415,-13.182397466039605,-13.182397466039605,0
adam,standard,416,-13.182397041302563,-13.182397041302563,0
adam,standard,417,-13.182394589267226,-13.182394589267226,0
adam,standard,418,-13.182395652407207,-13.182395652407207,0
adam,standard,419,-13.182398126092783,-13.182398126092783,0
adam,standard,420,-13.182397601436447,-13.182397601436447,0
adam,standard,421,-13.182396070685432,-13.182396070685432,0
adam,standard,422,-13.182397033751686,-13.182397033751686,0
adam,standard,423,-13.182398633918327,-13.182398633918327,0
adam,standard,424,-13.18239815111662,-13.18239815111662,0
adam,standard,425,-13.182397238936936,-13.182397238936936,0
adam,standard,426,-13.182397988865835,-13.182397988865835,0
adam,standard,427,-13.18239902895544,-13.18239902895544,0
adam,standard,428,-13.182398708873144,-13.182398708873144,0
adam,standard,429,-13.182398140066349,-13.182398140066349,0
adam,standard,430,-13.182398667503078,-13.182398667503078,0
adam,standard,431,-13.182399390674206,-13.182399390674206,0
adam,standard,432,-13.182399209732353,-13.182399209732353,0
adam,standard,433,-13.182398846778096,-13.182398846778096,0
adam,standard,434,-13.182399193586143,-13.182399193586143,0
adam,standard,435,-13.18239970659487,-13.18239970659487,0
adam,standard,436,-13.182399654598875,-13.182399654598875,0
adam,standard,437,-13.182399417815127,-13.182399417815127,0
adam,standard,438,-13.182399614504458,-13.182399614504458,0
adam,standard,439,-13.182399997038395,-13.182399997038395,0
adam,standard,440,-13.182400037250106,-13.182400037250106,0
adam,standard,441,-13.18239988464916,-13.18239988464916,0
adam,standard,442,-13.182399981661653,-13.182399981661653,0
adam,standard,443,-13.182400258988386,-13.182400258988386,0
adam,standard,444,-13.182400358521567,-13.182400358521567,0
adam,standard,445,-13.182400281398568,-13.182400281398568,0
adam,standard,446,-13.182400310500833,-13.182400310500833,0
adam,standard,447,-13.182400499386482,-13.182400499386482,0
adam,standard,448,-13.182400630599474,-13.182400630599474,0
adam,standard,449,-13.182400615902257,-13.182400615902257,0
adam,standard,450,-13.182400614011675,-13.182400614011675,0
adam,standard,451,-13.182400729439887,-13.182400729439887,0
adam,standard,452,-13.182400859258212,-13.182400859258212,0
adam,standard,453,-13.182400897012538,-13.182400897012538,0
adam,standard,454,-13.18240089544671,-13.18240089544671,0
adam,standard,455,-13.18240095362995,-13.18240095362995,0
adam,standard,456,-13.182401059883356,-13.182401059883356,0
adam,standard,457,-13.18240113040779,-13.18240113040779,0
adam,standard,458,-13.182401148223176,-13.182401148223176,0
adam,standard,459,-13.18240117590114,-13.18240117590114,0
adam,standard,460,-13.182401247174303,-13.182401247174303,0
adam,standard,461,-13.1824013241595,-13.1824013241595,0
adam,standard,462,-13.182401367106442,-13.182401367106442,0
adam,standard,463,-13.182401390356437,-13.182401390356437,0
adam,standard,464,-13.182401431248302,-13.182401431248302,0
adam,standard,465,-13.182401494173861,-13.182401494173861,0
adam,standard,466,-13.18240155070489,-13.18240155070489,0
adam,standard,467,-13.182401585172876,-13.182401585172876,0
adam,standard,468,-13.182401613709152,-13.182401613709152,0
adam,standard,469,-13.182401655732425,-13.182401655732425,0
adam,standard,470,-13.18240170763877,-13.18240170763877,0
adam,standard,471,-13.18240175265504,-13.18240175265504,0
adam,standard,472,-13.182401784992464,-13.182401784992464,0
adam,standard,473,-13.182401815006402,-13.182401815006402,0
adam,standard,474,-13.182401853029333,-13.182401853029333,0
adam,standard,475,-13.182401896229448,-13.182401896229448,0
adam,standard,476,-13.182401934841474,-13.182401934841474,0
adam,standard,477,-13.18240196581496,-13.18240196581496,0
adam,standard,478,-13.182401994990405,-13.182401994990405,0
adam,standard,479,-13.182402028212836,-13.182402028212836,0
adam,standard,480,-13.18240206459701,-13.18240206459701,0
adam,standard,481,-13.182402098908451,-13.182402098908451,0
adam,standard,482,-13.18240212847516,-13.18240212847516,0
adam,standard,483,-13.18240215583656,-13.18240215583656,0
adam,standard,484,-13.18240218476277,-13.18240218476277,0
adam,standard,485,-13.182402215748985,-13.182402215748985,0
adam,standard,486,-13.18240224626394,-13.18240224626394,0
adam,standard,487,-13.18240227414235,-13.18240227414235,0
adam,standard,488,-13.182402299775042,-13.182402299775042,0
adam,standard,489,-13.182402325219847,-13.182402325219847,0
adam,standard,490,-13.182402351731646,-13.182402351731646,0
adam,standard,491,-13.182402378606977,-13.182402378606977,0
adam,standard,492,-13.18240240435438,-13.18240240435438,0
adam,standard,493,-13.182402428386762,-13.182402428386762,0
adam,standard,494,-13.182402451377314,-13.182402451377314,0
adam,standard,495,-13.182402474354921,-13.182402474354921,0
adam,standard,496,-13.18240249768375,-13.18240249768375,0
adam,standard,497,-13.182402520852609,-13.182402520852609,0
adam,standard,498,-13.182402543141693,-13.182402543141693,0
adam,standard,499,-13.182402564355572,-13.182402564355572,0
adam,standard,500,-13.182402584882919,-13.182402584882919,0
adam,standard,501,-13.182402605223668,-13.182402605223668,0
adam,standard,502,-13.18240262555714,-13.18240262555714,0
adam,standard,503,-13.182402645668779,-13.182402645668779,0
adam,standard,504,-13.182402665211596,-13.182402665211596,0
adam,standard,505,-13.182402684036175,-13.182402684036175,0
adam,standard,506,-13.182402702280493,-13.182402702280493,0
adam,standard,507,-13.18240272019435,-13.18240272019435,0
adam,standard,508,-13.182402737928719,-13.182402737928719,0
adam,standard,509,-13.182402755457485,-13.182402755457485,0
adam,standard,510,-13.182402772638433,-13.182402772638433,0
adam,standard,511,-13.182402789346483,-13.182402789346483,0
adam,standard,512,-13.1824028055713,-13.1824028055713,0
adam,standard,513,-13.182402821403556,-13.182402821403556,0
adam,standard,514,-13.182402836950898,-13.182402836950898,0
adam,standard,515,-13.182402852269941,-13.182402852269941,0
adam,standard,516,-13.18240286734849,-13.18240286734849,0
adam,standard,517,-13.182402882130955,-13.182402882130955,0
adam,standard,518,-13.182402896567712,-13.182402896567712,0
adam,standard,519,-13.182402910651309,-13.182402910651309,0
adam,standard,520,-13.182402924414054,-13.182402924414054,0
adam,standard,521,-13.182402937902243,-13.182402937902243,0
adam,standard,522,-13.182402951152408,-13.182402951152408,0
adam,standard,523,-13.182402964178053,-13.182402964178053,0
adam,standard,524,-13.182402976969788,-13.182402976969788,0
adam,standard,525,-13.182402989509617,-13.182402989509617,0
adam,standard,526,-13.182403001786406,-13.182403001786406,0
adam,standard,527,-13.182403013802105,-13.182403013802105,0
adam,standard,528,-13.182403025569544,-13.182403025569544,0
adam,standard,529,-13.182403037107695,-13.182403037107695,0
adam,standard,530,-13.18240304843434,-13.18240304843434,0
adam,standard,531,-13.18240305956056,-13.18240305956056,0
adam,standard,532,-13.182403070490306,-13.182403070490306,0
adam,standard,533,-13.182403081223471,-13.182403081223471,0
adam,standard,534,-13.182403091758808,-13.182403091758808,0
adam,standard,535,-13.182403102096215,-13.182403102096215,0
adam,standard,536,-13.18240311223853,-13.18240311223853,0
adam,standard,537,-13.182403122191877,-13.182403122191877,0
adam,standard,538,-13.182403131963717,-13.182403131963717,0
adam,standard,539,-13.182403141561835,-13.182403141561835,0
adam,standard,540,-13.182403150993432,-13.182403150993432,0
adam,standard,541,-13.182403160264567,-13.182403160264567,0
adam,standard,542,-13.182403169379983,-13.182403169379983,0
adam,standard,543,-13.182403178343115,-13.182403178343115,0
adam,standard,544,-13.182403187157325,-13.182403187157325,0
adam,standard,545,-13.182403195825641,-13.182403195825641,0
adam,standard,546,-13.182403204351068,-13.182403204351068,0
adam,standard,547,-13.182403212736922,-13.182403212736922,0
adam,standard,548,-13.18240322098684,-13.18240322098684,0
adam,standard,549,-13.182403229104596,-13.182403229104596,0
adam,standard,550,-13.182403237094013,-13.182403237094013,0
adam,standard,551,-13.182403244958845,-13.182403244958845,0
adam,standard,552,-13.182403252702874,-13.182403252702874,0
adam,standard,553,-13.182403260329714,-13.182403260329714,0
adam,standard,554,-13.182403267842739,-13.182403267842739,0
adam,standard,555,-13.182403275245338,-13.182403275245338,0
adam,standard,556,-13.182403282540662,-13.182403282540662,0
adam,standard,557,-13.182403289731738,-13.182403289731738,0
adam,standard,558,-13.182403296821418,-13.182403296821418,0
adam,standard,559,-13.182403303812531,-13.182403303812531,0
adam,standard,560,-13.18240331070762,-13.18240331070762,0
adam,standard,561,-13.182403317509202,-13.182403317509202,0
adam,standard,562,-13.182403324219417,-13.182403324219417,0
adam,standard,563,-13.182403330840227,-13.182403330840227,0
adam,standard,564,-13.182403337373145,-13.182403337373145,0
adam,standard,565,-13.182403343818892,-13.182403343818892,0
adam,standard,566,-13.182403350177491,-13.182403350177491,0
adam,standard,567,-13.182403356447116,-13.182403356447116,0
adam,standard,568,-13.182403362623589,-13.182403362623589,0
adam,standard,569,-13.182403368698585,-13.182403368698585,0
adam,standard,570,-13.182403374656907,-13.182403374656907,0
adam,standard,571,-13.182403380471753,-13.182403380471753,0
adam,standard,572,-13.182403386096398,-13.182403386096398,0
adam,standard,573,-13.182403391449546,-13.182403391449546,0
adam,standard,574,-13.182403396389223,-13.182403396389223,0
adam,standard,575,-13.182403400665335,-13.182403400665335,0
adam,standard,576,-13.182403403833641,-13.182403403833641,0
adam,standard,577,-13.182403405095975,-13.182403405095975,0
adam,standard,578,-13.182403403003313,-13.182403403003313,0
adam,standard,579,-13.182403394895537,-13.182403394895537,0
adam,standard,580,-13.18240337583559,-13.18240337583559,0
adam,standard,581,-13.182403336563844,-13.182403336563844,0
adam,standard,582,-13.182403259543241,-13.182403259543241,0
adam,standard,583,-13.18240311127867,-13.18240311127867,0
adam,standard,584,-13.182402827409183,-13.182402827409183,0
adam,standard,585,-13.18240228406667,-13.18240228406667,0
adam,standard,586,-13.182401244467897,-13.182401244467897,0
adam,standard,587,-13.182399266417363,-13.182399266417363,0
adam,standard,588,-13.182395570541676,-13.182395570541676,0
adam,standard,589,-13.182388961625096,-13.182388961625096,0
adam,standard,590,-13.182378216014497,-13.182378216014497,0
adam,standard,591,-13.18236393346495,-13.18236393346495,0
adam,standard,592,-13.182352237549894,-13.182352237549894,0
adam,standard,593,-13.182354914360554,-13.182354914360554,0
adam,standard,594,-13.182376114920284,-13.182376114920284,0
adam,standard,595,-13.182398762457769,-13.182398762457769,0
adam,standard,596,-13.18240172080111,-13.18240172080111,0
adam,standard,597,-13.182387379558062,-13.182387379558062,0
adam,standard,598,-13.182377585335589,-13.182377585335589,0
adam,standard,599,-13.182386040239322,-13.182386040239322,0
adam,standard,600,-13.182400581482579,-13.182400581482579,0
adam,standard,601,-13.182401977621657,-13.182401977621657,0
adam,standard,602,-13.182392354506899,-13.182392354506899,0
adam,standard,603,-13.182388628001839,-13.182388628001839,0
adam,standard,604,-13.182396413859822,-13.182396413859822,0
adam,standard,605,-13.182403378138186,-13.182403378138186,0
adam,standard,606,-13.182400195817817,-13.182400195817817,0
adam,standard,607,-13.182394470591653,-13.182394470591653,0
adam,standard,608,-13.182396299743214,-13.182396299743214,0
adam,standard,609,-13.182402206182498,-13.182402206182498,0
adam,standard,610,-13.182402957038295,-13.182402957038295,0
adam,standard,611,-13.182399030494954,-13.182399030494954,0
adam,standard,612,-13.182397917506158,-13.182397917506158,0
adam,standard,613,-13.18240132894643,-13.18240132894643,0
adam,standard,614,-13.182403584253336,-13.182403584253336,0
adam,standard,615,-13.182401745846791,-13.182401745846791,0
adam,standard,616,-13.182399816184835,-13.182399816184835,0
adam,standard,617,-13.18240119025578,-13.18240119025578,0
adam,standard,618,-13.182403380853733,-13.182403380853733,0
adam,standard,619,-13.182403087685838,-13.182403087685838,0
adam,standard,620,-13.18240150093808,-13.18240150093808,0
adam,standard,621,-13.182401518879837,-13.182401518879837,0
adam,standard,622,-13.182403010112491,-13.182403010112491,0
adam,standard,623,-13.18240359794132,-13.18240359794132,0
adam,standard,624,-13.182402696878203,-13.182402696878203,0
adam,standard,625,-13.182402107096857,-13.182402107096857,0
adam,standard,626,-13.182402810478552,-13.182402810478552,0
adam,standard,627,-13.182403606332706,-13.182403606332706,0
adam,standard,628,-13.182403385491424,-13.182403385491424,0
adam,standard,629,-13.182402776990404,-13.182402776990404,0
adam,standard,630,-13.18240283886024,-13.18240283886024,0
adam,standard,631,-13.18240343194805,-13.18240343194805,0
adam,standard,632,-13.18240366127006,-13.18240366127006,0
adam,standard,633,-13.18240331843166,-13.18240331843166,0
adam,standard,634,-13.18240306860377,-13.18240306860377,0
adam,standard,635,-13.182403314559018,-13.182403314559018,0
adam,standard,636,-13.182403653367425,-13.182403653367425,0
adam,standard,637,-13.182403627013253,-13.182403627013253,0
adam,standard,638,-13.182403386453986,-13.182403386453986,0
adam,standard,639,-13.182403344599827,-13.182403344599827,0
adam,standard,640,-13.1824035548962,-13.1824035548962,0
adam,standard,641,-13.18240371140214,-13.18240371140214,0
adam,standard,642,-13.182403634503755,-13.182403634503755,0
adam,standard,643,-13.182403498244904,-13.182403498244904,0
adam,standard,644,-13.18240352504801,-13.18240352504801,0
adam,standard,645,-13.182403668424683,-13.182403668424683,0
adam,standard,646,-13.182403733285035,-13.182403733285035,0
adam,standard,647,-13.18240366868689,-13.18240366868689,0
adam,standard,648,-13.182403600791806,-13.182403600791806,0
adam,standard,649,-13.18240363375114,-13.18240363375114,0
adam,standard,650,-13.182403721747393,-13.182403721747393,0
adam,standard,651,-13.182403754758342,-13.182403754758342,0
adam,standard,652,-13.18240371300357,-13.18240371300357,0
adam,standard,653,-13.182403676325292,-13.182403676325292,0
adam,standard,654,-13.182403701115518,-13.182403701115518,0
adam,standard,655,-13.182403754694375,-13.182403754694375,0
adam,standard,656,-13.182403776070972,-13.182403776070972,0
adam,standard,657,-13.182403754977551,-13.182403754977551,0
adam,standard,658,-13.18240373334477,-13.18240373334477,0
adam,standard,659,-13.182403745936913,-13.182403745936913,0
adam,standard,660,-13.182403779710754,-13.182403779710754,0
adam,standard,661,-13.182403798171917,-13.182403798171917,0
adam,standard,662,-13.182403790121883,-13.182403790121883,0
adam,standard,663,-13.182403777307238,-13.182403777307238,0
adam,standard,664,-13.182403781828539,-13.182403781828539,0
adam,standard,665,-13.182403801712612,-13.182403801712612,0
adam,standard,666,-13.182403818314587,-13.182403818314587,0
adam,standard,667,-13.182403819809144,-13.182403819809144,0
adam,standard,668,-13.182403813180034,-13.182403813180034,0
adam,standard,669,-13.182403813086143,-13.182403813086143,0
adam,standard,670,-13.18240382391861,-13.18240382391861,0
adam,standard,671,-13.182403837295519,-13.182403837295519,0
adam,standard,672,-13.182403843989746,-13.182403843989746,0
adam,standard,673,-13.182403843470157,-13.182403843470157,0
adam,standard,674,-13.182403842513123,-13.182403842513123,0
adam,standard,675,-13.182403847075422,-13.182403847075422,0
adam,standard,676,-13.182403856345406,-13.182403856345406,0
adam,standard,677,-13.182403864772295,-13.182403864772295,0
adam,standard,678,-13.18240386876077,-13.18240386876077,0
adam,standard,679,-13.182403869819895,-13.182403869819895,0
adam,standard,680,-13.182403871843233,-13.182403871843233,0
adam,standard,681,-13.18240387697567,-13.18240387697567,0
adam,standard,682,-13.182403884071778,-13.182403884071778,0
adam,standard,683,-13.18240389033091,-13.18240389033091,0
adam,standard,684,-13.182403894212007,-13.182403894212007,0
adam,standard,685,-13.182403896680524,-13.182403896680524,0
adam,standard,686,-13.182403899759901,-13.182403899759901,0
adam,standard,687,-13.18240390445592,-13.18240390445592,0
adam,standard,688,-13.182403910175067,-13.182403910175067,0
adam,standard,689,-13.18240391558741,-13.18240391558741,0
adam,standard,690,-13.182403919847454,-13.182403919847454,0
adam,standard,691,-13.182403923227534,-13.182403923227534,0
adam,standard,692,-13.182403926693787,-13.182403926693787,0
adam,standard,693,-13.182403930927581,-13.182403930927581,0
adam,standard,694,-13.182403935831411,-13.182403935831411,0
adam,standard,695,-13.1824039408158,-13.1824039408158,0
adam,standard,696,-13.182403945353686,-13.182403945353686,0
adam,standard,697,-13.182403949343744,-13.182403949343744,0
adam,standard,698,-13.182403953116962,-13.182403953116962,0
adam,standard,699,-13.182403957108697,-13.182403957108697,0
adam,standard,700,-13.1824039614945,-13.1824039614945,0
adam,standard,701,-13.182403966123033,-13.182403966123033,0
adam,standard,702,-13.182403970714036,-13.182403970714036,0
adam,standard,703,-13.182403975072003,-13.182403975072003,0
adam,standard,704,-13.182403979190035,-13.182403979190035,0
adam,standard,705,-13.182403983225138,-13.182403983225138,0
adam,standard,706,-13.182403987362362,-13.182403987362362,0
adam,standard,707,-13.182403991677452,-13.182403991677452,0
adam,standard,708,-13.182403996115465,-13.182403996115465,0
adam,standard,709,-13.182404000563333,-13.182404000563333,0
adam,standard,710,-13.18240400492696,-13.18240400492696,0
adam,standard,711,-13.182404009178075,-13.182404009178075,0
adam,standard,712,-13.182404013361925,-13.182404013361925,0
adam,standard,713,-13.182404017556419,-13.182404017556419,0
adam,standard,714,-13.182404021815607,-13.182404021815607,0
adam,standard,715,-13.182404026146063,-13.182404026146063,0
adam,standard,716,-13.182404030518695,-13.182404030518695,0
adam,standard,717,-13.182404034890597,-13.182404034890597,0
adam,standard,718,-13.182404039227436,-13.182404039227436,0
adam,standard,719,-13.182404043520906,-13.182404043520906,0
adam,standard,720,-13.182404047788362,-13.182404047788362,0
adam,standard,721,-13.182404052055931,-13.182404052055931,0
adam,standard,722,-13.182404056343998,-13.182404056343998,0
adam,standard,723,-13.182404060661371,-13.182404060661371,0
adam,standard,724,-13.182404065004238,-13.182404065004238,0
adam,standard,725,-13.182404069359192,-13.182404069359192,0
adam,standard,726,-13.182404073711698,-13.182404073711698,0
adam,standard,727,-13.182404078053445,-13.182404078053445,0
adam,standard,728,-13.182404082383346,-13.182404082383346,0
adam,standard,729,-13.182404086705215,-13.182404086705215,0
adam,standard,730,-13.182404091026099,-13.182404091026099,0
adam,standard,731,-13.182404095353297,-13.182404095353297,0
adam,standard,732,-13.182404099691183,-13.182404099691183,0
adam,standard,733,-13.182404104040234,-13.182404104040234,0
adam,standard,734,-13.182404108398634,-13.182404108398634,0
adam,standard,735,-13.182404112763464,-13.182404112763464,0
adam,standard,736,-13.182404117131302,-13.182404117131302,0
adam,standard,737,-13.182404121499486,-13.182404121499486,0
adam,standard,738,-13.182404125866954,-13.182404125866954,0
adam,standard,739,-13.182404130233992,-13.182404130233992,0
adam,standard,740,-13.182404134601441,-13.182404134601441,0
adam,standard,741,-13.18240413897055,-13.18240413897055,0
adam,standard,742,-13.182404143342719,-13.182404143342719,0
adam,standard,743,-13.182404147719106,-13.182404147719106,0
adam,standard,744,-13.182404152100132,-13.182404152100132,0
adam,standard,745,-13.182404156485925,-13.182404156485925,0
adam,standard,746,-13.182404160876471,-13.182404160876471,0
adam,standard,747,-13.182404165271548,-13.182404165271548,0
adam,standard,748,-13.1824041696707,-13.1824041696707,0
adam,standard,749,-13.182404174073493,-13.182404174073493,0
adam,standard,750,-13.182404178479743,-13.182404178479743,0
adam,standard,751,-13.182404182889249,-13.182404182889249,0
adam,standard,752,-13.182404187301895,-13.182404187301895,0
adam,standard,753,-13.182404191717533,-13.182404191717533,0
adam,standard,754,-13.18240419613629,-13.18240419613629,0
adam,standard,755,-13.182404200558247,-13.182404200558247,0
adam,standard,756,-13.182404204983316,-13.182404204983316,0
adam,standard,757,-13.182404209411585,-13.182404209411585,0
adam,standard,758,-13.182404213843157,-13.182404213843157,0
adam,standard,759,-13.182404218278082,-13.182404218278082,0
adam,standard,760,-13.182404222716329,-13.182404222716329,0
adam,standard,761,-13.182404227157988,-13.182404227157988,0
adam,standard,762,-13.18240423160304,-13.18240423160304,0
adam,standard,763,-13.182404236051545,-13.182404236051545,0
adam,standard,764,-13.182404240503447,-13.182404240503447,0
adam,standard,765,-13.182404244958775,-13.182404244958775,0
adam,standard,766,-13.182404249417548,-13.182404249417548,0
adam,standard,767,-13.182404253879763,-13.182404253879763,0
adam,standard,768,-13.1824042583454,-13.1824042583454,0
adam,standard,769,-13.182404262814464,-13.182404262814464,0
adam,standard,770,-13.182404267286906,-13.182404267286906,0
adam,standard,771,-13.182404271762694,-13.182404271762694,0
adam,standard,772,-13.182404276241819,-13.182404276241819,0
adam,standard,773,-13.182404280724162,-13.182404280724162,0
adam,standard,774,-13.182404285209564,-13.182404285209564,0
adam,standard,775,-13.182404289697903,-13.182404289697903,0
adam,standard,776,-13.182404294188673,-13.182404294188673,0
adam,standard,777,-13.182404298681357,-13.182404298681357,0
adam,standard,778,-13.182404303174822,-13.182404303174822,0
adam,standard,779,-13.182404307667307,-13.182404307667307,0
adam,standard,780,-13.18240431215569,-13.18240431215569,0
adam,standard,781,-13.18240431663446,-13.18240431663446,0
adam,standard,782,-13.182404321093946,-13.182404321093946,0
adam,standard,783,-13.182404325516893,-13.182404325516893,0
adam,standard,784,-13.182404329872128,-13.182404329872128,0
adam,standard,785,-13.182404334102957,-13.182404334102957,0
adam,standard,786,-13.182404338105197,-13.182404338105197,0
adam,standard,787,-13.182404341685507,-13.182404341685507,0
adam,standard,788,-13.182404344481498,-13.182404344481498,0
adam,standard,789,-13.182404345807893,-13.182404345807893,0
adam,standard,790,-13.182404344356593,-13.182404344356593,0
adam,standard,791,-13.182404337607554,-13.182404337607554,0
adam,standard,792,-13.182404320663126,-13.182404320663126,0
adam,standard,793,-13.182404283921935,-13.182404283921935,0
adam,standard,794,-13.182404208409755,-13.182404208409755,0
adam,standard,795,-13.18240405635911,-13.18240405635911,0
adam,standard,796,-13.182403752179072,-13.182403752179072,0
adam,standard,797,-13.182403144217087,-13.182403144217087,0
adam,standard,798,-13.182401929392817,-13.182401929392817,0
adam,standard,799,-13.182399511900265,-13.182399511900265,0
adam,standard,800,-13.182394770208623,-13.182394770208623,0
adam,standard,801,-13.18238580532382,-13.18238580532382,0
adam,standard,802,-13.182370207887734,-13.182370207887734,0
adam,standard,803,-13.18234760817991,-13.18234760817991,0
adam,standard,804,-13.182326598377804,-13.182326598377804,0
adam,standard,805,-13.182328391038183,-13.182328391038183,0
adam,standard,806,-13.182363333060739,-13.182363333060739,0
adam,standard,807,-13.182399560715044,-13.182399560715044,0
adam,standard,808,-13.18239877247536,-13.18239877247536,0
adam,standard,809,-13.182372833791524,-13.182372833791524,0
adam,standard,810,-13.182364676616352,-13.182364676616352,0
adam,standard,811,-13.182387026227753,-13.182387026227753,0
adam,standard,812,-13.182404360158575,-13.182404360158575,0
adam,standard,813,-13.182393460773534,-13.182393460773534,0
adam,standard,814,-13.182379679964582,-13.182379679964582,0
adam,standard,815,-13.182388619699006,-13.182388619699006,0
adam,standard,816,-13.182403439943737,-13.182403439943737,0
adam,standard,817,-13.18239969134225,-13.18239969134225,0
adam,standard,818,-13.182389152661608,-13.182389152661608,0
adam,standard,819,-13.182393182218384,-13.182393182218384,0
adam,standard,820,-13.182403454615176,-13.182403454615176,0
adam,standard,821,-13.182401762490363,-13.182401762490363,0
adam,standard,822,-13.182394605495148,-13.182394605495148,0
adam,standard,823,-13.182397037496022,-13.182397037496022,0
adam,standard,824,-13.182403838863964,-13.182403838863964,0
adam,standard,825,-13.182402652203647,-13.182402652203647,0
adam,standard,826,-13.182397951012883,-13.182397951012883,0
adam,standard,827,-13.182399737168074,-13.182399737168074,0
adam,standard,828,-13.182404167048613,-13.182404167048613,0
adam,standard,829,-13.182403175214196,-13.182403175214196,0
adam,standard,830,-13.18240013565996,-13.18240013565996,0
adam,standard,831,-13.182401503278413,-13.182401503278413,0
adam,standard,832,-13.182404364677893,-13.182404364677893,0
adam,standard,833,-13.182403563205588,-13.182403563205588,0
adam,standard,834,-13.182401610064401,-13.182401610064401,0
adam,standard,835,-13.18240261837175,-13.18240261837175,0
adam,standard,836,-13.182404470095767,-13.182404470095767,0
adam,standard,837,-13.182403878006916,-13.182403878006916,0
adam,standard,838,-13.182402613569165,-13.182402613569165,0
adam,standard,839,-13.1824033130759,-13.1824033130759,0
adam,standard,840,-13.18240452656721,-13.18240452656721,0
adam,standard,841,-13.182404130996723,-13.182404130996723,0
adam,standard,842,-13.182403298038226,-13.182403298038226,0
adam,standard,843,-13.182403748367443,-13.182403748367443,0
adam,standard,844,-13.18240455891467,-13.18240455891467,0
adam,standard,845,-13.1824043270192,-13.1824043270192,0
adam,standard,846,-13.182403766053842,-13.182403766053842,0
adam,standard,847,-13.182404028081718,-13.182404028081718,0
adam,standard,848,-13.182404579949399,-13.182404579949399,0
adam,standard,849,-13.182404471621085,-13.182404471621085,0
adam,standard,850,-13.18240408839281,-13.18240408839281,0
adam,standard,851,-13.182404216748013,-13.182404216748013,0
adam,standard,852,-13.182404595081007,-13.182404595081007,0
adam,standard,853,-13.182404573053587,-13.182404573053587,0
adam,standard,854,-13.182404313140811,-13.182404313140811,0
adam,standard,855,-13.182404352202473,-13.182404352202473,0
adam,standard,856,-13.18240460787677,-13.18240460787677,0
adam,standard,857,-13.182404640547224,-13.182404640547224,0
adam,standard,858,-13.182404471343679,-13.182404471343679,0
adam,standard,859,-13.18240445651463,-13.18240445651463,0
adam,standard,860,-13.182404621345514,-13.182404621345514,0
adam,standard,861,-13.18240468273891,-13.18240468273891,0
adam,standard,862,-13.18240458302174,-13.18240458302174,0
adam,standard,863,-13.1824045417593,-13.1824045417593,0
adam,standard,864,-13.182404637994196,-13.182404637994196,0
adam,standard,865,-13.182404707785432,-13.182404707785432,0
adam,standard,866,-13.182404660906927,-13.182404660906927,0
adam,standard,867,-13.18240461374954,-13.18240461374954,0
adam,standard,868,-13.182404659764218,-13.182404659764218,0
adam,standard,869,-13.182404722971606,-13.182404722971606,0
adam,standard,870,-13.182404713618617,-13.182404713618617,0
adam,standard,871,-13.182404674657118,-13.182404674657118,0
adam,standard,872,-13.182404687225322,-13.182404687225322,0
adam,standard,873,-13.18240473461625,-13.18240473461625,0
adam,standard,874,-13.18240474797779,-13.18240474797779,0
adam,standard,875,-13.182404724617372,-13.182404724617372,0
adam,standard,876,-13.18240471917539,-13.18240471917539,0
adam,standard,877,-13.182404747503615,-13.182404747503615,0
adam,standard,878,-13.18240476980336,-13.18240476980336,0
adam,standard,879,-13.182404762661418,-13.182404762661418,0
adam,standard,880,-13.182404751358098,-13.182404751358098,0
adam,standard,881,-13.182404761315782,-13.182404761315782,0
adam,standard,882,-13.18240477864041,-13.18240477864041,0
adam,standard,883,-13.182404776721206,-13.182404776721206,0
adam,standard,884,-13.182404754266848,-13.182404754266848,0
adam,standard,885,-13.182404723464794,-13.182404723464794,0
adam,standard,886,-13.182404671254004,-13.182404671254004,0
adam,standard,887,-13.182404546243582,-13.182404546243582,0
adam,standard,888,-13.182404264782123,-13.182404264782123,0
adam,standard,889,-13.182403684234169,-13.182403684234169,0
adam,standard,890,-13.18240252341409,-13.18240252341409,0
adam,standard,891,-13.18240028769376,-13.18240028769376,0
adam,standard,892,-13.182396406705294,-13.182396406705294,0
adam,standard,893,-13.182391131373198,-13.182391131373198,0
adam,standard,894,-13.182387472579173,-13.182387472579173,0
adam,standard,895,-13.182390663011025,-13.182390663011025,0
adam,standard,896,-13.182399847287572,-13.182399847287572,0
adam,standard,897,-13.1824048617133,-13.1824048617133,0
adam,standard,898,-13.18240094455875,-13.18240094455875,0
adam,standard,899,-13.18239606778366,-13.18239606778366,0
adam,standard,900,-13.182398524503347,-13.182398524503347,0
adam,standard,901,-13.182404102078388,-13.182404102078388,0
adam,standard,902,-13.1824038010838,-13.1824038010838,0
adam,standard,903,-13.182399894891294,-13.182399894891294,0
adam,standard,904,-13.18240043004278,-13.18240043004278,0
adam,standard,905,-13.182404216963763,-13.182404216963763,0
adam,standard,906,-13.18240426482076,-13.18240426482076,0
adam,standard,907,-13.182401640668985,-13.182401640668985,0
adam,standard,908,-13.182402154798197,-13.182402154798197,0
adam,standard,909,-13.182404627538224,-13.182404627538224,0
adam,standard,910,-13.182404298044474,-13.182404298044474,0
adam,standard,911,-13.182402632757174,-13.182402632757174,0
adam,standard,912,-13.182403385536693,-13.182403385536693,0
adam,standard,913,-13.182404885386271,-13.182404885386271,0
adam,standard,914,-13.182404275116829,-13.182404275116829,0
adam,standard,915,-13.182403356352372,-13.182403356352372,0
adam,standard,916,-13.182404185088998,-13.182404185088998,0
adam,standard,917,-13.182404961294372,-13.182404961294372,0
adam,standard,918,-13.182404307385085,-13.182404307385085,0
adam,standard,919,-13.182403927205403,-13.182403927205403,0
adam,standard,920,-13.182404649364846,-13.182404649364846,0
adam,standard,921,-13.182404944978488,-13.182404944978488,0
adam,standard,922,-13.182404410050257,-13.182404410050257,0
adam,standard,923,-13.182404356884655,-13.182404356884655,0
adam,standard,924,-13.182404885699423,-13.182404885699423,0
adam,standard,925,-13.182404915578639,-13.182404915578639,0
adam,standard,926,-13.182404552316829,-13.182404552316829,0
adam,standard,927,-13.182404653440638,-13.182404653440638,0
adam,standard,928,-13.182404991153232,-13.182404991153232,0
adam,standard,929,-13.18240490905832,-13.18240490905832,0
adam,standard,930,-13.182404697544602,-13.182404697544602,0
adam,standard,931,-13.182404842201786,-13.182404842201786,0
adam,standard,932,-13.182405034737217,-13.182405034737217,0
adam,standard,933,-13.182404928576918,-13.182404928576918,0
adam,standard,934,-13.182404822933531,-13.182404822933531,0
adam,standard,935,-13.182404956456859,-13.182404956456859,0
adam,standard,936,-13.182405055923438,-13.182405055923438,0
adam,standard,937,-13.182404964072342,-13.182404964072342,0
adam,standard,938,-13.182404921007366,-13.182404921007366,0
adam,standard,939,-13.182405025454834,-13.182405025454834,0
adam,standard,940,-13.182405072749397,-13.182405072749397,0
adam,standard,941,-13.182405005273909,-13.182405005273909,0
adam,standard,942,-13.18240499406506,-13.18240499406506,0
adam,standard,943,-13.182405069487983,-13.182405069487983,0
adam,standard,944,-13.182405090993154,-13.182405090993154,0
adam,standard,945,-13.182405045810919,-13.182405045810919,0
adam,standard,946,-13.182405048307693,-13.182405048307693,0
adam,standard,947,-13.182405100858185,-13.182405100858185,0
adam,standard,948,-13.182405111207375,-13.182405111207375,0
adam,standard,949,-13.18240508279856,-13.18240508279856,0
adam,standard,950,-13.182405089830592,-13.182405089830592,0
adam,standard,951,-13.182405126285207,-13.182405126285207,0
adam,standard,952,-13.18240513265911,-13.18240513265911,0
adam,standard,953,-13.182405115707697,-13.182405115707697,0
adam,standard,954,-13.182405123234046,-13.182405123234046,0
adam,standard,955,-13.182405148982292,-13.182405148982292,0
adam,standard,956,-13.182405154543407,-13.182405154543407,0
adam,standard,957,-13.182405145138212,-13.182405145138212,0
adam,standard,958,-13.18240515173178,-13.18240515173178,0
adam,standard,959,-13.182405170444593,-13.182405170444593,0
adam,standard,960,-13.182405176305863,-13.182405176305863,0
adam,standard,961,-13.182405171872027,-13.182405171872027,0
adam,standard,962,-13.18240517733195,-13.18240517733195,0
adam,standard,963,-13.182405191393583,-13.182405191393583,0
adam,standard,964,-13.182405197763265,-13.182405197763265,0
adam,standard,965,-13.18240519665693,-13.18240519665693,0
adam,standard,966,-13.182405201210672,-13.182405201210672,0
adam,standard,967,-13.182405212121882,-13.182405212121882,0
adam,standard,968,-13.182405218879738,-13.182405218879738,0
adam,standard,969,-13.182405220090086,-13.182405220090086,0
adam,standard,970,-13.182405224092564,-13.182405224092564,0
adam,standard,971,-13.182405232799624,-13.182405232799624,0
adam,standard,972,-13.182405239703764,-13.182405239703764,0
adam,standard,973,-13.182405242566675,-13.182405242566675,0
adam,standard,974,-13.182405246366827,-13.182405246366827,0
adam,standard,975,-13.182405253519908,-13.182405253519908,0
adam,standard,976,-13.18240526034025,-13.18240526034025,0
adam,standard,977,-13.182405264381385,-13.182405264381385,0
adam,standard,978,-13.182405268254907,-13.182405268254907,0
adam,standard,979,-13.182405274327703,-13.182405274327703,0
adam,standard,980,-13.182405280880914,-13.182405280880914,0
adam,standard,981,-13.182405285727562,-13.182405285727562,0
adam,standard,982,-13.182405289869672,-13.182405289869672,0
adam,standard,983,-13.182405295248051,-13.182405295248051,0
adam,standard,984,-13.182405301425549,-13.182405301425549,0
adam,standard,985,-13.182405306758175,-13.182405306758175,0
adam,standard,986,-13.1824053112633,-13.1824053112633,0
adam,standard,987,-13.182405316266555,-13.182405316266555,0
adam,standard,988,-13.18240532204507,-13.18240532204507,0
adam,standard,989,-13.182405327597715,-13.182405327597715,0
adam,standard,990,-13.18240533246862,-13.18240533246862,0
adam,standard,991,-13.182405337352295,-13.182405337352295,0
adam,standard,992,-13.18240534278813,-13.18240534278813,0
adam,standard,993,-13.182405348357257,-13.182405348357257,0
adam,standard,994,-13.182405353516705,-13.182405353516705,0
adam,standard,995,-13.182405358455764,-13.182405358455764,0
adam,standard,996,-13.182405363663618,-13.182405363663618,0
adam,standard,997,-13.182405369128938,-13.182405369128938,0
adam,standard,998,-13.182405374456126,-13.182405374456126,0
adam,standard,999,-13.182405379535053,-13.182405379535053,0
adam,local_global,0,0.4985167107667255,-6.70492229537818,0
adam,local_global,1,0.49261489942719866,-6.8325165005236315,0
adam,local_global,2,0.4868944123655663,-6.956120415013882,0
adam,local_global,3,0.4813698445864603,-7.072953469067619,0
adam,local_global,4,0.4760790420553914,-7.181587658241917,0
adam,local_global,5,0.4710187724096369,-7.282888229318801,0
adam,local_global,6,0.46613379771636454,-7.378830356563225,0
adam,local_global,7,0.46134369604882336,-7.471432868321056,0
adam,local_global,8,0.45656986001645494,-7.562483925799044,0
adam,local_global,9,0.45174950479064835,-7.6534197697167095,0
adam,local_global,10,0.4468374746570816,-7.744922504024518,0
adam,local_global,11,0.44180495312161877,-7.836884607207647,0
adam,local_global,12,0.43663890873436545,-7.928612004368725,0
adam,local_global,13,0.4313421888505474,-8.018964988784232,0
adam,local_global,14,0.4259339344280111,-8.10654352789903,0
adam,local_global,15,0.42044704656865295,-8.18988097825367,0
adam,local_global,16,0.4149234244716085,-8.26763443200093,0
adam,local_global,17,0.40940789281563467,-8.338769081832234,0
adam,local_global,18,0.4039409691346921,-8.40270137611355,0
adam,local_global,19,0.3985511413524399,-8.45939656217749,0
adam,local_global,20,0.3932484361772344,-8.509381712229683,0
adam,local_global,21,0.3880231247143509,-8.553630443829364,0
adam,local_global,22,0.38285075337645236,-8.59335091898452,0
adam,local_global,23,0.37769947424863026,-8.629735073500878,0
adam,local_global,24,0.37253755906904473,-8.66376665157665,0
adam,local_global,25,0.36733975922108403,-8.696183388294878,0
adam,local_global,26,0.36208934782042923,-8.727609105454835,0
adam,local_global,27,0.3567749200666917,-8.758793798516981,0
adam,local_global,28,0.3513848715327436,-8.790807188984452,0
adam,local_global,29,0.34590398700691977,-8.82501633781728,0
adam,local_global,30,0.3403147592770785,-8.862845827294743,0
adam,local_global,31,0.33460260201802167,-8.90547754220388,0
adam,local_global,32,0.3287622476732045,-8.953628729839984,0
adam,local_global,33,0.3228028471119976,-9.007464458390613,0
adam,local_global,34,0.316750232340251,-9.066655023527469,0
adam,local_global,35,0.31064547612060045,-9.130551175507382,0
adam,local_global,36,0.304539589987217,-9.198393265972287,0
adam,local_global,37,0.2984860636490997,-9.26943478305201,0
adam,local_global,38,0.29253491152572036,-9.342900963644881,0
adam,local_global,39,0.28673081899208896,-9.417840629233304,0
adam,local_global,40,0.2811137416991235,-9.49304320962442,0
adam,local_global,41,0.2757179844771743,-9.567126956957447,0
adam,local_global,42,0.27056799359440026,-9.638763207157274,0
adam,local_global,43,0.26567259495414175,-9.706943086628407,0
adam,local_global,44,0.26102116249182106,-9.771172936825902,0
adam,local_global,45,0.2565851469143019,-9.831489147182268,0
adam,local_global,46,0.2523261455328047,-9.88830483820233,0
adam,local_global,47,0.24820669506263784,-9.942217871941693,0
adam,local_global,48,0.24419771246174146,-9.993862305473494,0
adam,local_global,49,0.24028027701377808,-10.043801802652567,0
adam,local_global,50,0.23644322813617105,-10.092444192427902,0
adam,local_global,51,0.23267927257684498,-10.139988317454696,0
adam,local_global,52,0.22898190861691334,-10.186435148247392,0
adam,local_global,53,0.2253440055074431,-10.231666465381984,0
adam,local_global,54,0.2217573476378026,-10.275557228378702,0
adam,local_global,55,0.218212210919234,-10.318083657581628,0
adam,local_global,56,0.2146969924463616,-10.359412975481394,0
adam,local_global,57,0.21119832793353105,-10.399966933252024,0
adam,local_global,58,0.20770169564870453,-10.440425617554727,0
adam,local_global,59,0.20419236276604286,-10.481641032532313,0
adam,local_global,60,0.20065667062760245,-10.52449737450602,0
adam,local_global,61,0.19708310730419992,-10.569807354288988,0
adam,local_global,62,0.19346208733702888,-10.6182916384355,0
adam,local_global,63,0.1897844922595277,-10.670607222760276,0
adam,local_global,64,0.1860404435134574,-10.727365686400566,0
adam,local_global,65,0.18221923894461012,-10.7891183022097,0
adam,local_global,66,0.17831026535440267,-10.856321406739017,0
adam,local_global,67,0.17430444679564414,-10.929307898644115,0
adam,local_global,68,0.17019553018202038,-11.008291188659774,0
adam,local_global,69,0.16598024494386526,-11.093408935972816,0
adam,local_global,70,0.16165691266280924,-11.184772659039215,0
adam,local_global,71,0.15722333188582205,-11.28246685262212,0
adam,local_global,72,0.15267557702999415,-11.386479660035171,0
adam,local_global,73,0.14800867783365695,-11.496611704453858,0
adam,local_global,74,0.14321858663256845,-11.61242259046354,0
adam,local_global,75,0.1383040879385676,-11.733236016788338,0
adam,local_global,76,0.1332677108976389,-11.858198045428416,0
adam,local_global,77,0.1281153330463285,-11.986379169897345,0
adam,local_global,78,0.12285477591251294,-12.116891084428003,0
adam,local_global,79,0.1174944309265096,-12.248954530742722,0
adam,local_global,80,0.1120432238665786,-12.381855681933141,0
adam,local_global,81,0.10651238261169226,-12.514795831457887,0
adam,local_global,82,0.10091789663816536,-12.646729145936819,0
adam,local_global,83,0.09528166409310786,-12.776311930875744,0
adam,local_global,84,0.08962990221889958,-12.902014621800381,0
adam,local_global,85,0.08398910806107562,-13.022327920255195,0
adam,local_global,86,0.07838205287055511,-13.135935263801231,0
adam,local_global,87,0.07282698449066273,-13.241775164537424,0
adam,local_global,88,0.06734042042339439,-13.339009485134172,0
adam,local_global,89,0.061940384575450876,-13.426954099132725,0
adam,local_global,90,0.056647541384333484,-13.50502288389062,0
adam,local_global,91,0.051485108721220654,-13.572729473468222,0
adam,local_global,92,0.0464804564957428,-13.629778008093346,0
adam,local_global,93,0.04166983885455619,-13.676240993682871,0
adam,local_global,94,0.03710120954066546,-13.71276278322073,0
adam,local_global,95,0.03282589638373355,-13.740659250343864,0
adam,local_global,96,0.028880566471356846,-13.761794518933659,0
adam,local_global,97,0.02527563409187523,-13.7782549697209,0
adam,local_global,98,0.022001113634265913,-13.79199744195214,0
adam,local_global,99,0.01903954644177238,-13.804618718164795,0
adam,local_global,100,0.01637110572560491,-13.817222761270648,0
adam,local_global,101,0.01397497708086377,-13.830337079041934,0
adam,local_global,102,0.011836685039879658,-13.843957328879101,0
adam,local_global,103,0.009953112632320512,-13.857769692581224,0
adam,local_global,104,0.008324058544883826,-13.871404183425362,0
adam,local_global,105,0.006939837991323332,-13.88454057256396,0
adam,local_global,106,0.005780420219634176,-13.896891618100042,0
adam,local_global,107,0.004822437423866389,-13.908205996789528,0
adam,local_global,108,0.004041099365738268,-13.918311204482743,0
adam,local_global,109,0.0034091737267294008,-13.927126827247553,0
adam,local_global,110,0.002901229968965502,-13.934645926626004,0
adam,local_global,111,0.002498259677392903,-13.940923413302876,0
adam,local_global,112,0.002185155481479881,-13.94605846865525,0
adam,local_global,113,0.0019466646813001613,-13.950157106618725,0
adam,local_global,114,0.0017689394821258312,-13.95331669960897,0
adam,local_global,115,0.001641812087968194,-13.955649527921539,0
adam,local_global,116,0.001556363062467207,-13.957295128527443,0
adam,local_global,117,0.001502309245429363,-13.958394212946892,0
adam,local_global,118,0.001469379605577255,-13.959066917532382,0
adam,local_global,119,0.0014487577487381175,-13.959424150104756,0
adam,local_global,120,0.0014318558376826451,-13.959579677164113,0
adam,local_global,121,0.0014102249812817554,-13.959640026430629,0
adam,local_global,122,0.001378092027331938,-13.959693064315966,0
adam,local_global,123,0.0013335440252137272,-13.959807809587522,0
adam,local_global,124,0.0012770009145613135,-13.960032832635436,0
adam,local_global,125,0.001209990055834151,-13.960393572590293,0
adam,local_global,126,0.0011349939517334593,-13.96090025639891,0
adam,local_global,127,0.0010545515520206021,-13.96155788061187,0
adam,local_global,128,0.0009701953351712979,-13.962363276941648,0
adam,local_global,129,0.0008829610644547328,-13.963297139716586,0
adam,local_global,130,0.0007943718029452225,-13.964325910562247,0
adam,local_global,131,0.0007061324576015344,-13.9654093787588,0
adam,local_global,132,0.0006195112066314088,-13.966504615711669,0
adam,local_global,133,0.000535722681988373,-13.967569259273958,0
adam,local_global,134,0.00045637818328855964,-13.968566490901383,0
adam,local_global,135,0.0003831547730842602,-13.969465724878551,0
adam,local_global,136,0.00031752803588389685,-13.970239832781274,0
adam,local_global,137,0.0002609233945643282,-13.970867654776807,0
adam,local_global,138,0.00021447688162197427,-13.97134128792938,0
adam,local_global,139,0.00017844743500844857,-13.971669060766818,0
adam,local_global,140,0.00015214707220229353,-13.971872051804366,0
adam,local_global,141,0.00013431534677948913,-13.971978850490848,0
adam,local_global,142,0.00012331284307855306,-13.9720203830487,0
adam,local_global,143,0.00011725964599705974,-13.972025167280593,0
adam,local_global,144,0.00011437375910362738,-13.972017370252999,0
adam,local_global,145,0.00011315087347757755,-13.972017133615175,0
adam,local_global,146,0.00011226390459266676,-13.97203937961931,0
adam,local_global,147,0.00011061509614234495,-13.97209126290463,0
adam,local_global,148,0.00010758064297159342,-13.972171965921849,0
adam,local_global,149,0.00010304417384682437,-13.972275131482123,0
adam,local_global,150,-13.972275131482123,-13.97268487784597,1
adam,local_global,151,-13.97268487784597,-13.957560581276637,0
adam,local_global,152,-13.957560581276637,-13.95816229879373,0
adam,local_global,153,-13.95816229879373,-13.960416304679928,0
adam,local_global,154,-13.960416304679928,-13.963403978750163,0
adam,local_global,155,-13.963403978750163,-13.96564775467667,0
adam,local_global,156,-13.96564775467667,-13.963857079638313,0
adam,local_global,157,-13.963857079638313,-13.965444317783707,0
adam,local_global,158,-13.965444317783707,-13.969593848929806,0
adam,local_global,159,-13.969593848929806,-13.966568263097507,0
adam,local_global,160,-13.966568263097507,-13.966486352457013,0
adam,local_global,161,-13.966486352457013,-13.971261747081595,0
adam,local_global,162,-13.971261747081595,-13.969751260211972,0
adam,local_global,163,-13.969751260211972,-13.967547915835498,0
adam,local_global,164,-13.967547915835498,-13.971197957774715,0
adam,local_global,165,-13.971197957774715,-13.971929517455221,0
adam,local_global,166,-13.971929517455221,-13.969374123926796,0
adam,local_global,167,-13.969374123926796,-13.970641578535862,0
adam,local_global,168,-13.970641578535862,-13.97272860576859,0
adam,local_global,169,-13.97272860576859,-13.971290276344238,0
adam,local_global,170,-13.971290276344238,-13.970951042185805,0
adam,local_global,171,-13.970951042185805,-13.972464999299785,0
adam,local_global,172,-13.972464999299785,-13.972511367845431,0
adam,local_global,173,-13.972511367845431,-13.971879603380213,0
adam,local_global,174,-13.971879603380213,-13.97228340732942,0
adam,local_global,175,-13.97228340732942,-13.972750250135043,0
adam,local_global,176,-13.972750250135043,-13.972725656024272,0
adam,local_global,177,-13.972725656024272,-13.97260537707061,0
adam,local_global,178,-13.97260537707061,-13.972688763731966,0
adam,local_global,179,-13.972688763731966,-13.97306372708099,0
adam,local_global,180,-13.97306372708099,-13.973118168267018,0
adam,local_global,181,-13.973118168267018,-13.972817121043176,0
adam,local_global,182,-13.972817121043176,-13.973056247213298,0
adam,local_global,183,-13.973056247213298,-13.973408203621034,0
adam,local_global,184,-13.973408203621034,-13.973162372577859,0
adam,local_global,185,-13.973162372577859,-13.973053698414953,0
adam,local_global,186,-13.973053698414953,-13.973433080759966,0
adam,local_global,187,-13.973433080759966,-13.973444341981143,0
adam,local_global,188,-13.973444341981143,-13.973219359097211,0
adam,local_global,189,-13.973219359097211,-13.973379282071132,0
adam,local_global,190,-13.973379282071132,-13.973554695868744,0
adam,local_global,191,-13.973554695868744,-13.973431895505678,0
adam,local_global,192,-13.973431895505678,-13.973401602297438,0
adam,local_global,193,-13.973401602297438,-13.973553753394658,0
adam,local_global,194,-13.973553753394658,-13.973566783154077,0
adam,local_global,195,-13.973566783154077,-13.973507966748548,0
adam,local_global,196,-13.973507966748548,-13.973544601917542,0
adam,local_global,197,-13.973544601917542,-13.97360832379003,0
adam,local_global,198,-13.97360832379003,-13.97360804887529,0
adam,local_global,199,-13.97360804887529,-13.973588734788597,0
adam,local_global,200,-13.973588734788597,-13.973612543006588,0
adam,local_global,201,-13.973612543006588,-13.9736603545752,0
adam,local_global,202,-13.9736603545752,-13.973654655575709,0
adam,local_global,203,-13.973654655575709,-13.973630028494101,0
adam,local_global,204,-13.973630028494101,-13.973676964526852,0
adam,local_global,205,-13.973676964526852,-13.973702426791275,0
adam,local_global,206,-13.973702426791275,-13.97366803798653,0
adam,local_global,207,-13.97366803798653,-13.973681267729692,0
adam,local_global,208,-13.973681267729692,-13.973721124789467,0
adam,local_global,209,-13.973721124789467,-13.97370216441464,0
adam,local_global,210,-13.97370216441464,-13.973697060396091,0
adam,local_global,211,-13.973697060396091,-13.973730693847527,0
adam,local_global,212,-13.973730693847527,-13.973740720414941,0
adam,local_global,213,-13.973740720414941,-13.973737409769948,0
adam,local_global,214,-13.973737409769948,-13.973748375497948,0
adam,local_global,215,-13.973748375497948,-13.973756167786567,0
adam,local_global,216,-13.973756167786567,-13.973760085952048,0
adam,local_global,217,-13.973760085952048,-13.973765728094627,0
adam,local_global,218,-13.973765728094627,-13.973774924872426,0
adam,local_global,219,-13.973774924872426,-13.973786227739115,0
adam,local_global,220,-13.973786227739115,-13.97378619198455,0
adam,local_global,221,-13.97378619198455,-13.973787434738414,0
adam,local_global,222,-13.973787434738414,-13.97380285563327,0
adam,local_global,223,-13.97380285563327,-13.973809547070301,0
adam,local_global,224,-13.973809547070301,-13.97380733592484,0
adam,local_global,225,-13.97380733592484,-13.973817222910625,0
adam,local_global,226,-13.973817222910625,-13.97382603034565,0
adam,local_global,227,-13.97382603034565,-13.973827741411517,0
adam,local_global,228,-13.973827741411517,-13.973835441936206,0
adam,local_global,229,-13.973835441936206,-13.973843463114761,0
adam,local_global,230,-13.973843463114761,-13.973846720389297,0
adam,local_global,231,-13.973846720389297,-13.973852965139464,0
adam,local_global,232,-13.973852965139464,-13.973860817576124,0
adam,local_global,233,-13.973860817576124,-13.97386725010143,0
adam,local_global,234,-13.97386725010143,-13.973872751527349,0
adam,local_global,235,-13.973872751527349,-13.973878332677709,0
adam,local_global,236,-13.973878332677709,-13.973886361762393,0
adam,local_global,237,-13.973886361762393,-13.97389375113485,0
adam,local_global,238,-13.97389375113485,-13.973899250956318,0
adam,local_global,239,-13.973899250956318,-13.973906989915664,0
adam,local_global,240,-13.973906989915664,-13.973914826084208,0
adam,local_global,241,-13.973914826084208,-13.973920972379448,0
adam,local_global,242,-13.973920972379448,-13.97392933357581,0
adam,local_global,243,-13.97392933357581,-13.973938038208766,0
adam,local_global,244,-13.973938038208766,-13.973945266196312,0
adam,local_global,245,-13.973945266196312,-13.973953556718268,0
adam,local_global,246,-13.973953556718268,-13.973962629740067,0
adam,local_global,247,-13.973962629740067,-13.973971443190942,0
adam,local_global,248,-13.973971443190942,-13.973980752261884,0
adam,local_global,249,-13.973980752261884,-13.973990276582434,0
adam,local_global,250,-13.973990276582434,-13.97400024539796,0
adam,local_global,251,-13.97400024539796,-13.974010421299752,0
adam,local_global,252,-13.974010421299752,-13.974020782510257,0
adam,local_global,253,-13.974020782510257,-13.974032123864955,0
adam,local_global,254,-13.974032123864955,-13.974043680074532,0
adam,local_global,255,-13.974043680074532,-13.974055188550569,0
adam,local_global,256,-13.974055188550569,-13.974067663882826,0
adam,local_global,257,-13.974067663882826,-13.974080457295234,0
adam,local_global,258,-13.974080457295234,-13.974093388943272,0
adam,local_global,259,-13.974093388943272,-13.974107325389324,0
adam,local_global,260,-13.974107325389324,-13.97412181945202,0
adam,local_global,261,-13.97412181945202,-13.97413657906697,0
adam,local_global,262,-13.97413657906697,-13.974152037085911,0
adam,local_global,263,-13.974152037085911,-13.974168143069495,0
adam,local_global,264,-13.974168143069495,-13.974184865355634,0
adam,local_global,265,-13.974184865355634,-13.974202163934384,0
adam,local_global,266,-13.974202163934384,-13.97422017640973,0
adam,local_global,267,-13.97422017640973,-13.974239069362556,0
adam,local_global,268,-13.974239069362556,-13.974258621482154,0
adam,local_global,269,-13.974258621482154,-13.974278877035227,0
adam,local_global,270,-13.974278877035227,-13.974299978548798,0
adam,local_global,271,-13.974299978548798,-13.974321779189745,0
adam,local_global,272,-13.974321779189745,-13.974344457010325,0
adam,local_global,273,-13.974344457010325,-13.974368096551672,0
adam,local_global,274,-13.974368096551672,-13.974392589329474,0
adam,local_global,275,-13.974392589329474,-13.97441801754874,0
adam,local_global,276,-13.97441801754874,-13.974444363687143,0
adam,local_global,277,-13.974444363687143,-13.974471601184112,0
adam,local_global,278,-13.974471601184112,-13.97449983958817,0
adam,local_global,279,-13.97449983958817,-13.97452910209847,0
adam,local_global,280,-13.97452910209847,-13.974559400472664,0
adam,local_global,281,-13.974559400472664,-13.974590681897732,0
adam,local_global,282,-13.974590681897732,-13.974622902859691,0
adam,local_global,283,-13.974622902859691,-13.974656165674821,0
adam,local_global,284,-13.974656165674821,-13.97469046151062,0
adam,local_global,285,-13.97469046151062,-13.974725414350937,0
adam,local_global,286,-13.974725414350937,-13.974760132843812,0
adam,local_global,287,-13.974760132843812,-13.974792067439097,0
adam,local_global,288,-13.974792067439097,-13.974813403881527,0
adam,local_global,289,-13.974813403881527,-13.974809138360968,0
adam,local_global,290,-13.974809138360968,-13.974791796293534,0
adam,local_global,291,-13.974791796293534,-13.97483091491324,0
adam,local_global,292,-13.97483091491324,-13.974901217227387,0
adam,local_global,293,-13.974901217227387,-13.974967405001983,0
adam,local_global,294,-13.974967405001983,-13.975028474930799,0
adam,local_global,295,-13.975028474930799,-13.975071499228918,0
adam,local_global,296,-13.975071499228918,-13.97512293727844,0
adam,local_global,297,-13.97512293727844,-13.975169180444421,0
adam,local_global,298,-13.975169180444421,-13.975218594899392,0
adam,local_global,299,-13.975218594899392,-13.975270265440777,0
adam,local_global,300,-13.975270265440777,-13.975298758077473,0
adam,local_global,301,-13.975298758077473,-13.975372661872195,0
adam,local_global,302,-13.975372661872195,-13.975429619422055,0
adam,local_global,303,-13.975429619422055,-13.975482119435929,0
adam,local_global,304,-13.975482119435929,-13.97555374466329,0
adam,local_global,305,-13.97555374466329,-13.975578892020373,0
adam,local_global,306,-13.975578892020373,-13.975638692510278,0
adam,local_global,307,-13.975638692510278,-13.975706569023991,0
adam,local_global,308,-13.975706569023991,-13.975742898531351,0
adam,local_global,309,-13.975742898531351,-13.975809908520874,0
adam,local_global,310,-13.975809908520874,-13.975858339424295,0
adam,local_global,311,-13.975858339424295,-13.975897048362915,0
adam,local_global,312,-13.975897048362915,-13.975966783590165,0
adam,local_global,313,-13.975966783590165,-13.976010252029413,0
adam,local_global,314,-13.976010252029413,-13.976057689393155,0
adam,local_global,315,-13.976057689393155,-13.976114479489624,0
adam,local_global,316,-13.976114479489624,-13.976151449348315,0
adam,local_global,317,-13.976151449348315,-13.976206796027629,0
adam,local_global,318,-13.976206796027629,-13.976256689919966,0
adam,local_global,319,-13.976256689919966,-13.976291575141165,0
adam,local_global,320,-13.976291575141165,-13.976344499120628,0
adam,local_global,321,-13.976344499120628,-13.976393627682423,0
adam,local_global,322,-13.976393627682423,-13.976431252252196,0
adam,local_global,323,-13.976431252252196,-13.976468861121784,0
adam,local_global,324,-13.976468861121784,-13.97649196928799,0
adam,local_global,325,-13.97649196928799,-13.976513515089453,0
adam,local_global,326,-13.976513515089453,-13.97657131298078,0
adam,local_global,327,-13.97657131298078,-13.976630739372933,0
adam,local_global,328,-13.976630739372933,-13.97664768652127,0
adam,local_global,329,-13.97664768652127,-13.976676600145609,0
adam,local_global,330,-13.976676600145609,-13.976728935001518,0
adam,local_global,331,-13.976728935001518,-13.976749874649988,0
adam,local_global,332,-13.976749874649988,-13.97677205255518,0
adam,local_global,333,-13.97677205255518,-13.97681228304665,0
adam,local_global,334,-13.97681228304665,-13.976828411700883,0
adam,local_global,335,-13.976828411700883,-13.976851092260356,0
adam,local_global,336,-13.976851092260356,-13.976882980722692,0
adam,local_global,337,-13.976882980722692,-13.976893996639955,0
adam,local_global,338,-13.976893996639955,-13.976916109634564,0
adam,local_global,339,-13.976916109634564,-13.97693974995203,0
adam,local_global,340,-13.97693974995203,-13.976948430934558,0
adam,local_global,341,-13.976948430934558,-13.976967455151028,0
adam,local_global,342,-13.976967455151028,-13.976981925778935,0
adam,local_global,343,-13.976981925778935,-13.976990129495237,0
adam,local_global,344,-13.976990129495237,-13.977005887506387,0
adam,local_global,345,-13.977005887506387,-13.977014203636488,0
adam,local_global,346,-13.977014203636488,-13.977022086798886,0
adam,local_global,347,-13.977022086798886,-13.977033429224502,0
adam,local_global,348,-13.977033429224502,-13.97703889117323,0
adam,local_global,349,-13.97703889117323,-13.977047169904537,0
adam,local_global,350,-13.977047169904537,-13.977054645276827,0
adam,local_global,351,-13.977054645276827,-13.977058357566598,0
adam,local_global,352,-13.977058357566598,-13.977065600688524,0
adam,local_global,353,-13.977065600688524,-13.977070420929973,0
adam,local_global,354,-13.977070420929973,-13.977073753408474,0
adam,local_global,355,-13.977073753408474,-13.977079289460946,0
adam,local_global,356,-13.977079289460946,-13.977082084276782,0
adam,local_global,357,-13.977082084276782,-13.977085053918906,0
adam,local_global,358,-13.977085053918906,-13.977088917783087,0
adam,local_global,359,-13.977088917783087,-13.97709081316821,0
adam,local_global,360,-13.97709081316821,-13.977093583175998,0
adam,local_global,361,-13.977093583175998,-13.977096066660478,0
adam,local_global,362,-13.977096066660478,-13.977097464776733,0
adam,local_global,363,-13.977097464776733,-13.977099934187473,0
adam,local_global,364,-13.977099934187473,-13.977101548925212,0
adam,local_global,365,-13.977101548925212,-13.97710261219811,0
adam,local_global,366,-13.97710261219811,-13.977104536075057,0
adam,local_global,367,-13.977104536075057,-13.977105681532851,0
adam,local_global,368,-13.977105681532851,-13.97710671745431,0
adam,local_global,369,-13.97710671745431,-13.977108232818223,0
adam,local_global,370,-13.977108232818223,-13.977109183127949,0
adam,local_global,371,-13.977109183127949,-13.977110299568583,0
adam,local_global,372,-13.977110299568583,-13.977111580384408,0
adam,local_global,373,-13.977111580384408,-13.977112491674154,0
adam,local_global,374,-13.977112491674154,-13.977113680930948,0
adam,local_global,375,-13.977113680930948,-13.977114792080776,0
adam,local_global,376,-13.977114792080776,-13.977115555951748,0
adam,local_global,377,-13.977115555951748,-13.977116514974503,0
adam,local_global,378,-13.977116514974503,-13.977117314835198,0
adam,local_global,379,-13.977117314835198,-13.977117866872293,0
adam,local_global,380,-13.977117866872293,-13.977118551494177,0
adam,local_global,381,-13.977118551494177,-13.977119098057825,0
adam,local_global,382,-13.977119098057825,-13.977119528396734,0
adam,local_global,383,-13.977119528396734,-13.97712005750492,0
adam,local_global,384,-13.97712005750492,-13.97712046948442,0
adam,local_global,385,-13.97712046948442,-13.977120843369347,0
adam,local_global,386,-13.977120843369347,-13.97712129378701,0
adam,local_global,387,-13.97712129378701,-13.97712163440096,0
adam,local_global,388,-13.97712163440096,-13.977121944073925,0
adam,local_global,389,-13.977121944073925,-13.977122299087977,0
adam,local_global,390,-13.977122299087977,-13.97712256519142,0
adam,local_global,391,-13.97712256519142,-13.977122797761137,0
adam,local_global,392,-13.977122797761137,-13.977123034877717,0
adam,local_global,393,-13.977123034877717,-13.977123188681729,0
adam,local_global,394,-13.977123188681729,-13.977123301270852,0
adam,local_global,395,-13.977123301270852,-13.97712337184914,0
adam,local_global,396,-13.97712337184914,-13.977123298973154,0
adam,local_global,397,-13.977123298973154,-13.977123062794025,0
adam,local_global,398,-13.977123062794025,-13.977122590121205,0
adam,local_global,399,-13.977122590121205,-13.977121794489463,0
adam,local_global,400,-13.977121794489463,-13.977120933935815,0
adam,local_global,401,-13.977120933935815,-13.977120775802094,0
adam,local_global,402,-13.977120775802094,-13.977122275615756,0
adam,local_global,403,-13.977122275615756,-13.977125371142488,0
adam,local_global,404,-13.977125371142488,-13.977128222993095,0
adam,local_global,405,-13.977128222993095,-13.97712901611805,0
adam,local_global,406,-13.97712901611805,-13.977128058637359,0
adam,local_global,407,-13.977128058637359,-13.97712721765439,0
adam,local_global,408,-13.97712721765439,-13.977127911059043,0
adam,local_global,409,-13.977127911059043,-13.977129678031966,0
adam,local_global,410,-13.977129678031966,-13.977130794193828,0
adam,local_global,411,-13.977130794193828,-13.977130494079795,0
adam,local_global,412,-13.977130494079795,-13.977129778890902,0
adam,local_global,413,-13.977129778890902,-13.977129934504024,0
adam,local_global,414,-13.977129934504024,-13.97713093823217,0
adam,local_global,415,-13.97713093823217,-13.977131668172056,0
adam,local_global,416,-13.977131668172056,-13.977131470696483,0
adam,local_global,417,-13.977131470696483,-13.977130864756035,0
adam,local_global,418,-13.977130864756035,-13.977130647913206,0
adam,local_global,419,-13.977130647913206,-13.977130819359711,0
adam,local_global,420,-13.977130819359711,-13.977130694144844,0
adam,local_global,421,-13.977130694144844,-13.977129961054413,0
adam,local_global,422,-13.977129961054413,-13.977129228553688,0
adam,local_global,423,-13.977129228553688,-13.977129421680432,0
adam,local_global,424,-13.977129421680432,-13.977130796757274,0
adam,local_global,425,-13.977130796757274,-13.977132582150903,0
adam,local_global,426,-13.977132582150903,-13.97713369271365,0
adam,local_global,427,-13.97713369271365,-13.977133733014059,0
adam,local_global,428,-13.977133733014059,-13.977133107420512,0
adam,local_global,429,-13.977133107420512,-13.97713230365588,0
adam,local_global,430,-13.97713230365588,-13.97713130180606,0
adam,local_global,431,-13.97713130180606,-13.97712946801793,0
adam,local_global,432,-13.97712946801793,-13.97712595945429,0
adam,local_global,433,-13.97712595945429,-13.977120831556197,0
adam,local_global,434,-13.977120831556197,-13.977116536362676,0
adam,local_global,435,-13.977116536362676,-13.977117666029026,0
adam,local_global,436,-13.977117666029026,-13.977125995238035,0
adam,local_global,437,-13.977125995238035,-13.977135456300767,0
adam,local_global,438,-13.977135456300767,-13.97713776601868,0
adam,local_global,439,-13.97713776601868,-13.97713243247025,0
adam,local_global,440,-13.97713243247025,-13.977126446639932,0
adam,local_global,441,-13.977126446639932,-13.977125912701027,0
adam,local_global,442,-13.977125912701027,-13.977129199235002,0
adam,local_global,443,-13.977129199235002,-13.977130001081843,0
adam,local_global,444,-13.977130001081843,-13.977127529209898,0
adam,local_global,445,-13.977127529209898,-13.977127595641985,0
adam,local_global,446,-13.977127595641985,-13.97713268032705,0
adam,local_global,447,-13.97713268032705,-13.977137620402035,0
adam,local_global,448,-13.977137620402035,-13.977137249645107,0
adam,local_global,449,-13.977137249645107,-13.97713346114763,0
adam,local_global,450,-13.97713346114763,-13.97713200917081,0
adam,local_global,451,-13.97713200917081,-13.977134352598718,0
adam,local_global,452,-13.977134352598718,-13.977136441082147,0
adam,local_global,453,-13.977136441082147,-13.977135764135348,0
adam,local_global,454,-13.977135764135348,-13.977134910309578,0
adam,local_global,455,-13.977134910309578,-13.97713672922788,0
adam,local_global,456,-13.97713672922788,-13.977139534018555,0
adam,local_global,457,-13.977139534018555,-13.97713980073188,0
adam,local_global,458,-13.97713980073188,-13.97713729083391,0
adam,local_global,459,-13.97713729083391,-13.97713476054432,0
adam,local_global,460,-13.97713476054432,-13.977133809723469,0
adam,local_global,461,-13.977133809723469,-13.977133338503329,0
adam,local_global,462,-13.977133338503329,-13.977132041624705,0
adam,local_global,463,-13.977132041624705,-13.977129826930895,0
adam,local_global,464,-13.977129826930895,-13.977126966748486,0
adam,local_global,465,-13.977126966748486,-13.97712472627732,0
adam,local_global,466,-13.97712472627732,-13.977125793773881,0
adam,local_global,467,-13.977125793773881,-13.977131815506958,0
adam,local_global,468,-13.977131815506958,-13.977140010147624,0
adam,local_global,469,-13.977140010147624,-13.977144502524197,0
adam,local_global,470,-13.977144502524197,-13.977142710309304,0
adam,local_global,471,-13.977142710309304,-13.977138030606408,0
adam,local_global,472,-13.977138030606408,-13.97713587502446,0
adam,local_global,473,-13.97713587502446,-13.977138282919496,0
adam,local_global,474,-13.977138282919496,-13.977142515205612,0
adam,local_global,475,-13.977142515205612,-13.977144714872212,0
adam,local_global,476,-13.977144714872212,-13.9771439239182,0
adam,local_global,477,-13.9771439239182,-13.977142029833495,0
adam,local_global,478,-13.977142029833495,-13.977141192738115,0
adam,local_global,479,-13.977141192738115,-13.977142206093127,0
adam,local_global,480,-13.977142206093127,-13.977144264863796,0
adam,local_global,481,-13.977144264863796,-13.977145743668821,0
adam,local_global,482,-13.977145743668821,-13.977145724617367,0
adam,local_global,483,-13.977145724617367,-13.977144907653562,0
adam,local_global,484,-13.977144907653562,-13.977144866251916,0
adam,local_global,485,-13.977144866251916,-13.977146262134474,0
adam,local_global,486,-13.977146262134474,-13.977148091445184,0
adam,local_global,487,-13.977148091445184,-13.977148952294,0
adam,local_global,488,-13.977148952294,-13.977148659399905,0
adam,local_global,489,-13.977148659399905,-13.977148213442758,0
adam,local_global,490,-13.977148213442758,-13.97714844016339,0
adam,local_global,491,-13.97714844016339,-13.977149198643513,0
adam,local_global,492,-13.977149198643513,-13.977149830393698,0
adam,local_global,493,-13.977149830393698,-13.977150003254163,0
adam,local_global,494,-13.977150003254163,-13.977149914951728,0
adam,local_global,495,-13.977149914951728,-13.97714984597685,0
adam,local_global,496,-13.97714984597685,-13.977149934049363,0
adam,local_global,497,-13.977149934049363,-13.97715016279573,0
adam,local_global,498,-13.97715016279573,-13.977150438149648,0
adam,local_global,499,-13.977150438149648,-13.977150598722224,0
adam,local_global,500,-13.977150598722224,-13.977150564955407,0
adam,local_global,501,-13.977150564955407,-13.977150374736908,0
adam,local_global,502,-13.977150374736908,-13.977150220070614,0
adam,local_global,503,-13.977150220070614,-13.977150230338179,0
adam,local_global,504,-13.977150230338179,-13.977150346886434,0
adam,local_global,505,-13.977150346886434,-13.97715036746488,0
adam,local_global,506,-13.97715036746488,-13.97715020709602,0
adam,local_global,507,-13.97715020709602,-13.977149950096102,0
adam,local_global,508,-13.977149950096102,-13.977149789359572,0
adam,local_global,509,-13.977149789359572,-13.977149845321383,0
adam,local_global,510,-13.977149845321383,-13.97715012007144,0
adam,local_global,511,-13.97715012007144,-13.977150524420273,0
adam,local_global,512,-13.977150524420273,-13.977151003424959,0
adam,local_global,513,-13.977151003424959,-13.977151541641692,0
adam,local_global,514,-13.977151541641692,-13.977152130520142,0
adam,local_global,515,-13.977152130520142,-13.977152722117351,0
adam,local_global,516,-13.977152722117351,-13.977153245705406,0
adam,local_global,517,-13.977153245705406,-13.97715362292748,0
adam,local_global,518,-13.97715362292748,-13.977153798855229,0
adam,local_global,519,-13.977153798855229,-13.977153737679343,0
adam,local_global,520,-13.977153737679343,-13.97715340565529,0
adam,local_global,521,-13.97715340565529,-13.977152746245215,0
adam,local_global,522,-13.977152746245215,-13.977151642491336,0
adam,local_global,523,-13.977151642491336,-13.97714986660059,0
adam,local_global,524,-13.97714986660059,-13.977147009822605,0
adam,local_global,525,-13.977147009822605,-13.977142435161936,0
adam,local_global,526,-13.977142435161936,-13.9771352951637,0
adam,local_global,527,-13.9771352951637,-13.977124903015255,0
adam,local_global,528,-13.977124903015255,-13.977111618561336,0
adam,local_global,529,-13.977111618561336,-13.977098777145272,0
adam,local_global,530,-13.977098777145272,-13.977093094938917,0
adam,local_global,531,-13.977093094938917,-13.977100647882894,0
adam,local_global,532,-13.977100647882894,-13.977116602812414,0
adam,local_global,533,-13.977116602812414,-13.977125003972082,0
adam,local_global,534,-13.977125003972082,-13.977115659748566,0
adam,local_global,535,-13.977115659748566,-13.977100826673619,0
adam,local_global,536,-13.977100826673619,-13.977104759629173,0
adam,local_global,537,-13.977104759629173,-13.9771274248996,0
adam,local_global,538,-13.9771274248996,-13.977141638551819,0
adam,local_global,539,-13.977141638551819,-13.977136555195134,0
adam,local_global,540,-13.977136555195134,-13.977130503964604,0
adam,local_global,541,-13.977130503964604,-13.977137555854812,0
adam,local_global,542,-13.977137555854812,-13.977144813162035,0
adam,local_global,543,-13.977144813162035,-13.977141808299415,0
adam,local_global,544,-13.977141808299415,-13.977140322231238,0
adam,local_global,545,-13.977140322231238,-13.977147022607939,0
adam,local_global,546,-13.977147022607939,-13.977149637655716,0
adam,local_global,547,-13.977149637655716,-13.977144853644916,0
adam,local_global,548,-13.977144853644916,-13.977145910761447,0
adam,local_global,549,-13.977145910761447,-13.977153619852093,0
adam,local_global,550,-13.977153619852093,-13.977154167682219,0
adam,local_global,551,-13.977154167682219,-13.977147930855093,0
adam,local_global,552,-13.977147930855093,-13.977147804519765,0
adam,local_global,553,-13.977147804519765,-13.977153316918942,0
adam,local_global,554,-13.977153316918942,-13.97715442211648,0
adam,local_global,555,-13.97715442211648,-13.977151861980369,0
adam,local_global,556,-13.977151861980369,-13.977151702112113,0
adam,local_global,557,-13.977151702112113,-13.97715200096001,0
adam,local_global,558,-13.97715200096001,-13.97715002015893,0
adam,local_global,559,-13.97715002015893,-13.977149318074824,0
adam,local_global,560,-13.977149318074824,-13.977151128344453,0
adam,local_global,561,-13.977151128344453,-13.977151596397045,0
adam,local_global,562,-13.977151596397045,-13.977150715055123,0
adam,local_global,563,-13.977150715055123,-13.977152253368734,0
adam,local_global,564,-13.977152253368734,-13.977155663951955,0
adam,local_global,565,-13.977155663951955,-13.977157454378933,0
adam,local_global,566,-13.977157454378933,-13.977157734433735,0
adam,local_global,567,-13.977157734433735,-13.977158353139982,0
adam,local_global,568,-13.977158353139982,-13.977158649756854,0
adam,local_global,569,-13.977158649756854,-13.977157795240231,0
adam,local_global,570,-13.977157795240231,-13.977157140606533,0
adam,local_global,571,-13.977157140606533,-13.977157453322658,0
adam,local_global,572,-13.977157453322658,-13.977157666372356,0
adam,local_global,573,-13.977157666372356,-13.977157512244949,0
adam,local_global,574,-13.977157512244949,-13.977157963201705,0
adam,local_global,575,-13.977157963201705,-13.977158902749183,0
adam,local_global,576,-13.977158902749183,-13.977159151061002,0
adam,local_global,577,-13.977159151061002,-13.977158443857276,0
adam,local_global,578,-13.977158443857276,-13.977157261860238,0
adam,local_global,579,-13.977157261860238,-13.977155406419199,0
adam,local_global,580,-13.977155406419199,-13.97715232706623,0
adam,local_global,581,-13.97715232706623,-13.977148137769856,0
adam,local_global,582,-13.977148137769856,-13.97714338576921,0
adam,local_global,583,-13.97714338576921,-13.977138876664482,0
adam,local_global,584,-13.977138876664482,-13.977136307380926,0
adam,local_global,585,-13.977136307380926,-13.977137181849429,0
adam,local_global,586,-13.977137181849429,-13.97713948726967,0
adam,local_global,587,-13.97713948726967,-13.977137719152331,0
adam,local_global,588,-13.977137719152331,-13.977129685327474,0
adam,local_global,589,-13.977129685327474,-13.977122844293898,0
adam,local_global,590,-13.977122844293898,-13.977128409245374,0
adam,local_global,591,-13.977128409245374,-13.97714465737781,0
adam,local_global,592,-13.97714465737781,-13.977155624747839,0
adam,local_global,593,-13.977155624747839,-13.977152628129295,0
adam,local_global,594,-13.977152628129295,-13.977144265047139,0
adam,local_global,595,-13.977144265047139,-13.977143677062799,0
adam,local_global,596,-13.977143677062799,-13.977151079041182,0
adam,local_global,597,-13.977151079041182,-13.977154663820365,0
adam,local_global,598,-13.977154663820365,-13.977150335512256,0
adam,local_global,599,-13.977150335512256,-13.97714709200907,0
adam,local_global,600,-13.97714709200907,-13.97715148871439,0
adam,local_global,601,-13.97715148871439,-13.977157507355201,0
adam,local_global,602,-13.977157507355201,-13.977157324191214,0
adam,local_global,603,-13.977157324191214,-13.977154196361434,0
adam,local_global,604,-13.977154196361434,-13.977155770609432,0
adam,local_global,605,-13.977155770609432,-13.977160973114907,0
adam,local_global,606,-13.977160973114907,-13.97716228639705,0
adam,local_global,607,-13.97716228639705,-13.97715840710197,0
adam,local_global,608,-13.97715840710197,-13.977155671502645,0
adam,local_global,609,-13.977155671502645,-13.977157540956384,0
adam,local_global,610,-13.977157540956384,-13.97716018757318,0
adam,local_global,611,-13.97716018757318,-13.977159781791485,0
adam,local_global,612,-13.977159781791485,-13.97715811441135,0
adam,local_global,613,-13.97715811441135,-13.977158479041615,0
adam,local_global,614,-13.977158479041615,-13.977160376797165,0
adam,local_global,615,-13.977160376797165,-13.977161176442982,0
adam,local_global,616,-13.977161176442982,-13.977160485485008,0
adam,local_global,617,-13.977160485485008,-13.97715992441551,0
adam,local_global,618,-13.97715992441551,-13.977159884989382,0
adam,local_global,619,-13.977159884989382,-13.977159239981114,0
adam,local_global,620,-13.977159239981114,-13.97715762163804,0
adam,local_global,621,-13.97715762163804,-13.97715563020215,0
adam,local_global,622,-13.97715563020215,-13.977153056683962,0
adam,local_global,623,-13.977153056683962,-13.97714870339415,0
adam,local_global,624,-13.97714870339415,-13.977142226064197,0
adam,local_global,625,-13.977142226064197,-13.977135053286116,0
adam,local_global,626,-13.977135053286116,-13.97712950489478,0
adam,local_global,627,-13.97712950489478,-13.977127396853327,0
adam,local_global,628,-13.977127396853327,-13.97712994823599,0
adam,local_global,629,-13.97712994823599,-13.977136976223282,0
adam,local_global,630,-13.977136976223282,-13.97714629320824,0
adam,local_global,631,-13.97714629320824,-13.977154299423432,0
adam,local_global,632,-13.977154299423432,-13.97715774309739,0
adam,local_global,633,-13.97715774309739,-13.977156116713925,0
adam,local_global,634,-13.977156116713925,-13.977151884805387,0
adam,local_global,635,-13.977151884805387,-13.977148675894085,0
adam,local_global,636,-13.977148675894085,-13.977148346936014,0
adam,local_global,637,-13.977148346936014,-13.977150246967327,0
adam,local_global,638,-13.977150246967327,-13.977152913319758,0
adam,local_global,639,-13.977152913319758,-13.977155418497588,0
adam,local_global,640,-13.977155418497588,-13.977156915210866,0
adam,local_global,641,-13.977156915210866,-13.977156898303157,0
adam,local_global,642,-13.977156898303157,-13.97715646506023,0
adam,local_global,643,-13.97715646506023,-13.977157345902723,0
adam,local_global,644,-13.977157345902723,-13.977159800014967,0
adam,local_global,645,-13.977159800014967,-13.977162142347737,0
adam,local_global,646,-13.977162142347737,-13.977162574746895,0
adam,local_global,647,-13.977162574746895,-13.977161457807334,0
adam,local_global,648,-13.977161457807334,-13.977160870968424,0
adam,local_global,649,-13.977160870968424,-13.977162074424216,0
adam,local_global,650,-13.977162074424216,-13.977164057692342,0
adam,local_global,651,-13.977164057692342,-13.977164927385488,0
adam,local_global,652,-13.977164927385488,-13.97716424665675,0
adam,local_global,653,-13.97716424665675,-13.977163259723334,0
adam,local_global,654,-13.977163259723334,-13.977163162799457,0
adam,local_global,655,-13.977163162799457,-13.9771638665518,0
adam,local_global,656,-13.9771638665518,-13.977164585161292,0
adam,local_global,657,-13.977164585161292,-13.97716499087032,0
adam,local_global,658,-13.97716499087032,-13.977165328968708,0
adam,local_global,659,-13.977165328968708,-13.977165726636803,0
adam,local_global,660,-13.977165726636803,-13.977165930685022,0
adam,local_global,661,-13.977165930685022,-13.97716578512261,0
adam,local_global,662,-13.97716578512261,-13.977165578800784,0
adam,local_global,663,-13.977165578800784,-13.977165705766657,0
adam,local_global,664,-13.977165705766657,-13.977166167329786,0
adam,local_global,665,-13.977166167329786,-13.977166602994798,0
adam,local_global,666,-13.977166602994798,-13.977166742615905,0
adam,local_global,667,-13.977166742615905,-13.97716664524809,0
adam,local_global,668,-13.97716664524809,-13.977166494508667,0
adam,local_global,669,-13.977166494508667,-13.977166340808166,0
adam,local_global,670,-13.977166340808166,-13.977166123553085,0
adam,local_global,671,-13.977166123553085,-13.977165835484666,0
adam,local_global,672,-13.977165835484666,-13.977165529910899,0
adam,local_global,673,-13.977165529910899,-13.977165155062856,0
adam,local_global,674,-13.977165155062856,-13.977164466191132,0
adam,local_global,675,-13.977164466191132,-13.977163117860567,0
adam,local_global,676,-13.977163117860567,-13.97716079742914,0
adam,local_global,677,-13.97716079742914,-13.97715720912814,0
adam,local_global,678,-13.97715720912814,-13.9771520277538,0
adam,local_global,679,-13.9771520277538,-13.97714498965621,0
adam,local_global,680,-13.97714498965621,-13.977136484049073,0
adam,local_global,681,-13.977136484049073,-13.977128256904432,0
adam,local_global,682,-13.977128256904432,-13.977123941933518,0
adam,local_global,683,-13.977123941933518,-13.977127390242833,0
adam,local_global,684,-13.977127390242833,-13.977139315274341,0
adam,local_global,685,-13.977139315274341,-13.97715450877744,0
adam,local_global,686,-13.97715450877744,-13.977164767449999,0
adam,local_global,687,-13.977164767449999,-13.977165250288534,0
adam,local_global,688,-13.977165250288534,-13.977157849150212,0
adam,local_global,689,-13.977157849150212,-13.977148892599264,0
adam,local_global,690,-13.977148892599264,-13.977144438989306,0
adam,local_global,691,-13.977144438989306,-13.977146636934545,0
adam,local_global,692,-13.977146636934545,-13.977152988332008,0
adam,local_global,693,-13.977152988332008,-13.977159152812328,0
adam,local_global,694,-13.977159152812328,-13.977162192466494,0
adam,local_global,695,-13.977162192466494,-13.977161495777978,0
adam,local_global,696,-13.977161495777978,-13.977158737187114,0
adam,local_global,697,-13.977158737187114,-13.977157089544564,0
adam,local_global,698,-13.977157089544564,-13.977158728990021,0
adam,local_global,699,-13.977158728990021,-13.977162927094543,0
adam,local_global,700,-13.977162927094543,-13.97716662947368,0
adam,local_global,701,-13.97716662947368,-13.977167078010702,0
adam,local_global,702,-13.977167078010702,-13.977164607889101,0
adam,local_global,703,-13.977164607889101,-13.977162376790208,0
adam,local_global,704,-13.977162376790208,-13.97716302561585,0
adam,local_global,705,-13.97716302561585,-13.977166002659576,0
adam,local_global,706,-13.977166002659576,-13.977168358085596,0
adam,local_global,707,-13.977168358085596,-13.977168066117898,0
adam,local_global,708,-13.977168066117898,-13.977165902795099,0
adam,local_global,709,-13.977165902795099,-13.977163995376147,0
adam,local_global,710,-13.977163995376147,-13.977163273506108,0
adam,local_global,711,-13.977163273506108,-13.97716270699453,0
adam,local_global,712,-13.97716270699453,-13.977160684439815,0
adam,local_global,713,-13.977160684439815,-13.97715651608963,0
adam,local_global,714,-13.97715651608963,-13.977150663078437,0
adam,local_global,715,-13.977150663078437,-13.977144590417021,0
adam,local_global,716,-13.977144590417021,-13.97714111942817,0
adam,local_global,717,-13.97714111942817,-13.977143736329445,0
adam,local_global,718,-13.977143736329445,-13.977152880247658,0
adam,local_global,719,-13.977152880247658,-13.977162936738388,0
adam,local_global,720,-13.977162936738388,-13.977166519167177,0
adam,local_global,721,-13.977166519167177,-13.977161762778126,0
adam,local_global,722,-13.977161762778126,-13.977153434823146,0
adam,local_global,723,-13.977153434823146,-13.977148034997988,0
adam,local_global,724,-13.977148034997988,-13.977148004140611,0
adam,local_global,725,-13.977148004140611,-13.977149981826711,0
adam,local_global,726,-13.977149981826711,-13.977149611812163,0
adam,local_global,727,-13.977149611812163,-13.977147561151442,0
adam,local_global,728,-13.977147561151442,-13.977148128323952,0
adam,local_global,729,-13.977148128323952,-13.977152885409012,0
adam,local_global,730,-13.977152885409012,-13.97715753993355,0
adam,local_global,731,-13.97715753993355,-13.977156155744424,0
adam,local_global,732,-13.977156155744424,-13.977147400498621,0
adam,local_global,733,-13.977147400498621,-13.977136235096712,0
adam,local_global,734,-13.977136235096712,-13.977129971559592,0
adam,local_global,735,-13.977129971559592,-13.977132661075881,0
adam,local_global,736,-13.977132661075881,-13.977142287845918,0
adam,local_global,737,-13.977142287845918,-13.977152742571707,0
adam,local_global,738,-13.977152742571707,-13.97715879589235,0
adam,local_global,739,-13.97715879589235,-13.977159405231742,0
adam,local_global,740,-13.977159405231742,-13.977156920983635,0
adam,local_global,741,-13.977156920983635,-13.977154147478073,0
adam,local_global,742,-13.977154147478073,-13.977152805513418,0
adam,local_global,743,-13.977152805513418,-13.977153542381584,0
adam,local_global,744,-13.977153542381584,-13.977156048153383,0
adam,local_global,745,-13.977156048153383,-13.977159087439123,0
adam,local_global,746,-13.977159087439123,-13.97716132526508,0
adam,local_global,747,-13.97716132526508,-13.977162325016067,0
adam,local_global,748,-13.977162325016067,-13.977162609933648,0
adam,local_global,749,-13.977162609933648,-13.977163092073843,0
adam,local_global,750,-13.977163092073843,-13.977164276625249,0
adam,local_global,751,-13.977164276625249,-13.97716586683399,0
adam,local_global,752,-13.97716586683399,-13.977167007093444,0
adam,local_global,753,-13.977167007093444,-13.977167175234777,0
adam,local_global,754,-13.977167175234777,-13.977166751086319,0
adam,local_global,755,-13.977166751086319,-13.9771665683508,0
adam,local_global,756,-13.9771665683508,-13.977167067962023,0
adam,local_global,757,-13.977167067962023,-13.977167988910011,0
adam,local_global,758,-13.977167988910011,-13.977168715588462,0
adam,local_global,759,-13.977168715588462,-13.977168854273547,0
adam,local_global,760,-13.977168854273547,-13.977168544969558,0
adam,local_global,761,-13.977168544969558,-13.977168233867394,0
adam,local_global,762,-13.977168233867394,-13.977168209819121,0
adam,local_global,763,-13.977168209819121,-13.977168429916254,0
adam,local_global,764,-13.977168429916254,-13.977168672436802,0
adam,local_global,765,-13.977168672436802,-13.977168785568686,0
adam,local_global,766,-13.977168785568686,-13.977168814731561,0
adam,local_global,767,-13.977168814731561,-13.977168907608347,0
adam,local_global,768,-13.977168907608347,-13.977169129774246,0
adam,local_global,769,-13.977169129774246,-13.977169384157072,0
adam,local_global,770,-13.977169384157072,-13.977169475872964,0
adam,local_global,771,-13.977169475872964,-13.977169223841836,0
adam,local_global,772,-13.977169223841836,-13.977168520673272,0
adam,local_global,773,-13.977168520673272,-13.97716736704131,0
adam,local_global,774,-13.97716736704131,-13.977166016818828,0
adam,local_global,775,-13.977166016818828,-13.97716520501777,0
adam,local_global,776,-13.97716520501777,-13.977165916164038,0
adam,local_global,777,-13.977165916164038,-13.977168216844577,0
adam,local_global,778,-13.977168216844577,-13.977170516111022,0
adam,local_global,779,-13.977170516111022,-13.97717108574262,0
adam,local_global,780,-13.97717108574262,-13.977169987749779,0
adam,local_global,781,-13.977169987749779,-13.97716880302209,0
adam,local_global,782,-13.97716880302209,-13.9771688960797,0
adam,local_global,783,-13.9771688960797,-13.97716997811508,0
adam,local_global,784,-13.97716997811508,-13.977170509201256,0
adam,local_global,785,-13.977170509201256,-13.977169664122995,0
adam,local_global,786,-13.977169664122995,-13.977168116977507,0
adam,local_global,787,-13.977168116977507,-13.977166740314036,0
adam,local_global,788,-13.977166740314036,-13.977165103481095,0
adam,local_global,789,-13.977165103481095,-13.977161593453319,0
adam,local_global,790,-13.977161593453319,-13.977154998942932,0
adam,local_global,791,-13.977154998942932,-13.977145820007863,0
adam,local_global,792,-13.977145820007863,-13.97713680745647,0
adam,local_global,793,-13.97713680745647,-13.97713310589064,0
adam,local_global,794,-13.97713310589064,-13.977139363757523,0
adam,local_global,795,-13.977139363757523,-13.977152629601173,0
adam,local_global,796,-13.977152629601173,-13.977161359661267,0
adam,local_global,797,-13.977161359661267,-13.97715732803847,0
adam,local_global,798,-13.97715732803847,-13.977144210157014,0
adam,local_global,799,-13.977144210157014,-13.977132154511851,0
adam,local_global,800,-13.977132154511851,-13.977126886444616,0
adam,local_global,801,-13.977126886444616,-13.977123876101698,0
adam,local_global,802,-13.977123876101698,-13.977114777851824,0
adam,local_global,803,-13.977114777851824,-13.977100563995297,0
adam,local_global,804,-13.977100563995297,-13.977095234787344,0
adam,local_global,805,-13.977095234787344,-13.97711165056927,0
adam,local_global,806,-13.97711165056927,-13.977134702807025,0
adam,local_global,807,-13.977134702807025,-13.977132211258937,0
adam,local_global,808,-13.977132211258937,-13.97710177947361,0
adam,local_global,809,-13.97710177947361,-13.977075743073796,0
adam,local_global,810,-13.977075743073796,-13.977079199816743,0
adam,local_global,811,-13.977079199816743,-13.977101925196557,0
adam,local_global,812,-13.977101925196557,-13.977122577485616,0
adam,local_global,813,-13.977122577485616,-13.977139042042355,0
adam,local_global,814,-13.977139042042355,-13.977154249297826,0
adam,local_global,815,-13.977154249297826,-13.977157751286892,0
adam,local_global,816,-13.977157751286892,-13.977143201425482,0
adam,local_global,817,-13.977143201425482,-13.977128533015778,0
adam,local_global,818,-13.977128533015778,-13.977132370790985,0
adam,local_global,819,-13.977132370790985,-13.977146004120836,0
adam,local_global,820,-13.977146004120836,-13.977151745436007,0
adam,local_global,821,-13.977151745436007,-13.97715088960727,0
adam,local_global,822,-13.97715088960727,-13.977153074782969,0
adam,local_global,823,-13.977153074782969,-13.977156620905845,0
adam,local_global,824,-13.977156620905845,-13.977156586840778,0
adam,local_global,825,-13.977156586840778,-13.977156719361398,0
adam,local_global,826,-13.977156719361398,-13.977160575474398,0
adam,local_global,827,-13.977160575474398,-13.977164153417377,0
adam,local_global,828,-13.977164153417377,-13.977164470944476,0
adam,local_global,829,-13.977164470944476,-13.977164192145777,0
adam,local_global,830,-13.977164192145777,-13.977164859057762,0
adam,local_global,831,-13.977164859057762,-13.977164969431552,0
adam,local_global,832,-13.977164969431552,-13.977165294700931,0
adam,local_global,833,-13.977165294700931,-13.977167854173599,0
adam,local_global,834,-13.977167854173599,-13.977170391306334,0
adam,local_global,835,-13.977170391306334,-13.97716934456345,0
adam,local_global,836,-13.97716934456345,-13.97716658888926,0
adam,local_global,837,-13.97716658888926,-13.977166727223842,0
adam,local_global,838,-13.977166727223842,-13.977169768467288,0
adam,local_global,839,-13.977169768467288,-13.977171820449781,0
adam,local_global,840,-13.977171820449781,-13.977171267850807,0
adam,local_global,841,-13.977171267850807,-13.977169895044977,0
adam,local_global,842,-13.977169895044977,-13.977169268287867,0
adam,local_global,843,-13.977169268287867,-13.977169374487357,0
adam,local_global,844,-13.977169374487357,-13.977169837937563,0
adam,local_global,845,-13.977169837937563,-13.977170262449535,0
adam,local_global,846,-13.977170262449535,-13.97717009243161,0
adam,local_global,847,-13.97717009243161,-13.977169400483572,0
adam,local_global,848,-13.977169400483572,-13.977169048040421,0
adam,local_global,849,-13.977169048040421,-13.977169418586803,0
adam,local_global,850,-13.977169418586803,-13.977169895387231,0
adam,local_global,851,-13.977169895387231,-13.977169989803674,0
adam,local_global,852,-13.977169989803674,-13.977169917418772,0
adam,local_global,853,-13.977169917418772,-13.977169725634043,0
adam,local_global,854,-13.977169725634043,-13.977168681872683,0
adam,local_global,855,-13.977168681872683,-13.977166032976294,0
adam,local_global,856,-13.977166032976294,-13.977161561001356,0
adam,local_global,857,-13.977161561001356,-13.977155082417518,0
adam,local_global,858,-13.977155082417518,-13.977145918851736,0
adam,local_global,859,-13.977145918851736,-13.977133376357823,0
adam,local_global,860,-13.977133376357823,-13.97711800956288,0
adam,local_global,861,-13.97711800956288,-13.977102678451017,0
adam,local_global,862,-13.977102678451017,-13.9770935546942,0
adam,local_global,863,-13.9770935546942,-13.977097867963337,0
adam,local_global,864,-13.977097867963337,-13.977116705516321,0
adam,local_global,865,-13.977116705516321,-13.977138412094515,0
adam,local_global,866,-13.977138412094515,-13.977147238147952,0
adam,local_global,867,-13.977147238147952,-13.9771403964158,0
adam,local_global,868,-13.9771403964158,-13.977130473133004,0
adam,local_global,869,-13.977130473133004,-13.977131437165765,0
adam,local_global,870,-13.977131437165765,-13.97714474707482,0
adam,local_global,871,-13.97714474707482,-13.977158261940488,0
adam,local_global,872,-13.977158261940488,-13.977159955577966,0
adam,local_global,873,-13.977159955577966,-13.977151870988951,0
adam,local_global,874,-13.977151870988951,-13.97714638363544,0
adam,local_global,875,-13.97714638363544,-13.977151212172442,0
adam,local_global,876,-13.977151212172442,-13.977161876535122,0
adam,local_global,877,-13.977161876535122,-13.977168072993805,0
adam,local_global,878,-13.977168072993805,-13.977165736310456,0
adam,local_global,879,-13.977165736310456,-13.977160534183152,0
adam,local_global,880,-13.977160534183152,-13.977159642343262,0
adam,local_global,881,-13.977159642343262,-13.977163412506997,0
adam,local_global,882,-13.977163412506997,-13.977166770412557,0
adam,local_global,883,-13.977166770412557,-13.97716658022002,0
adam,local_global,884,-13.97716658022002,-13.977164973245912,0
adam,local_global,885,-13.977164973245912,-13.977165611184367,0
adam,local_global,886,-13.977165611184367,-13.977168756911166,0
adam,local_global,887,-13.977168756911166,-13.977171401269667,0
adam,local_global,888,-13.977171401269667,-13.97717136994096,0
adam,local_global,889,-13.97717136994096,-13.9771697432934,0
adam,local_global,890,-13.9771697432934,-13.977169077837257,0
adam,local_global,891,-13.977169077837257,-13.977170279308503,0
adam,local_global,892,-13.977170279308503,-13.977171976012828,0
adam,local_global,893,-13.977171976012828,-13.977172530806607,0
adam,local_global,894,-13.977172530806607,-13.97717184271498,0
adam,local_global,895,-13.97717184271498,-13.9771710503687,0
adam,local_global,896,-13.9771710503687,-13.977170999097826,0
adam,local_global,897,-13.977170999097826,-13.977171414346493,0
adam,local_global,898,-13.977171414346493,-13.977171412173943,0
adam,local_global,899,-13.977171412173943,-13.977170424932941,0
adam,local_global,900,-13.977170424932941,-13.977168477490167,0
adam,local_global,901,-13.977168477490167,-13.977165798241423,0
adam,local_global,902,-13.977165798241423,-13.977162426341113,0
adam,local_global,903,-13.977162426341113,-13.977158312269424,0
adam,local_global,904,-13.977158312269424,-13.977153753908077,0
adam,local_global,905,-13.977153753908077,-13.977149487226601,0
adam,local_global,906,-13.977149487226601,-13.977146413881028,0
adam,local_global,907,-13.977146413881028,-13.97714523131239,0
adam,local_global,908,-13.97714523131239,-13.977146515241703,0
adam,local_global,909,-13.977146515241703,-13.97715064067055,0
adam,local_global,910,-13.97715064067055,-13.977157127820812,0
adam,local_global,911,-13.977157127820812,-13.97716412604074,0
adam,local_global,912,-13.97716412604074,-13.977169257683936,0
adam,local_global,913,-13.977169257683936,-13.977171153198416,0
adam,local_global,914,-13.977171153198416,-13.9771699861218,0
adam,local_global,915,-13.9771699861218,-13.977167090698158,0
adam,local_global,916,-13.977167090698158,-13.97716451378373,0
adam,local_global,917,-13.97716451378373,-13.977164179334935,0
adam,local_global,918,-13.977164179334935,-13.977166600807307,0
adam,local_global,919,-13.977166600807307,-13.977170223351626,0
adam,local_global,920,-13.977170223351626,-13.977172453144698,0
adam,local_global,921,-13.977172453144698,-13.977171700059936,0
adam,local_global,922,-13.977171700059936,-13.977168547405137,0
adam,local_global,923,-13.977168547405137,-13.977165076141103,0
adam,local_global,924,-13.977165076141103,-13.977163215908476,0
adam,local_global,925,-13.977163215908476,-13.977163627546778,0
adam,local_global,926,-13.977163627546778,-13.977165789957375,0
adam,local_global,927,-13.977165789957375,-13.977168730133,0
adam,local_global,928,-13.977168730133,-13.97717142590808,0
adam,local_global,929,-13.97717142590808,-13.977172958346298,0
adam,local_global,930,-13.977172958346298,-13.9771729785336,0
adam,local_global,931,-13.9771729785336,-13.977172024245595,0
adam,local_global,932,-13.977172024245595,-13.977171138828625,0
adam,local_global,933,-13.977171138828625,-13.977171183492409,0
adam,local_global,934,-13.977171183492409,-13.977172318523678,0
adam,local_global,935,-13.977172318523678,-13.977173862587629,0
adam,local_global,936,-13.977173862587629,-13.977174780607573,0
adam,local_global,937,-13.977174780607573,-13.97717456435954,0
adam,local_global,938,-13.97717456435954,-13.977173648010078,0
adam,local_global,939,-13.977173648010078,-13.977172967983401,0
adam,local_global,940,-13.977172967983401,-13.977173168370985,0
adam,local_global,941,-13.977173168370985,-13.977174126298777,0
adam,local_global,942,-13.977174126298777,-13.977175118015616,0
adam,local_global,943,-13.977175118015616,-13.977175454002737,0
adam,local_global,944,-13.977175454002737,-13.977175017999569,0
adam,local_global,945,-13.977175017999569,-13.977174261831031,0
adam,local_global,946,-13.977174261831031,-13.977173755477242,0
adam,local_global,947,-13.977173755477242,-13.977173719223813,0
adam,local_global,948,-13.977173719223813,-13.977173884488948,0
adam,local_global,949,-13.977173884488948,-13.977173718097037,0
adam,local_global,950,-13.977173718097037,-13.977172771959307,0
adam,local_global,951,-13.977172771959307,-13.977170834704278,0
adam,local_global,952,-13.977170834704278,-13.977167793044545,0
adam,local_global,953,-13.977167793044545,-13.977163345532535,0
adam,local_global,954,-13.977163345532535,-13.977156849970438,0
adam,local_global,955,-13.977156849970438,-13.977147474270975,0
adam,local_global,956,-13.977147474270975,-13.977134906901211,0
adam,local_global,957,-13.977134906901211,-13.97712049085886,0
adam,local_global,958,-13.97712049085886,-13.977108668457124,0
adam,local_global,959,-13.977108668457124,-13.977106364566163,0
adam,local_global,960,-13.977106364566163,-13.977118637805356,0
adam,local_global,961,-13.977118637805356,-13.977141438313511,0
adam,local_global,962,-13.977141438313511,-13.97716166132771,0
adam,local_global,963,-13.97716166132771,-13.977167616654757,0
adam,local_global,964,-13.977167616654757,-13.97715901965051,0
adam,local_global,965,-13.97715901965051,-13.977145580613428,0
adam,local_global,966,-13.977145580613428,-13.977138392599297,0
adam,local_global,967,-13.977138392599297,-13.977141945927817,0
adam,local_global,968,-13.977141945927817,-13.977151337564496,0
adam,local_global,969,-13.977151337564496,-13.977157580234273,0
adam,local_global,970,-13.977157580234273,-13.977156131118276,0
adam,local_global,971,-13.977156131118276,-13.977150150225507,0
adam,local_global,972,-13.977150150225507,-13.977147104254097,0
adam,local_global,973,-13.977147104254097,-13.977151741434694,0
adam,local_global,974,-13.977151741434694,-13.977161070375097,0
adam,local_global,975,-13.977161070375097,-13.977167044832306,0
adam,local_global,976,-13.977167044832306,-13.977165045010794,0
adam,local_global,977,-13.977165045010794,-13.97715742994768,0
adam,local_global,978,-13.97715742994768,-13.977149994630672,0
adam,local_global,979,-13.977149994630672,-13.977146448353194,0
adam,local_global,980,-13.977146448353194,-13.977145576124133,0
adam,local_global,981,-13.977145576124133,-13.97714441912063,0
adam,local_global,982,-13.97714441912063,-13.97714264716478,0
adam,local_global,983,-13.97714264716478,-13.977142353766588,0
adam,local_global,984,-13.977142353766588,-13.977144201389825,0
adam,local_global,985,-13.977144201389825,-13.977145922246043,0
adam,local_global,986,-13.977145922246043,-13.977146083079498,0
adam,local_global,987,-13.977146083079498,-13.977146383958047,0
adam,local_global,988,-13.977146383958047,-13.97714937243044,0
adam,local_global,989,-13.97714937243044,-13.977154190179567,0
adam,local_global,990,-13.977154190179567,-13.977156477629086,0
adam,local_global,991,-13.977156477629086,-13.977153205613199,0
adam,local_global,992,-13.977153205613199,-13.977146528511346,0
adam,local_global,993,-13.977146528511346,-13.97714376135371,0
adam,local_global,994,-13.97714376135371,-13.977151010164029,0
adam,local_global,995,-13.977151010164029,-13.977163904344332,0
adam,local_global,996,-13.977163904344332,-13.977170866940916,0
adam,local_global,997,-13.977170866940916,-13.977167089810681,0
adam,local_global,998,-13.977167089810681,-13.977159563201255,0
adam,local_global,999,-13.977159563201255,-13.97715810367611,0
adam,local_global,1000,-13.97715810367611,-13.977163939052131,0
adam,local_global,1001,-13.977163939052131,-13.977169091237517,0
adam,local_global,1002,-13.977169091237517,-13.977168061094233,0
adam,local_global,1003,-13.977168061094233,-13.977164788500035,0
adam,local_global,1004,-13.977164788500035,-13.977165704873102,0
adam,local_global,1005,-13.977165704873102,-13.977170470113034,0
adam,local_global,1006,-13.977170470113034,-13.977173420288333,0
adam,local_global,1007,-13.977173420288333,-13.977172442252671,0
adam,local_global,1008,-13.977172442252671,-13.9771710264518,0
adam,local_global,1009,-13.9771710264518,-13.977171848181891,0
adam,local_global,1010,-13.977171848181891,-13.977172999651264,0
adam,local_global,1011,-13.977172999651264,-13.9771721348666,0
adam,local_global,1012,-13.9771721348666,-13.977170701291733,0
adam,local_global,1013,-13.977170701291733,-13.977171326371488,0
adam,local_global,1014,-13.977171326371488,-13.977173332460012,0
adam,local_global,1015,-13.977173332460012,-13.97717367769848,0
adam,local_global,1016,-13.97717367769848,-13.977171425278275,0
adam,local_global,1017,-13.977171425278275,-13.977168615646436,0
adam,local_global,1018,-13.977168615646436,-13.9771668658253,0
adam,local_global,1019,-13.9771668658253,-13.97716531556088,0
adam,local_global,1020,-13.97716531556088,-13.977162442428735,0
adam,local_global,1021,-13.977162442428735,-13.977158194633642,0
adam,local_global,1022,-13.977158194633642,-13.977153395001846,0
adam,local_global,1023,-13.977153395001846,-13.977148197169686,0
adam,local_global,1024,-13.977148197169686,-13.97714248572215,0
adam,local_global,1025,-13.97714248572215,-13.977137228425471,0
adam,local_global,1026,-13.977137228425471,-13.977134597189483,0
adam,local_global,1027,-13.977134597189483,-13.977135866477115,0
adam,local_global,1028,-13.977135866477115,-13.97713991329523,0
adam,local_global,1029,-13.97713991329523,-13.977143234073257,0
adam,local_global,1030,-13.977143234073257,-13.977141968091457,0
adam,local_global,1031,-13.977141968091457,-13.977133833739234,0
adam,local_global,1032,-13.977133833739234,-13.97711940585422,0
adam,local_global,1033,-13.97711940585422,-13.977103642292736,0
adam,local_global,1034,-13.977103642292736,-13.977095048079518,0
adam,local_global,1035,-13.977095048079518,-13.977101538887494,0
adam,local_global,1036,-13.977101538887494,-13.977123791085145,0
adam,local_global,1037,-13.977123791085145,-13.977150417463585,0
adam,local_global,1038,-13.977150417463585,-13.977163694228594,0
adam,local_global,1039,-13.977163694228594,-13.977156845420643,0
adam,local_global,1040,-13.977156845420643,-13.977141201615291,0
adam,local_global,1041,-13.977141201615291,-13.977134768495374,0
adam,local_global,1042,-13.977134768495374,-13.977145326258047,0
adam,local_global,1043,-13.977145326258047,-13.97716274588686,0
adam,local_global,1044,-13.97716274588686,-13.977170862734893,0
adam,local_global,1045,-13.977170862734893,-13.977165670418493,0
adam,local_global,1046,-13.977165670418493,-13.97715760686775,0
adam,local_global,1047,-13.97715760686775,-13.977157778682443,0
adam,local_global,1048,-13.977157778682443,-13.977165651724027,0
adam,local_global,1049,-13.977165651724027,-13.977171870035699,0
adam,local_global,1050,-13.977171870035699,-13.977170968010748,0
adam,local_global,1051,-13.977170968010748,-13.977166947091314,0
adam,local_global,1052,-13.977166947091314,-13.97716626415782,0
adam,local_global,1053,-13.97716626415782,-13.977169633089494,0
adam,local_global,1054,-13.977169633089494,-13.977172658042955,0
adam,local_global,1055,-13.977172658042955,-13.977172539045336,0
adam,local_global,1056,-13.977172539045336,-13.977170962459631,0
adam,local_global,1057,-13.977170962459631,-13.977170603713754,0
adam,local_global,1058,-13.977170603713754,-13.977171367667088,0
adam,local_global,1059,-13.977171367667088,-13.977171276112559,0
adam,local_global,1060,-13.977171276112559,-13.977169584883814,0
adam,local_global,1061,-13.977169584883814,-13.977167353072927,0
adam,local_global,1062,-13.977167353072927,-13.977165583038703,0
adam,local_global,1063,-13.977165583038703,-13.977164393928815,0
adam,local_global,1064,-13.977164393928815,-13.977164092665824,0
adam,local_global,1065,-13.977164092665824,-13.977165305570631,0
adam,local_global,1066,-13.977165305570631,-13.977167425979045,0
adam,local_global,1067,-13.977167425979045,-13.977168563651976,0
adam,local_global,1068,-13.977168563651976,-13.977167786123339,0
adam,local_global,1069,-13.977167786123339,-13.97716652859943,0
adam,local_global,1070,-13.97716652859943,-13.977167351370994,0
adam,local_global,1071,-13.977167351370994,-13.9771710383735,0
adam,local_global,1072,-13.9771710383735,-13.977175205091783,0
adam,local_global,1073,-13.977175205091783,-13.977176651221061,0
adam,local_global,1074,-13.977176651221061,-13.977174797860462,0
adam,local_global,1075,-13.977174797860462,-13.977172092741577,0
adam,local_global,1076,-13.977172092741577,-13.977171367273781,0
adam,local_global,1077,-13.977171367273781,-13.977173129256993,0
adam,local_global,1078,-13.977173129256993,-13.977175440029185,0
adam,local_global,1079,-13.977175440029185,-13.97717626223931,0
adam,local_global,1080,-13.97717626223931,-13.977175414956232,0
adam,local_global,1081,-13.977175414956232,-13.977174168523579,0
adam,local_global,1082,-13.977174168523579,-13.977173534899086,0
adam,local_global,1083,-13.977173534899086,-13.977173378425027,0
adam,local_global,1084,-13.977173378425027,-13.977173018660816,0
adam,local_global,1085,-13.977173018660816,-13.977172166577509,0
adam,local_global,1086,-13.977172166577509,-13.977171091448486,0
adam,local_global,1087,-13.977171091448486,-13.977170194847039,0
adam,local_global,1088,-13.977170194847039,-13.97716973981596,0
adam,local_global,1089,-13.97716973981596,-13.977169952391131,0
adam,local_global,1090,-13.977169952391131,-13.977171013207219,0
adam,local_global,1091,-13.977171013207219,-13.977172668702355,0
adam,local_global,1092,-13.977172668702355,-13.977174010232227,0
adam,local_global,1093,-13.977174010232227,-13.977173907418468,0
adam,local_global,1094,-13.977173907418468,-13.977171744642025,0
adam,local_global,1095,-13.977171744642025,-13.977167775629532,0
adam,local_global,1096,-13.977167775629532,-13.977162915487646,0
adam,local_global,1097,-13.977162915487646,-13.977158284218342,0
adam,local_global,1098,-13.977158284218342,-13.977155096598729,0
adam,local_global,1099,-13.977155096598729,-13.977154696208927,0
adam,local_global,1100,-13.977154696208927,-13.977158025822021,0
adam,local_global,1101,-13.977158025822021,-13.977163816551759,0
adam,local_global,1102,-13.977163816551759,-13.977168321154753,0
adam,local_global,1103,-13.977168321154753,-13.977168073075248,0
adam,local_global,1104,-13.977168073075248,-13.977162944555516,0
adam,local_global,1105,-13.977162944555516,-13.977155747952333,0
adam,local_global,1106,-13.977155747952333,-13.977149624414826,0
adam,local_global,1107,-13.977149624414826,-13.97714569139276,0
adam,local_global,1108,-13.97714569139276,-13.977142519833956,0
adam,local_global,1109,-13.977142519833956,-13.97713818602417,0
adam,local_global,1110,-13.97713818602417,-13.977132690978614,0
adam,local_global,1111,-13.977132690978614,-13.977127638141997,0
adam,local_global,1112,-13.977127638141997,-13.97712380568113,0
adam,local_global,1113,-13.97712380568113,-13.97712002072943,0
adam,local_global,1114,-13.97712002072943,-13.977115004964844,0
adam,local_global,1115,-13.977115004964844,-13.977110553339697,0
adam,local_global,1116,-13.977110553339697,-13.97711196262503,0
adam,local_global,1117,-13.97711196262503,-13.977123450985028,0
adam,local_global,1118,-13.977123450985028,-13.97714241518805,0
adam,local_global,1119,-13.97714241518805,-13.97715979618642,0
adam,local_global,1120,-13.97715979618642,-13.977167083886627,0
adam,local_global,1121,-13.977167083886627,-13.977162513999891,0
adam,local_global,1122,-13.977162513999891,-13.977151385822598,0
adam,local_global,1123,-13.977151385822598,-13.977141801989568,0
adam,local_global,1124,-13.977141801989568,-13.977139332425086,0
adam,local_global,1125,-13.977139332425086,-13.977143909539953,0
adam,local_global,1126,-13.977143909539953,-13.977151014505607,0
adam,local_global,1127,-13.977151014505607,-13.977155996091838,0
adam,local_global,1128,-13.977155996091838,-13.977156940703997,0
adam,local_global,1129,-13.977156940703997,-13.977154999980208,0
adam,local_global,1130,-13.977154999980208,-13.977153359690039,0
adam,local_global,1131,-13.977153359690039,-13.977155153953953,0
adam,local_global,1132,-13.977155153953953,-13.977161009976964,0
adam,local_global,1133,-13.977161009976964,-13.977168482906936,0
adam,local_global,1134,-13.977168482906936,-13.977173776579114,0
adam,local_global,1135,-13.977173776579114,-13.97717428098944,0
adam,local_global,1136,-13.97717428098944,-13.977170569166612,0
adam,local_global,1137,-13.977170569166612,-13.977166041300869,0
adam,local_global,1138,-13.977166041300869,-13.977164226945325,0
adam,local_global,1139,-13.977164226945325,-13.977166107440965,0
adam,local_global,1140,-13.977166107440965,-13.977169639051176,0
adam,local_global,1141,-13.977169639051176,-13.977171728686958,0
adam,local_global,1142,-13.977171728686958,-13.97717081939393,0
adam,local_global,1143,-13.97717081939393,-13.977167589255009,0
adam,local_global,1144,-13.977167589255009,-13.977163623119868,0
adam,local_global,1145,-13.977163623119868,-13.977159775255643,0
adam,local_global,1146,-13.977159775255643,-13.977155736148555,0
adam,local_global,1147,-13.977155736148555,-13.977151016650291,0
adam,local_global,1148,-13.977151016650291,-13.97714588717181,0
adam,local_global,1149,-13.97714588717181,-13.977141660065534,0
adam,adiabatic,0,-0.041532098531636086,-6.704998233655849,0
adam,adiabatic,1,-0.20680446340208097,-6.832655465698833,0
adam,adiabatic,2,-0.3669899781713637,-6.956259606478966,0
adam,adiabatic,3,-0.5216864307973826,-7.073091990110279,0
adam,adiabatic,4,-0.6698362326418599,-7.181723510685557,0
adam,adiabatic,5,-0.8115306451833197,-7.283020112784634,0
adam,adiabatic,6,-0.948316936801887,-7.378958549797182,0
adam,adiabatic,7,-1.0824484671630046,-7.471557513656598,0
adam,adiabatic,8,-1.2161275935917608,-7.5625979729726325,0
adam,adiabatic,9,-1.3511113999132127,-7.653510935917096,0
adam,adiabatic,10,-1.4886598926204913,-7.744996742019444,0
adam,adiabatic,11,-1.6295802652133358,-7.836952174649979,0
adam,adiabatic,12,-1.7742402016728689,-7.928678888644853,0
adam,adiabatic,13,-1.9225607877681685,-8.019033926438754,0
adam,adiabatic,14,-2.074005954263951,-8.106615295572789,0
adam,adiabatic,15,-2.2276539332462733,-8.189955090011992,0
adam,adiabatic,16,-2.382330789816251,-8.267709903796128,0
adam,adiabatic,17,-2.5367808681750157,-8.338845341631027,0
adam,adiabatic,18,-2.6898695833829076,-8.40277896943379,0
adam,adiabatic,19,-2.8407993595117134,-8.459477234121648,0
adam,adiabatic,20,-2.989288933267881,-8.509467386180324,0
adam,adiabatic,21,-3.135609212243565,-8.553721583270484,0
adam,adiabatic,22,-3.2804439523948505,-8.593446096184177,0
adam,adiabatic,23,-3.424686543979667,-8.629832186250754,0
adam,adiabatic,24,-3.569228712980601,-8.663864084237435,0
adam,adiabatic,25,-3.714780238140413,-8.696280304170484,0
adam,adiabatic,26,-3.8618108721006994,-8.727705378359797,0
adam,adiabatic,27,-4.010639830748136,-8.758890048269217,0
adam,adiabatic,28,-4.161590266830485,-8.79090476447047,0
adam,adiabatic,29,-4.315084744993434,-8.825117237046452,0
adam,adiabatic,30,-4.47160944964754,-8.862952919604528,0
adam,adiabatic,31,-4.631570904105,-8.905594709049668,0
adam,adiabatic,32,-4.79511826762636,-8.953760368324085,0
adam,adiabatic,33,-4.96199868541877,-9.007614756897397,0
adam,adiabatic,34,-5.131491417347136,-9.066827542008548,0
adam,adiabatic,35,-5.302447013867534,-9.13074867944139,0
adam,adiabatic,36,-5.473435497288233,-9.198617406016487,0
adam,adiabatic,37,-5.642956016463875,-9.269685463960984,0
adam,adiabatic,38,-5.809606299915999,-9.343175843951798,0
adam,adiabatic,39,-5.972136922412112,-9.41813517704155,0
adam,adiabatic,40,-6.129432597415804,-9.493351214141718,0
adam,adiabatic,41,-6.280534249712127,-9.567441376174177,0
adam,adiabatic,42,-6.424755414706309,-9.639077524692816,0
adam,adiabatic,43,-6.561845012876258,-9.707253111586576,0
adam,adiabatic,44,-6.6920983439972455,-9.771478007938661,0
adam,adiabatic,45,-6.8163173682482805,-9.831791654249152,0
adam,adiabatic,46,-6.935583021559251,-9.888608586134163,0
adam,adiabatic,47,-7.050948313100648,-9.942526517638886,0
adam,adiabatic,48,-7.163227509474731,-9.994178463346522,0
adam,adiabatic,49,-7.272947569401254,-10.044126973800312,0
adam,adiabatic,50,-7.380419173018456,-10.092779352989698,0
adam,adiabatic,51,-7.485848295597843,-10.140334667675388,0
adam,adiabatic,52,-7.589420725994338,-10.1867946018931,0
adam,adiabatic,53,-7.691338278760054,-10.232041660053602,0
adam,adiabatic,54,-7.79182993838171,-10.27595094386464,0
adam,adiabatic,55,-7.891164825715851,-10.318497946654736,0
adam,adiabatic,56,-7.989664624756515,-10.359848751751022,0
adam,adiabatic,57,-8.08770103253343,-10.400424382153057,0
adam,adiabatic,58,-8.185677897151988,-10.440904943471294,0
adam,adiabatic,59,-8.284004078373442,-10.4821429392948,0
adam,adiabatic,60,-8.38305863138975,-10.525023311027075,0
adam,adiabatic,61,-8.483162785295471,-10.570359804631973,0
adam,adiabatic,62,-8.584586582708678,-10.618874283993534,0
adam,adiabatic,63,-8.6875877484011,-10.671224403260503,0
adam,adiabatic,64,-8.792443780857463,-10.728020960126644,0
adam,adiabatic,65,-8.899453727193208,-10.789812714258968,0
adam,adiabatic,66,-9.00891408449658,-10.85705229389581,0
adam,adiabatic,67,-9.121078826801583,-10.930068737331403,0
adam,adiabatic,68,-9.236122782034139,-11.009072589218887,0
adam,adiabatic,69,-9.354136714788382,-11.09420036581693,0
adam,adiabatic,70,-9.475166798354433,-11.185564033381297,0
adam,adiabatic,71,-9.599274709363742,-11.283249385836237,0
adam,adiabatic,72,-9.726571390775723,-11.387246257205375,0
adam,adiabatic,73,-9.857197403802479,-11.497357534800706,0
adam,adiabatic,74,-9.991267420396584,-11.613145834512487,0
adam,adiabatic,75,-10.128817023554245,-11.733938208237138,0
adam,adiabatic,76,-10.269777478231195,-11.858883704892847,0
adam,adiabatic,77,-10.41398622785635,-11.98705490288312,0
adam,adiabatic,78,-10.561224613913627,-12.11756425280253,0
adam,adiabatic,79,-10.711254906339265,-12.24963131640605,0
adam,adiabatic,80,-10.863821425841044,-12.382538613086151,0
adam,adiabatic,81,-11.01860300490176,-12.515481583296486,0
adam,adiabatic,82,-11.175146729987992,-12.64740775545154,0
adam,adiabatic,83,-11.332837616882154,-12.776967996757664,0
adam,adiabatic,84,-11.490943668737343,-12.9026300630011,0
adam,adiabatic,85,-11.648728717306348,-13.022885173597537,0
adam,adiabatic,86,-11.80556375796658,-13.136419673612819,0
adam,adiabatic,87,-11.960947666388776,-13.242175773503405,0
adam,adiabatic,88,-12.114426596187522,-13.339318444349013,0
adam,adiabatic,89,-12.265501112804408,-13.427165902789456,0
adam,adiabatic,90,-12.413593730685221,-13.505134718814093,0
adam,adiabatic,91,-12.558052607175268,-13.572743017978524,0
adam,adiabatic,92,-12.698108986987025,-13.629701815565857,0
adam,adiabatic,93,-12.832746581188784,-13.676091953972739,0
adam,adiabatic,94,-12.960623828457338,-13.712565420048646,0
adam,adiabatic,95,-13.080307122675642,-13.740442670941402,0
adam,adiabatic,96,-13.190774552978363,-13.761588041682614,0
adam,adiabatic,97,-13.29173830928819,-13.778083990595382,0
adam,adiabatic,98,-13.383479115412987,-13.791880522643256,0
adam,adiabatic,99,-13.466483733126875,-13.804565906687854,0
adam,adiabatic,100,-13.570553388480858,-13.817282357798355,0
adam,adiabatic,101,-13.631324011898561,-13.830506047345393,0
adam,adiabatic,102,-13.685542657907817,-13.844197331651927,0
adam,adiabatic,103,-13.733451488962327,-13.858004788366737,0
adam,adiabatic,104,-13.775130664172433,-13.871526711160769,0
adam,adiabatic,105,-13.810812356376067,-13.884440919091604,0
adam,adiabatic,106,-13.840959977509204,-13.89649955362547,0
adam,adiabatic,107,-13.866124684927206,-13.907513301180275,0
adam,adiabatic,108,-13.88687304870794,-13.91737283290115,0
adam,adiabatic,109,-13.903825565811754,-13.926053480117105,0
adam,adiabatic,110,-13.917608584409676,-13.93358178534733,0
adam,adiabatic,111,-13.928726087643804,-13.940005724152858,0
adam,adiabatic,112,-13.937548158594772,-13.945386088680413,0
adam,adiabatic,113,-13.944415287826047,-13.949785087708646,0
adam,adiabatic,114,-13.949668398041695,-13.953254552052135,0
adam,adiabatic,115,-13.95358257626544,-13.955850509980149,0
adam,adiabatic,116,-13.956360977560042,-13.957661984845855,0
adam,adiabatic,117,-13.958211957170546,-13.958814311163021,0
adam,adiabatic,118,-13.959379318362242,-13.959446359768737,0
adam,adiabatic,119,-13.960097416775858,-13.959697578953708,0
adam,adiabatic,120,-13.960572893004848,-13.959711656389654,0
adam,adiabatic,121,-13.961011811390769,-13.959630276018487,0
adam,adiabatic,122,-13.961607541398052,-13.959572580557943,0
adam,adiabatic,123,-13.962483905175535,-13.959622937346065,0
adam,adiabatic,124,-13.963677217367614,-13.959833184033094,0
adam,adiabatic,125,-13.965172730021392,-13.960225309885795,0
adam,adiabatic,126,-13.966932168577397,-13.96079283067609,0
adam,adiabatic,127,-13.968896144811689,-13.961510780515905,0
adam,adiabatic,128,-13.970998798522581,-13.96235015207422,0
adam,adiabatic,129,-13.97319116676983,-13.963283226004728,0
adam,adiabatic,130,-13.975437953344219,-13.964280429851442,0
adam,adiabatic,131,-13.977698074241742,-13.965310034723673,0
adam,adiabatic,132,-13.979926026218655,-13.966341951587326,0
adam,adiabatic,133,-13.982086751263825,-13.967348732910986,0
adam,adiabatic,134,-13.984152698438121,-13.968304106245492,0
adam,adiabatic,135,-13.986089985842202,-13.969183631189242,0
adam,adiabatic,136,-13.987859430380407,-13.96996581164154,0
adam,adiabatic,137,-13.9894269045825,-13.97063118088073,0
adam,adiabatic,138,-13.990765049419856,-13.971163552870257,0
adam,adiabatic,139,-13.991853318497599,-13.971556101255004,0
adam,adiabatic,140,-13.992687565123331,-13.97181643636722,0
adam,adiabatic,141,-13.993287524964815,-13.971965197501934,0
adam,adiabatic,142,-13.993690549611346,-13.972030638745638,0
adam,adiabatic,143,-13.993941127376889,-13.972043618499942,0
adam,adiabatic,144,-13.99408601002007,-13.972033470480694,0
adam,adiabatic,145,-13.994169882818557,-13.972024589977094,0
adam,adiabatic,146,-13.99422887212306,-13.972034959357183,0
adam,adiabatic,147,-13.994288672124313,-13.972076000580385,0
adam,adiabatic,148,-13.994367429631554,-13.972151765575015,0
adam,adiabatic,149,-13.99447565997671,-13.972258205852164,0
adam,adiabatic,150,-13.994613558451762,-13.972384889519322,0
adam,adiabatic,151,-13.99477271489784,-13.972518765290504,0
adam,adiabatic,152,-13.99494153522867,-13.972647563222656,0
adam,adiabatic,153,-13.995108578020755,-13.972761975800335,0
adam,adiabatic,154,-13.995264064721143,-13.972856912443724,0
adam,adiabatic,155,-13.99540225871124,-13.972931441788845,0
adam,adiabatic,156,-13.995522525585503,-13.972987465148515,0
adam,adiabatic,157,-13.995627227183896,-13.973028402318333,0
adam,adiabatic,158,-13.995719580042278,-13.973058532089553,0
adam,adiabatic,159,-13.995803429244337,-13.97308230855661,0
adam,adiabatic,160,-13.995882725939436,-13.973103414833323,0
adam,adiabatic,161,-13.995960003362345,-13.973124193555773,0
adam,adiabatic,162,-13.996035885862616,-13.973145626975672,0
adam,adiabatic,163,-13.996109686520525,-13.973167515805175,0
adam,adiabatic,164,-13.99617955833892,-13.973188891801072,0
adam,adiabatic,165,-13.996242746269411,-13.973208731896351,0
adam,adiabatic,166,-13.99629691438318,-13.97322649204057,0
adam,adiabatic,167,-13.996341248040464,-13.973242138607889,0
adam,adiabatic,168,-13.99637620855901,-13.973256003403334,0
adam,adiabatic,169,-13.996402979927883,-13.973268710879099,0
adam,adiabatic,170,-13.996423357816619,-13.973281021440306,0
adam,adiabatic,171,-13.996439428269586,-13.97329359604933,0
adam,adiabatic,172,-13.996453017655018,-13.97330689191505,0
adam,adiabatic,173,-13.99646561654581,-13.973321144804762,0
adam,adiabatic,174,-13.996478515873703,-13.973336295798877,0
adam,adiabatic,175,-13.996492570351817,-13.973351969720975,0
adam,adiabatic,176,-13.996507994568512,-13.97336760567436,0
adam,adiabatic,177,-13.996524601524735,-13.973382609559904,0
adam,adiabatic,178,-13.996542040042593,-13.97339644458128,0
adam,adiabatic,179,-13.996559789803065,-13.973408725397956,0
adam,adiabatic,180,-13.996577259972522,-13.97341929605325,0
adam,adiabatic,181,-13.996593989663465,-13.973428210030043,0
adam,adiabatic,182,-13.99660964926239,-13.973435663446091,0
adam,adiabatic,183,-13.996623975957613,-13.973441960618482,0
adam,adiabatic,184,-13.996636859961653,-13.973447473697153,0
adam,adiabatic,185,-13.996648386623873,-13.973452567867032,0
adam,adiabatic,186,-13.99665871841463,-13.97345754678688,0
adam,adiabatic,187,-13.996668022181991,-13.973462631837855,0
adam,adiabatic,188,-13.996676479192798,-13.973467940525346,0
adam,adiabatic,189,-13.996684233090422,-13.973473479726342,0
adam,adiabatic,190,-13.996691338858462,-13.973479177329803,0
adam,adiabatic,191,-13.996697818030366,-13.973484920675817,0
adam,adiabatic,192,-13.996703709311296,-13.973490582742675,0
adam,adiabatic,193,-13.996709047375093,-13.973496056183015,0
adam,adiabatic,194,-13.996713870116434,-13.973501285564142,0
adam,adiabatic,195,-13.99671826031421,-13.973506266937754,0
adam,adiabatic,196,-13.996722334064405,-13.97351102510903,0
adam,adiabatic,197,-13.996726204088615,-13.973515595849321,0
adam,adiabatic,198,-13.996729976020093,-13.973520014320139,0
adam,adiabatic,199,-13.99673374006746,-13.973524308951847,0
adam,adiabatic,200,-13.993835892087823,-13.973528649396913,0
adam,adiabatic,201,-13.99383979035772,-13.973532972257633,0
adam,adiabatic,202,-13.993843718767462,-13.97353721146503,0
adam,adiabatic,203,-13.993847684557764,-13.973541341121306,0
adam,adiabatic,204,-13.993851687013139,-13.973545378452096,0
adam,adiabatic,205,-13.993855703082437,-13.973549373290103,0
adam,adiabatic,206,-13.99385970602666,-13.97355338371132,0
adam,adiabatic,207,-13.993863679758675,-13.973557436346132,0
adam,adiabatic,208,-13.993867609306957,-13.973561502381289,0
adam,adiabatic,209,-13.993871474135144,-13.973565516288081,0
adam,adiabatic,210,-13.99387525625208,-13.973569420986557,0
adam,adiabatic,211,-13.993878946106685,-13.973573200078532,0
adam,adiabatic,212,-13.993882538885229,-13.973576877123449,0
adam,adiabatic,213,-13.993886030796702,-13.973580492327267,0
adam,adiabatic,214,-13.993889420394247,-13.973584076628967,0
adam,adiabatic,215,-13.993892709869893,-13.973587634965321,0
adam,adiabatic,216,-13.99389590232676,-13.973591144555158,0
adam,adiabatic,217,-13.993898998720084,-13.973594571059428,0
adam,adiabatic,218,-13.993901999385688,-13.973597893592897,0
adam,adiabatic,219,-13.993904907575045,-13.973601118749105,0
adam,adiabatic,220,-13.993907729735138,-13.973604273802467,0
adam,adiabatic,221,-13.99391047421771,-13.973607389134557,0
adam,adiabatic,222,-13.993913151929847,-13.97361048421852,0
adam,adiabatic,223,-13.993915776298056,-13.973613562522432,0
adam,adiabatic,224,-13.993918360658,-13.973616615171974,0
adam,adiabatic,225,-13.993920916545072,-13.973619631145075,0
adam,adiabatic,226,-13.99392345347992,-13.973622607567739,0
adam,adiabatic,227,-13.993925977383485,-13.973625552477872,0
adam,adiabatic,228,-13.993928489395358,-13.973628478270712,0
adam,adiabatic,229,-13.993930987743909,-13.973631391447187,0
adam,adiabatic,230,-13.99393346947858,-13.973634286901653,0
adam,adiabatic,231,-13.993935930129036,-13.973637150874543,0
adam,adiabatic,232,-13.993938364717554,-13.973639969432528,0
adam,adiabatic,233,-13.99394077015992,-13.973642736203793,0
adam,adiabatic,234,-13.993943145182163,-13.973645455473449,0
adam,adiabatic,235,-13.993945488907096,-13.9736481394015,0
adam,adiabatic,236,-13.99394780149195,-13.973650800372434,0
adam,adiabatic,237,-13.993950084763664,-13.973653443465032,0
adam,adiabatic,238,-13.993952340601883,-13.97365606501811,0
adam,adiabatic,239,-13.99395456990147,-13.973658657530724,0
adam,adiabatic,240,-13.993956773448929,-13.973661215765627,0
adam,adiabatic,241,-13.993958951987624,-13.973663739970533,0
adam,adiabatic,242,-13.993961105288276,-13.973666235284275,0
adam,adiabatic,243,-13.99396323257212,-13.973668707871903,0
adam,adiabatic,244,-13.993965333540892,-13.973671160177215,0
adam,adiabatic,245,-13.993967408119733,-13.97367358917859,0
adam,adiabatic,246,-13.993969456021249,-13.973675989177407,0
adam,adiabatic,247,-13.993971477294995,-13.973678356455316,0
adam,adiabatic,248,-13.993973472635325,-13.973680692059675,0
adam,adiabatic,249,-13.99397544292315,-13.973683001136914,0
adam,adiabatic,250,-13.993977389084128,-13.97368528961355,0
adam,adiabatic,251,-13.993979312305797,-13.973687560456897,0
adam,adiabatic,252,-13.993981213835758,-13.973689812065366,0
adam,adiabatic,253,-13.993983094652377,-13.973692039962803,0
adam,adiabatic,254,-13.993984955535693,-13.973694240468319,0
adam,adiabatic,255,-13.993986797178652,-13.973696413523767,0
adam,adiabatic,256,-13.993988620085625,-13.973698562697754,0
adam,adiabatic,257,-13.993990424554845,-13.973700692632594,0
adam,adiabatic,258,-13.993992210780291,-13.97370280595523,0
adam,adiabatic,259,-13.993993978868227,-13.973704901822213,0
adam,adiabatic,260,-13.993995728843505,-13.973706976988428,0
adam,adiabatic,261,-13.993997460735265,-13.973709028503807,0
adam,adiabatic,262,-13.993999174611835,-13.973711056022314,0
adam,adiabatic,263,-13.994000870542814,-13.973713062051448,0
adam,adiabatic,264,-13.994002548602596,-13.973715050066325,0
adam,adiabatic,265,-13.99400420890279,-13.973717022015116,0
adam,adiabatic,266,-13.994005851586968,-13.973718977088483,0
adam,adiabatic,267,-13.994007476824198,-13.973720912550343,0
adam,adiabatic,268,-13.99400908482116,-13.973722825896594,0
adam,adiabatic,269,-13.994010675813485,-13.973724716741122,0
adam,adiabatic,270,-13.994012250043175,-13.973726587114957,0
adam,adiabatic,271,-13.994013807762755,-13.973728440041405,0
adam,adiabatic,272,-13.994015349251498,-13.973730277507315,0
adam,adiabatic,273,-13.99401687480684,-13.973732099337845,0
adam,adiabatic,274,-13.994018384719057,-13.973733903706028,0
adam,adiabatic,275,-13.99401987926023,-13.973735688750445,0
adam,adiabatic,276,-13.99402135868303,-13.973737454048011,0
adam,adiabatic,277,-13.994022823213923,-13.973739200918184,0
adam,adiabatic,278,-13.99402427305168,-13.973740931445098,0
adam,adiabatic,279,-13.994025708383818,-13.973742647027974,0
adam,adiabatic,280,-13.994027129393864,-13.973744347563738,0
adam,adiabatic,281,-13.99402853625138,-13.973746031818157,0
adam,adiabatic,282,-13.994029929116001,-13.97374769860918,0
adam,adiabatic,283,-13.994031308154474,-13.973749347852042,0
adam,adiabatic,284,-13.994032673540476,-13.973750980713918,0
adam,adiabatic,285,-13.994034025443742,-13.973752598841461,0
adam,adiabatic,286,-13.994035364034263,-13.97375420329376,0
adam,adiabatic,287,-13.99403668948545,-13.97375579397518,0
adam,adiabatic,288,-13.994038001964277,-13.973757369945805,0
adam,adiabatic,289,-13.994039301630988,-13.97375893030752,0
adam,adiabatic,290,-13.994040588646607,-13.973760474961956,0
adam,adiabatic,291,-13.994041863170292,-13.973762004705732,0
adam,adiabatic,292,-13.994043125352922,-13.973763520669461,0
adam,adiabatic,293,-13.994044375341428,-13.97376502358073,0
adam,adiabatic,294,-13.994045613282152,-13.973766513405566,0
adam,adiabatic,295,-13.994046839318193,-13.973767989595443,0
adam,adiabatic,296,-13.994048053591905,-13.973769451689986,0
adam,adiabatic,297,-13.994049256247363,-13.973770899782554,0
adam,adiabatic,298,-13.994050447427451,-13.97377233451033,0
adam,adiabatic,299,-13.994051627272675,-13.973773756625684,0
adam,adiabatic,300,-13.991155790309307,-13.973775356727463,0
adam,adiabatic,301,-13.991157006652786,-13.973776998781563,0
adam,adiabatic,302,-13.991158199340552,-13.973778548312765,0
adam,adiabatic,303,-13.991159375383273,-13.97377995060038,0
adam,adiabatic,304,-13.991160555565179,-13.973781241818623,0
adam,adiabatic,305,-13.991161725132965,-13.973782520250799,0
adam,adiabatic,306,-13.991162873400425,-13.97378387449021,0
adam,adiabatic,307,-13.991164018189163,-13.973785310853042,0
adam,adiabatic,308,-13.991165163193793,-13.973786756773674,0
adam,adiabatic,309,-13.991166292312203,-13.97378813041238,0
adam,adiabatic,310,-13.991167407397771,-13.97378939942358,0
adam,adiabatic,311,-13.991168520768973,-13.973790595366083,0
adam,adiabatic,312,-13.991169626944611,-13.973791792145295,0
adam,adiabatic,313,-13.99117071793715,-13.97379305517354,0
adam,adiabatic,314,-13.99117180036031,-13.973794391596067,0
adam,adiabatic,315,-13.991172877226385,-13.97379574903447,0
adam,adiabatic,316,-13.991173941587784,-13.973797061386701,0
adam,adiabatic,317,-13.991174994138012,-13.973798294999243,0
adam,adiabatic,318,-13.991176041407973,-13.97379946585575,0
adam,adiabatic,319,-13.991177081286839,-13.973800625619827,0
adam,adiabatic,320,-13.991178109378248,-13.973801823902418,0
adam,adiabatic,321,-13.991179128519033,-13.97380307170065,0
adam,adiabatic,322,-13.99118014065398,-13.973804337109206,0
adam,adiabatic,323,-13.99118114266515,-13.973805574132163,0
adam,adiabatic,324,-13.991182134529828,-13.973806756326256,0
adam,adiabatic,325,-13.991183119225846,-13.973807891728654,0
adam,adiabatic,326,-13.991184095851809,-13.97380901343519,0
adam,adiabatic,327,-13.991185062408224,-13.973810153022432,0
adam,adiabatic,328,-13.991186020507739,-13.97381131598813,0
adam,adiabatic,329,-13.991186971356456,-13.97381247945044,0
adam,adiabatic,330,-13.991187913456386,-13.97381361247537,0
adam,adiabatic,331,-13.991188846639401,-13.97381470006879,0
adam,adiabatic,332,-13.991189772220821,-13.973815753290596,0
adam,adiabatic,333,-13.991190689764043,-13.973816800599169,0
adam,adiabatic,334,-13.991191598457632,-13.9738178671899,0
adam,adiabatic,335,-13.991192499243803,-13.973818957443925,0
adam,adiabatic,336,-13.99119339273788,-13.973820053916839,0
adam,adiabatic,337,-13.991194278221684,-13.973821132307151,0
adam,adiabatic,338,-13.991195155676861,-13.973822179183186,0
adam,adiabatic,339,-13.991196025778,-13.973823199585025,0
adam,adiabatic,340,-13.991196888330432,-13.97382421077961,0
adam,adiabatic,341,-13.991197743012506,-13.973825227861196,0
adam,adiabatic,342,-13.991198590322963,-13.973826252282008,0
adam,adiabatic,343,-13.991199430507322,-13.973827272032498,0
adam,adiabatic,344,-13.99120026322945,-13.97382827232298,0
adam,adiabatic,345,-13.991201088606468,-13.973829247307094,0
adam,adiabatic,346,-13.99120190703517,-13.9738302040177,0
adam,adiabatic,347,-13.99120271843004,-13.973831156490919,0
adam,adiabatic,348,-13.991203522692071,-13.973832115010248,0
adam,adiabatic,349,-13.991204320092875,-13.973833078750967,0
adam,adiabatic,350,-13.991205110717795,-13.973834037323554,0
adam,adiabatic,351,-13.991205894435822,-13.973834979371755,0
adam,adiabatic,352,-13.991206671394913,-13.973835901017619,0
adam,adiabatic,353,-13.991207441816313,-13.973836807982455,0
adam,adiabatic,354,-13.991208205663796,-13.97383771054056,0
adam,adiabatic,355,-13.991208962946951,-13.973838615595799,0
adam,adiabatic,356,-13.991209713840718,-13.973839522003125,0
adam,adiabatic,357,-13.991210458389844,-13.973840422457902,0
adam,adiabatic,358,-13.991211196571692,-13.973841309829266,0
adam,adiabatic,359,-13.991211928513138,-13.97384218256696,0
adam,adiabatic,360,-13.991212654326299,-13.973843045230316,0
adam,adiabatic,361,-13.991213374004271,-13.97384390427378,0
adam,adiabatic,362,-13.991214087605714,-13.973844762704852,0
adam,adiabatic,363,-13.991214795250956,-13.973845617871934,0
adam,adiabatic,364,-13.991215496977787,-13.97384646392474,0
adam,adiabatic,365,-13.991216192815834,-13.973847296635048,0
adam,adiabatic,366,-13.99121688286259,-13.97384811662843,0
adam,adiabatic,367,-13.991217567180113,-13.973848928718189,0
adam,adiabatic,368,-13.9912182457893,-13.973849738159325,0
adam,adiabatic,369,-13.99121891876148,-13.973850546869759,0
adam,adiabatic,370,-13.99121958617859,-13.973851352496222,0
adam,adiabatic,371,-13.991220248077532,-13.973852150781807,0
adam,adiabatic,372,-13.991220904508335,-13.97385293906515,0
adam,adiabatic,373,-13.99122155554585,-13.973853718113576,0
adam,adiabatic,374,-13.99122220123677,-13.97385449108834,0
adam,adiabatic,375,-13.991222841621223,-13.97385526073816,0
adam,adiabatic,376,-13.991223476765908,-13.973856027190136,0
adam,adiabatic,377,-13.99122410672807,-13.973856788056468,0
adam,adiabatic,378,-13.99122473154685,-13.97385754057732,0
adam,adiabatic,379,-13.99122535127659,-13.9738582839079,0
adam,adiabatic,380,-13.991225965976545,-13.973859019722038,0
adam,adiabatic,381,-13.991226575689995,-13.973859750790556,0
adam,adiabatic,382,-13.99122718046438,-13.97386047880036,0
adam,adiabatic,383,-13.991227780356102,-13.973861203190715,0
adam,adiabatic,384,-13.991228375410873,-13.97386192184687,0
adam,adiabatic,385,-13.991228965670656,-13.973862632941911,0
adam,adiabatic,386,-13.991229551187269,-13.973863336370922,0
adam,adiabatic,387,-13.99123013200931,-13.97386403369848,0
adam,adiabatic,388,-13.991230708178781,-13.973864726808143,0
adam,adiabatic,389,-13.991231279743037,-13.973865416440672,0
adam,adiabatic,390,-13.991231846749642,-13.97386610179316,0
adam,adiabatic,391,-13.991232409240137,-13.973866781391738,0
adam,adiabatic,392,-13.991232967257886,-13.973867454403747,0
adam,adiabatic,393,-13.991233520849041,-13.973868121288232,0
adam,adiabatic,394,-13.991234070055684,-13.973868783321869,0
adam,adiabatic,395,-13.991234614918769,-13.973869441486938,0
adam,adiabatic,396,-13.991235155482046,-13.973870095682543,0
adam,adiabatic,397,-13.991235691787214,-13.97387074488418,0
adam,adiabatic,398,-13.991236223873932,-13.973871388052604,0
adam,adiabatic,399,-13.991236751783662,-13.97387202499824,0
adam,adiabatic,400,-13.988343067130794,-13.973872922634376,0
adam,adiabatic,401,-13.988343638219424,-13.973873876604848,0
adam,adiabatic,402,-13.988344178766605,-13.973874694682744,0
adam,adiabatic,403,-13.988344705101657,-13.973875309354614,0
adam,adiabatic,404,-13.988345249858721,-13.973875786224722,0
adam,adiabatic,405,-13.988345784683098,-13.973876275327413,0
adam,adiabatic,406,-13.98834629891983,-13.97387689532798,0
adam,adiabatic,407,-13.988346824220859,-13.97387763203502,0
adam,adiabatic,408,-13.988347356958057,-13.973878368062191,0
adam,adiabatic,409,-13.988347871100938,-13.973878997048548,0
adam,adiabatic,410,-13.988348378729583,-13.973879497766298,0
adam,adiabatic,411,-13.98834889617073,-13.973879937860005,0
adam,adiabatic,412,-13.988349408220536,-13.973880427598068,0
adam,adiabatic,413,-13.988349908572005,-13.973881038226255,0
adam,adiabatic,414,-13.988350410896938,-13.973881743650558,0
adam,adiabatic,415,-13.988350912382371,-13.973882448105563,0
adam,adiabatic,416,-13.988351402383845,-13.973883067218328,0
adam,adiabatic,417,-13.988351889149229,-13.973883582699349,0
adam,adiabatic,418,-13.988352379636456,-13.973884045223485,0
adam,adiabatic,419,-13.988352864915143,-13.973884536556033,0
adam,adiabatic,420,-13.98835334274572,-13.973885108435594,0
adam,adiabatic,421,-13.988353820107303,-13.973885744523164,0
adam,adiabatic,422,-13.988354294843163,-13.97388638210333,0
adam,adiabatic,423,-13.988354762484787,-13.973886966324052,0
adam,adiabatic,424,-13.988355227567315,-13.973887486783742,0
adam,adiabatic,425,-13.988355692051321,-13.973887978426603,0
adam,adiabatic,426,-13.988356151207489,-13.973888491870733,0
adam,adiabatic,427,-13.988356605364494,-13.973889051620448,0
adam,adiabatic,428,-13.988357058230749,-13.973889636564069,0
adam,adiabatic,429,-13.988357508138428,-13.973890200791478,0
adam,adiabatic,430,-13.988357953166373,-13.973890712175157,0
adam,adiabatic,431,-13.988358395535089,-13.973891175470357,0
adam,adiabatic,432,-13.988358835411956,-13.973891627387935,0
adam,adiabatic,433,-13.988359270655375,-13.973892109390855,0
adam,adiabatic,434,-13.988359702279464,-13.973892636903184,0
adam,adiabatic,435,-13.988360131928484,-13.973893189889072,0
adam,adiabatic,436,-13.988360558327857,-13.973893731993318,0
adam,adiabatic,437,-13.988360980849086,-13.973894238940169,0
adam,adiabatic,438,-13.98836140068203,-13.973894713578327,0
adam,adiabatic,439,-13.988361817594024,-13.97389517979821,0
adam,adiabatic,440,-13.98836223075243,-13.973895661636053,0
adam,adiabatic,441,-13.988362640920823,-13.973896163834135,0
adam,adiabatic,442,-13.988363048554573,-13.973896669838746,0
adam,adiabatic,443,-13.988363452874326,-13.973897157537056,0
adam,adiabatic,444,-13.988363853911196,-13.973897617595261,0
adam,adiabatic,445,-13.988364252314517,-13.973898059981574,0
adam,adiabatic,446,-13.988364647821655,-13.973898505368599,0
adam,adiabatic,447,-13.988365040150514,-13.97389896869508,0
adam,adiabatic,448,-13.988365429724018,-13.973899447835288,0
adam,adiabatic,449,-13.988365816555035,-13.973899926465062,0
adam,adiabatic,450,-13.988366200289178,-13.973900387778485,0
adam,adiabatic,451,-13.988366581154628,-13.97390082703056,0
adam,adiabatic,452,-13.988366959424015,-13.973901253769437,0
adam,adiabatic,453,-13.988367334877518,-13.973901683342577,0
adam,adiabatic,454,-13.988367707485763,-13.973902124781143,0
adam,adiabatic,455,-13.98836807747454,-13.973902574703526,0
adam,adiabatic,456,-13.988368444768208,-13.973903021625855,0
adam,adiabatic,457,-13.988368809268529,-13.973903456021361,0
adam,adiabatic,458,-13.988369171158217,-13.97390387749162,0
adam,adiabatic,459,-13.988369530488521,-13.97390429396677,0
adam,adiabatic,460,-13.988369887139735,-13.97390471436979,0
adam,adiabatic,461,-13.988370241181146,-13.973905141008075,0
adam,adiabatic,462,-13.988370592722012,-13.973905567928911,0
adam,adiabatic,463,-13.988370941707805,-13.973905986212893,0
adam,adiabatic,464,-13.988371288145112,-13.973906391319643,0
adam,adiabatic,465,-13.9883716321312,-13.973906786475021,0
adam,adiabatic,466,-13.988371973649361,-13.973907179838244,0
adam,adiabatic,467,-13.988372312668867,-13.97390757809226,0
adam,adiabatic,468,-13.988372649268417,-13.973907981673026,0
adam,adiabatic,469,-13.988372983486894,-13.973908385272505,0
adam,adiabatic,470,-13.988373315299908,-13.973908782684116,0
adam,adiabatic,471,-13.988373644745609,-13.973909171665843,0
adam,adiabatic,472,-13.988373971868437,-13.973909555056212,0
adam,adiabatic,473,-13.988374296655193,-13.97390993773841,0
adam,adiabatic,474,-13.988374619124224,-13.973910322293117,0
adam,adiabatic,475,-13.988374939325988,-13.973910706994802,0
adam,adiabatic,476,-13.988375257267313,-13.973911087598818,0
adam,adiabatic,477,-13.988375572951574,-13.973911461090609,0
adam,adiabatic,478,-13.9883758864172,-13.973911828150634,0
adam,adiabatic,479,-13.988376197685119,-13.973912192453632,0
adam,adiabatic,480,-13.988376506759924,-13.973912557602244,0
adam,adiabatic,481,-13.988376813670307,-13.973912924320109,0
adam,adiabatic,482,-13.988377118442234,-13.973913290149742,0
adam,adiabatic,483,-13.988377421080568,-13.9739136516947,0
adam,adiabatic,484,-13.988377721604554,-13.973914007371631,0
adam,adiabatic,485,-13.988378020042726,-13.973914358443642,0
adam,adiabatic,486,-13.988378316407788,-13.973914707703484,0
adam,adiabatic,487,-13.9883786107145,-13.97391505709361,0
adam,adiabatic,488,-13.988378902987787,-13.973915406281012,0
adam,adiabatic,489,-13.988379193243052,-13.973915753246457,0
adam,adiabatic,490,-13.988379481492517,-13.973916096187905,0
adam,adiabatic,491,-13.988379767758413,-13.973916435030436,0
adam,adiabatic,492,-13.988380052059503,-13.973916771337652,0
adam,adiabatic,493,-13.988380334408122,-13.973917106844265,0
adam,adiabatic,494,-13.988380614822537,-13.973917441944254,0
adam,adiabatic,495,-13.988380893321917,-13.973917775410692,0
adam,adiabatic,496,-13.988381169920018,-13.973918105498054,0
adam,adiabatic,497,-13.988381444633243,-13.973918431407963,0
adam,adiabatic,498,-13.988381717480387,-13.973918753883538,0
adam,adiabatic,499,-13.9883819884758,-13.973919074518433,0
adam,adiabatic,500,-13.985489621010842,-13.97391972982862,0
adam,adiabatic,501,-13.985489947355681,-13.973920453195083,0
adam,adiabatic,502,-13.985490229296797,-13.973921006199161,0
adam,adiabatic,503,-13.98549049142172,-13.973921309702336,0
adam,adiabatic,504,-13.985490784547345,-13.973921440149791,0
adam,adiabatic,505,-13.985491066583915,-13.97392158158066,0
adam,adiabatic,506,-13.9854913214757,-13.973921887996692,0
adam,adiabatic,507,-13.985491597312997,-13.973922343938131,0
adam,adiabatic,508,-13.985491887972405,-13.973922801793972,0
adam,adiabatic,509,-13.985492152774318,-13.973923134414548,0
adam,adiabatic,510,-13.985492410466577,-13.973923319581825,0
adam,adiabatic,511,-13.98549268710331,-13.973923436630024,0
adam,adiabatic,512,-13.985492959617618,-13.973923618863717,0
adam,adiabatic,513,-13.985493218286173,-13.973923955442524,0
adam,adiabatic,514,-13.985493483818486,-13.973924412024902,0
adam,adiabatic,515,-13.985493751423554,-13.973924867401172,0
adam,adiabatic,516,-13.98549400508886,-13.973925217959813,0
adam,adiabatic,517,-13.985494257889581,-13.97392544093427,0
adam,adiabatic,518,-13.985494520256283,-13.97392559693213,0
adam,adiabatic,519,-13.985494778385716,-13.973925788128653,0
adam,adiabatic,520,-13.985495028834022,-13.973926082160373,0
adam,adiabatic,521,-13.985495282005171,-13.97392646089854,0
adam,adiabatic,522,-13.985495534776517,-13.973926847462728,0
adam,adiabatic,523,-13.985495780693846,-13.973927174581062,0
adam,adiabatic,524,-13.985496026536781,-13.973927428370759,0
adam,adiabatic,525,-13.985496275108906,-13.973927649524605,0
adam,adiabatic,526,-13.98549651918378,-13.973927899364746,0
adam,adiabatic,527,-13.985496759175785,-13.973928208402418,0
adam,adiabatic,528,-13.985497000766141,-13.97392855057516,0
adam,adiabatic,529,-13.985497241486216,-13.973928869634895,0
adam,adiabatic,530,-13.985497478332265,-13.97392912699899,0
adam,adiabatic,531,-13.985497714588377,-13.973929328559628,0
adam,adiabatic,532,-13.985497950536617,-13.973929518771264,0
adam,adiabatic,533,-13.985498182961285,-13.973929748656394,0
adam,adiabatic,534,-13.98549841333497,-13.973930037865975,0
adam,adiabatic,535,-13.985498644151255,-13.973930362268558,0
adam,adiabatic,536,-13.98549887345357,-13.97393067742605,0
adam,adiabatic,537,-13.98549910011421,-13.973930953181927,0
adam,adiabatic,538,-13.985499325919688,-13.97393119151906,0
adam,adiabatic,539,-13.985499550650559,-13.973931420009,0
adam,adiabatic,540,-13.985499772991163,-13.973931667866028,0
adam,adiabatic,541,-13.985499994003762,-13.973931942217504,0
adam,adiabatic,542,-13.98550021442497,-13.973932224540508,0
adam,adiabatic,543,-13.985500433021512,-13.973932488947172,0
adam,adiabatic,544,-13.985500649698041,-13.973932723860816,0
adam,adiabatic,545,-13.985500865474505,-13.97393294003332,0
adam,adiabatic,546,-13.985501080020281,-13.973933161462426,0
adam,adiabatic,547,-13.985501292807642,-13.973933406548268,0
adam,adiabatic,548,-13.985501504405445,-13.97393367387846,0
adam,adiabatic,549,-13.985501714881147,-13.973933944482408,0
adam,adiabatic,550,-13.985501923665831,-13.973934197664892,0
adam,adiabatic,551,-13.985502131009069,-13.97393442630603,0
adam,adiabatic,552,-13.985502337351273,-13.973934640551953,0
adam,adiabatic,553,-13.98550254237611,-13.973934858761128,0
adam,adiabatic,554,-13.985502745931514,-13.97393509309149,0
adam,adiabatic,555,-13.985502948325172,-13.973935341031698,0
adam,adiabatic,556,-13.985503149481811,-13.973935589345956,0
adam,adiabatic,557,-13.985503349201188,-13.973935825853319,0
adam,adiabatic,558,-13.985503547705052,-13.97393604865183,0
adam,adiabatic,559,-13.985503745093439,-13.973936266237466,0
adam,adiabatic,560,-13.985503941159514,-13.973936489500252,0
adam,adiabatic,561,-13.985504135937006,-13.973936722388457,0
adam,adiabatic,562,-13.985504329587478,-13.973936958900044,0
adam,adiabatic,563,-13.985504522029343,-13.973937188518136,0
adam,adiabatic,564,-13.985504713216127,-13.973937404915898,0
adam,adiabatic,565,-13.985504903267387,-13.97393761074195,0
adam,adiabatic,566,-13.985505092164422,-13.973937815251448,0
adam,adiabatic,567,-13.985505279824435,-13.973938027092554,0
adam,adiabatic,568,-13.985505466326485,-13.9739382480273,0
adam,adiabatic,569,-13.985505651729769,-13.973938472429914,0
adam,adiabatic,570,-13.985505835974582,-13.973938692436592,0
adam,adiabatic,571,-13.985506019072066,-13.973938904080057,0
adam,adiabatic,572,-13.985506201078474,-13.97393910962083,0
adam,adiabatic,573,-13.985506381964901,-13.973939314808867,0
adam,adiabatic,574,-13.98550656172032,-13.973939523727473,0
adam,adiabatic,575,-13.985506740400076,-13.973939735540537,0
adam,adiabatic,576,-13.985506918008287,-13.97393994563331,0
adam,adiabatic,577,-13.985507094518642,-13.973940149797636,0
adam,adiabatic,578,-13.98550726995994,-13.97394034775289,0
adam,adiabatic,579,-13.985507444356195,-13.97394054324032,0
adam,adiabatic,580,-13.985507617692729,-13.973940740883197,0
adam,adiabatic,581,-13.98550778998209,-13.973940942513963,0
adam,adiabatic,582,-13.985507961249889,-13.973941145940184,0
adam,adiabatic,583,-13.985508131488215,-13.973941346965223,0
adam,adiabatic,584,-13.985508300697177,-13.973941542773826,0
adam,adiabatic,585,-13.985508468901836,-13.973941733905805,0
adam,adiabatic,586,-13.98550863610926,-13.973941923447498,0
adam,adiabatic,587,-13.98550880231711,-13.973942114352443,0
adam,adiabatic,588,-13.985508967540847,-13.973942307181355,0
adam,adiabatic,589,-13.98550913179064,-13.973942500018598,0
adam,adiabatic,590,-13.985509295065047,-13.97394269038569,0
adam,adiabatic,591,-13.985509457374729,-13.973942877365126,0
adam,adiabatic,592,-13.985509618733872,-13.973943062189706,0
adam,adiabatic,593,-13.985509779144513,-13.973943246985634,0
adam,adiabatic,594,-13.985509938611948,-13.97394343287175,0
adam,adiabatic,595,-13.985510097148824,-13.973943619037849,0
adam,adiabatic,596,-13.985510254760573,-13.973943803492634,0
adam,adiabatic,597,-13.985510411451925,-13.973943984738593,0
adam,adiabatic,598,-13.98551056723369,-13.973944162943534,0
adam,adiabatic,599,-13.985510722113045,-13.973944339713993,0
adam,adiabatic,600,-13.98261924199855,-13.973944915863614,0
adam,adiabatic,601,-13.982619474576524,-13.973945571993863,0
adam,adiabatic,602,-13.98261964449558,-13.973946039116147,0
adam,adiabatic,603,-13.98261977874982,-13.97394622953455,0
adam,adiabatic,604,-13.982619958405703,-13.97394620510285,0
adam,adiabatic,605,-13.982620132183234,-13.97394615561823,0
adam,adiabatic,606,-13.982620264106583,-13.973946278569484,0
adam,adiabatic,607,-13.982620419929663,-13.973946591950213,0
adam,adiabatic,608,-13.982620607644323,-13.97394693941477,0
adam,adiabatic,609,-13.98262076450034,-13.973947169925317,0
adam,adiabatic,610,-13.982620900280365,-13.973947241049231,0
adam,adiabatic,611,-13.9826210628925,-13.973947211802853,0
adam,adiabatic,612,-13.982621232612987,-13.973947214694746,0
adam,adiabatic,613,-13.982621381499648,-13.973947374449699,0
adam,adiabatic,614,-13.982621533130741,-13.973947696039206,0
adam,adiabatic,615,-13.98262169577477,-13.973948062002206,0
adam,adiabatic,616,-13.982621844514576,-13.973948342132076,0
adam,adiabatic,617,-13.982621984146292,-13.973948479871853,0
adam,adiabatic,618,-13.982622138022723,-13.973948507407576,0
adam,adiabatic,619,-13.982622296469579,-13.973948523625584,0
adam,adiabatic,620,-13.982622443246306,-13.973948630613053,0
adam,adiabatic,621,-13.982622588874719,-13.973948854379266,0
adam,adiabatic,622,-13.982622739777868,-13.973949133566727,0
adam,adiabatic,623,-13.9826228852771,-13.973949383467717,0
adam,adiabatic,624,-13.982623026476825,-13.973949557595832,0
adam,adiabatic,625,-13.98262317315668,-13.973949667363298,0
adam,adiabatic,626,-13.982623320424597,-13.973949768643124,0
adam,adiabatic,627,-13.982623461127067,-13.973949918597524,0
adam,adiabatic,628,-13.982623601417925,-13.973950126701348,0
adam,adiabatic,629,-13.982623745073584,-13.973950349140674,0
adam,adiabatic,630,-13.982623886423767,-13.973950530602778,0
adam,adiabatic,631,-13.98262402501148,-13.973950646535222,0
adam,adiabatic,632,-13.982624165013094,-13.973950717123365,0
adam,adiabatic,633,-13.982624304250932,-13.973950793806983,0
adam,adiabatic,634,-13.982624440023876,-13.973950924204095,0
adam,adiabatic,635,-13.982624575812972,-13.973951117065127,0
adam,adiabatic,636,-13.982624713166999,-13.973951339011112,0
adam,adiabatic,637,-13.982624848861352,-13.973951544161036,0
adam,adiabatic,638,-13.982624982621797,-13.973951706164657,0
adam,adiabatic,639,-13.982625116655658,-13.973951830918312,0
adam,adiabatic,640,-13.982625250012847,-13.973951947855543,0
adam,adiabatic,641,-13.982625381490536,-13.973952085824497,0
adam,adiabatic,642,-13.982625512735247,-13.973952250421378,0
adam,adiabatic,643,-13.982625644193885,-13.973952422620009,0
adam,adiabatic,644,-13.982625774217764,-13.973952577784294,0
adam,adiabatic,645,-13.982625902965097,-13.973952705578476,0
adam,adiabatic,646,-13.982626031707566,-13.97395281653136,0
adam,adiabatic,647,-13.982626159910785,-13.97395293373945,0
adam,adiabatic,648,-13.982626286882551,-13.973953075459423,0
adam,adiabatic,649,-13.982626413342013,-13.97395324105492,0
adam,adiabatic,650,-13.98262653942098,-13.973953412358352,0
adam,adiabatic,651,-13.982626664386329,-13.973953568443772,0
adam,adiabatic,652,-13.982626788487691,-13.973953700384827,0
adam,adiabatic,653,-13.982626912351744,-13.97395381588933,0
adam,adiabatic,654,-13.98262703561269,-13.973953932473925,0
adam,adiabatic,655,-13.982627157916495,-13.973954064290016,0
adam,adiabatic,656,-13.982627279635205,-13.9739542122421,0
adam,adiabatic,657,-13.982627400830777,-13.973954365167662,0
adam,adiabatic,658,-13.98262752118607,-13.973954510005127,0
adam,adiabatic,659,-13.982627640856196,-13.9739546416408,0
adam,adiabatic,660,-13.982627760083178,-13.973954765439656,0
adam,adiabatic,661,-13.982627878642258,-13.973954891840116,0
adam,adiabatic,662,-13.982627996417428,-13.97395502751108,0
adam,adiabatic,663,-13.982628113632835,-13.973955170019678,0
adam,adiabatic,664,-13.982628230303256,-13.973955310244156,0
adam,adiabatic,665,-13.982628346275987,-13.973955439999054,0
adam,adiabatic,666,-13.982628461626607,-13.973955558332896,0
adam,adiabatic,667,-13.982628576436067,-13.973955672029483,0
adam,adiabatic,668,-13.982628690592993,-13.97395579049545,0
adam,adiabatic,669,-13.982628804089344,-13.97395591896543,0
adam,adiabatic,670,-13.98262891704525,-13.973956055134854,0
adam,adiabatic,671,-13.98262902944173,-13.973956191615894,0
adam,adiabatic,672,-13.982629141206345,-13.973956321797122,0
adam,adiabatic,673,-13.982629252386724,-13.973956444327287,0
adam,adiabatic,674,-13.98262936301237,-13.973956563192042,0
adam,adiabatic,675,-13.982629473035207,-13.973956683881674,0
adam,adiabatic,676,-13.98262958247119,-13.973956808868891,0
adam,adiabatic,677,-13.982629691370466,-13.973956935947552,0
adam,adiabatic,678,-13.982629799707594,-13.973957060502178,0
adam,adiabatic,679,-13.982629907459362,-13.973957179507213,0
adam,adiabatic,680,-13.98263001466137,-13.973957293936762,0
adam,adiabatic,681,-13.982630121323224,-13.973957407892081,0
adam,adiabatic,682,-13.982630227422822,-13.973957525348936,0
adam,adiabatic,683,-13.98263033297256,-13.973957647147282,0
adam,adiabatic,684,-13.982630437986113,-13.973957770524015,0
adam,adiabatic,685,-13.982630542440681,-13.973957891393344,0
adam,adiabatic,686,-13.98263064632285,-13.973958007385558,0
adam,adiabatic,687,-13.98263074962811,-13.973958119330769,0
adam,adiabatic,688,-13.982630852301334,-13.973958230211307,0
adam,adiabatic,689,-13.98263095422253,-13.97395834258279,0
adam,adiabatic,690,-13.982631055175617,-13.973958456353047,0
adam,adiabatic,691,-13.982631154699254,-13.97395856843967,0
adam,adiabatic,692,-13.982631251815812,-13.973958673786587,0
adam,adiabatic,693,-13.982631344497332,-13.973958765957006,0
adam,adiabatic,694,-13.982631428459973,-13.973958834501941,0
adam,adiabatic,695,-13.982631494569016,-13.973958857161087,0
adam,adiabatic,696,-13.982631523314646,-13.973958783132804,0
adam,adiabatic,697,-13.982631473024721,-13.973958501926628,0
adam,adiabatic,698,-13.982631255512034,-13.973957785731214,0
adam,adiabatic,699,-13.982630689969861,-13.97395620704602,0
adam,adiabatic,700,-13.979738359166225,-13.973950306292561,0
adam,adiabatic,701,-13.979732969377801,-13.97393174167287,0
adam,adiabatic,702,-13.979716437773996,-13.973899815405634,0
adam,adiabatic,703,-13.97968842112236,-13.973907584686978,0
adam,adiabatic,704,-13.979695116635032,-13.973957749437687,0
adam,adiabatic,705,-13.979738815549547,-13.973939555021547,0
adam,adiabatic,706,-13.979723257531601,-13.973924196216293,0
adam,adiabatic,707,-13.979710041080823,-13.973960111067417,0
adam,adiabatic,708,-13.979741155998104,-13.973940093173105,0
adam,adiabatic,709,-13.97972366524308,-13.973943225072098,0
adam,adiabatic,710,-13.979726248888705,-13.973960392330449,0
adam,adiabatic,711,-13.97974115792569,-13.973940163646308,0
adam,adiabatic,712,-13.979723794757051,-13.973958684328942,0
adam,adiabatic,713,-13.979740045187636,-13.973951587623011,0
adam,adiabatic,714,-13.979733989969361,-13.97395089453754,0
adam,adiabatic,715,-13.979733353725749,-13.973960975979919,0
adam,adiabatic,716,-13.979741942038713,-13.973949946771583,0
adam,adiabatic,717,-13.979732203127034,-13.973961999133904,0
adam,adiabatic,718,-13.979742579961329,-13.973954860937173,0
adam,adiabatic,719,-13.979736453980998,-13.973958488049302,0
adam,adiabatic,720,-13.97973974076404,-13.97396014513457,0
adam,adiabatic,721,-13.979741312436571,-13.973956147187224,0
adam,adiabatic,722,-13.979737902588234,-13.973962730801386,0
adam,adiabatic,723,-13.97974356639624,-13.973957215159206,0
adam,adiabatic,724,-13.979738682754597,-13.973962549636362,0
adam,adiabatic,725,-13.979743228187727,-13.973960050925035,0
adam,adiabatic,726,-13.979741044566833,-13.973961124095574,0
adam,adiabatic,727,-13.979742015050194,-13.973962471815597,0
adam,adiabatic,728,-13.979743244382119,-13.973960341206109,0
adam,adiabatic,729,-13.979741430934201,-13.973963619386602,0
adam,adiabatic,730,-13.979744257512682,-13.973961030221979,0
adam,adiabatic,731,-13.979741969413151,-13.973963606069413,0
adam,adiabatic,732,-13.97974417680022,-13.973962425686883,0
adam,adiabatic,733,-13.979743169555897,-13.973962979086128,0
adam,adiabatic,734,-13.979743706177256,-13.973963577563746,0
adam,adiabatic,735,-13.979744297421254,-13.973962615043096,0
adam,adiabatic,736,-13.979743510050739,-13.9739642113481,0
adam,adiabatic,737,-13.979744889747275,-13.973963046373795,0
adam,adiabatic,738,-13.97974383397147,-13.973964407632552,0
adam,adiabatic,739,-13.97974496034945,-13.973963900081603,0
adam,adiabatic,740,-13.979744485745002,-13.973964289505005,0
adam,adiabatic,741,-13.97974482222463,-13.973964601583315,0
adam,adiabatic,742,-13.979745120702413,-13.973964197566541,0
adam,adiabatic,743,-13.979744803625902,-13.973964985414558,0
adam,adiabatic,744,-13.979745502457702,-13.973964452894375,0
adam,adiabatic,745,-13.979745037298008,-13.97396513974312,0
adam,adiabatic,746,-13.979745623853121,-13.973964926493363,0
adam,adiabatic,747,-13.979745436914863,-13.973965144041129,0
adam,adiabatic,748,-13.979745637834686,-13.973965337382984,0
adam,adiabatic,749,-13.979745830239942,-13.973965174714065,0
adam,adiabatic,750,-13.979745711710253,-13.973965610175,0
adam,adiabatic,751,-13.979746094755583,-13.973965413158778,0
adam,adiabatic,752,-13.979745912336305,-13.973965797644404,0
adam,adiabatic,753,-13.979746228112697,-13.973965771583835,0
adam,adiabatic,754,-13.979746193245136,-13.97396590721554,0
adam,adiabatic,755,-13.979746312359037,-13.973966063328552,0
adam,adiabatic,756,-13.979746464180808,-13.973966002951737,0
adam,adiabatic,757,-13.979746433047415,-13.973966254368904,0
adam,adiabatic,758,-13.979746664402763,-13.973966199668258,0
adam,adiabatic,759,-13.97974661886273,-13.97396641471713,0
adam,adiabatic,760,-13.979746799783166,-13.97396646869986,0
adam,adiabatic,761,-13.97974683947907,-13.973966561122602,0
adam,adiabatic,762,-13.979746917350212,-13.97396670331543,0
adam,adiabatic,763,-13.979747046307544,-13.973966708074418,0
adam,adiabatic,764,-13.979747059607856,-13.973966877555366,0
adam,adiabatic,765,-13.979747212689956,-13.973966900964312,0
adam,adiabatic,766,-13.979747234618511,-13.973967033411974,0
adam,adiabatic,767,-13.97974734900114,-13.9739671157515,0
adam,adiabatic,768,-13.979747420884117,-13.973967181299788,0
adam,adiabatic,769,-13.979747482609211,-13.973967296751685,0
adam,adiabatic,770,-13.979747592991774,-13.973967329315892,0
adam,adiabatic,771,-13.979747632591375,-13.973967447769208,0
adam,adiabatic,772,-13.979747742429174,-13.973967509156168,0
adam,adiabatic,773,-13.979747797171814,-13.97396760756304,0
adam,adiabatic,774,-13.979747879938264,-13.973967706440561,0
adam,adiabatic,775,-13.979747961737866,-13.973967776029726,0
adam,adiabatic,776,-13.979748020521395,-13.97396788125021,0
adam,adiabatic,777,-13.97974811466235,-13.973967939395733,0
adam,adiabatic,778,-13.979748170572588,-13.973968032014163,0
adam,adiabatic,779,-13.979748256057627,-13.973968106992599,0
adam,adiabatic,780,-13.979748324981754,-13.97396818373596,0
adam,adiabatic,781,-13.979748394354056,-13.97396827400548,0
adam,adiabatic,782,-13.979748475155612,-13.97396834021111,0
adam,adiabatic,783,-13.979748536420118,-13.973968427169039,0
adam,adiabatic,784,-13.979748617477238,-13.973968495670183,0
adam,adiabatic,785,-13.979748682458755,-13.973968575108817,0
adam,adiabatic,786,-13.979748755014102,-13.97396865707962,0
adam,adiabatic,787,-13.979748827706718,-13.973968731925105,0
adam,adiabatic,788,-13.979748892847867,-13.97396881884786,0
adam,adiabatic,789,-13.979748968373176,-13.973968891117638,0
adam,adiabatic,790,-13.979749032868448,-13.97396896945577,0
adam,adiabatic,791,-13.979749104770663,-13.973969042875225,0
adam,adiabatic,792,-13.979749173171811,-13.973969114986543,0
adam,adiabatic,793,-13.979749239821095,-13.973969193463729,0
adam,adiabatic,794,-13.97974931091582,-13.973969265733224,0
adam,adiabatic,795,-13.979749375569838,-13.973969344396167,0
adam,adiabatic,796,-13.979749445399584,-13.973969417928416,0
adam,adiabatic,797,-13.97974951153133,-13.973969490865878,0
adam,adiabatic,798,-13.979749578061131,-13.973969565374633,0
adam,adiabatic,799,-13.979749645989624,-13.973969636572384,0
adam,adiabatic,800,-13.976859673518769,-13.973970223072547,0
adam,adiabatic,801,-13.976859958300473,-13.973970860893596,0
adam,adiabatic,802,-13.976860112717489,-13.973971274596174,0
adam,adiabatic,803,-13.97686010206199,-13.973971478070723,0
adam,adiabatic,804,-13.97686016298067,-13.973971481237735,0
adam,adiabatic,805,-13.976860312792713,-13.973971298418054,0
adam,adiabatic,806,-13.97686038621472,-13.973971112669226,0
adam,adiabatic,807,-13.976860391154645,-13.973971145864768,0
adam,adiabatic,808,-13.9768604731847,-13.973971391278734,0
adam,adiabatic,809,-13.976860623989912,-13.973971651062437,0
adam,adiabatic,810,-13.976860710887333,-13.973971798400918,0
adam,adiabatic,811,-13.976860733370211,-13.973971836283358,0
adam,adiabatic,812,-13.976860798026571,-13.97397178633848,0
adam,adiabatic,813,-13.97686091290875,-13.973971686502574,0
adam,adiabatic,814,-13.976861002410379,-13.973971637143743,0
adam,adiabatic,815,-13.976861054686426,-13.973971735280642,0
adam,adiabatic,816,-13.976861120559853,-13.973971967150089,0
adam,adiabatic,817,-13.976861206610547,-13.973972223973298,0
adam,adiabatic,818,-13.97686127583356,-13.973972411840345,0
adam,adiabatic,819,-13.976861330971882,-13.97397249781321,0
adam,adiabatic,820,-13.976861405516859,-13.973972488436113,0
adam,adiabatic,821,-13.976861496049217,-13.973972426933377,0
adam,adiabatic,822,-13.976861572595006,-13.973972390037,0
adam,adiabatic,823,-13.976861631690339,-13.973972442070536,0
adam,adiabatic,824,-13.976861694133287,-13.973972585733126,0
adam,adiabatic,825,-13.976861766547175,-13.973972766713104,0
adam,adiabatic,826,-13.976861837130786,-13.973972923721819,0
adam,adiabatic,827,-13.976861903030901,-13.973973023854033,0
adam,adiabatic,828,-13.976861972568111,-13.973973066087694,0
adam,adiabatic,829,-13.976862045282648,-13.973973076820059,0
adam,adiabatic,830,-13.976862113286453,-13.97397309714143,0
adam,adiabatic,831,-13.976862176490043,-13.973973157197836,0
adam,adiabatic,832,-13.97686224188056,-13.973973255916556,0
adam,adiabatic,833,-13.976862311277378,-13.973973364983259,0
adam,adiabatic,834,-13.976862379385654,-13.9739734534808,0
adam,adiabatic,835,-13.976862443706265,-13.97397350921204,0
adam,adiabatic,836,-13.976862507924803,-13.973973541138868,0
adam,adiabatic,837,-13.976862574140057,-13.973973571129688,0
adam,adiabatic,838,-13.976862640079549,-13.973973623066462,0
adam,adiabatic,839,-13.976862704556858,-13.973973709946856,0
adam,adiabatic,840,-13.976862769278751,-13.973973825156078,0
adam,adiabatic,841,-13.976862834855824,-13.973973946117713,0
adam,adiabatic,842,-13.97686289922832,-13.973974049239187,0
adam,adiabatic,843,-13.976862961547223,-13.973974123439888,0
adam,adiabatic,844,-13.976863024055469,-13.973974172336199,0
adam,adiabatic,845,-13.976863088132532,-13.973974208904288,0
adam,adiabatic,846,-13.976863152131825,-13.973974249081637,0
adam,adiabatic,847,-13.97686321478771,-13.973974304433414,0
adam,adiabatic,848,-13.976863277088233,-13.97397437605531,0
adam,adiabatic,849,-13.976863339752917,-13.97397445540631,0
adam,adiabatic,850,-13.976863401901138,-13.973974532027677,0
adam,adiabatic,851,-13.97686346312195,-13.973974600730628,0
adam,adiabatic,852,-13.976863524479372,-13.973974662738152,0
adam,adiabatic,853,-13.976863586415366,-13.973974723169663,0
adam,adiabatic,854,-13.97686364787029,-13.97397478822535,0
adam,adiabatic,855,-13.976863708369772,-13.973974861531715,0
adam,adiabatic,856,-13.976863768802312,-13.973974940949336,0
adam,adiabatic,857,-13.97686382956325,-13.973975019763836,0
adam,adiabatic,858,-13.976863889972062,-13.973975091588931,0
adam,adiabatic,859,-13.976863949761224,-13.973975154146148,0
adam,adiabatic,860,-13.97686400946692,-13.97397520964812,0
adam,adiabatic,861,-13.9768640692305,-13.973975263212957,0
adam,adiabatic,862,-13.976864128570996,-13.973975320599253,0
adam,adiabatic,863,-13.97686418744698,-13.973975385328597,0
adam,adiabatic,864,-13.976864246346912,-13.973975456587153,0
adam,adiabatic,865,-13.97686430530285,-13.973975530069815,0
adam,adiabatic,866,-13.976864363871275,-13.973975601070155,0
adam,adiabatic,867,-13.976864422002865,-13.973975666912239,0
adam,adiabatic,868,-13.976864480025302,-13.973975727633027,0
adam,adiabatic,869,-13.976864537966698,-13.973975785608246,0
adam,adiabatic,870,-13.976864595608497,-13.973975844263403,0
adam,adiabatic,871,-13.97686465298278,-13.973975906051255,0
adam,adiabatic,872,-13.97686471027423,-13.973975971069375,0
adam,adiabatic,873,-13.976864767424635,-13.973976037446379,0
adam,adiabatic,874,-13.976864824261684,-13.973976102892024,0
adam,adiabatic,875,-13.976864880837113,-13.97397616605342,0
adam,adiabatic,876,-13.97686493729873,-13.973976227081165,0
adam,adiabatic,877,-13.97686499360997,-13.973976287452036,0
adam,adiabatic,878,-13.976865049667657,-13.9739763490503,0
adam,adiabatic,879,-13.97686510550764,-13.973976412852672,0
adam,adiabatic,880,-13.97686516119991,-13.973976478181259,0
adam,adiabatic,881,-13.976865216710475,-13.973976543140884,0
adam,adiabatic,882,-13.976865271995115,-13.973976605789419,0
adam,adiabatic,883,-13.976865327091767,-13.973976665218082,0
adam,adiabatic,884,-13.976865382035927,-13.973976722054834,0
adam,adiabatic,885,-13.9768654367935,-13.973976778177333,0
adam,adiabatic,886,-13.976865491334927,-13.973976835713714,0
adam,adiabatic,887,-13.97686554568872,-13.973976895886322,0
adam,adiabatic,888,-13.976865599881034,-13.973976958420508,0
adam,adiabatic,889,-13.976865653895892,-13.973977021846396,0
adam,adiabatic,890,-13.976865707720723,-13.973977084426288,0
adam,adiabatic,891,-13.976865761369288,-13.973977145109625,0
adam,adiabatic,892,-13.976865814847324,-13.973977203999182,0
adam,adiabatic,893,-13.97686586814299,-13.973977262123446,0
adam,adiabatic,894,-13.976865921254506,-13.973977320679367,0
adam,adiabatic,895,-13.976865974195231,-13.973977380235352,0
adam,adiabatic,896,-13.976866026970573,-13.973977440416022,0
adam,adiabatic,897,-13.976866079573234,-13.973977500225855,0
adam,adiabatic,898,-13.97686613200003,-13.973977558748132,0
adam,adiabatic,899,-13.976866184257313,-13.973977615768874,0
adam,adiabatic,900,-13.973977615768876,-13.973978154922493,0
adam,adiabatic,901,-13.973978154922488,-13.973978510014124,0
adam,adiabatic,902,-13.973978510014119,-13.973978440973717,0
adam,adiabatic,903,-13.973978440973715,-13.973978347324794,0
adam,adiabatic,904,-13.973978347324794,-13.97397852266649,0
adam,adiabatic,905,-13.973978522666487,-13.97397875735224,0
adam,adiabatic,906,-13.973978757352235,-13.973978787594687,0
adam,adiabatic,907,-13.97397878759469,-13.973978721448916,0
adam,adiabatic,908,-13.973978721448908,-13.973978809002203,0
adam,adiabatic,909,-13.973978809002203,-13.973979037497424,0
adam,adiabatic,910,-13.97397903749742,-13.973979192255571,0
adam,adiabatic,911,-13.973979192255571,-13.973979200425049,0
adam,adiabatic,912,-13.973979200425049,-13.973979204049218,0
adam,adiabatic,913,-13.973979204049215,-13.973979314766467,0
adam,adiabatic,914,-13.973979314766467,-13.97397946626419,0
adam,adiabatic,915,-13.97397946626419,-13.973979548333487,0
adam,adiabatic,916,-13.973979548333485,-13.973979572198466,0
adam,adiabatic,917,-13.973979572198466,-13.973979628298133,0
adam,adiabatic,918,-13.973979628298137,-13.973979741529394,0
adam,adiabatic,919,-13.973979741529394,-13.973979850366677,0
adam,adiabatic,920,-13.973979850366675,-13.97397991347189,0
adam,adiabatic,921,-13.973979913471888,-13.973979964755236,0
adam,adiabatic,922,-13.973979964755229,-13.973980047041954,0
adam,adiabatic,923,-13.973980047041948,-13.973980145601946,0
adam,adiabatic,924,-13.973980145601935,-13.973980220916747,0
adam,adiabatic,925,-13.973980220916753,-13.973980274611234,0
adam,adiabatic,926,-13.973980274611234,-13.973980342009906,0
adam,adiabatic,927,-13.97398034200991,-13.97398043385856,0
adam,adiabatic,928,-13.97398043385856,-13.973980523449901,0
adam,adiabatic,929,-13.973980523449905,-13.973980591585033,0
adam,adiabatic,930,-13.973980591585033,-13.973980652306786,0
adam,adiabatic,931,-13.973980652306786,-13.973980725602265,0
adam,adiabatic,932,-13.973980725602265,-13.973980808214327,0
adam,adiabatic,933,-13.973980808214334,-13.973980885307045,0
adam,adiabatic,934,-13.973980885307046,-13.973980955228425,0
adam,adiabatic,935,-13.973980955228418,-13.973981027658096,0
adam,adiabatic,936,-13.973981027658093,-13.973981105263459,0
adam,adiabatic,937,-13.973981105263464,-13.973981181011606,0
adam,adiabatic,938,-13.973981181011608,-13.973981251275385,0
adam,adiabatic,939,-13.973981251275381,-13.973981321156565,0
adam,adiabatic,940,-13.973981321156561,-13.97398139577465,0
adam,adiabatic,941,-13.973981395774654,-13.973981473205864,0
adam,adiabatic,942,-13.973981473205868,-13.973981548459582,0
adam,adiabatic,943,-13.973981548459589,-13.973981620361918,0
adam,adiabatic,944,-13.973981620361924,-13.973981691829719,0
adam,adiabatic,945,-13.97398169182972,-13.973981765157541,0
adam,adiabatic,946,-13.973981765157545,-13.973981839560997,0
adam,adiabatic,947,-13.973981839560995,-13.973981913231365,0
adam,adiabatic,948,-13.973981913231361,-13.97398198608257,0
adam,adiabatic,949,-13.973981986082576,-13.9739820594145,0
adam,adiabatic,950,-13.97398205941449,-13.97398213360987,0
adam,adiabatic,951,-13.973982133609873,-13.973982207531403,0
adam,adiabatic,952,-13.973982207531403,-13.973982280418516,0
adam,adiabatic,953,-13.973982280418518,-13.973982353128793,0
adam,adiabatic,954,-13.973982353128788,-13.973982426782712,0
adam,adiabatic,955,-13.973982426782717,-13.973982501049425,0
adam,adiabatic,956,-13.973982501049422,-13.973982574794668,0
adam,adiabatic,957,-13.973982574794666,-13.973982647876552,0
adam,adiabatic,958,-13.973982647876548,-13.973982721218963,0
adam,adiabatic,959,-13.973982721218967,-13.973982795268693,0
adam,adiabatic,960,-13.973982795268697,-13.973982869418341,0
adam,adiabatic,961,-13.973982869418345,-13.973982943096605,0
adam,adiabatic,962,-13.973982943096605,-13.973983016596685,0
adam,adiabatic,963,-13.973983016596682,-13.973983090463733,0
adam,adiabatic,964,-13.973983090463733,-13.973983164650992,0
adam,adiabatic,965,-13.973983164650988,-13.973983238742264,0
adam,adiabatic,966,-13.973983238742267,-13.973983312676088,0
adam,adiabatic,967,-13.973983312676085,-13.973983386773936,0
adam,adiabatic,968,-13.973983386773934,-13.97398346116271,0
adam,adiabatic,969,-13.973983461162716,-13.973983535584754,0
adam,adiabatic,970,-13.973983535584749,-13.973983609839594,0
adam,adiabatic,971,-13.973983609839593,-13.973983684104272,0
adam,adiabatic,972,-13.973983684104274,-13.973983758649064,0
adam,adiabatic,973,-13.973983758649064,-13.973983833437245,0
adam,adiabatic,974,-13.973983833437243,-13.973983908219434,0
adam,adiabatic,975,-13.973983908219438,-13.97398398292505,0
adam,adiabatic,976,-13.973983982925049,-13.973984057728796,0
adam,adiabatic,977,-13.9739840577288,-13.973984132745024,0
adam,adiabatic,978,-13.973984132745022,-13.973984207876086,0
adam,adiabatic,979,-13.973984207876082,-13.973984283022915,0
adam,adiabatic,980,-13.97398428302291,-13.973984358258186,0
adam,adiabatic,981,-13.973984358258178,-13.973984433683578,0
adam,adiabatic,982,-13.97398443368358,-13.973984509250373,0
adam,adiabatic,983,-13.973984509250373,-13.973984584851554,0
adam,adiabatic,984,-13.973984584851552,-13.973984660507089,0
adam,adiabatic,985,-13.97398466050708,-13.973984736326324,0
adam,adiabatic,986,-13.973984736326322,-13.973984812333574,0
adam,adiabatic,987,-13.973984812333574,-13.973984888452012,0
adam,adiabatic,988,-13.973984888452012,-13.973984964643709,0
adam,adiabatic,989,-13.973984964643709,-13.97398504095995,0
adam,adiabatic,990,-13.973985040959953,-13.973985117443286,0
adam,adiabatic,991,-13.973985117443291,-13.973985194067524,0
adam,adiabatic,992,-13.973985194067524,-13.973985270800767,0
adam,adiabatic,993,-13.973985270800771,-13.973985347664627,0
adam,adiabatic,994,-13.973985347664623,-13.97398542469502,0
adam,adiabatic,995,-13.97398542469502,-13.973985501886022,0
adam,adiabatic,996,-13.973985501886018,-13.973985579210028,0
adam,adiabatic,997,-13.973985579210032,-13.973985656667889,0
adam,adiabatic,998,-13.973985656667896,-13.973985734286554,0
adam,adiabatic,999,-13.973985734286554,-13.97398581207754,0
adam,sea,0,-6.433671850272508,-6.433671850272508,0
adam,sea,1,-6.793442940396895,-6.793442940396895,0
adam,sea,2,-7.151701997247166,-7.151701997247166,0
adam,sea,3,-7.501110480199065,-7.501110480199065,0
adam,sea,4,-7.838671829380788,-7.838671829380788,0
adam,sea,5,-8.161389945573193,-8.161389945573193,0
adam,sea,6,-8.46705681452816,-8.46705681452816,0
adam,sea,7,-8.755114621632027,-8.755114621632027,0
adam,sea,8,-9.02667912916178,-9.02667912916178,0
adam,sea,9,-9.28452116902225,-9.28452116902225,0
adam,sea,10,-9.531316749795142,-9.531316749795142,0
adam,sea,11,-9.767303552504131,-9.767303552504131,0
adam,sea,12,-9.990201020627671,-9.990201020627671,0
adam,sea,13,-10.197990530436979,-10.197990530436979,0
adam,sea,14,-10.392658829835193,-10.392658829835193,0
adam,sea,15,-10.579606547794263,-10.579606547794263,0
adam,sea,16,-10.764238835716087,-10.764238835716087,0
adam,sea,17,-10.949329766063489,-10.949329766063489,0
adam,sea,18,-11.134209769772943,-11.134209769772943,0
adam,sea,19,-11.315589265762561,-11.315589265762561,0
adam,sea,20,-11.4893601841041,-11.4893601841041,0
adam,sea,21,-11.651887122740037,-11.651887122740037,0
adam,sea,22,-11.800038750219901,-11.800038750219901,0
adam,sea,23,-11.93082972758979,-11.93082972758979,0
adam,sea,24,-12.041811597975483,-12.041811597975483,0
adam,sea,25,-12.13211301368405,-12.13211301368405,0
adam,sea,26,-12.203258699944572,-12.203258699944572,0
adam,sea,27,-12.259439787277092,-12.259439787277092,0
adam,sea,28,-12.306961759383064,-12.306961759383064,0
adam,sea,29,-12.352810299739481,-12.352810299739481,0
adam,sea,30,-12.402677419026643,-12.402677419026643,0
adam,sea,31,-12.458912611664314,-12.458912611664314,0
adam,sea,32,-12.519778720380929,-12.519778720380929,0
adam,sea,33,-12.58073079938788,-12.58073079938788,0
adam,sea,34,-12.636785508480614,-12.636785508480614,0
adam,sea,35,-12.684665190407749,-12.684665190407749,0
adam,sea,36,-12.723785486156123,-12.723785486156123,0
adam,sea,37,-12.755938750211914,-12.755938750211914,0
adam,sea,38,-12.78432302736834,-12.78432302736834,0
adam,sea,39,-12.812555718130307,-12.812555718130307,0
adam,sea,40,-12.843789710509249,-12.843789710509249,0
adam,sea,41,-12.879976745158213,-12.879976745158213,0
adam,sea,42,-12.921504810820336,-12.921504810820336,0
adam,sea,43,-12.967249491202843,-12.967249491202843,0
adam,sea,44,-13.014921716575746,-13.014921716575746,0
adam,sea,45,-13.06171642598252,-13.06171642598252,0
adam,sea,46,-13.105198365279305,-13.105198365279305,0
adam,sea,47,-13.144058579978934,-13.144058579978934,0
adam,sea,48,-13.178318544244428,-13.178318544244428,0
adam,sea,49,-13.208928956425122,-13.208928956425122,0
adam,sea,50,-13.237094351281629,-13.237094351281629,0
adam,sea,51,-13.26371426228064,-13.26371426228064,0
adam,sea,52,-13.289166805803594,-13.289166805803594,0
adam,sea,53,-13.313436730048814,-13.313436730048814,0
adam,sea,54,-13.336416411470706,-13.336416411470706,0
adam,sea,55,-13.358146560848978,-13.358146560848978,0
adam,sea,56,-13.378835730767358,-13.378835730767358,0
adam,sea,57,-13.398697664002762,-13.398697664002762,0
adam,sea,58,-13.417809544741726,-13.417809544741726,0
adam,sea,59,-13.436145273334542,-13.436145273334542,0
adam,sea,60,-13.453751348882044,-13.453751348882044,0
adam,sea,61,-13.470895480115333,-13.470895480115333,0
adam,sea,62,-13.488028914013123,-13.488028914013123,0
adam,sea,63,-13.50556267154048,-13.50556267154048,0
adam,sea,64,-13.523637056692278,-13.523637056692278,0
adam,sea,65,-13.542075862422063,-13.542075862422063,0
adam,sea,66,-13.560542101416505,-13.560542101416505,0
adam,sea,67,-13.578740332401152,-13.578740332401152,0
adam,sea,68,-13.596503718120873,-13.596503718120873,0
adam,sea,69,-13.613730890150125,-13.613730890150125,0
adam,sea,70,-13.630258570974878,-13.630258570974878,0
adam,sea,71,-13.645779875680105,-13.645779875680105,0
adam,sea,72,-13.659869761426716,-13.659869761426716,0
adam,sea,73,-13.672121597967081,-13.672121597967081,0
adam,sea,74,-13.682325720213775,-13.682325720213775,0
adam,sea,75,-13.690558712239923,-13.690558712239923,0
adam,sea,76,-13.697109806039789,-13.697109806039789,0
adam,sea,77,-13.702323111908271,-13.702323111908271,0
adam,sea,78,-13.706503797122622,-13.706503797122622,0
adam,sea,79,-13.70993926677194,-13.70993926677194,0
adam,sea,80,-13.712949297916362,-13.712949297916362,0
adam,sea,81,-13.715866716902703,-13.715866716902703,0
adam,sea,82,-13.7189565390919,-13.7189565390919,0
adam,sea,83,-13.72235854008774,-13.72235854008774,0
adam,sea,84,-13.72610064370084,-13.72610064370084,0
adam,sea,85,-13.7301491069242,-13.7301491069242,0
adam,sea,86,-13.734441728712078,-13.734441728712078,0
adam,sea,87,-13.738895476965926,-13.738895476965926,0
adam,sea,88,-13.74341430033896,-13.74341430033896,0
adam,sea,89,-13.747908587716825,-13.747908587716825,0
adam,sea,90,-13.752313174051952,-13.752313174051952,0
adam,sea,91,-13.75659453709699,-13.75659453709699,0
adam,sea,92,-13.76075197754361,-13.76075197754361,0
adam,sea,93,-13.764813249059392,-13.764813249059392,0
adam,sea,94,-13.768816995311148,-13.768816995311148,0
adam,sea,95,-13.772787629265515,-13.772787629265515,0
adam,sea,96,-13.776724982774589,-13.776724982774589,0
adam,sea,97,-13.78061781460317,-13.78061781460317,0
adam,sea,98,-13.784460148840347,-13.784460148840347,0
adam,sea,99,-13.788246994855422,-13.788246994855422,0
adam,sea,100,-13.79195669219089,-13.79195669219089,0
adam,sea,101,-13.79554659985348,-13.79554659985348,0
adam,sea,102,-13.798969953791424,-13.798969953791424,0
adam,sea,103,-13.802193831297576,-13.802193831297576,0
adam,sea,104,-13.805200544460186,-13.805200544460186,0
adam,sea,105,-13.80797957534517,-13.80797957534517,0
adam,sea,106,-13.810526812162788,-13.810526812162788,0
adam,sea,107,-13.812852105675384,-13.812852105675384,0
adam,sea,108,-13.814981406178505,-13.814981406178505,0
adam,sea,109,-13.816946235513521,-13.816946235513521,0
adam,sea,110,-13.81876927494361,-13.81876927494361,0
adam,sea,111,-13.8204586632953,-13.8204586632953,0
adam,sea,112,-13.822013281323107,-13.822013281323107,0
adam,sea,113,-13.823431848339998,-13.823431848339998,0
adam,sea,114,-13.824719057330586,-13.824719057330586,0
adam,sea,115,-13.82588734292507,-13.82588734292507,0
adam,sea,116,-13.826955985581145,-13.826955985581145,0
adam,sea,117,-13.827949080699984,-13.827949080699984,0
adam,sea,118,-13.82889265126211,-13.82889265126211,0
adam,sea,119,-13.829810489431186,-13.829810489431186,0
adam,sea,120,-13.830719249353262,-13.830719249353262,0
adam,sea,121,-13.831625309380655,-13.831625309380655,0
adam,sea,122,-13.83252588731918,-13.83252588731918,0
adam,sea,123,-13.833413497728491,-13.833413497728491,0
adam,sea,124,-13.83428005026965,-13.83428005026965,0
adam,sea,125,-13.83511860537197,-13.83511860537197,0
adam,sea,126,-13.835924209118842,-13.835924209118842,0
adam,sea,127,-13.836695038946608,-13.836695038946608,0
adam,sea,128,-13.837432395792625,-13.837432395792625,0
adam,sea,129,-13.838138322536505,-13.838138322536505,0
adam,sea,130,-13.838812934247057,-13.838812934247057,0
adam,sea,131,-13.839454336359378,-13.839454336359378,0
adam,sea,132,-13.840060647867768,-13.840060647867768,0
adam,sea,133,-13.84063127518383,-13.84063127518383,0
adam,sea,134,-13.841166490166112,-13.841166490166112,0
adam,sea,135,-13.841666958712523,-13.841666958712523,0
adam,sea,136,-13.84213416356199,-13.84213416356199,0
adam,sea,137,-13.842570566626534,-13.842570566626534,0
adam,sea,138,-13.842978652702982,-13.842978652702982,0
adam,sea,139,-13.84335996486327,-13.84335996486327,0
adam,sea,140,-13.84371543646692,-13.84371543646692,0
adam,sea,141,-13.844046491219363,-13.844046491219363,0
adam,sea,142,-13.844355471491994,-13.844355471491994,0
adam,sea,143,-13.844645117662168,-13.844645117662168,0
adam,sea,144,-13.844917994170999,-13.844917994170999,0
adam,sea,145,-13.845176361117966,-13.845176361117966,0
adam,sea,146,-13.84542211831237,-13.84542211831237,0
adam,sea,147,-13.84565656183105,-13.84565656183105,0
adam,sea,148,-13.84588030117707,-13.84588030117707,0
adam,sea,149,-13.84609358654345,-13.84609358654345,0
adam,sea,150,-13.846296694550523,-13.846296694550523,0
adam,sea,151,-13.846489979226297,-13.846489979226297,0
adam,sea,152,-13.846673746117961,-13.846673746117961,0
adam,sea,153,-13.846848309268992,-13.846848309268992,0
adam,sea,154,-13.847014180571385,-13.847014180571385,0
adam,sea,155,-13.847172078752813,-13.847172078752813,0
adam,sea,156,-13.84732274409899,-13.84732274409899,0
adam,sea,157,-13.847466843946455,-13.847466843946455,0
adam,sea,158,-13.847605067385048,-13.847605067385048,0
adam,sea,159,-13.8477382082995,-13.8477382082995,0
adam,sea,160,-13.847867118106809,-13.847867118106809,0
adam,sea,161,-13.847992661733594,-13.847992661733594,0
adam,sea,162,-13.848115780669843,-13.848115780669843,0
adam,sea,163,-13.848237554603662,-13.848237554603662,0
adam,sea,164,-13.848359153547904,-13.848359153547904,0
adam,sea,165,-13.848481760808639,-13.848481760808639,0
adam,sea,166,-13.848606581262668,-13.848606581262668,0
adam,sea,167,-13.848734897822556,-13.848734897822556,0
adam,sea,168,-13.84886808695603,-13.84886808695603,0
adam,sea,169,-13.849007616462455,-13.849007616462455,0
adam,sea,170,-13.849155094755952,-13.849155094755952,0
adam,sea,171,-13.849312345391736,-13.849312345391736,0
adam,sea,172,-13.849481435284277,-13.849481435284277,0
adam,sea,173,-13.849664669435498,-13.849664669435498,0
adam,sea,174,-13.849864616787702,-13.849864616787702,0
adam,sea,175,-13.850084168490044,-13.850084168490044,0
adam,sea,176,-13.850326584649197,-13.850326584649197,0
adam,sea,177,-13.850595536151724,-13.850595536151724,0
adam,sea,178,-13.850895183611609,-13.850895183611609,0
adam,sea,179,-13.851230286153129,-13.851230286153129,0
adam,sea,180,-13.851606294052162,-13.851606294052162,0
adam,sea,181,-13.852029418207593,-13.852029418207593,0
adam,sea,182,-13.85250670923698,-13.85250670923698,0
adam,sea,183,-13.853046156867851,-13.853046156867851,0
adam,sea,184,-13.853656790254599,-13.853656790254599,0
adam,sea,185,-13.854348771630805,-13.854348771630805,0
adam,sea,186,-13.855133491479055,-13.855133491479055,0
adam,sea,187,-13.856023658358334,-13.856023658358334,0
adam,sea,188,-13.8570333601939,-13.8570333601939,0
adam,sea,189,-13.858178081438004,-13.858178081438004,0
adam,sea,190,-13.859474668994054,-13.859474668994054,0
adam,sea,191,-13.860941229482993,-13.860941229482993,0
adam,sea,192,-13.86259692765938,-13.86259692765938,0
adam,sea,193,-13.864461656816935,-13.864461656816935,0
adam,sea,194,-13.8665555581024,-13.8665555581024,0
adam,sea,195,-13.868898365858886,-13.868898365858886,0
adam,sea,196,-13.871508556811047,-13.871508556811047,0
adam,sea,197,-13.874402293244,-13.874402293244,0
adam,sea,198,-13.877592173788804,-13.877592173788804,0
adam,sea,199,-13.881085831903357,-13.881085831903357,0
adam,sea,200,-13.884884449781541,-13.884884449781541,0
adam,sea,201,-13.888981288827747,-13.888981288827747,0
adam,sea,202,-13.893360374610602,-13.893360374610602,0
adam,sea,203,-13.89799550125823,-13.89799550125823,0
adam,sea,204,-13.902849726692212,-13.902849726692212,0
adam,sea,205,-13.907875514308444,-13.907875514308444,0
adam,sea,206,-13.913015637879631,-13.913015637879631,0
adam,sea,207,-13.918204900968988,-13.918204900968988,0
adam,sea,208,-13.923372633377559,-13.923372633377559,0
adam,sea,209,-13.928445829339324,-13.928445829339324,0
adam,sea,210,-13.933352701019981,-13.933352701019981,0
adam,sea,211,-13.93802634837141,-13.93802634837141,0
adam,sea,212,-13.942408205526673,-13.942408205526673,0
adam,sea,213,-13.946450928364264,-13.946450928364264,0
adam,sea,214,-13.950120443368073,-13.950120443368073,0
adam,sea,215,-13.95339697817671,-13.95339697817671,0
adam,sea,216,-13.956275023813214,-13.956275023813214,0
adam,sea,217,-13.958762314840033,-13.958762314840033,0
adam,sea,218,-13.960878029016492,-13.960878029016492,0
adam,sea,219,-13.96265047804687,-13.96265047804687,0
adam,sea,220,-13.964114573636888,-13.964114573636888,0
adam,sea,221,-13.965309313260436,-13.965309313260436,0
adam,sea,222,-13.96627545872956,-13.96627545872956,0
adam,sea,223,-13.967053506773132,-13.967053506773132,0
adam,sea,224,-13.967681996864133,-13.967681996864133,0
adam,sea,225,-13.968196173441477,-13.968196173441477,0
adam,sea,226,-13.968627008782738,-13.968627008782738,0
adam,sea,227,-13.969000585664046,-13.969000585664046,0
adam,sea,228,-13.969337826725763,-13.969337826725763,0
adam,sea,229,-13.969654540222923,-13.969654540222923,0
adam,sea,230,-13.969961735852609,-13.969961735852609,0
adam,sea,231,-13.970266154874464,-13.970266154874464,0
adam,sea,232,-13.970570955365563,-13.970570955365563,0
adam,sea,233,-13.97087649198408,-13.97087649198408,0
adam,sea,234,-13.971181127071345,-13.971181127071345,0
adam,sea,235,-13.971482007720946,-13.971482007720946,0
adam,sea,236,-13.971775746615151,-13.971775746615151,0
adam,sea,237,-13.972058957763858,-13.972058957763858,0
adam,sea,238,-13.972328622285849,-13.972328622285849,0
adam,sea,239,-13.97258228902227,-13.97258228902227,0
adam,sea,240,-13.972818141436118,-13.972818141436118,0
adam,sea,241,-13.973034977622742,-13.973034977622742,0
adam,sea,242,-13.97323215051112,-13.97323215051112,0
adam,sea,243,-13.973409503008245,-13.973409503008245,0
adam,sea,244,-13.973567314999551,-13.973567314999551,0
adam,sea,245,-13.97370626338209,-13.97370626338209,0
adam,sea,246,-13.973827387325095,-13.973827387325095,0
adam,sea,247,-13.973932049124153,-13.973932049124153,0
adam,sea,248,-13.974021883677898,-13.974021883677898,0
adam,sea,249,-13.974098733663368,-13.974098733663368,0
adam,sea,250,-13.97416457116147,-13.97416457116147,0
adam,sea,251,-13.97422140951599,-13.97422140951599,0
adam,sea,252,-13.97427121181645,-13.97427121181645,0
adam,sea,253,-13.97431580442573,-13.97431580442573,0
adam,sea,254,-13.974356804662735,-13.974356804662735,0
adam,sea,255,-13.974395570312803,-13.974395570312803,0
adam,sea,256,-13.974433175062575,-13.974433175062575,0
adam,sea,257,-13.974470409313874,-13.974470409313874,0
adam,sea,258,-13.974507801683714,-13.974507801683714,0
adam,sea,259,-13.974545654160222,-13.974545654160222,0
adam,sea,260,-13.974584083761185,-13.974584083761185,0
adam,sea,261,-13.974623065089503,-13.974623065089503,0
adam,sea,262,-13.97466247033452,-13.97466247033452,0
adam,sea,263,-13.974702105116567,-13.974702105116567,0
adam,sea,264,-13.974741739678368,-13.974741739678368,0
adam,sea,265,-13.97478113533635,-13.97478113533635,0
adam,sea,266,-13.974820066115157,-13.974820066115157,0
adam,sea,267,-13.9748583354131,-13.9748583354131,0
adam,sea,268,-13.974895787547856,-13.974895787547856,0
adam,sea,269,-13.974932314131289,-13.974932314131289,0
adam,sea,270,-13.97496785539808,-13.97496785539808,0
adam,sea,271,-13.97500239683853,-13.97500239683853,0
adam,sea,272,-13.975035961794935,-13.975035961794935,0
adam,sea,273,-13.975068601075018,-13.975068601075018,0
adam,sea,274,-13.97510038104465,-13.97510038104465,0
adam,sea,275,-13.97513137192938,-13.97513137192938,0
adam,sea,276,-13.975161638005128,-13.975161638005128,0
adam,sea,277,-13.975191230922446,-13.975191230922446,0
adam,sea,278,-13.97522018667,-13.97522018667,0
adam,sea,279,-13.97524852590623,-13.97524852590623,0
adam,sea,280,-13.975276256811558,-13.975276256811558,0
adam,sea,281,-13.975303379381936,-13.975303379381936,0
adam,sea,282,-13.975329890142984,-13.975329890142984,0
adam,sea,283,-13.975355786498831,-13.975355786498831,0
adam,sea,284,-13.975381070191935,-13.975381070191935,0
adam,sea,285,-13.975405749585883,-13.975405749585883,0
adam,sea,286,-13.975429840690241,-13.975429840690241,0
adam,sea,287,-13.975453367029857,-13.975453367029857,0
adam,sea,288,-13.975476358613617,-13.975476358613617,0
adam,sea,289,-13.975498850346199,-13.975498850346199,0
adam,sea,290,-13.975520880219008,-13.975520880219008,0
adam,sea,291,-13.97554248753657,-13.97554248753657,0
adam,sea,292,-13.975563711310864,-13.975563711310864,0
adam,sea,293,-13.975584588870781,-13.975584588870781,0
adam,sea,294,-13.97560515468628,-13.97560515468628,0
adam,sea,295,-13.975625439422508,-13.975625439422508,0
adam,sea,296,-13.975645469260115,-13.975645469260115,0
adam,sea,297,-13.975665265529278,-13.975665265529278,0
adam,sea,298,-13.97568484468868,-13.97568484468868,0
adam,sea,299,-13.975704218638336,-13.975704218638336,0
adam,sea,300,-13.975723395315965,-13.975723395315965,0
adam,sea,301,-13.975742379491567,-13.975742379491567,0
adam,sea,302,-13.975761173665635,-13.975761173665635,0
adam,sea,303,-13.975779778974918,-13.975779778974918,0
adam,sea,304,-13.975798196022206,-13.975798196022206,0
adam,sea,305,-13.975816425561616,-13.975816425561616,0
adam,sea,306,-13.975834468991886,-13.975834468991886,0
adam,sea,307,-13.97585232863641,-13.97585232863641,0
adam,sea,308,-13.97587000782442,-13.97587000782442,0
adam,sea,309,-13.975887510812406,-13.975887510812406,0
adam,sea,310,-13.975904842606443,-13.975904842606443,0
adam,sea,311,-13.975922008744794,-13.975922008744794,0
adam,sea,312,-13.975939015087404,-13.975939015087404,0
adam,sea,313,-13.975955867640275,-13.975955867640275,0
adam,sea,314,-13.975972572423002,-13.975972572423002,0
adam,sea,315,-13.975989135380017,-13.975989135380017,0
adam,sea,316,-13.97600556232623,-13.97600556232623,0
adam,sea,317,-13.976021858919465,-13.976021858919465,0
adam,sea,318,-13.976038030646013,-13.976038030646013,0
adam,sea,319,-13.976054082810453,-13.976054082810453,0
adam,sea,320,-13.97607002052095,-13.97607002052095,0
adam,sea,321,-13.976085848669182,-13.976085848669182,0
adam,sea,322,-13.97610157190816,-13.97610157190816,0
adam,sea,323,-13.976117194633963,-13.976117194633963,0
adam,sea,324,-13.976132720977287,-13.976132720977287,0
adam,sea,325,-13.97614815480528,-13.97614815480528,0
adam,sea,326,-13.976163499733854,-13.976163499733854,0
adam,sea,327,-13.976178759145153,-13.976178759145153,0
adam,sea,328,-13.976193936209613,-13.976193936209613,0
adam,sea,329,-13.976209033909477,-13.976209033909477,0
adam,sea,330,-13.976224055063271,-13.976224055063271,0
adam,sea,331,-13.976239002351287,-13.976239002351287,0
adam,sea,332,-13.976253878340819,-13.976253878340819,0
adam,sea,333,-13.976268685510114,-13.976268685510114,0
adam,sea,334,-13.976283426270674,-13.976283426270674,0
adam,sea,335,-13.976298102987965,-13.976298102987965,0
adam,sea,336,-13.976312717998315,-13.976312717998315,0
adam,sea,337,-13.97632727362441,-13.97632727362441,0
adam,sea,338,-13.976341772184709,-13.976341772184709,0
adam,sea,339,-13.976356215998695,-13.976356215998695,0
adam,sea,340,-13.976370607385718,-13.976370607385718,0
adam,sea,341,-13.97638494865902,-13.97638494865902,0
adam,sea,342,-13.976399242116186,-13.976399242116186,0
adam,sea,343,-13.9764134900283,-13.9764134900283,0
adam,sea,344,-13.976427694629562,-13.976427694629562,0
adam,sea,345,-13.97644185810854,-13.97644185810854,0
adam,sea,346,-13.976455982603209,-13.976455982603209,0
adam,sea,347,-13.9764700701968,-13.9764700701968,0
adam,sea,348,-13.976484122918663,-13.976484122918663,0
adam,sea,349,-13.976498142745761,-13.976498142745761,0
adam,sea,350,-13.976512131606919,-13.976512131606919,0
adam,sea,351,-13.976526091387534,-13.976526091387534,0
adam,sea,352,-13.976540023934263,-13.976540023934263,0
adam,sea,353,-13.97655393105934,-13.97655393105934,0
adam,sea,354,-13.976567814544273,-13.976567814544273,0
adam,sea,355,-13.976581676141617,-13.976581676141617,0
adam,sea,356,-13.976595517577435,-13.976595517577435,0
adam,sea,357,-13.97660934055189,-13.97660934055189,0
adam,sea,358,-13.976623146739561,-13.976623146739561,0
adam,sea,359,-13.976636937790053,-13.976636937790053,0
adam,sea,360,-13.976650715327125,-13.976650715327125,0
adam,sea,361,-13.976664480948552,-13.976664480948552,0
adam,sea,362,-13.976678236225588,-13.976678236225588,0
adam,sea,363,-13.97669198270322,-13.97669198270322,0
adam,sea,364,-13.976705721899453,-13.976705721899453,0
adam,sea,365,-13.97671945530662,-13.97671945530662,0
adam,sea,366,-13.97673318439151,-13.97673318439151,0
adam,sea,367,-13.97674691059623,-13.97674691059623,0
adam,sea,368,-13.97676063534024,-13.97676063534024,0
adam,sea,369,-13.97677436002102,-13.97677436002102,0
adam,sea,370,-13.97678808601592,-13.97678808601592,0
adam,sea,371,-13.976801814683892,-13.976801814683892,0
adam,sea,372,-13.976815547366028,-13.976815547366028,0
adam,sea,373,-13.976829285387105,-13.976829285387105,0
adam,sea,374,-13.976843030056227,-13.976843030056227,0
adam,sea,375,-13.976856782667676,-13.976856782667676,0
adam,sea,376,-13.976870544501057,-13.976870544501057,0
adam,sea,377,-13.976884316821936,-13.976884316821936,0
adam,sea,378,-13.976898100881982,-13.976898100881982,0
adam,sea,379,-13.976911897919576,-13.976911897919576,0
adam,sea,380,-13.976925709159715,-13.976925709159715,0
adam,sea,381,-13.976939535814623,-13.976939535814623,0
adam,sea,382,-13.976953379083879,-13.976953379083879,0
adam,sea,383,-13.976967240154776,-13.976967240154776,0
adam,sea,384,-13.976981120202836,-13.976981120202836,0
adam,sea,385,-13.9769950203917,-13.9769950203917,0
adam,sea,386,-13.97700894187384,-13.97700894187384,0
adam,sea,387,-13.977022885790642,-13.977022885790642,0
adam,sea,388,-13.97703685327319,-13.97703685327319,0
adam,sea,389,-13.977050845442244,-13.977050845442244,0
adam,sea,390,-13.977064863408648,-13.977064863408648,0
adam,sea,391,-13.977078908274219,-13.977078908274219,0
adam,sea,392,-13.97709298113143,-13.97709298113143,0
adam,sea,393,-13.977107083064343,-13.977107083064343,0
adam,sea,394,-13.977121215148417,-13.977121215148417,0
adam,sea,395,-13.977135378451278,-13.977135378451278,0
adam,sea,396,-13.977149574032689,-13.977149574032689,0
adam,sea,397,-13.977163802944961,-13.977163802944961,0
adam,sea,398,-13.977178066232774,-13.977178066232774,0
adam,sea,399,-13.977192364934186,-13.977192364934186,0
adam,sea,400,-13.977206700080124,-13.977206700080124,0
adam,sea,401,-13.977221072695123,-13.977221072695123,0
adam,sea,402,-13.977235483797141,-13.977235483797141,0
adam,sea,403,-13.977249934398197,-13.977249934398197,0
adam,sea,404,-13.977264425504401,-13.977264425504401,0
adam,sea,405,-13.977278958115768,-13.977278958115768,0
adam,sea,406,-13.977293533227032,-13.977293533227032,0
adam,sea,407,-13.97730815182734,-13.97730815182734,0
adam,sea,408,-13.977322814900374,-13.977322814900374,0
adam,sea,409,-13.977337523424678,-13.977337523424678,0
adam,sea,410,-13.97735227837377,-13.97735227837377,0
adam,sea,411,-13.9773670807159,-13.9773670807159,0
adam,sea,412,-13.977381931414799,-13.977381931414799,0
adam,sea,413,-13.97739683142904,-13.97739683142904,0
adam,sea,414,-13.977411781712792,-13.977411781712792,0
adam,sea,415,-13.977426783215487,-13.977426783215487,0
adam,sea,416,-13.977441836882003,-13.977441836882003,0
adam,sea,417,-13.977456943652864,-13.977456943652864,0
adam,sea,418,-13.977472104464134,-13.977472104464134,0
adam,sea,419,-13.977487320247642,-13.977487320247642,0
adam,sea,420,-13.977502591930744,-13.977502591930744,0
adam,sea,421,-13.977517920436716,-13.977517920436716,0
adam,sea,422,-13.977533306684574,-13.977533306684574,0
adam,sea,423,-13.977548751589369,-13.977548751589369,0
adam,sea,424,-13.97756425606138,-13.97756425606138,0
adam,sea,425,-13.977579821007614,-13.977579821007614,0
adam,sea,426,-13.97759544733027,-13.97759544733027,0
adam,sea,427,-13.97761113592783,-13.97761113592783,0
adam,sea,428,-13.97762688769454,-13.97762688769454,0
adam,sea,429,-13.977642703520441,-13.977642703520441,0
adam,sea,430,-13.977658584291373,-13.977658584291373,0
adam,sea,431,-13.977674530889194,-13.977674530889194,0
adam,sea,432,-13.977690544191246,-13.977690544191246,0
adam,sea,433,-13.977706625070779,-13.977706625070779,0
adam,sea,434,-13.977722774396444,-13.977722774396444,0
adam,sea,435,-13.97773899303269,-13.97773899303269,0
adam,sea,436,-13.977755281839256,-13.977755281839256,0
adam,sea,437,-13.97777164167121,-13.97777164167121,0
adam,sea,438,-13.977788073379,-13.977788073379,0
adam,sea,439,-13.977804577807994,-13.977804577807994,0
adam,sea,440,-13.977821155798555,-13.977821155798555,0
adam,sea,441,-13.977837808186111,-13.977837808186111,0
adam,sea,442,-13.97785453580025,-13.97785453580025,0
adam,sea,443,-13.97787133946556,-13.97787133946556,0
adam,sea,444,-13.977888220000402,-13.977888220000402,0
adam,sea,445,-13.977905178217608,-13.977905178217608,0
adam,sea,446,-13.977922214923625,-13.977922214923625,0
adam,sea,447,-13.977939330918586,-13.977939330918586,0
adam,sea,448,-13.977956526995788,-13.977956526995788,0
adam,sea,449,-13.977973803941895,-13.977973803941895,0
adam,sea,450,-13.977991162536162,-13.977991162536162,0
adam,sea,451,-13.978008603550396,-13.978008603550396,0
adam,sea,452,-13.97802612774848,-13.97802612774848,0
adam,sea,453,-13.978043735886265,-13.978043735886265,0
adam,sea,454,-13.978061428710747,-13.978061428710747,0
adam,sea,455,-13.978079206960105,-13.978079206960105,0
adam,sea,456,-13.97809707136296,-13.97809707136296,0
adam,sea,457,-13.978115022638027,-13.978115022638027,0
adam,sea,458,-13.978133061493633,-13.978133061493633,0
adam,sea,459,-13.97815118862714,-13.97815118862714,0
adam,sea,460,-13.978169404724355,-13.978169404724355,0
adam,sea,461,-13.97818771045897,-13.97818771045897,0
adam,sea,462,-13.978206106491948,-13.978206106491948,0
adam,sea,463,-13.978224593470566,-13.978224593470566,0
adam,sea,464,-13.978243172028062,-13.978243172028062,0
adam,sea,465,-13.978261842782604,-13.978261842782604,0
adam,sea,466,-13.978280606336606,-13.978280606336606,0
adam,sea,467,-13.978299463275475,-13.978299463275475,0
adam,sea,468,-13.978318414167294,-13.978318414167294,0
adam,sea,469,-13.978337459561274,-13.978337459561274,0
adam,sea,470,-13.978356599986755,-13.978356599986755,0
adam,sea,471,-13.978375835952411,-13.978375835952411,0
adam,sea,472,-13.978395167944514,-13.978395167944514,0
adam,sea,473,-13.978414596426218,-13.978414596426218,0
adam,sea,474,-13.97843412183571,-13.97843412183571,0
adam,sea,475,-13.978453744584872,-13.978453744584872,0
adam,sea,476,-13.978473465058038,-13.978473465058038,0
adam,sea,477,-13.978493283609906,-13.978493283609906,0
adam,sea,478,-13.97851320056416,-13.97851320056416,0
adam,sea,479,-13.97853321621146,-13.97853321621146,0
adam,sea,480,-13.978553330807458,-13.978553330807458,0
adam,sea,481,-13.978573544570839,-13.978573544570839,0
adam,sea,482,-13.978593857681142,-13.978593857681142,0
adam,sea,483,-13.978614270276632,-13.978614270276632,0
adam,sea,484,-13.978634782451392,-13.978634782451392,0
adam,sea,485,-13.978655394253108,-13.978655394253108,0
adam,sea,486,-13.978676105680556,-13.978676105680556,0
adam,sea,487,-13.978696916680516,-13.978696916680516,0
adam,sea,488,-13.978717827144756,-13.978717827144756,0
adam,sea,489,-13.97873883690703,-13.97873883690703,0
adam,sea,490,-13.978759945739874,-13.978759945739874,0
adam,sea,491,-13.978781153350909,-13.978781153350909,0
adam,sea,492,-13.978802459379807,-13.978802459379807,0
adam,sea,493,-13.978823863393876,-13.978823863393876,0
adam,sea,494,-13.978845364884561,-13.978845364884561,0
adam,sea,495,-13.978866963263384,-13.978866963263384,0
adam,sea,496,-13.978888657857498,-13.978888657857498,0
adam,sea,497,-13.978910447905644,-13.978910447905644,0
adam,sea,498,-13.978932332553239,-13.978932332553239,0
adam,sea,499,-13.978954310847815,-13.978954310847815,0
adam,sea,500,-13.978976381734517,-13.978976381734517,0
adam,sea,501,-13.978998544050544,-13.978998544050544,0
adam,sea,502,-13.979020796520507,-13.979020796520507,0
adam,sea,503,-13.979043137750965,-13.979043137750965,0
adam,sea,504,-13.979065566225298,-13.979065566225298,0
adam,sea,505,-13.979088080297961,-13.979088080297961,0
adam,sea,506,-13.979110678189356,-13.979110678189356,0
adam,sea,507,-13.979133357980064,-13.979133357980064,0
adam,sea,508,-13.979156117605426,-13.979156117605426,0
adam,sea,509,-13.979178954849726,-13.979178954849726,0
adam,sea,510,-13.979201867341036,-13.979201867341036,0
adam,sea,511,-13.979224852545316,-13.979224852545316,0
adam,sea,512,-13.979247907761277,-13.979247907761277,0
adam,sea,513,-13.97927103011504,-13.97927103011504,0
adam,sea,514,-13.979294216555381,-13.979294216555381,0
adam,sea,515,-13.979317463848197,-13.979317463848197,0
adam,sea,516,-13.979340768572841,-13.979340768572841,0
adam,sea,517,-13.979364127117154,-13.979364127117154,0
adam,sea,518,-13.97938753567414,-13.97938753567414,0
adam,sea,519,-13.979410990238435,-13.979410990238435,0
adam,sea,520,-13.979434486603491,-13.979434486603491,0
adam,sea,521,-13.979458020359235,-13.979458020359235,0
adam,sea,522,-13.979481586890733,-13.979481586890733,0
adam,sea,523,-13.979505181377135,-13.979505181377135,0
adam,sea,524,-13.979528798791888,-13.979528798791888,0
adam,sea,525,-13.979552433903484,-13.979552433903484,0
adam,sea,526,-13.979576081277166,-13.979576081277166,0
adam,sea,527,-13.979599735278233,-13.979599735278233,0
adam,sea,528,-13.979623390075758,-13.979623390075758,0
adam,sea,529,-13.979647039648036,-13.979647039648036,0
adam,sea,530,-13.979670677788654,-13.979670677788654,0
adam,sea,531,-13.979694298115,-13.979694298115,0
adam,sea,532,-13.979717894077062,-13.979717894077062,0
adam,sea,533,-13.979741458968183,-13.979741458968183,0
adam,sea,534,-13.979764985937244,-13.979764985937244,0
adam,sea,535,-13.97978846800267,-13.97978846800267,0
adam,sea,536,-13.979811898067291,-13.979811898067291,0
adam,sea,537,-13.979835268935311,-13.979835268935311,0
adam,sea,538,-13.979858573330826,-13.979858573330826,0
adam,sea,539,-13.979881803917834,-13.979881803917834,0
adam,sea,540,-13.979904953321233,-13.979904953321233,0
adam,sea,541,-13.979928014150076,-13.979928014150076,0
adam,sea,542,-13.979950979021545,-13.979950979021545,0
adam,sea,543,-13.979973840586455,-13.979973840586455,0
adam,sea,544,-13.979996591555933,-13.979996591555933,0
adam,sea,545,-13.98001922472879,-13.98001922472879,0
adam,sea,546,-13.98004173302026,-13.98004173302026,0
adam,sea,547,-13.980064109490485,-13.980064109490485,0
adam,sea,548,-13.980086347374439,-13.980086347374439,0
adam,sea,549,-13.980108440111591,-13.980108440111591,0
adam,sea,550,-13.980130381375098,-13.980130381375098,0
adam,sea,551,-13.9801521651016,-13.9801521651016,0
adam,sea,552,-13.98017378551957,-13.98017378551957,0
adam,sea,553,-13.980195237177648,-13.980195237177648,0
adam,sea,554,-13.980216514970984,-13.980216514970984,0
adam,sea,555,-13.980237614166768,-13.980237614166768,0
adam,sea,556,-13.980258530428037,-13.980258530428037,0
adam,sea,557,-13.980279259835005,-13.980279259835005,0
adam,sea,558,-13.980299798904811,-13.980299798904811,0
adam,sea,559,-13.980320144608001,-13.980320144608001,0
adam,sea,560,-13.980340294383263,-13.980340294383263,0
adam,sea,561,-13.980360246148171,-13.980360246148171,0
adam,sea,562,-13.980379998307788,-13.980379998307788,0
adam,sea,563,-13.980399549759422,-13.980399549759422,0
adam,sea,564,-13.980418899893989,-13.980418899893989,0
adam,sea,565,-13.980438048594753,-13.980438048594753,0
adam,sea,566,-13.980456996231801,-13.980456996231801,0
adam,sea,567,-13.980475743653303,-13.980475743653303,0
adam,sea,568,-13.980494292174281,-13.980494292174281,0
adam,sea,569,-13.9805126435611,-13.9805126435611,0
adam,sea,570,-13.980530800013101,-13.980530800013101,0
adam,sea,571,-13.980548764142723,-13.980548764142723,0
adam,sea,572,-13.980566538950999,-13.980566538950999,0
adam,sea,573,-13.980584127802352,-13.980584127802352,0
adam,sea,574,-13.980601534396751,-13.980601534396751,0
adam,sea,575,-13.980618762740082,-13.980618762740082,0
adam,sea,576,-13.980635817113482,-13.980635817113482,0
adam,sea,577,-13.980652702042027,-13.980652702042027,0
adam,sea,578,-13.980669422261437,-13.980669422261437,0
adam,sea,579,-13.980685982686529,-13.980685982686529,0
adam,sea,580,-13.980702388378129,-13.980702388378129,0
adam,sea,581,-13.980718644511338,-13.980718644511338,0
adam,sea,582,-13.98073475634436,-13.98073475634436,0
adam,sea,583,-13.980750729188415,-13.980750729188415,0
adam,sea,584,-13.980766568379115,-13.980766568379115,0
adam,sea,585,-13.980782279249315,-13.980782279249315,0
adam,sea,586,-13.980797867104178,-13.980797867104178,0
adam,sea,587,-13.980813337197675,-13.980813337197675,0
adam,sea,588,-13.98082869471177,-13.98082869471177,0
adam,sea,589,-13.980843944737808,-13.980843944737808,0
adam,sea,590,-13.980859092259564,-13.980859092259564,0
adam,sea,591,-13.980874142139877,-13.980874142139877,0
adam,sea,592,-13.980889099108296,-13.980889099108296,0
adam,sea,593,-13.980903967752036,-13.980903967752036,0
adam,sea,594,-13.980918752508298,-13.980918752508298,0
adam,sea,595,-13.980933457659667,-13.980933457659667,0
adam,sea,596,-13.980948087330482,-13.980948087330482,0
adam,sea,597,-13.980962645485901,-13.980962645485901,0
adam,sea,598,-13.980977135932022,-13.980977135932022,0
adam,sea,599,-13.980991562318074,-13.980991562318074,0
adam,sea,600,-13.981005928139727,-13.981005928139727,0
adam,sea,601,-13.981020236743264,-13.981020236743264,0
adam,sea,602,-13.981034491331291,-13.981034491331291,0
adam,sea,603,-13.98104869496888,-13.98104869496888,0
adam,sea,604,-13.981062850590861,-13.981062850590861,0
adam,sea,605,-13.981076961008762,-13.981076961008762,0
adam,sea,606,-13.981091028918943,-13.981091028918943,0
adam,sea,607,-13.981105056910296,-13.981105056910296,0
adam,sea,608,-13.981119047472683,-13.981119047472683,0
adam,sea,609,-13.981133003004343,-13.981133003004343,0
adam,sea,610,-13.981146925820493,-13.981146925820493,0
adam,sea,611,-13.981160818160284,-13.981160818160284,0
adam,sea,612,-13.981174682194542,-13.981174682194542,0
adam,sea,613,-13.98118852003257,-13.98118852003257,0
adam,sea,614,-13.981202333728895,-13.981202333728895,0
adam,sea,615,-13.981216125289164,-13.981216125289164,0
adam,sea,616,-13.981229896675924,-13.981229896675924,0
adam,sea,617,-13.981243649814157,-13.981243649814157,0
adam,sea,618,-13.981257386595228,-13.981257386595228,0
adam,sea,619,-13.981271108882012,-13.981271108882012,0
adam,sea,620,-13.981284818512039,-13.981284818512039,0
adam,sea,621,-13.981298517301342,-13.981298517301342,0
adam,sea,622,-13.981312207047216,-13.981312207047216,0
adam,sea,623,-13.981325889530586,-13.981325889530586,0
adam,sea,624,-13.981339566518464,-13.981339566518464,0
adam,sea,625,-13.981353239765435,-13.981353239765435,0
adam,sea,626,-13.981366911015899,-13.981366911015899,0
adam,sea,627,-13.981380582004538,-13.981380582004538,0
adam,sea,628,-13.98139425445773,-13.98139425445773,0
adam,sea,629,-13.98140793009445,-13.98140793009445,0
adam,sea,630,-13.981421610626581,-13.981421610626581,0
adam,sea,631,-13.981435297759676,-13.981435297759676,0
adam,sea,632,-13.981448993193164,-13.981448993193164,0
adam,sea,633,-13.981462698620502,-13.981462698620502,0
adam,sea,634,-13.981476415729265,-13.981476415729265,0
adam,sea,635,-13.98149014620153,-13.98149014620153,0
adam,sea,636,-13.981503891713778,-13.981503891713778,0
adam,sea,637,-13.981517653936455,-13.981517653936455,0
adam,sea,638,-13.981531434534425,-13.981531434534425,0
adam,sea,639,-13.981545235166875,-13.981545235166875,0
adam,sea,640,-13.981559057486958,-13.981559057486958,0
adam,sea,641,-13.98157290314214,-13.98157290314214,0
adam,sea,642,-13.981586773773703,-13.981586773773703,0
adam,sea,643,-13.981600671017123,-13.981600671017123,0
adam,sea,644,-13.981614596502064,-13.981614596502064,0
adam,sea,645,-13.981628551852127,-13.981628551852127,0
adam,sea,646,-13.981642538685142,-13.981642538685142,0
adam,sea,647,-13.981656558612965,-13.981656558612965,0
adam,sea,648,-13.981670613242088,-13.981670613242088,0
adam,sea,649,-13.981684704173054,-13.981684704173054,0
adam,sea,650,-13.981698833001385,-13.981698833001385,0
adam,sea,651,-13.981713001317026,-13.981713001317026,0
adam,sea,652,-13.981727210704983,-13.981727210704983,0
adam,sea,653,-13.981741462745283,-13.981741462745283,0
adam,sea,654,-13.981755759013401,-13.981755759013401,0
adam,sea,655,-13.981770101080214,-13.981770101080214,0
adam,sea,656,-13.981784490512435,-13.981784490512435,0
adam,sea,657,-13.981798928872625,-13.981798928872625,0
adam,sea,658,-13.9818134177197,-13.9818134177197,0
adam,sea,659,-13.981827958608948,-13.981827958608948,0
adam,sea,660,-13.98184255309242,-13.98184255309242,0
adam,sea,661,-13.981857202718947,-13.981857202718947,0
adam,sea,662,-13.981871909034503,-13.981871909034503,0
adam,sea,663,-13.981886673582549,-13.981886673582549,0
adam,sea,664,-13.981901497903912,-13.981901497903912,0
adam,sea,665,-13.981916383537355,-13.981916383537355,0
adam,sea,666,-13.981931332019482,-13.981931332019482,0
adam,sea,667,-13.981946344884994,-13.981946344884994,0
adam,sea,668,-13.981961423667014,-13.981961423667014,0
adam,sea,669,-13.981976569897002,-13.981976569897002,0
adam,sea,670,-13.98199178510507,-13.98199178510507,0
adam,sea,671,-13.982007070820144,-13.982007070820144,0
adam,sea,672,-13.982022428569767,-13.982022428569767,0
adam,sea,673,-13.98203785988068,-13.98203785988068,0
adam,sea,674,-13.982053366278413,-13.982053366278413,0
adam,sea,675,-13.982068949287697,-13.982068949287697,0
adam,sea,676,-13.982084610432588,-13.982084610432588,0
adam,sea,677,-13.982100351236076,-13.982100351236076,0
adam,sea,678,-13.982116173220366,-13.982116173220366,0
adam,sea,679,-13.982132077907076,-13.982132077907076,0
adam,sea,680,-13.982148066816803,-13.982148066816803,0
adam,sea,681,-13.982164141469596,-13.982164141469596,0
adam,sea,682,-13.982180303384405,-13.982180303384405,0
adam,sea,683,-13.982196554079284,-13.982196554079284,0
adam,sea,684,-13.982212895071514,-13.982212895071514,0
adam,sea,685,-13.982229327876942,-13.982229327876942,0
adam,sea,686,-13.982245854010486,-13.982245854010486,0
adam,sea,687,-13.982262474985596,-13.982262474985596,0
adam,sea,688,-13.982279192314286,-13.982279192314286,0
adam,sea,689,-13.982296007506843,-13.982296007506843,0
adam,sea,690,-13.982312922071875,-13.982312922071875,0
adam,sea,691,-13.982329937515683,-13.982329937515683,0
adam,sea,692,-13.982347055342665,-13.982347055342665,0
adam,sea,693,-13.982364277054428,-13.982364277054428,0
adam,sea,694,-13.982381604149925,-13.982381604149925,0
adam,sea,695,-13.982399038125083,-13.982399038125083,0
adam,sea,696,-13.982416580472393,-13.982416580472393,0
adam,sea,697,-13.982434232680667,-13.982434232680667,0
adam,sea,698,-13.982451996234865,-13.982451996234865,0
adam,sea,699,-13.982469872615445,-13.982469872615445,0
adam,sea,700,-13.982487863297841,-13.982487863297841,0
adam,sea,701,-13.982505969752767,-13.982505969752767,0
adam,sea,702,-13.982524193444917,-13.982524193444917,0
adam,sea,703,-13.98254253583309,-13.98254253583309,0
adam,sea,704,-13.98256099836937,-13.98256099836937,0
adam,sea,705,-13.98257958249892,-13.98257958249892,0
adam,sea,706,-13.98259828965897,-13.98259828965897,0
adam,sea,707,-13.982617121279056,-13.982617121279056,0
adam,sea,708,-13.982636078779413,-13.982636078779413,0
adam,sea,709,-13.98265516357117,-13.98265516357117,0
adam,sea,710,-13.982674377055398,-13.982674377055398,0
adam,sea,711,-13.982693720622375,-13.982693720622375,0
adam,sea,712,-13.982713195651172,-13.982713195651172,0
adam,sea,713,-13.982732803508451,-13.982732803508451,0
adam,sea,714,-13.982752545548236,-13.982752545548236,0
adam,sea,715,-13.982772423110687,-13.982772423110687,0
adam,sea,716,-13.982792437521752,-13.982792437521752,0
adam,sea,717,-13.98281259009173,-13.98281259009173,0
adam,sea,718,-13.982832882114915,-13.982832882114915,0
adam,sea,719,-13.982853314868567,-13.982853314868567,0
adam,sea,720,-13.982873889611676,-13.982873889611676,0
adam,sea,721,-13.982894607584512,-13.982894607584512,0
adam,sea,722,-13.982915470006988,-13.982915470006988,0
adam,sea,723,-13.982936478078429,-13.982936478078429,0
adam,sea,724,-13.982957632975623,-13.982957632975623,0
adam,sea,725,-13.982978935852612,-13.982978935852612,0
adam,sea,726,-13.983000387838803,-13.983000387838803,0
adam,sea,727,-13.983021990038301,-13.983021990038301,0
adam,sea,728,-13.983043743528432,-13.983043743528432,0
adam,sea,729,-13.983065649358842,-13.983065649358842,0
adam,sea,730,-13.983087708549991,-13.983087708549991,0
adam,sea,731,-13.983109922091911,-13.983109922091911,0
adam,sea,732,-13.983132290942958,-13.983132290942958,0
adam,sea,733,-13.983154816028518,-13.983154816028518,0
adam,sea,734,-13.983177498239376,-13.983177498239376,0
adam,sea,735,-13.98320033843068,-13.98320033843068,0
adam,sea,736,-13.983223337420437,-13.983223337420437,0
adam,sea,737,-13.98324649598758,-13.98324649598758,0
adam,sea,738,-13.98326981487134,-13.98326981487134,0
adam,sea,739,-13.983293294768862,-13.983293294768862,0
adam,sea,740,-13.983316936334306,-13.983316936334306,0
adam,sea,741,-13.983340740177015,-13.983340740177015,0
adam,sea,742,-13.983364706859906,-13.983364706859906,0
adam,sea,743,-13.983388836897907,-13.983388836897907,0
adam,sea,744,-13.983413130756468,-13.983413130756468,0
adam,sea,745,-13.983437588849677,-13.983437588849677,0
adam,sea,746,-13.983462211538852,-13.983462211538852,0
adam,sea,747,-13.983486999130745,-13.983486999130745,0
adam,sea,748,-13.983511951875697,-13.983511951875697,0
adam,sea,749,-13.9835370699661,-13.9835370699661,0
adam,sea,750,-13.983562353534978,-13.983562353534978,0
adam,sea,751,-13.983587802653625,-13.983587802653625,0
adam,sea,752,-13.983613417330265,-13.983613417330265,0
adam,sea,753,-13.983639197508545,-13.983639197508545,0
adam,sea,754,-13.983665143065368,-13.983665143065368,0
adam,sea,755,-13.983691253809276,-13.983691253809276,0
adam,sea,756,-13.983717529479152,-13.983717529479152,0
adam,sea,757,-13.98374396974195,-13.98374396974195,0
adam,sea,758,-13.983770574191482,-13.983770574191482,0
adam,sea,759,-13.983797342346241,-13.983797342346241,0
adam,sea,760,-13.983824273648443,-13.983824273648443,0
adam,sea,761,-13.98385136746173,-13.98385136746173,0
adam,sea,762,-13.983878623070131,-13.983878623070131,0
adam,sea,763,-13.983906039676084,-13.983906039676084,0
adam,sea,764,-13.983933616399307,-13.983933616399307,0
adam,sea,765,-13.983961352274855,-13.983961352274855,0
adam,sea,766,-13.983989246252378,-13.983989246252378,0
adam,sea,767,-13.984017297193992,-13.984017297193992,0
adam,sea,768,-13.984045503873684,-13.984045503873684,0
adam,sea,769,-13.984073864975592,-13.984073864975592,0
adam,sea,770,-13.98410237909277,-13.98410237909277,0
adam,sea,771,-13.984131044726793,-13.984131044726793,0
adam,sea,772,-13.984159860285786,-13.984159860285786,0
adam,sea,773,-13.984188824084336,-13.984188824084336,0
adam,sea,774,-13.984217934342135,-13.984217934342135,0
adam,sea,775,-13.984247189183323,-13.984247189183323,0
adam,sea,776,-13.984276586636087,-13.984276586636087,0
adam,sea,777,-13.984306124631951,-13.984306124631951,0
adam,sea,778,-13.98433580100544,-13.98433580100544,0
adam,sea,779,-13.984365613493607,-13.984365613493607,0
adam,sea,780,-13.984395559736194,-13.984395559736194,0
adam,sea,781,-13.984425637275438,-13.984425637275438,0
adam,sea,782,-13.98445584355599,-13.98445584355599,0
adam,sea,783,-13.984486175925639,-13.984486175925639,0
adam,sea,784,-13.984516631635382,-13.984516631635382,0
adam,sea,785,-13.984547207839928,-13.984547207839928,0
adam,sea,786,-13.984577901598657,-13.984577901598657,0
adam,sea,787,-13.984608709876277,-13.984608709876277,0
adam,sea,788,-13.984639629544066,-13.984639629544066,0
adam,sea,789,-13.984670657381164,-13.984670657381164,0
adam,sea,790,-13.984701790075494,-13.984701790075494,0
adam,sea,791,-13.984733024225989,-13.984733024225989,0
adam,sea,792,-13.984764356343701,-13.984764356343701,0
adam,sea,793,-13.984795782854464,-13.984795782854464,0
adam,sea,794,-13.984827300100282,-13.984827300100282,0
adam,sea,795,-13.984858904342019,-13.984858904342019,0
adam,sea,796,-13.984890591762234,-13.984890591762234,0
adam,sea,797,-13.984922358467005,-13.984922358467005,0
adam,sea,798,-13.984954200489817,-13.984954200489817,0
adam,sea,799,-13.984986113793637,-13.984986113793637,0
adam,sea,800,-13.985018094274938,-13.985018094274938,0
adam,sea,801,-13.985050137766718,-13.985050137766718,0
adam,sea,802,-13.98508224004219,-13.98508224004219,0
adam,sea,803,-13.985114396818787,-13.985114396818787,0
adam,sea,804,-13.985146603761756,-13.985146603761756,0
adam,sea,805,-13.985178856488405,-13.985178856488405,0
adam,sea,806,-13.985211150572514,-13.985211150572514,0
adam,sea,807,-13.985243481548489,-13.985243481548489,0
adam,sea,808,-13.98527584491626,-13.98527584491626,0
adam,sea,809,-13.985308236145576,-13.985308236145576,0
adam,sea,810,-13.985340650681431,-13.985340650681431,0
adam,sea,811,-13.985373083948145,-13.985373083948145,0
adam,sea,812,-13.98540553135528,-13.98540553135528,0
adam,sea,813,-13.985437988302081,-13.985437988302081,0
adam,sea,814,-13.985470450183039,-13.985470450183039,0
adam,sea,815,-13.985502912393189,-13.985502912393189,0
adam,sea,816,-13.985535370333235,-13.985535370333235,0
adam,sea,817,-13.985567819415072,-13.985567819415072,0
adam,sea,818,-13.98560025506701,-13.98560025506701,0
adam,sea,819,-13.985632672739467,-13.985632672739467,0
adam,sea,820,-13.985665067909988,-13.985665067909988,0
adam,sea,821,-13.985697436088769,-13.985697436088769,0
adam,sea,822,-13.985729772824339,-13.985729772824339,0
adam,sea,823,-13.985762073707985,-13.985762073707985,0
adam,sea,824,-13.98579433437993,-13.98579433437993,0
adam,sea,825,-13.985826550533696,-13.985826550533696,0
adam,sea,826,-13.98585871792153,-13.98585871792153,0
adam,sea,827,-13.98589083235906,-13.98589083235906,0
adam,sea,828,-13.985922889730407,-13.985922889730407,0
adam,sea,829,-13.985954885992353,-13.985954885992353,0
adam,sea,830,-13.985986817179096,-13.985986817179096,0
adam,sea,831,-13.986018679406309,-13.986018679406309,0
adam,sea,832,-13.986050468875385,-13.986050468875385,0
adam,sea,833,-13.98608218187733,-13.98608218187733,0
adam,sea,834,-13.986113814796154,-13.986113814796154,0
adam,sea,835,-13.986145364112707,-13.986145364112707,0
adam,sea,836,-13.986176826407519,-13.986176826407519,0
adam,sea,837,-13.986208198363746,-13.986208198363746,0
adam,sea,838,-13.986239476770306,-13.986239476770306,0
adam,sea,839,-13.986270658523592,-13.986270658523592,0
adam,sea,840,-13.986301740630251,-13.986301740630251,0
adam,sea,841,-13.986332720208695,-13.986332720208695,0
adam,sea,842,-13.98636359449086,-13.98636359449086,0
adam,sea,843,-13.986394360823496,-13.986394360823496,0
adam,sea,844,-13.98642501666917,-13.98642501666917,0
adam,sea,845,-13.986455559607004,-13.986455559607004,0
adam,sea,846,-13.986485987333253,-13.986485987333253,0
adam,sea,847,-13.986516297661263,-13.986516297661263,0
adam,sea,848,-13.986546488521824,-13.986546488521824,0
adam,sea,849,-13.9865765579624,-13.9865765579624,0
adam,sea,850,-13.986606504146483,-13.986606504146483,0
adam,sea,851,-13.986636325353203,-13.986636325353203,0
adam,sea,852,-13.986666019975758,-13.986666019975758,0
adam,sea,853,-13.986695586520227,-13.986695586520227,0
adam,sea,854,-13.986725023603755,-13.986725023603755,0
adam,sea,855,-13.98675432995321,-13.98675432995321,0
adam,sea,856,-13.9867835044026,-13.9867835044026,0
adam,sea,857,-13.986812545891127,-13.986812545891127,0
adam,sea,858,-13.986841453460862,-13.986841453460862,0
adam,sea,859,-13.986870226253993,-13.986870226253993,0
adam,sea,860,-13.986898863510113,-13.986898863510113,0
adam,sea,861,-13.986927364563297,-13.986927364563297,0
adam,sea,862,-13.986955728839185,-13.986955728839185,0
adam,sea,863,-13.986983955851825,-13.986983955851825,0
adam,sea,864,-13.987012045200478,-13.987012045200478,0
adam,sea,865,-13.987039996566047,-13.987039996566047,0
adam,sea,866,-13.987067809707915,-13.987067809707915,0
adam,sea,867,-13.98709548446049,-13.98709548446049,0
adam,sea,868,-13.987123020729534,-13.987123020729534,0
adam,sea,869,-13.987150418488854,-13.987150418488854,0
adam,sea,870,-13.987177677776572,-13.987177677776572,0
adam,sea,871,-13.987204798691554,-13.987204798691554,0
adam,sea,872,-13.987231781389932,-13.987231781389932,0
adam,sea,873,-13.987258626081745,-13.987258626081745,0
adam,sea,874,-13.987285333026922,-13.987285333026922,0
adam,sea,875,-13.987311902532419,-13.987311902532419,0
adam,sea,876,-13.987338334948392,-13.987338334948392,0
adam,sea,877,-13.987364630665098,-13.987364630665098,0
adam,sea,878,-13.987390790109355,-13.987390790109355,0
adam,sea,879,-13.987416813741484,-13.987416813741484,0
adam,sea,880,-13.987442702052247,-13.987442702052247,0
adam,sea,881,-13.987468455559666,-13.987468455559666,0
adam,sea,882,-13.987494074806243,-13.987494074806243,0
adam,sea,883,-13.987519560356075,-13.987519560356075,0
adam,sea,884,-13.987544912791895,-13.987544912791895,0
adam,sea,885,-13.987570132712747,-13.987570132712747,0
adam,sea,886,-13.987595220731512,-13.987595220731512,0
adam,sea,887,-13.987620177472335,-13.987620177472335,0
adam,sea,888,-13.987645003568232,-13.987645003568232,0
adam,sea,889,-13.987669699659444,-13.987669699659444,0
adam,sea,890,-13.987694266390799,-13.987694266390799,0
adam,sea,891,-13.987718704410238,-13.987718704410238,0
adam,sea,892,-13.98774301436688,-13.98774301436688,0
adam,sea,893,-13.987767196909292,-13.987767196909292,0
adam,sea,894,-13.987791252684103,-13.987791252684103,0
adam,sea,895,-13.98781518233442,-13.98781518233442,0
adam,sea,896,-13.987838986498414,-13.987838986498414,0
adam,sea,897,-13.98786266580843,-13.98786266580843,0
adam,sea,898,-13.987886220889804,-13.987886220889804,0
adam,sea,899,-13.987909652359313,-13.987909652359313,0
adam,sea,900,-13.987932960825319,-13.987932960825319,0
adam,sea,901,-13.987956146886113,-13.987956146886113,0
adam,sea,902,-13.987979211129572,-13.987979211129572,0
adam,sea,903,-13.988002154132527,-13.988002154132527,0
adam,sea,904,-13.988024976460222,-13.988024976460222,0
adam,sea,905,-13.988047678665906,-13.988047678665906,0
adam,sea,906,-13.9880702612906,-13.9880702612906,0
adam,sea,907,-13.988092724862467,-13.988092724862467,0
adam,sea,908,-13.988115069897244,-13.988115069897244,0
adam,sea,909,-13.988137296897435,-13.988137296897435,0
adam,sea,910,-13.988159406352581,-13.988159406352581,0
adam,sea,911,-13.988181398739426,-13.988181398739426,0
adam,sea,912,-13.98820327452167,-13.98820327452167,0
adam,sea,913,-13.988225034150055,-13.988225034150055,0
adam,sea,914,-13.98824667806288,-13.98824667806288,0
adam,sea,915,-13.98826820668583,-13.98826820668583,0
adam,sea,916,-13.988289620432376,-13.988289620432376,0
adam,sea,917,-13.988310919704057,-13.988310919704057,0
adam,sea,918,-13.988332104890796,-13.988332104890796,0
adam,sea,919,-13.988353176371017,-13.988353176371017,0
adam,sea,920,-13.988374134512474,-13.988374134512474,0
adam,sea,921,-13.988394979672211,-13.988394979672211,0
adam,sea,922,-13.988415712197133,-13.988415712197133,0
adam,sea,923,-13.988436332424495,-13.988436332424495,0
adam,sea,924,-13.98845684068227,-13.98845684068227,0
adam,sea,925,-13.988477237289747,-13.988477237289747,0
adam,sea,926,-13.988497522557603,-13.988497522557603,0
adam,sea,927,-13.988517696788906,-13.988517696788906,0
adam,sea,928,-13.988537760279401,-13.988537760279401,0
adam,sea,929,-13.988557713317826,-13.988557713317826,0
adam,sea,930,-13.988577556186538,-13.988577556186538,0
adam,sea,931,-13.988597289162145,-13.988597289162145,0
adam,sea,932,-13.988616912515667,-13.988616912515667,0
adam,sea,933,-13.988636426513448,-13.988636426513448,0
adam,sea,934,-13.988655831417312,-13.988655831417312,0
adam,sea,935,-13.988675127485166,-13.988675127485166,0
adam,sea,936,-13.988694314971461,-13.988694314971461,0
adam,sea,937,-13.988713394127815,-13.988713394127815,0
adam,sea,938,-13.988732365203177,-13.988732365203177,0
adam,sea,939,-13.9887512284446,-13.9887512284446,0
adam,sea,940,-13.9887699840975,-13.9887699840975,0
adam,sea,941,-13.988788632406125,-13.988788632406125,0
adam,sea,942,-13.988807173613916,-13.988807173613916,0
adam,sea,943,-13.988825607964348,-13.988825607964348,0
adam,sea,944,-13.9888439357006,-13.9888439357006,0
adam,sea,945,-13.988862157066634,-13.988862157066634,0
adam,sea,946,-13.988880272307362,-13.988880272307362,0
adam,sea,947,-13.988898281668636,-13.988898281668636,0
adam,sea,948,-13.988916185398436,-13.988916185398436,0
adam,sea,949,-13.988933983746342,-13.988933983746342,0
adam,sea,950,-13.988951676964346,-13.988951676964346,0
adam,sea,951,-13.98896926530733,-13.98896926530733,0
adam,sea,952,-13.98898674903292,-13.98898674903292,0
adam,sea,953,-13.989004128401994,-13.989004128401994,0
adam,sea,954,-13.989021403679299,-13.989021403679299,0
adam,sea,955,-13.989038575132946,-13.989038575132946,0
adam,sea,956,-13.989055643035543,-13.989055643035543,0
adam,sea,957,-13.989072607663884,-13.989072607663884,0
adam,sea,958,-13.989089469299357,-13.989089469299357,0
adam,sea,959,-13.989106228228085,-13.989106228228085,0
adam,sea,960,-13.989122884741327,-13.989122884741327,0
adam,sea,961,-13.989139439135425,-13.989139439135425,0
adam,sea,962,-13.989155891712247,-13.989155891712247,0
adam,sea,963,-13.989172242779077,-13.989172242779077,0
adam,sea,964,-13.989188492649001,-13.989188492649001,0
adam,sea,965,-13.989204641640885,-13.989204641640885,0
adam,sea,966,-13.989220690079634,-13.989220690079634,0
adam,sea,967,-13.989236638296124,-13.989236638296124,0
adam,sea,968,-13.989252486627668,-13.989252486627668,0
adam,sea,969,-13.989268235417573,-13.989268235417573,0
adam,sea,970,-13.989283885015794,-13.989283885015794,0
adam,sea,971,-13.989299435778634,-13.989299435778634,0
adam,sea,972,-13.989314888068792,-13.989314888068792,0
adam,sea,973,-13.989330242255553,-13.989330242255553,0
adam,sea,974,-13.989345498714698,-13.989345498714698,0
adam,sea,975,-13.989360657828756,-13.989360657828756,0
adam,sea,976,-13.989375719986613,-13.989375719986613,0
adam,sea,977,-13.989390685584,-13.989390685584,0
adam,sea,978,-13.989405555022763,-13.989405555022763,0
adam,sea,979,-13.98942032871187,-13.98942032871187,0
adam,sea,980,-13.989435007066273,-13.989435007066273,0
adam,sea,981,-13.989449590507704,-13.989449590507704,0
adam,sea,982,-13.989464079464035,-13.989464079464035,0
adam,sea,983,-13.989478474369648,-13.989478474369648,0
adam,sea,984,-13.989492775665036,-13.989492775665036,0
adam,sea,985,-13.989506983796971,-13.989506983796971,0
adam,sea,986,-13.989521099218058,-13.989521099218058,0
adam,sea,987,-13.989535122387116,-13.989535122387116,0
adam,sea,988,-13.989549053768634,-13.989549053768634,0
adam,sea,989,-13.989562893833034,-13.989562893833034,0
adam,sea,990,-13.989576643055987,-13.989576643055987,0
adam,sea,991,-13.989590301919023,-13.989590301919023,0
adam,sea,992,-13.989603870908493,-13.989603870908493,0
adam,sea,993,-13.989617350516502,-13.989617350516502,0
adam,sea,994,-13.989630741239793,-13.989630741239793,0
adam,sea,995,-13.989644043580071,-13.989644043580071,0
adam,sea,996,-13.989657258043843,-13.989657258043843,0
adam,sea,997,-13.989670385142016,-13.989670385142016,0
adam,sea,998,-13.989683425389922,-13.989683425389922,0
adam,sea,999,-13.989696379307105,-13.989696379307105,0
adam,pretrained,0,-5.0169990290490425,,0
adam,pretrained,1,-6.465386498908372,,0
adam,pretrained,2,-7.609893957970739,,0
adam,pretrained,3,-8.365510891759664,,0
adam,pretrained,4,-8.965227702018083,,0
adam,pretrained,5,-9.571979343836333,,0
adam,pretrained,6,-10.184147732235292,,0
adam,pretrained,7,-10.716180878297344,,0
adam,pretrained,8,-11.089723956209914,,0
adam,pretrained,9,-11.369649484357204,,0
adam,pretrained,10,-11.642457348846278,,0
adam,pretrained,11,-11.902635678466384,,0
adam,pretrained,12,-12.160109531372296,,0
adam,pretrained,13,-12.424107548553087,,0
adam,pretrained,14,-12.65612579428998,,0
adam,pretrained,15,-12.826703825755802,,0
adam,pretrained,16,-12.936069439830652,,0
adam,pretrained,17,-12.9995237820432,,0
adam,pretrained,18,-13.04702425255849,,0
adam,pretrained,19,-13.099524151979661,,0
adam,pretrained,20,-13.153122651645091,,0
adam,pretrained,21,-13.197446038067712,,0
adam,pretrained,22,-13.23178461909899,,0
adam,pretrained,23,-13.264364939882697,,0
adam,pretrained,24,-13.29639317846796,,0
adam,pretrained,25,-13.327158396518444,,0
adam,pretrained,26,-13.362039960154704,,0
adam,pretrained,27,-13.401006077862933,,0
adam,pretrained,28,-13.436669243130492,,0
adam,pretrained,29,-13.462009056061344,,0
adam,pretrained,30,-13.479044914138605,,0
adam,pretrained,31,-13.497243454748466,,0
adam,pretrained,32,-13.517945732603156,,0
adam,pretrained,33,-13.534401282944364,,0
adam,pretrained,34,-13.54541297522491,,0
adam,pretrained,35,-13.55428882320863,,0
adam,pretrained,36,-13.562788649050109,,0
adam,pretrained,37,-13.572278895059405,,0
adam,pretrained,38,-13.583258549036382,,0
adam,pretrained,39,-13.595287062603443,,0
adam,pretrained,40,-13.607454710713517,,0
adam,pretrained,41,-13.617810771426877,,0
adam,pretrained,42,-13.62567925299149,,0
adam,pretrained,43,-13.63220767817197,,0
adam,pretrained,44,-13.63806868260684,,0
adam,pretrained,45,-13.643961106180518,,0
adam,pretrained,46,-13.650276276562828,,0
adam,pretrained,47,-13.656159730491309,,0
adam,pretrained,48,-13.660918550738865,,0
adam,pretrained,49,-13.66518924394881,,0
adam,pretrained,50,-13.670311285756343,,0
adam,pretrained,51,-13.676233707170683,,0
adam,pretrained,52,-13.681996404263398,,0
adam,pretrained,53,-13.687861329798286,,0
adam,pretrained,54,-13.694247618821002,,0
adam,pretrained,55,-13.701194882554983,,0
adam,pretrained,56,-13.709381370469032,,0
adam,pretrained,57,-13.71929317096002,,0
adam,pretrained,58,-13.73038656856305,,0
adam,pretrained,59,-13.742166661940697,,0
adam,pretrained,60,-13.754660831134592,,0
adam,pretrained,61,-13.76737846851393,,0
adam,pretrained,62,-13.779565475769964,,0
adam,pretrained,63,-13.790759143707675,,0
adam,pretrained,64,-13.800499425568663,,0
adam,pretrained,65,-13.808380566201986,,0
adam,pretrained,66,-13.814683910988904,,0
adam,pretrained,67,-13.820120369561181,,0
adam,pretrained,68,-13.824926401337532,,0
adam,pretrained,69,-13.829403615176332,,0
adam,pretrained,70,-13.834109342547208,,0
adam,pretrained,71,-13.83944312685044,,0
adam,pretrained,72,-13.845603575635712,,0
adam,pretrained,73,-13.853008054708242,,0
adam,pretrained,74,-13.862093271807055,,0
adam,pretrained,75,-13.873047640609386,,0
adam,pretrained,76,-13.885802903207434,,0
adam,pretrained,77,-13.89969441473358,,0
adam,pretrained,78,-13.913496166256262,,0
adam,pretrained,79,-13.92586374209057,,0
adam,pretrained,80,-13.935828346036057,,0
adam,pretrained,81,-13.942819416079919,,0
adam,pretrained,82,-13.946815806704711,,0
adam,pretrained,83,-13.948402394095716,,0
adam,pretrained,84,-13.948634519709355,,0
adam,pretrained,85,-13.948837620963983,,0
adam,pretrained,86,-13.95012809182866,,0
adam,pretrained,87,-13.9527988376206,,0
adam,pretrained,88,-13.956460248422905,,0
adam,pretrained,89,-13.960438121309718,,0
adam,pretrained,90,-13.96398557397427,,0
adam,pretrained,91,-13.966529716900727,,0
adam,pretrained,92,-13.967798514366075,,0
adam,pretrained,93,-13.96787664265183,,0
adam,pretrained,94,-13.967257879015195,,0
adam,pretrained,95,-13.966496388952216,,0
adam,pretrained,96,-13.965994273420817,,0
adam,pretrained,97,-13.965991627906448,,0
adam,pretrained,98,-13.966495792862649,,0
adam,pretrained,99,-13.96732792884164,,0
adam,pretrained,100,-13.968303606206355,,0
adam,pretrained,101,-13.969257287464238,,0
adam,pretrained,102,-13.970067922064429,,0
adam,pretrained,103,-13.970667343727646,,0
adam,pretrained,104,-13.970994147257631,,0
adam,pretrained,105,-13.97107851560402,,0
adam,pretrained,106,-13.971081455902505,,0
adam,pretrained,107,-13.97116693131986,,0
adam,pretrained,108,-13.97141551060972,,0
adam,pretrained,109,-13.971813233542552,,0
adam,pretrained,110,-13.97227753520719,,0
adam,pretrained,111,-13.972725248955452,,0
adam,pretrained,112,-13.973101178566537,,0
adam,pretrained,113,-13.973365095087622,,0
adam,pretrained,114,-13.973517915052971,,0
adam,pretrained,115,-13.973597793512868,,0
adam,pretrained,116,-13.973633122301987,,0
adam,pretrained,117,-13.973651542940361,,0
adam,pretrained,118,-13.973695684656416,,0
adam,pretrained,119,-13.973797144868733,,0
adam,pretrained,120,-13.973955933135903,,0
adam,pretrained,121,-13.974140600884251,,0
adam,pretrained,122,-13.97431445077073,,0
adam,pretrained,123,-13.974464389226975,,0
adam,pretrained,124,-13.97459155446667,,0
adam,pretrained,125,-13.974694729518973,,0
adam,pretrained,126,-13.97477745670427,,0
adam,pretrained,127,-13.974849615197098,,0
adam,pretrained,128,-13.974924026822519,,0
adam,pretrained,129,-13.97501022405005,,0
adam,pretrained,130,-13.97510898200115,,0
adam,pretrained,131,-13.975217415896058,,0
adam,pretrained,132,-13.975329739736242,,0
adam,pretrained,133,-13.975437954478462,,0
adam,pretrained,134,-13.975536969878418,,0
adam,pretrained,135,-13.9756249175801,,0
adam,pretrained,136,-13.97570556036896,,0
adam,pretrained,137,-13.975784135361817,,0
adam,pretrained,138,-13.975863835129706,,0
adam,pretrained,139,-13.975948210793794,,0
adam,pretrained,140,-13.976038173816926,,0
adam,pretrained,141,-13.976132483686353,,0
adam,pretrained,142,-13.976229470041806,,0
adam,pretrained,143,-13.976326404885885,,0
adam,pretrained,144,-13.976422318127598,,0
adam,pretrained,145,-13.976516772623462,,0
adam,pretrained,146,-13.976609803049644,,0
adam,pretrained,147,-13.976702752837024,,0
adam,pretrained,148,-13.976796066893098,,0
adam,pretrained,149,-13.976890419082904,,0
adam,pretrained,150,-13.976986572133546,-13.976986572133546,1
adam,pretrained,151,-12.765452605380393,-12.765452605380393,0
adam,pretrained,152,-12.669312843985365,-12.669312843985365,0
adam,pretrained,153,-13.210166297463552,-13.210166297463552,0
adam,pretrained,154,-13.231389631128428,-13.231389631128428,0
adam,pretrained,155,-13.387613362859383,-13.387613362859383,0
adam,pretrained,156,-13.552868908407694,-13.552868908407694,0
adam,pretrained,157,-13.543477781315152,-13.543477781315152,0
adam,pretrained,158,-13.58866325253953,-13.58866325253953,0
adam,pretrained,159,-13.680036400529723,-13.680036400529723,0
adam,pretrained,160,-13.72805713778994,-13.72805713778994,0
adam,pretrained,161,-13.698627743755571,-13.698627743755571,0
adam,pretrained,162,-13.720701923226253,-13.720701923226253,0
adam,pretrained,163,-13.802888262430866,-13.802888262430866,0
adam,pretrained,164,-13.833064205782204,-13.833064205782204,0
adam,pretrained,165,-13.817659563075544,-13.817659563075544,0
adam,pretrained,166,-13.83383522298863,-13.83383522298863,0
adam,pretrained,167,-13.864277666887448,-13.864277666887448,0
adam,pretrained,168,-13.864905492428166,-13.864905492428166,0
adam,pretrained,169,-13.862219541973863,-13.862219541973863,0
adam,pretrained,170,-13.87895793193048,-13.87895793193048,0
adam,pretrained,171,-13.902474241315964,-13.902474241315964,0
adam,pretrained,172,-13.9112234400066,-13.9112234400066,0
adam,pretrained,173,-13.911708444247646,-13.911708444247646,0
adam,pretrained,174,-13.923995466252261,-13.923995466252261,0
adam,pretrained,175,-13.929564394488146,-13.929564394488146,0
adam,pretrained,176,-13.92314586823257,-13.92314586823257,0
adam,pretrained,177,-13.922935088740235,-13.922935088740235,0
adam,pretrained,178,-13.929434823264002,-13.929434823264002,0
adam,pretrained,179,-13.940230469015873,-13.940230469015873,0
adam,pretrained,180,-13.949187974035272,-13.949187974035272,0
adam,pretrained,181,-13.949689302729434,-13.949689302729434,0
adam,pretrained,182,-13.951807913573075,-13.951807913573075,0
adam,pretrained,183,-13.95485393285589,-13.95485393285589,0
adam,pretrained,184,-13.951834251738436,-13.951834251738436,0
adam,pretrained,185,-13.95270669590123,-13.95270669590123,0
adam,pretrained,186,-13.9606507431356,-13.9606507431356,0
adam,pretrained,187,-13.966006724859039,-13.966006724859039,0
adam,pretrained,188,-13.963931269823872,-13.963931269823872,0
adam,pretrained,189,-13.96175373085168,-13.96175373085168,0
adam,pretrained,190,-13.965310068788016,-13.965310068788016,0
adam,pretrained,191,-13.96986433119718,-13.96986433119718,0
adam,pretrained,192,-13.969982871011402,-13.969982871011402,0
adam,pretrained,193,-13.969848904545296,-13.969848904545296,0
adam,pretrained,194,-13.972428331591717,-13.972428331591717,0
adam,pretrained,195,-13.973416539464855,-13.973416539464855,0
adam,pretrained,196,-13.973899700075908,-13.973899700075908,0
adam,pretrained,197,-13.97410086693999,-13.97410086693999,0
adam,pretrained,198,-13.974491616082373,-13.974491616082373,0
adam,pretrained,199,-13.975928802166331,-13.975928802166331,0
adam,pretrained,200,-13.976422849876624,-13.976422849876624,0
adam,pretrained,201,-13.977303611279966,-13.977303611279966,0
adam,pretrained,202,-13.977686838783207,-13.977686838783207,0
adam,pretrained,203,-13.978005949656533,-13.978005949656533,0
adam,pretrained,204,-13.97886478492578,-13.97886478492578,0
adam,pretrained,205,-13.979337043676678,-13.979337043676678,0
adam,pretrained,206,-13.979378028267163,-13.979378028267163,0
adam,pretrained,207,-13.979243773721057,-13.979243773721057,0
adam,pretrained,208,-13.979860664358949,-13.979860664358949,0
adam,pretrained,209,-13.980338712058778,-13.980338712058778,0
adam,pretrained,210,-13.980357261459913,-13.980357261459913,0
adam,pretrained,211,-13.980575000539464,-13.980575000539464,0
adam,pretrained,212,-13.981004922292056,-13.981004922292056,0
adam,pretrained,213,-13.981154882299915,-13.981154882299915,0
adam,pretrained,214,-13.981045619618703,-13.981045619618703,0
adam,pretrained,215,-13.98122623872777,-13.98122623872777,0
adam,pretrained,216,-13.98164817114014,-13.98164817114014,0
adam,pretrained,217,-13.981602886561344,-13.981602886561344,0
adam,pretrained,218,-13.981563317293702,-13.981563317293702,0
adam,pretrained,219,-13.981759095768249,-13.981759095768249,0
adam,pretrained,220,-13.981951196860345,-13.981951196860345,0
adam,pretrained,221,-13.982067380192603,-13.982067380192603,0
adam,pretrained,222,-13.982240536505442,-13.982240536505442,0
adam,pretrained,223,-13.982209047586586,-13.982209047586586,0
adam,pretrained,224,-13.982209535011,-13.982209535011,0
adam,pretrained,225,-13.982355545038494,-13.982355545038494,0
adam,pretrained,226,-13.982466751709886,-13.982466751709886,0
adam,pretrained,227,-13.982507064735184,-13.982507064735184,0
adam,pretrained,228,-13.982543146575491,-13.982543146575491,0
adam,pretrained,229,-13.982639802780808,-13.982639802780808,0
adam,pretrained,230,-13.982686182697122,-13.982686182697122,0
adam,pretrained,231,-13.982721169166329,-13.982721169166329,0
adam,pretrained,232,-13.98276345750472,-13.98276345750472,0
adam,pretrained,233,-13.982796903612494,-13.982796903612494,0
adam,pretrained,234,-13.982838444844635,-13.982838444844635,0
adam,pretrained,235,-13.982881863826758,-13.982881863826758,0
adam,pretrained,236,-13.982909774931015,-13.982909774931015,0
adam,pretrained,237,-13.982941869800586,-13.982941869800586,0
adam,pretrained,238,-13.98299240592725,-13.98299240592725,0
adam,pretrained,239,-13.982999064074317,-13.982999064074317,0
adam,pretrained,240,-13.983029776639075,-13.983029776639075,0
adam,pretrained,241,-13.983047208879478,-13.983047208879478,0
adam,pretrained,242,-13.983077464512771,-13.983077464512771,0
adam,pretrained,243,-13.983097406965488,-13.983097406965488,0
adam,pretrained,244,-13.983110815222684,-13.983110815222684,0
adam,pretrained,245,-13.983134258391534,-13.983134258391534,0
adam,pretrained,246,-13.983165482937158,-13.983165482937158,0
adam,pretrained,247,-13.983178734410926,-13.983178734410926,0
adam,pretrained,248,-13.98319470606977,-13.98319470606977,0
adam,pretrained,249,-13.98321198558382,-13.98321198558382,0
adam,pretrained,250,-13.983228761536369,-13.983228761536369,0
adam,pretrained,251,-13.983241177941201,-13.983241177941201,0
adam,pretrained,252,-13.983257937135615,-13.983257937135615,0
adam,pretrained,253,-13.983271184932791,-13.983271184932791,0
adam,pretrained,254,-13.983284062863946,-13.983284062863946,0
adam,pretrained,255,-13.98329837618389,-13.98329837618389,0
adam,pretrained,256,-13.983312420029812,-13.983312420029812,0
adam,pretrained,257,-13.98332151391595,-13.98332151391595,0
adam,pretrained,258,-13.983334072372513,-13.983334072372513,0
adam,pretrained,259,-13.983343288073385,-13.983343288073385,0
adam,pretrained,260,-13.98335216155196,-13.98335216155196,0
adam,pretrained,261,-13.983364541344988,-13.983364541344988,0
adam,pretrained,262,-13.98337584899537,-13.98337584899537,0
adam,pretrained,263,-13.983382857129948,-13.983382857129948,0
adam,pretrained,264,-13.983393135467757,-13.983393135467757,0
adam,pretrained,265,-13.98340186133588,-13.98340186133588,0
adam,pretrained,266,-13.98340907929809,-13.98340907929809,0
adam,pretrained,267,-13.9834178024836,-13.9834178024836,0
adam,pretrained,268,-13.983426424803246,-13.983426424803246,0
adam,pretrained,269,-13.98343349573285,-13.98343349573285,0
adam,pretrained,270,-13.983441474040447,-13.983441474040447,0
adam,pretrained,271,-13.983448386075738,-13.983448386075738,0
adam,pretrained,272,-13.983455547461357,-13.983455547461357,0
adam,pretrained,273,-13.983462675277748,-13.983462675277748,0
adam,pretrained,274,-13.98346888736835,-13.98346888736835,0
adam,pretrained,275,-13.983475794588287,-13.983475794588287,0
adam,pretrained,276,-13.983482015036335,-13.983482015036335,0
adam,pretrained,277,-13.983487630128309,-13.983487630128309,0
adam,pretrained,278,-13.98349443471524,-13.98349443471524,0
adam,pretrained,279,-13.983500134654319,-13.983500134654319,0
adam,pretrained,280,-13.983505462437906,-13.983505462437906,0
adam,pretrained,281,-13.983511253799486,-13.983511253799486,0
adam,pretrained,282,-13.983516475072257,-13.983516475072257,0
adam,pretrained,283,-13.9835219058547,-13.9835219058547,0
adam,pretrained,284,-13.9835270007588,-13.9835270007588,0
adam,pretrained,285,-13.983532097809704,-13.983532097809704,0
adam,pretrained,286,-13.983537050893915,-13.983537050893915,0
adam,pretrained,287,-13.983541732133485,-13.983541732133485,0
adam,pretrained,288,-13.983546444632424,-13.983546444632424,0
adam,pretrained,289,-13.983551230401035,-13.983551230401035,0
adam,pretrained,290,-13.983555625365334,-13.983555625365334,0
adam,pretrained,291,-13.983559991411518,-13.983559991411518,0
adam,pretrained,292,-13.98356434274224,-13.98356434274224,0
adam,pretrained,293,-13.983568522171872,-13.983568522171872,0
adam,pretrained,294,-13.983572754814048,-13.983572754814048,0
adam,pretrained,295,-13.983576791581232,-13.983576791581232,0
adam,pretrained,296,-13.983580712576837,-13.983580712576837,0
adam,pretrained,297,-13.983584619212854,-13.983584619212854,0
adam,pretrained,298,-13.98358841527277,-13.98358841527277,0
adam,pretrained,299,-13.983592172390196,-13.983592172390196,0
adam,pretrained,300,-13.983595861797012,-13.983595861797012,0
adam,pretrained,301,-13.983599432343675,-13.983599432343675,0
adam,pretrained,302,-13.98360296207155,-13.98360296207155,0
adam,pretrained,303,-13.98360641288358,-13.98360641288358,0
adam,pretrained,304,-13.983609815638658,-13.983609815638658,0
adam,pretrained,305,-13.983613147561334,-13.983613147561334,0
adam,pretrained,306,-13.983616424283257,-13.983616424283257,0
adam,pretrained,307,-13.983619642880578,-13.983619642880578,0
adam,pretrained,308,-13.983622802504081,-13.983622802504081,0
adam,pretrained,309,-13.983625898272741,-13.983625898272741,0
adam,pretrained,310,-13.983628963009654,-13.983628963009654,0
adam,pretrained,311,-13.983631945291346,-13.983631945291346,0
adam,pretrained,312,-13.983634903898109,-13.983634903898109,0
adam,pretrained,313,-13.983637802523857,-13.983637802523857,0
adam,pretrained,314,-13.983640649291292,-13.983640649291292,0
adam,pretrained,315,-13.983643477234388,-13.983643477234388,0
adam,pretrained,316,-13.983646229920495,-13.983646229920495,0
adam,pretrained,317,-13.983648953944293,-13.983648953944293,0
adam,pretrained,318,-13.983651628894172,-13.983651628894172,0
adam,pretrained,319,-13.983654271253728,-13.983654271253728,0
adam,pretrained,320,-13.983656878779199,-13.983656878779199,0
adam,pretrained,321,-13.983659432345062,-13.983659432345062,0
adam,pretrained,322,-13.983661963140065,-13.983661963140065,0
adam,pretrained,323,-13.983664455193399,-13.983664455193399,0
adam,pretrained,324,-13.983666909923166,-13.983666909923166,0
adam,pretrained,325,-13.983669337052008,-13.983669337052008,0
adam,pretrained,326,-13.98367172531428,-13.98367172531428,0
adam,pretrained,327,-13.983674086307094,-13.983674086307094,0
adam,pretrained,328,-13.983676416521789,-13.983676416521789,0
adam,pretrained,329,-13.98367871949646,-13.98367871949646,0
adam,pretrained,330,-13.983680994622652,-13.983680994622652,0
adam,pretrained,331,-13.983683240547872,-13.983683240547872,0
adam,pretrained,332,-13.98368546422083,-13.98368546422083,0
adam,pretrained,333,-13.983687660791794,-13.983687660791794,0
adam,pretrained,334,-13.983689833886324,-13.983689833886324,0
adam,pretrained,335,-13.983691986759402,-13.983691986759402,0
adam,pretrained,336,-13.98369411653244,-13.98369411653244,0
adam,pretrained,337,-13.983696226088268,-13.983696226088268,0
adam,pretrained,338,-13.983698315986114,-13.983698315986114,0
adam,pretrained,339,-13.983700387544799,-13.983700387544799,0
adam,pretrained,340,-13.983702441549486,-13.983702441549486,0
adam,pretrained,341,-13.983704478869685,-13.983704478869685,0
adam,pretrained,342,-13.983706500617416,-13.983706500617416,0
adam,pretrained,343,-13.983708507246817,-13.983708507246817,0
adam,pretrained,344,-13.983710500824923,-13.983710500824923,0
adam,pretrained,345,-13.98371248092446,-13.98371248092446,0
adam,pretrained,346,-13.983714449008678,-13.983714449008678,0
adam,pretrained,347,-13.98371640636878,-13.98371640636878,0
adam,pretrained,348,-13.983718353145019,-13.983718353145019,0
adam,pretrained,349,-13.983720291412144,-13.983720291412144,0
adam,pretrained,350,-13.983722220689762,-13.983722220689762,0
adam,pretrained,351,-13.983724142681055,-13.983724142681055,0
adam,pretrained,352,-13.983726058098968,-13.983726058098968,0
adam,pretrained,353,-13.983727967813913,-13.983727967813913,0
adam,pretrained,354,-13.983729872972047,-13.983729872972047,0
adam,pretrained,355,-13.983731773831257,-13.983731773831257,0
adam,pretrained,356,-13.983733671938328,-13.983733671938328,0
adam,pretrained,357,-13.983735567751262,-13.983735567751262,0
adam,pretrained,358,-13.983737462316991,-13.983737462316991,0
adam,pretrained,359,-13.983739356428247,-13.983739356428247,0
adam,pretrained,360,-13.983741250903387,-13.983741250903387,0
adam,pretrained,361,-13.983743146720514,-13.983743146720514,0
adam,pretrained,362,-13.983745044713777,-13.983745044713777,0
adam,pretrained,363,-13.983746945780947,-13.983746945780947,0
adam,pretrained,364,-13.983748850736761,-13.983748850736761,0
adam,pretrained,365,-13.983750760421783,-13.983750760421783,0
adam,pretrained,366,-13.983752675809045,-13.983752675809045,0
adam,pretrained,367,-13.983754597716395,-13.983754597716395,0
adam,pretrained,368,-13.98375652705189,-13.98375652705189,0
adam,pretrained,369,-13.98375846470995,-13.98375846470995,0
adam,pretrained,370,-13.98376041155575,-13.98376041155575,0
adam,pretrained,371,-13.983762368551924,-13.983762368551924,0
adam,pretrained,372,-13.98376433661139,-13.98376433661139,0
adam,pretrained,373,-13.983766316603875,-13.983766316603875,0
adam,pretrained,374,-13.983768309476275,-13.983768309476275,0
adam,pretrained,375,-13.983770316233025,-13.983770316233025,0
adam,pretrained,376,-13.98377233774925,-13.98377233774925,0
adam,pretrained,377,-13.98377437504199,-13.98377437504199,0
adam,pretrained,378,-13.983776429077075,-13.983776429077075,0
adam,pretrained,379,-13.983778500866135,-13.983778500866135,0
adam,pretrained,380,-13.983780591426736,-13.983780591426736,0
adam,pretrained,381,-13.983782701769803,-13.983782701769803,0
adam,pretrained,382,-13.983784832957253,-13.983784832957253,0
adam,pretrained,383,-13.98378698604731,-13.98378698604731,0
adam,pretrained,384,-13.983789162123335,-13.983789162123335,0
adam,pretrained,385,-13.983791362290455,-13.983791362290455,0
adam,pretrained,386,-13.983793587689345,-13.983793587689345,0
adam,pretrained,387,-13.983795839465088,-13.983795839465088,0
adam,pretrained,388,-13.983798118802037,-13.983798118802037,0
adam,pretrained,389,-13.983800426898494,-13.983800426898494,0
adam,pretrained,390,-13.983802764985807,-13.983802764985807,0
adam,pretrained,391,-13.983805134323362,-13.983805134323362,0
adam,pretrained,392,-13.983807536193478,-13.983807536193478,0
adam,pretrained,393,-13.98380997192753,-13.98380997192753,0
adam,pretrained,394,-13.983812442868949,-13.983812442868949,0
adam,pretrained,395,-13.983814950411807,-13.983814950411807,0
adam,pretrained,396,-13.983817495975144,-13.983817495975144,0
adam,pretrained,397,-13.98382008101703,-13.98382008101703,0
adam,pretrained,398,-13.983822707041435,-13.983822707041435,0
adam,pretrained,399,-13.983825375580109,-13.983825375580109,0
adam,pretrained,400,-13.98382808821861,-13.98382808821861,0
adam,pretrained,401,-13.983830846578142,-13.983830846578142,0
adam,pretrained,402,-13.983833652332214,-13.983833652332214,0
adam,pretrained,403,-13.983836507195424,-13.983836507195424,0
adam,pretrained,404,-13.983839412939718,-13.983839412939718,0
adam,pretrained,405,-13.983842371386958,-13.983842371386958,0
adam,pretrained,406,-13.983845384414229,-13.983845384414229,0
adam,pretrained,407,-13.983848453951596,-13.983848453951596,0
adam,pretrained,408,-13.983851581988315,-13.983851581988315,0
adam,pretrained,409,-13.983854770578343,-13.983854770578343,0
adam,pretrained,410,-13.983858021836465,-13.983858021836465,0
adam,pretrained,411,-13.983861337949277,-13.983861337949277,0
adam,pretrained,412,-13.983864721170631,-13.983864721170631,0
adam,pretrained,413,-13.983868173823177,-13.983868173823177,0
adam,pretrained,414,-13.983871698305732,-13.983871698305732,0
adam,pretrained,415,-13.983875297096308,-13.983875297096308,0
adam,pretrained,416,-13.983878972754972,-13.983878972754972,0
adam,pretrained,417,-13.983882727926849,-13.983882727926849,0
adam,pretrained,418,-13.983886565347479,-13.983886565347479,0
adam,pretrained,419,-13.983890487843698,-13.983890487843698,0
adam,pretrained,420,-13.983894498335792,-13.983894498335792,0
adam,pretrained,421,-13.983898599845999,-13.983898599845999,0
adam,pretrained,422,-13.98390279550086,-13.98390279550086,0
adam,pretrained,423,-13.983907088538027,-13.983907088538027,0
adam,pretrained,424,-13.98391148230801,-13.98391148230801,0
adam,pretrained,425,-13.983915980278416,-13.983915980278416,0
adam,pretrained,426,-13.98392058604021,-13.98392058604021,0
adam,pretrained,427,-13.983925303312274,-13.983925303312274,0
adam,pretrained,428,-13.983930135945714,-13.983930135945714,0
adam,pretrained,429,-13.98393508792888,-13.98393508792888,0
adam,pretrained,430,-13.983940163388654,-13.983940163388654,0
adam,pretrained,431,-13.983945366591916,-13.983945366591916,0
adam,pretrained,432,-13.983950701933635,-13.983950701933635,0
adam,pretrained,433,-13.98395617391855,-13.98395617391855,0
adam,pretrained,434,-13.983961787084528,-13.983961787084528,0
adam,pretrained,435,-13.98396754586457,-13.98396754586457,0
adam,pretrained,436,-13.983973454185609,-13.983973454185609,0
adam,pretrained,437,-13.983979514626288,-13.983979514626288,0
adam,pretrained,438,-13.983985726242246,-13.983985726242246,0
adam,pretrained,439,-13.983992079529287,-13.983992079529287,0
adam,pretrained,440,-13.98399854364707,-13.98399854364707,0
adam,pretrained,441,-13.984005035151688,-13.984005035151688,0
adam,pretrained,442,-13.984011337711204,-13.984011337711204,0
adam,pretrained,443,-13.98401689790212,-13.98401689790212,0
adam,pretrained,444,-13.984020288014145,-13.984020288014145,0
adam,pretrained,445,-13.984017799133031,-13.984017799133031,0
adam,pretrained,446,-13.983999626753237,-13.983999626753237,0
adam,pretrained,447,-13.983939681923632,-13.983939681923632,0
adam,pretrained,448,-13.983767023292385,-13.983767023292385,0
adam,pretrained,449,-13.983289919990291,-13.983289919990291,0
adam,pretrained,450,-13.981978394267648,-13.981978394267648,0
adam,pretrained,451,-13.978456685037674,-13.978456685037674,0
adam,pretrained,452,-13.969273001300937,-13.969273001300937,0
adam,pretrained,453,-13.949045887111216,-13.949045887111216,0
adam,pretrained,454,-13.91748776616299,-13.91748776616299,0
adam,pretrained,455,-13.911177077065018,-13.911177077065018,0
adam,pretrained,456,-13.95318082897051,-13.95318082897051,0
adam,pretrained,457,-13.982485507681243,-13.982485507681243,0
adam,pretrained,458,-13.95615859998855,-13.95615859998855,0
adam,pretrained,459,-13.943972237586486,-13.943972237586486,0
adam,pretrained,460,-13.974658932007355,-13.974658932007355,0
adam,pretrained,461,-13.975622229961772,-13.975622229961772,0
adam,pretrained,462,-13.957087129898744,-13.957087129898744,0
adam,pretrained,463,-13.972839777528389,-13.972839777528389,0
adam,pretrained,464,-13.979900601838143,-13.979900601838143,0
adam,pretrained,465,-13.966420264684592,-13.966420264684592,0
adam,pretrained,466,-13.975558029694342,-13.975558029694342,0
adam,pretrained,467,-13.980973132717505,-13.980973132717505,0
adam,pretrained,468,-13.971846265395113,-13.971846265395113,0
adam,pretrained,469,-13.9789080275864,-13.9789080275864,0
adam,pretrained,470,-13.981153310148587,-13.981153310148587,0
adam,pretrained,471,-13.97513931164168,-13.97513931164168,0
adam,pretrained,472,-13.98172263105372,-13.98172263105372,0
adam,pretrained,473,-13.980705823489904,-13.980705823489904,0
adam,pretrained,474,-13.977947002692137,-13.977947002692137,0
adam,pretrained,475,-13.983174421304266,-13.983174421304266,0
adam,pretrained,476,-13.980107379248585,-13.980107379248585,0
adam,pretrained,477,-13.980122311231387,-13.980122311231387,0
adam,pretrained,478,-13.982687915650336,-13.982687915650336,0
adam,pretrained,479,-13.979160384442286,-13.979160384442286,0
adam,pretrained,480,-13.980002470542185,-13.980002470542185,0
adam,pretrained,481,-13.979698036582574,-13.979698036582574,0
adam,pretrained,482,-13.977345276445,-13.977345276445,0
adam,pretrained,483,-13.979904905691704,-13.979904905691704,0
adam,pretrained,484,-13.98122901375403,-13.98122901375403,0
adam,pretrained,485,-13.982460397630868,-13.982460397630868,0
adam,pretrained,486,-13.983909051518163,-13.983909051518163,0
adam,pretrained,487,-13.982279111168033,-13.982279111168033,0
adam,pretrained,488,-13.981644322995002,-13.981644322995002,0
adam,pretrained,489,-13.982620251821288,-13.982620251821288,0
adam,pretrained,490,-13.983197553205716,-13.983197553205716,0
adam,pretrained,491,-13.98407751427747,-13.98407751427747,0
adam,pretrained,492,-13.983862033122183,-13.983862033122183,0
adam,pretrained,493,-13.98288035451628,-13.98288035451628,0
adam,pretrained,494,-13.983614273165895,-13.983614273165895,0
adam,pretrained,495,-13.984215078643905,-13.984215078643905,0
adam,pretrained,496,-13.984275088638947,-13.984275088638947,0
adam,pretrained,497,-13.98439302453699,-13.98439302453699,0
adam,pretrained,498,-13.98388149402504,-13.98388149402504,0
adam,pretrained,499,-13.984196469980342,-13.984196469980342,0
adam,pretrained,500,-13.984815026979126,-13.984815026979126,0
adam,pretrained,501,-13.984677518908494,-13.984677518908494,0
adam,pretrained,502,-13.984659587810167,-13.984659587810167,0
adam,pretrained,503,-13.984589512596973,-13.984589512596973,0
adam,pretrained,504,-13.98473506034077,-13.98473506034077,0
adam,pretrained,505,-13.985133279784398,-13.985133279784398,0
adam,pretrained,506,-13.98508990262457,-13.98508990262457,0
adam,pretrained,507,-13.98502255544207,-13.98502255544207,0
adam,pretrained,508,-13.985076679567126,-13.985076679567126,0
adam,pretrained,509,-13.985192172005544,-13.985192172005544,0
adam,pretrained,510,-13.985423300616276,-13.985423300616276,0
adam,pretrained,511,-13.985475088093335,-13.985475088093335,0
adam,pretrained,512,-13.985442131321852,-13.985442131321852,0
adam,pretrained,513,-13.985489586257602,-13.985489586257602,0
adam,pretrained,514,-13.985584323651434,-13.985584323651434,0
adam,pretrained,515,-13.985729227287619,-13.985729227287619,0
adam,pretrained,516,-13.985844309855494,-13.985844309855494,0
adam,pretrained,517,-13.98589259165112,-13.98589259165112,0
adam,pretrained,518,-13.985935501404553,-13.985935501404553,0
adam,pretrained,519,-13.986013532718454,-13.986013532718454,0
adam,pretrained,520,-13.986086230678689,-13.986086230678689,0
adam,pretrained,521,-13.986139907405494,-13.986139907405494,0
adam,pretrained,522,-13.986204731502395,-13.986204731502395,0
adam,pretrained,523,-13.986223566375255,-13.986223566375255,0
adam,pretrained,524,-13.986197840266795,-13.986197840266795,0
adam,pretrained,525,-13.986113370781311,-13.986113370781311,0
adam,pretrained,526,-13.985760697338707,-13.985760697338707,0
adam,pretrained,527,-13.984856019477942,-13.984856019477942,0
adam,pretrained,528,-13.982804936998253,-13.982804936998253,0
adam,pretrained,529,-13.979188043350648,-13.979188043350648,0
adam,pretrained,530,-13.976522050584283,-13.976522050584283,0
adam,pretrained,531,-13.979215326672618,-13.979215326672618,0
adam,pretrained,532,-13.984826952541097,-13.984826952541097,0
adam,pretrained,533,-13.984598673927952,-13.984598673927952,0
adam,pretrained,534,-13.982586523638162,-13.982586523638162,0
adam,pretrained,535,-13.9849685545241,-13.9849685545241,0
adam,pretrained,536,-13.98525511892993,-13.98525511892993,0
adam,pretrained,537,-13.98387916078087,-13.98387916078087,0
adam,pretrained,538,-13.985591974387416,-13.985591974387416,0
adam,pretrained,539,-13.985911687318277,-13.985911687318277,0
adam,pretrained,540,-13.985757818072695,-13.985757818072695,0
adam,pretrained,541,-13.986783560459946,-13.986783560459946,0
adam,pretrained,542,-13.985926715161607,-13.985926715161607,0
adam,pretrained,543,-13.985981020851836,-13.985981020851836,0
adam,pretrained,544,-13.987542866146518,-13.987542866146518,0
adam,pretrained,545,-13.9871451567248,-13.9871451567248,0
adam,pretrained,546,-13.986904518382367,-13.986904518382367,0
adam,pretrained,547,-13.987605512142306,-13.987605512142306,0
adam,pretrained,548,-13.987222367698068,-13.987222367698068,0
adam,pretrained,549,-13.987285458133645,-13.987285458133645,0
adam,pretrained,550,-13.988295788952401,-13.988295788952401,0
adam,pretrained,551,-13.98831011615018,-13.98831011615018,0
adam,pretrained,552,-13.987939282979058,-13.987939282979058,0
adam,pretrained,553,-13.98827901584837,-13.98827901584837,0
adam,pretrained,554,-13.988415833695434,-13.988415833695434,0
adam,pretrained,555,-13.988210499181124,-13.988210499181124,0
adam,pretrained,556,-13.988483235553144,-13.988483235553144,0
adam,pretrained,557,-13.988925082894145,-13.988925082894145,0
adam,pretrained,558,-13.988994034549425,-13.988994034549425,0
adam,pretrained,559,-13.989036998075084,-13.989036998075084,0
adam,pretrained,560,-13.98930006724679,-13.98930006724679,0
adam,pretrained,561,-13.989540461949396,-13.989540461949396,0
adam,pretrained,562,-13.989601663385422,-13.989601663385422,0
adam,pretrained,563,-13.989655517350158,-13.989655517350158,0
adam,pretrained,564,-13.989810144368102,-13.989810144368102,0
adam,pretrained,565,-13.989950131393286,-13.989950131393286,0
adam,pretrained,566,-13.990005329485747,-13.990005329485747,0
adam,pretrained,567,-13.990077416468942,-13.990077416468942,0
adam,pretrained,568,-13.99024003910662,-13.99024003910662,0
adam,pretrained,569,-13.9903432415327,-13.9903432415327,0
adam,pretrained,570,-13.990241562824922,-13.990241562824922,0
adam,pretrained,571,-13.989903765825742,-13.989903765825742,0
adam,pretrained,572,-13.989002785260837,-13.989002785260837,0
adam,pretrained,573,-13.986649135137592,-13.986649135137592,0
adam,pretrained,574,-13.980437642526828,-13.980437642526828,0
adam,pretrained,575,-13.972522806692423,-13.972522806692423,0
adam,pretrained,576,-13.966733539837207,-13.966733539837207,0
adam,pretrained,577,-13.977938443802701,-13.977938443802701,0
adam,pretrained,578,-13.984581916246876,-13.984581916246876,0
adam,pretrained,579,-13.984346750143343,-13.984346750143343,0
adam,pretrained,580,-13.98536513581276,-13.98536513581276,0
adam,pretrained,581,-13.982660105716175,-13.982660105716175,0
adam,pretrained,582,-13.985357849184714,-13.985357849184714,0
adam,pretrained,583,-13.987629140442445,-13.987629140442445,0
adam,pretrained,584,-13.985357980213971,-13.985357980213971,0
adam,pretrained,585,-13.987649580244568,-13.987649580244568,0
adam,pretrained,586,-13.987915472684918,-13.987915472684918,0
adam,pretrained,587,-13.988021577775164,-13.988021577775164,0
adam,pretrained,588,-13.987818659286608,-13.987818659286608,0
adam,pretrained,589,-13.987822490572455,-13.987822490572455,0
adam,pretrained,590,-13.989602978390147,-13.989602978390147,0
adam,pretrained,591,-13.989121732189236,-13.989121732189236,0
adam,pretrained,592,-13.989447834597335,-13.989447834597335,0
adam,pretrained,593,-13.989116145137162,-13.989116145137162,0
adam,pretrained,594,-13.989572446853561,-13.989572446853561,0
adam,pretrained,595,-13.99026475308863,-13.99026475308863,0
adam,pretrained,596,-13.990179062142007,-13.990179062142007,0
adam,pretrained,597,-13.990369499006315,-13.990369499006315,0
adam,pretrained,598,-13.990512821617749,-13.990512821617749,0
adam,pretrained,599,-13.990651908263338,-13.990651908263338,0
adam,pretrained,600,-13.990426450472691,-13.990426450472691,0
adam,pretrained,601,-13.99094323177599,-13.99094323177599,0
adam,pretrained,602,-13.991236852680354,-13.991236852680354,0
adam,pretrained,603,-13.99117234488291,-13.99117234488291,0
adam,pretrained,604,-13.990968436182278,-13.990968436182278,0
adam,pretrained,605,-13.991181678984029,-13.991181678984029,0
adam,pretrained,606,-13.991455167623622,-13.991455167623622,0
adam,pretrained,607,-13.991395516156935,-13.991395516156935,0
adam,pretrained,608,-13.99156434512852,-13.99156434512852,0
adam,pretrained,609,-13.991560897186401,-13.991560897186401,0
adam,pretrained,610,-13.991708148451966,-13.991708148451966,0
adam,pretrained,611,-13.991628130362974,-13.991628130362974,0
adam,pretrained,612,-13.99165923014173,-13.99165923014173,0
adam,pretrained,613,-13.991829858536837,-13.991829858536837,0
adam,pretrained,614,-13.991843877942244,-13.991843877942244,0
adam,pretrained,615,-13.99193252026289,-13.99193252026289,0
adam,pretrained,616,-13.991899570251384,-13.991899570251384,0
adam,pretrained,617,-13.991923072449769,-13.991923072449769,0
adam,pretrained,618,-13.991930870205417,-13.991930870205417,0
adam,pretrained,619,-13.991999770810517,-13.991999770810517,0
adam,pretrained,620,-13.99208764388131,-13.99208764388131,0
adam,pretrained,621,-13.992039892267579,-13.992039892267579,0
adam,pretrained,622,-13.992072453276457,-13.992072453276457,0
adam,pretrained,623,-13.992116755674322,-13.992116755674322,0
adam,pretrained,624,-13.992147251712154,-13.992147251712154,0
adam,pretrained,625,-13.992143769172998,-13.992143769172998,0
adam,pretrained,626,-13.99211891985278,-13.99211891985278,0
adam,pretrained,627,-13.99217598660695,-13.99217598660695,0
adam,pretrained,628,-13.992220782873433,-13.992220782873433,0
adam,pretrained,629,-13.992229432920254,-13.992229432920254,0
adam,pretrained,630,-13.992223358424738,-13.992223358424738,0
adam,pretrained,631,-13.992234105404272,-13.992234105404272,0
adam,pretrained,632,-13.99226172756691,-13.99226172756691,0
adam,pretrained,633,-13.992258727840515,-13.992258727840515,0
adam,pretrained,634,-13.992261393038447,-13.992261393038447,0
adam,pretrained,635,-13.992283800095715,-13.992283800095715,0
adam,pretrained,636,-13.992301706783604,-13.992301706783604,0
adam,pretrained,637,-13.992308210855558,-13.992308210855558,0
adam,pretrained,638,-13.99231070140813,-13.99231070140813,0
adam,pretrained,639,-13.992322497156904,-13.992322497156904,0
adam,pretrained,640,-13.992334436361565,-13.992334436361565,0
adam,pretrained,641,-13.992336979073517,-13.992336979073517,0
adam,pretrained,642,-13.99233737060906,-13.99233737060906,0
adam,pretrained,643,-13.992343530359287,-13.992343530359287,0
adam,pretrained,644,-13.99235525172301,-13.99235525172301,0
adam,pretrained,645,-13.992361344875741,-13.992361344875741,0
adam,pretrained,646,-13.9923613565172,-13.9923613565172,0
adam,pretrained,647,-13.992366947630925,-13.992366947630925,0
adam,pretrained,648,-13.992377681634085,-13.992377681634085,0
adam,pretrained,649,-13.992385312681984,-13.992385312681984,0
adam,pretrained,650,-13.992387641136679,-13.992387641136679,0
adam,pretrained,651,-13.992388753697425,-13.992388753697425,0
adam,pretrained,652,-13.992393150528295,-13.992393150528295,0
adam,pretrained,653,-13.9923987778821,-13.9923987778821,0
adam,pretrained,654,-13.992401685853048,-13.992401685853048,0
adam,pretrained,655,-13.992403964643838,-13.992403964643838,0
adam,pretrained,656,-13.992406014801086,-13.992406014801086,0
adam,pretrained,657,-13.99240930763463,-13.99240930763463,0
adam,pretrained,658,-13.992413605389446,-13.992413605389446,0
adam,pretrained,659,-13.992415545164768,-13.992415545164768,0
adam,pretrained,660,-13.992417273705195,-13.992417273705195,0
adam,pretrained,661,-13.992419098755136,-13.992419098755136,0
adam,pretrained,662,-13.99242007362169,-13.99242007362169,0
adam,pretrained,663,-13.99242110001356,-13.99242110001356,0
adam,pretrained,664,-13.99242074787547,-13.99242074787547,0
adam,pretrained,665,-13.992419444684774,-13.992419444684774,0
adam,pretrained,666,-13.99241669272789,-13.99241669272789,0
adam,pretrained,667,-13.992409806503952,-13.992409806503952,0
adam,pretrained,668,-13.992398264920299,-13.992398264920299,0
adam,pretrained,669,-13.99237898370657,-13.99237898370657,0
adam,pretrained,670,-13.992345577107168,-13.992345577107168,0
adam,pretrained,671,-13.99228973624401,-13.99228973624401,0
adam,pretrained,672,-13.992192309427214,-13.992192309427214,0
adam,pretrained,673,-13.992025821905699,-13.992025821905699,0
adam,pretrained,674,-13.991732632103842,-13.991732632103842,0
adam,pretrained,675,-13.991233073970925,-13.991233073970925,0
adam,pretrained,676,-13.990349587761143,-13.990349587761143,0
adam,pretrained,677,-13.98891586236053,-13.98891586236053,0
adam,pretrained,678,-13.986543650901238,-13.986543650901238,0
adam,pretrained,679,-13.983395802966387,-13.983395802966387,0
adam,pretrained,680,-13.979529725851378,-13.979529725851378,0
adam,pretrained,681,-13.97739063647587,-13.97739063647587,0
adam,pretrained,682,-13.978090870317827,-13.978090870317827,0
adam,pretrained,683,-13.982760062474199,-13.982760062474199,0
adam,pretrained,684,-13.987963617802079,-13.987963617802079,0
adam,pretrained,685,-13.990543088572949,-13.990543088572949,0
adam,pretrained,686,-13.989702160041043,-13.989702160041043,0
adam,pretrained,687,-13.98794252523727,-13.98794252523727,0
adam,pretrained,688,-13.987511194093077,-13.987511194093077,0
adam,pretrained,689,-13.98868923680039,-13.98868923680039,0
adam,pretrained,690,-13.990130921256293,-13.990130921256293,0
adam,pretrained,691,-13.99069779507197,-13.99069779507197,0
adam,pretrained,692,-13.99064569553859,-13.99064569553859,0
adam,pretrained,693,-13.990298237716338,-13.990298237716338,0
adam,pretrained,694,-13.990121949511622,-13.990121949511622,0
adam,pretrained,695,-13.990276078078425,-13.990276078078425,0
adam,pretrained,696,-13.990831809606407,-13.990831809606407,0
adam,pretrained,697,-13.991613485818752,-13.991613485818752,0
adam,pretrained,698,-13.991824355856195,-13.991824355856195,0
adam,pretrained,699,-13.991387000017024,-13.991387000017024,0
adam,pretrained,700,-13.990987308922351,-13.990987308922351,0
adam,pretrained,701,-13.99125590115664,-13.99125590115664,0
adam,pretrained,702,-13.99199869031757,-13.99199869031757,0
adam,pretrained,703,-13.992307698406178,-13.992307698406178,0
adam,pretrained,704,-13.991930505063042,-13.991930505063042,0
adam,pretrained,705,-13.99148572372613,-13.99148572372613,0
adam,pretrained,706,-13.99156805599665,-13.99156805599665,0
adam,pretrained,707,-13.992065724886324,-13.992065724886324,0
adam,pretrained,708,-13.99233608136875,-13.99233608136875,0
adam,pretrained,709,-13.992148331428316,-13.992148331428316,0
adam,pretrained,710,-13.99188772373255,-13.99188772373255,0
adam,pretrained,711,-13.991923304359103,-13.991923304359103,0
adam,pretrained,712,-13.992203679057857,-13.992203679057857,0
adam,pretrained,713,-13.992365171527938,-13.992365171527938,0
adam,pretrained,714,-13.992286476044258,-13.992286476044258,0
adam,pretrained,715,-13.99216847876771,-13.99216847876771,0
adam,pretrained,716,-13.992190253342816,-13.992190253342816,0
adam,pretrained,717,-13.992325680901065,-13.992325680901065,0
adam,pretrained,718,-13.992399761820213,-13.992399761820213,0
adam,pretrained,719,-13.992359131483258,-13.992359131483258,0
adam,pretrained,720,-13.992299642170389,-13.992299642170389,0
adam,pretrained,721,-13.992309093681923,-13.992309093681923,0
adam,pretrained,722,-13.992382058216899,-13.992382058216899,0
adam,pretrained,723,-13.992436620871766,-13.992436620871766,0
adam,pretrained,724,-13.99243367160453,-13.99243367160453,0
adam,pretrained,725,-13.99239908076214,-13.99239908076214,0
adam,pretrained,726,-13.992378753448763,-13.992378753448763,0
adam,pretrained,727,-13.992393305121997,-13.992393305121997,0
adam,pretrained,728,-13.992423815705243,-13.992423815705243,0
adam,pretrained,729,-13.992446673022268,-13.992446673022268,0
adam,pretrained,730,-13.992452029163502,-13.992452029163502,0
adam,pretrained,731,-13.992445735690879,-13.992445735690879,0
adam,pretrained,732,-13.992438749402368,-13.992438749402368,0
adam,pretrained,733,-13.992437692623191,-13.992437692623191,0
adam,pretrained,734,-13.992443955981505,-13.992443955981505,0
adam,pretrained,735,-13.992453249696537,-13.992453249696537,0
adam,pretrained,736,-13.992458737478607,-13.992458737478607,0
adam,pretrained,737,-13.992454908364019,-13.992454908364019,0
adam,pretrained,738,-13.99244076239879,-13.99244076239879,0
adam,pretrained,739,-13.992418416999923,-13.992418416999923,0
adam,pretrained,740,-13.992387716298284,-13.992387716298284,0
adam,pretrained,741,-13.992336904819872,-13.992336904819872,0
adam,pretrained,742,-13.99224182500099,-13.99224182500099,0
adam,pretrained,743,-13.992055519387186,-13.992055519387186,0
adam,pretrained,744,-13.991717606877199,-13.991717606877199,0
adam,pretrained,745,-13.991091226778916,-13.991091226778916,0
adam,pretrained,746,-13.990033273306604,-13.990033273306604,0
adam,pretrained,747,-13.988140411555772,-13.988140411555772,0
adam,pretrained,748,-13.985443738739356,-13.985443738739356,0
adam,pretrained,749,-13.981520375946427,-13.981520375946427,0
adam,pretrained,750,-13.978974846107038,-13.978974846107038,0
adam,pretrained,751,-13.97853471108219,-13.97853471108219,0
adam,pretrained,752,-13.983312719689005,-13.983312719689005,0
adam,pretrained,753,-13.988486926864386,-13.988486926864386,0
adam,pretrained,754,-13.990120666105337,-13.990120666105337,0
adam,pretrained,755,-13.988148058710019,-13.988148058710019,0
adam,pretrained,756,-13.986391737401462,-13.986391737401462,0
adam,pretrained,757,-13.98748445385365,-13.98748445385365,0
adam,pretrained,758,-13.988196572529464,-13.988196572529464,0
adam,pretrained,759,-13.986388755656572,-13.986388755656572,0
adam,pretrained,760,-13.984274481390536,-13.984274481390536,0
adam,pretrained,761,-13.983983566882625,-13.983983566882625,0
adam,pretrained,762,-13.983557916549186,-13.983557916549186,0
adam,pretrained,763,-13.981121892769446,-13.981121892769446,0
adam,pretrained,764,-13.97877967254157,-13.97877967254157,0
adam,pretrained,765,-13.97999531018298,-13.97999531018298,0
adam,pretrained,766,-13.982695175580352,-13.982695175580352,0
adam,pretrained,767,-13.985421644903132,-13.985421644903132,0
adam,pretrained,768,-13.98798917153684,-13.98798917153684,0
adam,pretrained,769,-13.99059720909738,-13.99059720909738,0
adam,pretrained,770,-13.991538199431888,-13.991538199431888,0
adam,pretrained,771,-13.990616229759143,-13.990616229759143,0
adam,pretrained,772,-13.989548360430783,-13.989548360430783,0
adam,pretrained,773,-13.989178690186924,-13.989178690186924,0
adam,pretrained,774,-13.989061188538155,-13.989061188538155,0
adam,pretrained,775,-13.989308808082399,-13.989308808082399,0
adam,pretrained,776,-13.99043357124339,-13.99043357124339,0
adam,pretrained,777,-13.991542313808552,-13.991542313808552,0
adam,pretrained,778,-13.991779159453321,-13.991779159453321,0
adam,pretrained,779,-13.99142352180027,-13.99142352180027,0
adam,pretrained,780,-13.991117497395294,-13.991117497395294,0
adam,pretrained,781,-13.990971889758914,-13.990971889758914,0
adam,pretrained,782,-13.99100587636026,-13.99100587636026,0
adam,pretrained,783,-13.991423710991798,-13.991423710991798,0
adam,pretrained,784,-13.991965646120445,-13.991965646120445,0
adam,pretrained,785,-13.992165328249786,-13.992165328249786,0
adam,pretrained,786,-13.99200159991757,-13.99200159991757,0
adam,pretrained,787,-13.9918071921637,-13.9918071921637,0
adam,pretrained,788,-13.991720873094984,-13.991720873094984,0
adam,pretrained,789,-13.991749058010573,-13.991749058010573,0
adam,pretrained,790,-13.991917425650636,-13.991917425650636,0
adam,pretrained,791,-13.992162606320143,-13.992162606320143,0
adam,pretrained,792,-13.992313738719504,-13.992313738719504,0
adam,pretrained,793,-13.992289818402105,-13.992289818402105,0
adam,pretrained,794,-13.992185369788114,-13.992185369788114,0
adam,pretrained,795,-13.992093206079993,-13.992093206079993,0
adam,pretrained,796,-13.992046994655247,-13.992046994655247,0
adam,pretrained,797,-13.992071972127365,-13.992071972127365,0
adam,pretrained,798,-13.992183343729183,-13.992183343729183,0
adam,pretrained,799,-13.992319049839486,-13.992319049839486,0
adam,pretrained,800,-13.992414630774762,-13.992414630774762,0
adam,pretrained,801,-13.992452242435297,-13.992452242435297,0
adam,pretrained,802,-13.992444337146848,-13.992444337146848,0
adam,pretrained,803,-13.992402508089372,-13.992402508089372,0
adam,pretrained,804,-13.992351420614893,-13.992351420614893,0
adam,pretrained,805,-13.992325437910191,-13.992325437910191,0
adam,pretrained,806,-13.992333707031428,-13.992333707031428,0
adam,pretrained,807,-13.99236044879401,-13.99236044879401,0
adam,pretrained,808,-13.992389803114722,-13.992389803114722,0
adam,pretrained,809,-13.992416727655206,-13.992416727655206,0
adam,pretrained,810,-13.992430327724309,-13.992430327724309,0
adam,pretrained,811,-13.992424541655673,-13.992424541655673,0
adam,pretrained,812,-13.992405642552635,-13.992405642552635,0
adam,pretrained,813,-13.992385968980456,-13.992385968980456,0
adam,pretrained,814,-13.992366656073902,-13.992366656073902,0
adam,pretrained,815,-13.992344236109043,-13.992344236109043,0
adam,pretrained,816,-13.992317220084196,-13.992317220084196,0
adam,pretrained,817,-13.992284004253518,-13.992284004253518,0
adam,pretrained,818,-13.992228987886383,-13.992228987886383,0
adam,pretrained,819,-13.9921336919956,-13.9921336919956,0
adam,pretrained,820,-13.991968842082166,-13.991968842082166,0
adam,pretrained,821,-13.991698972781231,-13.991698972781231,0
adam,pretrained,822,-13.991251146304144,-13.991251146304144,0
adam,pretrained,823,-13.990512708475723,-13.990512708475723,0
adam,pretrained,824,-13.98932564900191,-13.98932564900191,0
adam,pretrained,825,-13.987436706522656,-13.987436706522656,0
adam,pretrained,826,-13.984630151407051,-13.984630151407051,0
adam,pretrained,827,-13.980669050932827,-13.980669050932827,0
adam,pretrained,828,-13.976064401879382,-13.976064401879382,0
adam,pretrained,829,-13.971968039328495,-13.971968039328495,0
adam,pretrained,830,-13.970694118528334,-13.970694118528334,0
adam,pretrained,831,-13.974084953162965,-13.974084953162965,0
adam,pretrained,832,-13.980216614338808,-13.980216614338808,0
adam,pretrained,833,-13.986410354261032,-13.986410354261032,0
adam,pretrained,834,-13.98912068049395,-13.98912068049395,0
adam,pretrained,835,-13.988512222735068,-13.988512222735068,0
adam,pretrained,836,-13.986628844426798,-13.986628844426798,0
adam,pretrained,837,-13.986050539475121,-13.986050539475121,0
adam,pretrained,838,-13.98697394739487,-13.98697394739487,0
adam,pretrained,839,-13.988598602167585,-13.988598602167585,0
adam,pretrained,840,-13.98984397782595,-13.98984397782595,0
adam,pretrained,841,-13.990413518856379,-13.990413518856379,0
adam,pretrained,842,-13.990383587840297,-13.990383587840297,0
adam,pretrained,843,-13.989943411587708,-13.989943411587708,0
adam,pretrained,844,-13.98950815991448,-13.98950815991448,0
adam,pretrained,845,-13.98953996494123,-13.98953996494123,0
adam,pretrained,846,-13.99027290274306,-13.99027290274306,0
adam,pretrained,847,-13.991132897225672,-13.991132897225672,0
adam,pretrained,848,-13.991462585370655,-13.991462585370655,0
adam,pretrained,849,-13.991111529047409,-13.991111529047409,0
adam,pretrained,850,-13.990696706702874,-13.990696706702874,0
adam,pretrained,851,-13.990805982724467,-13.990805982724467,0
adam,pretrained,852,-13.991322668283198,-13.991322668283198,0
adam,pretrained,853,-13.991675164717257,-13.991675164717257,0
adam,pretrained,854,-13.991616458669666,-13.991616458669666,0
adam,pretrained,855,-13.991346676445541,-13.991346676445541,0
adam,pretrained,856,-13.9912532231859,-13.9912532231859,0
adam,pretrained,857,-13.991339885121306,-13.991339885121306,0
adam,pretrained,858,-13.991421603637919,-13.991421603637919,0
adam,pretrained,859,-13.991330038188005,-13.991330038188005,0
adam,pretrained,860,-13.991164212180998,-13.991164212180998,0
adam,pretrained,861,-13.990987014571395,-13.990987014571395,0
adam,pretrained,862,-13.990834258410738,-13.990834258410738,0
adam,pretrained,863,-13.990572801312732,-13.990572801312732,0
adam,pretrained,864,-13.99029132270986,-13.99029132270986,0
adam,pretrained,865,-13.989984802099674,-13.989984802099674,0
adam,pretrained,866,-13.989885403769309,-13.989885403769309,0
adam,pretrained,867,-13.989847900066504,-13.989847900066504,0
adam,pretrained,868,-13.989999221657898,-13.989999221657898,0
adam,pretrained,869,-13.990158799808597,-13.990158799808597,0
adam,pretrained,870,-13.990484242089579,-13.990484242089579,0
adam,pretrained,871,-13.990848558703307,-13.990848558703307,0
adam,pretrained,872,-13.991271591197519,-13.991271591197519,0
adam,pretrained,873,-13.991588616482181,-13.991588616482181,0
adam,pretrained,874,-13.991721005532963,-13.991721005532963,0
adam,pretrained,875,-13.991606074923798,-13.991606074923798,0
adam,pretrained,876,-13.991280464387529,-13.991280464387529,0
adam,pretrained,877,-13.990812442038003,-13.990812442038003,0
adam,pretrained,878,-13.9902809234841,-13.9902809234841,0
adam,pretrained,879,-13.989717022235375,-13.989717022235375,0
adam,pretrained,880,-13.989081262418425,-13.989081262418425,0
adam,pretrained,881,-13.988304441371403,-13.988304441371403,0
adam,pretrained,882,-13.987365056189812,-13.987365056189812,0
adam,pretrained,883,-13.986226649912904,-13.986226649912904,0
adam,pretrained,884,-13.985150549378256,-13.985150549378256,0
adam,pretrained,885,-13.984177236680523,-13.984177236680523,0
adam,pretrained,886,-13.983856150110762,-13.983856150110762,0
adam,pretrained,887,-13.984122957517876,-13.984122957517876,0
adam,pretrained,888,-13.985371994847071,-13.985371994847071,0
adam,pretrained,889,-13.987130919721418,-13.987130919721418,0
adam,pretrained,890,-13.98914607837098,-13.98914607837098,0
adam,pretrained,891,-13.990741911103628,-13.990741911103628,0
adam,pretrained,892,-13.991621383891603,-13.991621383891603,0
adam,pretrained,893,-13.991672031816458,-13.991672031816458,0
adam,pretrained,894,-13.991209404580722,-13.991209404580722,0
adam,pretrained,895,-13.990598078834987,-13.990598078834987,0
adam,pretrained,896,-13.99024757058892,-13.99024757058892,0
adam,pretrained,897,-13.990327697946242,-13.990327697946242,0
adam,pretrained,898,-13.990765892105333,-13.990765892105333,0
adam,pretrained,899,-13.991368241412413,-13.991368241412413,0
adam,pretrained,900,-13.991861535238023,-13.991861535238023,0
adam,pretrained,901,-13.992105358684277,-13.992105358684277,0
adam,pretrained,902,-13.992073928570207,-13.992073928570207,0
adam,pretrained,903,-13.991885258881283,-13.991885258881283,0
adam,pretrained,904,-13.99166869128931,-13.99166869128931,0
adam,pretrained,905,-13.991571041804084,-13.991571041804084,0
adam,pretrained,906,-13.991617127177351,-13.991617127177351,0
adam,pretrained,907,-13.991792157466534,-13.991792157466534,0
adam,pretrained,908,-13.992015465793479,-13.992015465793479,0
adam,pretrained,909,-13.992207611627714,-13.992207611627714,0
adam,pretrained,910,-13.992324813198495,-13.992324813198495,0
adam,pretrained,911,-13.992357428265331,-13.992357428265331,0
adam,pretrained,912,-13.99233153242425,-13.99233153242425,0
adam,pretrained,913,-13.992279185610517,-13.992279185610517,0
adam,pretrained,914,-13.992236012499962,-13.992236012499962,0
adam,pretrained,915,-13.99221047326931,-13.99221047326931,0
adam,pretrained,916,-13.992212348917153,-13.992212348917153,0
adam,pretrained,917,-13.992230379981617,-13.992230379981617,0
adam,pretrained,918,-13.992260483516663,-13.992260483516663,0
adam,pretrained,919,-13.992296081619337,-13.992296081619337,0
adam,pretrained,920,-13.992333631544009,-13.992333631544009,0
adam,pretrained,921,-13.992370216762218,-13.992370216762218,0
adam,pretrained,922,-13.9924021617625,-13.9924021617625,0
adam,pretrained,923,-13.992425641601978,-13.992425641601978,0
adam,pretrained,924,-13.992437127083917,-13.992437127083917,0
adam,pretrained,925,-13.99243557651799,-13.99243557651799,0
adam,pretrained,926,-13.992421083269535,-13.992421083269535,0
adam,pretrained,927,-13.992396445512647,-13.992396445512647,0
adam,pretrained,928,-13.992364171624368,-13.992364171624368,0
adam,pretrained,929,-13.99232624709508,-13.99232624709508,0
adam,pretrained,930,-13.992283634208643,-13.992283634208643,0
adam,pretrained,931,-13.99223369213438,-13.99223369213438,0
adam,pretrained,932,-13.99217355448079,-13.99217355448079,0
adam,pretrained,933,-13.992093050775186,-13.992093050775186,0
adam,pretrained,934,-13.991984492661686,-13.991984492661686,0
adam,pretrained,935,-13.991825442033553,-13.991825442033553,0
adam,pretrained,936,-13.991603576075503,-13.991603576075503,0
adam,pretrained,937,-13.99127531970322,-13.99127531970322,0
adam,pretrained,938,-13.990831257462908,-13.990831257462908,0
adam,pretrained,939,-13.990196772947577,-13.990196772947577,0
adam,pretrained,940,-13.98941087766347,-13.98941087766347,0
adam,pretrained,941,-13.988384448253084,-13.988384448253084,0
adam,pretrained,942,-13.987357563227746,-13.987357563227746,0
adam,pretrained,943,-13.986308889185528,-13.986308889185528,0
adam,pretrained,944,-13.985843790955448,-13.985843790955448,0
adam,pretrained,945,-13.985924744332422,-13.985924744332422,0
adam,pretrained,946,-13.986994551956153,-13.986994551956153,0
adam,pretrained,947,-13.988421711292059,-13.988421711292059,0
adam,pretrained,948,-13.989766653954852,-13.989766653954852,0
adam,pretrained,949,-13.990289162805356,-13.990289162805356,0
adam,pretrained,950,-13.989930752670418,-13.989930752670418,0
adam,pretrained,951,-13.989183416406823,-13.989183416406823,0
adam,pretrained,952,-13.98870598527723,-13.98870598527723,0
adam,pretrained,953,-13.988965585505774,-13.988965585505774,0
adam,pretrained,954,-13.989760535209628,-13.989760535209628,0
adam,pretrained,955,-13.990441453046587,-13.990441453046587,0
adam,pretrained,956,-13.990670433332337,-13.990670433332337,0
adam,pretrained,957,-13.990411473850866,-13.990411473850866,0
adam,pretrained,958,-13.990143078913494,-13.990143078913494,0
adam,pretrained,959,-13.990100525769806,-13.990100525769806,0
adam,pretrained,960,-13.990288066534855,-13.990288066534855,0
adam,pretrained,961,-13.990364842501942,-13.990364842501942,0
adam,pretrained,962,-13.99015528635718,-13.99015528635718,0
adam,pretrained,963,-13.989773677672382,-13.989773677672382,0
adam,pretrained,964,-13.989411477735244,-13.989411477735244,0
adam,pretrained,965,-13.989185759750367,-13.989185759750367,0
adam,pretrained,966,-13.98882112797224,-13.98882112797224,0
adam,pretrained,967,-13.988144264902308,-13.988144264902308,0
adam,pretrained,968,-13.986939231989785,-13.986939231989785,0
adam,pretrained,969,-13.985533853587315,-13.985533853587315,0
adam,pretrained,970,-13.983842053874628,-13.983842053874628,0
adam,pretrained,971,-13.982461512909914,-13.982461512909914,0
adam,pretrained,972,-13.980764822681579,-13.980764822681579,0
adam,pretrained,973,-13.979703181791564,-13.979703181791564,0
adam,pretrained,974,-13.978557359670535,-13.978557359670535,0
adam,pretrained,975,-13.978871375561898,-13.978871375561898,0
adam,pretrained,976,-13.980146760762848,-13.980146760762848,0
adam,pretrained,977,-13.982940825016243,-13.982940825016243,0
adam,pretrained,978,-13.985841070380372,-13.985841070380372,0
adam,pretrained,979,-13.98797382267075,-13.98797382267075,0
adam,pretrained,980,-13.98835569811219,-13.98835569811219,0
adam,pretrained,981,-13.987545634869388,-13.987545634869388,0
adam,pretrained,982,-13.986518513423281,-13.986518513423281,0
adam,pretrained,983,-13.986413740720838,-13.986413740720838,0
adam,pretrained,984,-13.98766879704962,-13.98766879704962,0
adam,pretrained,985,-13.989375102033407,-13.989375102033407,0
adam,pretrained,986,-13.99072957620279,-13.99072957620279,0
adam,pretrained,987,-13.991177352742625,-13.991177352742625,0
adam,pretrained,988,-13.9909793405801,-13.9909793405801,0
adam,pretrained,989,-13.990588599635732,-13.990588599635732,0
adam,pretrained,990,-13.990346808867386,-13.990346808867386,0
adam,pretrained,991,-13.99031619283194,-13.99031619283194,0
adam,pretrained,992,-13.99040569902724,-13.99040569902724,0
adam,pretrained,993,-13.990645132705954,-13.990645132705954,0
adam,pretrained,994,-13.991040660269428,-13.991040660269428,0
adam,pretrained,995,-13.991534107545158,-13.991534107545158,0
adam,pretrained,996,-13.99193969136949,-13.99193969136949,0
adam,pretrained,997,-13.99206370658011,-13.99206370658011,0
adam,pretrained,998,-13.991901663296893,-13.991901663296893,0
adam,pretrained,999,-13.99163629867497,-13.99163629867497,0
adam,pretrained,1000,-13.99149623028722,-13.99149623028722,0
adam,pretrained,1001,-13.99157126517252,-13.99157126517252,0
adam,pretrained,1002,-13.991784150295757,-13.991784150295757,0
adam,pretrained,1003,-13.991985867538704,-13.991985867538704,0
adam,pretrained,1004,-13.992080366736001,-13.992080366736001,0
adam,pretrained,1005,-13.992085605200373,-13.992085605200373,0
adam,pretrained,1006,-13.992073676299725,-13.992073676299725,0
adam,pretrained,1007,-13.99212022587181,-13.99212022587181,0
adam,pretrained,1008,-13.992217992484258,-13.992217992484258,0
adam,pretrained,1009,-13.992320667884794,-13.992320667884794,0
adam,pretrained,1010,-13.992377429018832,-13.992377429018832,0
adam,pretrained,1011,-13.99237678352349,-13.99237678352349,0
adam,pretrained,1012,-13.99234533200748,-13.99234533200748,0
adam,pretrained,1013,-13.992315930299485,-13.992315930299485,0
adam,pretrained,1014,-13.992309426208204,-13.992309426208204,0
adam,pretrained,1015,-13.992313449114636,-13.992313449114636,0
adam,pretrained,1016,-13.992320095663077,-13.992320095663077,0
adam,pretrained,1017,-13.992308325293132,-13.992308325293132,0
adam,pretrained,1018,-13.99228777592169,-13.99228777592169,0
adam,pretrained,1019,-13.992267466265034,-13.992267466265034,0
adam,pretrained,1020,-13.992261568033776,-13.992261568033776,0
adam,pretrained,1021,-13.992273084098926,-13.992273084098926,0
adam,pretrained,1022,-13.992294786371426,-13.992294786371426,0
adam,pretrained,1023,-13.992315875125355,-13.992315875125355,0
adam,pretrained,1024,-13.99232876992048,-13.99232876992048,0
adam,pretrained,1025,-13.992331691278988,-13.992331691278988,0
adam,pretrained,1026,-13.99232874267751,-13.99232874267751,0
adam,pretrained,1027,-13.992320279621165,-13.992320279621165,0
adam,pretrained,1028,-13.992309544020866,-13.992309544020866,0
adam,pretrained,1029,-13.992289089146281,-13.992289089146281,0
adam,pretrained,1030,-13.992260872425053,-13.992260872425053,0
adam,pretrained,1031,-13.992215969582686,-13.992215969582686,0
adam,pretrained,1032,-13.992159549884612,-13.992159549884612,0
adam,pretrained,1033,-13.992081699328589,-13.992081699328589,0
adam,pretrained,1034,-13.991985025067647,-13.991985025067647,0
adam,pretrained,1035,-13.991854262199313,-13.991854262199313,0
adam,pretrained,1036,-13.99168489480955,-13.99168489480955,0
adam,pretrained,1037,-13.991456658161253,-13.991456658161253,0
adam,pretrained,1038,-13.991157526137846,-13.991157526137846,0
adam,pretrained,1039,-13.99076893545588,-13.99076893545588,0
adam,pretrained,1040,-13.990271458607122,-13.990271458607122,0
adam,pretrained,1041,-13.98967555852422,-13.98967555852422,0
adam,pretrained,1042,-13.988964727537757,-13.988964727537757,0
adam,pretrained,1043,-13.988253371314665,-13.988253371314665,0
adam,pretrained,1044,-13.987551225070808,-13.987551225070808,0
adam,pretrained,1045,-13.98714099540011,-13.98714099540011,0
adam,pretrained,1046,-13.986997501297086,-13.986997501297086,0
adam,pretrained,1047,-13.987329570948432,-13.987329570948432,0
adam,pretrained,1048,-13.98782599855344,-13.98782599855344,0
adam,pretrained,1049,-13.98820320504384,-13.98820320504384,0
adam,pretrained,1050,-13.98797828555251,-13.98797828555251,0
adam,pretrained,1051,-13.986743214732304,-13.986743214732304,0
adam,pretrained,1052,-13.984510553131262,-13.984510553131262,0
adam,pretrained,1053,-13.981211007579024,-13.981211007579024,0
adam,pretrained,1054,-13.977885731641205,-13.977885731641205,0
adam,pretrained,1055,-13.974485839214465,-13.974485839214465,0
adam,pretrained,1056,-13.973632968443004,-13.973632968443004,0
adam,pretrained,1057,-13.974342269018571,-13.974342269018571,0
adam,pretrained,1058,-13.978048775729242,-13.978048775729242,0
adam,pretrained,1059,-13.981621911218,-13.981621911218,0
adam,pretrained,1060,-13.983205075417551,-13.983205075417551,0
adam,pretrained,1061,-13.982443019003794,-13.982443019003794,0
adam,pretrained,1062,-13.98080930279032,-13.98080930279032,0
adam,pretrained,1063,-13.980513688638204,-13.980513688638204,0
adam,pretrained,1064,-13.982758473570259,-13.982758473570259,0
adam,pretrained,1065,-13.986455214244081,-13.986455214244081,0
adam,pretrained,1066,-13.989842884772026,-13.989842884772026,0
adam,pretrained,1067,-13.990923935626494,-13.990923935626494,0
adam,pretrained,1068,-13.989704310775831,-13.989704310775831,0
adam,pretrained,1069,-13.98779868523047,-13.98779868523047,0
adam,pretrained,1070,-13.986950283561903,-13.986950283561903,0
adam,pretrained,1071,-13.988028142542284,-13.988028142542284,0
adam,pretrained,1072,-13.98989824083532,-13.98989824083532,0
adam,pretrained,1073,-13.991232985230162,-13.991232985230162,0
adam,pretrained,1074,-13.991252202692925,-13.991252202692925,0
adam,pretrained,1075,-13.990444433376183,-13.990444433376183,0
adam,pretrained,1076,-13.989875760000057,-13.989875760000057,0
adam,pretrained,1077,-13.990083870427963,-13.990083870427963,0
adam,pretrained,1078,-13.990854995813324,-13.990854995813324,0
adam,pretrained,1079,-13.991406605290907,-13.991406605290907,0
adam,pretrained,1080,-13.991443238751888,-13.991443238751888,0
adam,pretrained,1081,-13.991202662240626,-13.991202662240626,0
adam,pretrained,1082,-13.99115355596708,-13.99115355596708,0
adam,pretrained,1083,-13.991397521820538,-13.991397521820538,0
adam,pretrained,1084,-13.991707247903777,-13.991707247903777,0
adam,pretrained,1085,-13.991811079847958,-13.991811079847958,0
adam,pretrained,1086,-13.991710438398673,-13.991710438398673,0
adam,pretrained,1087,-13.991612296580433,-13.991612296580433,0
adam,pretrained,1088,-13.991681049708284,-13.991681049708284,0
adam,pretrained,1089,-13.991873493785553,-13.991873493785553,0
adam,pretrained,1090,-13.992038621176489,-13.992038621176489,0
adam,pretrained,1091,-13.992059169167085,-13.992059169167085,0
adam,pretrained,1092,-13.992010255239393,-13.992010255239393,0
adam,pretrained,1093,-13.991970373071826,-13.991970373071826,0
adam,pretrained,1094,-13.992022445493092,-13.992022445493092,0
adam,pretrained,1095,-13.99209907191442,-13.99209907191442,0
adam,pretrained,1096,-13.992139591231021,-13.992139591231021,0
adam,pretrained,1097,-13.992113846275684,-13.992113846275684,0
adam,pretrained,1098,-13.99206309405966,-13.99206309405966,0
adam,pretrained,1099,-13.992035554564254,-13.992035554564254,0
adam,pretrained,1100,-13.992052287826523,-13.992052287826523,0
adam,pretrained,1101,-13.992080492555994,-13.992080492555994,0
adam,pretrained,1102,-13.992079158405229,-13.992079158405229,0
adam,pretrained,1103,-13.992016969530827,-13.992016969530827,0
adam,pretrained,1104,-13.991925495045043,-13.991925495045043,0
adam,pretrained,1105,-13.99180225869866,-13.99180225869866,0
adam,pretrained,1106,-13.991704898231719,-13.991704898231719,0
adam,pretrained,1107,-13.991580642564706,-13.991580642564706,0
adam,pretrained,1108,-13.991465084159397,-13.991465084159397,0
adam,pretrained,1109,-13.991290839616754,-13.991290839616754,0
adam,pretrained,1110,-13.991131707493311,-13.991131707493311,0
adam,pretrained,1111,-13.99094362949733,-13.99094362949733,0
adam,pretrained,1112,-13.990827096397124,-13.990827096397124,0
adam,pretrained,1113,-13.990716066094885,-13.990716066094885,0
adam,pretrained,1114,-13.990703991970822,-13.990703991970822,0
adam,pretrained,1115,-13.990697158803345,-13.990697158803345,0
adam,pretrained,1116,-13.990788256266358,-13.990788256266358,0
adam,pretrained,1117,-13.990876785243966,-13.990876785243966,0
adam,pretrained,1118,-13.991025286216965,-13.991025286216965,0
adam,pretrained,1119,-13.991153483733388,-13.991153483733388,0
adam,pretrained,1120,-13.9912794599193,-13.9912794599193,0
adam,pretrained,1121,-13.991373281310421,-13.991373281310421,0
adam,pretrained,1122,-13.991434101233489,-13.991434101233489,0
adam,pretrained,1123,-13.99146934927008,-13.99146934927008,0
adam,pretrained,1124,-13.991482593623147,-13.991482593623147,0
adam,pretrained,1125,-13.991507368307987,-13.991507368307987,0
adam,pretrained,1126,-13.991553643370562,-13.991553643370562,0
adam,pretrained,1127,-13.991657172548091,-13.991657172548091,0
adam,pretrained,1128,-13.991796460094628,-13.991796460094628,0
adam,pretrained,1129,-13.991969033869871,-13.991969033869871,0
adam,pretrained,1130,-13.992133611668036,-13.992133611668036,0
adam,pretrained,1131,-13.992275208400404,-13.992275208400404,0
adam,pretrained,1132,-13.99237820396883,-13.99237820396883,0
adam,pretrained,1133,-13.992442763570065,-13.992442763570065,0
adam,pretrained,1134,-13.992472257137148,-13.992472257137148,0
adam,pretrained,1135,-13.992469546203855,-13.992469546203855,0
adam,pretrained,1136,-13.992442049202458,-13.992442049202458,0
adam,pretrained,1137,-13.99239341791576,-13.99239341791576,0
adam,pretrained,1138,-13.992334681290593,-13.992334681290593,0
adam,pretrained,1139,-13.992268935544013,-13.992268935544013,0
adam,pretrained,1140,-13.992203690151905,-13.992203690151905,0
adam,pretrained,1141,-13.992134845246873,-13.992134845246873,0
adam,pretrained,1142,-13.992061909379132,-13.992061909379132,0
adam,pretrained,1143,-13.991971265288251,-13.991971265288251,0
adam,pretrained,1144,-13.991851611846165,-13.991851611846165,0
adam,pretrained,1145,-13.991672809377127,-13.991672809377127,0
adam,pretrained,1146,-13.991406355863203,-13.991406355863203,0
adam,pretrained,1147,-13.990985865978791,-13.990985865978791,0
adam,pretrained,1148,-13.990362734506178,-13.990362734506178,0
adam,pretrained,1149,-13.98938937753716,-13.98938937753716,0
